id,pl_a,ql_a,pl_b,ql_b,pl_c,ql_c,name,bus_type,v_a,v_b,v_c,v_ln_base,s_base,v_min,v_max,cvr_p,cvr_q,phases,has_gen,has_load,has_cap,latitude,longitude
1,0.0,0.0,0.0,0.0,0.0,0.0,sourcebus,SWING,1.05,1.05,1.05,66395.28095680696,1000000.0,0.95,1.05,0,0,abc,False,False,False,46.6965308,-119.0696656
2,0.0,0.0,0.0,0.0,0.0,0.0,hvmv115_hsb1,PQ,1.0,1.0,1.0,66395.28095680696,1000000.0,0.95,1.05,0,0,abc,False,False,False,46.6960952,-119.0701878
3,0.0,0.0,0.0,0.0,0.0,0.0,hvmv115_hsb2,PQ,1.0,1.0,1.0,66395.28095680696,1000000.0,0.95,1.05,0,0,abc,False,False,False,46.6956596,-119.07071
4,0.0,0.0,0.0,0.0,0.0,0.0,regxfmr_hvmv69sub1_lsb1,PQ,1.0,1.0,1.0,39837.16857408418,1000000.0,0.95,1.05,0,0,abc,False,False,False,46.695224,-119.0712322
5,0.0,0.0,0.0,0.0,0.0,0.0,hvmv69sub1_lsb2,PQ,1.0,1.0,1.0,39837.16857408418,1000000.0,0.95,1.05,0,0,abc,False,False,False,46.69478842,-119.0717544
6,0.0,0.0,0.0,0.0,0.0,0.0,hvmv69s1s2_1,PQ,1.0,1.0,1.0,39837.16857408418,1000000.0,0.95,1.05,0,0,abc,False,False,False,46.69391722,-119.07071
7,0.0,0.0,0.0,0.0,0.0,0.0,hvmv69s1s2_2,PQ,1.0,1.0,1.0,39837.16857408418,1000000.0,0.95,1.05,0,0,abc,False,False,False,46.6804138,-119.0691435
8,0.0,0.0,0.0,0.0,0.0,0.0,hvmv69s1s2_3,PQ,1.0,1.0,1.0,39837.16857408418,1000000.0,0.95,1.05,0,0,abc,False,False,False,46.6717019,-119.0696656
9,0.0,0.0,0.0,0.0,0.0,0.0,hvmv69s1s2_4,PQ,1.0,1.0,1.0,39837.16857408418,1000000.0,0.95,1.05,0,0,abc,False,False,False,46.66734596,-119.0811537
10,0.0,0.0,0.0,0.0,0.0,0.0,hvmv69s1s2_5,PQ,1.0,1.0,1.0,39837.16857408418,1000000.0,0.95,1.05,0,0,abc,False,False,False,46.66734596,-119.1072628
11,0.0,0.0,0.0,0.0,0.0,0.0,hvmv69s1s2_6,PQ,1.0,1.0,1.0,39837.16857408418,1000000.0,0.95,1.05,0,0,abc,False,False,False,46.65427812,-119.1333719
12,0.0,0.0,0.0,0.0,0.0,0.0,hvmv69s1s2_7,PQ,1.0,1.0,1.0,39837.16857408418,1000000.0,0.95,1.05,0,0,abc,False,False,False,46.64338826,-119.1594811
13,0.0,0.0,0.0,0.0,0.0,0.0,hvmv69s1s2_8,PQ,1.0,1.0,1.0,39837.16857408418,1000000.0,0.95,1.05,0,0,abc,False,False,False,46.63685434,-119.1751466
14,0.0,0.0,0.0,0.0,0.0,0.0,hvmv69s1s2_9,PQ,1.0,1.0,1.0,39837.16857408418,1000000.0,0.95,1.05,0,0,abc,False,False,False,46.62901364,-119.190812
15,0.0,0.0,0.0,0.0,0.0,0.0,hvmv69s1s2_10,PQ,1.0,1.0,1.0,39837.16857408418,1000000.0,0.95,1.05,0,0,abc,False,False,False,46.62073734,-119.2033444
16,0.0,0.0,0.0,0.0,0.0,0.0,hvmv69sub2_lnb,PQ,1.0,1.0,1.0,39837.16857408418,1000000.0,0.95,1.05,0,0,abc,False,False,False,46.62073734,-119.2047543
17,0.0,0.0,0.0,0.0,0.0,0.0,hvmv69sub2_hsb,PQ,1.0,1.0,1.0,39837.16857408418,1000000.0,0.95,1.05,0,0,abc,False,False,False,46.62160852,-119.2047543
18,0.0,0.0,0.0,0.0,0.0,0.0,regxfmr_hvmv11sub2_lsb,PQ,1.0,1.0,1.0,7199.557856794634,1000000.0,0.95,1.05,0,0,abc,False,False,False,46.62247972,-119.2047543
19,0.0,0.0,0.0,0.0,0.0,0.0,hvmv11sub2_lsb,PQ,1.0,1.0,1.0,7199.557856794634,1000000.0,0.95,1.05,0,0,abc,False,False,False,46.6233509,-119.2047543
20,0.0,0.0,0.0,0.0,0.0,0.0,m1047300,PQ,1.0,1.0,1.0,7199.557856794634,1000000.0,0.95,1.05,0,0,abc,False,False,False,46.6247246,-119.2047392
21,0.0083202085670348,0.0020859088399304,0.0,0.0,0.0,0.0,l3027116,PQ,1.0,1.0,1.0,7199.557856794634,1000000.0,0.95,1.05,0,0,abc,False,True,False,46.6254012,-119.203882
22,0.0,0.0,0.0,0.0,0.0,0.0,m1047303,PQ,1.0,1.0,1.0,7199.557856794634,1000000.0,0.95,1.05,0,0,abc,False,False,False,46.62612896,-119.203005
23,0.0,0.0,0.0,0.0,0.0101702656583238,0.0025496490407564,l3048230,PQ,1.0,1.0,1.0,7199.557856794634,1000000.0,0.95,1.05,0,0,c,False,True,False,46.62963488,-119.2053859
24,0.0,0.0,0.0,0.0,0.0101702657125826,0.0025496491216075,l2991943,PQ,1.0,1.0,1.0,7199.557856794634,1000000.0,0.95,1.05,0,0,c,False,True,False,46.63051682,-119.2059196
25,0.0,0.0,0.0,0.0,0.0,0.0,m1047319,PQ,1.0,1.0,1.0,7199.557856794634,1000000.0,0.95,1.05,0,0,c,False,False,False,46.63102412,-119.2070996
26,0.0,0.0,0.0,0.0,0.0101702657658724,0.002549649201015,l2991921,PQ,1.0,1.0,1.0,7199.557856794634,1000000.0,0.95,1.05,0,0,c,False,True,False,46.63145108,-119.2067473
27,0.0,0.0,0.0,0.0,0.0,0.0,m1047318,PQ,1.0,1.0,1.0,7199.557856794634,1000000.0,0.95,1.05,0,0,c,False,False,False,46.6309951,-119.2083681
28,0.0,0.0,0.0,0.0,0.0131703442169847,0.0033017581904832,l2841637,PQ,1.0,1.0,1.0,7199.557856794634,1000000.0,0.95,1.05,0,0,c,False,True,False,46.63097556,-119.2096227
29,0.0,0.0,0.0,0.0,0.0101702658608515,0.0025496493425423,l3254205,PQ,1.0,1.0,1.0,7199.557856794634,1000000.0,0.95,1.05,0,0,c,False,True,False,46.63623214,-119.2093417
30,0.0,0.0,0.0097302559926063,0.002439373456987,0.0,0.0,l3254238,PQ,1.0,1.0,1.0,7199.557856794634,1000000.0,0.95,1.05,0,0,abc,False,True,False,46.62712412,-119.2017922
31,0.0,0.0,0.0,0.0,0.010170272593033,0.0025496599777087,l2673346,PQ,1.0,1.0,1.0,7199.557856794634,1000000.0,0.95,1.05,0,0,abc,False,True,False,46.628414,-119.2002089
32,0.0,0.0,0.0,0.0,0.0,0.0,e182748,PQ,1.0,1.0,1.0,7199.557856794634,1000000.0,0.95,1.05,0,0,abc,False,False,False,46.62905798,-119.1994313
33,0.0,0.0,0.0,0.0,0.0,0.0,d6049825-1_int,PQ,1.0,1.0,1.0,7199.557856794634,1000000.0,0.95,1.05,0,0,abc,False,False,False,46.62907898,-119.1994019
34,0.0,0.0,0.0,0.0,0.0,0.0,m1047309,PQ,1.0,1.0,1.0,7199.557856794634,1000000.0,0.95,1.05,0,0,abc,False,False,False,46.62910402,-119.1993757
35,0.0,0.0,0.0,0.0,0.0,0.0,n1137960,PQ,1.0,1.0,1.0,7199.557856794634,1000000.0,0.95,1.05,0,0,abc,False,False,False,46.62934464,-119.1990556
36,0.0,0.0,0.0,0.0,0.0,0.0,m1047312,PQ,1.0,1.0,1.0,7199.557856794634,1000000.0,0.95,1.05,0,0,abc,False,False,False,46.62948978,-119.1988625
37,0.0,0.0,0.0,0.0,0.0,0.0,p893163,PQ,1.0,1.0,1.0,7199.557856794634,1000000.0,0.95,1.05,0,0,a,False,False,False,46.62953464,-119.1989089
38,0.0,0.0,0.0,0.0,0.0,0.0,m1047314,PQ,1.0,1.0,1.0,7199.557856794634,1000000.0,0.95,1.05,0,0,a,False,False,False,46.62957716,-119.1989528
39,0.0,0.0,0.0,0.0,0.0,0.0,n1137961,PQ,1.0,1.0,1.0,7199.557856794634,1000000.0,0.95,1.05,0,0,a,False,False,False,46.62978598,-119.1991693
40,0.0088702285837673,0.0022238165923021,0.0,0.0,0.0,0.0,l3104133,PQ,1.0,1.0,1.0,7199.557856794634,1000000.0,0.95,1.05,0,0,a,False,True,False,46.63111708,-119.2005499
41,0.0,0.0,0.0,0.0,0.0,0.0,m1047323,PQ,1.0,1.0,1.0,7199.557856794634,1000000.0,0.95,1.05,0,0,a,False,False,False,46.63249838,-119.2019777
42,0.0133003430090305,0.0033344718899199,0.0,0.0,0.0,0.0,l3010569,PQ,1.0,1.0,1.0,7199.557856794634,1000000.0,0.95,1.05,0,0,a,False,True,False,46.6329325,-119.2024266
43,0.0,0.0,0.0,0.0,0.0,0.0,m1047335,PQ,1.0,1.0,1.0,7199.557856794634,1000000.0,0.95,1.05,0,0,a,False,False,False,46.6335317,-119.202975
44,0.0088702288230444,0.0022238171161111,0.0,0.0,0.0,0.0,l2954354,PQ,1.0,1.0,1.0,7199.557856794634,1000000.0,0.95,1.05,0,0,a,False,True,False,46.63407864,-119.2021969
45,0.0088702288331252,0.0022238171394268,0.0,0.0,0.0,0.0,l2673321,PQ,1.0,1.0,1.0,7199.557856794634,1000000.0,0.95,1.05,0,0,a,False,True,False,46.63489538,-119.2023372
46,0.0035500915888441,0.000890028289397,0.0,0.0,0.0,0.0,l2710519,PQ,1.0,1.0,1.0,7199.557856794634,1000000.0,0.95,1.05,0,0,a,False,True,False,46.63458572,-119.2037103
47,0.0,0.0,0.0,0.0,0.0,0.0,m1047344,PQ,1.0,1.0,1.0,7199.557856794634,1000000.0,0.95,1.05,0,0,a,False,False,False,46.63510098,-119.2042954
48,0.0088702288732308,0.0022238172321823,0.0,0.0,0.0,0.0,l3066819,PQ,1.0,1.0,1.0,7199.557856794634,1000000.0,0.95,1.05,0,0,a,False,True,False,46.63474502,-119.2051613
49,0.0065501690100109,0.001642164923201,0.0,0.0,0.0,0.0,l3029499,PQ,1.0,1.0,1.0,7199.557856794634,1000000.0,0.95,1.05,0,0,a,False,True,False,46.63581792,-119.2052569
50,0.0053201372708916,0.0013337889115731,0.0,0.0,0.0,0.0,l2897772,PQ,1.0,1.0,1.0,7199.557856794634,1000000.0,0.95,1.05,0,0,a,False,True,False,46.63610598,-119.2044641
51,0.0,0.0,0.0,0.0,0.0,0.0,l3101814,PQ,1.0,1.0,1.0,7199.557856794634,1000000.0,0.95,1.05,0,0,a,False,False,False,46.63687746,-119.2047466
52,0.0,0.0,0.0,0.0,0.0,0.0,m1047311,PQ,1.0,1.0,1.0,7199.557856794634,1000000.0,0.95,1.05,0,0,a,False,False,False,46.62943276,-119.1987828
53,0.0053201369967707,0.0013337883104246,0.0,0.0,0.0,0.0,l2748158,PQ,1.0,1.0,1.0,7199.557856794634,1000000.0,0.95,1.05,0,0,a,False,True,False,46.62933492,-119.198646
54,0.0065501696141393,0.0016421668256623,0.0068901864917935,0.0017273744410996,0.0040701116516145,0.0010203696183493,l3216370,PQ,1.0,1.0,1.0,7199.557856794634,1000000.0,0.95,1.05,0,0,abc,False,True,False,46.63046434,-119.1975889
55,0.0,0.0,0.0,0.0,0.0,0.0,m1047316,PQ,1.0,1.0,1.0,7199.557856794634,1000000.0,0.95,1.05,0,0,abc,False,False,False,46.63061544,-119.1974141
56,0.005320137885496,0.0013337908004844,0.0,0.0,0.0,0.0,l2785527,PQ,1.0,1.0,1.0,7199.557856794634,1000000.0,0.95,1.05,0,0,a,False,True,False,46.62985886,-119.1967207
57,0.008870229908254,0.0022238204053517,0.0,0.0,0.0,0.0,l2766729,PQ,1.0,1.0,1.0,7199.557856794634,1000000.0,0.95,1.05,0,0,a,False,True,False,46.62904448,-119.1959581
58,0.0,0.0,0.0,0.0,0.0,0.0,l2766728,PQ,1.0,1.0,1.0,7199.557856794634,1000000.0,0.95,1.05,0,0,c,False,False,False,46.63110702,-119.1973997
59,0.0,0.0,0.0049501347834955,0.0012410029708585,0.0,0.0,l3235255,PQ,1.0,1.0,1.0,7199.557856794634,1000000.0,0.95,1.05,0,0,abc,False,True,False,46.63112954,-119.1967897
60,0.0,0.0,0.0097302659777316,0.0024393869370559,0.0,0.0,l2897780,PQ,1.0,1.0,1.0,7199.557856794634,1000000.0,0.95,1.05,0,0,abc,False,True,False,46.6315772,-119.1962708
61,0.0,0.0,0.0,0.0,0.0,0.0,m1047324,PQ,1.0,1.0,1.0,7199.557856794634,1000000.0,0.95,1.05,0,0,abc,False,False,False,46.63249838,-119.1951319
62,0.0,0.0,0.0,0.0,0.0,0.0,m1047325,PQ,1.0,1.0,1.0,7199.557856794634,1000000.0,0.95,1.05,0,0,abc,False,False,False,46.63259122,-119.1950207
63,0.0,0.0,0.0,0.0,0.0,0.0,p827532,PQ,1.0,1.0,1.0,7199.557856794634,1000000.0,0.95,1.05,0,0,a,False,False,False,46.632712,-119.1950998
64,0.0,0.0,0.0,0.0,0.0,0.0,m1047326,PQ,1.0,1.0,1.0,7199.557856794634,1000000.0,0.95,1.05,0,0,a,False,False,False,46.63280348,-119.1951597
65,0.0,0.0,0.0,0.0,0.0,0.0,m1047338,PQ,1.0,1.0,1.0,7199.557856794634,1000000.0,0.95,1.05,0,0,a,False,False,False,46.63408678,-119.1960002
66,0.0083202178812231,0.0020859349410428,0.0,0.0,0.0,0.0,l2691953,PQ,1.0,1.0,1.0,7199.557856794634,1000000.0,0.95,1.05,0,0,a,False,True,False,46.63598484,-119.1972356
67,0.0,0.0,0.0,0.0,0.0,0.0,m1047322,PQ,1.0,1.0,1.0,7199.557856794634,1000000.0,0.95,1.05,0,0,a,False,False,False,46.6323526,-119.1950562
68,0.0088702322622991,0.0022238272237939,0.0,0.0,0.0,0.0,l3048211,PQ,1.0,1.0,1.0,7199.557856794634,1000000.0,0.95,1.05,0,0,a,False,True,False,46.6313002,-119.1948804
69,0.0,0.0,0.0,0.0,0.0,0.0,q14412,PQ,1.0,1.0,1.0,7199.557856794634,1000000.0,0.95,1.05,0,0,abc,False,False,False,46.63267262,-119.1948851
70,0.0,0.0,0.0,0.0,0.0,0.0,d5926308-3_int,PQ,1.0,1.0,1.0,7199.557856794634,1000000.0,0.95,1.05,0,0,abc,False,False,False,46.63315178,-119.1944673
71,0.006550172065141,0.0016421739458716,0.0145904049125737,0.0036578343672613,0.0,0.0,l2860491,PQ,1.0,1.0,1.0,7199.557856794634,1000000.0,0.95,1.05,0,0,abc,False,True,False,46.63330654,-119.1942248
72,0.0,0.0,0.0,0.0,0.0,0.0,m1047339,PQ,1.0,1.0,1.0,7199.557856794634,1000000.0,0.95,1.05,0,0,abc,False,False,False,46.6341519,-119.1932303
73,0.0053201407341563,0.0013337992600535,0.0,0.0,0.0,0.0,l2991922,PQ,1.0,1.0,1.0,7199.557856794634,1000000.0,0.95,1.05,0,0,abc,False,True,False,46.63481618,-119.1922837
74,0.0,0.0,0.0,0.0,0.0,0.0,m1047345,PQ,1.0,1.0,1.0,7199.557856794634,1000000.0,0.95,1.05,0,0,abc,False,False,False,46.63531398,-119.1915627
75,0.0,0.0,0.0,0.0,0.0,0.0,m1047340,PQ,1.0,1.0,1.0,7199.557856794634,1000000.0,0.95,1.05,0,0,a,False,False,False,46.63432014,-119.1906737
76,0.0,0.0,0.0,0.0,0.0,0.0,m1047342,PQ,1.0,1.0,1.0,7199.557856794634,1000000.0,0.95,1.05,0,0,a,False,False,False,46.6346944,-119.1890615
77,0.0088702352474684,0.0022238362956936,0.0,0.0,0.0,0.0,l3197645,PQ,1.0,1.0,1.0,7199.557856794634,1000000.0,0.95,1.05,0,0,a,False,True,False,46.63370054,-119.1886436
78,0.0118703147883474,0.0029759792796061,0.0,0.0,0.0,0.0,l2991923,PQ,1.0,1.0,1.0,7199.557856794634,1000000.0,0.95,1.05,0,0,a,False,True,False,46.63355444,-119.1900494
79,0.0,0.0,0.0,0.0,0.0,0.0,m1047346,PQ,1.0,1.0,1.0,7199.557856794634,1000000.0,0.95,1.05,0,0,abc,False,False,False,46.63570258,-119.1909888
80,0.0,0.0,0.0,0.0,0.0101702957782545,0.0025497010963375,l3104134,PQ,1.0,1.0,1.0,7199.557856794634,1000000.0,0.95,1.05,0,0,abc,False,True,False,46.63614532,-119.1903949
81,0.0118703167009888,0.0029759852138406,0.0,0.0,0.0,0.0,l2860490,PQ,1.0,1.0,1.0,7199.557856794634,1000000.0,0.95,1.05,0,0,abc,False,True,False,46.63682132,-119.1896728
82,0.0088702373402034,0.0022238427435355,0.0,0.0,0.0,0.0,l3254218,PQ,1.0,1.0,1.0,7199.557856794634,1000000.0,0.95,1.05,0,0,abc,False,True,False,46.6375779,-119.1888555
83,0.0,0.0,0.0,0.0,0.0,0.0,r18242,PQ,1.0,1.0,1.0,7199.557856794634,1000000.0,0.95,1.05,0,0,abc,False,False,False,46.63797664,-119.1884169
84,0.0,0.0,0.0,0.0,0.0,0.0,m1069135,PQ,1.0,1.0,1.0,7199.557856794634,1000000.0,0.95,1.05,0,0,abc,False,False,False,46.63872438,-119.1875949
85,0.0,0.0,0.0,0.0,0.0,0.0,m1069136,PQ,1.0,1.0,1.0,7199.557856794634,1000000.0,0.95,1.05,0,0,abc,False,False,False,46.6395403,-119.186757
86,0.0,0.0,0.0,0.0,0.0091002728298851,0.0022814588193621,l2841638,PQ,1.0,1.0,1.0,7199.557856794634,1000000.0,0.95,1.05,0,0,c,False,True,False,46.64010086,-119.187247
87,0.0,0.0,0.0,0.0,0.0091002728478857,0.0022814588604218,l2860492,PQ,1.0,1.0,1.0,7199.557856794634,1000000.0,0.95,1.05,0,0,c,False,True,False,46.6412677,-119.1879439
88,0.0053201432539962,0.0013338081732067,0.0,0.0,0.0,0.0,l3235256,PQ,1.0,1.0,1.0,7199.557856794634,1000000.0,0.95,1.05,0,0,abc,False,True,False,46.63993208,-119.1863872
89,0.0088702394251335,0.0022238531298134,0.0,0.0,0.0,0.0,l3197630,PQ,1.0,1.0,1.0,7199.557856794634,1000000.0,0.95,1.05,0,0,abc,False,True,False,46.6412267,-119.1850467
90,0.0,0.0,0.0,0.0,0.0,0.0,m1069154,PQ,1.0,1.0,1.0,7199.557856794634,1000000.0,0.95,1.05,0,0,abc,False,False,False,46.64313652,-119.18304
91,0.0,0.0,0.0058401750252726,0.0014641497799642,0.0,0.0,l3104120,PQ,1.0,1.0,1.0,7199.557856794634,1000000.0,0.95,1.05,0,0,b,False,True,False,46.64342898,-119.1840832
92,0.003550096146049,0.0008900448845202,0.0,0.0,0.0,0.0,l2804251,PQ,1.0,1.0,1.0,7199.557856794634,1000000.0,0.95,1.05,0,0,a,False,True,False,46.64304552,-119.1823763
93,0.0,0.0,0.0,0.0,0.0,0.0,m1069155,PQ,1.0,1.0,1.0,7199.557856794634,1000000.0,0.95,1.05,0,0,abc,False,False,False,46.64421632,-119.1819034
94,0.0,0.0,0.0,0.0,0.0,0.0,m1069156,PQ,1.0,1.0,1.0,7199.557856794634,1000000.0,0.95,1.05,0,0,abc,False,False,False,46.64552402,-119.1804516
95,0.0088702414718247,0.0022238672868803,0.0,0.0,0.0,0.0,l3048206,PQ,1.0,1.0,1.0,7199.557856794634,1000000.0,0.95,1.05,0,0,abc,False,True,False,46.6461295,-119.1797264
96,0.0,0.0,0.0,0.0,0.0152604922751349,0.003825887728275,l2766718,PQ,1.0,1.0,1.0,7199.557856794634,1000000.0,0.95,1.05,0,0,abc,False,True,False,46.64703696,-119.1785906
97,0.005320145384409,0.001333822428054,0.0,0.0,0.0,0.0,l3010556,PQ,1.0,1.0,1.0,7199.557856794634,1000000.0,0.95,1.05,0,0,abc,False,True,False,46.6480445,-119.1772301
98,0.0,0.0,0.0,0.0,0.0,0.0,m1069169,PQ,1.0,1.0,1.0,7199.557856794634,1000000.0,0.95,1.05,0,0,abc,False,False,False,46.64871544,-119.1762644
99,0.0,0.0,0.0,0.0,0.0,0.0,e182724,PQ,1.0,1.0,1.0,7199.557856794634,1000000.0,0.95,1.05,0,0,abc,False,False,False,46.64948422,-119.1749648
100,0.0,0.0,0.0,0.0,0.0,0.0,d6413567-3_int,PQ,1.0,1.0,1.0,7199.557856794634,1000000.0,0.95,1.05,0,0,abc,False,False,False,46.64953014,-119.1748333
101,0.0,0.0,0.0,0.0,0.0,0.0,n1139541,PQ,1.0,1.0,1.0,7199.557856794634,1000000.0,0.95,1.05,0,0,abc,False,False,False,46.649595,-119.1747455
102,0.0,0.0,0.0,0.0,0.0,0.0,m1069175,PQ,1.0,1.0,1.0,7199.557856794634,1000000.0,0.95,1.05,0,0,abc,False,False,False,46.6499176,-119.1741067
103,0.0,0.0,0.0,0.0,0.007070234808659,0.0017725568081591,l3197637,PQ,1.0,1.0,1.0,7199.557856794634,1000000.0,0.95,1.05,0,0,c,False,True,False,46.65085278,-119.1747859
104,0.0,0.0,0.0,0.0,0.0,0.0,m1069184,PQ,1.0,1.0,1.0,7199.557856794634,1000000.0,0.95,1.05,0,0,abc,False,False,False,46.65041418,-119.1731885
105,0.0,0.0,0.0,0.0,0.0,0.0,m1069189,PQ,1.0,1.0,1.0,7199.557856794634,1000000.0,0.95,1.05,0,0,abc,False,False,False,46.65061498,-119.1728172
106,0.0,0.0,0.0,0.0,0.0,0.0,l3195356,PQ,1.0,1.0,1.0,7199.557856794634,1000000.0,0.95,1.05,0,0,abc,False,False,False,46.65115006,-119.1717579
107,0.0,0.0,0.0,0.0,0.0,0.0,m1089112,PQ,1.0,1.0,1.0,7199.557856794634,1000000.0,0.95,1.05,0,0,abc,False,False,False,46.65149384,-119.1712257
108,0.0,0.0,0.0,0.0,0.0,0.0,d6138609-1_int,PQ,1.0,1.0,1.0,7199.557856794634,1000000.0,0.95,1.05,0,0,abc,False,False,False,46.65231794,-119.1712302
109,0.0,0.0,0.0,0.0,0.0101703435854662,0.0025497863127068,l2691951,PQ,1.0,1.0,1.0,7199.557856794634,1000000.0,0.95,1.05,0,0,abc,False,True,False,46.65242332,-119.1712348
110,0.0,0.0,0.0,0.0,0.0,0.0,n1139542,PQ,1.0,1.0,1.0,7199.557856794634,1000000.0,0.95,1.05,0,0,abc,False,False,False,46.65275372,-119.1712343
111,0.0,0.0,0.0,0.0,0.0,0.0,p827523,PQ,1.0,1.0,1.0,7199.557856794634,1000000.0,0.95,1.05,0,0,abc,False,False,False,46.65306158,-119.1712488
112,0.0,0.0,0.0,0.0,0.004070137723633,0.0010204164601962,l2879076,PQ,1.0,1.0,1.0,7199.557856794634,1000000.0,0.95,1.05,0,0,abc,False,True,False,46.653563,-119.1713209
113,0.0,0.0,0.0,0.0,0.0,0.0,m1089122,PQ,1.0,1.0,1.0,7199.557856794634,1000000.0,0.95,1.05,0,0,abc,False,False,False,46.65390948,-119.1713227
114,0.0,0.0,0.0,0.0,0.0,0.0,m1089132,PQ,1.0,1.0,1.0,7199.557856794634,1000000.0,0.95,1.05,0,0,abc,False,False,False,46.65499672,-119.1713283
115,0.0,0.0,0.0,0.0,0.0061002068840463,0.001529372214905,l3029503,PQ,1.0,1.0,1.0,7199.557856794634,1000000.0,0.95,1.05,0,0,abc,False,True,False,46.65559274,-119.1716997
116,0.0,0.0,0.0,0.0,0.0,0.0,m1069202,PQ,1.0,1.0,1.0,7199.557856794634,1000000.0,0.95,1.05,0,0,abc,False,False,False,46.65641884,-119.1721301
117,0.0,0.0,0.0,0.0,0.0091003092086005,0.0022815239742333,l2879073,PQ,1.0,1.0,1.0,7199.557856794634,1000000.0,0.95,1.05,0,0,abc,False,True,False,46.6579974,-119.1729997
118,0.0,0.0,0.0,0.0,0.0,0.0,m1069205,PQ,1.0,1.0,1.0,7199.557856794634,1000000.0,0.95,1.05,0,0,abc,False,False,False,46.65881262,-119.1734384
119,0.0,0.0,0.0,0.0,0.0,0.0,m1069208,PQ,1.0,1.0,1.0,7199.557856794634,1000000.0,0.95,1.05,0,0,abc,False,False,False,46.65928588,-119.1736931
120,0.0,0.0,0.0,0.0,0.0061002074422754,0.0015293736651021,l3010567,PQ,1.0,1.0,1.0,7199.557856794634,1000000.0,0.95,1.05,0,0,c,False,True,False,46.66022756,-119.172167
121,0.0,0.0,0.0,0.0,0.0,0.0,m1069213,PQ,1.0,1.0,1.0,7199.557856794634,1000000.0,0.95,1.05,0,0,abc,False,False,False,46.66055168,-119.1755755
122,0.0,0.0,0.0,0.0,0.0,0.0,m1069217,PQ,1.0,1.0,1.0,7199.557856794634,1000000.0,0.95,1.05,0,0,abc,False,False,False,46.66139892,-119.1768812
123,0.0,0.0,0.0,0.0,0.0040701385792124,0.0010204187572425,l2841626,PQ,1.0,1.0,1.0,7199.557856794634,1000000.0,0.95,1.05,0,0,abc,False,True,False,46.66143454,-119.1769363
124,0.0,0.0,0.0,0.0,0.0131704486846749,0.0033019454967169,l3235266,PQ,1.0,1.0,1.0,7199.557856794634,1000000.0,0.95,1.05,0,0,abc,False,True,False,46.66217876,-119.1782677
125,0.0,0.0,0.0,0.0,0.0,0.0,l2801950,PQ,1.0,1.0,1.0,7199.557856794634,1000000.0,0.95,1.05,0,0,abc,False,False,False,46.66298592,-119.179224
126,0.0,0.0,0.0,0.0,0.0,0.0,m1069224,PQ,1.0,1.0,1.0,7199.557856794634,1000000.0,0.95,1.05,0,0,abc,False,False,False,46.66327218,-119.1796711
127,0.0,0.0,0.0,0.0,0.0,0.0,m1069226,PQ,1.0,1.0,1.0,7199.557856794634,1000000.0,0.95,1.05,0,0,c,False,False,False,46.66483814,-119.178707
128,0.0,0.0,0.0,0.0,0.0,0.0,m1069227,PQ,1.0,1.0,1.0,7199.557856794634,1000000.0,0.95,1.05,0,0,c,False,False,False,46.66496918,-119.1786208
129,0.0,0.0,0.0,0.0,0.006100208035564,0.0015293754900317,l2748133,PQ,1.0,1.0,1.0,7199.557856794634,1000000.0,0.95,1.05,0,0,c,False,True,False,46.6662115,-119.1777778
130,0.0,0.0,0.0,0.0,0.0061002080439612,0.0015293755089743,l3085399,PQ,1.0,1.0,1.0,7199.557856794634,1000000.0,0.95,1.05,0,0,c,False,True,False,46.66726738,-119.1770471
131,0.0,0.0,0.0,0.0,0.0,0.0,d5712486-1_int,PQ,1.0,1.0,1.0,7199.557856794634,1000000.0,0.95,1.05,0,0,c,False,False,False,46.66479772,-119.1786452
132,0.0,0.0,0.0,0.0,0.0,0.0,e206210,PQ,1.0,1.0,1.0,7199.557856794634,1000000.0,0.95,1.05,0,0,c,False,False,False,46.66477212,-119.1785882
133,0.0,0.0,0.0,0.0,0.0,0.0,m1069225,PQ,1.0,1.0,1.0,7199.557856794634,1000000.0,0.95,1.05,0,0,c,False,False,False,46.66473566,-119.1785225
134,0.0,0.0,0.0,0.0,0.0,0.0,n1139544,PQ,1.0,1.0,1.0,7199.557856794634,1000000.0,0.95,1.05,0,0,c,False,False,False,46.66463886,-119.1783483
135,0.0,0.0,0.0,0.0,0.0101703468319746,0.002549794844519,l2897776,PQ,1.0,1.0,1.0,7199.557856794634,1000000.0,0.95,1.05,0,0,c,False,True,False,46.66442808,-119.177969
136,0.0,0.0,0.0,0.0,0.0091003103731288,0.0022815274154812,l3254215,PQ,1.0,1.0,1.0,7199.557856794634,1000000.0,0.95,1.05,0,0,c,False,True,False,46.66392488,-119.1756279
137,0.0,0.0,0.0,0.0,0.0152605204235985,0.0038259458494342,l3122819,PQ,1.0,1.0,1.0,7199.557856794634,1000000.0,0.95,1.05,0,0,c,False,True,False,46.66552098,-119.1788807
138,0.0,0.0,0.0,0.0,0.0,0.0,m1069230,PQ,1.0,1.0,1.0,7199.557856794634,1000000.0,0.95,1.05,0,0,abc,False,False,False,46.66603918,-119.1803684
139,0.0,0.0,0.0,0.0,0.0,0.0,m1069300,PQ,1.0,1.0,1.0,7199.557856794634,1000000.0,0.95,1.05,0,0,abc,False,False,False,46.66691036,-119.1803684
140,0.0,0.0,0.0,0.0,0.0,0.0,m1069310,PQ,1.0,1.0,1.0,7199.557856794634,1000000.0,0.95,1.05,0,0,abc,False,False,False,46.66952392,-119.179324
141,0.0,0.0,0.0,0.0,0.0,0.0,m1069311,PQ,1.0,1.0,1.0,7199.557856794634,1000000.0,0.95,1.05,0,0,abc,False,False,False,46.6713398,-119.1782192
142,0.0,0.0,0.0,0.0,0.0,0.0,m1069312,PQ,1.0,1.0,1.0,7199.557856794634,1000000.0,0.95,1.05,0,0,a,False,False,False,46.67135068,-119.1786725
143,0.0,0.0,0.0,0.0,0.0,0.0,p873801,PQ,1.0,1.0,1.0,7199.557856794634,1000000.0,0.95,1.05,0,0,a,False,False,False,46.67138418,-119.1785587
144,0.0,0.0,0.0,0.0,0.0,0.0,n1138608,PQ,1.0,1.0,1.0,7199.557856794634,1000000.0,0.95,1.05,0,0,a,False,False,False,46.6714612,-119.1784801
145,0.0305209052325752,0.0076520249257572,0.0,0.0,0.0,0.0,l3232301,PQ,1.0,1.0,1.0,7199.557856794634,1000000.0,0.95,1.05,0,0,a,False,True,False,46.6725967,-119.1784459
146,0.0,0.0,0.0,0.0,0.0,0.0,m1069328,PQ,1.0,1.0,1.0,7199.557856794634,1000000.0,0.95,1.05,0,0,a,False,False,False,46.672806,-119.1784768
147,0.0305209073043354,0.0076520279811915,0.0,0.0,0.0,0.0,l2763811,PQ,1.0,1.0,1.0,7199.557856794634,1000000.0,0.95,1.05,0,0,a,False,True,False,46.67312478,-119.1810249
148,0.0305209081168088,0.0076520291794667,0.0,0.0,0.0,0.0,l2763812,PQ,1.0,1.0,1.0,7199.557856794634,1000000.0,0.95,1.05,0,0,a,False,True,False,46.67344292,-119.1826458
149,0.030520909245715,0.0076520308444353,0.0,0.0,0.0,0.0,l2951995,PQ,1.0,1.0,1.0,7199.557856794634,1000000.0,0.95,1.05,0,0,a,False,True,False,46.67511758,-119.1838396
150,0.0335209993074492,0.0084041974049697,0.0,0.0,0.0,0.0,l3101194,PQ,1.0,1.0,1.0,7199.557856794634,1000000.0,0.95,1.05,0,0,a,False,True,False,46.67307506,-119.1843718
151,0.0305209103100754,0.0076520324142352,0.0,0.0,0.0,0.0,l2862616,PQ,1.0,1.0,1.0,7199.557856794634,1000000.0,0.95,1.05,0,0,a,False,True,False,46.6702289,-119.1841694
152,0.0,0.0,0.0,0.0,0.0,0.0,p873800,PQ,1.0,1.0,1.0,7199.557856794634,1000000.0,0.95,1.05,0,0,a,False,False,False,46.6712725,-119.1785888
153,0.0,0.0,0.0,0.0,0.0,0.0,221-306686,PQ,1.0,1.0,1.0,7199.557856794634,1000000.0,0.95,1.05,0,0,a,False,False,False,46.67125124,-119.1785108
154,0.0152604520496903,0.0038260116272917,0.0,0.0,0.0,0.0,l2970258,PQ,1.0,1.0,1.0,7199.557856794634,1000000.0,0.95,1.05,0,0,a,False,True,False,46.6708423,-119.1785272
155,0.0088702626648508,0.0022239004307131,0.0,0.0,0.0,0.0,l3159448,PQ,1.0,1.0,1.0,7199.557856794634,1000000.0,0.95,1.05,0,0,abc,False,True,False,46.67137516,-119.1782233
156,0.0,0.0,0.0,0.0,0.0,0.0,n1138607,PQ,1.0,1.0,1.0,7199.557856794634,1000000.0,0.95,1.05,0,0,abc,False,False,False,46.67229,-119.1783296
157,0.0,0.0,0.0,0.0,0.0,0.0,m4113347,PQ,1.0,1.0,1.0,7199.557856794634,1000000.0,0.95,1.05,0,0,abc,False,False,False,46.6726203,-119.1783679
158,0.0,0.0,0.0,0.0,0.0,0.0,n1144668,PQ,1.0,1.0,1.0,7199.557856794634,1000000.0,0.95,1.05,0,0,abc,False,False,False,46.67304148,-119.1784169
159,0.0,0.0,0.0,0.0,0.0,0.0,m1069350,PQ,1.0,1.0,1.0,7199.557856794634,1000000.0,0.95,1.05,0,0,abc,False,False,False,46.67342198,-119.1784611
160,0.0088702638242026,0.0022239002362947,0.0,0.0,0.0,0.0,l3143999,PQ,1.0,1.0,1.0,7199.557856794634,1000000.0,0.95,1.05,0,0,abc,False,True,False,46.673462,-119.1784769
161,0.0,0.0,0.0,0.0,0.0,0.0,n1138604,PQ,1.0,1.0,1.0,7199.557856794634,1000000.0,0.95,1.05,0,0,abc,False,False,False,46.67449602,-119.1789819
162,0.0,0.0,0.0,0.0,0.0101703442771182,0.002549797691699,l3125349,PQ,1.0,1.0,1.0,7199.557856794634,1000000.0,0.95,1.05,0,0,abc,False,True,False,46.67529412,-119.1793716
163,0.0,0.0,0.0,0.0,0.0,0.0,n1138603,PQ,1.0,1.0,1.0,7199.557856794634,1000000.0,0.95,1.05,0,0,abc,False,False,False,46.67553444,-119.1796167
164,0.0,0.0,0.0,0.0,0.0091003073962635,0.0022815303931463,l3181545,PQ,1.0,1.0,1.0,7199.557856794634,1000000.0,0.95,1.05,0,0,abc,False,True,False,46.6763893,-119.1804888
165,0.0,0.0,0.0,0.0,0.0,0.0,n1138599,PQ,1.0,1.0,1.0,7199.557856794634,1000000.0,0.95,1.05,0,0,abc,False,False,False,46.67682932,-119.1814342
166,0.0,0.0,0.0,0.0,0.0,0.0,m1069376,PQ,1.0,1.0,1.0,7199.557856794634,1000000.0,0.95,1.05,0,0,abc,False,False,False,46.67698248,-119.1817633
167,0.0,0.0,0.0,0.0,0.0,0.0,p827563,PQ,1.0,1.0,1.0,7199.557856794634,1000000.0,0.95,1.05,0,0,abc,False,False,False,46.67702884,-119.1819186
168,0.0,0.0,0.0,0.0,0.0,0.0,n1138595,PQ,1.0,1.0,1.0,7199.557856794634,1000000.0,0.95,1.05,0,0,abc,False,False,False,46.67706116,-119.182027
169,0.0,0.0,0.0,0.0,0.0,0.0,m3036167,PQ,1.0,1.0,1.0,7199.557856794634,1000000.0,0.95,1.05,0,0,abc,False,False,False,46.67771506,-119.1838847
170,0.0,0.0,0.0194506675535886,0.004876452158922,0.0,0.0,l3085391,PQ,1.0,1.0,1.0,7199.557856794634,1000000.0,0.95,1.05,0,0,abc,False,True,False,46.6785778,-119.1831714
171,0.0,0.0,0.005840200432668,0.0014641892337759,0.0,0.0,l2973156,PQ,1.0,1.0,1.0,7199.557856794634,1000000.0,0.95,1.05,0,0,abc,False,True,False,46.67773502,-119.1839325
172,0.0,0.0,0.0,0.0,0.0,0.0,d6017295-1_int,PQ,1.0,1.0,1.0,7199.557856794634,1000000.0,0.95,1.05,0,0,abc,False,False,False,46.67823582,-119.185068
173,0.0,0.0,0.0,0.0,0.0,0.0,m1069393,PQ,1.0,1.0,1.0,7199.557856794634,1000000.0,0.95,1.05,0,0,abc,False,False,False,46.67881524,-119.1854472
174,0.0,0.0,0.0058402015161674,0.0014641911624301,0.0,0.0,l3029501,PQ,1.0,1.0,1.0,7199.557856794634,1000000.0,0.95,1.05,0,0,abc,False,True,False,46.67767098,-119.1867359
175,0.0,0.0,0.0,0.0,0.0,0.0,m3036165,PQ,1.0,1.0,1.0,7199.557856794634,1000000.0,0.95,1.05,0,0,abc,False,False,False,46.67765364,-119.1867602
176,0.0,0.0,0.0127304395722423,0.0031916363461534,0.0,0.0,l3197636,PQ,1.0,1.0,1.0,7199.557856794634,1000000.0,0.95,1.05,0,0,abc,False,True,False,46.67592808,-119.1889259
177,0.0,0.0,0.0,0.0,0.0,0.0,m1047424,PQ,1.0,1.0,1.0,7199.557856794634,1000000.0,0.95,1.05,0,0,abc,False,False,False,46.67463772,-119.1889005
178,0.0,0.0,0.009730336055067,0.0024394833532568,0.0,0.0,l3104127,PQ,1.0,1.0,1.0,7199.557856794634,1000000.0,0.95,1.05,0,0,b,False,True,False,46.67443394,-119.1896668
179,0.0,0.0,0.0097303360684376,0.0024394833744285,0.0,0.0,l2691949,PQ,1.0,1.0,1.0,7199.557856794634,1000000.0,0.95,1.05,0,0,abc,False,True,False,46.6737102,-119.1889304
180,0.0,0.0,0.0,0.0,0.0,0.0,l2692000,PQ,1.0,1.0,1.0,7199.557856794634,1000000.0,0.95,1.05,0,0,a,False,False,False,46.67257308,-119.1902899
181,0.0,0.0,0.0127304392910628,0.0031916359131248,0.0,0.0,l3235252,PQ,1.0,1.0,1.0,7199.557856794634,1000000.0,0.95,1.05,0,0,b,False,True,False,46.6767382,-119.1865418
182,0.0,0.0,0.0,0.0,0.0,0.0,m1069408,PQ,1.0,1.0,1.0,7199.557856794634,1000000.0,0.95,1.05,0,0,b,False,False,False,46.67945118,-119.1863686
183,0.0,0.0,0.0088403057764674,0.0022163454543951,0.0,0.0,l2822867,PQ,1.0,1.0,1.0,7199.557856794634,1000000.0,0.95,1.05,0,0,b,False,True,False,46.68024962,-119.1873511
184,0.0,0.0,0.0,0.0,0.0,0.0,m1069412,PQ,1.0,1.0,1.0,7199.557856794634,1000000.0,0.95,1.05,0,0,b,False,False,False,46.6802872,-119.1873974
185,0.0,0.0,0.0058402022598253,0.0014641924499983,0.0,0.0,l3066813,PQ,1.0,1.0,1.0,7199.557856794634,1000000.0,0.95,1.05,0,0,b,False,True,False,46.6809619,-119.1880796
186,0.0,0.0,0.005840202585043,0.0014641929971883,0.0,0.0,l2991910,PQ,1.0,1.0,1.0,7199.557856794634,1000000.0,0.95,1.05,0,0,b,False,True,False,46.6817018,-119.1892591
187,0.0,0.0,0.0058402027517046,0.0014641932752187,0.0,0.0,l2879072,PQ,1.0,1.0,1.0,7199.557856794634,1000000.0,0.95,1.05,0,0,b,False,True,False,46.68221122,-119.1897367
188,0.0,0.0,0.0,0.0,0.0,0.0,m1047441,PQ,1.0,1.0,1.0,7199.557856794634,1000000.0,0.95,1.05,0,0,b,False,False,False,46.6823917,-119.193657
189,0.0,0.0,0.0,0.0,0.0,0.0,m1047442,PQ,1.0,1.0,1.0,7199.557856794634,1000000.0,0.95,1.05,0,0,b,False,False,False,46.6824748,-119.1943722
190,0.0,0.0,0.0068902403553295,0.0017274491082624,0.0,0.0,l3235250,PQ,1.0,1.0,1.0,7199.557856794634,1000000.0,0.95,1.05,0,0,b,False,True,False,46.68305676,-119.1952292
191,0.0,0.0,0.0,0.0,0.0,0.0,m1047444,PQ,1.0,1.0,1.0,7199.557856794634,1000000.0,0.95,1.05,0,0,b,False,False,False,46.68337004,-119.1948608
192,0.0,0.0,0.0,0.0,0.0,0.0,m1047447,PQ,1.0,1.0,1.0,7199.557856794634,1000000.0,0.95,1.05,0,0,b,False,False,False,46.6841149,-119.1973043
193,0.0,0.0,0.0097303406129817,0.0024394910063886,0.0,0.0,l2954349,PQ,1.0,1.0,1.0,7199.557856794634,1000000.0,0.95,1.05,0,0,b,False,True,False,46.68470844,-119.1978808
194,0.0,0.0,0.0097303411102339,0.0024394918199353,0.0,0.0,l2766722,PQ,1.0,1.0,1.0,7199.557856794634,1000000.0,0.95,1.05,0,0,b,False,True,False,46.6841647,-119.1989906
195,0.0,0.0,0.0097303413709537,0.002439492247396,0.0,0.0,l2879071,PQ,1.0,1.0,1.0,7199.557856794634,1000000.0,0.95,1.05,0,0,b,False,True,False,46.6842255,-119.1998896
196,0.0,0.0,0.0097303417496628,0.0024394928712689,0.0,0.0,l3029504,PQ,1.0,1.0,1.0,7199.557856794634,1000000.0,0.95,1.05,0,0,b,False,True,False,46.68443978,-119.2012335
197,0.0,0.0,0.0145905128499255,0.0036579863775519,0.0,0.0,l3046854,PQ,1.0,1.0,1.0,7199.557856794634,1000000.0,0.95,1.05,0,0,b,False,True,False,46.68473664,-119.2021801
198,0.0,0.0,0.0,0.0,0.0,0.0,m1047453,PQ,1.0,1.0,1.0,7199.557856794634,1000000.0,0.95,1.05,0,0,b,False,False,False,46.68500078,-119.2030224
199,0.0,0.0,0.0058402054199348,0.0014641976625562,0.0,0.0,l2691948,PQ,1.0,1.0,1.0,7199.557856794634,1000000.0,0.95,1.05,0,0,b,False,True,False,46.6840608,-119.2034124
200,0.0,0.0,0.0145905132213576,0.0036579869898776,0.0,0.0,l2913406,PQ,1.0,1.0,1.0,7199.557856794634,1000000.0,0.95,1.05,0,0,b,False,True,False,46.68605456,-119.2023618
201,0.0,0.0,0.0097303425269762,0.002439494163751,0.0,0.0,l2785547,PQ,1.0,1.0,1.0,7199.557856794634,1000000.0,0.95,1.05,0,0,b,False,True,False,46.68562014,-119.2041137
202,0.0,0.0,0.0,0.0,0.0,0.0,m1047457,PQ,1.0,1.0,1.0,7199.557856794634,1000000.0,0.95,1.05,0,0,b,False,False,False,46.6859516,-119.2046583
203,0.0,0.0,0.009730342690542,0.0024394944408593,0.0,0.0,l3139086,PQ,1.0,1.0,1.0,7199.557856794634,1000000.0,0.95,1.05,0,0,b,False,True,False,46.68521866,-119.2053979
204,0.0,0.0,0.005840205691029,0.0014641981163699,0.0,0.0,l3029520,PQ,1.0,1.0,1.0,7199.557856794634,1000000.0,0.95,1.05,0,0,b,False,True,False,46.68449898,-119.2061615
205,0.0,0.0,0.0179374538749751,0.0044970997356274,0.0,0.0,l2710546,PQ,1.0,1.0,1.0,7199.557856794634,1000000.0,0.95,1.05,0,0,b,False,True,False,46.68640814,-119.2050741
206,0.0,0.0,0.0,0.0,0.0,0.0,m4362181,PQ,1.0,1.0,1.0,7199.557856794634,1000000.0,0.95,1.05,0,0,b,False,False,False,46.68662638,-119.2054324
207,0.0,0.0,0.0097303430467557,0.0024394950358959,0.0,0.0,l3254214,PQ,1.0,1.0,1.0,7199.557856794634,1000000.0,0.95,1.05,0,0,b,False,True,False,46.68717792,-119.206338
208,0.0,0.0,0.0058402060271586,0.0014641986788058,0.0,0.0,l3214112,PQ,1.0,1.0,1.0,7199.557856794634,1000000.0,0.95,1.05,0,0,b,False,True,False,46.68834366,-119.2066427
209,0.0,0.0,0.009730343510384,0.0024394958182212,0.0,0.0,l3160104,PQ,1.0,1.0,1.0,7199.557856794634,1000000.0,0.95,1.05,0,0,b,False,True,False,46.68982198,-119.2066398
210,0.0,0.0,0.0,0.0,0.0,0.0,m1047471,PQ,1.0,1.0,1.0,7199.557856794634,1000000.0,0.95,1.05,0,0,b,False,False,False,46.69105664,-119.2078495
211,0.0,0.0,0.0127304497717795,0.0031916533855343,0.0,0.0,l2973180,PQ,1.0,1.0,1.0,7199.557856794634,1000000.0,0.95,1.05,0,0,b,False,True,False,46.69112868,-119.2091514
212,0.0,0.0,0.0058402064208016,0.0014641993373706,0.0,0.0,l2879077,PQ,1.0,1.0,1.0,7199.557856794634,1000000.0,0.95,1.05,0,0,b,False,True,False,46.69193754,-119.2090966
213,0.0,0.0,0.0,0.0,0.0,0.0,m1026693,PQ,1.0,1.0,1.0,7199.557856794634,1000000.0,0.95,1.05,0,0,b,False,False,False,46.69329218,-119.2103487
214,0.0,0.0,0.0,0.0,0.0,0.0,m1026699,PQ,1.0,1.0,1.0,7199.557856794634,1000000.0,0.95,1.05,0,0,b,False,False,False,46.69401266,-119.2114931
215,0.0,0.0,0.0,0.0,0.0,0.0,m1026722,PQ,1.0,1.0,1.0,7199.557856794634,1000000.0,0.95,1.05,0,0,b,False,False,False,46.6953214,-119.2112482
216,0.0,0.0,0.0,0.0,0.0,0.0,m1026736,PQ,1.0,1.0,1.0,7199.557856794634,1000000.0,0.95,1.05,0,0,b,False,False,False,46.6963285,-119.2110749
217,0.0,0.0,0.0,0.0,0.0,0.0,m1026745,PQ,1.0,1.0,1.0,7199.557856794634,1000000.0,0.95,1.05,0,0,b,False,False,False,46.69782036,-119.2106837
218,0.0,0.0,0.0088403128000478,0.0022163571272539,0.0,0.0,l3029183,PQ,1.0,1.0,1.0,7199.557856794634,1000000.0,0.95,1.05,0,0,b,False,True,False,46.69907454,-119.2102701
219,0.0,0.0,0.0,0.0,0.0,0.0,m1026704,PQ,1.0,1.0,1.0,7199.557856794634,1000000.0,0.95,1.05,0,0,b,False,False,False,46.6943374,-119.2123046
220,0.0,0.0,0.0097303442990829,0.0024394970969953,0.0,0.0,l2991915,PQ,1.0,1.0,1.0,7199.557856794634,1000000.0,0.95,1.05,0,0,b,False,True,False,46.6951226,-119.2122834
221,0.0,0.0,0.0097303443282358,0.0024394971397039,0.0,0.0,l2673320,PQ,1.0,1.0,1.0,7199.557856794634,1000000.0,0.95,1.05,0,0,b,False,True,False,46.69597066,-119.2121855
222,0.0,0.0,0.012730450516972,0.0031916545660701,0.0,0.0,l3048209,PQ,1.0,1.0,1.0,7199.557856794634,1000000.0,0.95,1.05,0,0,b,False,True,False,46.69690454,-119.2120744
223,0.0,0.0,0.0145905162920296,0.0036579920796489,0.0,0.0,l2841634,PQ,1.0,1.0,1.0,7199.557856794634,1000000.0,0.95,1.05,0,0,b,False,True,False,46.69199838,-119.2124515
224,0.0,0.0,0.0127304502316214,0.0031916541271958,0.0,0.0,l2991916,PQ,1.0,1.0,1.0,7199.557856794634,1000000.0,0.95,1.05,0,0,b,False,True,False,46.69330638,-119.2086052
225,0.0,0.0,0.0088403123164823,0.002216356298825,0.0,0.0,l3216349,PQ,1.0,1.0,1.0,7199.557856794634,1000000.0,0.95,1.05,0,0,b,False,True,False,46.69117242,-119.2075665
226,0.0,0.0,0.0058402035844807,0.0014641946554908,0.0,0.0,l3197635,PQ,1.0,1.0,1.0,7199.557856794634,1000000.0,0.95,1.05,0,0,b,False,True,False,46.68200776,-119.1927229
227,0.0,0.0,0.0127304437809194,0.0031916434899242,0.0,0.0,l2804258,PQ,1.0,1.0,1.0,7199.557856794634,1000000.0,0.95,1.05,0,0,b,False,True,False,46.68157196,-119.193816
228,0.0,0.0,0.0038901345686976,0.0009752923114579,0.0,0.0,l2879061,PQ,1.0,1.0,1.0,7199.557856794634,1000000.0,0.95,1.05,0,0,b,False,True,False,46.6811161,-119.1863969
229,0.0,0.0,0.0058402016839236,0.0014641914660009,0.0,0.0,l2897774,PQ,1.0,1.0,1.0,7199.557856794634,1000000.0,0.95,1.05,0,0,b,False,True,False,46.67904294,-119.1867765
230,0.0,0.0,0.0,0.0,0.0,0.0,n1138598,PQ,1.0,1.0,1.0,7199.557856794634,1000000.0,0.95,1.05,0,0,abc,False,False,False,46.6771822,-119.1816787
231,0.0,0.0,0.0134779400332978,0.0033790329537656,0.0,0.0,l2822877,PQ,1.0,1.0,1.0,7199.557856794634,1000000.0,0.95,1.05,0,0,abc,False,True,False,46.67749578,-119.1815458
232,0.0,0.0,0.0,0.0,0.0,0.0,m1069382,PQ,1.0,1.0,1.0,7199.557856794634,1000000.0,0.95,1.05,0,0,abc,False,False,False,46.67803888,-119.1814177
233,0.0118703565887284,0.0029760649724115,0.0,0.0,0.0,0.0,l2766741,PQ,1.0,1.0,1.0,7199.557856794634,1000000.0,0.95,1.05,0,0,abc,False,True,False,46.67890224,-119.1812568
234,0.0,0.0,0.0,0.0,0.0,0.0,m1069411,PQ,1.0,1.0,1.0,7199.557856794634,1000000.0,0.95,1.05,0,0,abc,False,False,False,46.6801419,-119.1811115
235,0.0,0.0,0.0,0.0,0.0,0.0,n1138597,PQ,1.0,1.0,1.0,7199.557856794634,1000000.0,0.95,1.05,0,0,abc,False,False,False,46.68082616,-119.1811156
236,0.0,0.0,0.0,0.0,0.0,0.0,m1069417,PQ,1.0,1.0,1.0,7199.557856794634,1000000.0,0.95,1.05,0,0,abc,False,False,False,46.68128024,-119.1811183
237,0.0,0.0,0.0,0.0,0.0,0.0,m1069418,PQ,1.0,1.0,1.0,7199.557856794634,1000000.0,0.95,1.05,0,0,abc,False,False,False,46.68251502,-119.1813828
238,0.0,0.0,0.0,0.0,0.0,0.0,m1069419,PQ,1.0,1.0,1.0,7199.557856794634,1000000.0,0.95,1.05,0,0,abc,False,False,False,46.68317468,-119.1816374
239,0.0,0.0,0.0,0.0,0.0,0.0,m4277837,PQ,1.0,1.0,1.0,7199.557856794634,1000000.0,0.95,1.05,0,0,abc,False,False,False,46.68414362,-119.1818539
240,0.0,0.0,0.0,0.0,0.0,0.0,m1069420,PQ,1.0,1.0,1.0,7199.557856794634,1000000.0,0.95,1.05,0,0,abc,False,False,False,46.68653682,-119.1814515
241,0.0,0.0,0.0145905011318325,0.0036579601260872,0.0,0.0,l2935549,PQ,1.0,1.0,1.0,7199.557856794634,1000000.0,0.95,1.05,0,0,abc,False,True,False,46.68785836,-119.1810084
242,0.0,0.0,0.0,0.0,0.0,0.0,m1069424,PQ,1.0,1.0,1.0,7199.557856794634,1000000.0,0.95,1.05,0,0,abc,False,False,False,46.68908778,-119.1806455
243,0.0,0.0,0.0,0.0,0.0,0.0,n1139255,PQ,1.0,1.0,1.0,7199.557856794634,1000000.0,0.95,1.05,0,0,a,False,False,False,46.68908666,-119.1808283
244,0.0,0.0,0.0,0.0,0.0,0.0,p827500,PQ,1.0,1.0,1.0,7199.557856794634,1000000.0,0.95,1.05,0,0,a,False,False,False,46.68908626,-119.1808925
245,0.0088702647886829,0.0022239009345397,0.0,0.0,0.0,0.0,l2822861,PQ,1.0,1.0,1.0,7199.557856794634,1000000.0,0.95,1.05,0,0,a,False,True,False,46.68909466,-119.1825745
246,0.0088702648305696,0.0022239010299014,0.0,0.0,0.0,0.0,l2841616,PQ,1.0,1.0,1.0,7199.557856794634,1000000.0,0.95,1.05,0,0,a,False,True,False,46.68920396,-119.1861055
247,0.0,0.0,0.0,0.0,0.0,0.0,m1069428,PQ,1.0,1.0,1.0,7199.557856794634,1000000.0,0.95,1.05,0,0,abc,False,False,False,46.69014942,-119.1803212
248,0.0,0.0,0.0,0.0,0.0,0.0,n1139257,PQ,1.0,1.0,1.0,7199.557856794634,1000000.0,0.95,1.05,0,0,b,False,False,False,46.69024328,-119.1805801
249,0.0,0.0,0.0097303347888466,0.0024394756213102,0.0,0.0,l3029518,PQ,1.0,1.0,1.0,7199.557856794634,1000000.0,0.95,1.05,0,0,b,False,True,False,46.69039854,-119.1810084
250,0.0,0.0,0.008840304185101,0.0022163376070942,0.0,0.0,l2897807,PQ,1.0,1.0,1.0,7199.557856794634,1000000.0,0.95,1.05,0,0,b,False,True,False,46.69101102,-119.1824094
251,0.0,0.0,0.0,0.0,0.0,0.0,q14411,PQ,1.0,1.0,1.0,7199.557856794634,1000000.0,0.95,1.05,0,0,abc,False,False,False,46.69043246,-119.180264
252,0.0,0.0,0.0,0.0,0.0,0.0,d5956499-2_int,PQ,1.0,1.0,1.0,7199.557856794634,1000000.0,0.95,1.05,0,0,abc,False,False,False,46.69108586,-119.1800551
253,0.0,0.0,0.009730335018347,0.0024394752960529,0.0,0.0,l2766749,PQ,1.0,1.0,1.0,7199.557856794634,1000000.0,0.95,1.05,0,0,abc,False,True,False,46.69133694,-119.179935
254,0.0,0.0,0.0,0.0,0.0,0.0,m1069438,PQ,1.0,1.0,1.0,7199.557856794634,1000000.0,0.95,1.05,0,0,abc,False,False,False,46.6922789,-119.1796474
255,0.0,0.0,0.0,0.0,0.0,0.0,p827575,PQ,1.0,1.0,1.0,7199.557856794634,1000000.0,0.95,1.05,0,0,c,False,False,False,46.6922719,-119.1798195
256,0.0,0.0,0.0,0.0,0.0,0.0,m1069437,PQ,1.0,1.0,1.0,7199.557856794634,1000000.0,0.95,1.05,0,0,c,False,False,False,46.69226836,-119.1799065
257,0.0,0.0,0.0,0.0,0.0,0.0,n1139259,PQ,1.0,1.0,1.0,7199.557856794634,1000000.0,0.95,1.05,0,0,c,False,False,False,46.69226998,-119.179306
258,0.0,0.0,0.0,0.0,0.0101703478883429,0.0025498082123563,l2710543,PQ,1.0,1.0,1.0,7199.557856794634,1000000.0,0.95,1.05,0,0,c,False,True,False,46.69225674,-119.1786958
259,0.0,0.0,0.0,0.0,0.0,0.0,n1139258,PQ,1.0,1.0,1.0,7199.557856794634,1000000.0,0.95,1.05,0,0,c,False,False,False,46.69226052,-119.1800991
260,0.0,0.0,0.0,0.0,0.010170347920296,0.0025498082591268,l3066810,PQ,1.0,1.0,1.0,7199.557856794634,1000000.0,0.95,1.05,0,0,c,False,True,False,46.69223222,-119.1807949
261,0.0,0.0,0.0,0.0,0.0131704506760898,0.0033019642699259,l2897769,PQ,1.0,1.0,1.0,7199.557856794634,1000000.0,0.95,1.05,0,0,c,False,True,False,46.69213142,-119.1830124
262,0.0,0.0,0.0,0.0,0.0101703480411895,0.0025498084360868,l3778577,PQ,1.0,1.0,1.0,7199.557856794634,1000000.0,0.95,1.05,0,0,c,False,True,False,46.69232504,-119.1839278
263,0.0,0.0,0.0,0.0,0.0101703480555723,0.00254980845714,l3141395,PQ,1.0,1.0,1.0,7199.557856794634,1000000.0,0.95,1.05,0,0,c,False,True,False,46.6922272,-119.1850168
264,0.0,0.0,0.0,0.0,0.0101703479552472,0.0025498083692038,l2925506,PQ,1.0,1.0,1.0,7199.557856794634,1000000.0,0.95,1.05,0,0,abc,False,True,False,46.69271228,-119.179518
265,0.0,0.0,0.0,0.0,0.0,0.0,n1139260,PQ,1.0,1.0,1.0,7199.557856794634,1000000.0,0.95,1.05,0,0,abc,False,False,False,46.6941115,-119.1790156
266,0.0,0.0,0.0,0.0,0.0,0.0,m1069457,PQ,1.0,1.0,1.0,7199.557856794634,1000000.0,0.95,1.05,0,0,abc,False,False,False,46.6942051,-119.178982
267,0.0,0.0,0.0,0.0,0.0,0.0,e182745,PQ,1.0,1.0,1.0,7199.557856794634,1000000.0,0.95,1.05,0,0,abc,False,False,False,46.6941784,-119.1787972
268,0.0,0.0,0.0,0.0,0.0,0.0,d5837361-8_int,PQ,1.0,1.0,1.0,7199.557856794634,1000000.0,0.95,1.05,0,0,abc,False,False,False,46.69416552,-119.1782797
269,0.0,0.0,0.0,0.0,0.0,0.0,n1147867,PQ,1.0,1.0,1.0,7199.557856794634,1000000.0,0.95,1.05,0,0,abc,False,False,False,46.69416404,-119.1780185
270,0.0,0.0,0.0,0.0,0.0,0.0,m1069456,PQ,1.0,1.0,1.0,7199.557856794634,1000000.0,0.95,1.05,0,0,abc,False,False,False,46.69410892,-119.1777575
271,0.0,0.0,0.0,0.0,0.0101703485563096,0.0025498096275067,l3104155,PQ,1.0,1.0,1.0,7199.557856794634,1000000.0,0.95,1.05,0,0,abc,False,True,False,46.69399724,-119.1772309
272,0.0,0.0,0.0,0.0,0.0152605231422624,0.0038259683303623,l3104154,PQ,1.0,1.0,1.0,7199.557856794634,1000000.0,0.95,1.05,0,0,abc,False,True,False,46.69396714,-119.1765417
273,0.0,0.0,0.0,0.0,0.0091003120871842,0.0022815410375695,l2804282,PQ,1.0,1.0,1.0,7199.557856794634,1000000.0,0.95,1.05,0,0,abc,False,True,False,46.69393024,-119.1751479
274,0.0,0.0,0.0,0.0,0.0,0.0,m1069451,PQ,1.0,1.0,1.0,7199.557856794634,1000000.0,0.95,1.05,0,0,abc,False,False,False,46.6935786,-119.1716592
275,0.0,0.0,0.0,0.0,0.0,0.0,m1089179,PQ,1.0,1.0,1.0,7199.557856794634,1000000.0,0.95,1.05,0,0,abc,False,False,False,46.69331524,-119.169735
276,0.0,0.0,0.0,0.0,0.0,0.0,m1089176,PQ,1.0,1.0,1.0,7199.557856794634,1000000.0,0.95,1.05,0,0,abc,False,False,False,46.6929489,-119.1686314
277,0.0,0.0,0.0,0.0,0.0,0.0,n1140516,PQ,1.0,1.0,1.0,7199.557856794634,1000000.0,0.95,1.05,0,0,abc,False,False,False,46.69214378,-119.1667009
278,0.0,0.0,0.0,0.0,0.0,0.0,p827501,PQ,1.0,1.0,1.0,7199.557856794634,1000000.0,0.95,1.05,0,0,abc,False,False,False,46.69211626,-119.1666349
279,0.0,0.0,0.0,0.0,0.0,0.0,d5534967-1_int,PQ,1.0,1.0,1.0,7199.557856794634,1000000.0,0.95,1.05,0,0,abc,False,False,False,46.69173926,-119.1662695
280,0.0,0.0,0.0,0.0,0.0,0.0,m1089174,PQ,1.0,1.0,1.0,7199.557856794634,1000000.0,0.95,1.05,0,0,abc,False,False,False,46.69132792,-119.1650827
281,0.0,0.0,0.0,0.0,0.0,0.0,m1089173,PQ,1.0,1.0,1.0,7199.557856794634,1000000.0,0.95,1.05,0,0,abc,False,False,False,46.69119358,-119.1646024
282,0.0,0.0,0.0,0.0,0.0091003128434322,0.0022815428416645,l2935551,PQ,1.0,1.0,1.0,7199.557856794634,1000000.0,0.95,1.05,0,0,abc,False,True,False,46.69206328,-119.164605
283,0.0,0.0,0.0,0.0,0.0,0.0,d5746546-1_int,PQ,1.0,1.0,1.0,7199.557856794634,1000000.0,0.95,1.05,0,0,abc,False,False,False,46.69217484,-119.1646047
284,0.0,0.0,0.0,0.0,0.0091003128393326,0.0022815428294317,l2673307,PQ,1.0,1.0,1.0,7199.557856794634,1000000.0,0.95,1.05,0,0,c,False,True,False,46.68999242,-119.1645587
285,0.0,0.0,0.0,0.0,0.0091003128406822,0.0022815428324744,l2879062,PQ,1.0,1.0,1.0,7199.557856794634,1000000.0,0.95,1.05,0,0,c,False,True,False,46.6906386,-119.1632082
286,0.0,0.0,0.0,0.0,0.0061002089707431,0.0015293841443704,l2897806,PQ,1.0,1.0,1.0,7199.557856794634,1000000.0,0.95,1.05,0,0,c,False,True,False,46.69499358,-119.1785217
287,0.0,0.0,0.0,0.0,0.0,0.0,p827576,PQ,1.0,1.0,1.0,7199.557856794634,1000000.0,0.95,1.05,0,0,b,False,False,False,46.69008874,-119.180467
288,0.0,0.0,0.0,0.0,0.0,0.0,n1139256,PQ,1.0,1.0,1.0,7199.557856794634,1000000.0,0.95,1.05,0,0,b,False,False,False,46.6900274,-119.1806144
289,0.0,0.0,0.0058402009382092,0.0014641868020797,0.0,0.0,l2973178,PQ,1.0,1.0,1.0,7199.557856794634,1000000.0,0.95,1.05,0,0,b,False,True,False,46.69018282,-119.1816448
290,0.0,0.0,0.0,0.0,0.0,0.0,p827499,PQ,1.0,1.0,1.0,7199.557856794634,1000000.0,0.95,1.05,0,0,a,False,False,False,46.68661892,-119.181539
291,0.0,0.0,0.0,0.0,0.0,0.0,n1139254,PQ,1.0,1.0,1.0,7199.557856794634,1000000.0,0.95,1.05,0,0,a,False,False,False,46.686687,-119.1816115
292,0.0088702652654414,0.002223900801291,0.0,0.0,0.0,0.0,l3122811,PQ,1.0,1.0,1.0,7199.557856794634,1000000.0,0.95,1.05,0,0,a,False,True,False,46.68698204,-119.1819256
293,0.0,0.0,0.0,0.0,0.0,0.0,p901910,PQ,1.0,1.0,1.0,7199.557856794634,1000000.0,0.95,1.05,0,0,b,False,False,False,46.68127504,-119.1811919
294,0.0,0.0,0.0,0.0,0.0,0.0,n1139252,PQ,1.0,1.0,1.0,7199.557856794634,1000000.0,0.95,1.05,0,0,b,False,False,False,46.68126694,-119.1813075
295,0.0,0.0,0.0145904988498836,0.0036579605890501,0.0,0.0,l3122812,PQ,1.0,1.0,1.0,7199.557856794634,1000000.0,0.95,1.05,0,0,b,False,True,False,46.6812595,-119.181414
296,0.0133003993413935,0.0033345970042044,0.0,0.0,0.0,0.0,l2991905,PQ,1.0,1.0,1.0,7199.557856794634,1000000.0,0.95,1.05,0,0,a,False,True,False,46.68002402,-119.1820663
297,0.0,0.0,0.0,0.0,0.0,0.0,d6049822-1_int,PQ,1.0,1.0,1.0,7199.557856794634,1000000.0,0.95,1.05,0,0,a,False,False,False,46.67806158,-119.1814128
298,0.0,0.0,0.0,0.0,0.0,0.0,e182722,PQ,1.0,1.0,1.0,7199.557856794634,1000000.0,0.95,1.05,0,0,a,False,False,False,46.6781487,-119.1808906
299,0.0,0.0,0.0,0.0,0.0,0.0,n1138596,PQ,1.0,1.0,1.0,7199.557856794634,1000000.0,0.95,1.05,0,0,a,False,False,False,46.67823582,-119.1807861
300,0.0053201599226176,0.0013338387624765,0.0,0.0,0.0,0.0,l3254207,PQ,1.0,1.0,1.0,7199.557856794634,1000000.0,0.95,1.05,0,0,a,False,True,False,46.67829462,-119.1806341
301,0.0,0.0,0.0,0.0,0.0,0.0,m1069390,PQ,1.0,1.0,1.0,7199.557856794634,1000000.0,0.95,1.05,0,0,a,False,False,False,46.6787348,-119.1795402
302,0.0133004000859234,0.0033345974458334,0.0,0.0,0.0,0.0,l2897801,PQ,1.0,1.0,1.0,7199.557856794634,1000000.0,0.95,1.05,0,0,a,False,True,False,46.6785772,-119.1788158
303,0.0,0.0,0.0,0.0,0.0,0.0,m1069384,PQ,1.0,1.0,1.0,7199.557856794634,1000000.0,0.95,1.05,0,0,a,False,False,False,46.67845644,-119.1778916
304,0.0088702669006533,0.0022239008569325,0.0,0.0,0.0,0.0,l3066805,PQ,1.0,1.0,1.0,7199.557856794634,1000000.0,0.95,1.05,0,0,a,False,True,False,46.67823778,-119.1772559
305,0.0118703572683502,0.0029760659300784,0.0,0.0,0.0,0.0,l2785514,PQ,1.0,1.0,1.0,7199.557856794634,1000000.0,0.95,1.05,0,0,a,False,True,False,46.6791398,-119.1768565
306,0.0088702670268261,0.0022239011046954,0.0,0.0,0.0,0.0,l3235244,PQ,1.0,1.0,1.0,7199.557856794634,1000000.0,0.95,1.05,0,0,a,False,True,False,46.67912556,-119.1758417
307,0.0,0.0,0.0,0.0,0.0,0.0,m1069398,PQ,1.0,1.0,1.0,7199.557856794634,1000000.0,0.95,1.05,0,0,a,False,False,False,46.67894278,-119.1747867
308,0.0083202505244332,0.0020860043076419,0.0,0.0,0.0,0.0,l3010559,PQ,1.0,1.0,1.0,7199.557856794634,1000000.0,0.95,1.05,0,0,a,False,True,False,46.67746664,-119.1748941
309,0.008870267084625,0.0022239012249278,0.0,0.0,0.0,0.0,l3160101,PQ,1.0,1.0,1.0,7199.557856794634,1000000.0,0.95,1.05,0,0,a,False,True,False,46.68026268,-119.1746816
310,0.0118703574123288,0.0029760662109187,0.0,0.0,0.0,0.0,l2785513,PQ,1.0,1.0,1.0,7199.557856794634,1000000.0,0.95,1.05,0,0,a,False,True,False,46.67875796,-119.1736643
311,0.0088702667680778,0.0022239005992716,0.0,0.0,0.0,0.0,l2841618,PQ,1.0,1.0,1.0,7199.557856794634,1000000.0,0.95,1.05,0,0,a,False,True,False,46.67808052,-119.1796355
312,0.0,0.0,0.0,0.0,0.0,0.0,n1138606,PQ,1.0,1.0,1.0,7199.557856794634,1000000.0,0.95,1.05,0,0,c,False,False,False,46.67273792,-119.1781525
313,0.0,0.0,0.0,0.0,0.0,0.0,m1069335,PQ,1.0,1.0,1.0,7199.557856794634,1000000.0,0.95,1.05,0,0,c,False,False,False,46.67299034,-119.1776901
314,0.0,0.0,0.0,0.0,0.0,0.0,p827564,PQ,1.0,1.0,1.0,7199.557856794634,1000000.0,0.95,1.05,0,0,c,False,False,False,46.67307886,-119.1775178
315,0.0,0.0,0.0,0.0,0.0,0.0,m1069348,PQ,1.0,1.0,1.0,7199.557856794634,1000000.0,0.95,1.05,0,0,c,False,False,False,46.67331888,-119.1765046
316,0.0,0.0,0.0,0.0,0.0,0.0,m1069356,PQ,1.0,1.0,1.0,7199.557856794634,1000000.0,0.95,1.05,0,0,c,False,False,False,46.67364758,-119.174892
317,0.0,0.0,0.0,0.0,0.0,0.0,m1069363,PQ,1.0,1.0,1.0,7199.557856794634,1000000.0,0.95,1.05,0,0,c,False,False,False,46.67384132,-119.1737707
318,0.0,0.0,0.0,0.0,0.0,0.0,m1069364,PQ,1.0,1.0,1.0,7199.557856794634,1000000.0,0.95,1.05,0,0,c,False,False,False,46.67393236,-119.1721876
319,0.0,0.0,0.0,0.0,0.0,0.0,m1069365,PQ,1.0,1.0,1.0,7199.557856794634,1000000.0,0.95,1.05,0,0,c,False,False,False,46.67403438,-119.1714056
320,0.0,0.0,0.0,0.0,0.0101703457450055,0.002549796659321,l3235243,PQ,1.0,1.0,1.0,7199.557856794634,1000000.0,0.95,1.05,0,0,c,False,True,False,46.67408752,-119.1700049
321,0.0,0.0,0.0,0.0,0.0,0.0,m1069285,PQ,1.0,1.0,1.0,7199.557856794634,1000000.0,0.95,1.05,0,0,ac,False,False,False,46.6701605,-119.1781093
322,0.0,0.0,0.0,0.0,0.0,0.0,m4113348,PQ,1.0,1.0,1.0,7199.557856794634,1000000.0,0.95,1.05,0,0,ac,False,False,False,46.67013594,-119.1781099
323,0.0,0.0,0.0,0.0,0.0,0.0,p850400,PQ,1.0,1.0,1.0,7199.557856794634,1000000.0,0.95,1.05,0,0,c,False,False,False,46.67001876,-119.1780879
324,0.0,0.0,0.0,0.0,0.0,0.0,221-311595,PQ,1.0,1.0,1.0,7199.557856794634,1000000.0,0.95,1.05,0,0,c,False,False,False,46.66992324,-119.1780518
325,0.0,0.0,0.0,0.0,0.0,0.0,n1139251,PQ,1.0,1.0,1.0,7199.557856794634,1000000.0,0.95,1.05,0,0,c,False,False,False,46.66987058,-119.178032
326,0.0,0.0,0.0,0.0,0.0,0.0,m1069249,PQ,1.0,1.0,1.0,7199.557856794634,1000000.0,0.95,1.05,0,0,c,False,False,False,46.66832422,-119.1759875
327,0.0,0.0,0.0,0.0,0.0182606224097512,0.0045781006894237,l2803194,PQ,1.0,1.0,1.0,7199.557856794634,1000000.0,0.95,1.05,0,0,c,False,True,False,46.66882476,-119.1757489
328,0.0,0.0,0.0,0.0,0.0101703467134866,0.0025497965823732,l3047073,PQ,1.0,1.0,1.0,7199.557856794634,1000000.0,0.95,1.05,0,0,c,False,True,False,46.66967804,-119.1763345
329,0.0,0.0,0.0,0.0,0.0,0.0,m1069250,PQ,1.0,1.0,1.0,7199.557856794634,1000000.0,0.95,1.05,0,0,c,False,False,False,46.66832422,-119.1739597
330,0.0,0.0,0.0,0.0,0.0203406936352985,0.0050995934697299,l2690868,PQ,1.0,1.0,1.0,7199.557856794634,1000000.0,0.95,1.05,0,0,c,False,True,False,46.66841764,-119.1736994
331,0.0,0.0,0.0,0.0,0.0,0.0,228-979371-2_int,PQ,1.0,1.0,1.0,7199.557856794634,1000000.0,0.95,1.05,0,0,c,False,False,False,46.66834782,-119.1736427
332,0.0,0.0,0.0,0.0,0.0,0.0,m1069284,PQ,1.0,1.0,1.0,7199.557856794634,1000000.0,0.95,1.05,0,0,ac,False,False,False,46.67011512,-119.1781104
333,0.0,0.0,0.0,0.0,0.0,0.0,p850401,PQ,1.0,1.0,1.0,7199.557856794634,1000000.0,0.95,1.05,0,0,a,False,False,False,46.66998396,-119.1781008
334,0.0,0.0,0.0,0.0,0.0,0.0,221-311583,PQ,1.0,1.0,1.0,7199.557856794634,1000000.0,0.95,1.05,0,0,a,False,False,False,46.66992446,-119.1780943
335,0.0,0.0,0.0,0.0,0.0,0.0,n1139250,PQ,1.0,1.0,1.0,7199.557856794634,1000000.0,0.95,1.05,0,0,a,False,False,False,46.6698674,-119.1780881
336,0.0133003938782609,0.0033345973761364,0.0,0.0,0.0,0.0,l2821770,PQ,1.0,1.0,1.0,7199.557856794634,1000000.0,0.95,1.05,0,0,a,False,True,False,46.66847192,-119.1771442
337,0.0,0.0,0.0,0.0,0.0,0.0,m1069247,PQ,1.0,1.0,1.0,7199.557856794634,1000000.0,0.95,1.05,0,0,a,False,False,False,46.66830008,-119.1760562
338,0.0,0.0,0.0,0.0,0.0,0.0,m1069248,PQ,1.0,1.0,1.0,7199.557856794634,1000000.0,0.95,1.05,0,0,a,False,False,False,46.66830308,-119.1739525
339,0.013300394045199,0.0033345976224727,0.0,0.0,0.0,0.0,l2915534,PQ,1.0,1.0,1.0,7199.557856794634,1000000.0,0.95,1.05,0,0,a,False,True,False,46.66944892,-119.1714005
340,0.0,0.0,0.0,0.0,0.0,0.0,193-48013,PQ,1.0,1.0,1.0,7199.557856794634,1000000.0,0.95,1.05,0,0,a,False,False,False,46.66831516,-119.1735838
341,0.0,0.0,0.0,0.0,0.0,0.0,m1069218,PQ,1.0,1.0,1.0,7199.557856794634,1000000.0,0.95,1.05,0,0,a,False,False,False,46.6619691,-119.1809975
342,0.0061001761241993,0.0015293982956883,0.0,0.0,0.0,0.0,l2954351,PQ,1.0,1.0,1.0,7199.557856794634,1000000.0,0.95,1.05,0,0,a,False,True,False,46.66087394,-119.1801806
343,0.0061001761171715,0.00152939827873,0.0,0.0,0.0,0.0,l2860486,PQ,1.0,1.0,1.0,7199.557856794634,1000000.0,0.95,1.05,0,0,a,False,True,False,46.66193226,-119.1810382
344,0.0152604406626939,0.0038260030269456,0.0,0.0,0.0,0.0,l3141399,PQ,1.0,1.0,1.0,7199.557856794634,1000000.0,0.95,1.05,0,0,a,False,True,False,46.66087162,-119.1822106
345,0.0,0.0,0.0,0.0,0.0,0.0,m1069210,PQ,1.0,1.0,1.0,7199.557856794634,1000000.0,0.95,1.05,0,0,a,False,False,False,46.660073,-119.183115
346,0.0101702937126884,0.0025498329978353,0.0,0.0,0.0,0.0,l3085400,PQ,1.0,1.0,1.0,7199.557856794634,1000000.0,0.95,1.05,0,0,a,False,True,False,46.65912336,-119.183913
347,0.0,0.0,0.0061001999735948,0.0015293553006804,0.0,0.0,l2954350,PQ,1.0,1.0,1.0,7199.557856794634,1000000.0,0.95,1.05,0,0,b,False,True,False,46.6604958,-119.1779394
348,0.0,0.0,0.0,0.0,0.0,0.0,m1069206,PQ,1.0,1.0,1.0,7199.557856794634,1000000.0,0.95,1.05,0,0,b,False,False,False,46.65886388,-119.1781312
349,0.0,0.0,0.0040701334533673,0.001020405978187,0.0,0.0,l2841625,PQ,1.0,1.0,1.0,7199.557856794634,1000000.0,0.95,1.05,0,0,b,False,True,False,46.65781684,-119.1795701
350,0.0,0.0,0.0061002000244233,0.0015293554161906,0.0,0.0,l3010566,PQ,1.0,1.0,1.0,7199.557856794634,1000000.0,0.95,1.05,0,0,b,False,True,False,46.65659522,-119.1792838
351,0.0,0.0,0.0,0.0,0.0,0.0,m1069215,PQ,1.0,1.0,1.0,7199.557856794634,1000000.0,0.95,1.05,0,0,abc,False,False,False,46.66124764,-119.1751466
352,0.0061001731827666,0.001529395491477,0.0,0.0,0.0,0.0,l3178977,PQ,1.0,1.0,1.0,7199.557856794634,1000000.0,0.95,1.05,0,0,a,False,True,False,46.65998166,-119.1757324
353,0.006100173195688,0.0015293955150788,0.0,0.0,0.0,0.0,l3160105,PQ,1.0,1.0,1.0,7199.557856794634,1000000.0,0.95,1.05,0,0,a,False,True,False,46.65915286,-119.1759707
354,0.0099147336210362,0.0024857571700388,0.0,0.0,0.0,0.0,l3235251,PQ,1.0,1.0,1.0,7199.557856794634,1000000.0,0.95,1.05,0,0,a,False,True,False,46.6595147,-119.1773162
355,0.0,0.0,0.0,0.0,0.0101703458375722,0.0025497917985563,l2691945,PQ,1.0,1.0,1.0,7199.557856794634,1000000.0,0.95,1.05,0,0,c,False,True,False,46.65905728,-119.1739865
356,0.0,0.0,0.0,0.0,0.0061002070515211,0.0015293726285195,l2785524,PQ,1.0,1.0,1.0,7199.557856794634,1000000.0,0.95,1.05,0,0,c,False,True,False,46.65639994,-119.1717689
357,0.0,0.0,0.0,0.0,0.0,0.0,m1069201,PQ,1.0,1.0,1.0,7199.557856794634,1000000.0,0.95,1.05,0,0,c,False,False,False,46.65638126,-119.1714116
358,0.0,0.0,0.0,0.0,0.0040701381693994,0.0010204175128916,l3010565,PQ,1.0,1.0,1.0,7199.557856794634,1000000.0,0.95,1.05,0,0,c,False,True,False,46.65663112,-119.1689727
359,0.0,0.0,0.0,0.0,0.0101703452850465,0.0025497902438842,l2897775,PQ,1.0,1.0,1.0,7199.557856794634,1000000.0,0.95,1.05,0,0,c,False,True,False,46.6563018,-119.1669037
360,0.0,0.0,0.0,0.0,0.0070702399807717,0.0017725679612486,l3104126,PQ,1.0,1.0,1.0,7199.557856794634,1000000.0,0.95,1.05,0,0,c,False,True,False,46.65653372,-119.1736768
361,0.0,0.0,0.0,0.0,0.0101703447232375,0.0025497889083577,l2691950,PQ,1.0,1.0,1.0,7199.557856794634,1000000.0,0.95,1.05,0,0,c,False,True,False,46.65553432,-119.1712321
362,0.0,0.0,0.0,0.0,0.0101003423660406,0.002532238761626,l2916609,PQ,1.0,1.0,1.0,7199.557856794634,1000000.0,0.95,1.05,0,0,c,False,True,False,46.6553634,-119.1700336
363,0.0,0.0,0.0,0.0,0.0,0.0,p860892,PQ,1.0,1.0,1.0,7199.557856794634,1000000.0,0.95,1.05,0,0,c,False,False,False,46.653907,-119.1718597
364,0.0,0.0,0.0,0.0,0.0,0.0,n1139543,PQ,1.0,1.0,1.0,7199.557856794634,1000000.0,0.95,1.05,0,0,c,False,False,False,46.65390742,-119.1720436
365,0.0,0.0,0.0,0.0,0.0061002065610177,0.0015293714151618,l2727795,PQ,1.0,1.0,1.0,7199.557856794634,1000000.0,0.95,1.05,0,0,c,False,True,False,46.65390948,-119.1728939
366,0.0,0.0,0.0,0.0,0.0091003081680912,0.0022815213258338,l2972704,PQ,1.0,1.0,1.0,7199.557856794634,1000000.0,0.95,1.05,0,0,c,False,True,False,46.6539045,-119.1734431
367,0.0,0.0,0.0,0.0,0.0101703444268252,0.0025497881536374,l3263051,PQ,1.0,1.0,1.0,7199.557856794634,1000000.0,0.95,1.05,0,0,c,False,True,False,46.65447466,-119.174046
368,0.0,0.0,0.0,0.0,0.0,0.0,m1069199,PQ,1.0,1.0,1.0,7199.557856794634,1000000.0,0.95,1.05,0,0,c,False,False,False,46.65447218,-119.1752698
369,0.0,0.0,0.0,0.0,0.0101703444585706,0.0025497882001371,l2785525,PQ,1.0,1.0,1.0,7199.557856794634,1000000.0,0.95,1.05,0,0,c,False,True,False,46.65447218,-119.1764995
370,0.0,0.0,0.0,0.0,0.0,0.0,p827520,PQ,1.0,1.0,1.0,7199.557856794634,1000000.0,0.95,1.05,0,0,c,False,False,False,46.65142768,-119.1712281
371,0.0,0.0,0.0,0.0,0.0,0.0,n1139545,PQ,1.0,1.0,1.0,7199.557856794634,1000000.0,0.95,1.05,0,0,c,False,False,False,46.6513362,-119.1712315
372,0.0,0.0,0.0,0.0,0.0,0.0,d5712477-3_int,PQ,1.0,1.0,1.0,7199.557856794634,1000000.0,0.95,1.05,0,0,c,False,False,False,46.65035776,-119.1713346
373,0.0,0.0,0.0,0.0,0.0,0.0,m1069174,PQ,1.0,1.0,1.0,7199.557856794634,1000000.0,0.95,1.05,0,0,c,False,False,False,46.64987082,-119.171418
374,0.0,0.0,0.0,0.0,0.0152605153203274,0.003825932335243,l2841629,PQ,1.0,1.0,1.0,7199.557856794634,1000000.0,0.95,1.05,0,0,c,False,True,False,46.64965336,-119.1723815
375,0.0,0.0,0.0,0.0,0.0061002060652677,0.0015293702150432,l3216347,PQ,1.0,1.0,1.0,7199.557856794634,1000000.0,0.95,1.05,0,0,c,False,True,False,46.64882526,-119.1712693
376,0.0,0.0,0.0,0.0,0.0061002061546695,0.0015293703869528,l2785523,PQ,1.0,1.0,1.0,7199.557856794634,1000000.0,0.95,1.05,0,0,c,False,True,False,46.64759676,-119.1712693
377,0.0,0.0,0.0,0.0,0.0040701376117862,0.0010204160978652,l3141388,PQ,1.0,1.0,1.0,7199.557856794634,1000000.0,0.95,1.05,0,0,c,False,True,False,46.6462782,-119.1706226
378,0.0,0.0,0.0,0.0,0.0061002062830387,0.0015293706284151,l3626914,PQ,1.0,1.0,1.0,7199.557856794634,1000000.0,0.95,1.05,0,0,c,False,True,False,46.6457267,-119.1705021
379,0.0,0.0,0.0,0.0,0.0,0.0,m1089102,PQ,1.0,1.0,1.0,7199.557856794634,1000000.0,0.95,1.05,0,0,c,False,False,False,46.64511172,-119.1704342
380,0.0,0.0,0.0,0.0,0.0,0.0,m1089096,PQ,1.0,1.0,1.0,7199.557856794634,1000000.0,0.95,1.05,0,0,c,False,False,False,46.64268964,-119.1703634
381,0.0,0.0,0.0,0.0,0.0,0.0,m1089093,PQ,1.0,1.0,1.0,7199.557856794634,1000000.0,0.95,1.05,0,0,c,False,False,False,46.64144154,-119.1702864
382,0.0,0.0,0.0,0.0,0.0,0.0,m1089094,PQ,1.0,1.0,1.0,7199.557856794634,1000000.0,0.95,1.05,0,0,c,False,False,False,46.6415321,-119.1713192
383,0.0,0.0,0.0,0.0,0.0,0.0,m1069147,PQ,1.0,1.0,1.0,7199.557856794634,1000000.0,0.95,1.05,0,0,c,False,False,False,46.64158272,-119.1723648
384,0.0,0.0,0.0,0.0,0.0040701378559001,0.0010204165419227,l3066801,PQ,1.0,1.0,1.0,7199.557856794634,1000000.0,0.95,1.05,0,0,c,False,True,False,46.64106258,-119.1723691
385,0.0,0.0,0.0,0.0,0.0070702395162892,0.0017725664084986,l2879055,PQ,1.0,1.0,1.0,7199.557856794634,1000000.0,0.95,1.05,0,0,c,False,True,False,46.64159666,-119.1733876
386,0.0,0.0,0.0,0.0,0.0101703446287328,0.0025497880419813,l2973144,PQ,1.0,1.0,1.0,7199.557856794634,1000000.0,0.95,1.05,0,0,c,False,True,False,46.64162588,-119.1749449
387,0.0,0.0,0.0,0.0,0.0101703447597976,0.0025497882700966,l2724120,PQ,1.0,1.0,1.0,7199.557856794634,1000000.0,0.95,1.05,0,0,c,False,True,False,46.6416132,-119.1778202
388,0.0,0.0,0.0,0.0,0.0,0.0,m1069149,PQ,1.0,1.0,1.0,7199.557856794634,1000000.0,0.95,1.05,0,0,c,False,False,False,46.64161338,-119.1779077
389,0.0,0.0,0.0,0.0,0.0,0.0,m1069148,PQ,1.0,1.0,1.0,7199.557856794634,1000000.0,0.95,1.05,0,0,c,False,False,False,46.64160924,-119.1789683
390,0.0,0.0,0.0,0.0,0.0131704465472596,0.0033019383504568,l2673309,PQ,1.0,1.0,1.0,7199.557856794634,1000000.0,0.95,1.05,0,0,c,False,True,False,46.6415987,-119.1808054
391,0.0,0.0,0.0,0.0,0.0061002068150373,0.0015293715804677,l2785518,PQ,1.0,1.0,1.0,7199.557856794634,1000000.0,0.95,1.05,0,0,c,False,True,False,46.64193172,-119.1786983
392,0.0,0.0,0.0,0.0,0.0040701379930288,0.0010204167833222,l2766717,PQ,1.0,1.0,1.0,7199.557856794634,1000000.0,0.95,1.05,0,0,c,False,True,False,46.64302274,-119.1786784
393,0.0,0.0,0.0,0.0,0.0101703434562438,0.0025497858675989,l2841630,PQ,1.0,1.0,1.0,7199.557856794634,1000000.0,0.95,1.05,0,0,c,False,True,False,46.65055292,-119.1700447
394,0.0,0.0,0.0,0.0,0.0101703434625168,0.0025497858767893,l2954352,PQ,1.0,1.0,1.0,7199.557856794634,1000000.0,0.95,1.05,0,0,c,False,True,False,46.65066478,-119.1695774
395,0.0,0.0,0.0,0.0,0.0,0.0,m1089115,PQ,1.0,1.0,1.0,7199.557856794634,1000000.0,0.95,1.05,0,0,abc,False,False,False,46.6521457,-119.1698667
396,0.0,0.0,0.0,0.0,0.0081002743484347,0.0020308046579816,l2991911,PQ,1.0,1.0,1.0,7199.557856794634,1000000.0,0.95,1.05,0,0,c,False,True,False,46.65315586,-119.1700845
397,0.0,0.0,0.0,0.0,0.0,0.0,m1089118,PQ,1.0,1.0,1.0,7199.557856794634,1000000.0,0.95,1.05,0,0,abc,False,False,False,46.65308232,-119.1673346
398,0.0,0.0,0.0,0.0,0.0081002761812755,0.0020308084660835,l2973158,PQ,1.0,1.0,1.0,7199.557856794634,1000000.0,0.95,1.05,0,0,c,False,True,False,46.65421884,-119.1679067
399,0.0,0.0,0.0,0.0,0.0,0.0,m1089119,PQ,1.0,1.0,1.0,7199.557856794634,1000000.0,0.95,1.05,0,0,abc,False,False,False,46.65352986,-119.1660942
400,0.0,0.0,0.0,0.0,0.0,0.0,m1089120,PQ,1.0,1.0,1.0,7199.557856794634,1000000.0,0.95,1.05,0,0,abc,False,False,False,46.65367038,-119.165705
401,0.0,0.0,0.0,0.0,0.0,0.0,d5472350-1_int,PQ,1.0,1.0,1.0,7199.557856794634,1000000.0,0.95,1.05,0,0,abc,False,False,False,46.65379896,-119.1653295
402,0.0,0.0,0.0,0.0,0.0,0.0,190-7361,PQ,1.0,1.0,1.0,7199.557856794634,1000000.0,0.95,1.05,0,0,abc,False,False,False,46.65388888,-119.1650904
403,0.0,0.0,0.0,0.0,0.0,0.0,regxfmr_190-7361,PQ,1.0,1.0,1.0,7199.557856794634,1000000.0,0.95,1.05,0,0,abc,False,False,False,46.65406032,-119.1645463
404,0.0,0.0,0.0,0.0,0.0,0.0,q14404,PQ,1.0,1.0,1.0,7199.557856794634,1000000.0,0.95,1.05,0,0,abc,False,False,False,46.65410388,-119.1644418
405,0.0,0.0,0.0,0.0,0.0,0.0,d6138608-3_int,PQ,1.0,1.0,1.0,7199.557856794634,1000000.0,0.95,1.05,0,0,abc,False,False,False,46.65427812,-119.1639196
406,0.0177404792801934,0.0044477685857026,0.0,0.0,0.0,0.0,l3029502,PQ,1.0,1.0,1.0,7199.557856794634,1000000.0,0.95,1.05,0,0,abc,False,True,False,46.6543722,-119.1636594
407,0.0,0.0,0.0,0.0,0.0,0.0,m1089131,PQ,1.0,1.0,1.0,7199.557856794634,1000000.0,0.95,1.05,0,0,abc,False,False,False,46.65492302,-119.1621574
408,0.0,0.0,0.0137304470961544,0.0034422743883969,0.0,0.0,l3104125,PQ,1.0,1.0,1.0,7199.557856794634,1000000.0,0.95,1.05,0,0,abc,False,True,False,46.6551328,-119.1615523
409,0.0088702376976569,0.0022238857133335,0.0,0.0,0.0,0.0,l3160107,PQ,1.0,1.0,1.0,7199.557856794634,1000000.0,0.95,1.05,0,0,abc,False,True,False,46.65601166,-119.1600349
410,0.0,0.0,0.0,0.0,0.0,0.0,m1089141,PQ,1.0,1.0,1.0,7199.557856794634,1000000.0,0.95,1.05,0,0,abc,False,False,False,46.65692318,-119.1584879
411,0.0,0.0,0.0,0.0,0.0,0.0,m1089143,PQ,1.0,1.0,1.0,7199.557856794634,1000000.0,0.95,1.05,0,0,abc,False,False,False,46.65808024,-119.156587
412,0.0,0.0,0.0,0.0,0.0,0.0,m1089145,PQ,1.0,1.0,1.0,7199.557856794634,1000000.0,0.95,1.05,0,0,abc,False,False,False,46.65913412,-119.1567058
413,0.0177404711538697,0.0044477738654752,0.0194506393024899,0.0048763419146003,0.02034071780744,0.0050996305457381,l3047289,PQ,1.0,1.0,1.0,7199.557856794634,1000000.0,0.95,1.05,0,0,abc,False,True,False,46.66018578,-119.1568495
414,0.013300353221239,0.003334576760019,0.0224507378799313,0.0056284768914428,0.015260538487587,0.0038259764515153,l3215385,PQ,1.0,1.0,1.0,7199.557856794634,1000000.0,0.95,1.05,0,0,abc,False,True,False,46.6593808,-119.1561652
415,0.0,0.0,0.0,0.0,0.007070250346995,0.0017725872235022,l3029498,PQ,1.0,1.0,1.0,7199.557856794634,1000000.0,0.95,1.05,0,0,abc,False,True,False,46.65854132,-119.1551896
416,0.0,0.0,0.0,0.0,0.0,0.0,l2933164,PQ,1.0,1.0,1.0,7199.557856794634,1000000.0,0.95,1.05,0,0,abc,False,False,False,46.65891824,-119.1541253
417,0.0,0.0,0.0,0.0,0.0,0.0,m1108286,PQ,1.0,1.0,1.0,7199.557856794634,1000000.0,0.95,1.05,0,0,abc,False,False,False,46.65906104,-119.1527777
418,0.0,0.0,0.0058401932265307,0.0014641549455091,0.0,0.0,l2688692,PQ,1.0,1.0,1.0,7199.557856794634,1000000.0,0.95,1.05,0,0,abc,False,True,False,46.65906792,-119.1526908
419,0.0,0.0,0.0,0.0,0.0091003246945727,0.0022815530735394,l2688693,PQ,1.0,1.0,1.0,7199.557856794634,1000000.0,0.95,1.05,0,0,abc,False,True,False,46.6591211,-119.1520226
420,0.0,0.0,0.0,0.0,0.0,0.0,n1139547,PQ,1.0,1.0,1.0,7199.557856794634,1000000.0,0.95,1.05,0,0,abc,False,False,False,46.65923644,-119.1505725
421,0.0,0.0,0.0,0.0,0.0061002189831937,0.0015293954553415,l2804249,PQ,1.0,1.0,1.0,7199.557856794634,1000000.0,0.95,1.05,0,0,abc,False,True,False,46.65949472,-119.1494016
422,0.0,0.0,0.0058401948591008,0.0014641534875917,0.0,0.0,l3179678,PQ,1.0,1.0,1.0,7199.557856794634,1000000.0,0.95,1.05,0,0,abc,False,True,False,46.66033894,-119.1476571
423,0.0,0.0,0.0,0.0,0.0101703681774575,0.0025498344339336,l2936279,PQ,1.0,1.0,1.0,7199.557856794634,1000000.0,0.95,1.05,0,0,abc,False,True,False,46.66099242,-119.1461007
424,0.0,0.0,0.0,0.0,0.0,0.0,m1108295,PQ,1.0,1.0,1.0,7199.557856794634,1000000.0,0.95,1.05,0,0,abc,False,False,False,46.66107304,-119.1446693
425,0.0,0.0,0.0,0.0,0.0040701482491873,0.0010204370532559,l3011298,PQ,1.0,1.0,1.0,7199.557856794634,1000000.0,0.95,1.05,0,0,abc,False,True,False,46.66150698,-119.1433984
426,0.0,0.0,0.0,0.0,0.0,0.0,196-36167,PQ,1.0,1.0,1.0,7199.557856794634,1000000.0,0.95,1.05,0,0,abc,False,False,False,46.66248036,-119.14263
427,0.0,0.0,0.0,0.0,0.0,0.0,m1108298,PQ,1.0,1.0,1.0,7199.557856794634,1000000.0,0.95,1.05,0,0,abc,False,False,False,46.66294902,-119.14226
428,0.0,0.0,0.0,0.0,0.0,0.0,m1108299,PQ,1.0,1.0,1.0,7199.557856794634,1000000.0,0.95,1.05,0,0,b,False,False,False,46.66296092,-119.1420763
429,0.0,0.0,0.0,0.0,0.0,0.0,m1108300,PQ,1.0,1.0,1.0,7199.557856794634,1000000.0,0.95,1.05,0,0,b,False,False,False,46.6629684,-119.1419602
430,0.0,0.0,0.0097303278282923,0.0024394170968486,0.0,0.0,l2711234,PQ,1.0,1.0,1.0,7199.557856794634,1000000.0,0.95,1.05,0,0,b,False,True,False,46.6630469,-119.1407456
431,0.0,0.0,0.0038901310685564,0.000975265427411,0.0,0.0,l3198355,PQ,1.0,1.0,1.0,7199.557856794634,1000000.0,0.95,1.05,0,0,b,False,True,False,46.66317248,-119.1387152
432,0.0,0.0,0.0,0.0,0.0,0.0,l2805037,PQ,1.0,1.0,1.0,7199.557856794634,1000000.0,0.95,1.05,0,0,b,False,False,False,46.66328612,-119.1368216
433,0.0,0.0,0.0,0.0,0.0,0.0,p893610,PQ,1.0,1.0,1.0,7199.557856794634,1000000.0,0.95,1.05,0,0,b,False,False,False,46.66299376,-119.1424259
434,0.0,0.0,0.0,0.0,0.0,0.0,m1108302,PQ,1.0,1.0,1.0,7199.557856794634,1000000.0,0.95,1.05,0,0,b,False,False,False,46.66337456,-119.1438648
435,0.0,0.0,0.0058401968076438,0.0014641517673781,0.0,0.0,l3236011,PQ,1.0,1.0,1.0,7199.557856794634,1000000.0,0.95,1.05,0,0,b,False,True,False,46.66313842,-119.1443973
436,0.0,0.0,0.0145904917827942,0.0036578724968853,0.0,0.0,l3198358,PQ,1.0,1.0,1.0,7199.557856794634,1000000.0,0.95,1.05,0,0,b,False,True,False,46.66426242,-119.1458028
437,0.0,0.0,0.0058401968665969,0.0014641518847466,0.0,0.0,l3104859,PQ,1.0,1.0,1.0,7199.557856794634,1000000.0,0.95,1.05,0,0,b,False,True,False,46.66578042,-119.1458602
438,0.0,0.0,0.0,0.0,0.0,0.0,l2970845,PQ,1.0,1.0,1.0,7199.557856794634,1000000.0,0.95,1.05,0,0,b,False,False,False,46.6662574,-119.1477075
439,0.0,0.0,0.0058401968842108,0.0014641519246596,0.0,0.0,l2897771,PQ,1.0,1.0,1.0,7199.557856794634,1000000.0,0.95,1.05,0,0,b,False,True,False,46.66593144,-119.1491607
440,0.0088702244551927,0.0022238869276354,0.0,0.0,0.0,0.0,l2879773,PQ,1.0,1.0,1.0,7199.557856794634,1000000.0,0.95,1.05,0,0,abc,False,True,False,46.66417718,-119.1416659
441,0.0,0.0,0.0,0.0,0.0,0.0,d6170302-1_int,PQ,1.0,1.0,1.0,7199.557856794634,1000000.0,0.95,1.05,0,0,abc,False,False,False,46.66495018,-119.1414136
442,0.0,0.0,0.0,0.0,0.0,0.0,m1108311,PQ,1.0,1.0,1.0,7199.557856794634,1000000.0,0.95,1.05,0,0,abc,False,False,False,46.66541248,-119.1413154
443,0.0,0.0,0.0,0.0,0.0061002248411362,0.0015294070109671,l2898526,PQ,1.0,1.0,1.0,7199.557856794634,1000000.0,0.95,1.05,0,0,c,False,True,False,46.66530598,-119.1417184
444,0.0,0.0,0.0,0.0,0.0,0.0,m1108315,PQ,1.0,1.0,1.0,7199.557856794634,1000000.0,0.95,1.05,0,0,abc,False,False,False,46.66642506,-119.1410774
445,0.0053201335731933,0.0013338308764105,0.0,0.0,0.0,0.0,l2955081,PQ,1.0,1.0,1.0,7199.557856794634,1000000.0,0.95,1.05,0,0,abc,False,True,False,46.66769888,-119.1405301
446,0.0,0.0,0.0,0.0,0.0,0.0,226-23751,PQ,1.0,1.0,1.0,7199.557856794634,1000000.0,0.95,1.05,0,0,abc,False,False,False,46.66802514,-119.1399273
447,0.0,0.0,0.0,0.0,0.0,0.0,m1125902,PQ,1.0,1.0,1.0,7199.557856794634,1000000.0,0.95,1.05,0,0,abc,False,False,False,46.66861532,-119.138837
448,0.0,0.0,0.0,0.0,0.0,0.0,p829986,PQ,1.0,1.0,1.0,7199.557856794634,1000000.0,0.95,1.05,0,0,a,False,False,False,46.66871434,-119.1387253
449,0.0,0.0,0.0,0.0,0.0,0.0,m1125904,PQ,1.0,1.0,1.0,7199.557856794634,1000000.0,0.95,1.05,0,0,a,False,False,False,46.66893766,-119.1384733
450,0.0,0.0,0.0,0.0,0.0,0.0,n1142108,PQ,1.0,1.0,1.0,7199.557856794634,1000000.0,0.95,1.05,0,0,a,False,False,False,46.66912196,-119.1385928
451,0.005320133620001,0.0013338309894512,0.0,0.0,0.0,0.0,l2674051,PQ,1.0,1.0,1.0,7199.557856794634,1000000.0,0.95,1.05,0,0,a,False,True,False,46.6700482,-119.1391932
452,0.0,0.0,0.0,0.0,0.0,0.0,m1125903,PQ,1.0,1.0,1.0,7199.557856794634,1000000.0,0.95,1.05,0,0,a,False,False,False,46.66878874,-119.1383961
453,0.0088702227803057,0.0022238873748885,0.0,0.0,0.0,0.0,l2989565,PQ,1.0,1.0,1.0,7199.557856794634,1000000.0,0.95,1.05,0,0,a,False,True,False,46.66858048,-119.1383035
454,0.0,0.0,0.0,0.0,0.0,0.0,e183493,PQ,1.0,1.0,1.0,7199.557856794634,1000000.0,0.95,1.05,0,0,abc,False,False,False,46.66927454,-119.1375278
455,0.0,0.0,0.0,0.0,0.0,0.0,n1230121,PQ,1.0,1.0,1.0,7199.557856794634,1000000.0,0.95,1.05,0,0,c,False,False,False,46.66645826,-119.1412283
456,0.0,0.0,0.0,0.0,0.0,0.0,m1108316,PQ,1.0,1.0,1.0,7199.557856794634,1000000.0,0.95,1.05,0,0,c,False,False,False,46.66651192,-119.1414781
457,0.0,0.0,0.0,0.0,0.0,0.0,196-35541,PQ,1.0,1.0,1.0,7199.557856794634,1000000.0,0.95,1.05,0,0,c,False,False,False,46.666531,-119.1416199
458,0.0,0.0,0.0,0.0,0.0,0.0,d6141147-1_int,PQ,1.0,1.0,1.0,7199.557856794634,1000000.0,0.95,1.05,0,0,c,False,False,False,46.66660544,-119.1423535
459,0.0,0.0,0.0,0.0,0.0,0.0,m1108317,PQ,1.0,1.0,1.0,7199.557856794634,1000000.0,0.95,1.05,0,0,c,False,False,False,46.66670776,-119.142886
460,0.0,0.0,0.0,0.0,0.0,0.0,l2820590,PQ,1.0,1.0,1.0,7199.557856794634,1000000.0,0.95,1.05,0,0,c,False,False,False,46.66723026,-119.1438432
461,0.0,0.0,0.0,0.0,0.0,0.0,m1108328,PQ,1.0,1.0,1.0,7199.557856794634,1000000.0,0.95,1.05,0,0,c,False,False,False,46.66802186,-119.1438775
462,0.0,0.0,0.0,0.0,0.0061002267346786,0.0015294105494134,l2767414,PQ,1.0,1.0,1.0,7199.557856794634,1000000.0,0.95,1.05,0,0,c,False,True,False,46.66802788,-119.1445019
463,0.0,0.0,0.0,0.0,0.0,0.0,m1108331,PQ,1.0,1.0,1.0,7199.557856794634,1000000.0,0.95,1.05,0,0,c,False,False,False,46.66875546,-119.1460644
464,0.0,0.0,0.0,0.0,0.0,0.0,m1108335,PQ,1.0,1.0,1.0,7199.557856794634,1000000.0,0.95,1.05,0,0,c,False,False,False,46.67036946,-119.1481365
465,0.0,0.0,0.0,0.0,0.0,0.0,m1108340,PQ,1.0,1.0,1.0,7199.557856794634,1000000.0,0.95,1.05,0,0,c,False,False,False,46.67219316,-119.1507784
466,0.0,0.0,0.0,0.0,0.006100228745409,0.0015294143302779,l2916605,PQ,1.0,1.0,1.0,7199.557856794634,1000000.0,0.95,1.05,0,0,c,False,True,False,46.67201574,-119.1506986
467,0.0,0.0,0.0,0.0,0.0,0.0,m1108344,PQ,1.0,1.0,1.0,7199.557856794634,1000000.0,0.95,1.05,0,0,c,False,False,False,46.67296574,-119.1515398
468,0.0,0.0,0.0,0.0,0.0101703817834735,0.0025498603822448,l2804250,PQ,1.0,1.0,1.0,7199.557856794634,1000000.0,0.95,1.05,0,0,c,False,True,False,46.67349664,-119.1513134
469,0.0,0.0,0.0,0.0,0.0,0.0,l2820583,PQ,1.0,1.0,1.0,7199.557856794634,1000000.0,0.95,1.05,0,0,c,False,False,False,46.67440946,-119.150861
470,0.0,0.0,0.0,0.0,0.0,0.0,m1108354,PQ,1.0,1.0,1.0,7199.557856794634,1000000.0,0.95,1.05,0,0,c,False,False,False,46.67454264,-119.1483119
471,0.0,0.0,0.0,0.0,0.0,0.0,m1108350,PQ,1.0,1.0,1.0,7199.557856794634,1000000.0,0.95,1.05,0,0,c,False,False,False,46.6741904,-119.1470415
472,0.0,0.0,0.0,0.0,0.006100229197098,0.001529415183263,l3198356,PQ,1.0,1.0,1.0,7199.557856794634,1000000.0,0.95,1.05,0,0,c,False,True,False,46.67363398,-119.1460586
473,0.0,0.0,0.0,0.0,0.0,0.0,m1108345,PQ,1.0,1.0,1.0,7199.557856794634,1000000.0,0.95,1.05,0,0,c,False,False,False,46.67305634,-119.145279
474,0.0,0.0,0.0,0.0,0.0,0.0,m1108347,PQ,1.0,1.0,1.0,7199.557856794634,1000000.0,0.95,1.05,0,0,c,False,False,False,46.67354042,-119.1449577
475,0.0,0.0,0.0,0.0,0.0,0.0,m1108355,PQ,1.0,1.0,1.0,7199.557856794634,1000000.0,0.95,1.05,0,0,c,False,False,False,46.67475438,-119.1443719
476,0.0,0.0,0.0,0.0,0.0,0.0,m1108352,PQ,1.0,1.0,1.0,7199.557856794634,1000000.0,0.95,1.05,0,0,c,False,False,False,46.67439162,-119.1429404
477,0.0,0.0,0.0,0.0,0.0,0.0,m1108356,PQ,1.0,1.0,1.0,7199.557856794634,1000000.0,0.95,1.05,0,0,c,False,False,False,46.67483822,-119.1414539
478,0.0,0.0,0.0,0.0,0.0091003420793134,0.0022815869481854,l2842390,PQ,1.0,1.0,1.0,7199.557856794634,1000000.0,0.95,1.05,0,0,c,False,True,False,46.67582842,-119.1415314
479,0.0,0.0,0.0,0.0,0.0061002293015466,0.0015294154170319,l2674052,PQ,1.0,1.0,1.0,7199.557856794634,1000000.0,0.95,1.05,0,0,c,False,True,False,46.6745973,-119.1404254
480,0.0,0.0,0.0,0.0,0.0,0.0,m1108360,PQ,1.0,1.0,1.0,7199.557856794634,1000000.0,0.95,1.05,0,0,c,False,False,False,46.67723936,-119.1481591
481,0.0,0.0,0.0,0.0,0.0152605734622777,0.0038260452823918,l3048968,PQ,1.0,1.0,1.0,7199.557856794634,1000000.0,0.95,1.05,0,0,c,False,True,False,46.67798744,-119.1484469
482,0.0,0.0,0.0,0.0,0.0,0.0,m1108353,PQ,1.0,1.0,1.0,7199.557856794634,1000000.0,0.95,1.05,0,0,c,False,False,False,46.67441722,-119.1527697
483,0.0,0.0,0.0,0.0,0.0101703825902971,0.0025498618262608,l3048205,PQ,1.0,1.0,1.0,7199.557856794634,1000000.0,0.95,1.05,0,0,c,False,True,False,46.67543616,-119.1535682
484,0.0,0.0,0.0,0.0,0.0,0.0,m1108361,PQ,1.0,1.0,1.0,7199.557856794634,1000000.0,0.95,1.05,0,0,c,False,False,False,46.67777932,-119.1554046
485,0.0,0.0,0.0,0.0,0.0,0.0,m1089155,PQ,1.0,1.0,1.0,7199.557856794634,1000000.0,0.95,1.05,0,0,c,False,False,False,46.67954544,-119.155926
486,0.0,0.0,0.0,0.0,0.0,0.0,m1089158,PQ,1.0,1.0,1.0,7199.557856794634,1000000.0,0.95,1.05,0,0,c,False,False,False,46.68095476,-119.1563608
487,0.0,0.0,0.0,0.0,0.0,0.0,m1089162,PQ,1.0,1.0,1.0,7199.557856794634,1000000.0,0.95,1.05,0,0,c,False,False,False,46.6833981,-119.1573215
488,0.0,0.0,0.0,0.0,0.0091003440110786,0.0022815903088058,l3197626,PQ,1.0,1.0,1.0,7199.557856794634,1000000.0,0.95,1.05,0,0,c,False,True,False,46.68331102,-119.1554728
489,0.0,0.0,0.0,0.0,0.0040701538592361,0.0010204475322332,l2991640,PQ,1.0,1.0,1.0,7199.557856794634,1000000.0,0.95,1.05,0,0,c,False,True,False,46.683231,-119.1592611
490,0.0,0.0,0.0,0.0,0.0,0.0,m1089160,PQ,1.0,1.0,1.0,7199.557856794634,1000000.0,0.95,1.05,0,0,c,False,False,False,46.68300832,-119.160999
491,0.0,0.0,0.0,0.0,0.0,0.0,m1089163,PQ,1.0,1.0,1.0,7199.557856794634,1000000.0,0.95,1.05,0,0,c,False,False,False,46.68414174,-119.1614637
492,0.0,0.0,0.0,0.0,0.0040701538723639,0.0010204475616016,l3066807,PQ,1.0,1.0,1.0,7199.557856794634,1000000.0,0.95,1.05,0,0,c,False,True,False,46.68529014,-119.1621857
493,0.0,0.0,0.0,0.0,0.0,0.0,m1089165,PQ,1.0,1.0,1.0,7199.557856794634,1000000.0,0.95,1.05,0,0,c,False,False,False,46.68690502,-119.1586852
494,0.0,0.0,0.0,0.0,0.0101703849249523,0.0025498659714468,l2748128,PQ,1.0,1.0,1.0,7199.557856794634,1000000.0,0.95,1.05,0,0,c,False,True,False,46.68743692,-119.1590551
495,0.0,0.0,0.0,0.0,0.0,0.0,m1089170,PQ,1.0,1.0,1.0,7199.557856794634,1000000.0,0.95,1.05,0,0,c,False,False,False,46.68956446,-119.1605955
496,0.0,0.0,0.0,0.0,0.0,0.0,d6320328-1_int,PQ,1.0,1.0,1.0,7199.557856794634,1000000.0,0.95,1.05,0,0,c,False,False,False,46.68999688,-119.1610476
497,0.0,0.0,0.0,0.0,0.0040701540685283,0.0010204478882579,l3029497,PQ,1.0,1.0,1.0,7199.557856794634,1000000.0,0.95,1.05,0,0,c,False,True,False,46.68997862,-119.1599537
498,0.0,0.0,0.0,0.0,0.0061002309184917,0.0015294182220254,l3085392,PQ,1.0,1.0,1.0,7199.557856794634,1000000.0,0.95,1.05,0,0,c,False,True,False,46.68874864,-119.1615135
499,0.0,0.0,0.0,0.0,0.0131704986488494,0.0033020390959687,l3216343,PQ,1.0,1.0,1.0,7199.557856794634,1000000.0,0.95,1.05,0,0,c,False,True,False,46.68851798,-119.1569152
500,0.0,0.0,0.0,0.0,0.0061002309937577,0.0015294183137544,l3082981,PQ,1.0,1.0,1.0,7199.557856794634,1000000.0,0.95,1.05,0,0,c,False,True,False,46.68806946,-119.1557584
501,0.0,0.0,0.0,0.0,0.0,0.0,m1108368,PQ,1.0,1.0,1.0,7199.557856794634,1000000.0,0.95,1.05,0,0,c,False,False,False,46.68771244,-119.1533421
502,0.0,0.0,0.0,0.0,0.0131704988619398,0.0033020394192284,l3085393,PQ,1.0,1.0,1.0,7199.557856794634,1000000.0,0.95,1.05,0,0,c,False,True,False,46.68871784,-119.1533486
503,0.0,0.0,0.0,0.0,0.0101703852209679,0.0025498664235308,l2897770,PQ,1.0,1.0,1.0,7199.557856794634,1000000.0,0.95,1.05,0,0,c,False,True,False,46.6875893,-119.1521454
504,0.0,0.0,0.0,0.0,0.0101703849323874,0.0025498659722912,l3197627,PQ,1.0,1.0,1.0,7199.557856794634,1000000.0,0.95,1.05,0,0,c,False,True,False,46.68654392,-119.1608133
505,0.0,0.0,0.0,0.0,0.0101703837970872,0.0025498640109911,l2935550,PQ,1.0,1.0,1.0,7199.557856794634,1000000.0,0.95,1.05,0,0,c,False,True,False,46.68014298,-119.157091
506,0.0,0.0,0.0,0.0,0.0,0.0,m3037540,PQ,1.0,1.0,1.0,7199.557856794634,1000000.0,0.95,1.05,0,0,c,False,False,False,46.67979154,-119.1547116
507,0.0,0.0,0.0,0.0,0.0061002302412512,0.0015294170452713,l2822862,PQ,1.0,1.0,1.0,7199.557856794634,1000000.0,0.95,1.05,0,0,c,False,True,False,46.68060298,-119.154943
508,0.0,0.0,0.0,0.0,0.0061002302481182,0.0015294170606356,l3066806,PQ,1.0,1.0,1.0,7199.557856794634,1000000.0,0.95,1.05,0,0,c,False,True,False,46.68079882,-119.1538609
509,0.0,0.0,0.0,0.0,0.009100343457661,0.0022815893240356,l2710509,PQ,1.0,1.0,1.0,7199.557856794634,1000000.0,0.95,1.05,0,0,c,False,True,False,46.67980366,-119.1546562
510,0.0,0.0,0.0,0.0,0.0,0.0,m1108364,PQ,1.0,1.0,1.0,7199.557856794634,1000000.0,0.95,1.05,0,0,c,False,False,False,46.68017766,-119.1529468
511,0.0,0.0,0.0,0.0,0.0101703838901574,0.0025498641823756,l2897766,PQ,1.0,1.0,1.0,7199.557856794634,1000000.0,0.95,1.05,0,0,c,False,True,False,46.6805334,-119.1513559
512,0.0,0.0,0.0,0.0,0.0101703833561449,0.0025498632157069,l3048228,PQ,1.0,1.0,1.0,7199.557856794634,1000000.0,0.95,1.05,0,0,c,False,True,False,46.67795146,-119.1548812
513,0.0,0.0,0.0,0.0,0.0061002299479303,0.001529416502953,l2991940,PQ,1.0,1.0,1.0,7199.557856794634,1000000.0,0.95,1.05,0,0,c,False,True,False,46.67843642,-119.1534392
514,0.0,0.0,0.0,0.0,0.0091003412651525,0.0022815853616347,l3085394,PQ,1.0,1.0,1.0,7199.557856794634,1000000.0,0.95,1.05,0,0,c,False,True,False,46.67242054,-119.1525115
515,0.0,0.0,0.0,0.0,0.0070702651565333,0.0017726163636589,l2822865,PQ,1.0,1.0,1.0,7199.557856794634,1000000.0,0.95,1.05,0,0,c,False,True,False,46.67119534,-119.1516388
516,0.0,0.0,0.0,0.0,0.0061002287975886,0.0015294144470858,l2916606,PQ,1.0,1.0,1.0,7199.557856794634,1000000.0,0.95,1.05,0,0,c,False,True,False,46.67119952,-119.152964
517,0.0,0.0,0.0,0.0,0.0091003413355118,0.0022815855191382,l2822864,PQ,1.0,1.0,1.0,7199.557856794634,1000000.0,0.95,1.05,0,0,c,False,True,False,46.67067124,-119.1538103
518,0.0,0.0,0.0,0.0,0.0101703790311759,0.002549855238244,l3045895,PQ,1.0,1.0,1.0,7199.557856794634,1000000.0,0.95,1.05,0,0,c,False,True,False,46.66875336,-119.1460991
519,0.0,0.0,0.0,0.0,0.0,0.0,m1108329,PQ,1.0,1.0,1.0,7199.557856794634,1000000.0,0.95,1.05,0,0,c,False,False,False,46.66866092,-119.1476299
520,0.0,0.0,0.0,0.0,0.0061002273696489,0.0015294117535632,l2935552,PQ,1.0,1.0,1.0,7199.557856794634,1000000.0,0.95,1.05,0,0,c,False,True,False,46.66855586,-119.1502413
521,0.0,0.0,0.0,0.0,0.0,0.0,m1108334,PQ,1.0,1.0,1.0,7199.557856794634,1000000.0,0.95,1.05,0,0,c,False,False,False,46.67006432,-119.1454317
522,0.0,0.0,0.0,0.0,0.0061002273581749,0.0015294117280918,l2692664,PQ,1.0,1.0,1.0,7199.557856794634,1000000.0,0.95,1.05,0,0,c,False,True,False,46.66984944,-119.1448118
523,0.0,0.0,0.0,0.0,0.0203407555294943,0.005099705696517,l2875754,PQ,1.0,1.0,1.0,7199.557856794634,1000000.0,0.95,1.05,0,0,c,False,True,False,46.66802466,-119.1435132
524,0.0,0.0,0.0,0.0,0.0061002266223138,0.0015294103523053,l3160878,PQ,1.0,1.0,1.0,7199.557856794634,1000000.0,0.95,1.05,0,0,c,False,True,False,46.67099946,-119.1436646
525,0.0,0.0,0.0,0.0,0.006100226642738,0.0015294103980629,l2917336,PQ,1.0,1.0,1.0,7199.557856794634,1000000.0,0.95,1.05,0,0,c,False,True,False,46.67377904,-119.1436757
526,0.0,0.0,0.0,0.0,0.0,0.0,p860843,PQ,1.0,1.0,1.0,7199.557856794634,1000000.0,0.95,1.05,0,0,c,False,False,False,46.66650352,-119.1409022
527,0.0,0.0,0.0,0.0,0.0061002254931157,0.0015294082130917,l3179682,PQ,1.0,1.0,1.0,7199.557856794634,1000000.0,0.95,1.05,0,0,c,False,True,False,46.66677246,-119.1403016
528,0.0,0.0,0.0,0.0,0.0101703759516417,0.0025498494402365,l2786274,PQ,1.0,1.0,1.0,7199.557856794634,1000000.0,0.95,1.05,0,0,c,False,True,False,46.6670352,-119.139946
529,0.0075502004856788,0.0018929364222853,0.0,0.0,0.0,0.0,l3141400,PQ,1.0,1.0,1.0,7199.557856794634,1000000.0,0.95,1.05,0,0,a,False,True,False,46.65711206,-119.1554422
530,0.0,0.0,0.0,0.0,0.0,0.0,m1089144,PQ,1.0,1.0,1.0,7199.557856794634,1000000.0,0.95,1.05,0,0,a,False,False,False,46.65814686,-119.1570202
531,0.0,0.0,0.0,0.0,0.0,0.0,p827522,PQ,1.0,1.0,1.0,7199.557856794634,1000000.0,0.95,1.05,0,0,a,False,False,False,46.6581837,-119.1570245
532,0.0,0.0,0.0,0.0,0.0,0.0,n1142111,PQ,1.0,1.0,1.0,7199.557856794634,1000000.0,0.95,1.05,0,0,a,False,False,False,46.6583325,-119.1570421
533,0.0053201413092141,0.0013338307774949,0.0,0.0,0.0,0.0,l2991912,PQ,1.0,1.0,1.0,7199.557856794634,1000000.0,0.95,1.05,0,0,a,False,True,False,46.65907606,-119.1571299
534,0.005320141362104,0.0013338308847257,0.0,0.0,0.0,0.0,l3104128,PQ,1.0,1.0,1.0,7199.557856794634,1000000.0,0.95,1.05,0,0,a,False,True,False,46.65932148,-119.1590328
535,0.0035500943612252,0.0008900563853602,0.0,0.0,0.0,0.0,l2673315,PQ,1.0,1.0,1.0,7199.557856794634,1000000.0,0.95,1.05,0,0,a,False,True,False,46.65978294,-119.1609499
536,0.0,0.0,0.0,0.0,0.0,0.0,m1089148,PQ,1.0,1.0,1.0,7199.557856794634,1000000.0,0.95,1.05,0,0,a,False,False,False,46.66074674,-119.161871
537,0.0149330641988161,0.0037439201980567,0.0,0.0,0.0,0.0,l2766721,PQ,1.0,1.0,1.0,7199.557856794634,1000000.0,0.95,1.05,0,0,a,False,True,False,46.66117572,-119.1625215
538,0.0065501741962229,0.001642216905543,0.0,0.0,0.0,0.0,l2991906,PQ,1.0,1.0,1.0,7199.557856794634,1000000.0,0.95,1.05,0,0,a,False,True,False,46.66231602,-119.159982
539,0.0088702359085116,0.00222388765447,0.0,0.0,0.0,0.0,l2879054,PQ,1.0,1.0,1.0,7199.557856794634,1000000.0,0.95,1.05,0,0,a,False,True,False,46.66266296,-119.1589614
540,0.0,0.0,0.0,0.0,0.0,0.0,p895105,PQ,1.0,1.0,1.0,7199.557856794634,1000000.0,0.95,1.05,0,0,a,False,False,False,46.65690188,-119.1583725
541,0.0,0.0,0.0,0.0,0.0,0.0,n1142110,PQ,1.0,1.0,1.0,7199.557856794634,1000000.0,0.95,1.05,0,0,a,False,False,False,46.6568713,-119.1582071
542,0.0065501748436041,0.0016422159341553,0.0,0.0,0.0,0.0,l2673316,PQ,1.0,1.0,1.0,7199.557856794634,1000000.0,0.95,1.05,0,0,a,False,True,False,46.65684376,-119.1580579
543,0.0,0.0,0.0,0.0,0.0,0.0,m1089138,PQ,1.0,1.0,1.0,7199.557856794634,1000000.0,0.95,1.05,0,0,a,False,False,False,46.6561416,-119.1576989
544,0.0118703168965316,0.002976046343927,0.0,0.0,0.0,0.0,l2841628,PQ,1.0,1.0,1.0,7199.557856794634,1000000.0,0.95,1.05,0,0,a,False,True,False,46.65476058,-119.15803
545,0.0,0.0,0.0,0.0,0.0,0.0,l3270854,PQ,1.0,1.0,1.0,7199.557856794634,1000000.0,0.95,1.05,0,0,a,False,False,False,46.6543614,-119.1616141
546,0.0,0.0,0.0,0.0,0.0,0.0,p827521,PQ,1.0,1.0,1.0,7199.557856794634,1000000.0,0.95,1.05,0,0,b,False,False,False,46.65345092,-119.1660259
547,0.0,0.0,0.0,0.0,0.0,0.0,n1139546,PQ,1.0,1.0,1.0,7199.557856794634,1000000.0,0.95,1.05,0,0,b,False,False,False,46.65334524,-119.1659339
548,0.0,0.0,0.0,0.0,0.0,0.0,d5955074-2_int,PQ,1.0,1.0,1.0,7199.557856794634,1000000.0,0.95,1.05,0,0,b,False,False,False,46.65275354,-119.1653817
549,0.0,0.0,0.0,0.0,0.0,0.0,l2970842,PQ,1.0,1.0,1.0,7199.557856794634,1000000.0,0.95,1.05,0,0,b,False,False,False,46.65235596,-119.1650721
550,0.0,0.0,0.0,0.0,0.0,0.0,m1089113,PQ,1.0,1.0,1.0,7199.557856794634,1000000.0,0.95,1.05,0,0,b,False,False,False,46.65152302,-119.1643515
551,0.0,0.0,0.0058401890185645,0.0014641588426237,0.0,0.0,l2691946,PQ,1.0,1.0,1.0,7199.557856794634,1000000.0,0.95,1.05,0,0,b,False,True,False,46.65081114,-119.1653351
552,0.0,0.0,0.0,0.0,0.0,0.0,m1089103,PQ,1.0,1.0,1.0,7199.557856794634,1000000.0,0.95,1.05,0,0,b,False,False,False,46.64654954,-119.1599998
553,0.0,0.0,0.0058401895379999,0.0014641598559561,0.0,0.0,l3048196,PQ,1.0,1.0,1.0,7199.557856794634,1000000.0,0.95,1.05,0,0,b,False,True,False,46.64589598,-119.159232
554,0.0,0.0,0.0,0.0,0.0,0.0,m1089097,PQ,1.0,1.0,1.0,7199.557856794634,1000000.0,0.95,1.05,0,0,b,False,False,False,46.64304888,-119.1559837
555,0.0,0.0,0.0,0.0,0.0,0.0,m1108268,PQ,1.0,1.0,1.0,7199.557856794634,1000000.0,0.95,1.05,0,0,b,False,False,False,46.64119394,-119.1549581
556,0.0,0.0,0.0,0.0,0.0,0.0,m1108267,PQ,1.0,1.0,1.0,7199.557856794634,1000000.0,0.95,1.05,0,0,b,False,False,False,46.63522818,-119.1542567
557,0.0,0.0,0.0,0.0,0.0,0.0,m1108266,PQ,1.0,1.0,1.0,7199.557856794634,1000000.0,0.95,1.05,0,0,b,False,False,False,46.63249838,-119.1542822
558,0.0,0.0,0.0,0.0,0.0,0.0,m1108265,PQ,1.0,1.0,1.0,7199.557856794634,1000000.0,0.95,1.05,0,0,b,False,False,False,46.63052832,-119.1543006
559,0.0,0.0,0.0,0.0,0.0,0.0,m1108264,PQ,1.0,1.0,1.0,7199.557856794634,1000000.0,0.95,1.05,0,0,b,False,False,False,46.61690872,-119.1514366
560,0.0,0.0,0.0,0.0,0.0,0.0,m1108263,PQ,1.0,1.0,1.0,7199.557856794634,1000000.0,0.95,1.05,0,0,b,False,False,False,46.61553098,-119.1509818
561,0.0,0.0,0.0,0.0,0.0,0.0,n1142112,PQ,1.0,1.0,1.0,7199.557856794634,1000000.0,0.95,1.05,0,0,b,False,False,False,46.61418638,-119.1497598
562,0.0,0.0,0.0,0.0,0.0,0.0,p827496,PQ,1.0,1.0,1.0,7199.557856794634,1000000.0,0.95,1.05,0,0,b,False,False,False,46.61404508,-119.1496314
563,0.0,0.0,0.0,0.0,0.0,0.0,m1108262,PQ,1.0,1.0,1.0,7199.557856794634,1000000.0,0.95,1.05,0,0,b,False,False,False,46.61399302,-119.149584
564,0.0,0.0,0.0,0.0,0.0,0.0,m1108261,PQ,1.0,1.0,1.0,7199.557856794634,1000000.0,0.95,1.05,0,0,b,False,False,False,46.61394062,-119.1495373
565,0.0,0.0,0.0,0.0,0.0,0.0,m1108260,PQ,1.0,1.0,1.0,7199.557856794634,1000000.0,0.95,1.05,0,0,b,False,False,False,46.61338066,-119.1490374
566,0.0,0.0,0.0,0.0,0.0,0.0,m1108259,PQ,1.0,1.0,1.0,7199.557856794634,1000000.0,0.95,1.05,0,0,b,False,False,False,46.61297194,-119.1486726
567,0.0,0.0,0.0,0.0,0.0,0.0,m1108258,PQ,1.0,1.0,1.0,7199.557856794634,1000000.0,0.95,1.05,0,0,b,False,False,False,46.61237758,-119.1483268
568,0.0,0.0,0.0058401904019792,0.0014641617282564,0.0,0.0,l3195318,PQ,1.0,1.0,1.0,7199.557856794634,1000000.0,0.95,1.05,0,0,b,False,True,False,46.61255352,-119.1475725
569,0.0,0.0,0.0,0.0,0.0,0.0,m1108257,PQ,1.0,1.0,1.0,7199.557856794634,1000000.0,0.95,1.05,0,0,b,False,False,False,46.61176356,-119.1482388
570,0.0,0.0,0.0038901268840233,0.0009752722420238,0.0,0.0,l3142078,PQ,1.0,1.0,1.0,7199.557856794634,1000000.0,0.95,1.05,0,0,b,False,True,False,46.60553526,-119.148607
571,0.0,0.0,0.0088402883699581,0.0022162999631677,0.0,0.0,l2879752,PQ,1.0,1.0,1.0,7199.557856794634,1000000.0,0.95,1.05,0,0,b,False,True,False,46.60363668,-119.1489922
572,0.0,0.0,0.0,0.0,0.0,0.0,m1108270,PQ,1.0,1.0,1.0,7199.557856794634,1000000.0,0.95,1.05,0,0,b,False,False,False,46.64318526,-119.154569
573,0.0,0.0,0.0088402874578849,0.0022162977872679,0.0,0.0,l2785516,PQ,1.0,1.0,1.0,7199.557856794634,1000000.0,0.95,1.05,0,0,b,False,True,False,46.64344196,-119.1524778
574,0.0,0.0,0.0,0.0,0.0,0.0,m1108274,PQ,1.0,1.0,1.0,7199.557856794634,1000000.0,0.95,1.05,0,0,b,False,False,False,46.64382028,-119.1499283
575,0.0,0.0,0.0,0.0,0.0,0.0,m1108269,PQ,1.0,1.0,1.0,7199.557856794634,1000000.0,0.95,1.05,0,0,b,False,False,False,46.64296172,-119.1497205
576,0.0,0.0,0.0097303165437252,0.0024394320656589,0.0,0.0,l2729405,PQ,1.0,1.0,1.0,7199.557856794634,1000000.0,0.95,1.05,0,0,b,False,True,False,46.64195128,-119.1494438
577,0.0,0.0,0.0,0.0,0.0,0.0,m1108276,PQ,1.0,1.0,1.0,7199.557856794634,1000000.0,0.95,1.05,0,0,b,False,False,False,46.64395496,-119.1490374
578,0.0,0.0,0.0097303165728146,0.0024394321157635,0.0,0.0,l2786273,PQ,1.0,1.0,1.0,7199.557856794634,1000000.0,0.95,1.05,0,0,b,False,True,False,46.64406046,-119.1483397
579,0.0,0.0,0.0,0.0,0.0,0.0,m1108278,PQ,1.0,1.0,1.0,7199.557856794634,1000000.0,0.95,1.05,0,0,b,False,False,False,46.64433728,-119.1465196
580,0.0,0.0,0.0145904748108542,0.0036578947922621,0.0,0.0,l3179699,PQ,1.0,1.0,1.0,7199.557856794634,1000000.0,0.95,1.05,0,0,b,False,True,False,46.64278652,-119.14586
581,0.0,0.0,0.0038901265834992,0.0009752714554194,0.0,0.0,l2805036,PQ,1.0,1.0,1.0,7199.557856794634,1000000.0,0.95,1.05,0,0,b,False,True,False,46.64452624,-119.1454061
582,0.0,0.0,0.0058901911080573,0.0014766953727646,0.0,0.0,l2673305,PQ,1.0,1.0,1.0,7199.557856794634,1000000.0,0.95,1.05,0,0,b,False,True,False,46.64676402,-119.1581429
583,0.0053201446662141,0.00133382818244,0.0,0.0,0.0,0.0,l3048208,PQ,1.0,1.0,1.0,7199.557856794634,1000000.0,0.95,1.05,0,0,a,False,True,False,46.65248016,-119.1670498
584,0.0,0.0,0.0,0.0,0.0091003043903692,0.0022815132881463,l2860487,PQ,1.0,1.0,1.0,7199.557856794634,1000000.0,0.95,1.05,0,0,c,False,True,False,46.65165688,-119.17363
585,0.0088702427559283,0.0022238752680172,0.0,0.0,0.0,0.0,l2879064,PQ,1.0,1.0,1.0,7199.557856794634,1000000.0,0.95,1.05,0,0,a,False,True,False,46.64832328,-119.1749061
586,0.0,0.0,0.0,0.0,0.0,0.0,p827508,PQ,1.0,1.0,1.0,7199.557856794634,1000000.0,0.95,1.05,0,0,a,False,False,False,46.64886176,-119.1763437
587,0.0,0.0,0.0,0.0,0.0,0.0,n1139540,PQ,1.0,1.0,1.0,7199.557856794634,1000000.0,0.95,1.05,0,0,a,False,False,False,46.64897938,-119.1764073
588,0.0088702430303072,0.0022238758349382,0.0,0.0,0.0,0.0,l2991907,PQ,1.0,1.0,1.0,7199.557856794634,1000000.0,0.95,1.05,0,0,a,False,True,False,46.65006862,-119.1769972
589,0.0,0.0,0.0,0.0,0.0,0.0,m1069192,PQ,1.0,1.0,1.0,7199.557856794634,1000000.0,0.95,1.05,0,0,a,False,False,False,46.65081562,-119.1773946
590,0.0088702431947642,0.0022238761778554,0.0,0.0,0.0,0.0,l3235253,PQ,1.0,1.0,1.0,7199.557856794634,1000000.0,0.95,1.05,0,0,a,False,True,False,46.65075842,-119.1759993
591,0.0053201458590442,0.0013338242621791,0.0,0.0,0.0,0.0,l2991913,PQ,1.0,1.0,1.0,7199.557856794634,1000000.0,0.95,1.05,0,0,a,False,True,False,46.65180598,-119.1763445
592,0.0,0.0,0.0,0.0,0.0,0.0,m1069191,PQ,1.0,1.0,1.0,7199.557856794634,1000000.0,0.95,1.05,0,0,a,False,False,False,46.65063184,-119.1783124
593,0.008870243414793,0.0022238766209627,0.0,0.0,0.0,0.0,l3195315,PQ,1.0,1.0,1.0,7199.557856794634,1000000.0,0.95,1.05,0,0,a,False,True,False,46.65049314,-119.1791069
594,0.0,0.0,0.0,0.0,0.0,0.0,m1069181,PQ,1.0,1.0,1.0,7199.557856794634,1000000.0,0.95,1.05,0,0,a,False,False,False,46.6502237,-119.1805123
595,0.0053201461016755,0.0013338247514636,0.0,0.0,0.0,0.0,l2804253,PQ,1.0,1.0,1.0,7199.557856794634,1000000.0,0.95,1.05,0,0,a,False,True,False,46.65000894,-119.1803309
596,0.0083202285045331,0.0020859815999293,0.0,0.0,0.0,0.0,l2748146,PQ,1.0,1.0,1.0,7199.557856794634,1000000.0,0.95,1.05,0,0,a,False,True,False,46.651584,-119.1809928
597,0.0053201461824995,0.0013338249096668,0.0,0.0,0.0,0.0,l2973151,PQ,1.0,1.0,1.0,7199.557856794634,1000000.0,0.95,1.05,0,0,a,False,True,False,46.65037902,-119.1817911
598,0.0,0.0,0.0,0.0,0.0,0.0,m1069187,PQ,1.0,1.0,1.0,7199.557856794634,1000000.0,0.95,1.05,0,0,a,False,False,False,46.65057034,-119.1830861
599,0.0163004481755407,0.0040867197112803,0.0,0.0,0.0,0.0,l2748129,PQ,1.0,1.0,1.0,7199.557856794634,1000000.0,0.95,1.05,0,0,a,False,True,False,46.64937576,-119.1834659
600,0.0128703539408201,0.0032267537104688,0.0,0.0,0.0,0.0,l2785519,PQ,1.0,1.0,1.0,7199.557856794634,1000000.0,0.95,1.05,0,0,a,False,True,False,46.65054956,-119.1840121
601,0.0128703539969032,0.0032267538304271,0.0,0.0,0.0,0.0,l3104122,PQ,1.0,1.0,1.0,7199.557856794634,1000000.0,0.95,1.05,0,0,a,False,True,False,46.65049724,-119.1845677
602,0.008870244059044,0.0022238779309305,0.0,0.0,0.0,0.0,l2804283,PQ,1.0,1.0,1.0,7199.557856794634,1000000.0,0.95,1.05,0,0,a,False,True,False,46.65023942,-119.1860488
603,0.0088702441619918,0.0022238781671703,0.0,0.0,0.0,0.0,l2916627,PQ,1.0,1.0,1.0,7199.557856794634,1000000.0,0.95,1.05,0,0,a,False,True,False,46.6495869,-119.1882141
604,0.0088702442065882,0.0022238782695103,0.0,0.0,0.0,0.0,l2673310,PQ,1.0,1.0,1.0,7199.557856794634,1000000.0,0.95,1.05,0,0,a,False,True,False,46.64921746,-119.189469
605,0.0088702442366963,0.0022238783386029,0.0,0.0,0.0,0.0,l3104121,PQ,1.0,1.0,1.0,7199.557856794634,1000000.0,0.95,1.05,0,0,a,False,True,False,46.64878924,-119.1907151
606,0.0088702442429962,0.0022238783530601,0.0,0.0,0.0,0.0,l3104113,PQ,1.0,1.0,1.0,7199.557856794634,1000000.0,0.95,1.05,0,0,a,False,True,False,46.64847238,-119.1911319
607,0.0,0.0,0.0,0.0,0.0070702247383863,0.0017725387932877,l2710510,PQ,1.0,1.0,1.0,7199.557856794634,1000000.0,0.95,1.05,0,0,c,False,True,False,46.64577436,-119.1806495
608,0.0,0.0,0.0,0.0,0.0101703232927471,0.0025497481839634,l3197628,PQ,1.0,1.0,1.0,7199.557856794634,1000000.0,0.95,1.05,0,0,c,False,True,False,46.64654204,-119.1811305
609,0.008320225738376,0.002085967266765,0.0,0.0,0.0,0.0,l3085395,PQ,1.0,1.0,1.0,7199.557856794634,1000000.0,0.95,1.05,0,0,a,False,True,False,46.6442841,-119.1809635
610,0.0,0.0,0.0,0.0,0.0084089989607538,0.002108171166057,l3254210,PQ,1.0,1.0,1.0,7199.557856794634,1000000.0,0.95,1.05,0,0,c,False,True,False,46.645491,-119.1829292
611,0.0,0.0,0.0,0.0,0.0,0.0,n1139539,PQ,1.0,1.0,1.0,7199.557856794634,1000000.0,0.95,1.05,0,0,a,False,False,False,46.63848088,-119.1871952
612,0.0053201430080661,0.0013338061682404,0.0,0.0,0.0,0.0,l2710520,PQ,1.0,1.0,1.0,7199.557856794634,1000000.0,0.95,1.05,0,0,a,False,True,False,46.63748634,-119.1855624
613,0.0,0.0,0.0,0.0,0.0,0.0,m1069131,PQ,1.0,1.0,1.0,7199.557856794634,1000000.0,0.95,1.05,0,0,a,False,False,False,46.63763888,-119.1848526
614,0.0,0.0,0.0,0.0,0.0,0.0,p827534,PQ,1.0,1.0,1.0,7199.557856794634,1000000.0,0.95,1.05,0,0,a,False,False,False,46.6375945,-119.1847123
615,0.0,0.0,0.0,0.0,0.0,0.0,m1069130,PQ,1.0,1.0,1.0,7199.557856794634,1000000.0,0.95,1.05,0,0,a,False,False,False,46.63756936,-119.184633
616,0.0088702384875579,0.0022238461070492,0.0,0.0,0.0,0.0,l3085396,PQ,1.0,1.0,1.0,7199.557856794634,1000000.0,0.95,1.05,0,0,a,False,True,False,46.63716984,-119.183371
617,0.0053201430541929,0.0013338062688311,0.0,0.0,0.0,0.0,l3122813,PQ,1.0,1.0,1.0,7199.557856794634,1000000.0,0.95,1.05,0,0,a,False,True,False,46.6358969,-119.1798002
618,0.0,0.0,0.0,0.0,0.0,0.0,m1069133,PQ,1.0,1.0,1.0,7199.557856794634,1000000.0,0.95,1.05,0,0,a,False,False,False,46.63773764,-119.1848186
619,0.0118703191276579,0.0029759924229661,0.0,0.0,0.0,0.0,l2710521,PQ,1.0,1.0,1.0,7199.557856794634,1000000.0,0.95,1.05,0,0,a,False,True,False,46.63798736,-119.1847326
620,0.0,0.0,0.0,0.0,0.0,0.0,p827533,PQ,1.0,1.0,1.0,7199.557856794634,1000000.0,0.95,1.05,0,0,b,False,False,False,46.63883864,-119.1877273
621,0.0,0.0,0.0,0.0,0.0,0.0,n1139538,PQ,1.0,1.0,1.0,7199.557856794634,1000000.0,0.95,1.05,0,0,b,False,False,False,46.63893486,-119.1878387
622,0.0,0.0,0.0127303717906901,0.0031915383889997,0.0,0.0,l3066818,PQ,1.0,1.0,1.0,7199.557856794634,1000000.0,0.95,1.05,0,0,b,False,True,False,46.63929254,-119.188253
623,0.0,0.0,0.0,0.0,0.0,0.0,d5653469-1_int,PQ,1.0,1.0,1.0,7199.557856794634,1000000.0,0.95,1.05,0,0,b,False,False,False,46.6394679,-119.1887233
624,0.0,0.0,0.0097302844581808,0.002439408872649,0.0,0.0,l3178981,PQ,1.0,1.0,1.0,7199.557856794634,1000000.0,0.95,1.05,0,0,b,False,True,False,46.6397892,-119.1890861
625,0.0,0.0,0.0,0.0,0.0,0.0,m1047368,PQ,1.0,1.0,1.0,7199.557856794634,1000000.0,0.95,1.05,0,0,b,False,False,False,46.64190236,-119.191792
626,0.0,0.0,0.0127303735071316,0.0031915414304849,0.0,0.0,l2748130,PQ,1.0,1.0,1.0,7199.557856794634,1000000.0,0.95,1.05,0,0,b,False,True,False,46.64275346,-119.1914081
627,0.0,0.0,0.0145904281108049,0.003657862532335,0.0,0.0,l3254212,PQ,1.0,1.0,1.0,7199.557856794634,1000000.0,0.95,1.05,0,0,b,False,True,False,46.64325474,-119.1903276
628,0.0,0.0,0.0058401713333244,0.0014641478146314,0.0,0.0,l2785528,PQ,1.0,1.0,1.0,7199.557856794634,1000000.0,0.95,1.05,0,0,b,False,True,False,46.64154006,-119.1923718
629,0.0,0.0,0.0088402597843296,0.002216279327869,0.0,0.0,l2841620,PQ,1.0,1.0,1.0,7199.557856794634,1000000.0,0.95,1.05,0,0,b,False,True,False,46.64316906,-119.1932758
630,0.0,0.0,0.0038901146738653,0.0009752638231087,0.0,0.0,l2785520,PQ,1.0,1.0,1.0,7199.557856794634,1000000.0,0.95,1.05,0,0,b,False,True,False,46.64485334,-119.1967526
631,0.0,0.0,0.0,0.0,0.0,0.0,m1047386,PQ,1.0,1.0,1.0,7199.557856794634,1000000.0,0.95,1.05,0,0,b,False,False,False,46.6447013,-119.199047
632,0.0,0.0,0.0,0.0,0.0,0.0,m1047388,PQ,1.0,1.0,1.0,7199.557856794634,1000000.0,0.95,1.05,0,0,b,False,False,False,46.6450179,-119.2013063
633,0.0,0.0,0.0058401730005446,0.0014641508111361,0.0,0.0,l2691942,PQ,1.0,1.0,1.0,7199.557856794634,1000000.0,0.95,1.05,0,0,b,False,True,False,46.64373028,-119.2046385
634,0.0,0.0,0.0,0.0,0.0,0.0,m1047374,PQ,1.0,1.0,1.0,7199.557856794634,1000000.0,0.95,1.05,0,0,b,False,False,False,46.64325924,-119.2057907
635,0.0,0.0,0.0057567750052958,0.0014432429905045,0.0,0.0,l2689678,PQ,1.0,1.0,1.0,7199.557856794634,1000000.0,0.95,1.05,0,0,b,False,True,False,46.64275712,-119.20719
636,0.0,0.0,0.0,0.0,0.0,0.0,m1026463,PQ,1.0,1.0,1.0,7199.557856794634,1000000.0,0.95,1.05,0,0,b,False,False,False,46.6479116,-119.2094002
637,0.0,0.0,0.0,0.0,0.0,0.0,m1026468,PQ,1.0,1.0,1.0,7199.557856794634,1000000.0,0.95,1.05,0,0,b,False,False,False,46.64816054,-119.2100351
638,0.0,0.0,0.0,0.0,0.0,0.0,p901909,PQ,1.0,1.0,1.0,7199.557856794634,1000000.0,0.95,1.05,0,0,b,False,False,False,46.64821678,-119.2101858
639,0.0,0.0,0.0,0.0,0.0,0.0,m1026472,PQ,1.0,1.0,1.0,7199.557856794634,1000000.0,0.95,1.05,0,0,b,False,False,False,46.6483373,-119.2105086
640,0.0,0.0,0.0,0.0,0.0,0.0,d5472341-1_int,PQ,1.0,1.0,1.0,7199.557856794634,1000000.0,0.95,1.05,0,0,b,False,False,False,46.64835404,-119.2105506
641,0.0,0.0,0.0,0.0,0.0,0.0,f739842,PQ,1.0,1.0,1.0,7199.557856794634,1000000.0,0.95,1.05,0,0,b,False,False,False,46.64837412,-119.2106072
642,0.0,0.0,0.0058401737416118,0.0014641520980231,0.0,0.0,l0247162,PQ,1.0,1.0,1.0,7199.557856794634,1000000.0,0.95,1.05,0,0,b,False,True,False,46.6483,-119.2106
643,0.0,0.0,0.0038901157861515,0.0009752657846904,0.0,0.0,l2766732,PQ,1.0,1.0,1.0,7199.557856794634,1000000.0,0.95,1.05,0,0,b,False,True,False,46.64919712,-119.2110555
644,0.0,0.0,0.0,0.0,0.0,0.0,m1026485,PQ,1.0,1.0,1.0,7199.557856794634,1000000.0,0.95,1.05,0,0,b,False,False,False,46.6493467,-119.2112078
645,0.0,0.0,0.0,0.0,0.0,0.0,p827542,PQ,1.0,1.0,1.0,7199.557856794634,1000000.0,0.95,1.05,0,0,b,False,False,False,46.64939414,-119.2113205
646,0.0,0.0,0.0,0.0,0.0,0.0,m1026486,PQ,1.0,1.0,1.0,7199.557856794634,1000000.0,0.95,1.05,0,0,b,False,False,False,46.64942416,-119.2113918
647,0.0,0.0,0.0,0.0,0.0,0.0,m1026488,PQ,1.0,1.0,1.0,7199.557856794634,1000000.0,0.95,1.05,0,0,b,False,False,False,46.64949368,-119.2115571
648,0.0,0.0,0.0,0.0,0.0,0.0,d6047588-1_int,PQ,1.0,1.0,1.0,7199.557856794634,1000000.0,0.95,1.05,0,0,b,False,False,False,46.64950836,-119.2115949
649,0.0,0.0,0.0,0.0,0.0,0.0,f739844,PQ,1.0,1.0,1.0,7199.557856794634,1000000.0,0.95,1.05,0,0,b,False,False,False,46.64952884,-119.2116406
650,0.0,0.0,0.0058401738530277,0.0014641522738542,0.0,0.0,l0247171,PQ,1.0,1.0,1.0,7199.557856794634,1000000.0,0.95,1.05,0,0,b,False,True,False,46.6495,-119.21164
651,0.0,0.0,0.0,0.0,0.0,0.0,m1026487,PQ,1.0,1.0,1.0,7199.557856794634,1000000.0,0.95,1.05,0,0,b,False,False,False,46.64948248,-119.2112246
652,0.0,0.0,0.0145904343599356,0.0036578736039346,0.0,0.0,l2897784,PQ,1.0,1.0,1.0,7199.557856794634,1000000.0,0.95,1.05,0,0,b,False,True,False,46.6496183,-119.2112414
653,0.0,0.0,0.0,0.0,0.0,0.0,m1026496,PQ,1.0,1.0,1.0,7199.557856794634,1000000.0,0.95,1.05,0,0,b,False,False,False,46.65023026,-119.2115099
654,0.0,0.0,0.0389011583690284,0.0097526586102162,0.0,0.0,l2691959,PQ,1.0,1.0,1.0,7199.557856794634,1000000.0,0.95,1.05,0,0,b,False,True,False,46.65084542,-119.2117897
655,0.0,0.0,0.0,0.0,0.0,0.0,m1026492,PQ,1.0,1.0,1.0,7199.557856794634,1000000.0,0.95,1.05,0,0,b,False,False,False,46.6500221,-119.2104208
656,0.0,0.0,0.0194505790624912,0.004876329121665,0.0,0.0,l3048231,PQ,1.0,1.0,1.0,7199.557856794634,1000000.0,0.95,1.05,0,0,b,False,True,False,46.65077602,-119.2102582
657,0.0,0.0,0.0,0.0,0.0,0.0,p827495,PQ,1.0,1.0,1.0,7199.557856794634,1000000.0,0.95,1.05,0,0,b,False,False,False,46.64801056,-119.2090653
658,0.0,0.0,0.0,0.0,0.0,0.0,m1026466,PQ,1.0,1.0,1.0,7199.557856794634,1000000.0,0.95,1.05,0,0,b,False,False,False,46.64806348,-119.2087856
659,0.0,0.0,0.0,0.0,0.0,0.0,d5865224-1_int,PQ,1.0,1.0,1.0,7199.557856794634,1000000.0,0.95,1.05,0,0,b,False,False,False,46.6480709,-119.208749
660,0.0,0.0,0.0,0.0,0.0,0.0,f739841,PQ,1.0,1.0,1.0,7199.557856794634,1000000.0,0.95,1.05,0,0,b,False,False,False,46.648083,-119.2086814
661,0.0,0.0,0.0088402629322457,0.0022162849294749,0.0,0.0,l0247160,PQ,1.0,1.0,1.0,7199.557856794634,1000000.0,0.95,1.05,0,0,b,False,True,False,46.64806,-119.20868
662,0.0,0.0,0.003890115311454,0.0009752649794207,0.0,0.0,l2879065,PQ,1.0,1.0,1.0,7199.557856794634,1000000.0,0.95,1.05,0,0,b,False,True,False,46.64496946,-119.2057167
663,0.0,0.0,0.0088402620760533,0.0022162834701625,0.0,0.0,l3197629,PQ,1.0,1.0,1.0,7199.557856794634,1000000.0,0.95,1.05,0,0,b,False,True,False,46.64604864,-119.2042646
664,0.0,0.0,0.0109045042268631,0.0027337945449551,0.0,0.0,l2729407,PQ,1.0,1.0,1.0,7199.557856794634,1000000.0,0.95,1.05,0,0,b,False,True,False,46.64563548,-119.2009013
665,0.0,0.0,0.0097302873305315,0.0024394139873755,0.0,0.0,l3254211,PQ,1.0,1.0,1.0,7199.557856794634,1000000.0,0.95,1.05,0,0,b,False,True,False,46.645487,-119.1990598
666,0.0,0.0,0.0,0.0,0.0,0.0,m1047379,PQ,1.0,1.0,1.0,7199.557856794634,1000000.0,0.95,1.05,0,0,b,False,False,False,46.64340946,-119.1985419
667,0.0,0.0,0.0058401725124976,0.0014641499050229,0.0,0.0,l3119793,PQ,1.0,1.0,1.0,7199.557856794634,1000000.0,0.95,1.05,0,0,b,False,True,False,46.6432313,-119.1994072
668,0.0,0.0,0.0,0.0,0.0,0.0,m1047371,PQ,1.0,1.0,1.0,7199.557856794634,1000000.0,0.95,1.05,0,0,b,False,False,False,46.64294504,-119.2000605
669,0.0,0.0,0.0,0.0,0.0,0.0,p841985,PQ,1.0,1.0,1.0,7199.557856794634,1000000.0,0.95,1.05,0,0,b,False,False,False,46.64291816,-119.2000876
670,0.0,0.0,0.0,0.0,0.0,0.0,221-306687,PQ,1.0,1.0,1.0,7199.557856794634,1000000.0,0.95,1.05,0,0,b,False,False,False,46.64289938,-119.2001065
671,0.0,0.0,0.0145904311365625,0.0036578678799764,0.0,0.0,l2916625,PQ,1.0,1.0,1.0,7199.557856794634,1000000.0,0.95,1.05,0,0,b,False,True,False,46.64188228,-119.2019149
672,0.0,0.0,0.0145904311948027,0.0036578679663118,0.0,0.0,l3139598,PQ,1.0,1.0,1.0,7199.557856794634,1000000.0,0.95,1.05,0,0,b,False,True,False,46.64196604,-119.2042992
673,0.0,0.0,0.0,0.0,0.0101702945176936,0.0025496986347344,l3254219,PQ,1.0,1.0,1.0,7199.557856794634,1000000.0,0.95,1.05,0,0,c,False,True,False,46.6361518,-119.1914379
674,0.0,0.0,0.0,0.0,0.0101702945303088,0.0025496986534081,l3254220,PQ,1.0,1.0,1.0,7199.557856794634,1000000.0,0.95,1.05,0,0,c,False,True,False,46.63706328,-119.191559
675,0.0,0.0,0.0,0.0,0.0,0.0,p895104,PQ,1.0,1.0,1.0,7199.557856794634,1000000.0,0.95,1.05,0,0,a,False,False,False,46.63425772,-119.1932691
676,0.0,0.0,0.0,0.0,0.0,0.0,n1139537,PQ,1.0,1.0,1.0,7199.557856794634,1000000.0,0.95,1.05,0,0,a,False,False,False,46.6344522,-119.1933403
677,0.0088702339899704,0.0022238323872122,0.0,0.0,0.0,0.0,l3122826,PQ,1.0,1.0,1.0,7199.557856794634,1000000.0,0.95,1.05,0,0,a,False,True,False,46.63588304,-119.1938641
678,0.0,0.0,0.0,0.0,0.0,0.0,m1047358,PQ,1.0,1.0,1.0,7199.557856794634,1000000.0,0.95,1.05,0,0,a,False,False,False,46.63736032,-119.1937282
679,0.0065501728265373,0.001642176202231,0.0,0.0,0.0,0.0,l2729411,PQ,1.0,1.0,1.0,7199.557856794634,1000000.0,0.95,1.05,0,0,a,False,True,False,46.63850484,-119.1927986
680,0.0035500936668279,0.0008900344244114,0.0,0.0,0.0,0.0,l2897781,PQ,1.0,1.0,1.0,7199.557856794634,1000000.0,0.95,1.05,0,0,a,False,True,False,46.63865926,-119.1937849
681,0.0083202195204968,0.0020859398274566,0.0,0.0,0.0,0.0,l3197644,PQ,1.0,1.0,1.0,7199.557856794634,1000000.0,0.95,1.05,0,0,a,False,True,False,46.6371126,-119.1935397
682,0.0,0.0,0.0,0.0,0.0,0.0,n1145954,PQ,1.0,1.0,1.0,7199.557856794634,1000000.0,0.95,1.05,0,0,abc,False,False,False,46.62610526,-119.2029393
683,0.0,0.0,0.0,0.0,0.0,0.0,p827580,PQ,1.0,1.0,1.0,7199.557856794634,1000000.0,0.95,1.05,0,0,abc,False,False,False,46.62607268,-119.2028489
684,0.0,0.0,0.0,0.0,0.0,0.0,d5686080-1_int,PQ,1.0,1.0,1.0,7199.557856794634,1000000.0,0.95,1.05,0,0,abc,False,False,False,46.62602,-119.2028
685,0.0,0.0,0.0,0.0,0.0,0.0,f739845,PQ,1.0,1.0,1.0,7199.557856794634,1000000.0,0.95,1.05,0,0,abc,False,False,False,46.62602854,-119.2027223
686,0.0088702233691157,0.0022238024058413,0.012730332168629,0.0031914888077292,0.0101702653899396,0.0025496486483371,293471,PQ,1.0,1.0,1.0,7199.557856794634,1000000.0,0.95,1.05,0,0,abc,False,True,False,46.6259,-119.2027
687,0.0,0.0,0.0,0.0,0.0,0.0,m1047299,PQ,1.0,1.0,1.0,7199.557856794634,1000000.0,0.95,1.05,0,0,abc,False,False,False,46.62408654,-119.2054971
688,0.0,0.0,0.0,0.0,0.0,0.0,l3139121,PQ,1.0,1.0,1.0,7199.557856794634,1000000.0,0.95,1.05,0,0,abc,False,False,False,46.6236783,-119.2060926
689,0.008870225124106,0.0022237992330874,0.0,0.0,0.0,0.0,l2763153,PQ,1.0,1.0,1.0,7199.557856794634,1000000.0,0.95,1.05,0,0,abc,False,True,False,46.623081,-119.2071597
690,0.0,0.0,0.0,0.0,0.0,0.0,m1047293,PQ,1.0,1.0,1.0,7199.557856794634,1000000.0,0.95,1.05,0,0,abc,False,False,False,46.62264224,-119.2077995
691,0.0,0.0,0.0,0.0,0.0,0.0,m1047292,PQ,1.0,1.0,1.0,7199.557856794634,1000000.0,0.95,1.05,0,0,abc,False,False,False,46.62245572,-119.2080613
692,0.0,0.0,0.0,0.0,0.0152603957102186,0.0038257186971583,l2766750,PQ,1.0,1.0,1.0,7199.557856794634,1000000.0,0.95,1.05,0,0,c,False,True,False,46.62295142,-119.2088625
693,0.0,0.0,0.0097302567184894,0.0024393751786877,0.0,0.0,l2691954,PQ,1.0,1.0,1.0,7199.557856794634,1000000.0,0.95,1.05,0,0,abc,False,True,False,46.62170188,-119.209281
694,0.0,0.0,0.0058401547494829,0.0014641275225402,0.0,0.0,l3122849,PQ,1.0,1.0,1.0,7199.557856794634,1000000.0,0.95,1.05,0,0,abc,False,True,False,46.62116826,-119.2101758
695,0.0,0.0,0.0,0.0,0.0,0.0,m1026357,PQ,1.0,1.0,1.0,7199.557856794634,1000000.0,0.95,1.05,0,0,abc,False,False,False,46.62041678,-119.211294
696,0.0,0.0,0.0,0.0,0.0061001598281718,0.0015292858441082,l3178997,PQ,1.0,1.0,1.0,7199.557856794634,1000000.0,0.95,1.05,0,0,c,False,True,False,46.62124214,-119.2114542
697,0.0,0.0,0.0,0.0,0.0,0.0,m1026363,PQ,1.0,1.0,1.0,7199.557856794634,1000000.0,0.95,1.05,0,0,c,False,False,False,46.62166624,-119.2116994
698,0.0,0.0,0.0,0.0,0.0101702665228349,0.0025496455244699,l2897779,PQ,1.0,1.0,1.0,7199.557856794634,1000000.0,0.95,1.05,0,0,c,False,True,False,46.62281774,-119.2123639
699,0.0,0.0,0.0,0.0,0.0061001598767995,0.0015292859452235,l2804261,PQ,1.0,1.0,1.0,7199.557856794634,1000000.0,0.95,1.05,0,0,c,False,True,False,46.6241717,-119.2126832
700,0.0,0.0,0.0,0.0,0.006100159884612,0.0015292859632324,l3178980,PQ,1.0,1.0,1.0,7199.557856794634,1000000.0,0.95,1.05,0,0,c,False,True,False,46.6255612,-119.2126429
701,0.0,0.0,0.0,0.0,0.0,0.0,m1026356,PQ,1.0,1.0,1.0,7199.557856794634,1000000.0,0.95,1.05,0,0,abc,False,False,False,46.6201627,-119.2116994
702,0.0,0.0,0.0,0.0,0.0,0.0,m1026354,PQ,1.0,1.0,1.0,7199.557856794634,1000000.0,0.95,1.05,0,0,abc,False,False,False,46.61984188,-119.2122403
703,0.0,0.0,0.0097302607011901,0.0024393820378678,0.0,0.0,l3235275,PQ,1.0,1.0,1.0,7199.557856794634,1000000.0,0.95,1.05,0,0,abc,False,True,False,46.61919974,-119.2132006
704,0.0,0.0,0.0,0.0,0.0,0.0,m1026347,PQ,1.0,1.0,1.0,7199.557856794634,1000000.0,0.95,1.05,0,0,abc,False,False,False,46.61845116,-119.2143685
705,0.0,0.0,0.0,0.0,0.0,0.0,n1145956,PQ,1.0,1.0,1.0,7199.557856794634,1000000.0,0.95,1.05,0,0,a,False,False,False,46.6183779,-119.2142188
706,0.0088702343413984,0.0022238051892572,0.0,0.0,0.0,0.0,l2729412,PQ,1.0,1.0,1.0,7199.557856794634,1000000.0,0.95,1.05,0,0,a,False,True,False,46.61809428,-119.2136391
707,0.0,0.0,0.0,0.0,0.0,0.0,m1026341,PQ,1.0,1.0,1.0,7199.557856794634,1000000.0,0.95,1.05,0,0,abc,False,False,False,46.6179223,-119.2149685
708,0.0,0.0,0.0,0.0,0.0,0.0,p827531,PQ,1.0,1.0,1.0,7199.557856794634,1000000.0,0.95,1.05,0,0,a,False,False,False,46.61805446,-119.2149904
709,0.0,0.0,0.0,0.0,0.0,0.0,m1026343,PQ,1.0,1.0,1.0,7199.557856794634,1000000.0,0.95,1.05,0,0,a,False,False,False,46.61814246,-119.2150037
710,0.008870234853271,0.0022238054736578,0.0,0.0,0.0,0.0,l2748135,PQ,1.0,1.0,1.0,7199.557856794634,1000000.0,0.95,1.05,0,0,a,False,True,False,46.61760754,-119.2149735
711,0.0,0.0,0.0,0.0,0.0,0.0,m1026344,PQ,1.0,1.0,1.0,7199.557856794634,1000000.0,0.95,1.05,0,0,a,False,False,False,46.61827592,-119.2150238
712,0.005320141050657,0.0013337822334239,0.0,0.0,0.0,0.0,l2991919,PQ,1.0,1.0,1.0,7199.557856794634,1000000.0,0.95,1.05,0,0,a,False,True,False,46.62012084,-119.215092
713,0.0,0.0,0.0,0.0,0.0,0.0,m1026361,PQ,1.0,1.0,1.0,7199.557856794634,1000000.0,0.95,1.05,0,0,a,False,False,False,46.62133968,-119.2151079
714,0.0,0.0,0.0,0.0,0.0,0.0,m1026366,PQ,1.0,1.0,1.0,7199.557856794634,1000000.0,0.95,1.05,0,0,a,False,False,False,46.62233914,-119.2151419
715,0.0053201412511874,0.0013337826238427,0.0,0.0,0.0,0.0,l3122824,PQ,1.0,1.0,1.0,7199.557856794634,1000000.0,0.95,1.05,0,0,a,False,True,False,46.6224784,-119.2162003
716,0.0083202209072045,0.0020859156895279,0.0,0.0,0.0,0.0,l2860489,PQ,1.0,1.0,1.0,7199.557856794634,1000000.0,0.95,1.05,0,0,a,False,True,False,46.6222955,-119.2141168
717,0.0088702356562017,0.0022238070236242,0.0,0.0,0.0,0.0,l3104131,PQ,1.0,1.0,1.0,7199.557856794634,1000000.0,0.95,1.05,0,0,a,False,True,False,46.6236772,-119.2151023
718,0.0,0.0,0.0,0.0,0.0,0.0,m1026377,PQ,1.0,1.0,1.0,7199.557856794634,1000000.0,0.95,1.05,0,0,a,False,False,False,46.62455066,-119.2151004
719,0.0133003535291032,0.0033344572940766,0.0,0.0,0.0,0.0,l3048210,PQ,1.0,1.0,1.0,7199.557856794634,1000000.0,0.95,1.05,0,0,a,False,True,False,46.62584042,-119.2166374
720,0.0,0.0,0.0,0.0,0.0,0.0,m1026378,PQ,1.0,1.0,1.0,7199.557856794634,1000000.0,0.95,1.05,0,0,a,False,False,False,46.62538012,-119.2150706
721,0.003550094426956,0.0008900244423966,0.0,0.0,0.0,0.0,l2897778,PQ,1.0,1.0,1.0,7199.557856794634,1000000.0,0.95,1.05,0,0,a,False,True,False,46.62666156,-119.2150205
722,0.0,0.0,0.0,0.0,0.0,0.0,m3037452,PQ,1.0,1.0,1.0,7199.557856794634,1000000.0,0.95,1.05,0,0,a,False,False,False,46.6266899,-119.2150194
723,0.0,0.0,0.0,0.0,0.0,0.0,m1026387,PQ,1.0,1.0,1.0,7199.557856794634,1000000.0,0.95,1.05,0,0,a,False,False,False,46.628254,-119.2143672
724,0.0053201415894483,0.0013337832611429,0.0,0.0,0.0,0.0,l3104132,PQ,1.0,1.0,1.0,7199.557856794634,1000000.0,0.95,1.05,0,0,a,False,True,False,46.62849332,-119.2131875
725,0.0133003540984536,0.0033344583704123,0.0,0.0,0.0,0.0,l3085402,PQ,1.0,1.0,1.0,7199.557856794634,1000000.0,0.95,1.05,0,0,a,False,True,False,46.62915978,-119.2131667
726,0.0,0.0,0.0,0.0,0.0,0.0,m1026394,PQ,1.0,1.0,1.0,7199.557856794634,1000000.0,0.95,1.05,0,0,a,False,False,False,46.62931292,-119.212995
727,0.0,0.0,0.0,0.0,0.0,0.0,m1026393,PQ,1.0,1.0,1.0,7199.557856794634,1000000.0,0.95,1.05,0,0,a,False,False,False,46.6293125,-119.2137364
728,0.0118703160970741,0.0029759415508388,0.0,0.0,0.0,0.0,l2804252,PQ,1.0,1.0,1.0,7199.557856794634,1000000.0,0.95,1.05,0,0,a,False,True,False,46.6293124,-119.2141931
729,0.008870236218412,0.002223808075735,0.0,0.0,0.0,0.0,l3195310,PQ,1.0,1.0,1.0,7199.557856794634,1000000.0,0.95,1.05,0,0,a,False,True,False,46.6293135,-119.2152656
730,0.0088702362214685,0.0022238080767429,0.0,0.0,0.0,0.0,l2935559,PQ,1.0,1.0,1.0,7199.557856794634,1000000.0,0.95,1.05,0,0,a,False,True,False,46.63023564,-119.2136691
731,0.0118703161258451,0.002975941601025,0.0,0.0,0.0,0.0,l3048214,PQ,1.0,1.0,1.0,7199.557856794634,1000000.0,0.95,1.05,0,0,a,False,True,False,46.63059894,-119.214135
732,0.0065501742330256,0.0016421577931902,0.0,0.0,0.0,0.0,l2973164,PQ,1.0,1.0,1.0,7199.557856794634,1000000.0,0.95,1.05,0,0,a,False,True,False,46.62660614,-119.2137994
733,0.0133003529241502,0.0033344561555757,0.0,0.0,0.0,0.0,l3122825,PQ,1.0,1.0,1.0,7199.557856794634,1000000.0,0.95,1.05,0,0,a,False,True,False,46.6214727,-119.2148347
734,0.0053201411735206,0.0013337824711299,0.0,0.0,0.0,0.0,l2991920,PQ,1.0,1.0,1.0,7199.557856794634,1000000.0,0.95,1.05,0,0,a,False,True,False,46.62128758,-119.2138158
735,0.0,0.0,0.0,0.0,0.0,0.0,m1026364,PQ,1.0,1.0,1.0,7199.557856794634,1000000.0,0.95,1.05,0,0,a,False,False,False,46.62176864,-119.2171723
736,0.0083202203592056,0.0020859146418725,0.0,0.0,0.0,0.0,l3010570,PQ,1.0,1.0,1.0,7199.557856794634,1000000.0,0.95,1.05,0,0,a,False,True,False,46.62226798,-119.2180029
737,0.0,0.0,0.0058401572128247,0.001464132755958,0.0,0.0,l2973162,PQ,1.0,1.0,1.0,7199.557856794634,1000000.0,0.95,1.05,0,0,abc,False,True,False,46.61725362,-119.2158272
738,0.0,0.0,0.0,0.0,0.0,0.0,m1026333,PQ,1.0,1.0,1.0,7199.557856794634,1000000.0,0.95,1.05,0,0,abc,False,False,False,46.61673378,-119.2164911
739,0.0,0.0,0.0,0.0,0.0,0.0,n1145955,PQ,1.0,1.0,1.0,7199.557856794634,1000000.0,0.95,1.05,0,0,a,False,False,False,46.61675674,-119.2162568
740,0.0,0.0,0.0,0.0,0.0,0.0,m1026335,PQ,1.0,1.0,1.0,7199.557856794634,1000000.0,0.95,1.05,0,0,a,False,False,False,46.61677944,-119.2160248
741,0.0088702353745476,0.0022238047239053,0.0,0.0,0.0,0.0,l2804259,PQ,1.0,1.0,1.0,7199.557856794634,1000000.0,0.95,1.05,0,0,a,False,True,False,46.61603452,-119.2152273
742,0.0,0.0,0.0,0.0,0.0,0.0,m1026331,PQ,1.0,1.0,1.0,7199.557856794634,1000000.0,0.95,1.05,0,0,abc,False,False,False,46.6162805,-119.2170647
743,0.0,0.0,0.0,0.0,0.0,0.0,m1026330,PQ,1.0,1.0,1.0,7199.557856794634,1000000.0,0.95,1.05,0,0,abc,False,False,False,46.6157226,-119.2177707
744,0.0,0.0,0.0,0.0,0.0,0.0,m1026329,PQ,1.0,1.0,1.0,7199.557856794634,1000000.0,0.95,1.05,0,0,abc,False,False,False,46.6153648,-119.2182153
745,0.0,0.0,0.0,0.0,0.0,0.0,m1026328,PQ,1.0,1.0,1.0,7199.557856794634,1000000.0,0.95,1.05,0,0,abc,False,False,False,46.61502638,-119.2186373
746,0.0,0.0,0.0,0.0,0.0,0.0,d6140778-1_int,PQ,1.0,1.0,1.0,7199.557856794634,1000000.0,0.95,1.05,0,0,b,False,False,False,46.61500926,-119.2186653
747,0.0,0.0,0.0,0.0,0.0,0.0,e182731,PQ,1.0,1.0,1.0,7199.557856794634,1000000.0,0.95,1.05,0,0,b,False,False,False,46.61498016,-119.2186964
748,0.0,0.0,0.0,0.0,0.0,0.0,m1026327,PQ,1.0,1.0,1.0,7199.557856794634,1000000.0,0.95,1.05,0,0,b,False,False,False,46.61455816,-119.219236
749,0.0,0.0,0.0058401589347098,0.0014641357921311,0.0,0.0,l2841636,PQ,1.0,1.0,1.0,7199.557856794634,1000000.0,0.95,1.05,0,0,b,False,True,False,46.61350964,-119.2205164
750,0.0,0.0,0.0,0.0,0.0,0.0,m1026324,PQ,1.0,1.0,1.0,7199.557856794634,1000000.0,0.95,1.05,0,0,b,False,False,False,46.6129871,-119.2211438
751,0.0,0.0,0.0,0.0,0.0,0.0,m1026323,PQ,1.0,1.0,1.0,7199.557856794634,1000000.0,0.95,1.05,0,0,b,False,False,False,46.61244976,-119.2218455
752,0.0,0.0,0.0068901878588875,0.0017273799624889,0.0,0.0,l2991917,PQ,1.0,1.0,1.0,7199.557856794634,1000000.0,0.95,1.05,0,0,b,False,True,False,46.61189582,-119.2215009
753,0.0,0.0,0.0,0.0,0.0,0.0,m1026320,PQ,1.0,1.0,1.0,7199.557856794634,1000000.0,0.95,1.05,0,0,b,False,False,False,46.611274,-119.2232888
754,0.0,0.0,0.0058401595402765,0.0014641367865219,0.0,0.0,l2879079,PQ,1.0,1.0,1.0,7199.557856794634,1000000.0,0.95,1.05,0,0,b,False,True,False,46.61220752,-119.2235631
755,0.0,0.0,0.0097302661120409,0.0024393927624972,0.0,0.0,l3104130,PQ,1.0,1.0,1.0,7199.557856794634,1000000.0,0.95,1.05,0,0,b,False,True,False,46.61055026,-119.2242003
756,0.0,0.0,0.0097302664228817,0.0024393932628747,0.0,0.0,l2763072,PQ,1.0,1.0,1.0,7199.557856794634,1000000.0,0.95,1.05,0,0,b,False,True,False,46.60978478,-119.225137
757,0.0,0.0,0.0,0.0,0.0,0.0,m4118754,PQ,1.0,1.0,1.0,7199.557856794634,1000000.0,0.95,1.05,0,0,b,False,False,False,46.6090492,-119.2260207
758,0.0,0.0,0.0,0.0,0.0,0.0,m1026312,PQ,1.0,1.0,1.0,7199.557856794634,1000000.0,0.95,1.05,0,0,b,False,False,False,46.60771484,-119.2277009
759,0.0,0.0,0.0038901069207277,0.0009752565447242,0.0,0.0,l2973163,PQ,1.0,1.0,1.0,7199.557856794634,1000000.0,0.95,1.05,0,0,b,False,True,False,46.6071808,-119.2283565
760,0.0,0.0,0.0,0.0,0.0,0.0,m1026309,PQ,1.0,1.0,1.0,7199.557856794634,1000000.0,0.95,1.05,0,0,b,False,False,False,46.60632168,-119.2294073
761,0.0,0.0,0.0127303521743928,0.0031915244292602,0.0,0.0,l2860488,PQ,1.0,1.0,1.0,7199.557856794634,1000000.0,0.95,1.05,0,0,b,False,True,False,46.60412864,-119.2354889
762,0.0,0.0,0.0,0.0,0.0,0.0,m1026308,PQ,1.0,1.0,1.0,7199.557856794634,1000000.0,0.95,1.05,0,0,b,False,False,False,46.60388892,-119.2363603
763,0.0,0.0,0.0097302693640221,0.0024393979953688,0.0,0.0,l2991918,PQ,1.0,1.0,1.0,7199.557856794634,1000000.0,0.95,1.05,0,0,b,False,True,False,46.60413822,-119.236479
764,0.0,0.0,0.0097302696412541,0.0024393984484936,0.0,0.0,l2991902,PQ,1.0,1.0,1.0,7199.557856794634,1000000.0,0.95,1.05,0,0,b,False,True,False,46.60354272,-119.237929
765,0.0,0.0,0.0,0.0,0.0,0.0,m1008758,PQ,1.0,1.0,1.0,7199.557856794634,1000000.0,0.95,1.05,0,0,b,False,False,False,46.60329396,-119.2394407
766,0.0,0.0,0.0127303531366217,0.0031915260014721,0.0,0.0,l2673300,PQ,1.0,1.0,1.0,7199.557856794634,1000000.0,0.95,1.05,0,0,b,False,True,False,46.60285322,-119.2397418
767,0.0,0.0,0.0,0.0,0.0,0.0,m1008753,PQ,1.0,1.0,1.0,7199.557856794634,1000000.0,0.95,1.05,0,0,b,False,False,False,46.60215496,-119.239724
768,0.0,0.0,0.0097302699471664,0.0024393989536564,0.0,0.0,l3141390,PQ,1.0,1.0,1.0,7199.557856794634,1000000.0,0.95,1.05,0,0,b,False,True,False,46.60097066,-119.2393125
769,0.0,0.0,0.0,0.0,0.0,0.0,m1026307,PQ,1.0,1.0,1.0,7199.557856794634,1000000.0,0.95,1.05,0,0,b,False,False,False,46.59980004,-119.2365795
770,0.0,0.0,0.006890191190202,0.0017273853721454,0.0,0.0,l3085388,PQ,1.0,1.0,1.0,7199.557856794634,1000000.0,0.95,1.05,0,0,b,False,True,False,46.5991132,-119.2345991
771,0.0,0.0,0.0097302698995432,0.0024393988714179,0.0,0.0,l2822859,PQ,1.0,1.0,1.0,7199.557856794634,1000000.0,0.95,1.05,0,0,b,False,True,False,46.6038946,-119.2391855
772,0.0,0.0,0.0097302701341855,0.0024393992568824,0.0,0.0,l2710537,PQ,1.0,1.0,1.0,7199.557856794634,1000000.0,0.95,1.05,0,0,b,False,True,False,46.60237934,-119.2411727
773,0.0,0.0,0.0,0.0,0.0,0.0,m1008752,PQ,1.0,1.0,1.0,7199.557856794634,1000000.0,0.95,1.05,0,0,b,False,False,False,46.60180844,-119.2424017
774,0.0,0.0,0.0127303536310309,0.0031915268104727,0.0,0.0,l3085389,PQ,1.0,1.0,1.0,7199.557856794634,1000000.0,0.95,1.05,0,0,b,False,True,False,46.6016998,-119.2419017
775,0.0,0.0,0.0,0.0,0.0,0.0,m1008746,PQ,1.0,1.0,1.0,7199.557856794634,1000000.0,0.95,1.05,0,0,b,False,False,False,46.60136702,-119.2436534
776,0.0,0.0,0.0097302704525359,0.0024393997825186,0.0,0.0,l2954339,PQ,1.0,1.0,1.0,7199.557856794634,1000000.0,0.95,1.05,0,0,b,False,True,False,46.60092036,-119.2432096
777,0.0,0.0,0.0038901081449436,0.0009752585255769,0.0,0.0,l3048200,PQ,1.0,1.0,1.0,7199.557856794634,1000000.0,0.95,1.05,0,0,b,False,True,False,46.6009031,-119.2421348
778,0.0,0.0,0.0,0.0,0.0,0.0,m1008733,PQ,1.0,1.0,1.0,7199.557856794634,1000000.0,0.95,1.05,0,0,b,False,False,False,46.600012,-119.2418187
779,0.0,0.0,0.0145904056929265,0.0036578463624991,0.0,0.0,l3225319,PQ,1.0,1.0,1.0,7199.557856794634,1000000.0,0.95,1.05,0,0,b,False,True,False,46.59981604,-119.2418256
780,0.0,0.0,0.0127303539891629,0.0031915273843666,0.0,0.0,l3048201,PQ,1.0,1.0,1.0,7199.557856794634,1000000.0,0.95,1.05,0,0,b,False,True,False,46.59908694,-119.2418513
781,0.0,0.0,0.0097302705626987,0.0024393999507837,0.0,0.0,l3216339,PQ,1.0,1.0,1.0,7199.557856794634,1000000.0,0.95,1.05,0,0,b,False,True,False,46.60034154,-119.2404525
782,0.0,0.0,0.0,0.0,0.0,0.0,m1008743,PQ,1.0,1.0,1.0,7199.557856794634,1000000.0,0.95,1.05,0,0,b,False,False,False,46.60114094,-119.2449533
783,0.0,0.0,0.0,0.0,0.0,0.0,m1008742,PQ,1.0,1.0,1.0,7199.557856794634,1000000.0,0.95,1.05,0,0,b,False,False,False,46.60100338,-119.246354
784,0.0,0.0,0.0097302705235114,0.0024393999121877,0.0,0.0,l2804247,PQ,1.0,1.0,1.0,7199.557856794634,1000000.0,0.95,1.05,0,0,b,False,True,False,46.60246788,-119.246578
785,0.0,0.0,0.0058401623637148,0.00146414135847,0.0,0.0,l3029495,PQ,1.0,1.0,1.0,7199.557856794634,1000000.0,0.95,1.05,0,0,b,False,True,False,46.6009711,-119.2468288
786,0.0,0.0,0.0,0.0,0.0,0.0,d5565090-1_int,PQ,1.0,1.0,1.0,7199.557856794634,1000000.0,0.95,1.05,0,0,b,False,False,False,46.60091778,-119.2472078
787,0.0,0.0,0.0,0.0,0.0,0.0,e182744,PQ,1.0,1.0,1.0,7199.557856794634,1000000.0,0.95,1.05,0,0,b,False,False,False,46.60088084,-119.2477052
788,0.0,0.0,0.0097302705339027,0.0024393999306289,0.0,0.0,l2801895,PQ,1.0,1.0,1.0,7199.557856794634,1000000.0,0.95,1.05,0,0,b,False,True,False,46.60131286,-119.2482271
789,0.0,0.0,0.0068901915281004,0.0017273859083568,0.0,0.0,l3104115,PQ,1.0,1.0,1.0,7199.557856794634,1000000.0,0.95,1.05,0,0,b,False,True,False,46.60020206,-119.2448511
790,0.0,0.0,0.0127303524438658,0.0031915248601964,0.0,0.0,l2897764,PQ,1.0,1.0,1.0,7199.557856794634,1000000.0,0.95,1.05,0,0,b,False,True,False,46.60241898,-119.235936
791,0.0,0.0,0.0097302678043545,0.0024393954847267,0.0,0.0,l2804260,PQ,1.0,1.0,1.0,7199.557856794634,1000000.0,0.95,1.05,0,0,b,False,True,False,46.60877574,-119.2314908
792,0.0,0.0,0.0127303460089766,0.003191514468158,0.0,0.0,l3197643,PQ,1.0,1.0,1.0,7199.557856794634,1000000.0,0.95,1.05,0,0,b,False,True,False,46.61693756,-119.2225319
793,0.0,0.0,0.0,0.0,0.0,0.0,m1026339,PQ,1.0,1.0,1.0,7199.557856794634,1000000.0,0.95,1.05,0,0,b,False,False,False,46.617385,-119.2229779
794,0.0,0.0,0.0097302644980592,0.0024393901369477,0.0,0.0,l3029507,PQ,1.0,1.0,1.0,7199.557856794634,1000000.0,0.95,1.05,0,0,b,False,True,False,46.61801648,-119.2216678
795,0.0,0.0,0.0088402403031816,0.0022162599068703,0.0,0.0,l2766727,PQ,1.0,1.0,1.0,7199.557856794634,1000000.0,0.95,1.05,0,0,b,False,True,False,46.61837554,-119.2233362
796,0.0,0.0,0.0097302643199383,0.002439389824449,0.0,0.0,l3122823,PQ,1.0,1.0,1.0,7199.557856794634,1000000.0,0.95,1.05,0,0,b,False,True,False,46.6142583,-119.2186863
797,0.0053201415220616,0.0013337808915635,0.0,0.0,0.0,0.0,l3104135,PQ,1.0,1.0,1.0,7199.557856794634,1000000.0,0.95,1.05,0,0,a,False,True,False,46.61449666,-119.2170499
798,0.0,0.0,0.0058401581079515,0.001464134379228,0.0,0.0,l2785526,PQ,1.0,1.0,1.0,7199.557856794634,1000000.0,0.95,1.05,0,0,b,False,True,False,46.61705804,-119.2187176
799,0.0,0.0,0.0058401581018722,0.001464134365209,0.0,0.0,l2766726,PQ,1.0,1.0,1.0,7199.557856794634,1000000.0,0.95,1.05,0,0,b,False,True,False,46.61578524,-119.2172608
800,0.0,0.0,0.0,0.0,0.0061001587089452,0.0015292854350317,l3214055,PQ,1.0,1.0,1.0,7199.557856794634,1000000.0,0.95,1.05,0,0,c,False,True,False,46.61702838,-119.2176003
801,0.0,0.0,0.0,0.0,0.0,0.0,m2000100,PQ,1.0,1.0,1.0,7199.557856794634,1000000.0,0.95,1.05,0,0,abc,False,False,False,46.61899496,-119.2116994
802,0.0,0.0,0.0,0.0,0.0,0.0,d2000100_int,PQ,1.0,1.0,1.0,7199.557856794634,1000000.0,0.95,1.05,0,0,abc,False,False,False,46.61812376,-119.210655
803,0.0,0.0,0.0,0.0,0.0,0.0,m2000200,PQ,1.0,1.0,1.0,7199.557856794634,1000000.0,0.95,1.05,0,0,abc,False,False,False,46.61725258,-119.2096106
804,0.0,0.0,0.0,0.0,0.0,0.0,m2000300,PQ,1.0,1.0,1.0,7199.557856794634,1000000.0,0.95,1.05,0,0,abc,False,False,False,46.61638138,-119.2085663
805,0.0,0.0,0.0,0.0,0.0,0.0,m2000400,PQ,1.0,1.0,1.0,7199.557856794634,1000000.0,0.95,1.05,0,0,abc,False,False,False,46.6155102,-119.2075219
806,0.0,0.0,0.0,0.0,0.0,0.0,m2000401,PQ,1.0,1.0,1.0,7199.557856794634,1000000.0,0.95,1.05,0,0,a,False,False,False,46.6150746,-119.2080441
807,0.0,0.0,0.0,0.0,0.0,0.0,d2000401_int,PQ,1.0,1.0,1.0,7199.557856794634,1000000.0,0.95,1.05,0,0,a,False,False,False,46.61463902,-119.2085663
808,0.0112467058023069,0.0063749338968466,0.0,0.0,0.0,0.0,m2000402,PQ,1.0,1.0,1.0,7199.557856794634,1000000.0,0.95,1.05,0,0,a,False,True,False,46.61420342,-119.2090884
809,0.0125626391296345,0.0071208403267452,0.0,0.0,0.0,0.0,m2000403,PQ,1.0,1.0,1.0,7199.557856794634,1000000.0,0.95,1.05,0,0,a,False,True,False,46.61376782,-119.2096106
810,0.0097095560804361,0.0055036365791816,0.0,0.0,0.0,0.0,m2000404,PQ,1.0,1.0,1.0,7199.557856794634,1000000.0,0.95,1.05,0,0,a,False,True,False,46.61333222,-119.2101328
811,0.0149268508935609,0.0084609392909154,0.0,0.0,0.0,0.0,m2000405,PQ,1.0,1.0,1.0,7199.557856794634,1000000.0,0.95,1.05,0,0,a,False,True,False,46.61289664,-119.210655
812,0.0125977101925146,0.0071407200463349,0.0,0.0,0.0,0.0,m2000406,PQ,1.0,1.0,1.0,7199.557856794634,1000000.0,0.95,1.05,0,0,a,False,True,False,46.61246104,-119.2111772
813,0.0119178448224815,0.0067553542475162,0.0,0.0,0.0,0.0,m2000407,PQ,1.0,1.0,1.0,7199.557856794634,1000000.0,0.95,1.05,0,0,a,False,True,False,46.61202544,-119.2116994
814,0.0124405754002925,0.0070516520864324,0.0,0.0,0.0,0.0,m2000408,PQ,1.0,1.0,1.0,7199.557856794634,1000000.0,0.95,1.05,0,0,a,False,True,False,46.61158984,-119.2122215
815,0.012981219034487,0.0073581035214612,0.0,0.0,0.0,0.0,m2000409,PQ,1.0,1.0,1.0,7199.557856794634,1000000.0,0.95,1.05,0,0,a,False,True,False,46.61115426,-119.2127437
816,0.0144917704218949,0.0082143247145451,0.0,0.0,0.0,0.0,m2000410,PQ,1.0,1.0,1.0,7199.557856794634,1000000.0,0.95,1.05,0,0,a,False,True,False,46.61071866,-119.2132659
817,0.0099815573690174,0.0056578148735161,0.0,0.0,0.0,0.0,m2000411,PQ,1.0,1.0,1.0,7199.557856794634,1000000.0,0.95,1.05,0,0,a,False,True,False,46.61028306,-119.2137881
818,0.0196172413671885,0.0111195795251416,0.0,0.0,0.0,0.0,m2000412,PQ,1.0,1.0,1.0,7199.557856794634,1000000.0,0.95,1.05,0,0,a,False,True,False,46.60984748,-119.2143103
819,0.0106325670210212,0.0060268247186688,0.0,0.0,0.0,0.0,m2000413,PQ,1.0,1.0,1.0,7199.557856794634,1000000.0,0.95,1.05,0,0,a,False,True,False,46.60941188,-119.2148324
820,0.0105879698493683,0.0060015458649045,0.0,0.0,0.0,0.0,m2000414,PQ,1.0,1.0,1.0,7199.557856794634,1000000.0,0.95,1.05,0,0,a,False,True,False,46.60897628,-119.2153546
821,0.0107736162150041,0.0061067752253223,0.0,0.0,0.0,0.0,m2000415,PQ,1.0,1.0,1.0,7199.557856794634,1000000.0,0.95,1.05,0,0,a,False,True,False,46.60854068,-119.2158768
822,0.0,0.0,0.0,0.0,0.0,0.0,m2000500,PQ,1.0,1.0,1.0,7199.557856794634,1000000.0,0.95,1.05,0,0,abc,False,False,False,46.61463902,-119.2064775
823,0.0,0.0,0.0,0.0,0.0,0.0,m2000600,PQ,1.0,1.0,1.0,7199.557856794634,1000000.0,0.95,1.05,0,0,abc,False,False,False,46.61376782,-119.2054332
824,0.0,0.0,0.0,0.0,0.0,0.0,m2000700,PQ,1.0,1.0,1.0,7199.557856794634,1000000.0,0.95,1.05,0,0,abc,False,False,False,46.61289664,-119.2043888
825,0.0,0.0,0.0,0.0,0.0,0.0,m2000701,PQ,1.0,1.0,1.0,7199.557856794634,1000000.0,0.95,1.05,0,0,b,False,False,False,46.61246104,-119.204911
826,0.0,0.0,0.0,0.0,0.0,0.0,d2000701_int,PQ,1.0,1.0,1.0,7199.557856794634,1000000.0,0.95,1.05,0,0,b,False,False,False,46.61202544,-119.2054332
827,0.0,0.0,0.0105238340337281,0.0059651423785136,0.0,0.0,m2000702,PQ,1.0,1.0,1.0,7199.557856794634,1000000.0,0.95,1.05,0,0,b,False,True,False,46.61158984,-119.2059553
828,0.0,0.0,0.0095375108384314,0.0054060727028658,0.0,0.0,m2000703,PQ,1.0,1.0,1.0,7199.557856794634,1000000.0,0.95,1.05,0,0,b,False,True,False,46.61115426,-119.2064775
829,0.0,0.0,0.0102243575472248,0.0057953928138507,0.0,0.0,m2000704,PQ,1.0,1.0,1.0,7199.557856794634,1000000.0,0.95,1.05,0,0,b,False,True,False,46.61071866,-119.2069997
830,0.0,0.0,0.0096725270543473,0.0054826031837709,0.0,0.0,m2000705,PQ,1.0,1.0,1.0,7199.557856794634,1000000.0,0.95,1.05,0,0,b,False,True,False,46.61028306,-119.2075219
831,0.0,0.0,0.0117863035994637,0.0066807388440825,0.0,0.0,m2000706,PQ,1.0,1.0,1.0,7199.557856794634,1000000.0,0.95,1.05,0,0,b,False,True,False,46.60984748,-119.2080441
832,0.0,0.0,0.0098951098628912,0.0056087683254409,0.0,0.0,m2000707,PQ,1.0,1.0,1.0,7199.557856794634,1000000.0,0.95,1.05,0,0,b,False,True,False,46.60941188,-119.2085663
833,0.0,0.0,0.012220773207289,0.0069270061717383,0.0,0.0,m2000708,PQ,1.0,1.0,1.0,7199.557856794634,1000000.0,0.95,1.05,0,0,b,False,True,False,46.60897628,-119.2090884
834,0.0,0.0,0.008714401467854,0.0049395167428533,0.0,0.0,m2000709,PQ,1.0,1.0,1.0,7199.557856794634,1000000.0,0.95,1.05,0,0,b,False,True,False,46.60854068,-119.2096106
835,0.0,0.0,0.0104520623636795,0.0059244617081248,0.0,0.0,m2000710,PQ,1.0,1.0,1.0,7199.557856794634,1000000.0,0.95,1.05,0,0,b,False,True,False,46.6081051,-119.2101328
836,0.0,0.0,0.0070410827184662,0.003991042536774,0.0,0.0,m2000711,PQ,1.0,1.0,1.0,7199.557856794634,1000000.0,0.95,1.05,0,0,b,False,True,False,46.6076695,-119.210655
837,0.0,0.0,0.011199328344404,0.0063480288526606,0.0,0.0,m2000712,PQ,1.0,1.0,1.0,7199.557856794634,1000000.0,0.95,1.05,0,0,b,False,True,False,46.6072339,-119.2111772
838,0.0,0.0,0.0127791486299236,0.0072435062506822,0.0,0.0,m2000713,PQ,1.0,1.0,1.0,7199.557856794634,1000000.0,0.95,1.05,0,0,b,False,True,False,46.6067983,-119.2116994
839,0.0,0.0,0.0090484376499342,0.0051288561511988,0.0,0.0,m2000714,PQ,1.0,1.0,1.0,7199.557856794634,1000000.0,0.95,1.05,0,0,b,False,True,False,46.60636272,-119.2122215
840,0.0,0.0,0.0112467333848392,0.0063748991864974,0.0,0.0,m2000715,PQ,1.0,1.0,1.0,7199.557856794634,1000000.0,0.95,1.05,0,0,b,False,True,False,46.60592712,-119.2127437
841,0.0,0.0,0.0,0.0,0.0,0.0,m2000800,PQ,1.0,1.0,1.0,7199.557856794634,1000000.0,0.95,1.05,0,0,abc,False,False,False,46.61202544,-119.2033444
842,0.0,0.0,0.0,0.0,0.0,0.0,m2000900,PQ,1.0,1.0,1.0,7199.557856794634,1000000.0,0.95,1.05,0,0,abc,False,False,False,46.61115426,-119.2023001
843,0.0,0.0,0.0,0.0,0.0,0.0,m2001000,PQ,1.0,1.0,1.0,7199.557856794634,1000000.0,0.95,1.05,0,0,abc,False,False,False,46.61028306,-119.2012557
844,0.0,0.0,0.0,0.0,0.0,0.0,m2001001,PQ,1.0,1.0,1.0,7199.557856794634,1000000.0,0.95,1.05,0,0,b,False,False,False,46.60984748,-119.2017779
845,0.0,0.0,0.0,0.0,0.0,0.0,d2001001_int,PQ,1.0,1.0,1.0,7199.557856794634,1000000.0,0.95,1.05,0,0,b,False,False,False,46.60941188,-119.2023001
846,0.0,0.0,0.0112467367821586,0.0063748985716855,0.0,0.0,m2001002,PQ,1.0,1.0,1.0,7199.557856794634,1000000.0,0.95,1.05,0,0,b,False,True,False,46.60897628,-119.2028222
847,0.0,0.0,0.0125626737913085,0.0071208009681054,0.0,0.0,m2001003,PQ,1.0,1.0,1.0,7199.557856794634,1000000.0,0.95,1.05,0,0,b,False,True,False,46.60854068,-119.2033444
848,0.0,0.0,0.0097095829134855,0.005503606235575,0.0,0.0,m2001004,PQ,1.0,1.0,1.0,7199.557856794634,1000000.0,0.95,1.05,0,0,b,False,True,False,46.6081051,-119.2038666
849,0.0,0.0,0.0110803894382635,0.0062806098846271,0.0,0.0,m2001005,PQ,1.0,1.0,1.0,7199.557856794634,1000000.0,0.95,1.05,0,0,b,False,True,False,46.6076695,-119.2043888
850,0.0,0.0,0.0097580013828729,0.0055310512496258,0.0,0.0,m2001006,PQ,1.0,1.0,1.0,7199.557856794634,1000000.0,0.95,1.05,0,0,b,False,True,False,46.6072339,-119.204911
851,0.0,0.0,0.0093689383822816,0.0053105218825544,0.0,0.0,m2001007,PQ,1.0,1.0,1.0,7199.557856794634,1000000.0,0.95,1.05,0,0,b,False,True,False,46.6067983,-119.2054332
852,0.0,0.0,0.0127184118179404,0.0072090778305088,0.0,0.0,m2001008,PQ,1.0,1.0,1.0,7199.557856794634,1000000.0,0.95,1.05,0,0,b,False,True,False,46.60636272,-119.2059553
853,0.0,0.0,0.0139707223732511,0.0079189154051747,0.0,0.0,m2001009,PQ,1.0,1.0,1.0,7199.557856794634,1000000.0,0.95,1.05,0,0,b,False,True,False,46.60592712,-119.2064775
854,0.0,0.0,0.0168993127596275,0.0095789056109163,0.0,0.0,m2001010,PQ,1.0,1.0,1.0,7199.557856794634,1000000.0,0.95,1.05,0,0,b,False,True,False,46.60549152,-119.2069997
855,0.0,0.0,0.0074747425677104,0.004236850090752,0.0,0.0,m2001011,PQ,1.0,1.0,1.0,7199.557856794634,1000000.0,0.95,1.05,0,0,b,False,True,False,46.60505594,-119.2075219
856,0.0,0.0,0.0137595074971884,0.0077991945423416,0.0,0.0,m2001012,PQ,1.0,1.0,1.0,7199.557856794634,1000000.0,0.95,1.05,0,0,b,False,True,False,46.60462034,-119.2080441
857,0.0,0.0,0.0175652775035898,0.0099563896557505,0.0,0.0,m2001013,PQ,1.0,1.0,1.0,7199.557856794634,1000000.0,0.95,1.05,0,0,b,False,True,False,46.60418474,-119.2085663
858,0.0,0.0,0.028326986376096,0.0160563655573704,0.0,0.0,m2001014,PQ,1.0,1.0,1.0,7199.557856794634,1000000.0,0.95,1.05,0,0,b,False,True,False,46.60374914,-119.2090884
859,0.0,0.0,0.0242154802232553,0.0137258725333298,0.0,0.0,m2001015,PQ,1.0,1.0,1.0,7199.557856794634,1000000.0,0.95,1.05,0,0,b,False,True,False,46.60331356,-119.2096106
860,0.0,0.0,0.0,0.0,0.0,0.0,m2001100,PQ,1.0,1.0,1.0,7199.557856794634,1000000.0,0.95,1.05,0,0,abc,False,False,False,46.60941188,-119.2002113
861,0.0,0.0,0.0,0.0,0.0,0.0,m2001200,PQ,1.0,1.0,1.0,7199.557856794634,1000000.0,0.95,1.05,0,0,abc,False,False,False,46.60854068,-119.199167
862,0.0,0.0,0.0,0.0,0.0,0.0,m2001201,PQ,1.0,1.0,1.0,7199.557856794634,1000000.0,0.95,1.05,0,0,c,False,False,False,46.60897628,-119.1986448
863,0.0,0.0,0.0,0.0,0.0,0.0,d2001201_int,PQ,1.0,1.0,1.0,7199.557856794634,1000000.0,0.95,1.05,0,0,c,False,False,False,46.60941188,-119.1981226
864,0.0,0.0,0.0,0.0,0.0124242720862063,0.0070422983462407,m2001202,PQ,1.0,1.0,1.0,7199.557856794634,1000000.0,0.95,1.05,0,0,c,False,True,False,46.60984748,-119.1976004
865,0.0,0.0,0.0,0.0,0.0160243277735828,0.0090828742689442,m2001203,PQ,1.0,1.0,1.0,7199.557856794634,1000000.0,0.95,1.05,0,0,c,False,True,False,46.61028306,-119.1970782
866,0.0,0.0,0.0,0.0,0.0129455940727235,0.0073377934525369,m2001204,PQ,1.0,1.0,1.0,7199.557856794634,1000000.0,0.95,1.05,0,0,c,False,True,False,46.61071866,-119.1965561
867,0.0,0.0,0.0,0.0,0.0085632730873414,0.0048538159702365,m2001205,PQ,1.0,1.0,1.0,7199.557856794634,1000000.0,0.95,1.05,0,0,c,False,True,False,46.61115426,-119.1960339
868,0.0,0.0,0.0,0.0,0.0105314608635308,0.0059694200918334,m2001206,PQ,1.0,1.0,1.0,7199.557856794634,1000000.0,0.95,1.05,0,0,c,False,True,False,46.61158984,-119.1955117
869,0.0,0.0,0.0,0.0,0.0088465132402813,0.0050143618257244,m2001207,PQ,1.0,1.0,1.0,7199.557856794634,1000000.0,0.95,1.05,0,0,c,False,True,False,46.61202544,-119.1949895
870,0.0,0.0,0.0,0.0,0.0118834845720371,0.0067357716175549,m2001208,PQ,1.0,1.0,1.0,7199.557856794634,1000000.0,0.95,1.05,0,0,c,False,True,False,46.61246104,-119.1944673
871,0.0,0.0,0.0,0.0,0.0139304702977971,0.0078960399116079,m2001209,PQ,1.0,1.0,1.0,7199.557856794634,1000000.0,0.95,1.05,0,0,c,False,True,False,46.61289664,-119.1939451
872,0.0,0.0,0.0,0.0,0.0134382474791198,0.0076170393531301,m2001210,PQ,1.0,1.0,1.0,7199.557856794634,1000000.0,0.95,1.05,0,0,c,False,True,False,46.61333222,-119.193423
873,0.0,0.0,0.0,0.0,0.023416494867492,0.0132728889085588,m2001211,PQ,1.0,1.0,1.0,7199.557856794634,1000000.0,0.95,1.05,0,0,c,False,True,False,46.61376782,-119.1929008
874,0.0,0.0,0.0,0.0,0.0178802583618745,0.0101348509787333,m2001212,PQ,1.0,1.0,1.0,7199.557856794634,1000000.0,0.95,1.05,0,0,c,False,True,False,46.61420342,-119.1923786
875,0.0,0.0,0.0,0.0,0.0180795766681173,0.0102478282673116,m2001213,PQ,1.0,1.0,1.0,7199.557856794634,1000000.0,0.95,1.05,0,0,c,False,True,False,46.61463902,-119.1918564
876,0.0,0.0,0.0,0.0,0.0168797762302913,0.0095677599267866,m2001214,PQ,1.0,1.0,1.0,7199.557856794634,1000000.0,0.95,1.05,0,0,c,False,True,False,46.6150746,-119.1913342
877,0.0,0.0,0.0,0.0,0.0213849766943128,0.01212138840072,m2001215,PQ,1.0,1.0,1.0,7199.557856794634,1000000.0,0.95,1.05,0,0,c,False,True,False,46.6155102,-119.190812
878,0.0,0.0,0.0,0.0,0.0,0.0,m2001300,PQ,1.0,1.0,1.0,7199.557856794634,1000000.0,0.95,1.05,0,0,abc,False,False,False,46.6076695,-119.1981226
879,0.0,0.0,0.0,0.0,0.0,0.0,m2001301,PQ,1.0,1.0,1.0,7199.557856794634,1000000.0,0.95,1.05,0,0,a,False,False,False,46.6072339,-119.1986448
880,0.0,0.0,0.0,0.0,0.0,0.0,d2001301_int,PQ,1.0,1.0,1.0,7199.557856794634,1000000.0,0.95,1.05,0,0,a,False,False,False,46.6067983,-119.199167
881,0.008819474828803,0.0049991249932583,0.0,0.0,0.0,0.0,m2001302,PQ,1.0,1.0,1.0,7199.557856794634,1000000.0,0.95,1.05,0,0,a,False,True,False,46.60636272,-119.1996891
882,0.0129178081058728,0.0073221751892599,0.0,0.0,0.0,0.0,m2001303,PQ,1.0,1.0,1.0,7199.557856794634,1000000.0,0.95,1.05,0,0,a,False,True,False,46.60592712,-119.2002113
883,0.0096256156960893,0.0054560685785641,0.0,0.0,0.0,0.0,m2001304,PQ,1.0,1.0,1.0,7199.557856794634,1000000.0,0.95,1.05,0,0,a,False,True,False,46.60549152,-119.2007335
884,0.0108557970216059,0.0061533700161279,0.0,0.0,0.0,0.0,m2001305,PQ,1.0,1.0,1.0,7199.557856794634,1000000.0,0.95,1.05,0,0,a,False,True,False,46.60505594,-119.2012557
885,0.0094728307252697,0.0053694661279582,0.0,0.0,0.0,0.0,m2001306,PQ,1.0,1.0,1.0,7199.557856794634,1000000.0,0.95,1.05,0,0,a,False,True,False,46.60462034,-119.2017779
886,0.0139812961109043,0.0079249909711681,0.0,0.0,0.0,0.0,m2001307,PQ,1.0,1.0,1.0,7199.557856794634,1000000.0,0.95,1.05,0,0,a,False,True,False,46.60418474,-119.2023001
887,0.0146413907620578,0.0082991513524127,0.0,0.0,0.0,0.0,m2001308,PQ,1.0,1.0,1.0,7199.557856794634,1000000.0,0.95,1.05,0,0,a,False,True,False,46.60374914,-119.2028222
888,0.0082467007376634,0.0046744616171133,0.0,0.0,0.0,0.0,m2001309,PQ,1.0,1.0,1.0,7199.557856794634,1000000.0,0.95,1.05,0,0,a,False,True,False,46.60331356,-119.2033444
889,0.0181482561011908,0.0102869415170435,0.0,0.0,0.0,0.0,m2001310,PQ,1.0,1.0,1.0,7199.557856794634,1000000.0,0.95,1.05,0,0,a,False,True,False,46.60287796,-119.2038666
890,0.0160434352706422,0.0090938700725988,0.0,0.0,0.0,0.0,m2001311,PQ,1.0,1.0,1.0,7199.557856794634,1000000.0,0.95,1.05,0,0,a,False,True,False,46.60244236,-119.2043888
891,0.0145377414240954,0.0082404005877018,0.0,0.0,0.0,0.0,m2001312,PQ,1.0,1.0,1.0,7199.557856794634,1000000.0,0.95,1.05,0,0,a,False,True,False,46.60200676,-119.204911
892,0.0223719029405451,0.0126810237419244,0.0,0.0,0.0,0.0,m2001313,PQ,1.0,1.0,1.0,7199.557856794634,1000000.0,0.95,1.05,0,0,a,False,True,False,46.60157118,-119.2054332
893,0.0214437459577799,0.0121549183481178,0.0,0.0,0.0,0.0,m2001314,PQ,1.0,1.0,1.0,7199.557856794634,1000000.0,0.95,1.05,0,0,a,False,True,False,46.60113558,-119.2059553
894,0.0199304942347955,0.0112971647475187,0.0,0.0,0.0,0.0,m2001315,PQ,1.0,1.0,1.0,7199.557856794634,1000000.0,0.95,1.05,0,0,a,False,True,False,46.60069998,-119.2064775
895,0.0,0.0,0.0,0.0,0.0405203162600242,0.0229676302256329,m2001400,PQ,1.0,1.0,1.0,7199.557856794634,1000000.0,0.95,1.05,0,0,abc,False,True,False,46.6067983,-119.1970782
896,0.0,0.0,0.0,0.0,0.0,0.0,m2001500,PQ,1.0,1.0,1.0,7199.557856794634,1000000.0,0.95,1.05,0,0,abc,False,False,False,46.60592712,-119.1960339
897,0.0,0.0,0.0,0.0,0.0,0.0,m2000901,PQ,1.0,1.0,1.0,7199.557856794634,1000000.0,0.95,1.05,0,0,c,False,False,False,46.61158984,-119.2017779
898,0.0,0.0,0.0,0.0,0.0,0.0,d2000901_int,PQ,1.0,1.0,1.0,7199.557856794634,1000000.0,0.95,1.05,0,0,c,False,False,False,46.61202544,-119.2012557
899,0.0,0.0,0.0,0.0,0.0112467471060579,0.0063748546014976,m2000902,PQ,1.0,1.0,1.0,7199.557856794634,1000000.0,0.95,1.05,0,0,c,False,True,False,46.61246104,-119.2007335
900,0.0,0.0,0.0,0.0,0.0125626852378693,0.0071207517176892,m2000903,PQ,1.0,1.0,1.0,7199.557856794634,1000000.0,0.95,1.05,0,0,c,False,True,False,46.61289664,-119.2002113
901,0.0,0.0,0.0,0.0,0.0097095916949232,0.0055035680661977,m2000904,PQ,1.0,1.0,1.0,7199.557856794634,1000000.0,0.95,1.05,0,0,c,False,True,False,46.61333222,-119.1996891
902,0.0,0.0,0.0,0.0,0.0112467478002061,0.0063748554298426,m2000905,PQ,1.0,1.0,1.0,7199.557856794634,1000000.0,0.95,1.05,0,0,c,False,True,False,46.61376782,-119.199167
903,0.0,0.0,0.0,0.0,0.0112467479939506,0.0063748556610381,m2000906,PQ,1.0,1.0,1.0,7199.557856794634,1000000.0,0.95,1.05,0,0,c,False,True,False,46.61420342,-119.1986448
904,0.0,0.0,0.0,0.0,0.0112467481683527,0.0063748558691504,m2000907,PQ,1.0,1.0,1.0,7199.557856794634,1000000.0,0.95,1.05,0,0,c,False,True,False,46.61463902,-119.1981226
905,0.0,0.0,0.0,0.0,0.0112467483234023,0.0063748560541679,m2000908,PQ,1.0,1.0,1.0,7199.557856794634,1000000.0,0.95,1.05,0,0,c,False,True,False,46.6150746,-119.1976004
906,0.0,0.0,0.0,0.0,0.0112467484590903,0.0063748562160806,m2000909,PQ,1.0,1.0,1.0,7199.557856794634,1000000.0,0.95,1.05,0,0,c,False,True,False,46.6155102,-119.1970782
907,0.0,0.0,0.0,0.0,0.0112467485754089,0.0063748563548794,m2000910,PQ,1.0,1.0,1.0,7199.557856794634,1000000.0,0.95,1.05,0,0,c,False,True,False,46.6159458,-119.1965561
908,0.0,0.0,0.0,0.0,0.0112467486723514,0.0063748564705568,m2000911,PQ,1.0,1.0,1.0,7199.557856794634,1000000.0,0.95,1.05,0,0,c,False,True,False,46.61638138,-119.1960339
909,0.0,0.0,0.0,0.0,0.0112467487499121,0.0063748565631063,m2000912,PQ,1.0,1.0,1.0,7199.557856794634,1000000.0,0.95,1.05,0,0,c,False,True,False,46.61681698,-119.1955117
910,0.0,0.0,0.0,0.0,0.0112467488080866,0.0063748566325229,m2000913,PQ,1.0,1.0,1.0,7199.557856794634,1000000.0,0.95,1.05,0,0,c,False,True,False,46.61725258,-119.1949895
911,0.0,0.0,0.0,0.0,0.0112467488468714,0.0063748566788028,m2000914,PQ,1.0,1.0,1.0,7199.557856794634,1000000.0,0.95,1.05,0,0,c,False,True,False,46.61768818,-119.1944673
912,0.0,0.0,0.0,0.0,0.0112467488662644,0.0063748567019434,m2000915,PQ,1.0,1.0,1.0,7199.557856794634,1000000.0,0.95,1.05,0,0,c,False,True,False,46.61812376,-119.1939451
913,0.0,0.0,0.0,0.0,0.0101702614727128,0.0025496418266474,l3104157,PQ,1.0,1.0,1.0,7199.557856794634,1000000.0,0.95,1.05,0,0,c,False,True,False,46.62487314,-119.2055138
914,0.0,0.0,0.0,0.0,0.0,0.0,hvmv69s2s3_1,PQ,1.0,1.0,1.0,39837.16857408418,1000000.0,0.95,1.05,0,0,abc,False,False,False,46.62073734,-119.2059553
915,0.0,0.0,0.0,0.0,0.0,0.0,hvmv69s2s3_2,PQ,1.0,1.0,1.0,39837.16857408418,1000000.0,0.95,1.05,0,0,abc,False,False,False,46.679107,-119.2401583
916,0.0,0.0,0.0,0.0,0.0,0.0,hvmv69sub3_hsb,PQ,1.0,1.0,1.0,39837.16857408418,1000000.0,0.95,1.05,0,0,abc,False,False,False,46.6799782,-119.2404194
917,0.0,0.0,0.0,0.0,0.0,0.0,regxfmr_hvmv11sub3_lsb,PQ,1.0,1.0,1.0,7199.557856794634,1000000.0,0.95,1.05,0,0,abc,False,False,False,46.68084938,-119.2406805
918,0.0,0.0,0.0,0.0,0.0,0.0,hvmv11sub3_lsb,PQ,1.0,1.0,1.0,7199.557856794634,1000000.0,0.95,1.05,0,0,abc,False,False,False,46.68172058,-119.2409416
919,0.0,0.0,0.0,0.0,0.0,0.0,e203026,PQ,1.0,1.0,1.0,7199.557856794634,1000000.0,0.95,1.05,0,0,abc,False,False,False,46.68271272,-119.2412838
920,0.0,0.0,0.0,0.0,0.0,0.0,m1009650,PQ,1.0,1.0,1.0,7199.557856794634,1000000.0,0.95,1.05,0,0,abc,False,False,False,46.68575126,-119.238392
921,0.0,0.0,0.0,0.0,0.0,0.0,m1009651,PQ,1.0,1.0,1.0,7199.557856794634,1000000.0,0.95,1.05,0,0,abc,False,False,False,46.68584736,-119.2382887
922,0.0,0.0,0.0,0.0,0.060171463012321,0.0150847826108943,l2879092,PQ,1.0,1.0,1.0,7199.557856794634,1000000.0,0.95,1.05,0,0,c,False,True,False,46.68654592,-119.2386275
923,0.0,0.0,0.0,0.0,0.0,0.0,m1026655,PQ,1.0,1.0,1.0,7199.557856794634,1000000.0,0.95,1.05,0,0,abc,False,False,False,46.68646472,-119.237501
924,0.0,0.0,0.0,0.0,0.0,0.0,n1141475,PQ,1.0,1.0,1.0,7199.557856794634,1000000.0,0.95,1.05,0,0,c,False,False,False,46.68657428,-119.2376198
925,0.0,0.0,0.0,0.0,0.0,0.0,m1009655,PQ,1.0,1.0,1.0,7199.557856794634,1000000.0,0.95,1.05,0,0,c,False,False,False,46.68665874,-119.2377114
926,0.0,0.0,0.0,0.0,0.0,0.0,p827528,PQ,1.0,1.0,1.0,7199.557856794634,1000000.0,0.95,1.05,0,0,c,False,False,False,46.68674416,-119.2377766
927,0.0,0.0,0.0,0.0,0.0,0.0,221-240988,PQ,1.0,1.0,1.0,7199.557856794634,1000000.0,0.95,1.05,0,0,c,False,False,False,46.68682118,-119.2378354
928,0.0,0.0,0.0,0.0,0.0305207478563934,0.0076514546689143,l3141411,PQ,1.0,1.0,1.0,7199.557856794634,1000000.0,0.95,1.05,0,0,c,False,True,False,46.68731644,-119.2382133
929,0.0,0.0,0.0,0.0,0.0,0.0,m1026658,PQ,1.0,1.0,1.0,7199.557856794634,1000000.0,0.95,1.05,0,0,abc,False,False,False,46.68716346,-119.2366095
930,0.0118703291997939,0.0029761127633655,0.0,0.0,0.0,0.0,l3172805,PQ,1.0,1.0,1.0,7199.557856794634,1000000.0,0.95,1.05,0,0,a,False,True,False,46.68593874,-119.235521
931,0.0,0.0,0.0,0.0,0.0061001513085521,0.0015292905938116,l2673319,PQ,1.0,1.0,1.0,7199.557856794634,1000000.0,0.95,1.05,0,0,abc,False,True,False,46.6874892,-119.2361939
932,0.0,0.0,0.0,0.0,0.0,0.0,m1026662,PQ,1.0,1.0,1.0,7199.557856794634,1000000.0,0.95,1.05,0,0,abc,False,False,False,46.688787,-119.2343047
933,0.0,0.0,0.0,0.0,0.0,0.0,m1026670,PQ,1.0,1.0,1.0,7199.557856794634,1000000.0,0.95,1.05,0,0,abc,False,False,False,46.68936396,-119.2338653
934,0.0,0.0,0.0,0.0,0.0,0.0,m3036170,PQ,1.0,1.0,1.0,7199.557856794634,1000000.0,0.95,1.05,0,0,abc,False,False,False,46.68952622,-119.2336658
935,0.0053201555508411,0.00133387143939,0.0,0.0,0.0,0.0,l2691952,PQ,1.0,1.0,1.0,7199.557856794634,1000000.0,0.95,1.05,0,0,abc,False,True,False,46.68954794,-119.2336391
936,0.0,0.0,0.0,0.0,0.0,0.0,q14414,PQ,1.0,1.0,1.0,7199.557856794634,1000000.0,0.95,1.05,0,0,abc,False,False,False,46.68977908,-119.2331088
937,0.0,0.0,0.0,0.0,0.0,0.0,d5835167-6_int,PQ,1.0,1.0,1.0,7199.557856794634,1000000.0,0.95,1.05,0,0,abc,False,False,False,46.69043246,-119.2323256
938,0.0118703579754274,0.0029761531936707,0.0,0.0,0.0,0.0,l3048221,PQ,1.0,1.0,1.0,7199.557856794634,1000000.0,0.95,1.05,0,0,abc,False,True,False,46.69095422,-119.2317572
939,0.0,0.0,0.0,0.0,0.0,0.0,m1026681,PQ,1.0,1.0,1.0,7199.557856794634,1000000.0,0.95,1.05,0,0,abc,False,False,False,46.6915688,-119.2309338
940,0.0,0.0,0.0,0.0,0.0,0.0,d6108145-1_int,PQ,1.0,1.0,1.0,7199.557856794634,1000000.0,0.95,1.05,0,0,abc,False,False,False,46.69182638,-119.2304979
941,0.0053201639707578,0.0013338838094885,0.0,0.0,0.0,0.0,l2879078,PQ,1.0,1.0,1.0,7199.557856794634,1000000.0,0.95,1.05,0,0,abc,False,True,False,46.69213664,-119.2301729
942,0.0,0.0,0.0,0.0,0.0,0.0,m1026690,PQ,1.0,1.0,1.0,7199.557856794634,1000000.0,0.95,1.05,0,0,abc,False,False,False,46.69305636,-119.2289441
943,0.0,0.0,0.0,0.0,0.0,0.0,n1140830,PQ,1.0,1.0,1.0,7199.557856794634,1000000.0,0.95,1.05,0,0,a,False,False,False,46.69297582,-119.2287672
944,0.0088702779540421,0.0022239826259184,0.0,0.0,0.0,0.0,l3216351,PQ,1.0,1.0,1.0,7199.557856794634,1000000.0,0.95,1.05,0,0,a,False,True,False,46.69291592,-119.2286358
945,0.0053201667202761,0.0013338881335382,0.0,0.0,0.0,0.0,l2879081,PQ,1.0,1.0,1.0,7199.557856794634,1000000.0,0.95,1.05,0,0,a,False,True,False,46.6925066,-119.2284033
946,0.0,0.0,0.0,0.0,0.0,0.0,m1026682,PQ,1.0,1.0,1.0,7199.557856794634,1000000.0,0.95,1.05,0,0,a,False,False,False,46.69177162,-119.2287926
947,0.0083202607978694,0.0020860808007165,0.0,0.0,0.0,0.0,l3066816,PQ,1.0,1.0,1.0,7199.557856794634,1000000.0,0.95,1.05,0,0,a,False,True,False,46.69057944,-119.2294538
948,0.0,0.0,0.0,0.0,0.0,0.0,m1026667,PQ,1.0,1.0,1.0,7199.557856794634,1000000.0,0.95,1.05,0,0,a,False,False,False,46.68921254,-119.2307364
949,0.0,0.0,0.0,0.0,0.0,0.0,m1026661,PQ,1.0,1.0,1.0,7199.557856794634,1000000.0,0.95,1.05,0,0,a,False,False,False,46.68842238,-119.23073
950,0.0,0.0,0.0,0.0,0.0,0.0,p827530,PQ,1.0,1.0,1.0,7199.557856794634,1000000.0,0.95,1.05,0,0,a,False,False,False,46.68841122,-119.2308159
951,0.0,0.0,0.0,0.0,0.0,0.0,221-240991,PQ,1.0,1.0,1.0,7199.557856794634,1000000.0,0.95,1.05,0,0,a,False,False,False,46.6883962,-119.2309313
952,0.0177405562989727,0.0044479658830931,0.0,0.0,0.0,0.0,l3066817,PQ,1.0,1.0,1.0,7199.557856794634,1000000.0,0.95,1.05,0,0,a,False,True,False,46.68724932,-119.2339728
953,0.0,0.0,0.0,0.0,0.0,0.0,m1026697,PQ,1.0,1.0,1.0,7199.557856794634,1000000.0,0.95,1.05,0,0,abc,False,False,False,46.69363848,-119.2281469
954,0.0,0.0,0.0,0.0,0.0,0.0,m1026701,PQ,1.0,1.0,1.0,7199.557856794634,1000000.0,0.95,1.05,0,0,abc,False,False,False,46.69419792,-119.2273419
955,0.0,0.0,0.0,0.0,0.0,0.0,m1026709,PQ,1.0,1.0,1.0,7199.557856794634,1000000.0,0.95,1.05,0,0,abc,False,False,False,46.69461526,-119.2264713
956,0.0,0.0,0.0,0.0,0.0,0.0,m1026708,PQ,1.0,1.0,1.0,7199.557856794634,1000000.0,0.95,1.05,0,0,abc,False,False,False,46.69461496,-119.2264588
957,0.0,0.0,0.0,0.0,0.0,0.0,n1140828,PQ,1.0,1.0,1.0,7199.557856794634,1000000.0,0.95,1.05,0,0,abc,False,False,False,46.69461008,-119.2262503
958,0.0,0.0,0.0,0.0,0.0,0.0,m1026706,PQ,1.0,1.0,1.0,7199.557856794634,1000000.0,0.95,1.05,0,0,abc,False,False,False,46.69456226,-119.2242075
959,0.0,0.0,0.0,0.0,0.0,0.0,n1140825,PQ,1.0,1.0,1.0,7199.557856794634,1000000.0,0.95,1.05,0,0,abc,False,False,False,46.694778,-119.2241925
960,0.0,0.0,0.0,0.0,0.0061001673818917,0.0015293115240318,l3216368,PQ,1.0,1.0,1.0,7199.557856794634,1000000.0,0.95,1.05,0,0,abc,False,True,False,46.69506912,-119.2241723
961,0.0,0.0,0.0,0.0,0.0,0.0,n1140827,PQ,1.0,1.0,1.0,7199.557856794634,1000000.0,0.95,1.05,0,0,abc,False,False,False,46.6954648,-119.2241606
962,0.0,0.0,0.0,0.0,0.0,0.0,m1026726,PQ,1.0,1.0,1.0,7199.557856794634,1000000.0,0.95,1.05,0,0,abc,False,False,False,46.69571152,-119.2241533
963,0.0177405842146193,0.004448008726772,0.0194506080076854,0.0048766567129047,0.0203405581506937,0.0050993765672976,l2814529,PQ,1.0,1.0,1.0,7199.557856794634,1000000.0,0.95,1.05,0,0,abc,False,True,False,46.696111,-119.2236733
964,0.0,0.0,0.0,0.0,0.0,0.0,l2876847,PQ,1.0,1.0,1.0,7199.557856794634,1000000.0,0.95,1.05,0,0,b,False,False,False,46.69582974,-119.2253938
965,0.0,0.0,0.0127303979381983,0.0031917655528544,0.0,0.0,l2916610,PQ,1.0,1.0,1.0,7199.557856794634,1000000.0,0.95,1.05,0,0,b,False,True,False,46.69665194,-119.22414
966,0.0,0.0,0.0,0.0,0.0,0.0,n1140822,PQ,1.0,1.0,1.0,7199.557856794634,1000000.0,0.95,1.05,0,0,c,False,False,False,46.69441724,-119.2241293
967,0.0,0.0,0.0,0.0,0.0061001673814158,0.0015293115088199,l2935560,PQ,1.0,1.0,1.0,7199.557856794634,1000000.0,0.95,1.05,0,0,c,False,True,False,46.6938322,-119.2238138
968,0.0,0.0,0.0,0.0,0.0,0.0,m1026700,PQ,1.0,1.0,1.0,7199.557856794634,1000000.0,0.95,1.05,0,0,abc,False,False,False,46.6940489,-119.2228782
969,0.0,0.0,0.0,0.0,0.0,0.0,n1140821,PQ,1.0,1.0,1.0,7199.557856794634,1000000.0,0.95,1.05,0,0,c,False,False,False,46.69405536,-119.2230691
970,0.0,0.0,0.0,0.0,0.0203405630883166,0.005099382974976,l3189188,PQ,1.0,1.0,1.0,7199.557856794634,1000000.0,0.95,1.05,0,0,c,False,True,False,46.69406458,-119.2233405
971,0.0,0.0,0.0,0.0,0.0,0.0,n1140819,PQ,1.0,1.0,1.0,7199.557856794634,1000000.0,0.95,1.05,0,0,abc,False,False,False,46.69393264,-119.2224384
972,0.0,0.0,0.0058401855915619,0.0014642583898857,0.0,0.0,l2973167,PQ,1.0,1.0,1.0,7199.557856794634,1000000.0,0.95,1.05,0,0,abc,False,True,False,46.69363492,-119.2213116
973,0.0,0.0,0.0,0.0,0.0,0.0,n1140818,PQ,1.0,1.0,1.0,7199.557856794634,1000000.0,0.95,1.05,0,0,abc,False,False,False,46.69360124,-119.221133
974,0.0,0.0,0.0,0.0,0.0,0.0,m1026695,PQ,1.0,1.0,1.0,7199.557856794634,1000000.0,0.95,1.05,0,0,abc,False,False,False,46.693402,-119.2200767
975,0.0,0.0,0.0,0.0,0.0,0.0,n1138594,PQ,1.0,1.0,1.0,7199.557856794634,1000000.0,0.95,1.05,0,0,a,False,False,False,46.69313232,-119.2200522
976,0.0,0.0,0.0,0.0,0.0,0.0,d5774470-2_int,PQ,1.0,1.0,1.0,7199.557856794634,1000000.0,0.95,1.05,0,0,a,False,False,False,46.69217484,-119.2199498
977,0.0,0.0,0.0,0.0,0.0,0.0,m1026679,PQ,1.0,1.0,1.0,7199.557856794634,1000000.0,0.95,1.05,0,0,a,False,False,False,46.69113282,-119.2198702
978,0.0,0.0,0.0,0.0,0.0,0.0,p827537,PQ,1.0,1.0,1.0,7199.557856794634,1000000.0,0.95,1.05,0,0,a,False,False,False,46.69100924,-119.2198347
979,0.0088703042988172,0.0022240234033676,0.0,0.0,0.0,0.0,l3122827,PQ,1.0,1.0,1.0,7199.557856794634,1000000.0,0.95,1.05,0,0,a,False,True,False,46.69004008,-119.2195569
980,0.0083202856393546,0.0020861193354643,0.0,0.0,0.0,0.0,l2954355,PQ,1.0,1.0,1.0,7199.557856794634,1000000.0,0.95,1.05,0,0,a,False,True,False,46.68931934,-119.220065
981,0.0,0.0,0.0,0.0,0.0,0.0,m1026665,PQ,1.0,1.0,1.0,7199.557856794634,1000000.0,0.95,1.05,0,0,a,False,False,False,46.68900768,-119.2202287
982,0.0,0.0,0.0,0.0,0.0,0.0,l3232933,PQ,1.0,1.0,1.0,7199.557856794634,1000000.0,0.95,1.05,0,0,a,False,False,False,46.6871588,-119.2213704
983,0.0,0.0,0.0,0.0,0.0,0.0,m1026660,PQ,1.0,1.0,1.0,7199.557856794634,1000000.0,0.95,1.05,0,0,a,False,False,False,46.68802872,-119.2193665
984,0.0088703049802878,0.002224024805517,0.0,0.0,0.0,0.0,l3160106,PQ,1.0,1.0,1.0,7199.557856794634,1000000.0,0.95,1.05,0,0,a,False,True,False,46.68736022,-119.2136007
985,0.0,0.0,0.0,0.0,0.0,0.0,m1026657,PQ,1.0,1.0,1.0,7199.557856794634,1000000.0,0.95,1.05,0,0,a,False,False,False,46.68685318,-119.2184115
986,0.0,0.0,0.0,0.0,0.0,0.0,m1026656,PQ,1.0,1.0,1.0,7199.557856794634,1000000.0,0.95,1.05,0,0,a,False,False,False,46.68678118,-119.2183554
987,0.0053201834863823,0.0013339145485248,0.0,0.0,0.0,0.0,l2729428,PQ,1.0,1.0,1.0,7199.557856794634,1000000.0,0.95,1.05,0,0,a,False,True,False,46.68452172,-119.2166591
988,0.0,0.0,0.0,0.0,0.0,0.0,m1026648,PQ,1.0,1.0,1.0,7199.557856794634,1000000.0,0.95,1.05,0,0,a,False,False,False,46.68369496,-119.2158764
989,0.0,0.0,0.0,0.0,0.0,0.0,m1026647,PQ,1.0,1.0,1.0,7199.557856794634,1000000.0,0.95,1.05,0,0,a,False,False,False,46.68301508,-119.2155081
990,0.0,0.0,0.0,0.0,0.0,0.0,m3036169,PQ,1.0,1.0,1.0,7199.557856794634,1000000.0,0.95,1.05,0,0,a,False,False,False,46.6820261,-119.2141494
991,0.0,0.0,0.0,0.0,0.0,0.0,n1139550,PQ,1.0,1.0,1.0,7199.557856794634,1000000.0,0.95,1.05,0,0,a,False,False,False,46.68171662,-119.2143007
992,0.0118704104053954,0.0029762361696013,0.0,0.0,0.0,0.0,l3197639,PQ,1.0,1.0,1.0,7199.557856794634,1000000.0,0.95,1.05,0,0,a,False,True,False,46.68139532,-119.2144579
993,0.0083202876622529,0.002086123415963,0.0,0.0,0.0,0.0,l2673317,PQ,1.0,1.0,1.0,7199.557856794634,1000000.0,0.95,1.05,0,0,a,False,True,False,46.68200302,-119.2141145
994,0.005320184104717,0.0013339157907942,0.0,0.0,0.0,0.0,l2710517,PQ,1.0,1.0,1.0,7199.557856794634,1000000.0,0.95,1.05,0,0,a,False,True,False,46.68111666,-119.2127773
995,0.0,0.0,0.0,0.0,0.0,0.0,m1026646,PQ,1.0,1.0,1.0,7199.557856794634,1000000.0,0.95,1.05,0,0,a,False,False,False,46.68069798,-119.2121084
996,0.0,0.0,0.0,0.0,0.0,0.0,n1139549,PQ,1.0,1.0,1.0,7199.557856794634,1000000.0,0.95,1.05,0,0,a,False,False,False,46.68016354,-119.2121187
997,0.0083202880953903,0.0020861242880015,0.0,0.0,0.0,0.0,l2879074,PQ,1.0,1.0,1.0,7199.557856794634,1000000.0,0.95,1.05,0,0,a,False,True,False,46.67992204,-119.2128138
998,0.0118704110581281,0.0029762374844094,0.0,0.0,0.0,0.0,l3122820,PQ,1.0,1.0,1.0,7199.557856794634,1000000.0,0.95,1.05,0,0,a,False,True,False,46.67900094,-119.2134387
999,0.0083202881313365,0.002086124358172,0.0,0.0,0.0,0.0,l3141398,PQ,1.0,1.0,1.0,7199.557856794634,1000000.0,0.95,1.05,0,0,a,False,True,False,46.67816956,-119.2136452
1000,0.0083202884380771,0.002086124983669,0.0,0.0,0.0,0.0,l3178978,PQ,1.0,1.0,1.0,7199.557856794634,1000000.0,0.95,1.05,0,0,a,False,True,False,46.67903444,-119.2093964
1001,0.0,0.0,0.0,0.0,0.0,0.0,m1047432,PQ,1.0,1.0,1.0,7199.557856794634,1000000.0,0.95,1.05,0,0,a,False,False,False,46.67768022,-119.207058
1002,0.0,0.0,0.0,0.0,0.0,0.0,p903360,PQ,1.0,1.0,1.0,7199.557856794634,1000000.0,0.95,1.05,0,0,a,False,False,False,46.67687062,-119.2055634
1003,0.0,0.0,0.0,0.0,0.0,0.0,m1047430,PQ,1.0,1.0,1.0,7199.557856794634,1000000.0,0.95,1.05,0,0,a,False,False,False,46.67681534,-119.2054108
1004,0.0035501234079117,0.0008901140945013,0.0,0.0,0.0,0.0,l2916234,PQ,1.0,1.0,1.0,7199.557856794634,1000000.0,0.95,1.05,0,0,a,False,True,False,46.6757575,-119.2028536
1005,0.0,0.0,0.0,0.0,0.0,0.0,m1047423,PQ,1.0,1.0,1.0,7199.557856794634,1000000.0,0.95,1.05,0,0,a,False,False,False,46.67397156,-119.1989723
1006,0.0,0.0,0.0,0.0,0.0,0.0,m1047420,PQ,1.0,1.0,1.0,7199.557856794634,1000000.0,0.95,1.05,0,0,a,False,False,False,46.67365968,-119.1981928
1007,0.0,0.0,0.0,0.0,0.0,0.0,m1047419,PQ,1.0,1.0,1.0,7199.557856794634,1000000.0,0.95,1.05,0,0,a,False,False,False,46.67348618,-119.1982514
1008,0.0118704133823682,0.0029762421168742,0.0,0.0,0.0,0.0,l2973157,PQ,1.0,1.0,1.0,7199.557856794634,1000000.0,0.95,1.05,0,0,a,False,True,False,46.67285366,-119.1985694
1009,0.008870309101128,0.0022240330593191,0.0,0.0,0.0,0.0,l2820556,PQ,1.0,1.0,1.0,7199.557856794634,1000000.0,0.95,1.05,0,0,a,False,True,False,46.6722528,-119.1966724
1010,0.0,0.0,0.0,0.0,0.0,0.0,m1047410,PQ,1.0,1.0,1.0,7199.557856794634,1000000.0,0.95,1.05,0,0,a,False,False,False,46.67180308,-119.1962636
1011,0.0,0.0,0.0,0.0,0.0,0.0,m1047409,PQ,1.0,1.0,1.0,7199.557856794634,1000000.0,0.95,1.05,0,0,a,False,False,False,46.67083092,-119.1951638
1012,0.0053201855411071,0.001333918660922,0.0,0.0,0.0,0.0,l3082992,PQ,1.0,1.0,1.0,7199.557856794634,1000000.0,0.95,1.05,0,0,a,False,True,False,46.6700966,-119.1944506
1013,0.0,0.0,0.0,0.0,0.0,0.0,m1047406,PQ,1.0,1.0,1.0,7199.557856794634,1000000.0,0.95,1.05,0,0,a,False,False,False,46.66935902,-119.19394
1014,0.0053201855882695,0.0013339187492248,0.0,0.0,0.0,0.0,l3216348,PQ,1.0,1.0,1.0,7199.557856794634,1000000.0,0.95,1.05,0,0,a,False,True,False,46.66918756,-119.1943968
1015,0.0053201856698821,0.0013339188948634,0.0,0.0,0.0,0.0,l2841627,PQ,1.0,1.0,1.0,7199.557856794634,1000000.0,0.95,1.05,0,0,a,False,True,False,46.6681752,-119.1973856
1016,0.0118704143544916,0.0029762439980982,0.0,0.0,0.0,0.0,l3254216,PQ,1.0,1.0,1.0,7199.557856794634,1000000.0,0.95,1.05,0,0,a,False,True,False,46.66756576,-119.1990651
1017,0.0,0.0,0.0,0.0,0.0,0.0,m1047401,PQ,1.0,1.0,1.0,7199.557856794634,1000000.0,0.95,1.05,0,0,a,False,False,False,46.66738704,-119.199598
1018,0.0,0.0,0.0,0.0,0.0,0.0,m1047403,PQ,1.0,1.0,1.0,7199.557856794634,1000000.0,0.95,1.05,0,0,a,False,False,False,46.66800758,-119.199739
1019,0.0,0.0,0.0,0.0,0.0,0.0,m1047404,PQ,1.0,1.0,1.0,7199.557856794634,1000000.0,0.95,1.05,0,0,a,False,False,False,46.66821928,-119.2008862
1020,0.0133004643531048,0.0033347975283814,0.0,0.0,0.0,0.0,l3091052,PQ,1.0,1.0,1.0,7199.557856794634,1000000.0,0.95,1.05,0,0,a,False,True,False,46.66795692,-119.2019039
1021,0.0083202904541191,0.0020861289457988,0.0,0.0,0.0,0.0,l2748132,PQ,1.0,1.0,1.0,7199.557856794634,1000000.0,0.95,1.05,0,0,a,False,True,False,46.66708818,-119.200489
1022,0.0,0.0,0.0,0.0,0.0,0.0,l2689726,PQ,1.0,1.0,1.0,7199.557856794634,1000000.0,0.95,1.05,0,0,a,False,False,False,46.66577412,-119.2045861
1023,0.0,0.0,0.0,0.0,0.0,0.0,m1047400,PQ,1.0,1.0,1.0,7199.557856794634,1000000.0,0.95,1.05,0,0,a,False,False,False,46.66550766,-119.2068956
1024,0.0035501238339955,0.0008901149412323,0.0,0.0,0.0,0.0,l2691947,PQ,1.0,1.0,1.0,7199.557856794634,1000000.0,0.95,1.05,0,0,a,False,True,False,46.66845044,-119.1936623
1025,0.0083202901481721,0.002086128405187,0.0,0.0,0.0,0.0,l2841648,PQ,1.0,1.0,1.0,7199.557856794634,1000000.0,0.95,1.05,0,0,a,False,True,False,46.67125964,-119.1930531
1026,0.0,0.0,0.0,0.0,0.0,0.0,l2841000,PQ,1.0,1.0,1.0,7199.557856794634,1000000.0,0.95,1.05,0,0,a,False,False,False,46.6717019,-119.1918564
1027,0.0083202901632702,0.0020861284393513,0.0,0.0,0.0,0.0,l2710544,PQ,1.0,1.0,1.0,7199.557856794634,1000000.0,0.95,1.05,0,0,a,False,True,False,46.6724554,-119.1936937
1028,0.0053201846317195,0.0013339168525353,0.0,0.0,0.0,0.0,l2879075,PQ,1.0,1.0,1.0,7199.557856794634,1000000.0,0.95,1.05,0,0,a,False,True,False,46.67704756,-119.2073918
1029,0.0,0.0,0.0,0.0,0.0,0.0,l3251830,PQ,1.0,1.0,1.0,7199.557856794634,1000000.0,0.95,1.05,0,0,a,False,False,False,46.67626546,-119.2077898
1030,0.0,0.0,0.0,0.0,0.0,0.0,m1047433,PQ,1.0,1.0,1.0,7199.557856794634,1000000.0,0.95,1.05,0,0,a,False,False,False,46.67832142,-119.2068973
1031,0.0,0.0,0.0,0.0,0.0,0.0,m1047434,PQ,1.0,1.0,1.0,7199.557856794634,1000000.0,0.95,1.05,0,0,a,False,False,False,46.67947226,-119.2076405
1032,0.0,0.0,0.0,0.0,0.0,0.0,m1047435,PQ,1.0,1.0,1.0,7199.557856794634,1000000.0,0.95,1.05,0,0,a,False,False,False,46.68053392,-119.2083074
1033,0.0,0.0,0.0,0.0,0.0,0.0,l2970841,PQ,1.0,1.0,1.0,7199.557856794634,1000000.0,0.95,1.05,0,0,a,False,False,False,46.6811158,-119.2086764
1034,0.0083202872029782,0.0020861225015774,0.0,0.0,0.0,0.0,l2973159,PQ,1.0,1.0,1.0,7199.557856794634,1000000.0,0.95,1.05,0,0,a,False,True,False,46.68455882,-119.2146036
1035,0.0,0.0,0.0,0.0,0.0,0.0,n1139551,PQ,1.0,1.0,1.0,7199.557856794634,1000000.0,0.95,1.05,0,0,abc,False,False,False,46.69352872,-119.2197208
1036,0.0,0.0,0.0,0.0,0.0,0.0,m1026702,PQ,1.0,1.0,1.0,7199.557856794634,1000000.0,0.95,1.05,0,0,abc,False,False,False,46.69424732,-119.2176905
1037,0.0088703089669219,0.0022240293551845,0.0097303166027482,0.0024396109254003,0.010170289838607,0.0025497042799603,l2729414,PQ,1.0,1.0,1.0,7199.557856794634,1000000.0,0.95,1.05,0,0,abc,False,True,False,46.6935647,-119.2174433
1038,0.0,0.0,0.0,0.0,0.0,0.0,n1139552,PQ,1.0,1.0,1.0,7199.557856794634,1000000.0,0.95,1.05,0,0,abc,False,False,False,46.69519212,-119.2167039
1039,0.0,0.0,0.0,0.0,0.0,0.0,r18243,PQ,1.0,1.0,1.0,7199.557856794634,1000000.0,0.95,1.05,0,0,abc,False,False,False,46.69552578,-119.2163555
1040,0.0,0.0,0.0,0.0,0.0,0.0,m1026724,PQ,1.0,1.0,1.0,7199.557856794634,1000000.0,0.95,1.05,0,0,abc,False,False,False,46.69559526,-119.2162794
1041,0.0,0.0,0.0,0.0,0.0,0.0,m1026744,PQ,1.0,1.0,1.0,7199.557856794634,1000000.0,0.95,1.05,0,0,abc,False,False,False,46.6977597,-119.2150182
1042,0.0,0.0,0.0,0.0,0.0,0.0,n1140817,PQ,1.0,1.0,1.0,7199.557856794634,1000000.0,0.95,1.05,0,0,abc,False,False,False,46.69762906,-119.2145376
1043,0.0083202999888186,0.0020861388183706,0.0175905909435386,0.0044103930642966,0.0061001779382001,0.0015293287182774,l3235258,PQ,1.0,1.0,1.0,7199.557856794634,1000000.0,0.95,1.05,0,0,abc,False,True,False,46.69754808,-119.2142851
1044,0.0,0.0,0.0,0.0,0.0,0.0,m1026760,PQ,1.0,1.0,1.0,7199.557856794634,1000000.0,0.95,1.05,0,0,abc,False,False,False,46.69925962,-119.2142073
1045,0.0,0.0,0.0,0.0,0.0,0.0,e182732,PQ,1.0,1.0,1.0,7199.557856794634,1000000.0,0.95,1.05,0,0,abc,False,False,False,46.69937644,-119.2141358
1046,0.0,0.0,0.0,0.0,0.0,0.0,d5534970-1_int,PQ,1.0,1.0,1.0,7199.557856794634,1000000.0,0.95,1.05,0,0,abc,False,False,False,46.70001554,-119.213527
1047,0.0088703282579351,0.0022240566725665,0.0,0.0,0.0,0.0,l2841633,PQ,1.0,1.0,1.0,7199.557856794634,1000000.0,0.95,1.05,0,0,abc,False,True,False,46.70073276,-119.2133055
1048,0.0,0.0,0.0,0.0,0.0,0.0,m1026769,PQ,1.0,1.0,1.0,7199.557856794634,1000000.0,0.95,1.05,0,0,abc,False,False,False,46.70083834,-119.2132318
1049,0.0,0.0,0.0,0.0,0.0,0.0,d6140776-1_int,PQ,1.0,1.0,1.0,7199.557856794634,1000000.0,0.95,1.05,0,0,a,False,False,False,46.70084318,-119.2132659
1050,0.0,0.0,0.0,0.0,0.0,0.0,e182730,PQ,1.0,1.0,1.0,7199.557856794634,1000000.0,0.95,1.05,0,0,a,False,False,False,46.70095208,-119.2136836
1051,0.0,0.0,0.0,0.0,0.0,0.0,n1142109,PQ,1.0,1.0,1.0,7199.557856794634,1000000.0,0.95,1.05,0,0,a,False,False,False,46.70101366,-119.2137182
1052,0.0088703285952077,0.002224057173321,0.0,0.0,0.0,0.0,l2729429,PQ,1.0,1.0,1.0,7199.557856794634,1000000.0,0.95,1.05,0,0,a,False,True,False,46.7014318,-119.2148074
1053,0.0035501315158064,0.0008901243560118,0.0,0.0,0.0,0.0,l3197647,PQ,1.0,1.0,1.0,7199.557856794634,1000000.0,0.95,1.05,0,0,a,False,True,False,46.70300256,-119.2155129
1054,0.0,0.0,0.0,0.0,0.0,0.0,m1026778,PQ,1.0,1.0,1.0,7199.557856794634,1000000.0,0.95,1.05,0,0,a,False,False,False,46.70302434,-119.2155224
1055,0.0,0.0,0.0,0.0,0.0,0.0,m1026774,PQ,1.0,1.0,1.0,7199.557856794634,1000000.0,0.95,1.05,0,0,abc,False,False,False,46.70241036,-119.2124414
1056,0.0,0.0,0.0,0.0,0.0,0.0,m1026780,PQ,1.0,1.0,1.0,7199.557856794634,1000000.0,0.95,1.05,0,0,abc,False,False,False,46.70380992,-119.2116998
1057,0.0,0.0,0.0,0.0,0.0,0.0,m1026783,PQ,1.0,1.0,1.0,7199.557856794634,1000000.0,0.95,1.05,0,0,abc,False,False,False,46.70404132,-119.2115684
1058,0.0,0.0,0.0,0.0,0.0,0.0,n1140524,PQ,1.0,1.0,1.0,7199.557856794634,1000000.0,0.95,1.05,0,0,a,False,False,False,46.70391878,-119.211088
1059,0.0083203164595413,0.0020861621802031,0.0,0.0,0.0,0.0,l3197641,PQ,1.0,1.0,1.0,7199.557856794634,1000000.0,0.95,1.05,0,0,a,False,True,False,46.70351786,-119.209135
1060,0.0133005059252302,0.0033348506682508,0.0,0.0,0.0,0.0,l2973161,PQ,1.0,1.0,1.0,7199.557856794634,1000000.0,0.95,1.05,0,0,a,False,True,False,46.70257274,-119.2103177
1061,0.0,0.0,0.0,0.0,0.0,0.0,m1026784,PQ,1.0,1.0,1.0,7199.557856794634,1000000.0,0.95,1.05,0,0,c,False,False,False,46.70406514,-119.2117051
1062,0.0,0.0,0.0,0.0,0.0,0.0,n1140523,PQ,1.0,1.0,1.0,7199.557856794634,1000000.0,0.95,1.05,0,0,c,False,False,False,46.70411114,-119.2119685
1063,0.0,0.0,0.0,0.0,0.009100275491371,0.002281476366776,l2766724,PQ,1.0,1.0,1.0,7199.557856794634,1000000.0,0.95,1.05,0,0,c,False,True,False,46.70417508,-119.2123351
1064,0.0,0.0,0.0,0.0,0.0,0.0,m1026785,PQ,1.0,1.0,1.0,7199.557856794634,1000000.0,0.95,1.05,0,0,abc,False,False,False,46.70443518,-119.2113768
1065,0.0,0.0,0.0,0.0,0.0,0.0,m1026786,PQ,1.0,1.0,1.0,7199.557856794634,1000000.0,0.95,1.05,0,0,abc,False,False,False,46.7044864,-119.2113519
1066,0.0,0.0,0.0,0.0,0.0,0.0,m1026795,PQ,1.0,1.0,1.0,7199.557856794634,1000000.0,0.95,1.05,0,0,abc,False,False,False,46.70540942,-119.2107414
1067,0.0,0.0,0.0,0.0,0.0,0.0,n1140522,PQ,1.0,1.0,1.0,7199.557856794634,1000000.0,0.95,1.05,0,0,c,False,False,False,46.7054107,-119.2109538
1068,0.0,0.0,0.0,0.0,0.0091002776129934,0.0022814805455586,l2822870,PQ,1.0,1.0,1.0,7199.557856794634,1000000.0,0.95,1.05,0,0,c,False,True,False,46.70548334,-119.2112093
1069,0.0,0.0,0.0,0.0,0.0061001860981386,0.0015293441154273,l2766725,PQ,1.0,1.0,1.0,7199.557856794634,1000000.0,0.95,1.05,0,0,c,False,True,False,46.70504606,-119.212167
1070,0.0,0.0,0.0,0.0,0.0,0.0,m1026796,PQ,1.0,1.0,1.0,7199.557856794634,1000000.0,0.95,1.05,0,0,abc,False,False,False,46.70584402,-119.2107322
1071,0.0,0.0,0.0,0.0,0.0,0.0,m1026797,PQ,1.0,1.0,1.0,7199.557856794634,1000000.0,0.95,1.05,0,0,abc,False,False,False,46.70587926,-119.210721
1072,0.0,0.0,0.0,0.0,0.0,0.0,m1026800,PQ,1.0,1.0,1.0,7199.557856794634,1000000.0,0.95,1.05,0,0,abc,False,False,False,46.70667526,-119.2104214
1073,0.0,0.0,0.0,0.0,0.0131704060113468,0.0033018872737587,l3254217,PQ,1.0,1.0,1.0,7199.557856794634,1000000.0,0.95,1.05,0,0,abc,False,True,False,46.7075079,-119.2100651
1074,0.0,0.0,0.0,0.0,0.0,0.0,n1140521,PQ,1.0,1.0,1.0,7199.557856794634,1000000.0,0.95,1.05,0,0,abc,False,False,False,46.70775128,-119.2095233
1075,0.0,0.0,0.0,0.0,0.0,0.0,m1026807,PQ,1.0,1.0,1.0,7199.557856794634,1000000.0,0.95,1.05,0,0,abc,False,False,False,46.70787564,-119.2092465
1076,0.0,0.0,0.0,0.0,0.0,0.0,m1026808,PQ,1.0,1.0,1.0,7199.557856794634,1000000.0,0.95,1.05,0,0,abc,False,False,False,46.7079097,-119.2091707
1077,0.0118704715808841,0.0029763187002273,0.0,0.0,0.0,0.0,l2822869,PQ,1.0,1.0,1.0,7199.557856794634,1000000.0,0.95,1.05,0,0,abc,False,True,False,46.70876094,-119.2079076
1078,0.0053202126889548,0.0013339541852255,0.0,0.0,0.0,0.0,l2841635,PQ,1.0,1.0,1.0,7199.557856794634,1000000.0,0.95,1.05,0,0,abc,False,True,False,46.70922136,-119.2070512
1079,0.0,0.0,0.0,0.0,0.0,0.0,m1047503,PQ,1.0,1.0,1.0,7199.557856794634,1000000.0,0.95,1.05,0,0,abc,False,False,False,46.70940536,-119.206709
1080,0.0,0.0,0.0,0.0,0.0061001912343502,0.0015293543631632,l2991914,PQ,1.0,1.0,1.0,7199.557856794634,1000000.0,0.95,1.05,0,0,abc,False,True,False,46.7096814,-119.2061957
1081,0.0,0.0,0.0,0.0,0.0,0.0,d5895780-3_int,PQ,1.0,1.0,1.0,7199.557856794634,1000000.0,0.95,1.05,0,0,abc,False,False,False,46.70985998,-119.2059553
1082,0.0,0.0,0.0,0.0,0.0,0.0,n1140519,PQ,1.0,1.0,1.0,7199.557856794634,1000000.0,0.95,1.05,0,0,abc,False,False,False,46.71009774,-119.2053745
1083,0.0,0.0,0.0,0.0,0.0,0.0,196-35813,PQ,1.0,1.0,1.0,7199.557856794634,1000000.0,0.95,1.05,0,0,abc,False,False,False,46.71015314,-119.2052652
1084,0.0,0.0,0.0,0.0,0.0,0.0,m1047507,PQ,1.0,1.0,1.0,7199.557856794634,1000000.0,0.95,1.05,0,0,abc,False,False,False,46.71053194,-119.2045181
1085,0.0,0.0,0.0,0.0,0.0,0.0,m1047513,PQ,1.0,1.0,1.0,7199.557856794634,1000000.0,0.95,1.05,0,0,abc,False,False,False,46.71104494,-119.2034981
1086,0.0,0.0,0.0,0.0,0.0,0.0,m1047515,PQ,1.0,1.0,1.0,7199.557856794634,1000000.0,0.95,1.05,0,0,abc,False,False,False,46.71184712,-119.2018241
1087,0.0,0.0,0.0,0.0,0.0,0.0,n1144665,PQ,1.0,1.0,1.0,7199.557856794634,1000000.0,0.95,1.05,0,0,abc,False,False,False,46.71200746,-119.2013961
1088,0.0,0.0,0.0,0.0,0.0101703235701662,0.0025497721777101,l2897777,PQ,1.0,1.0,1.0,7199.557856794634,1000000.0,0.95,1.05,0,0,abc,False,True,False,46.7121662,-119.2009723
1089,0.0,0.0,0.0,0.0,0.0,0.0,e206209,PQ,1.0,1.0,1.0,7199.557856794634,1000000.0,0.95,1.05,0,0,abc,False,False,False,46.7126478,-119.199167
1090,0.0,0.0,0.0,0.0,0.0,0.0,d6108141-1_int,PQ,1.0,1.0,1.0,7199.557856794634,1000000.0,0.95,1.05,0,0,abc,False,False,False,46.71277846,-119.198697
1091,0.0,0.0,0.0,0.0,0.0,0.0,m1047521,PQ,1.0,1.0,1.0,7199.557856794634,1000000.0,0.95,1.05,0,0,abc,False,False,False,46.7128388,-119.1986262
1092,0.0118704996079413,0.0029763518154563,0.0,0.0,0.0,0.0,l2954353,PQ,1.0,1.0,1.0,7199.557856794634,1000000.0,0.95,1.05,0,0,a,False,True,False,46.71300812,-119.1986409
1093,0.0,0.0,0.0,0.0,0.0,0.0,m1047526,PQ,1.0,1.0,1.0,7199.557856794634,1000000.0,0.95,1.05,0,0,abc,False,False,False,46.71313678,-119.1992506
1094,0.0,0.0,0.0,0.0,0.0,0.0,n1136666,PQ,1.0,1.0,1.0,7199.557856794634,1000000.0,0.95,1.05,0,0,abc,False,False,False,46.71321612,-119.1994168
1095,0.0,0.0,0.0,0.0,0.0,0.0,m1047528,PQ,1.0,1.0,1.0,7199.557856794634,1000000.0,0.95,1.05,0,0,abc,False,False,False,46.71342746,-119.1998595
1096,0.0035501501168972,0.000890148507498,0.0,0.0,0.0,0.0,l2858166,PQ,1.0,1.0,1.0,7199.557856794634,1000000.0,0.95,1.05,0,0,abc,False,True,False,46.71346174,-119.1999313
1097,0.0,0.0,0.0,0.0,0.0,0.0,d5863704-2_int,PQ,1.0,1.0,1.0,7199.557856794634,1000000.0,0.95,1.05,0,0,abc,False,False,False,46.71373678,-119.2007335
1098,0.0,0.0,0.0,0.0,0.0,0.0,n1136667,PQ,1.0,1.0,1.0,7199.557856794634,1000000.0,0.95,1.05,0,0,abc,False,False,False,46.71404078,-119.2012862
1099,0.0,0.0,0.0,0.0,0.0,0.0,196-29519,PQ,1.0,1.0,1.0,7199.557856794634,1000000.0,0.95,1.05,0,0,abc,False,False,False,46.71425884,-119.2018277
1100,0.0,0.0,0.0,0.0,0.0101703295315048,0.0025497846773286,l3066815,PQ,1.0,1.0,1.0,7199.557856794634,1000000.0,0.95,1.05,0,0,abc,False,True,False,46.71439892,-119.2023893
1101,0.0,0.0,0.0,0.0,0.0,0.0,m1047548,PQ,1.0,1.0,1.0,7199.557856794634,1000000.0,0.95,1.05,0,0,abc,False,False,False,46.71464682,-119.2030894
1102,0.0,0.0,0.0,0.0,0.0,0.0,n1136670,PQ,1.0,1.0,1.0,7199.557856794634,1000000.0,0.95,1.05,0,0,abc,False,False,False,46.7148955,-119.2029972
1103,0.0,0.0,0.0,0.0,0.0,0.0,d5956471-2_int,PQ,1.0,1.0,1.0,7199.557856794634,1000000.0,0.95,1.05,0,0,abc,False,False,False,46.71526136,-119.2028222
1104,0.0,0.0,0.0,0.0,0.0,0.0,m1047572,PQ,1.0,1.0,1.0,7199.557856794634,1000000.0,0.95,1.05,0,0,abc,False,False,False,46.7163489,-119.2024587
1105,0.0,0.0,0.0,0.0,0.0,0.0,m1047580,PQ,1.0,1.0,1.0,7199.557856794634,1000000.0,0.95,1.05,0,0,abc,False,False,False,46.7168488,-119.2024421
1106,0.0,0.0,0.0,0.0,0.0,0.0,p828362,PQ,1.0,1.0,1.0,7199.557856794634,1000000.0,0.95,1.05,0,0,abc,False,False,False,46.71694624,-119.202418
1107,0.0,0.0,0.0,0.0,0.0,0.0,n1136671,PQ,1.0,1.0,1.0,7199.557856794634,1000000.0,0.95,1.05,0,0,abc,False,False,False,46.71703344,-119.2023964
1108,0.0,0.0,0.0,0.0,0.0,0.0,m1047593,PQ,1.0,1.0,1.0,7199.557856794634,1000000.0,0.95,1.05,0,0,abc,False,False,False,46.71763148,-119.2022488
1109,0.0,0.0,0.0,0.0,0.0,0.0,m1047615,PQ,1.0,1.0,1.0,7199.557856794634,1000000.0,0.95,1.05,0,0,abc,False,False,False,46.71917326,-119.2009892
1110,0.0,0.0,0.0,0.0,0.0,0.0,n1136995,PQ,1.0,1.0,1.0,7199.557856794634,1000000.0,0.95,1.05,0,0,c,False,False,False,46.7191372,-119.201216
1111,0.0,0.0,0.0,0.0,0.0,0.0,m1047613,PQ,1.0,1.0,1.0,7199.557856794634,1000000.0,0.95,1.05,0,0,c,False,False,False,46.71910334,-119.2014287
1112,0.0,0.0,0.0,0.0,0.0,0.0,m1047612,PQ,1.0,1.0,1.0,7199.557856794634,1000000.0,0.95,1.05,0,0,c,False,False,False,46.7191023,-119.2014352
1113,0.0,0.0,0.0,0.0,0.0,0.0,p828360,PQ,1.0,1.0,1.0,7199.557856794634,1000000.0,0.95,1.05,0,0,c,False,False,False,46.7190459,-119.2014976
1114,0.0,0.0,0.0,0.0,0.0152604923940549,0.0038259378061337,l2729206,PQ,1.0,1.0,1.0,7199.557856794634,1000000.0,0.95,1.05,0,0,c,False,True,False,46.71924448,-119.2018437
1115,0.0,0.0,0.0,0.0,0.020340656573659,0.0050995793496587,l2729207,PQ,1.0,1.0,1.0,7199.557856794634,1000000.0,0.95,1.05,0,0,c,False,True,False,46.72234322,-119.203319
1116,0.0,0.0,0.0,0.0,0.0,0.0,228-961799-3_int,PQ,1.0,1.0,1.0,7199.557856794634,1000000.0,0.95,1.05,0,0,c,False,False,False,46.72229622,-119.2033444
1117,0.0,0.0,0.0,0.0,0.0,0.0,p828359,PQ,1.0,1.0,1.0,7199.557856794634,1000000.0,0.95,1.05,0,0,c,False,False,False,46.7190387,-119.2014291
1118,0.0,0.0,0.0,0.0,0.0152604926877597,0.0038259382371972,l2878848,PQ,1.0,1.0,1.0,7199.557856794634,1000000.0,0.95,1.05,0,0,c,False,True,False,46.7185311,-119.2034689
1119,0.0,0.0,0.0,0.0,0.0203406569616055,0.0050995799190156,l2766499,PQ,1.0,1.0,1.0,7199.557856794634,1000000.0,0.95,1.05,0,0,c,False,True,False,46.7199873,-119.2035805
1120,0.0,0.0,0.0,0.0,0.0,0.0,m1047633,PQ,1.0,1.0,1.0,7199.557856794634,1000000.0,0.95,1.05,0,0,c,False,False,False,46.71988188,-119.2035717
1121,0.0,0.0,0.0,0.0,0.020340657130739,0.005099580167256,l2897554,PQ,1.0,1.0,1.0,7199.557856794634,1000000.0,0.95,1.05,0,0,c,False,True,False,46.72106352,-119.2019877
1122,0.0,0.0,0.0,0.0,0.0,0.0,193-46661,PQ,1.0,1.0,1.0,7199.557856794634,1000000.0,0.95,1.05,0,0,c,False,False,False,46.7222182,-119.2033895
1123,0.0083203593921085,0.0020862136051729,0.0,0.0,0.0,0.0,l3216123,PQ,1.0,1.0,1.0,7199.557856794634,1000000.0,0.95,1.05,0,0,abc,False,True,False,46.7191977,-119.200972
1124,0.0,0.0,0.0,0.0,0.0,0.0,n1136996,PQ,1.0,1.0,1.0,7199.557856794634,1000000.0,0.95,1.05,0,0,abc,False,False,False,46.72039572,-119.1999101
1125,0.0,0.0,0.0,0.0,0.0,0.0,m1047649,PQ,1.0,1.0,1.0,7199.557856794634,1000000.0,0.95,1.05,0,0,abc,False,False,False,46.72055522,-119.1997687
1126,0.0083203612852016,0.0020862134907116,0.0,0.0,0.0,0.0,l2973153,PQ,1.0,1.0,1.0,7199.557856794634,1000000.0,0.95,1.05,0,0,abc,False,True,False,46.72089578,-119.199706
1127,0.0,0.0,0.0,0.0,0.0,0.0,n1136998,PQ,1.0,1.0,1.0,7199.557856794634,1000000.0,0.95,1.05,0,0,abc,False,False,False,46.72104622,-119.1997047
1128,0.0,0.0,0.0,0.0,0.0,0.0,m1047669,PQ,1.0,1.0,1.0,7199.557856794634,1000000.0,0.95,1.05,0,0,abc,False,False,False,46.72200126,-119.1996966
1129,0.0,0.0,0.0,0.0,0.0,0.0,m1047672,PQ,1.0,1.0,1.0,7199.557856794634,1000000.0,0.95,1.05,0,0,abc,False,False,False,46.7220498,-119.1996963
1130,0.0,0.0,0.0097303984867357,0.0024397763887842,0.0,0.0,l2822866,PQ,1.0,1.0,1.0,7199.557856794634,1000000.0,0.95,1.05,0,0,abc,False,True,False,46.7226003,-119.1996934
1131,0.0,0.0,0.0,0.0,0.0,0.0,m1047688,PQ,1.0,1.0,1.0,7199.557856794634,1000000.0,0.95,1.05,0,0,abc,False,False,False,46.7230659,-119.1997071
1132,0.0,0.0,0.0,0.0,0.0,0.0,n1144664,PQ,1.0,1.0,1.0,7199.557856794634,1000000.0,0.95,1.05,0,0,c,False,False,False,46.72312828,-119.1999615
1133,0.0,0.0,0.0,0.0,0.0203406489709829,0.0050995803715554,l3178972,PQ,1.0,1.0,1.0,7199.557856794634,1000000.0,0.95,1.05,0,0,c,False,True,False,46.72339412,-119.2010461
1134,0.0,0.0,0.0,0.0,0.0,0.0,m1047699,PQ,1.0,1.0,1.0,7199.557856794634,1000000.0,0.95,1.05,0,0,abc,False,False,False,46.72404478,-119.1997263
1135,0.006550287599104,0.0016423909191483,0.0,0.0,0.0,0.0,l2935554,PQ,1.0,1.0,1.0,7199.557856794634,1000000.0,0.95,1.05,0,0,abc,False,True,False,46.72519104,-119.1997118
1136,0.0,0.0,0.0,0.0,0.0,0.0,m1047713,PQ,1.0,1.0,1.0,7199.557856794634,1000000.0,0.95,1.05,0,0,abc,False,False,False,46.72581752,-119.1997487
1137,0.0,0.0,0.0,0.0,0.0,0.0,m1047720,PQ,1.0,1.0,1.0,7199.557856794634,1000000.0,0.95,1.05,0,0,abc,False,False,False,46.7272853,-119.2004329
1138,0.0,0.0,0.0,0.0,0.0461014508809492,0.0115580493068581,l2954345,PQ,1.0,1.0,1.0,7199.557856794634,1000000.0,0.95,1.05,0,0,c,False,True,False,46.72630956,-119.201468
1139,0.0,0.0,0.0,0.0,0.0101703199500119,0.002549790786162,l2895449,PQ,1.0,1.0,1.0,7199.557856794634,1000000.0,0.95,1.05,0,0,abc,False,True,False,46.72731116,-119.2004438
1140,0.0,0.0,0.0,0.0,0.0,0.0,n1137005,PQ,1.0,1.0,1.0,7199.557856794634,1000000.0,0.95,1.05,0,0,abc,False,False,False,46.7285131,-119.2009479
1141,0.0,0.0,0.0,0.0,0.0,0.0,m1047724,PQ,1.0,1.0,1.0,7199.557856794634,1000000.0,0.95,1.05,0,0,abc,False,False,False,46.72869966,-119.2010261
1142,0.0,0.0,0.0,0.0,0.0,0.0,m1047722,PQ,1.0,1.0,1.0,7199.557856794634,1000000.0,0.95,1.05,0,0,abc,False,False,False,46.7285426,-119.2017272
1143,0.0,0.0,0.0,0.0,0.0,0.0,n1137985,PQ,1.0,1.0,1.0,7199.557856794634,1000000.0,0.95,1.05,0,0,a,False,False,False,46.72850566,-119.2018861
1144,0.0118705266380787,0.0029763605490862,0.0,0.0,0.0,0.0,l3176656,PQ,1.0,1.0,1.0,7199.557856794634,1000000.0,0.95,1.05,0,0,a,False,True,False,46.72810564,-119.2060568
1145,0.0,0.0,0.0,0.0,0.0101703155467799,0.0025497907669641,l2841621,PQ,1.0,1.0,1.0,7199.557856794634,1000000.0,0.95,1.05,0,0,abc,False,True,False,46.73008372,-119.2017728
1146,0.0,0.0,0.0,0.0,0.0,0.0,n1137986,PQ,1.0,1.0,1.0,7199.557856794634,1000000.0,0.95,1.05,0,0,abc,False,False,False,46.73051884,-119.2014926
1147,0.0,0.0,0.0,0.0,0.0,0.0,m1047732,PQ,1.0,1.0,1.0,7199.557856794634,1000000.0,0.95,1.05,0,0,abc,False,False,False,46.73106098,-119.2011435
1148,0.0,0.0,0.0,0.0,0.0,0.0,m1047737,PQ,1.0,1.0,1.0,7199.557856794634,1000000.0,0.95,1.05,0,0,abc,False,False,False,46.73183272,-119.1999815
1149,0.0,0.0,0.0,0.0,0.0,0.0,l3027157,PQ,1.0,1.0,1.0,7199.557856794634,1000000.0,0.95,1.05,0,0,abc,False,False,False,46.734149,-119.199913
1150,0.0053202406998443,0.001333968274227,0.0,0.0,0.0,0.0,l2973155,PQ,1.0,1.0,1.0,7199.557856794634,1000000.0,0.95,1.05,0,0,abc,False,True,False,46.73572682,-119.1998508
1151,0.0065502970528167,0.001642385274178,0.0,0.0,0.0,0.0,l3784018,PQ,1.0,1.0,1.0,7199.557856794634,1000000.0,0.95,1.05,0,0,abc,False,True,False,46.73664148,-119.1998364
1152,0.0,0.0,0.0,0.0,0.0,0.0,n1136028,PQ,1.0,1.0,1.0,7199.557856794634,1000000.0,0.95,1.05,0,0,abc,False,False,False,46.73733188,-119.1998217
1153,0.0053202417617081,0.0013339675262571,0.0,0.0,0.0,0.0,l2876797,PQ,1.0,1.0,1.0,7199.557856794634,1000000.0,0.95,1.05,0,0,abc,False,True,False,46.73744336,-119.1998185
1154,0.0,0.0,0.0,0.0,0.0,0.0,r18241,PQ,1.0,1.0,1.0,7199.557856794634,1000000.0,0.95,1.05,0,0,abc,False,False,False,46.73814898,-119.1998289
1155,0.0,0.0,0.0,0.0,0.0,0.0,m1047763,PQ,1.0,1.0,1.0,7199.557856794634,1000000.0,0.95,1.05,0,0,abc,False,False,False,46.7391298,-119.1996992
1156,0.0,0.0,0.0,0.0,0.0,0.0,n1136027,PQ,1.0,1.0,1.0,7199.557856794634,1000000.0,0.95,1.05,0,0,a,False,False,False,46.73895752,-119.1994669
1157,0.0,0.0,0.0,0.0,0.0,0.0,d6409775-4_int,PQ,1.0,1.0,1.0,7199.557856794634,1000000.0,0.95,1.05,0,0,a,False,False,False,46.73856566,-119.199167
1158,0.0053202428682914,0.0013339668995034,0.0,0.0,0.0,0.0,l2876796,PQ,1.0,1.0,1.0,7199.557856794634,1000000.0,0.95,1.05,0,0,a,False,True,False,46.73833938,-119.1986337
1159,0.0,0.0,0.0,0.0,0.0,0.0,m1047756,PQ,1.0,1.0,1.0,7199.557856794634,1000000.0,0.95,1.05,0,0,a,False,False,False,46.73785448,-119.1979801
1160,0.0,0.0,0.0,0.0,0.0,0.0,m1047755,PQ,1.0,1.0,1.0,7199.557856794634,1000000.0,0.95,1.05,0,0,a,False,False,False,46.73780134,-119.1979084
1161,0.0118705420292517,0.0029763512342553,0.0,0.0,0.0,0.0,l3066812,PQ,1.0,1.0,1.0,7199.557856794634,1000000.0,0.95,1.05,0,0,a,False,True,False,46.73785774,-119.1976458
1162,0.0053202429635123,0.0013339670867573,0.0,0.0,0.0,0.0,l2841622,PQ,1.0,1.0,1.0,7199.557856794634,1000000.0,0.95,1.05,0,0,a,False,True,False,46.7382124,-119.1965384
1163,0.008870405264853,0.0022241146317814,0.0,0.0,0.0,0.0,l2804254,PQ,1.0,1.0,1.0,7199.557856794634,1000000.0,0.95,1.05,0,0,a,False,True,False,46.73721524,-119.1924312
1164,0.0,0.0,0.0,0.0,0.0,0.0,m1047752,PQ,1.0,1.0,1.0,7199.557856794634,1000000.0,0.95,1.05,0,0,a,False,False,False,46.73704108,-119.1925226
1165,0.0,0.0,0.0,0.0,0.0,0.0,m1047750,PQ,1.0,1.0,1.0,7199.557856794634,1000000.0,0.95,1.05,0,0,a,False,False,False,46.736107,-119.1930127
1166,0.0,0.0,0.0,0.0,0.0,0.0,m1047744,PQ,1.0,1.0,1.0,7199.557856794634,1000000.0,0.95,1.05,0,0,a,False,False,False,46.73542498,-119.1942035
1167,0.0083203802044883,0.0020862046033336,0.0,0.0,0.0,0.0,l3178971,PQ,1.0,1.0,1.0,7199.557856794634,1000000.0,0.95,1.05,0,0,a,False,True,False,46.7354182,-119.1942154
1168,0.0118705424435049,0.0029763520179419,0.0,0.0,0.0,0.0,l2879067,PQ,1.0,1.0,1.0,7199.557856794634,1000000.0,0.95,1.05,0,0,a,False,True,False,46.73576854,-119.1947527
1169,0.0,0.0,0.0,0.0,0.0,0.0,l2708293,PQ,1.0,1.0,1.0,7199.557856794634,1000000.0,0.95,1.05,0,0,a,False,False,False,46.73480366,-119.1901702
1170,0.0,0.0,0.0,0.0,0.0,0.0,m1047751,PQ,1.0,1.0,1.0,7199.557856794634,1000000.0,0.95,1.05,0,0,a,False,False,False,46.73704108,-119.1970454
1171,0.0083203799520961,0.0020862041364549,0.0,0.0,0.0,0.0,l2973154,PQ,1.0,1.0,1.0,7199.557856794634,1000000.0,0.95,1.05,0,0,a,False,True,False,46.73694526,-119.1969407
1172,0.0065502991385,0.0016423843048282,0.0,0.0,0.0,0.0,l2879069,PQ,1.0,1.0,1.0,7199.557856794634,1000000.0,0.95,1.05,0,0,a,False,True,False,46.73602938,-119.1969502
1173,0.0088704051189892,0.002224114375715,0.0,0.0,0.0,0.0,l3197633,PQ,1.0,1.0,1.0,7199.557856794634,1000000.0,0.95,1.05,0,0,a,False,True,False,46.73428342,-119.1968789
1174,0.0,0.0,0.0,0.0,0.0,0.0,p827509,PQ,1.0,1.0,1.0,7199.557856794634,1000000.0,0.95,1.05,0,0,b,False,False,False,46.73916434,-119.199767
1175,0.0,0.0,0.0,0.0,0.0,0.0,n1136029,PQ,1.0,1.0,1.0,7199.557856794634,1000000.0,0.95,1.05,0,0,b,False,False,False,46.73921362,-119.1998638
1176,0.0,0.0,0.0,0.0,0.0,0.0,m1047767,PQ,1.0,1.0,1.0,7199.557856794634,1000000.0,0.95,1.05,0,0,b,False,False,False,46.74002766,-119.2014621
1177,0.0,0.0,0.0088403867772782,0.0022166628897464,0.0,0.0,l2860484,PQ,1.0,1.0,1.0,7199.557856794634,1000000.0,0.95,1.05,0,0,b,False,True,False,46.74142108,-119.2006198
1178,0.0,0.0,0.0,0.0,0.0,0.0,d5623395-1_int,PQ,1.0,1.0,1.0,7199.557856794634,1000000.0,0.95,1.05,0,0,b,False,False,False,46.74030804,-119.2023001
1179,0.0,0.0,0.0097304264061629,0.0024398349662965,0.0,0.0,l2879068,PQ,1.0,1.0,1.0,7199.557856794634,1000000.0,0.95,1.05,0,0,b,False,True,False,46.740844,-119.2030396
1180,0.0,0.0,0.0,0.0,0.0,0.0,m1047773,PQ,1.0,1.0,1.0,7199.557856794634,1000000.0,0.95,1.05,0,0,b,False,False,False,46.74155184,-119.2044645
1181,0.0,0.0,0.0097304274551496,0.0024398369264767,0.0,0.0,l2973152,PQ,1.0,1.0,1.0,7199.557856794634,1000000.0,0.95,1.05,0,0,b,False,True,False,46.7420644,-119.205445
1182,0.0,0.0,0.0,0.0,0.0,0.0,m1047777,PQ,1.0,1.0,1.0,7199.557856794634,1000000.0,0.95,1.05,0,0,b,False,False,False,46.74217954,-119.2057075
1183,0.0,0.0,0.0127305596122919,0.003192099668108,0.0,0.0,l3178975,PQ,1.0,1.0,1.0,7199.557856794634,1000000.0,0.95,1.05,0,0,b,False,True,False,46.73906504,-119.2120488
1184,0.0,0.0,0.0,0.0,0.0,0.0,m1047780,PQ,1.0,1.0,1.0,7199.557856794634,1000000.0,0.95,1.05,0,0,b,False,False,False,46.74307842,-119.2045682
1185,0.0,0.0,0.0097304276124868,0.0024398372008662,0.0,0.0,l3066811,PQ,1.0,1.0,1.0,7199.557856794634,1000000.0,0.95,1.05,0,0,b,False,True,False,46.7445371,-119.2033962
1186,0.0,0.0,0.008840389007164,0.0022166670715636,0.0,0.0,l2748131,PQ,1.0,1.0,1.0,7199.557856794634,1000000.0,0.95,1.05,0,0,b,False,True,False,46.74301288,-119.2072866
1187,0.0,0.0,0.0088403892775754,0.002216667588969,0.0,0.0,l2729427,PQ,1.0,1.0,1.0,7199.557856794634,1000000.0,0.95,1.05,0,0,b,False,True,False,46.7436025,-119.2079313
1188,0.0,0.0,0.0,0.0,0.0,0.0,m1047786,PQ,1.0,1.0,1.0,7199.557856794634,1000000.0,0.95,1.05,0,0,b,False,False,False,46.74404148,-119.2085015
1189,0.0,0.0,0.0058402574877256,0.0014644054409265,0.0,0.0,l3048207,PQ,1.0,1.0,1.0,7199.557856794634,1000000.0,0.95,1.05,0,0,b,False,True,False,46.74466844,-119.2094251
1190,0.0,0.0,0.0,0.0,0.0,0.0,m3036164,PQ,1.0,1.0,1.0,7199.557856794634,1000000.0,0.95,1.05,0,0,b,False,False,False,46.74469478,-119.2094639
1191,0.0,0.0,0.0127305613550269,0.0031921030860664,0.0,0.0,l3085397,PQ,1.0,1.0,1.0,7199.557856794634,1000000.0,0.95,1.05,0,0,b,False,True,False,46.74608168,-119.2070972
1192,0.0,0.0,0.0097304291944091,0.0024398402674311,0.0,0.0,l2935553,PQ,1.0,1.0,1.0,7199.557856794634,1000000.0,0.95,1.05,0,0,b,False,True,False,46.74525632,-119.2099288
1193,0.0,0.0,0.0,0.0,0.0,0.0,m1026987,PQ,1.0,1.0,1.0,7199.557856794634,1000000.0,0.95,1.05,0,0,b,False,False,False,46.74691802,-119.2109635
1194,0.0,0.0,0.0,0.0,0.0,0.0,m1026990,PQ,1.0,1.0,1.0,7199.557856794634,1000000.0,0.95,1.05,0,0,b,False,False,False,46.74770818,-119.2107224
1195,0.0,0.0,0.0,0.0,0.0,0.0,m1027001,PQ,1.0,1.0,1.0,7199.557856794634,1000000.0,0.95,1.05,0,0,b,False,False,False,46.75134836,-119.2106136
1196,0.0,0.0,0.0,0.0,0.0,0.0,m1027004,PQ,1.0,1.0,1.0,7199.557856794634,1000000.0,0.95,1.05,0,0,b,False,False,False,46.75266086,-119.2106506
1197,0.0,0.0,0.0068903052211064,0.0017277003512461,0.0,0.0,l2804248,PQ,1.0,1.0,1.0,7199.557856794634,1000000.0,0.95,1.05,0,0,b,False,True,False,46.7532047,-119.2106838
1198,0.0,0.0,0.0,0.0,0.0,0.0,m1027005,PQ,1.0,1.0,1.0,7199.557856794634,1000000.0,0.95,1.05,0,0,b,False,False,False,46.7531566,-119.2116994
1199,0.0,0.0,0.0058402587278132,0.0014644078912017,0.0,0.0,l3160100,PQ,1.0,1.0,1.0,7199.557856794634,1000000.0,0.95,1.05,0,0,b,False,True,False,46.7531252,-119.2123634
1200,0.0,0.0,0.0058402587348983,0.0014644079069712,0.0,0.0,l3085390,PQ,1.0,1.0,1.0,7199.557856794634,1000000.0,0.95,1.05,0,0,b,False,True,False,46.7540774,-119.2124604
1201,0.0,0.0,0.008840391951726,0.00221667280744,0.0,0.0,l2897765,PQ,1.0,1.0,1.0,7199.557856794634,1000000.0,0.95,1.05,0,0,b,False,True,False,46.75431538,-119.2091294
1202,0.0,0.0,0.0,0.0,0.0,0.0,m1047819,PQ,1.0,1.0,1.0,7199.557856794634,1000000.0,0.95,1.05,0,0,b,False,False,False,46.75560352,-119.2079275
1203,0.0,0.0,0.0088403922284016,0.0022166733338166,0.0,0.0,l2916603,PQ,1.0,1.0,1.0,7199.557856794634,1000000.0,0.95,1.05,0,0,b,False,True,False,46.75634158,-119.2087712
1204,0.0,0.0,0.0,0.0,0.0,0.0,m1047821,PQ,1.0,1.0,1.0,7199.557856794634,1000000.0,0.95,1.05,0,0,b,False,False,False,46.75637604,-119.2072262
1205,0.0,0.0,0.0097304319354982,0.0024398455851049,0.0,0.0,l2785512,PQ,1.0,1.0,1.0,7199.557856794634,1000000.0,0.95,1.05,0,0,b,False,True,False,46.75342942,-119.2071686
1206,0.0,0.0,0.0,0.0,0.0,0.0,m1047813,PQ,1.0,1.0,1.0,7199.557856794634,1000000.0,0.95,1.05,0,0,b,False,False,False,46.7517948,-119.2069218
1207,0.0,0.0,0.0058402592697232,0.0014644089046518,0.0,0.0,l2973149,PQ,1.0,1.0,1.0,7199.557856794634,1000000.0,0.95,1.05,0,0,b,False,True,False,46.7508954,-119.2065213
1208,0.0,0.0,0.0088403923811186,0.0022166736085455,0.0,0.0,l2684420,PQ,1.0,1.0,1.0,7199.557856794634,1000000.0,0.95,1.05,0,0,b,False,True,False,46.75658456,-119.2069978
1209,0.0,0.0,0.0,0.0,0.0,0.0,m1047824,PQ,1.0,1.0,1.0,7199.557856794634,1000000.0,0.95,1.05,0,0,b,False,False,False,46.75777564,-119.2070705
1210,0.0,0.0,0.0127305652475539,0.0031921106470514,0.0,0.0,l3122810,PQ,1.0,1.0,1.0,7199.557856794634,1000000.0,0.95,1.05,0,0,b,False,True,False,46.75764288,-119.208399
1211,0.0,0.0,0.0,0.0,0.0,0.0,m1047834,PQ,1.0,1.0,1.0,7199.557856794634,1000000.0,0.95,1.05,0,0,b,False,False,False,46.7636641,-119.207852
1212,0.0,0.0,0.0,0.0,0.0,0.0,m1047835,PQ,1.0,1.0,1.0,7199.557856794634,1000000.0,0.95,1.05,0,0,b,False,False,False,46.76402626,-119.2070099
1213,0.0,0.0,0.0,0.0,0.0,0.0,m1047836,PQ,1.0,1.0,1.0,7199.557856794634,1000000.0,0.95,1.05,0,0,b,False,False,False,46.7667246,-119.20775
1214,0.0,0.0,0.0058402596734934,0.0014644096769551,0.0,0.0,l3048199,PQ,1.0,1.0,1.0,7199.557856794634,1000000.0,0.95,1.05,0,0,b,False,True,False,46.7669105,-119.2053533
1215,0.0,0.0,0.0,0.0,0.0,0.0,m1047837,PQ,1.0,1.0,1.0,7199.557856794634,1000000.0,0.95,1.05,0,0,b,False,False,False,46.76714682,-119.2039287
1216,0.0,0.0,0.0058402596898535,0.0014644097133554,0.0,0.0,l3254203,PQ,1.0,1.0,1.0,7199.557856794634,1000000.0,0.95,1.05,0,0,b,False,True,False,46.76994232,-119.2066838
1217,0.0,0.0,0.0049502200846297,0.0012412375995558,0.0,0.0,l3197624,PQ,1.0,1.0,1.0,7199.557856794634,1000000.0,0.95,1.05,0,0,b,False,True,False,46.76499684,-119.2080745
1218,0.0,0.0,0.0,0.0,0.0,0.0,m1027101,PQ,1.0,1.0,1.0,7199.557856794634,1000000.0,0.95,1.05,0,0,b,False,False,False,46.76643924,-119.2097049
1219,0.0,0.0,0.0058402597172844,0.0014644097137619,0.0,0.0,l2710508,PQ,1.0,1.0,1.0,7199.557856794634,1000000.0,0.95,1.05,0,0,b,False,True,False,46.76640356,-119.2097498
1220,0.0,0.0,0.0127305661873294,0.0031921123524536,0.0,0.0,l2822860,PQ,1.0,1.0,1.0,7199.557856794634,1000000.0,0.95,1.05,0,0,b,False,True,False,46.76504724,-119.2114888
1221,0.0,0.0,0.0097304327514114,0.002439847059794,0.0,0.0,l2860480,PQ,1.0,1.0,1.0,7199.557856794634,1000000.0,0.95,1.05,0,0,b,False,True,False,46.76815008,-119.2108523
1222,0.0,0.0,0.0,0.0,0.0,0.0,m1026989,PQ,1.0,1.0,1.0,7199.557856794634,1000000.0,0.95,1.05,0,0,b,False,False,False,46.74720992,-119.2116994
1223,0.0,0.0,0.0088403904225597,0.0022166698351661,0.0,0.0,l2673343,PQ,1.0,1.0,1.0,7199.557856794634,1000000.0,0.95,1.05,0,0,b,False,True,False,46.74842126,-119.2146855
1224,0.0,0.0,0.0,0.0,0.0,0.0,l2764436,PQ,1.0,1.0,1.0,7199.557856794634,1000000.0,0.95,1.05,0,0,b,False,False,False,46.74933736,-119.2161793
1225,0.0,0.0,0.0,0.0,0.0,0.0,m1026969,PQ,1.0,1.0,1.0,7199.557856794634,1000000.0,0.95,1.05,0,0,b,False,False,False,46.74318628,-119.2088467
1226,0.0,0.0,0.0,0.0,0.0,0.0,m1026972,PQ,1.0,1.0,1.0,7199.557856794634,1000000.0,0.95,1.05,0,0,b,False,False,False,46.74321504,-119.2095046
1227,0.0,0.0,0.0097304287929761,0.0024398394578475,0.0,0.0,l2860483,PQ,1.0,1.0,1.0,7199.557856794634,1000000.0,0.95,1.05,0,0,b,False,True,False,46.74325572,-119.210543
1228,0.0,0.0,0.0097304288110873,0.0024398394840896,0.0,0.0,l3141397,PQ,1.0,1.0,1.0,7199.557856794634,1000000.0,0.95,1.05,0,0,b,False,True,False,46.74341266,-119.2118323
1229,0.0,0.0,0.0088403895505235,0.0022166681068134,0.0,0.0,l2879066,PQ,1.0,1.0,1.0,7199.557856794634,1000000.0,0.95,1.05,0,0,b,False,True,False,46.74194458,-119.2093094
1230,0.0,0.0,0.0,0.0,0.0,0.0,n1136030,PQ,1.0,1.0,1.0,7199.557856794634,1000000.0,0.95,1.05,0,0,b,False,False,False,46.73937544,-119.1996405
1231,0.0,0.0,0.0,0.0,0.0,0.0,d5804798-3_int,PQ,1.0,1.0,1.0,7199.557856794634,1000000.0,0.95,1.05,0,0,b,False,False,False,46.73965466,-119.1995847
1232,0.0,0.0,0.0,0.0,0.0,0.0,m1047766,PQ,1.0,1.0,1.0,7199.557856794634,1000000.0,0.95,1.05,0,0,b,False,False,False,46.73980712,-119.1995374
1233,0.0,0.0,0.0,0.0,0.0,0.0,m1047768,PQ,1.0,1.0,1.0,7199.557856794634,1000000.0,0.95,1.05,0,0,b,False,False,False,46.7404342,-119.1992259
1234,0.0,0.0,0.0,0.0,0.0,0.0,p827554,PQ,1.0,1.0,1.0,7199.557856794634,1000000.0,0.95,1.05,0,0,b,False,False,False,46.74049164,-119.1992092
1235,0.0,0.0,0.0,0.0,0.0,0.0,m1047769,PQ,1.0,1.0,1.0,7199.557856794634,1000000.0,0.95,1.05,0,0,b,False,False,False,46.74060112,-119.1991775
1236,0.0,0.0,0.0058402554802816,0.0014644015958276,0.0,0.0,l3197632,PQ,1.0,1.0,1.0,7199.557856794634,1000000.0,0.95,1.05,0,0,b,False,True,False,46.74030098,-119.1967141
1237,0.0,0.0,0.0097304263229753,0.0024398346257008,0.0,0.0,l2710514,PQ,1.0,1.0,1.0,7199.557856794634,1000000.0,0.95,1.05,0,0,b,False,True,False,46.74206266,-119.198754
1238,0.0,0.0,0.0,0.0,0.0,0.0,m1047787,PQ,1.0,1.0,1.0,7199.557856794634,1000000.0,0.95,1.05,0,0,b,False,False,False,46.74419338,-119.1981099
1239,0.0,0.0,0.0088403886488929,0.0022166660363774,0.0,0.0,l3157710,PQ,1.0,1.0,1.0,7199.557856794634,1000000.0,0.95,1.05,0,0,b,False,True,False,46.74522046,-119.1978069
1240,0.0,0.0,0.0,0.0,0.0,0.0,m1047793,PQ,1.0,1.0,1.0,7199.557856794634,1000000.0,0.95,1.05,0,0,b,False,False,False,46.7459301,-119.1975975
1241,0.0,0.0,0.0,0.0,0.0,0.0,m1047795,PQ,1.0,1.0,1.0,7199.557856794634,1000000.0,0.95,1.05,0,0,b,False,False,False,46.74602218,-119.1975779
1242,0.0,0.0,0.0097304284253942,0.0024398382722675,0.0,0.0,l3160117,PQ,1.0,1.0,1.0,7199.557856794634,1000000.0,0.95,1.05,0,0,b,False,True,False,46.74680612,-119.1975093
1243,0.0,0.0,0.009730428932251,0.0024398391378216,0.0,0.0,l3215549,PQ,1.0,1.0,1.0,7199.557856794634,1000000.0,0.95,1.05,0,0,b,False,True,False,46.74819474,-119.1973879
1244,0.0,0.0,0.0068903042399742,0.0017276978529751,0.0,0.0,l2897800,PQ,1.0,1.0,1.0,7199.557856794634,1000000.0,0.95,1.05,0,0,b,False,True,False,46.75024278,-119.1972297
1245,0.0,0.0,0.0,0.0,0.0,0.0,m1047809,PQ,1.0,1.0,1.0,7199.557856794634,1000000.0,0.95,1.05,0,0,b,False,False,False,46.75061874,-119.1972831
1246,0.0,0.0,0.0,0.0,0.0,0.0,m1047812,PQ,1.0,1.0,1.0,7199.557856794634,1000000.0,0.95,1.05,0,0,b,False,False,False,46.75175596,-119.1975817
1247,0.0,0.0,0.0,0.0,0.0,0.0,m4350438,PQ,1.0,1.0,1.0,7199.557856794634,1000000.0,0.95,1.05,0,0,b,False,False,False,46.7520677,-119.1975706
1248,0.0,0.0,0.0088403911604521,0.0022166703662178,0.0,0.0,l2935568,PQ,1.0,1.0,1.0,7199.557856794634,1000000.0,0.95,1.05,0,0,b,False,True,False,46.75317106,-119.1966313
1249,0.0,0.0,0.0058402588147997,0.0014644073569661,0.0,0.0,l3235246,PQ,1.0,1.0,1.0,7199.557856794634,1000000.0,0.95,1.05,0,0,b,False,True,False,46.75561824,-119.1954704
1250,0.0,0.0,0.0097304314766157,0.0024398435304449,0.0,0.0,l2710512,PQ,1.0,1.0,1.0,7199.557856794634,1000000.0,0.95,1.05,0,0,b,False,True,False,46.756706,-119.1952492
1251,0.0,0.0,0.0,0.0,0.0,0.0,m1047828,PQ,1.0,1.0,1.0,7199.557856794634,1000000.0,0.95,1.05,0,0,b,False,False,False,46.7585694,-119.1941982
1252,0.0,0.0,0.0118872211114607,0.0029806456332815,0.0,0.0,l2954346,PQ,1.0,1.0,1.0,7199.557856794634,1000000.0,0.95,1.05,0,0,b,False,True,False,46.75885022,-119.1942924
1253,0.0,0.0,0.0,0.0,0.0,0.0,m1047831,PQ,1.0,1.0,1.0,7199.557856794634,1000000.0,0.95,1.05,0,0,b,False,False,False,46.76058254,-119.1932076
1254,0.0,0.0,0.0058402593774085,0.0014644083775662,0.0,0.0,l3178974,PQ,1.0,1.0,1.0,7199.557856794634,1000000.0,0.95,1.05,0,0,b,False,True,False,46.76173124,-119.1932169
1255,0.0,0.0,0.0,0.0,0.0,0.0,m3327098,PQ,1.0,1.0,1.0,7199.557856794634,1000000.0,0.95,1.05,0,0,b,False,False,False,46.7627589,-119.1932532
1256,0.0,0.0,0.0058402594138801,0.0014644084587226,0.0,0.0,l2691943,PQ,1.0,1.0,1.0,7199.557856794634,1000000.0,0.95,1.05,0,0,b,False,True,False,46.76420298,-119.1952694
1257,0.0,0.0,0.0,0.0,0.0,0.0,m3327097,PQ,1.0,1.0,1.0,7199.557856794634,1000000.0,0.95,1.05,0,0,b,False,False,False,46.76296632,-119.1945932
1258,0.0,0.0,0.0058402594056793,0.0014644084404742,0.0,0.0,l3448661,PQ,1.0,1.0,1.0,7199.557856794634,1000000.0,0.95,1.05,0,0,b,False,True,False,46.76286152,-119.1953187
1259,0.0,0.0,0.008840392605524,0.0022166729245909,0.0,0.0,l2710505,PQ,1.0,1.0,1.0,7199.557856794634,1000000.0,0.95,1.05,0,0,b,False,True,False,46.76017712,-119.191512
1260,0.0,0.0,0.0038901727711572,0.0009754363506783,0.0,0.0,l2710513,PQ,1.0,1.0,1.0,7199.557856794634,1000000.0,0.95,1.05,0,0,b,False,True,False,46.75797798,-119.1926824
1261,0.0,0.0,0.0,0.0,0.0,0.0,p827553,PQ,1.0,1.0,1.0,7199.557856794634,1000000.0,0.95,1.05,0,0,b,False,False,False,46.75784164,-119.1894468
1262,0.0,0.0,0.0,0.0,0.0,0.0,m1047826,PQ,1.0,1.0,1.0,7199.557856794634,1000000.0,0.95,1.05,0,0,b,False,False,False,46.75783728,-119.1893552
1263,0.0,0.0,0.0,0.0,0.0,0.0,m1047825,PQ,1.0,1.0,1.0,7199.557856794634,1000000.0,0.95,1.05,0,0,b,False,False,False,46.75778946,-119.1883437
1264,0.0,0.0,0.0058402596911974,0.0014644087792386,0.0,0.0,l2726975,PQ,1.0,1.0,1.0,7199.557856794634,1000000.0,0.95,1.05,0,0,b,False,True,False,46.7567876,-119.1883436
1265,0.0,0.0,0.0,0.0,0.0,0.0,m1069731,PQ,1.0,1.0,1.0,7199.557856794634,1000000.0,0.95,1.05,0,0,b,False,False,False,46.75772478,-119.1868713
1266,0.0,0.0,0.0175907824915306,0.004410779607137,0.0,0.0,l2710504,PQ,1.0,1.0,1.0,7199.557856794634,1000000.0,0.95,1.05,0,0,b,False,True,False,46.75841236,-119.1863918
1267,0.0,0.0,0.0,0.0,0.0,0.0,m1069730,PQ,1.0,1.0,1.0,7199.557856794634,1000000.0,0.95,1.05,0,0,b,False,False,False,46.75759628,-119.1839252
1268,0.0,0.0,0.0145906494217722,0.0036585153087553,0.0,0.0,l3159037,PQ,1.0,1.0,1.0,7199.557856794634,1000000.0,0.95,1.05,0,0,b,False,True,False,46.75760624,-119.1833114
1269,0.0,0.0,0.0,0.0,0.0,0.0,m1069738,PQ,1.0,1.0,1.0,7199.557856794634,1000000.0,0.95,1.05,0,0,b,False,False,False,46.75800738,-119.1826144
1270,0.0,0.0,0.0127305667511165,0.0031921112013842,0.0,0.0,l3234185,PQ,1.0,1.0,1.0,7199.557856794634,1000000.0,0.95,1.05,0,0,b,False,True,False,46.75663958,-119.1825849
1271,0.0,0.0,0.0097304332122412,0.0024398462237906,0.0,0.0,l3065750,PQ,1.0,1.0,1.0,7199.557856794634,1000000.0,0.95,1.05,0,0,b,False,True,False,46.75521884,-119.1825564
1272,0.0,0.0,0.0097304331590771,0.0024398461468154,0.0,0.0,l2690941,PQ,1.0,1.0,1.0,7199.557856794634,1000000.0,0.95,1.05,0,0,b,False,True,False,46.7594174,-119.1826044
1273,0.0,0.0,0.0097304330659894,0.0024398460120352,0.0,0.0,l2748124,PQ,1.0,1.0,1.0,7199.557856794634,1000000.0,0.95,1.05,0,0,b,False,True,False,46.75693622,-119.1839526
1274,0.0,0.0,0.0127305623630323,0.0031921039802722,0.0,0.0,l2989432,PQ,1.0,1.0,1.0,7199.557856794634,1000000.0,0.95,1.05,0,0,b,False,True,False,46.75020092,-119.1961301
1275,0.0,0.0,0.0127305624220456,0.0031921040657633,0.0,0.0,l3066830,PQ,1.0,1.0,1.0,7199.557856794634,1000000.0,0.95,1.05,0,0,b,False,True,False,46.74973448,-119.1948427
1276,0.0,0.0,0.0097304299113887,0.0024398407814045,0.0,0.0,l3197660,PQ,1.0,1.0,1.0,7199.557856794634,1000000.0,0.95,1.05,0,0,b,False,True,False,46.74894136,-119.1927619
1277,0.0,0.0,0.0,0.0,0.0,0.0,p827555,PQ,1.0,1.0,1.0,7199.557856794634,1000000.0,0.95,1.05,0,0,b,False,False,False,46.74593628,-119.1977017
1278,0.0,0.0,0.0,0.0,0.0,0.0,m1047794,PQ,1.0,1.0,1.0,7199.557856794634,1000000.0,0.95,1.05,0,0,b,False,False,False,46.7459426,-119.1978377
1279,0.0,0.0,0.0,0.0,0.0,0.0,m1047796,PQ,1.0,1.0,1.0,7199.557856794634,1000000.0,0.95,1.05,0,0,b,False,False,False,46.74604688,-119.2001068
1280,0.0,0.0,0.0058402569749087,0.0014644042018527,0.0,0.0,l3010562,PQ,1.0,1.0,1.0,7199.557856794634,1000000.0,0.95,1.05,0,0,b,False,True,False,46.7453003,-119.2019995
1281,0.0,0.0,0.0,0.0,0.0,0.0,m1047792,PQ,1.0,1.0,1.0,7199.557856794634,1000000.0,0.95,1.05,0,0,b,False,False,False,46.74572292,-119.1965156
1282,0.0,0.0,0.0088403890053262,0.0022166666701713,0.0,0.0,l2860500,PQ,1.0,1.0,1.0,7199.557856794634,1000000.0,0.95,1.05,0,0,b,False,True,False,46.74696842,-119.1959305
1283,0.0,0.0,0.0,0.0,0.0,0.0,l2876846,PQ,1.0,1.0,1.0,7199.557856794634,1000000.0,0.95,1.05,0,0,b,False,False,False,46.74573608,-119.1901908
1284,0.0,0.0,0.0097304283017048,0.0024398380333229,0.0,0.0,l3048203,PQ,1.0,1.0,1.0,7199.557856794634,1000000.0,0.95,1.05,0,0,b,False,True,False,46.74557656,-119.1852094
1285,0.0,0.0,0.0194508500840537,0.0048771579975804,0.0,0.0,l3216344,PQ,1.0,1.0,1.0,7199.557856794634,1000000.0,0.95,1.05,0,0,b,False,True,False,46.73962452,-119.1986185
1286,0.0,0.0,0.0097304252679162,0.0024398327775818,0.0,0.0,l2860501,PQ,1.0,1.0,1.0,7199.557856794634,1000000.0,0.95,1.05,0,0,b,False,True,False,46.74000984,-119.1983536
1287,0.0,0.0,0.0,0.0,0.0,0.0,n1137988,PQ,1.0,1.0,1.0,7199.557856794634,1000000.0,0.95,1.05,0,0,a,False,False,False,46.73180288,-119.1996458
1288,0.0083203726014896,0.002086208525226,0.0,0.0,0.0,0.0,l2991908,PQ,1.0,1.0,1.0,7199.557856794634,1000000.0,0.95,1.05,0,0,a,False,True,False,46.73174098,-119.1989491
1289,0.0088703972539104,0.0022241189916822,0.0,0.0,0.0,0.0,l3178973,PQ,1.0,1.0,1.0,7199.557856794634,1000000.0,0.95,1.05,0,0,a,False,True,False,46.73210884,-119.1972789
1290,0.0,0.0,0.0,0.0,0.0,0.0,n1137989,PQ,1.0,1.0,1.0,7199.557856794634,1000000.0,0.95,1.05,0,0,c,False,False,False,46.73199428,-119.2000379
1291,0.0,0.0,0.0,0.0,0.0661020322338138,0.0165723861045894,l3122814,PQ,1.0,1.0,1.0,7199.557856794634,1000000.0,0.95,1.05,0,0,c,False,True,False,46.73248794,-119.2002104
1292,0.0,0.0,0.0,0.0,0.0,0.0,n1137987,PQ,1.0,1.0,1.0,7199.557856794634,1000000.0,0.95,1.05,0,0,c,False,False,False,46.73106128,-119.2013482
1293,0.0,0.0,0.0,0.0,0.0,0.0,l3027156,PQ,1.0,1.0,1.0,7199.557856794634,1000000.0,0.95,1.05,0,0,c,False,False,False,46.73106224,-119.202018
1294,0.0,0.0,0.0,0.0,0.0070702184273649,0.0017725684318704,l2860481,PQ,1.0,1.0,1.0,7199.557856794634,1000000.0,0.95,1.05,0,0,c,False,True,False,46.73107876,-119.2039677
1295,0.0,0.0,0.0,0.0,0.0,0.0,l3214064,PQ,1.0,1.0,1.0,7199.557856794634,1000000.0,0.95,1.05,0,0,b,False,False,False,46.7280373,-119.2017272
1296,0.0,0.0,0.0,0.0,0.0,0.0,m1047725,PQ,1.0,1.0,1.0,7199.557856794634,1000000.0,0.95,1.05,0,0,b,False,False,False,46.7287221,-119.200974
1297,0.0,0.0,0.0,0.0,0.0,0.0,m1047728,PQ,1.0,1.0,1.0,7199.557856794634,1000000.0,0.95,1.05,0,0,b,False,False,False,46.72921498,-119.1995929
1298,0.0,0.0,0.0097304077055102,0.0024397951773452,0.0,0.0,l2804255,PQ,1.0,1.0,1.0,7199.557856794634,1000000.0,0.95,1.05,0,0,b,False,True,False,46.72918074,-119.1979674
1299,0.0,0.0,0.0,0.0,0.0,0.0,n1137003,PQ,1.0,1.0,1.0,7199.557856794634,1000000.0,0.95,1.05,0,0,a,False,False,False,46.72580976,-119.1995842
1300,0.0053202339490894,0.001333972336667,0.0,0.0,0.0,0.0,l2935555,PQ,1.0,1.0,1.0,7199.557856794634,1000000.0,0.95,1.05,0,0,a,False,True,False,46.72580448,-119.1994724
1301,0.0065502880539024,0.0016423907862471,0.0,0.0,0.0,0.0,l2897773,PQ,1.0,1.0,1.0,7199.557856794634,1000000.0,0.95,1.05,0,0,a,False,True,False,46.7257639,-119.1986128
1302,0.0053202339796489,0.0013339724043436,0.0,0.0,0.0,0.0,l3197631,PQ,1.0,1.0,1.0,7199.557856794634,1000000.0,0.95,1.05,0,0,a,False,True,False,46.72595268,-119.1965456
1303,0.0053202339836385,0.001333972413179,0.0,0.0,0.0,0.0,l2748127,PQ,1.0,1.0,1.0,7199.557856794634,1000000.0,0.95,1.05,0,0,a,False,True,False,46.72579372,-119.1956596
1304,0.0,0.0,0.0,0.0,0.0,0.0,p859135,PQ,1.0,1.0,1.0,7199.557856794634,1000000.0,0.95,1.05,0,0,a,False,False,False,46.7240777,-119.1998421
1305,0.0,0.0,0.0,0.0,0.0,0.0,m1047702,PQ,1.0,1.0,1.0,7199.557856794634,1000000.0,0.95,1.05,0,0,a,False,False,False,46.72410898,-119.1999522
1306,0.0,0.0,0.0,0.0,0.0,0.0,n1137002,PQ,1.0,1.0,1.0,7199.557856794634,1000000.0,0.95,1.05,0,0,a,False,False,False,46.72412448,-119.2002726
1307,0.0,0.0,0.0,0.0,0.0,0.0,m1047707,PQ,1.0,1.0,1.0,7199.557856794634,1000000.0,0.95,1.05,0,0,a,False,False,False,46.7246371,-119.2015407
1308,0.0088703884303347,0.0022241237774474,0.0,0.0,0.0,0.0,l3159645,PQ,1.0,1.0,1.0,7199.557856794634,1000000.0,0.95,1.05,0,0,a,False,True,False,46.72463928,-119.2015808
1309,0.0118705198337002,0.002976364104729,0.0,0.0,0.0,0.0,l2983432,PQ,1.0,1.0,1.0,7199.557856794634,1000000.0,0.95,1.05,0,0,a,False,True,False,46.72472818,-119.2032082
1310,0.0,0.0,0.0,0.0,0.0,0.0,n1137001,PQ,1.0,1.0,1.0,7199.557856794634,1000000.0,0.95,1.05,0,0,a,False,False,False,46.72400488,-119.1993262
1311,0.0053202329477772,0.0013339727343224,0.0,0.0,0.0,0.0,l2929261,PQ,1.0,1.0,1.0,7199.557856794634,1000000.0,0.95,1.05,0,0,a,False,True,False,46.72392072,-119.1984819
1312,0.0,0.0,0.0,0.0,0.0,0.0,n1136999,PQ,1.0,1.0,1.0,7199.557856794634,1000000.0,0.95,1.05,0,0,a,False,False,False,46.72204548,-119.1994218
1313,0.0,0.0,0.0,0.0,0.0,0.0,m1047671,PQ,1.0,1.0,1.0,7199.557856794634,1000000.0,0.95,1.05,0,0,a,False,False,False,46.72204314,-119.1992708
1314,0.0088703864056487,0.0022241241856641,0.0,0.0,0.0,0.0,l2710511,PQ,1.0,1.0,1.0,7199.557856794634,1000000.0,0.95,1.05,0,0,a,False,True,False,46.7220365,-119.198228
1315,0.0088703864196931,0.0022241242167946,0.0,0.0,0.0,0.0,l2766719,PQ,1.0,1.0,1.0,7199.557856794634,1000000.0,0.95,1.05,0,0,a,False,True,False,46.72110024,-119.1984907
1316,0.0,0.0,0.0,0.0,0.0,0.0,n1136997,PQ,1.0,1.0,1.0,7199.557856794634,1000000.0,0.95,1.05,0,0,c,False,False,False,46.72056216,-119.1998732
1317,0.0,0.0,0.0,0.0,0.0461014813007077,0.0115580445483777,l3104123,PQ,1.0,1.0,1.0,7199.557856794634,1000000.0,0.95,1.05,0,0,c,False,True,False,46.72059086,-119.2003051
1318,0.0,0.0,0.0,0.0,0.0,0.0,n1136993,PQ,1.0,1.0,1.0,7199.557856794634,1000000.0,0.95,1.05,0,0,a,False,False,False,46.71756216,-119.2021026
1319,0.0088703815790908,0.0022241243853175,0.0,0.0,0.0,0.0,l2972930,PQ,1.0,1.0,1.0,7199.557856794634,1000000.0,0.95,1.05,0,0,a,False,True,False,46.71741032,-119.2017821
1320,0.0,0.0,0.0,0.0,0.0,0.0,n1136672,PQ,1.0,1.0,1.0,7199.557856794634,1000000.0,0.95,1.05,0,0,c,False,False,False,46.71689406,-119.2026152
1321,0.0,0.0,0.0,0.0,0.0361011693705547,0.0090508690262916,l3253995,PQ,1.0,1.0,1.0,7199.557856794634,1000000.0,0.95,1.05,0,0,c,False,True,False,46.71694598,-119.2028141
1322,0.0,0.0,0.0,0.0,0.0,0.0,m1047552,PQ,1.0,1.0,1.0,7199.557856794634,1000000.0,0.95,1.05,0,0,abc,False,False,False,46.71471708,-119.2034102
1323,0.0,0.0,0.0,0.0,0.0,0.0,p827529,PQ,1.0,1.0,1.0,7199.557856794634,1000000.0,0.95,1.05,0,0,b,False,False,False,46.71459386,-119.2034373
1324,0.0,0.0,0.0,0.0,0.0,0.0,n1136668,PQ,1.0,1.0,1.0,7199.557856794634,1000000.0,0.95,1.05,0,0,b,False,False,False,46.71453,-119.2034513
1325,0.0,0.0,0.0068902734971495,0.0017276356166468,0.0,0.0,l3029506,PQ,1.0,1.0,1.0,7199.557856794634,1000000.0,0.95,1.05,0,0,b,False,True,False,46.71391664,-119.2035486
1326,0.0,0.0,0.0,0.0,0.0,0.0,m1047518,PQ,1.0,1.0,1.0,7199.557856794634,1000000.0,0.95,1.05,0,0,b,False,False,False,46.71272542,-119.2040566
1327,0.0,0.0,0.0058402318346868,0.0014643530138734,0.0,0.0,l2973160,PQ,1.0,1.0,1.0,7199.557856794634,1000000.0,0.95,1.05,0,0,b,False,True,False,46.71291116,-119.2055224
1328,0.0,0.0,0.0,0.0,0.0,0.0,n1136669,PQ,1.0,1.0,1.0,7199.557856794634,1000000.0,0.95,1.05,0,0,abc,False,False,False,46.7149438,-119.2038191
1329,0.0,0.0,0.0,0.0,0.0152604995171529,0.0038259359133171,l3103822,PQ,1.0,1.0,1.0,7199.557856794634,1000000.0,0.95,1.05,0,0,abc,False,True,False,46.71542296,-119.2046833
1330,0.0,0.0,0.0,0.0,0.0,0.0,m1047577,PQ,1.0,1.0,1.0,7199.557856794634,1000000.0,0.95,1.05,0,0,abc,False,False,False,46.71662198,-119.2060808
1331,0.0,0.0,0.0,0.0,0.0,0.0,m1047592,PQ,1.0,1.0,1.0,7199.557856794634,1000000.0,0.95,1.05,0,0,abc,False,False,False,46.717545,-119.2074555
1332,0.0,0.0,0.0,0.0,0.0,0.0,p827512,PQ,1.0,1.0,1.0,7199.557856794634,1000000.0,0.95,1.05,0,0,c,False,False,False,46.71759148,-119.2074268
1333,0.0,0.0,0.0,0.0,0.0,0.0,n1136994,PQ,1.0,1.0,1.0,7199.557856794634,1000000.0,0.95,1.05,0,0,c,False,False,False,46.71779586,-119.207301
1334,0.0,0.0,0.0,0.0,0.0152605072692427,0.0038259423119636,l2785521,PQ,1.0,1.0,1.0,7199.557856794634,1000000.0,0.95,1.05,0,0,c,False,True,False,46.71829196,-119.2069955
1335,0.0,0.0,0.0,0.0,0.0,0.0,m3763619,PQ,1.0,1.0,1.0,7199.557856794634,1000000.0,0.95,1.05,0,0,abc,False,False,False,46.71776808,-119.2080881
1336,0.0,0.0,0.0,0.0,0.0,0.0,m3763624,PQ,1.0,1.0,1.0,7199.557856794634,1000000.0,0.95,1.05,0,0,abc,False,False,False,46.71795416,-119.2079834
1337,0.0,0.0,0.0,0.0,0.0,0.0,m3763618,PQ,1.0,1.0,1.0,7199.557856794634,1000000.0,0.95,1.05,0,0,abc,False,False,False,46.71802478,-119.2079437
1338,0.0,0.0,0.0,0.0,0.0,0.0,p1121282,PQ,1.0,1.0,1.0,7199.557856794634,1000000.0,0.95,1.05,0,0,c,False,False,False,46.71805748,-119.207892
1339,0.0,0.0,0.0,0.0,0.0,0.0,221-559681,PQ,1.0,1.0,1.0,7199.557856794634,1000000.0,0.95,1.05,0,0,c,False,False,False,46.71808422,-119.2078498
1340,0.0,0.0,0.0,0.0,0.0,0.0,n1140526,PQ,1.0,1.0,1.0,7199.557856794634,1000000.0,0.95,1.05,0,0,c,False,False,False,46.71823294,-119.207725
1341,0.0,0.0,0.0,0.0,0.0,0.0,m3763620,PQ,1.0,1.0,1.0,7199.557856794634,1000000.0,0.95,1.05,0,0,c,False,False,False,46.7247578,-119.2072066
1342,0.0,0.0,0.0,0.0,0.0152605089787016,0.0038259439164759,l3645812,PQ,1.0,1.0,1.0,7199.557856794634,1000000.0,0.95,1.05,0,0,c,False,True,False,46.72513998,-119.2076813
1343,0.0,0.0,0.0,0.0,0.0,0.0,228-1353934-4_int,PQ,1.0,1.0,1.0,7199.557856794634,1000000.0,0.95,1.05,0,0,c,False,False,False,46.72397324,-119.2075219
1344,0.0,0.0,0.0,0.0,0.0,0.0,p1121283,PQ,1.0,1.0,1.0,7199.557856794634,1000000.0,0.95,1.05,0,0,c,False,False,False,46.7180337,-119.2078418
1345,0.0,0.0,0.0,0.0,0.0,0.0,221-559682,PQ,1.0,1.0,1.0,7199.557856794634,1000000.0,0.95,1.05,0,0,c,False,False,False,46.71805954,-119.2077958
1346,0.0,0.0,0.0,0.0,0.0,0.0,n1140525,PQ,1.0,1.0,1.0,7199.557856794634,1000000.0,0.95,1.05,0,0,c,False,False,False,46.71821312,-119.2076798
1347,0.0,0.0,0.0,0.0,0.0203406783624351,0.005099587028744,l3645809,PQ,1.0,1.0,1.0,7199.557856794634,1000000.0,0.95,1.05,0,0,c,False,True,False,46.71877382,-119.2071297
1348,0.0,0.0,0.0,0.0,0.0305210184833711,0.007651888602743,l3645810,PQ,1.0,1.0,1.0,7199.557856794634,1000000.0,0.95,1.05,0,0,c,False,True,False,46.72067798,-119.2068474
1349,0.0,0.0,0.0,0.0,0.0,0.0,m3763623,PQ,1.0,1.0,1.0,7199.557856794634,1000000.0,0.95,1.05,0,0,c,False,False,False,46.72071684,-119.2069908
1350,0.0,0.0,0.0,0.0,0.0305210187972213,0.0076518890625043,l3645811,PQ,1.0,1.0,1.0,7199.557856794634,1000000.0,0.95,1.05,0,0,c,False,True,False,46.72267614,-119.2068912
1351,0.0,0.0,0.0,0.0,0.0,0.0,193-103041,PQ,1.0,1.0,1.0,7199.557856794634,1000000.0,0.95,1.05,0,0,c,False,False,False,46.72269992,-119.2069742
1352,0.0,0.0,0.0,0.0,0.0,0.0,m1026830,PQ,1.0,1.0,1.0,7199.557856794634,1000000.0,0.95,1.05,0,0,abc,False,False,False,46.71798322,-119.2087613
1353,0.0,0.0,0.0088403504293262,0.0022165904841331,0.0,0.0,l2879070,PQ,1.0,1.0,1.0,7199.557856794634,1000000.0,0.95,1.05,0,0,abc,False,True,False,46.71829828,-119.2095772
1354,0.0,0.0,0.0145905778909909,0.0036583780466012,0.0,0.0,l3216345,PQ,1.0,1.0,1.0,7199.557856794634,1000000.0,0.95,1.05,0,0,abc,False,True,False,46.7187972,-119.2109853
1355,0.0,0.0,0.0,0.0,0.0,0.0,m3768670,PQ,1.0,1.0,1.0,7199.557856794634,1000000.0,0.95,1.05,0,0,abc,False,False,False,46.7190803,-119.2122389
1356,0.0,0.0,0.0,0.0,0.0101703450591223,0.0025497968483807,l3235254,PQ,1.0,1.0,1.0,7199.557856794634,1000000.0,0.95,1.05,0,0,abc,False,True,False,46.7195574,-119.2133765
1357,0.0,0.0,0.0,0.0,0.0,0.0,m1026855,PQ,1.0,1.0,1.0,7199.557856794634,1000000.0,0.95,1.05,0,0,abc,False,False,False,46.72069658,-119.2144455
1358,0.0,0.0,0.0,0.0,0.0,0.0,m1026861,PQ,1.0,1.0,1.0,7199.557856794634,1000000.0,0.95,1.05,0,0,abc,False,False,False,46.72108696,-119.2148737
1359,0.0,0.0,0.0,0.0,0.0,0.0,m1026858,PQ,1.0,1.0,1.0,7199.557856794634,1000000.0,0.95,1.05,0,0,abc,False,False,False,46.72084534,-119.2174231
1360,0.0,0.0,0.0,0.0,0.0,0.0,m1026854,PQ,1.0,1.0,1.0,7199.557856794634,1000000.0,0.95,1.05,0,0,abc,False,False,False,46.72066644,-119.2182311
1361,0.0,0.0,0.0,0.0,0.0,0.0,p901894,PQ,1.0,1.0,1.0,7199.557856794634,1000000.0,0.95,1.05,0,0,a,False,False,False,46.72073504,-119.2181716
1362,0.0,0.0,0.0,0.0,0.0,0.0,m1026857,PQ,1.0,1.0,1.0,7199.557856794634,1000000.0,0.95,1.05,0,0,a,False,False,False,46.7208218,-119.2180964
1363,0.0,0.0,0.0,0.0,0.0,0.0,m1026859,PQ,1.0,1.0,1.0,7199.557856794634,1000000.0,0.95,1.05,0,0,a,False,False,False,46.72092074,-119.2180107
1364,0.0,0.0,0.0,0.0,0.0,0.0,n1138593,PQ,1.0,1.0,1.0,7199.557856794634,1000000.0,0.95,1.05,0,0,a,False,False,False,46.7211584,-119.2179454
1365,0.005320233666492,0.0013339927289482,0.0,0.0,0.0,0.0,l2804262,PQ,1.0,1.0,1.0,7199.557856794634,1000000.0,0.95,1.05,0,0,a,False,True,False,46.72173032,-119.2177882
1366,0.0118705216608671,0.0029764091686216,0.0,0.0,0.0,0.0,l2841639,PQ,1.0,1.0,1.0,7199.557856794634,1000000.0,0.95,1.05,0,0,a,False,True,False,46.72276782,-119.2174883
1367,0.0,0.0,0.0,0.0,0.0,0.0,m1026877,PQ,1.0,1.0,1.0,7199.557856794634,1000000.0,0.95,1.05,0,0,a,False,False,False,46.72338712,-119.2173284
1368,0.0,0.0,0.0,0.0,0.0,0.0,m1026906,PQ,1.0,1.0,1.0,7199.557856794634,1000000.0,0.95,1.05,0,0,a,False,False,False,46.72656718,-119.2164607
1369,0.0035501563136824,0.0008901650749172,0.0,0.0,0.0,0.0,l2916598,PQ,1.0,1.0,1.0,7199.557856794634,1000000.0,0.95,1.05,0,0,a,False,True,False,46.72695424,-119.2143866
1370,0.0053202342864874,0.0013339939167666,0.0,0.0,0.0,0.0,l2691973,PQ,1.0,1.0,1.0,7199.557856794634,1000000.0,0.95,1.05,0,0,a,False,True,False,46.72544786,-119.2136075
1371,0.0,0.0,0.0,0.0,0.0,0.0,m1026890,PQ,1.0,1.0,1.0,7199.557856794634,1000000.0,0.95,1.05,0,0,a,False,False,False,46.72496336,-119.2136611
1372,0.0133005857491908,0.0033349848394482,0.0,0.0,0.0,0.0,l2954357,PQ,1.0,1.0,1.0,7199.557856794634,1000000.0,0.95,1.05,0,0,a,False,True,False,46.72423226,-119.213742
1373,0.0035501563127935,0.0008901650729504,0.0,0.0,0.0,0.0,l3048212,PQ,1.0,1.0,1.0,7199.557856794634,1000000.0,0.95,1.05,0,0,a,False,True,False,46.72550428,-119.2153719
1374,0.0118705229501057,0.002976411673987,0.0,0.0,0.0,0.0,l3120376,PQ,1.0,1.0,1.0,7199.557856794634,1000000.0,0.95,1.05,0,0,a,False,True,False,46.72805172,-119.2160334
1375,0.0,0.0,0.0,0.0,0.0,0.0,m1026925,PQ,1.0,1.0,1.0,7199.557856794634,1000000.0,0.95,1.05,0,0,a,False,False,False,46.72928542,-119.2156396
1376,0.0088703909534938,0.0022241597051537,0.0,0.0,0.0,0.0,l2916599,PQ,1.0,1.0,1.0,7199.557856794634,1000000.0,0.95,1.05,0,0,a,False,True,False,46.72929264,-119.2153729
1377,0.0035501565426265,0.0008901655293555,0.0,0.0,0.0,0.0,l3235249,PQ,1.0,1.0,1.0,7199.557856794634,1000000.0,0.95,1.05,0,0,a,False,True,False,46.72941174,-119.2175234
1378,0.0088703912859732,0.0022241603668004,0.0,0.0,0.0,0.0,l2954348,PQ,1.0,1.0,1.0,7199.557856794634,1000000.0,0.95,1.05,0,0,a,False,True,False,46.7296457,-119.2191034
1379,0.0053202347482844,0.0013339948450162,0.0,0.0,0.0,0.0,l2841615,PQ,1.0,1.0,1.0,7199.557856794634,1000000.0,0.95,1.05,0,0,a,False,True,False,46.7299243,-119.2203968
1380,0.0,0.0,0.0,0.0,0.0,0.0,m1026931,PQ,1.0,1.0,1.0,7199.557856794634,1000000.0,0.95,1.05,0,0,a,False,False,False,46.7304329,-119.2202328
1381,0.0088703914954069,0.0022241607785577,0.0,0.0,0.0,0.0,l3216336,PQ,1.0,1.0,1.0,7199.557856794634,1000000.0,0.95,1.05,0,0,a,False,True,False,46.73109374,-119.2199456
1382,0.0053202348415182,0.0013339950301373,0.0,0.0,0.0,0.0,l2691936,PQ,1.0,1.0,1.0,7199.557856794634,1000000.0,0.95,1.05,0,0,a,False,True,False,46.73198914,-119.2195414
1383,0.0,0.0,0.0,0.0,0.0,0.0,m1026941,PQ,1.0,1.0,1.0,7199.557856794634,1000000.0,0.95,1.05,0,0,a,False,False,False,46.7330338,-119.2194855
1384,0.0053202348804044,0.0013339951083651,0.0,0.0,0.0,0.0,l3197618,PQ,1.0,1.0,1.0,7199.557856794634,1000000.0,0.95,1.05,0,0,a,False,True,False,46.732751,-119.2214543
1385,0.0,0.0,0.0,0.0,0.0,0.0,m1026942,PQ,1.0,1.0,1.0,7199.557856794634,1000000.0,0.95,1.05,0,0,a,False,False,False,46.73306672,-119.2191191
1386,0.0083203673303728,0.0020862479823733,0.0,0.0,0.0,0.0,l3141389,PQ,1.0,1.0,1.0,7199.557856794634,1000000.0,0.95,1.05,0,0,a,False,True,False,46.7331274,-119.2191161
1387,0.0053202348853041,0.001333995116914,0.0,0.0,0.0,0.0,l2860477,PQ,1.0,1.0,1.0,7199.557856794634,1000000.0,0.95,1.05,0,0,a,False,True,False,46.73421076,-119.2190622
1388,0.0118705240714207,0.0029764138977451,0.0,0.0,0.0,0.0,l3270814,PQ,1.0,1.0,1.0,7199.557856794634,1000000.0,0.95,1.05,0,0,a,False,True,False,46.73337446,-119.2194887
1389,0.0123113556846422,0.0030869475771128,0.0,0.0,0.0,0.0,l3216337,PQ,1.0,1.0,1.0,7199.557856794634,1000000.0,0.95,1.05,0,0,a,False,True,False,46.73063676,-119.2211664
1390,0.0053202338864685,0.0013339931548789,0.0,0.0,0.0,0.0,l2729413,PQ,1.0,1.0,1.0,7199.557856794634,1000000.0,0.95,1.05,0,0,a,False,True,False,46.72435344,-119.2190802
1391,0.0088703893972851,0.0022241566835306,0.0,0.0,0.0,0.0,l2973165,PQ,1.0,1.0,1.0,7199.557856794634,1000000.0,0.95,1.05,0,0,a,False,True,False,46.7197532,-119.2185183
1392,0.0,0.0,0.0,0.0,0.0,0.0,m1026852,PQ,1.0,1.0,1.0,7199.557856794634,1000000.0,0.95,1.05,0,0,abc,False,False,False,46.72053832,-119.220474
1393,0.0,0.0,0.0,0.0,0.0101703526808525,0.0025498035216974,l2785529,PQ,1.0,1.0,1.0,7199.557856794634,1000000.0,0.95,1.05,0,0,c,False,True,False,46.72064806,-119.2205172
1394,0.0,0.0,0.0097303859271176,0.0024397583670441,0.0,0.0,l3197646,PQ,1.0,1.0,1.0,7199.557856794634,1000000.0,0.95,1.05,0,0,abc,False,True,False,46.72051712,-119.2222424
1395,0.0,0.0,0.0,0.0,0.0,0.0,m1026851,PQ,1.0,1.0,1.0,7199.557856794634,1000000.0,0.95,1.05,0,0,abc,False,False,False,46.72053228,-119.2239333
1396,0.0,0.0,0.0,0.0,0.0,0.0,l3235257,PQ,1.0,1.0,1.0,7199.557856794634,1000000.0,0.95,1.05,0,0,abc,False,False,False,46.7205256,-119.2244479
1397,0.0,0.0,0.0097303865045375,0.0024397603431978,0.0,0.0,l2822871,PQ,1.0,1.0,1.0,7199.557856794634,1000000.0,0.95,1.05,0,0,abc,False,True,False,46.72176192,-119.2256251
1398,0.0,0.0,0.0,0.0,0.0,0.0,m1026872,PQ,1.0,1.0,1.0,7199.557856794634,1000000.0,0.95,1.05,0,0,abc,False,False,False,46.72242406,-119.2262821
1399,0.0,0.0,0.0,0.0,0.0,0.0,d5502543-2_int,PQ,1.0,1.0,1.0,7199.557856794634,1000000.0,0.95,1.05,0,0,abc,False,False,False,46.72310206,-119.2265816
1400,0.0,0.0,0.0,0.0,0.0,0.0,q14413,PQ,1.0,1.0,1.0,7199.557856794634,1000000.0,0.95,1.05,0,0,abc,False,False,False,46.72397324,-119.2281481
1401,0.0,0.0,0.0,0.0,0.0,0.0,m1026886,PQ,1.0,1.0,1.0,7199.557856794634,1000000.0,0.95,1.05,0,0,abc,False,False,False,46.72454004,-119.2284674
1402,0.0,0.0,0.0,0.0,0.0,0.0,p895409,PQ,1.0,1.0,1.0,7199.557856794634,1000000.0,0.95,1.05,0,0,c,False,False,False,46.7246712,-119.2284149
1403,0.0,0.0,0.0,0.0,0.0,0.0,n1137998,PQ,1.0,1.0,1.0,7199.557856794634,1000000.0,0.95,1.05,0,0,c,False,False,False,46.7248349,-119.2283494
1404,0.0,0.0,0.0,0.0,0.0,0.0,m1026895,PQ,1.0,1.0,1.0,7199.557856794634,1000000.0,0.95,1.05,0,0,c,False,False,False,46.72515794,-119.2282201
1405,0.0,0.0,0.0,0.0,0.0101703581172546,0.0025498083285608,l2820528,PQ,1.0,1.0,1.0,7199.557856794634,1000000.0,0.95,1.05,0,0,c,False,True,False,46.7251545,-119.2271757
1406,0.0,0.0,0.0,0.0,0.0101703581244083,0.0025498083390059,l2745799,PQ,1.0,1.0,1.0,7199.557856794634,1000000.0,0.95,1.05,0,0,c,False,True,False,46.72559004,-119.2271728
1407,0.0,0.0,0.0,0.0,0.0061002147767822,0.0015293835182801,l3120484,PQ,1.0,1.0,1.0,7199.557856794634,1000000.0,0.95,1.05,0,0,abc,False,True,False,46.72455128,-119.2284955
1408,0.0,0.0,0.0,0.0,0.0,0.0,m1026896,PQ,1.0,1.0,1.0,7199.557856794634,1000000.0,0.95,1.05,0,0,abc,False,False,False,46.7251903,-119.2300945
1409,0.0,0.0,0.0,0.0,0.0,0.0,p827525,PQ,1.0,1.0,1.0,7199.557856794634,1000000.0,0.95,1.05,0,0,abc,False,False,False,46.72528888,-119.2303115
1410,0.0,0.0,0.0,0.0,0.0,0.0,m1026chp-1,PQ,1.0,1.0,1.0,7199.557856794634,1000000.0,0.95,1.05,0,0,abc,False,False,False,46.72702242,-119.2289314
1411,0.0,0.0,0.0,0.0,0.0,0.0,m1026chp-2,PQ,1.0,1.0,1.0,7199.557856794634,1000000.0,0.95,1.05,0,0,abc,False,False,False,46.72702242,-119.227887
1412,0.0,0.0,0.0,0.0,0.0,0.0,m1026chp-3,PQ,1.0,1.0,1.0,7199.557856794634,1000000.0,0.95,1.05,0,0,abc,False,False,False,46.72702242,-119.2273648
1413,0.0,0.0,0.0,0.0,0.0,0.0,m1026902,PQ,1.0,1.0,1.0,7199.557856794634,1000000.0,0.95,1.05,0,0,abc,False,False,False,46.72595682,-119.2318085
1414,0.0,0.0,0.0,0.0,0.0,0.0,m1026905,PQ,1.0,1.0,1.0,7199.557856794634,1000000.0,0.95,1.05,0,0,abc,False,False,False,46.72649696,-119.2333835
1415,0.0,0.0,0.0,0.0,0.0,0.0,p827515,PQ,1.0,1.0,1.0,7199.557856794634,1000000.0,0.95,1.05,0,0,a,False,False,False,46.72642224,-119.2333531
1416,0.0088703968852867,0.0022241734757543,0.0,0.0,0.0,0.0,l2991909,PQ,1.0,1.0,1.0,7199.557856794634,1000000.0,0.95,1.05,0,0,a,False,True,False,46.7255349,-119.2329916
1417,0.0,0.0,0.0,0.0,0.0,0.0,m1026907,PQ,1.0,1.0,1.0,7199.557856794634,1000000.0,0.95,1.05,0,0,abc,False,False,False,46.7268277,-119.2355085
1418,0.0,0.0,0.0,0.0,0.0,0.0,m1026915,PQ,1.0,1.0,1.0,7199.557856794634,1000000.0,0.95,1.05,0,0,abc,False,False,False,46.7277929,-119.2349894
1419,0.0,0.0,0.0,0.0,0.0,0.0,m1026916,PQ,1.0,1.0,1.0,7199.557856794634,1000000.0,0.95,1.05,0,0,b,False,False,False,46.72780094,-119.2350408
1420,0.0,0.0,0.0145905808578904,0.0036583987853198,0.0,0.0,l3197634,PQ,1.0,1.0,1.0,7199.557856794634,1000000.0,0.95,1.05,0,0,b,False,True,False,46.72782944,-119.2352226
1421,0.0,0.0,0.0,0.0,0.0,0.0,d5774457-1_int,PQ,1.0,1.0,1.0,7199.557856794634,1000000.0,0.95,1.05,0,0,abc,False,False,False,46.7281114,-119.234832
1422,0.0,0.0,0.0,0.0,0.0,0.0,m1026920,PQ,1.0,1.0,1.0,7199.557856794634,1000000.0,0.95,1.05,0,0,abc,False,False,False,46.72834962,-119.234779
1423,0.0,0.0,0.0,0.0,0.0,0.0,m1026926,PQ,1.0,1.0,1.0,7199.557856794634,1000000.0,0.95,1.05,0,0,abc,False,False,False,46.72962474,-119.2342765
1424,0.0,0.0,0.0,0.0,0.0,0.0,n1138000,PQ,1.0,1.0,1.0,7199.557856794634,1000000.0,0.95,1.05,0,0,a,False,False,False,46.72963968,-119.2343744
1425,0.0118705345119547,0.0029764364278267,0.0,0.0,0.0,0.0,l2766720,PQ,1.0,1.0,1.0,7199.557856794634,1000000.0,0.95,1.05,0,0,a,False,True,False,46.72976844,-119.2352168
1426,0.0,0.0,0.0,0.0,0.0,0.0,m1026927,PQ,1.0,1.0,1.0,7199.557856794634,1000000.0,0.95,1.05,0,0,abc,False,False,False,46.72975346,-119.2340914
1427,0.0,0.0,0.0,0.0,0.0,0.0,196-29518,PQ,1.0,1.0,1.0,7199.557856794634,1000000.0,0.95,1.05,0,0,abc,False,False,False,46.72979232,-119.2340167
1428,0.0,0.0,0.0097303876316895,0.0024397704810851,0.0,0.0,l3122816,PQ,1.0,1.0,1.0,7199.557856794634,1000000.0,0.95,1.05,0,0,abc,False,True,False,46.73047612,-119.2327019
1429,0.0,0.0,0.0,0.0,0.0091003266651598,0.0022815429537553,l3160103,PQ,1.0,1.0,1.0,7199.557856794634,1000000.0,0.95,1.05,0,0,abc,False,True,False,46.73674214,-119.2312388
1430,0.0,0.0,0.0,0.0,0.0,0.0,m1026950,PQ,1.0,1.0,1.0,7199.557856794634,1000000.0,0.95,1.05,0,0,abc,False,False,False,46.73706932,-119.2311128
1431,0.0,0.0,0.0,0.0,0.0,0.0,m1026954,PQ,1.0,1.0,1.0,7199.557856794634,1000000.0,0.95,1.05,0,0,abc,False,False,False,46.73850268,-119.2305582
1432,0.0,0.0,0.0,0.0,0.0,0.0,d5655682-1_int,PQ,1.0,1.0,1.0,7199.557856794634,1000000.0,0.95,1.05,0,0,b,False,False,False,46.73850032,-119.2305501
1433,0.0,0.0,0.0,0.0,0.0,0.0,e182725,PQ,1.0,1.0,1.0,7199.557856794634,1000000.0,0.95,1.05,0,0,b,False,False,False,46.73849776,-119.2304801
1434,0.0,0.0,0.0,0.0,0.0,0.0,m1026948,PQ,1.0,1.0,1.0,7199.557856794634,1000000.0,0.95,1.05,0,0,b,False,False,False,46.7369812,-119.2294755
1435,0.0,0.0,0.0,0.0,0.0,0.0,m1026947,PQ,1.0,1.0,1.0,7199.557856794634,1000000.0,0.95,1.05,0,0,b,False,False,False,46.73635798,-119.2290968
1436,0.0,0.0,0.0,0.0,0.0,0.0,m1026946,PQ,1.0,1.0,1.0,7199.557856794634,1000000.0,0.95,1.05,0,0,b,False,False,False,46.73458598,-119.2280339
1437,0.0,0.0,0.0,0.0,0.0,0.0,m1026940,PQ,1.0,1.0,1.0,7199.557856794634,1000000.0,0.95,1.05,0,0,b,False,False,False,46.73284666,-119.228744
1438,0.0,0.0,0.0,0.0,0.0,0.0,m1026939,PQ,1.0,1.0,1.0,7199.557856794634,1000000.0,0.95,1.05,0,0,b,False,False,False,46.7323297,-119.2278021
1439,0.0,0.0,0.0058402331310518,0.0014643672356453,0.0,0.0,l3104124,PQ,1.0,1.0,1.0,7199.557856794634,1000000.0,0.95,1.05,0,0,b,False,True,False,46.73213664,-119.2274503
1440,0.0,0.0,0.0,0.0,0.0,0.0,m1026935,PQ,1.0,1.0,1.0,7199.557856794634,1000000.0,0.95,1.05,0,0,b,False,False,False,46.73129264,-119.2293775
1441,0.0,0.0,0.0127305082380573,0.00319201974869,0.0,0.0,l2935556,PQ,1.0,1.0,1.0,7199.557856794634,1000000.0,0.95,1.05,0,0,b,False,True,False,46.7300674,-119.2299236
1442,0.0,0.0,0.0,0.0,0.0,0.0,m1026949,PQ,1.0,1.0,1.0,7199.557856794634,1000000.0,0.95,1.05,0,0,b,False,False,False,46.73704108,-119.2293386
1443,0.0,0.0,0.0,0.0,0.0,0.0,m1026951,PQ,1.0,1.0,1.0,7199.557856794634,1000000.0,0.95,1.05,0,0,b,False,False,False,46.73761946,-119.2280158
1444,0.0,0.0,0.0097303883671983,0.0024397761624778,0.0,0.0,l2954347,PQ,1.0,1.0,1.0,7199.557856794634,1000000.0,0.95,1.05,0,0,b,False,True,False,46.73778652,-119.2268929
1445,0.0,0.0,0.0,0.0,0.0,0.0,m1026953,PQ,1.0,1.0,1.0,7199.557856794634,1000000.0,0.95,1.05,0,0,b,False,False,False,46.73778578,-119.2263707
1446,0.0,0.0,0.0088403528628129,0.0022166106578432,0.0,0.0,l2764399,PQ,1.0,1.0,1.0,7199.557856794634,1000000.0,0.95,1.05,0,0,b,False,True,False,46.73822138,-119.2263716
1447,0.0,0.0,0.0068902750242252,0.0017276524217964,0.0,0.0,l3008232,PQ,1.0,1.0,1.0,7199.557856794634,1000000.0,0.95,1.05,0,0,b,False,True,False,46.737719,-119.2258547
1448,0.0,0.0,0.0038901550440152,0.0009754091575708,0.0,0.0,l2804256,PQ,1.0,1.0,1.0,7199.557856794634,1000000.0,0.95,1.05,0,0,abc,False,True,False,46.74141298,-119.2296773
1449,0.0,0.0,0.0,0.0,0.0,0.0,m1026960,PQ,1.0,1.0,1.0,7199.557856794634,1000000.0,0.95,1.05,0,0,abc,False,False,False,46.74206262,-119.2291791
1450,0.0,0.0,0.0,0.0,0.0,0.0,m1026961,PQ,1.0,1.0,1.0,7199.557856794634,1000000.0,0.95,1.05,0,0,a,False,False,False,46.74211502,-119.2293556
1451,0.0088704062431111,0.0022241918382572,0.0,0.0,0.0,0.0,l2710516,PQ,1.0,1.0,1.0,7199.557856794634,1000000.0,0.95,1.05,0,0,a,False,True,False,46.74262832,-119.2306898
1452,0.0118705437172169,0.0029764552879241,0.0,0.0,0.0,0.0,l2691944,PQ,1.0,1.0,1.0,7199.557856794634,1000000.0,0.95,1.05,0,0,a,False,True,False,46.74298286,-119.232092
1453,0.0088704063373518,0.0022241920304019,0.0,0.0,0.0,0.0,l2673312,PQ,1.0,1.0,1.0,7199.557856794634,1000000.0,0.95,1.05,0,0,a,False,True,False,46.743248,-119.2336121
1454,0.0083203811734402,0.002086277149187,0.0,0.0,0.0,0.0,l3235247,PQ,1.0,1.0,1.0,7199.557856794634,1000000.0,0.95,1.05,0,0,a,False,True,False,46.74514628,-119.2346995
1455,0.0,0.0,0.0,0.0,0.0,0.0,m3729981,PQ,1.0,1.0,1.0,7199.557856794634,1000000.0,0.95,1.05,0,0,a,False,False,False,46.74174922,-119.2289428
1456,0.0053202436082702,0.0013340135032359,0.0,0.0,0.0,0.0,l3632979,PQ,1.0,1.0,1.0,7199.557856794634,1000000.0,0.95,1.05,0,0,a,False,True,False,46.7419948,-119.2284496
1457,0.0,0.0,0.0,0.0,0.0,0.0,m1026970,PQ,1.0,1.0,1.0,7199.557856794634,1000000.0,0.95,1.05,0,0,abc,False,False,False,46.74319604,-119.2292561
1458,0.0,0.0,0.0,0.0,0.0,0.0,m1026977,PQ,1.0,1.0,1.0,7199.557856794634,1000000.0,0.95,1.05,0,0,abc,False,False,False,46.74403834,-119.2288982
1459,0.0,0.0,0.0,0.0,0.0,0.0,m1026978,PQ,1.0,1.0,1.0,7199.557856794634,1000000.0,0.95,1.05,0,0,abc,False,False,False,46.74478338,-119.2283965
1460,0.0,0.0,0.0,0.0,0.0,0.0,m1026979,PQ,1.0,1.0,1.0,7199.557856794634,1000000.0,0.95,1.05,0,0,abc,False,False,False,46.74484794,-119.2283858
1461,0.0,0.0,0.0,0.0,0.0,0.0,m1026984,PQ,1.0,1.0,1.0,7199.557856794634,1000000.0,0.95,1.05,0,0,abc,False,False,False,46.74584928,-119.2282193
1462,0.0,0.0,0.0,0.0,0.0,0.0,m1026986,PQ,1.0,1.0,1.0,7199.557856794634,1000000.0,0.95,1.05,0,0,abc,False,False,False,46.74687778,-119.2281799
1463,0.0,0.0,0.0,0.0,0.0,0.0,m1026997,PQ,1.0,1.0,1.0,7199.557856794634,1000000.0,0.95,1.05,0,0,abc,False,False,False,46.74903344,-119.2278534
1464,0.0,0.0,0.0,0.0,0.0,0.0,m1027000,PQ,1.0,1.0,1.0,7199.557856794634,1000000.0,0.95,1.05,0,0,abc,False,False,False,46.74989292,-119.2277746
1465,0.0,0.0,0.0,0.0,0.0078941238058283,0.0019791373787798,l2916608,PQ,1.0,1.0,1.0,7199.557856794634,1000000.0,0.95,1.05,0,0,abc,False,True,False,46.75084626,-119.2277014
1466,0.0,0.0,0.0,0.0,0.0,0.0,m1027002,PQ,1.0,1.0,1.0,7199.557856794634,1000000.0,0.95,1.05,0,0,abc,False,False,False,46.75208164,-119.22778
1467,0.0,0.0,0.0097303874693981,0.0024397795103562,0.0,0.0,l2673313,PQ,1.0,1.0,1.0,7199.557856794634,1000000.0,0.95,1.05,0,0,abc,False,True,False,46.75339126,-119.2278278
1468,0.0,0.0,0.0,0.0,0.0,0.0,m1027011,PQ,1.0,1.0,1.0,7199.557856794634,1000000.0,0.95,1.05,0,0,abc,False,False,False,46.7543267,-119.2278683
1469,0.0,0.0,0.0,0.0,0.0,0.0,m1027013,PQ,1.0,1.0,1.0,7199.557856794634,1000000.0,0.95,1.05,0,0,abc,False,False,False,46.7557704,-119.2279404
1470,0.0,0.0,0.0,0.0,0.0,0.0,m1027023,PQ,1.0,1.0,1.0,7199.557856794634,1000000.0,0.95,1.05,0,0,abc,False,False,False,46.75717862,-119.2280109
1471,0.0,0.0,0.0097303867815193,0.0024397795818883,0.0,0.0,l3254213,PQ,1.0,1.0,1.0,7199.557856794634,1000000.0,0.95,1.05,0,0,abc,False,True,False,46.75781246,-119.2280353
1472,0.0,0.0,0.0,0.0,0.0,0.0,m1027039,PQ,1.0,1.0,1.0,7199.557856794634,1000000.0,0.95,1.05,0,0,abc,False,False,False,46.75871924,-119.2279114
1473,0.0,0.0,0.0,0.0,0.0,0.0,m1027043,PQ,1.0,1.0,1.0,7199.557856794634,1000000.0,0.95,1.05,0,0,abc,False,False,False,46.7591056,-119.2279258
1474,0.0,0.0,0.0,0.0,0.0,0.0,m1027055,PQ,1.0,1.0,1.0,7199.557856794634,1000000.0,0.95,1.05,0,0,abc,False,False,False,46.7597366,-119.227951
1475,0.0,0.0,0.0,0.0,0.0,0.0,n1147865,PQ,1.0,1.0,1.0,7199.557856794634,1000000.0,0.95,1.05,0,0,a,False,False,False,46.75990518,-119.2281553
1476,0.0,0.0,0.0,0.0,0.0,0.0,l2895489,PQ,1.0,1.0,1.0,7199.557856794634,1000000.0,0.95,1.05,0,0,a,False,False,False,46.76122504,-119.2294704
1477,0.0,0.0,0.0,0.0,0.0,0.0,m1027056,PQ,1.0,1.0,1.0,7199.557856794634,1000000.0,0.95,1.05,0,0,a,False,False,False,46.75983222,-119.2279599
1478,0.0,0.0,0.0,0.0,0.0,0.0,n1144667,PQ,1.0,1.0,1.0,7199.557856794634,1000000.0,0.95,1.05,0,0,a,False,False,False,46.76028468,-119.2280021
1479,0.0,0.0,0.0,0.0,0.0,0.0,d5712587-2_int,PQ,1.0,1.0,1.0,7199.557856794634,1000000.0,0.95,1.05,0,0,a,False,False,False,46.76099878,-119.2280437
1480,0.0,0.0,0.0,0.0,0.0,0.0,l3083019,PQ,1.0,1.0,1.0,7199.557856794634,1000000.0,0.95,1.05,0,0,a,False,False,False,46.76162578,-119.2281071
1481,0.0,0.0,0.0,0.0,0.0,0.0,m1027080,PQ,1.0,1.0,1.0,7199.557856794634,1000000.0,0.95,1.05,0,0,a,False,False,False,46.76203432,-119.2281545
1482,0.0,0.0,0.0,0.0,0.0,0.0,n1134471,PQ,1.0,1.0,1.0,7199.557856794634,1000000.0,0.95,1.05,0,0,a,False,False,False,46.76204434,-119.2277726
1483,0.0,0.0,0.0,0.0,0.0,0.0,l2839331,PQ,1.0,1.0,1.0,7199.557856794634,1000000.0,0.95,1.05,0,0,a,False,False,False,46.76207776,-119.2265009
1484,0.0088704120732528,0.0022242090451439,0.0,0.0,0.0,0.0,l3215340,PQ,1.0,1.0,1.0,7199.557856794634,1000000.0,0.95,1.05,0,0,a,False,True,False,46.76297944,-119.2281787
1485,0.0,0.0,0.0,0.0,0.0,0.0,m1027087,PQ,1.0,1.0,1.0,7199.557856794634,1000000.0,0.95,1.05,0,0,a,False,False,False,46.7634757,-119.2281914
1486,0.0133006181134088,0.003335060255698,0.0,0.0,0.0,0.0,l2726983,PQ,1.0,1.0,1.0,7199.557856794634,1000000.0,0.95,1.05,0,0,a,False,True,False,46.76370814,-119.2266657
1487,0.0,0.0,0.0,0.0,0.0,0.0,m1027091,PQ,1.0,1.0,1.0,7199.557856794634,1000000.0,0.95,1.05,0,0,a,False,False,False,46.7638068,-119.22819
1488,0.0,0.0,0.0,0.0,0.0,0.0,m1027092,PQ,1.0,1.0,1.0,7199.557856794634,1000000.0,0.95,1.05,0,0,a,False,False,False,46.7638068,-119.2277173
1489,0.0,0.0,0.0,0.0,0.0,0.0,l2689727,PQ,1.0,1.0,1.0,7199.557856794634,1000000.0,0.95,1.05,0,0,a,False,False,False,46.76464144,-119.2268984
1490,0.008870412430034,0.0022242098031423,0.0,0.0,0.0,0.0,l2764412,PQ,1.0,1.0,1.0,7199.557856794634,1000000.0,0.95,1.05,0,0,a,False,True,False,46.76437164,-119.2281877
1491,0.0,0.0,0.0,0.0,0.0,0.0,n1134470,PQ,1.0,1.0,1.0,7199.557856794634,1000000.0,0.95,1.05,0,0,a,False,False,False,46.76486378,-119.2305804
1492,0.0083203875912003,0.0020862953218815,0.0,0.0,0.0,0.0,l3251808,PQ,1.0,1.0,1.0,7199.557856794634,1000000.0,0.95,1.05,0,0,a,False,True,False,46.7653407,-119.2320132
1493,0.0,0.0,0.0,0.0,0.0,0.0,m1027100,PQ,1.0,1.0,1.0,7199.557856794634,1000000.0,0.95,1.05,0,0,a,False,False,False,46.76565568,-119.2329595
1494,0.0121907434806126,0.0030567680982281,0.0,0.0,0.0,0.0,l3140238,PQ,1.0,1.0,1.0,7199.557856794634,1000000.0,0.95,1.05,0,0,a,False,True,False,46.76646938,-119.2322588
1495,0.0,0.0,0.0,0.0,0.0,0.0,m1027109,PQ,1.0,1.0,1.0,7199.557856794634,1000000.0,0.95,1.05,0,0,a,False,False,False,46.76797684,-119.2338037
1496,0.0,0.0,0.0,0.0,0.0,0.0,m1027114,PQ,1.0,1.0,1.0,7199.557856794634,1000000.0,0.95,1.05,0,0,a,False,False,False,46.76887102,-119.2338291
1497,0.0053202483452123,0.0013340264884164,0.0,0.0,0.0,0.0,l3195327,PQ,1.0,1.0,1.0,7199.557856794634,1000000.0,0.95,1.05,0,0,a,False,True,False,46.76816798,-119.2347566
1498,0.0088704140794628,0.0022242133702279,0.0,0.0,0.0,0.0,l3139103,PQ,1.0,1.0,1.0,7199.557856794634,1000000.0,0.95,1.05,0,0,a,False,True,False,46.7681668,-119.2359373
1499,0.0083203884807054,0.0020862972648241,0.0,0.0,0.0,0.0,l2876812,PQ,1.0,1.0,1.0,7199.557856794634,1000000.0,0.95,1.05,0,0,a,False,True,False,46.76976138,-119.2337729
1500,0.008870414287377,0.002224213826724,0.0,0.0,0.0,0.0,l2970811,PQ,1.0,1.0,1.0,7199.557856794634,1000000.0,0.95,1.05,0,0,a,False,True,False,46.7707768,-119.2336687
1501,0.0,0.0,0.0,0.0,0.0,0.0,m1027121,PQ,1.0,1.0,1.0,7199.557856794634,1000000.0,0.95,1.05,0,0,a,False,False,False,46.7715921,-119.2333443
1502,0.0,0.0,0.0,0.0,0.0,0.0,m1027123,PQ,1.0,1.0,1.0,7199.557856794634,1000000.0,0.95,1.05,0,0,a,False,False,False,46.77194184,-119.2330147
1503,0.005320248539139,0.0013340269142368,0.0,0.0,0.0,0.0,l3008248,PQ,1.0,1.0,1.0,7199.557856794634,1000000.0,0.95,1.05,0,0,a,False,True,False,46.7722215,-119.2327509
1504,0.0,0.0,0.0,0.0,0.0,0.0,n1134469,PQ,1.0,1.0,1.0,7199.557856794634,1000000.0,0.95,1.05,0,0,a,False,False,False,46.77157554,-119.2334928
1505,0.0,0.0,0.0,0.0,0.0,0.0,m1010017,PQ,1.0,1.0,1.0,7199.557856794634,1000000.0,0.95,1.05,0,0,a,False,False,False,46.76923644,-119.2378748
1506,0.0053202488204926,0.0013340275320625,0.0,0.0,0.0,0.0,l2858175,PQ,1.0,1.0,1.0,7199.557856794634,1000000.0,0.95,1.05,0,0,a,False,True,False,46.7680928,-119.2373631
1507,0.0,0.0,0.0,0.0,0.0,0.0,m1027110,PQ,1.0,1.0,1.0,7199.557856794634,1000000.0,0.95,1.05,0,0,a,False,False,False,46.7680309,-119.2373354
1508,0.0,0.0,0.0,0.0,0.0,0.0,m1010016,PQ,1.0,1.0,1.0,7199.557856794634,1000000.0,0.95,1.05,0,0,a,False,False,False,46.7670505,-119.2395265
1509,0.0088704151080454,0.0022242156289021,0.0,0.0,0.0,0.0,l3251807,PQ,1.0,1.0,1.0,7199.557856794634,1000000.0,0.95,1.05,0,0,a,False,True,False,46.76503282,-119.2396286
1510,0.0,0.0,0.0,0.0,0.0,0.0,m1010015,PQ,1.0,1.0,1.0,7199.557856794634,1000000.0,0.95,1.05,0,0,a,False,False,False,46.76622728,-119.2405113
1511,0.0,0.0,0.0,0.0,0.0,0.0,m1010014,PQ,1.0,1.0,1.0,7199.557856794634,1000000.0,0.95,1.05,0,0,a,False,False,False,46.7654016,-119.2414932
1512,0.0,0.0,0.0,0.0,0.0,0.0,m1010013,PQ,1.0,1.0,1.0,7199.557856794634,1000000.0,0.95,1.05,0,0,a,False,False,False,46.76524222,-119.2413843
1513,0.0053202490613329,0.0013340280609835,0.0,0.0,0.0,0.0,l3120503,PQ,1.0,1.0,1.0,7199.557856794634,1000000.0,0.95,1.05,0,0,a,False,True,False,46.7645616,-119.2409189
1514,0.0,0.0,0.0,0.0,0.0,0.0,m1010011,PQ,1.0,1.0,1.0,7199.557856794634,1000000.0,0.95,1.05,0,0,a,False,False,False,46.76481124,-119.2422018
1515,0.0,0.0,0.0,0.0,0.0,0.0,m1010008,PQ,1.0,1.0,1.0,7199.557856794634,1000000.0,0.95,1.05,0,0,a,False,False,False,46.7639796,-119.2431689
1516,0.0,0.0,0.0,0.0,0.0,0.0,m1010007,PQ,1.0,1.0,1.0,7199.557856794634,1000000.0,0.95,1.05,0,0,a,False,False,False,46.76395468,-119.243194
1517,0.0,0.0,0.0,0.0,0.0,0.0,m1010004,PQ,1.0,1.0,1.0,7199.557856794634,1000000.0,0.95,1.05,0,0,a,False,False,False,46.7623085,-119.2450931
1518,0.0088704156619729,0.0022242168454618,0.0,0.0,0.0,0.0,l3177894,PQ,1.0,1.0,1.0,7199.557856794634,1000000.0,0.95,1.05,0,0,a,False,True,False,46.75935298,-119.2456855
1519,0.0088704157026213,0.0022242169347442,0.0,0.0,0.0,0.0,l3082993,PQ,1.0,1.0,1.0,7199.557856794634,1000000.0,0.95,1.05,0,0,a,False,True,False,46.7582336,-119.2465138
1520,0.0,0.0,0.0,0.0,0.0,0.0,m3016088,PQ,1.0,1.0,1.0,7199.557856794634,1000000.0,0.95,1.05,0,0,a,False,False,False,46.757455,-119.2469824
1521,0.0088704157263782,0.0022242169869254,0.0,0.0,0.0,0.0,l3312692,PQ,1.0,1.0,1.0,7199.557856794634,1000000.0,0.95,1.05,0,0,a,False,True,False,46.75680736,-119.246794
1522,0.0,0.0,0.0,0.0,0.0,0.0,m1010003,PQ,1.0,1.0,1.0,7199.557856794634,1000000.0,0.95,1.05,0,0,a,False,False,False,46.76207314,-119.2450395
1523,0.005320249210458,0.0013340283885004,0.0,0.0,0.0,0.0,l2989571,PQ,1.0,1.0,1.0,7199.557856794634,1000000.0,0.95,1.05,0,0,a,False,True,False,46.76123384,-119.2448828
1524,0.005320249094975,0.0013340281348696,0.0,0.0,0.0,0.0,l3120504,PQ,1.0,1.0,1.0,7199.557856794634,1000000.0,0.95,1.05,0,0,a,False,True,False,46.76388408,-119.2421866
1525,0.0088704139314286,0.0022242130451352,0.0,0.0,0.0,0.0,l3101788,PQ,1.0,1.0,1.0,7199.557856794634,1000000.0,0.95,1.05,0,0,a,False,True,False,46.76786908,-119.2326634
1526,0.008870413950744,0.0022242130875822,0.0,0.0,0.0,0.0,l3101787,PQ,1.0,1.0,1.0,7199.557856794634,1000000.0,0.95,1.05,0,0,a,False,True,False,46.76749054,-119.2318403
1527,0.0053202482801885,0.0013340263456554,0.0,0.0,0.0,0.0,l3027132,PQ,1.0,1.0,1.0,7199.557856794634,1000000.0,0.95,1.05,0,0,a,False,True,False,46.76721874,-119.231259
1528,0.0,0.0,0.0,0.0,0.0,0.0,d6019477-1_int,PQ,1.0,1.0,1.0,7199.557856794634,1000000.0,0.95,1.05,0,0,c,False,False,False,46.75908218,-119.227887
1529,0.0,0.0,0.0,0.0,0.0,0.0,e182727,PQ,1.0,1.0,1.0,7199.557856794634,1000000.0,0.95,1.05,0,0,c,False,False,False,46.75912574,-119.2275737
1530,0.0,0.0,0.0,0.0,0.0,0.0,m1027042,PQ,1.0,1.0,1.0,7199.557856794634,1000000.0,0.95,1.05,0,0,c,False,False,False,46.7591693,-119.2274693
1531,0.0,0.0,0.0,0.0,0.0061002260980384,0.0015293894834066,l3235248,PQ,1.0,1.0,1.0,7199.557856794634,1000000.0,0.95,1.05,0,0,c,False,True,False,46.75925954,-119.2273648
1532,0.0,0.0,0.0,0.0,0.0,0.0,n1144666,PQ,1.0,1.0,1.0,7199.557856794634,1000000.0,0.95,1.05,0,0,c,False,False,False,46.75898128,-119.2272799
1533,0.0,0.0,0.0,0.0,0.0,0.0,m1027041,PQ,1.0,1.0,1.0,7199.557856794634,1000000.0,0.95,1.05,0,0,c,False,False,False,46.7588805,-119.2267564
1534,0.0,0.0,0.0,0.0,0.010170377154304,0.0025498184942881,l2916607,PQ,1.0,1.0,1.0,7199.557856794634,1000000.0,0.95,1.05,0,0,c,False,True,False,46.75982134,-119.2263553
1535,0.0,0.0,0.0,0.0,0.0061002263494052,0.0015293898537839,l3010564,PQ,1.0,1.0,1.0,7199.557856794634,1000000.0,0.95,1.05,0,0,c,False,True,False,46.75854504,-119.2256183
1536,0.0,0.0,0.0,0.0,0.0152605668307965,0.0038259826838173,l2710515,PQ,1.0,1.0,1.0,7199.557856794634,1000000.0,0.95,1.05,0,0,c,False,True,False,46.7580398,-119.2235895
1537,0.0,0.0,0.0,0.0,0.0,0.0,m1027027,PQ,1.0,1.0,1.0,7199.557856794634,1000000.0,0.95,1.05,0,0,c,False,False,False,46.75798078,-119.2212154
1538,0.0,0.0,0.0,0.0,0.0,0.0,m1027014,PQ,1.0,1.0,1.0,7199.557856794634,1000000.0,0.95,1.05,0,0,c,False,False,False,46.75616522,-119.2193974
1539,0.0,0.0,0.0,0.0,0.0,0.0,l3270853,PQ,1.0,1.0,1.0,7199.557856794634,1000000.0,0.95,1.05,0,0,c,False,False,False,46.75834476,-119.2206194
1540,0.0,0.0,0.0,0.0,0.0101703784795838,0.0025498204322364,l2766746,PQ,1.0,1.0,1.0,7199.557856794634,1000000.0,0.95,1.05,0,0,c,False,True,False,46.75965372,-119.2211176
1541,0.0,0.0,0.0,0.0,0.0,0.0,m1027073,PQ,1.0,1.0,1.0,7199.557856794634,1000000.0,0.95,1.05,0,0,c,False,False,False,46.76123126,-119.2211954
1542,0.0,0.0,0.0,0.0,0.0152605684035299,0.0038259849721249,l3104118,PQ,1.0,1.0,1.0,7199.557856794634,1000000.0,0.95,1.05,0,0,c,False,True,False,46.76239836,-119.2211615
1543,0.0,0.0,0.0,0.0,0.0101703788307921,0.0025498209432705,l2748126,PQ,1.0,1.0,1.0,7199.557856794634,1000000.0,0.95,1.05,0,0,c,False,True,False,46.76353834,-119.2211793
1544,0.0,0.0,0.0,0.0,0.0,0.0,m1027071,PQ,1.0,1.0,1.0,7199.557856794634,1000000.0,0.95,1.05,0,0,c,False,False,False,46.76107328,-119.2195646
1545,0.0,0.0,0.0,0.0,0.0101703789160886,0.002549821067377,l3235241,PQ,1.0,1.0,1.0,7199.557856794634,1000000.0,0.95,1.05,0,0,c,False,True,False,46.7609476,-119.2197672
1546,0.0,0.0,0.0,0.0,0.0131704907532053,0.0033019807651583,l2691941,PQ,1.0,1.0,1.0,7199.557856794634,1000000.0,0.95,1.05,0,0,c,False,True,False,46.75945212,-119.218892
1547,0.0,0.0,0.0,0.0,0.0101703789721768,0.0025498211489891,l3235267,PQ,1.0,1.0,1.0,7199.557856794634,1000000.0,0.95,1.05,0,0,c,False,True,False,46.7610014,-119.2184287
1548,0.0,0.0,0.0,0.0,0.0,0.0,m1027068,PQ,1.0,1.0,1.0,7199.557856794634,1000000.0,0.95,1.05,0,0,c,False,False,False,46.76093236,-119.2173369
1549,0.0,0.0,0.0,0.0,0.0,0.0,m1027066,PQ,1.0,1.0,1.0,7199.557856794634,1000000.0,0.95,1.05,0,0,c,False,False,False,46.76080312,-119.2150927
1550,0.0,0.0,0.0,0.0,0.0101703790878711,0.0025498213173332,l2841645,PQ,1.0,1.0,1.0,7199.557856794634,1000000.0,0.95,1.05,0,0,c,False,True,False,46.76063024,-119.215126
1551,0.0,0.0,0.0,0.0,0.0101703790951234,0.0025498213278859,l3066829,PQ,1.0,1.0,1.0,7199.557856794634,1000000.0,0.95,1.05,0,0,c,False,True,False,46.76022108,-119.2149715
1552,0.0,0.0,0.0,0.0,0.0101703790404734,0.0025498212483661,l3235268,PQ,1.0,1.0,1.0,7199.557856794634,1000000.0,0.95,1.05,0,0,c,False,True,False,46.76222316,-119.2172282
1553,0.0,0.0,0.0,0.0,0.0182606800948053,0.0045781444576916,l2879089,PQ,1.0,1.0,1.0,7199.557856794634,1000000.0,0.95,1.05,0,0,c,False,True,False,46.76122386,-119.2219882
1554,0.0,0.0,0.0,0.0,0.0,0.0,d5806920-1_int,PQ,1.0,1.0,1.0,7199.557856794634,1000000.0,0.95,1.05,0,0,b,False,False,False,46.75871628,-119.2284092
1555,0.0,0.0,0.0,0.0,0.0,0.0,e182726,PQ,1.0,1.0,1.0,7199.557856794634,1000000.0,0.95,1.05,0,0,b,False,False,False,46.7587167,-119.2291403
1556,0.0,0.0,0.0097303866207277,0.0024397795313009,0.0,0.0,l2766744,PQ,1.0,1.0,1.0,7199.557856794634,1000000.0,0.95,1.05,0,0,b,False,True,False,46.75867506,-119.2292712
1557,0.0,0.0,0.0,0.0,0.0,0.0,m1027038,PQ,1.0,1.0,1.0,7199.557856794634,1000000.0,0.95,1.05,0,0,b,False,False,False,46.75867416,-119.230186
1558,0.0,0.0,0.0097303866711814,0.0024397796119074,0.0,0.0,l2731712,PQ,1.0,1.0,1.0,7199.557856794634,1000000.0,0.95,1.05,0,0,b,False,True,False,46.75782426,-119.2301996
1559,0.0,0.0,0.0,0.0,0.0,0.0,m1027036,PQ,1.0,1.0,1.0,7199.557856794634,1000000.0,0.95,1.05,0,0,b,False,False,False,46.75862536,-119.2319644
1560,0.0,0.0,0.0127305059681727,0.0031920242262891,0.0,0.0,l2785543,PQ,1.0,1.0,1.0,7199.557856794634,1000000.0,0.95,1.05,0,0,b,False,True,False,46.758593,-119.2333395
1561,0.0,0.0,0.0058402321051993,0.0014643693069247,0.0,0.0,l3010580,PQ,1.0,1.0,1.0,7199.557856794634,1000000.0,0.95,1.05,0,0,b,False,True,False,46.75840094,-119.231714
1562,0.0,0.0,0.0058402322431096,0.0014643693164609,0.0,0.0,l3122815,PQ,1.0,1.0,1.0,7199.557856794634,1000000.0,0.95,1.05,0,0,b,False,True,False,46.75703358,-119.2292881
1563,0.0,0.0,0.0,0.0,0.0,0.0,p901905,PQ,1.0,1.0,1.0,7199.557856794634,1000000.0,0.95,1.05,0,0,b,False,False,False,46.75578428,-119.2281123
1564,0.0,0.0,0.0058402324315946,0.0014643694177198,0.0,0.0,l2804257,PQ,1.0,1.0,1.0,7199.557856794634,1000000.0,0.95,1.05,0,0,b,False,True,False,46.75581978,-119.2285523
1565,0.0,0.0,0.0058402324572167,0.0014643694668852,0.0,0.0,l2860485,PQ,1.0,1.0,1.0,7199.557856794634,1000000.0,0.95,1.05,0,0,b,False,True,False,46.75582592,-119.2295703
1566,0.0,0.0,0.0088403519744708,0.0022166142458575,0.0,0.0,l2860506,PQ,1.0,1.0,1.0,7199.557856794634,1000000.0,0.95,1.05,0,0,b,False,True,False,46.75571634,-119.2330979
1567,0.0,0.0,0.0,0.0,0.0,0.0,m1027019,PQ,1.0,1.0,1.0,7199.557856794634,1000000.0,0.95,1.05,0,0,b,False,False,False,46.7569465,-119.235931
1568,0.0,0.0,0.0127305069800883,0.0031920249896458,0.0,0.0,l2785522,PQ,1.0,1.0,1.0,7199.557856794634,1000000.0,0.95,1.05,0,0,b,False,True,False,46.75695224,-119.2348964
1569,0.0,0.0,0.0,0.0,0.0,0.0,l2801949,PQ,1.0,1.0,1.0,7199.557856794634,1000000.0,0.95,1.05,0,0,b,False,False,False,46.75693578,-119.2394439
1570,0.0,0.0,0.0097303877813738,0.002439778846446,0.0,0.0,l3216361,PQ,1.0,1.0,1.0,7199.557856794634,1000000.0,0.95,1.05,0,0,b,False,True,False,46.74910026,-119.2282062
1571,0.0,0.0,0.0088403523326408,0.0022166131009501,0.0,0.0,l2729434,PQ,1.0,1.0,1.0,7199.557856794634,1000000.0,0.95,1.05,0,0,b,False,True,False,46.7480205,-119.2291497
1572,0.0,0.0,0.0058402327533735,0.0014643681627413,0.0,0.0,l2748152,PQ,1.0,1.0,1.0,7199.557856794634,1000000.0,0.95,1.05,0,0,b,False,True,False,46.74461826,-119.2270952
1573,0.0,0.0,0.0109678526684639,0.0027500471257979,0.0,0.0,l2729408,PQ,1.0,1.0,1.0,7199.557856794634,1000000.0,0.95,1.05,0,0,b,False,True,False,46.72842974,-119.235183
1574,0.0,0.0,0.0097303872496195,0.0024397676179858,0.0,0.0,l3085398,PQ,1.0,1.0,1.0,7199.557856794634,1000000.0,0.95,1.05,0,0,abc,False,True,False,46.72610558,-119.2359255
1575,0.0,0.0,0.0,0.0,0.0,0.0,p875742,PQ,1.0,1.0,1.0,7199.557856794634,1000000.0,0.95,1.05,0,0,b,False,False,False,46.72689582,-119.2369175
1576,0.0,0.0,0.0,0.0,0.0,0.0,n1147864,PQ,1.0,1.0,1.0,7199.557856794634,1000000.0,0.95,1.05,0,0,a,False,False,False,46.72581486,-119.2317465
1577,0.0088703960773393,0.0022241721307809,0.0,0.0,0.0,0.0,l2710536,PQ,1.0,1.0,1.0,7199.557856794634,1000000.0,0.95,1.05,0,0,a,False,True,False,46.72489278,-119.2313438
1578,0.0,0.0,0.0,0.0,0.0,0.0,p860847,PQ,1.0,1.0,1.0,7199.557856794634,1000000.0,0.95,1.05,0,0,a,False,False,False,46.7247436,-119.2301041
1579,0.0,0.0,0.0,0.0,0.0,0.0,m1026880,PQ,1.0,1.0,1.0,7199.557856794634,1000000.0,0.95,1.05,0,0,a,False,False,False,46.72368894,-119.2304059
1580,0.0,0.0,0.0,0.0,0.0,0.0,m1026874,PQ,1.0,1.0,1.0,7199.557856794634,1000000.0,0.95,1.05,0,0,a,False,False,False,46.72263898,-119.2304164
1581,0.0088703953036484,0.0022241708624991,0.0,0.0,0.0,0.0,l3197638,PQ,1.0,1.0,1.0,7199.557856794634,1000000.0,0.95,1.05,0,0,a,False,True,False,46.72115152,-119.2304216
1582,0.0,0.0,0.0,0.0,0.0,0.0,m1026849,PQ,1.0,1.0,1.0,7199.557856794634,1000000.0,0.95,1.05,0,0,a,False,False,False,46.72027654,-119.2304164
1583,0.0,0.0,0.0,0.0,0.0,0.0,m1026848,PQ,1.0,1.0,1.0,7199.557856794634,1000000.0,0.95,1.05,0,0,a,False,False,False,46.7202602,-119.2304111
1584,0.0133005928001685,0.0033350026459854,0.0,0.0,0.0,0.0,l2935557,PQ,1.0,1.0,1.0,7199.557856794634,1000000.0,0.95,1.05,0,0,a,False,True,False,46.71943218,-119.2301436
1585,0.0,0.0,0.0,0.0,0.0,0.0,m1026847,PQ,1.0,1.0,1.0,7199.557856794634,1000000.0,0.95,1.05,0,0,a,False,False,False,46.72025466,-119.2315387
1586,0.0088703953605598,0.002224170975797,0.0,0.0,0.0,0.0,l2673311,PQ,1.0,1.0,1.0,7199.557856794634,1000000.0,0.95,1.05,0,0,a,False,True,False,46.72110778,-119.2317328
1587,0.0053202370227026,0.0013340008791574,0.0,0.0,0.0,0.0,l2766748,PQ,1.0,1.0,1.0,7199.557856794634,1000000.0,0.95,1.05,0,0,a,False,True,False,46.72364842,-119.2298157
1588,0.0,0.0,0.0,0.0,0.0,0.0,p827536,PQ,1.0,1.0,1.0,7199.557856794634,1000000.0,0.95,1.05,0,0,c,False,False,False,46.72043622,-119.2239375
1589,0.0,0.0,0.0,0.0,0.0,0.0,n1137999,PQ,1.0,1.0,1.0,7199.557856794634,1000000.0,0.95,1.05,0,0,c,False,False,False,46.7202572,-119.2239454
1590,0.0,0.0,0.0,0.0,0.0,0.0,d6440002-2_int,PQ,1.0,1.0,1.0,7199.557856794634,1000000.0,0.95,1.05,0,0,c,False,False,False,46.7196173,-119.2239706
1591,0.0,0.0,0.0,0.0,0.0088703102146396,0.0022238736259868,l2876813,PQ,1.0,1.0,1.0,7199.557856794634,1000000.0,0.95,1.05,0,0,c,False,True,False,46.7191047,-119.2239964
1592,0.0,0.0,0.0,0.0,0.0053201862059815,0.0013338230399114,l2785531,PQ,1.0,1.0,1.0,7199.557856794634,1000000.0,0.95,1.05,0,0,c,False,True,False,46.7179634,-119.2239538
1593,0.0,0.0,0.0,0.0,0.0088703107287414,0.0022238746768179,l3216358,PQ,1.0,1.0,1.0,7199.557856794634,1000000.0,0.95,1.05,0,0,c,False,True,False,46.71665666,-119.2239545
1594,0.0,0.0,0.0,0.0,0.0,0.0,m1026826,PQ,1.0,1.0,1.0,7199.557856794634,1000000.0,0.95,1.05,0,0,c,False,False,False,46.716004,-119.2239004
1595,0.0,0.0,0.0,0.0,0.003550124414334,0.0008900514155174,l2952013,PQ,1.0,1.0,1.0,7199.557856794634,1000000.0,0.95,1.05,0,0,c,False,True,False,46.71530348,-119.2227403
1596,0.0,0.0,0.0,0.0,0.0,0.0,m1026820,PQ,1.0,1.0,1.0,7199.557856794634,1000000.0,0.95,1.05,0,0,c,False,False,False,46.71514258,-119.2239818
1597,0.0,0.0,0.0,0.0,0.0088703111606737,0.00222387554662,l3141403,PQ,1.0,1.0,1.0,7199.557856794634,1000000.0,0.95,1.05,0,0,c,False,True,False,46.71429856,-119.2240593
1598,0.0,0.0,0.0,0.0,0.0,0.0,m3037538,PQ,1.0,1.0,1.0,7199.557856794634,1000000.0,0.95,1.05,0,0,c,False,False,False,46.71346514,-119.2242754
1599,0.0,0.0,0.0,0.0,0.0088703113021257,0.0022238758265912,l3027133,PQ,1.0,1.0,1.0,7199.557856794634,1000000.0,0.95,1.05,0,0,c,False,True,False,46.71342982,-119.2242841
1600,0.0,0.0,0.0,0.0,0.0,0.0,m3037453,PQ,1.0,1.0,1.0,7199.557856794634,1000000.0,0.95,1.05,0,0,c,False,False,False,46.71258132,-119.2244661
1601,0.0,0.0,0.0,0.0,0.0118704167482371,0.0029760325532979,l2785546,PQ,1.0,1.0,1.0,7199.557856794634,1000000.0,0.95,1.05,0,0,c,False,True,False,46.71253318,-119.2244765
1602,0.0,0.0,0.0,0.0,0.0,0.0,m1026810,PQ,1.0,1.0,1.0,7199.557856794634,1000000.0,0.95,1.05,0,0,c,False,False,False,46.71085816,-119.224837
1603,0.0,0.0,0.0,0.0,0.0047701676754497,0.0011959292357729,l2914324,PQ,1.0,1.0,1.0,7199.557856794634,1000000.0,0.95,1.05,0,0,c,False,True,False,46.70906406,-119.2257118
1604,0.0,0.0,0.0,0.0,0.0,0.0,m1026805,PQ,1.0,1.0,1.0,7199.557856794634,1000000.0,0.95,1.05,0,0,c,False,False,False,46.70764964,-119.2250044
1605,0.0,0.0,0.0,0.0,0.0053201871499146,0.0013338249182054,l3120502,PQ,1.0,1.0,1.0,7199.557856794634,1000000.0,0.95,1.05,0,0,c,False,True,False,46.70644676,-119.2244337
1606,0.0,0.0,0.0,0.0,0.0,0.0,m1026792,PQ,1.0,1.0,1.0,7199.557856794634,1000000.0,0.95,1.05,0,0,c,False,False,False,46.70535738,-119.2227065
1607,0.0,0.0,0.0,0.0,0.013300468194312,0.0033345629189558,l2821010,PQ,1.0,1.0,1.0,7199.557856794634,1000000.0,0.95,1.05,0,0,c,False,True,False,46.70393716,-119.2202838
1608,0.0,0.0,0.0,0.0,0.0,0.0,m1026773,PQ,1.0,1.0,1.0,7199.557856794634,1000000.0,0.95,1.05,0,0,c,False,False,False,46.7023831,-119.2204107
1609,0.0,0.0,0.0,0.0,0.0088703123110356,0.0022238778202445,l3195751,PQ,1.0,1.0,1.0,7199.557856794634,1000000.0,0.95,1.05,0,0,c,False,True,False,46.70069938,-119.220474
1610,0.0,0.0,0.0,0.0,0.0,0.0,m1026777,PQ,1.0,1.0,1.0,7199.557856794634,1000000.0,0.95,1.05,0,0,c,False,False,False,46.70259244,-119.2208759
1611,0.0,0.0,0.0,0.0,0.0053201873079849,0.0013338252356092,l3233353,PQ,1.0,1.0,1.0,7199.557856794634,1000000.0,0.95,1.05,0,0,c,False,True,False,46.70203936,-119.2216974
1612,0.0,0.0,0.0,0.0,0.0088703121518287,0.0022238774988829,l2895461,PQ,1.0,1.0,1.0,7199.557856794634,1000000.0,0.95,1.05,0,0,c,False,True,False,46.70506378,-119.2235759
1613,0.0,0.0,0.0,0.0,0.0133004677935061,0.0033345621148369,l3010585,PQ,1.0,1.0,1.0,7199.557856794634,1000000.0,0.95,1.05,0,0,c,False,True,False,46.70679292,-119.2260169
1614,0.0,0.0,0.0,0.0,0.0,0.0,m1026798,PQ,1.0,1.0,1.0,7199.557856794634,1000000.0,0.95,1.05,0,0,c,False,False,False,46.70632244,-119.2268352
1615,0.0,0.0,0.0,0.0,0.0053201871239161,0.0013338248605793,l2952014,PQ,1.0,1.0,1.0,7199.557856794634,1000000.0,0.95,1.05,0,0,c,False,True,False,46.70612342,-119.2271814
1616,0.0,0.0,0.0,0.0,0.0,0.0,m1026812,PQ,1.0,1.0,1.0,7199.557856794634,1000000.0,0.95,1.05,0,0,c,False,False,False,46.71258114,-119.2245834
1617,0.0,0.0,0.0,0.0,0.0053201867856888,0.0013338242039419,l3122847,PQ,1.0,1.0,1.0,7199.557856794634,1000000.0,0.95,1.05,0,0,c,False,True,False,46.71257848,-119.2260704
1618,0.0,0.0,0.0,0.0,0.0083202920082999,0.002085980503929,l2857591,PQ,1.0,1.0,1.0,7199.557856794634,1000000.0,0.95,1.05,0,0,c,False,True,False,46.71331016,-119.2230508
1619,0.0,0.0,0.0,0.0,0.0,0.0,m1026823,PQ,1.0,1.0,1.0,7199.557856794634,1000000.0,0.95,1.05,0,0,c,False,False,False,46.71546682,-119.2254699
1620,0.0,0.0,0.0,0.0,0.0053201865495692,0.0013338237397823,l2879087,PQ,1.0,1.0,1.0,7199.557856794634,1000000.0,0.95,1.05,0,0,c,False,True,False,46.71528462,-119.2265664
1621,0.0,0.0,0.0,0.0,0.0,0.0,p1123251,PQ,1.0,1.0,1.0,7199.557856794634,1000000.0,0.95,1.05,0,0,a,False,False,False,46.71914006,-119.2122119
1622,0.0,0.0,0.0,0.0,0.0,0.0,n1140528,PQ,1.0,1.0,1.0,7199.557856794634,1000000.0,0.95,1.05,0,0,a,False,False,False,46.71922674,-119.2121815
1623,0.0133005783026122,0.003334963871522,0.0,0.0,0.0,0.0,l3649297,PQ,1.0,1.0,1.0,7199.557856794634,1000000.0,0.95,1.05,0,0,a,False,True,False,46.71990236,-119.2119444
1624,0.0133005784862932,0.0033349641613324,0.0,0.0,0.0,0.0,l3649298,PQ,1.0,1.0,1.0,7199.557856794634,1000000.0,0.95,1.05,0,0,a,False,True,False,46.72078244,-119.2116684
1625,0.0088703859104237,0.0022241454439897,0.0,0.0,0.0,0.0,l3649299,PQ,1.0,1.0,1.0,7199.557856794634,1000000.0,0.95,1.05,0,0,a,False,True,False,46.72170624,-119.2116579
1626,0.0,0.0,0.0,0.0,0.0,0.0,m3772794,PQ,1.0,1.0,1.0,7199.557856794634,1000000.0,0.95,1.05,0,0,a,False,False,False,46.72176164,-119.2116577
1627,0.0133005787666919,0.0033349646005594,0.0,0.0,0.0,0.0,l3649300,PQ,1.0,1.0,1.0,7199.557856794634,1000000.0,0.95,1.05,0,0,a,False,True,False,46.72263292,-119.2116544
1628,0.0133005788537617,0.0033349647351297,0.0,0.0,0.0,0.0,l3649301,PQ,1.0,1.0,1.0,7199.557856794634,1000000.0,0.95,1.05,0,0,a,False,True,False,46.72350716,-119.2116544
1629,0.0163007095026981,0.0040872125470655,0.0,0.0,0.0,0.0,l3649302,PQ,1.0,1.0,1.0,7199.557856794634,1000000.0,0.95,1.05,0,0,a,False,True,False,46.72440836,-119.2116492
1630,0.0133005789552431,0.0033349648999198,0.0,0.0,0.0,0.0,l3649304,PQ,1.0,1.0,1.0,7199.557856794634,1000000.0,0.95,1.05,0,0,a,False,True,False,46.72530522,-119.2116335
1631,0.0053202315871593,0.001333985971184,0.0,0.0,0.0,0.0,l3649305,PQ,1.0,1.0,1.0,7199.557856794634,1000000.0,0.95,1.05,0,0,a,False,True,False,46.72626396,-119.211637
1632,0.0133005786848519,0.0033349644735702,0.0,0.0,0.0,0.0,l3649306,PQ,1.0,1.0,1.0,7199.557856794634,1000000.0,0.95,1.05,0,0,a,False,True,False,46.72176818,-119.2129231
1633,0.0,0.0,0.0,0.0,0.0,0.0,p827511,PQ,1.0,1.0,1.0,7199.557856794634,1000000.0,0.95,1.05,0,0,c,False,False,False,46.71802264,-119.2087628
1634,0.0,0.0,0.0,0.0,0.0,0.0,n1140527,PQ,1.0,1.0,1.0,7199.557856794634,1000000.0,0.95,1.05,0,0,c,False,False,False,46.71819248,-119.2087588
1635,0.0,0.0,0.0,0.0,0.0070702362745145,0.001772570634658,l3342743,PQ,1.0,1.0,1.0,7199.557856794634,1000000.0,0.95,1.05,0,0,c,False,True,False,46.72020736,-119.2087106
1636,0.0,0.0,0.0,0.0,0.0,0.0,m1026883,PQ,1.0,1.0,1.0,7199.557856794634,1000000.0,0.95,1.05,0,0,c,False,False,False,46.72424302,-119.2087781
1637,0.0,0.0,0.0,0.0,0.0,0.0,m1026898,PQ,1.0,1.0,1.0,7199.557856794634,1000000.0,0.95,1.05,0,0,c,False,False,False,46.72512374,-119.2087814
1638,0.0,0.0,0.0,0.0,0.0091003042710478,0.0022815269100937,l3197661,PQ,1.0,1.0,1.0,7199.557856794634,1000000.0,0.95,1.05,0,0,c,False,True,False,46.72516516,-119.2087767
1639,0.0,0.0,0.0,0.0,0.0091003042862592,0.0022815269444307,l3122848,PQ,1.0,1.0,1.0,7199.557856794634,1000000.0,0.95,1.05,0,0,c,False,True,False,46.72613624,-119.2087801
1640,0.0,0.0,0.0,0.0,0.0,0.0,m1047520,PQ,1.0,1.0,1.0,7199.557856794634,1000000.0,0.95,1.05,0,0,abc,False,False,False,46.71286558,-119.1973393
1641,0.0,0.0,0.0,0.0,0.0,0.0,m1047522,PQ,1.0,1.0,1.0,7199.557856794634,1000000.0,0.95,1.05,0,0,abc,False,False,False,46.7128621,-119.1968605
1642,0.0,0.0,0.0,0.0,0.0,0.0,d6077791-3_int,PQ,1.0,1.0,1.0,7199.557856794634,1000000.0,0.95,1.05,0,0,abc,False,False,False,46.71308338,-119.196295
1643,0.0,0.0,0.0,0.0,0.0,0.0,n1136663,PQ,1.0,1.0,1.0,7199.557856794634,1000000.0,0.95,1.05,0,0,abc,False,False,False,46.71318156,-119.1961462
1644,0.0,0.0,0.0,0.0,0.0,0.0,m1047534,PQ,1.0,1.0,1.0,7199.557856794634,1000000.0,0.95,1.05,0,0,abc,False,False,False,46.71395636,-119.1944139
1645,0.0,0.0,0.0,0.0,0.0,0.0,n1136661,PQ,1.0,1.0,1.0,7199.557856794634,1000000.0,0.95,1.05,0,0,c,False,False,False,46.7138719,-119.1943239
1646,0.0,0.0,0.0,0.0,0.0101703229720113,0.0025497778488496,l3029505,PQ,1.0,1.0,1.0,7199.557856794634,1000000.0,0.95,1.05,0,0,c,False,True,False,46.7135814,-119.1940144
1647,0.0,0.0,0.0,0.0,0.0101703229940325,0.002549777881214,l2673318,PQ,1.0,1.0,1.0,7199.557856794634,1000000.0,0.95,1.05,0,0,c,False,True,False,46.71322434,-119.192564
1648,0.0,0.0,0.0,0.0,0.0,0.0,n1136660,PQ,1.0,1.0,1.0,7199.557856794634,1000000.0,0.95,1.05,0,0,a,False,False,False,46.71407472,-119.1945079
1649,0.0118705037276757,0.0029763520037498,0.0,0.0,0.0,0.0,l3010568,PQ,1.0,1.0,1.0,7199.557856794634,1000000.0,0.95,1.05,0,0,a,False,True,False,46.7145465,-119.194883
1650,0.0,0.0,0.0,0.0,0.0,0.0,m1047550,PQ,1.0,1.0,1.0,7199.557856794634,1000000.0,0.95,1.05,0,0,abc,False,False,False,46.71468446,-119.1929448
1651,0.0,0.0,0.0,0.0,0.0,0.0,m1047558,PQ,1.0,1.0,1.0,7199.557856794634,1000000.0,0.95,1.05,0,0,abc,False,False,False,46.71505906,-119.1921198
1652,0.0,0.0,0.0,0.0,0.0,0.0,n1137996,PQ,1.0,1.0,1.0,7199.557856794634,1000000.0,0.95,1.05,0,0,c,False,False,False,46.71501232,-119.192032
1653,0.0,0.0,0.0,0.0,0.0552617473316031,0.0138545470916555,l3178979,PQ,1.0,1.0,1.0,7199.557856794634,1000000.0,0.95,1.05,0,0,c,False,True,False,46.71495626,-119.1919268
1654,0.0,0.0,0.0,0.0,0.0,0.0,m1047568,PQ,1.0,1.0,1.0,7199.557856794634,1000000.0,0.95,1.05,0,0,abc,False,False,False,46.71587864,-119.190919
1655,0.0,0.0,0.0,0.0,0.0,0.0,q14733,PQ,1.0,1.0,1.0,7199.557856794634,1000000.0,0.95,1.05,0,0,abc,False,False,False,46.7159583,-119.1908382
1656,0.0,0.0,0.0,0.0,0.0,0.0,d5860423-3_int,PQ,1.0,1.0,1.0,7199.557856794634,1000000.0,0.95,1.05,0,0,abc,False,False,False,46.71621966,-119.1903943
1657,0.0,0.0,0.0,0.0,0.0,0.0,190-8593,PQ,1.0,1.0,1.0,7199.557856794634,1000000.0,0.95,1.05,0,0,abc,False,False,False,46.71630678,-119.1902789
1658,0.0,0.0,0.0,0.0,0.0,0.0,regxfmr_190-8593,PQ,1.0,1.0,1.0,7199.557856794634,1000000.0,0.95,1.05,0,0,abc,False,False,False,46.71669882,-119.1897677
1659,0.0,0.0,0.0,0.0,0.0,0.0,m1047575,PQ,1.0,1.0,1.0,7199.557856794634,1000000.0,0.95,1.05,0,0,abc,False,False,False,46.71678594,-119.1896632
1660,0.0,0.0,0.0,0.0,0.0,0.0,d5860450-1_int,PQ,1.0,1.0,1.0,7199.557856794634,1000000.0,0.95,1.05,0,0,abc,False,False,False,46.71722154,-119.1892455
1661,0.0,0.0,0.0127305092040219,0.0031919975986533,0.0,0.0,l2841632,PQ,1.0,1.0,1.0,7199.557856794634,1000000.0,0.95,1.05,0,0,abc,False,True,False,46.7176347,-119.1887776
1662,0.0,0.0,0.0,0.0,0.0,0.0,m1047574,PQ,1.0,1.0,1.0,7199.557856794634,1000000.0,0.95,1.05,0,0,abc,False,False,False,46.71780014,-119.1886324
1663,0.0,0.0,0.0,0.0,0.0,0.0,m1069500,PQ,1.0,1.0,1.0,7199.557856794634,1000000.0,0.95,1.05,0,0,abc,False,False,False,46.71861344,-119.1876533
1664,0.0,0.0,0.0,0.0,0.0,0.0,p827549,PQ,1.0,1.0,1.0,7199.557856794634,1000000.0,0.95,1.05,0,0,a,False,False,False,46.71864692,-119.1877205
1665,0.0,0.0,0.0,0.0,0.0,0.0,n1140518,PQ,1.0,1.0,1.0,7199.557856794634,1000000.0,0.95,1.05,0,0,a,False,False,False,46.71880866,-119.188045
1666,0.0088703827869424,0.0022241145396041,0.0,0.0,0.0,0.0,l2764403,PQ,1.0,1.0,1.0,7199.557856794634,1000000.0,0.95,1.05,0,0,a,False,True,False,46.71910326,-119.1886363
1667,0.0,0.0,0.0,0.0,0.0,0.0,m1047623,PQ,1.0,1.0,1.0,7199.557856794634,1000000.0,0.95,1.05,0,0,a,False,False,False,46.71953462,-119.189502
1668,0.0133005740219986,0.0033349181721834,0.0,0.0,0.0,0.0,l2748157,PQ,1.0,1.0,1.0,7199.557856794634,1000000.0,0.95,1.05,0,0,a,False,True,False,46.719548,-119.1905857
1669,0.0,0.0,0.0,0.0,0.0,0.0,l3008279,PQ,1.0,1.0,1.0,7199.557856794634,1000000.0,0.95,1.05,0,0,a,False,False,False,46.7203792,-119.1894481
1670,0.0053202296105521,0.001333967280194,0.0,0.0,0.0,0.0,l2785537,PQ,1.0,1.0,1.0,7199.557856794634,1000000.0,0.95,1.05,0,0,a,False,True,False,46.72170324,-119.1894845
1671,0.0,0.0,0.0,0.0,0.0,0.0,m1069504,PQ,1.0,1.0,1.0,7199.557856794634,1000000.0,0.95,1.05,0,0,abc,False,False,False,46.71966492,-119.1863303
1672,0.0118705137949816,0.0029763511248031,0.0,0.0,0.0,0.0,l3197654,PQ,1.0,1.0,1.0,7199.557856794634,1000000.0,0.95,1.05,0,0,a,False,True,False,46.72013396,-119.1868665
1673,0.0,0.0,0.0058402371430893,0.001464364380181,0.0,0.0,l2691967,PQ,1.0,1.0,1.0,7199.557856794634,1000000.0,0.95,1.05,0,0,abc,False,True,False,46.72010556,-119.1857518
1674,0.0,0.0,0.0,0.0,0.0,0.0,r42246,PQ,1.0,1.0,1.0,7199.557856794634,1000000.0,0.95,1.05,0,0,abc,False,False,False,46.72052652,-119.1852282
1675,0.0,0.0,0.0,0.0,0.0,0.0,q16642_cap,PQ,1.0,1.0,1.0,7199.557856794634,1000000.0,0.95,1.05,0,0,abc,False,False,False,46.7206,-119.18515
1676,0.0,0.0,0.0,0.0,0.0,0.0,q16642,PQ,1.0,1.0,1.0,7199.557856794634,1000000.0,0.95,1.05,0,0,abc,False,False,False,46.72066274,-119.1851203
1677,0.0,0.0,0.0,0.0,0.0,0.0,d6290228-6_int,PQ,1.0,1.0,1.0,7199.557856794634,1000000.0,0.95,1.05,0,0,abc,False,False,False,46.7210112,-119.1846503
1678,0.0,0.0,0.0,0.0,0.0,0.0,n1136657,PQ,1.0,1.0,1.0,7199.557856794634,1000000.0,0.95,1.05,0,0,abc,False,False,False,46.72109942,-119.1845154
1679,0.0,0.0,0.0,0.0,0.0,0.0,m1069514,PQ,1.0,1.0,1.0,7199.557856794634,1000000.0,0.95,1.05,0,0,abc,False,False,False,46.72122086,-119.1843644
1680,0.0,0.0,0.0,0.0,0.0,0.0,m1069515,PQ,1.0,1.0,1.0,7199.557856794634,1000000.0,0.95,1.05,0,0,abc,False,False,False,46.72148718,-119.183648
1681,0.0,0.0,0.0,0.0,0.0,0.0,n1136367,PQ,1.0,1.0,1.0,7199.557856794634,1000000.0,0.95,1.05,0,0,abc,False,False,False,46.72185592,-119.1831585
1682,0.0,0.0,0.0,0.0,0.0,0.0,m1069517,PQ,1.0,1.0,1.0,7199.557856794634,1000000.0,0.95,1.05,0,0,abc,False,False,False,46.72213072,-119.1827936
1683,0.0,0.0,0.0,0.0,0.0,0.0,n1136365,PQ,1.0,1.0,1.0,7199.557856794634,1000000.0,0.95,1.05,0,0,abc,False,False,False,46.72192582,-119.1823456
1684,0.0,0.0,0.0,0.0,0.0,0.0,m1069516,PQ,1.0,1.0,1.0,7199.557856794634,1000000.0,0.95,1.05,0,0,abc,False,False,False,46.72157256,-119.1815733
1685,0.0,0.0,0.0,0.0,0.0,0.0,m1069513,PQ,1.0,1.0,1.0,7199.557856794634,1000000.0,0.95,1.05,0,0,abc,False,False,False,46.72096106,-119.1802548
1686,0.0,0.0,0.0,0.0,0.0501715291417735,0.0125784111003908,l2766738,PQ,1.0,1.0,1.0,7199.557856794634,1000000.0,0.95,1.05,0,0,abc,False,True,False,46.72058436,-119.1794188
1687,0.0,0.0,0.0,0.0,0.0,0.0,m1069509,PQ,1.0,1.0,1.0,7199.557856794634,1000000.0,0.95,1.05,0,0,abc,False,False,False,46.7202013,-119.1783532
1688,0.0,0.0,0.0,0.0,0.0,0.0,m1069505,PQ,1.0,1.0,1.0,7199.557856794634,1000000.0,0.95,1.05,0,0,abc,False,False,False,46.7198764,-119.1779839
1689,0.0,0.0,0.0,0.0,0.0,0.0,n1134478,PQ,1.0,1.0,1.0,7199.557856794634,1000000.0,0.95,1.05,0,0,abc,False,False,False,46.71976022,-119.1778509
1690,0.0,0.0,0.0,0.0,0.0,0.0,m1069503,PQ,1.0,1.0,1.0,7199.557856794634,1000000.0,0.95,1.05,0,0,abc,False,False,False,46.71951076,-119.1775653
1691,0.0,0.0,0.0,0.0,0.0,0.0,n1134479,PQ,1.0,1.0,1.0,7199.557856794634,1000000.0,0.95,1.05,0,0,abc,False,False,False,46.71982278,-119.1772562
1692,0.0,0.0,0.0,0.0,0.0,0.0,d5682346-3_int,PQ,1.0,1.0,1.0,7199.557856794634,1000000.0,0.95,1.05,0,0,abc,False,False,False,46.7200529,-119.1770264
1693,0.0,0.0,0.0,0.0,0.0,0.0,e206211,PQ,1.0,1.0,1.0,7199.557856794634,1000000.0,0.95,1.05,0,0,abc,False,False,False,46.72052072,-119.1765649
1694,0.0,0.0,0.0,0.0,0.0,0.0,n1134480,PQ,1.0,1.0,1.0,7199.557856794634,1000000.0,0.95,1.05,0,0,abc,False,False,False,46.72218234,-119.1750581
1695,0.0,0.0,0.0,0.0,0.0,0.0,m1069519,PQ,1.0,1.0,1.0,7199.557856794634,1000000.0,0.95,1.05,0,0,abc,False,False,False,46.72243256,-119.1749296
1696,0.0,0.0,0.0,0.0,0.0,0.0,n1136354,PQ,1.0,1.0,1.0,7199.557856794634,1000000.0,0.95,1.05,0,0,abc,False,False,False,46.72440184,-119.1738687
1697,0.0088703935963778,0.002224105725551,0.0,0.0,0.0,0.0,l2748144,PQ,1.0,1.0,1.0,7199.557856794634,1000000.0,0.95,1.05,0,0,abc,False,True,False,46.72453878,-119.1737714
1698,0.0,0.0,0.0,0.0,0.0,0.0,m1069533,PQ,1.0,1.0,1.0,7199.557856794634,1000000.0,0.95,1.05,0,0,abc,False,False,False,46.72606758,-119.1729139
1699,0.0,0.0,0.0,0.0,0.0,0.0,p895117,PQ,1.0,1.0,1.0,7199.557856794634,1000000.0,0.95,1.05,0,0,b,False,False,False,46.72598074,-119.1728103
1700,0.0,0.0,0.0,0.0,0.0,0.0,m1069532,PQ,1.0,1.0,1.0,7199.557856794634,1000000.0,0.95,1.05,0,0,b,False,False,False,46.72592824,-119.1727477
1701,0.0,0.0,0.0049502114051012,0.0012412179185532,0.0,0.0,l2691965,PQ,1.0,1.0,1.0,7199.557856794634,1000000.0,0.95,1.05,0,0,b,False,True,False,46.7267432,-119.1723851
1702,0.0,0.0,0.0097304155534474,0.0024398081484702,0.0,0.0,l2785534,PQ,1.0,1.0,1.0,7199.557856794634,1000000.0,0.95,1.05,0,0,b,False,True,False,46.72585542,-119.1720537
1703,0.0,0.0,0.0,0.0,0.0,0.0,196-29521,PQ,1.0,1.0,1.0,7199.557856794634,1000000.0,0.95,1.05,0,0,b,False,False,False,46.72619648,-119.1731927
1704,0.0,0.0,0.0,0.0,0.0,0.0,n1136355,PQ,1.0,1.0,1.0,7199.557856794634,1000000.0,0.95,1.05,0,0,b,False,False,False,46.72626948,-119.1733449
1705,0.0,0.0,0.0133688119461972,0.0033521031799888,0.0,0.0,l2783231,PQ,1.0,1.0,1.0,7199.557856794634,1000000.0,0.95,1.05,0,0,b,False,True,False,46.72678554,-119.1744211
1706,0.0,0.0,0.0038901672194516,0.0009754235600388,0.0,0.0,l3254227,PQ,1.0,1.0,1.0,7199.557856794634,1000000.0,0.95,1.05,0,0,b,False,True,False,46.72780936,-119.1767166
1707,0.0,0.0,0.0,0.0,0.0,0.0,m1069550,PQ,1.0,1.0,1.0,7199.557856794634,1000000.0,0.95,1.05,0,0,b,False,False,False,46.72809598,-119.1774534
1708,0.0,0.0,0.0,0.0,0.0,0.0,m1069544,PQ,1.0,1.0,1.0,7199.557856794634,1000000.0,0.95,1.05,0,0,b,False,False,False,46.72697964,-119.1783173
1709,0.0,0.0,0.0058402513926771,0.0014643896838805,0.0,0.0,l2804272,PQ,1.0,1.0,1.0,7199.557856794634,1000000.0,0.95,1.05,0,0,b,False,True,False,46.72685894,-119.1780892
1710,0.0,0.0,0.005840251400904,0.001464389702238,0.0,0.0,l2841641,PQ,1.0,1.0,1.0,7199.557856794634,1000000.0,0.95,1.05,0,0,b,False,True,False,46.72629158,-119.1769099
1711,0.0,0.0,0.0,0.0,0.0,0.0,m1069543,PQ,1.0,1.0,1.0,7199.557856794634,1000000.0,0.95,1.05,0,0,b,False,False,False,46.7269413,-119.178347
1712,0.0,0.0,0.0,0.0,0.0,0.0,m1069535,PQ,1.0,1.0,1.0,7199.557856794634,1000000.0,0.95,1.05,0,0,b,False,False,False,46.726153,-119.1790155
1713,0.0,0.0,0.0,0.0,0.0,0.0,m1069530,PQ,1.0,1.0,1.0,7199.557856794634,1000000.0,0.95,1.05,0,0,b,False,False,False,46.7251356,-119.1799047
1714,0.0,0.0,0.0,0.0,0.0,0.0,m1069526,PQ,1.0,1.0,1.0,7199.557856794634,1000000.0,0.95,1.05,0,0,b,False,False,False,46.7248271,-119.1801754
1715,0.0,0.0,0.0194508374566419,0.0048771200315625,0.0,0.0,l2673331,PQ,1.0,1.0,1.0,7199.557856794634,1000000.0,0.95,1.05,0,0,b,False,True,False,46.7243881,-119.1797778
1716,0.0,0.0,0.0,0.0,0.0,0.0,l2804271,PQ,1.0,1.0,1.0,7199.557856794634,1000000.0,0.95,1.05,0,0,b,False,False,False,46.72573554,-119.1773518
1717,0.0,0.0,0.0,0.0,0.0,0.0,m1069551,PQ,1.0,1.0,1.0,7199.557856794634,1000000.0,0.95,1.05,0,0,b,False,False,False,46.72810156,-119.1775241
1718,0.0,0.0,0.0,0.0,0.0,0.0,m1069555,PQ,1.0,1.0,1.0,7199.557856794634,1000000.0,0.95,1.05,0,0,b,False,False,False,46.72858654,-119.1782966
1719,0.0,0.0,0.0130558040962301,0.0032736238931464,0.0,0.0,l3085410,PQ,1.0,1.0,1.0,7199.557856794634,1000000.0,0.95,1.05,0,0,b,False,True,False,46.72918022,-119.1778717
1720,0.0,0.0,0.0194508376468556,0.00487712036276,0.0,0.0,l2860499,PQ,1.0,1.0,1.0,7199.557856794634,1000000.0,0.95,1.05,0,0,b,False,True,False,46.73000498,-119.1787796
1721,0.0,0.0,0.0,0.0,0.0,0.0,m1069557,PQ,1.0,1.0,1.0,7199.557856794634,1000000.0,0.95,1.05,0,0,b,False,False,False,46.72895396,-119.1789358
1722,0.0,0.0,0.0,0.0,0.0,0.0,m1069558,PQ,1.0,1.0,1.0,7199.557856794634,1000000.0,0.95,1.05,0,0,b,False,False,False,46.7295239,-119.1799345
1723,0.0,0.0,0.0097304192137994,0.0024398143013611,0.0,0.0,l3254229,PQ,1.0,1.0,1.0,7199.557856794634,1000000.0,0.95,1.05,0,0,b,False,True,False,46.72986458,-119.1804558
1724,0.0,0.0,0.0,0.0,0.0,0.0,m1069565,PQ,1.0,1.0,1.0,7199.557856794634,1000000.0,0.95,1.05,0,0,b,False,False,False,46.73023592,-119.1810736
1725,0.0,0.0,0.0,0.0,0.0,0.0,m1069572,PQ,1.0,1.0,1.0,7199.557856794634,1000000.0,0.95,1.05,0,0,b,False,False,False,46.73116866,-119.181903
1726,0.0,0.0,0.0145906288044686,0.0036584680511076,0.0,0.0,l3066826,PQ,1.0,1.0,1.0,7199.557856794634,1000000.0,0.95,1.05,0,0,b,False,True,False,46.73238132,-119.1820816
1727,0.0,0.0,0.0,0.0,0.0,0.0,m1069574,PQ,1.0,1.0,1.0,7199.557856794634,1000000.0,0.95,1.05,0,0,b,False,False,False,46.73132412,-119.1825555
1728,0.0,0.0,0.0088403809832233,0.0022166454893321,0.0,0.0,l2710530,PQ,1.0,1.0,1.0,7199.557856794634,1000000.0,0.95,1.05,0,0,b,False,True,False,46.73077396,-119.1831087
1729,0.0,0.0,0.0068902968934642,0.0017276794782585,0.0,0.0,l3178988,PQ,1.0,1.0,1.0,7199.557856794634,1000000.0,0.95,1.05,0,0,b,False,True,False,46.73027246,-119.1813784
1730,0.0,0.0,0.0058402516654248,0.001464390190705,0.0,0.0,l2785536,PQ,1.0,1.0,1.0,7199.557856794634,1000000.0,0.95,1.05,0,0,b,False,True,False,46.7326225,-119.1797096
1731,0.0,0.0,0.0,0.0,0.0,0.0,l2989596,PQ,1.0,1.0,1.0,7199.557856794634,1000000.0,0.95,1.05,0,0,b,False,False,False,46.7288323,-119.1816039
1732,0.0,0.0,0.0068902969185052,0.0017276795341292,0.0,0.0,l2822873,PQ,1.0,1.0,1.0,7199.557856794634,1000000.0,0.95,1.05,0,0,b,False,True,False,46.72903886,-119.1831017
1733,0.0,0.0,0.0,0.0,0.0,0.0,m1069554,PQ,1.0,1.0,1.0,7199.557856794634,1000000.0,0.95,1.05,0,0,b,False,False,False,46.7281874,-119.1787932
1734,0.0,0.0,0.0194508377973114,0.0048771206762765,0.0,0.0,l3160115,PQ,1.0,1.0,1.0,7199.557856794634,1000000.0,0.95,1.05,0,0,b,False,True,False,46.72771684,-119.1787057
1735,0.0,0.0,0.0058402515628914,0.001464389979989,0.0,0.0,l2935567,PQ,1.0,1.0,1.0,7199.557856794634,1000000.0,0.95,1.05,0,0,b,False,True,False,46.726759,-119.179466
1736,0.0,0.0,0.0,0.0,0.0,0.0,m1069560,PQ,1.0,1.0,1.0,7199.557856794634,1000000.0,0.95,1.05,0,0,b,False,False,False,46.72959064,-119.176443
1737,0.0,0.0,0.0,0.0,0.0,0.0,m1069567,PQ,1.0,1.0,1.0,7199.557856794634,1000000.0,0.95,1.05,0,0,b,False,False,False,46.73059106,-119.1757304
1738,0.0,0.0,0.0,0.0,0.0,0.0,m1069582,PQ,1.0,1.0,1.0,7199.557856794634,1000000.0,0.95,1.05,0,0,b,False,False,False,46.73248386,-119.1744202
1739,0.0,0.0,0.0,0.0,0.0,0.0,l2933165,PQ,1.0,1.0,1.0,7199.557856794634,1000000.0,0.95,1.05,0,0,b,False,False,False,46.73325542,-119.1738614
1740,0.0,0.0,0.0097304211841604,0.0024398173840595,0.0,0.0,l3235273,PQ,1.0,1.0,1.0,7199.557856794634,1000000.0,0.95,1.05,0,0,b,False,True,False,46.73489988,-119.1735388
1741,0.0,0.0,0.0097304211454198,0.002439817327856,0.0,0.0,l2973171,PQ,1.0,1.0,1.0,7199.557856794634,1000000.0,0.95,1.05,0,0,b,False,True,False,46.73248564,-119.1748695
1742,0.0,0.0,0.0,0.0,0.0,0.0,d6231996-1_int,PQ,1.0,1.0,1.0,7199.557856794634,1000000.0,0.95,1.05,0,0,b,False,False,False,46.73255446,-119.1746766
1743,0.0,0.0,0.0,0.0,0.0,0.0,e206614,PQ,1.0,1.0,1.0,7199.557856794634,1000000.0,0.95,1.05,0,0,b,False,False,False,46.73262982,-119.1747797
1744,0.0,0.0,0.0097304214154823,0.0024398177681667,0.0,0.0,l3082983,PQ,1.0,1.0,1.0,7199.557856794634,1000000.0,0.95,1.05,0,0,b,False,True,False,46.7329045,-119.1750038
1745,0.0,0.0,0.0,0.0,0.0,0.0,m1069588,PQ,1.0,1.0,1.0,7199.557856794634,1000000.0,0.95,1.05,0,0,b,False,False,False,46.73317754,-119.1752266
1746,0.0,0.0,0.0,0.0,0.0,0.0,m1069590,PQ,1.0,1.0,1.0,7199.557856794634,1000000.0,0.95,1.05,0,0,b,False,False,False,46.73422862,-119.176638
1747,0.0,0.0,0.0,0.0,0.0,0.0,m1069595,PQ,1.0,1.0,1.0,7199.557856794634,1000000.0,0.95,1.05,0,0,b,False,False,False,46.73555618,-119.1783239
1748,0.0,0.0,0.0097304228961645,0.0024398201016449,0.0,0.0,l2916619,PQ,1.0,1.0,1.0,7199.557856794634,1000000.0,0.95,1.05,0,0,b,False,True,False,46.7362456,-119.1785539
1749,0.0,0.0,0.0,0.0,0.0,0.0,l2727008,PQ,1.0,1.0,1.0,7199.557856794634,1000000.0,0.95,1.05,0,0,b,False,False,False,46.737201,-119.1797292
1750,0.0,0.0,0.0,0.0,0.0,0.0,m1069629,PQ,1.0,1.0,1.0,7199.557856794634,1000000.0,0.95,1.05,0,0,b,False,False,False,46.7395509,-119.1812617
1751,0.0,0.0,0.0,0.0,0.0,0.0,m1069640,PQ,1.0,1.0,1.0,7199.557856794634,1000000.0,0.95,1.05,0,0,b,False,False,False,46.7414389,-119.1803257
1752,0.0,0.0,0.0097304240563824,0.0024398219881703,0.0,0.0,l3160113,PQ,1.0,1.0,1.0,7199.557856794634,1000000.0,0.95,1.05,0,0,b,False,True,False,46.74080658,-119.1789021
1753,0.0,0.0,0.0097304241199027,0.0024398221284532,0.0,0.0,l2804269,PQ,1.0,1.0,1.0,7199.557856794634,1000000.0,0.95,1.05,0,0,b,False,True,False,46.74256596,-119.1799609
1754,0.0,0.0,0.0058402545819074,0.0014643948329243,0.0,0.0,l2989564,PQ,1.0,1.0,1.0,7199.557856794634,1000000.0,0.95,1.05,0,0,b,False,True,False,46.74322522,-119.1806724
1755,0.0,0.0,0.0058402546098426,0.0014643948951868,0.0,0.0,l2897789,PQ,1.0,1.0,1.0,7199.557856794634,1000000.0,0.95,1.05,0,0,b,False,True,False,46.74464142,-119.1801026
1756,0.0,0.0,0.0,0.0,0.0,0.0,m1069662,PQ,1.0,1.0,1.0,7199.557856794634,1000000.0,0.95,1.05,0,0,b,False,False,False,46.74545316,-119.179713
1757,0.0,0.0,0.0088403854318641,0.0022166526121153,0.0,0.0,l2935547,PQ,1.0,1.0,1.0,7199.557856794634,1000000.0,0.95,1.05,0,0,b,False,True,False,46.74609892,-119.1804195
1758,0.0,0.0,0.0,0.0,0.0,0.0,m1069632,PQ,1.0,1.0,1.0,7199.557856794634,1000000.0,0.95,1.05,0,0,b,False,False,False,46.74058004,-119.1824011
1759,0.0,0.0,0.0127305549041853,0.0031920795933121,0.0,0.0,l2726974,PQ,1.0,1.0,1.0,7199.557856794634,1000000.0,0.95,1.05,0,0,b,False,True,False,46.7411027,-119.1823006
1760,0.0,0.0,0.0145906360293628,0.0036584793510562,0.0,0.0,l2916618,PQ,1.0,1.0,1.0,7199.557856794634,1000000.0,0.95,1.05,0,0,b,False,True,False,46.7417862,-119.1835897
1761,0.0,0.0,0.0097304242524542,0.0024398222027431,0.0,0.0,l2954361,PQ,1.0,1.0,1.0,7199.557856794634,1000000.0,0.95,1.05,0,0,b,False,True,False,46.73949226,-119.1829968
1762,0.0,0.0,0.0,0.0,0.0,0.0,m1069627,PQ,1.0,1.0,1.0,7199.557856794634,1000000.0,0.95,1.05,0,0,b,False,False,False,46.73874152,-119.1832247
1763,0.0,0.0,0.0175907674249503,0.0044107378201153,0.0,0.0,l2897791,PQ,1.0,1.0,1.0,7199.557856794634,1000000.0,0.95,1.05,0,0,b,False,True,False,46.7370816,-119.1820092
1764,0.0,0.0,0.0,0.0,0.0,0.0,m1069613,PQ,1.0,1.0,1.0,7199.557856794634,1000000.0,0.95,1.05,0,0,b,False,False,False,46.73704108,-119.1820188
1765,0.0,0.0,0.0,0.0,0.0,0.0,m1069597,PQ,1.0,1.0,1.0,7199.557856794634,1000000.0,0.95,1.05,0,0,b,False,False,False,46.73565694,-119.1823586
1766,0.0,0.0,0.0097304246123262,0.0024398227245216,0.0,0.0,l3197653,PQ,1.0,1.0,1.0,7199.557856794634,1000000.0,0.95,1.05,0,0,b,False,True,False,46.73543244,-119.1840796
1767,0.0,0.0,0.0240008135108927,0.0060180035736171,0.0,0.0,l2785535,PQ,1.0,1.0,1.0,7199.557856794634,1000000.0,0.95,1.05,0,0,b,False,True,False,46.73517148,-119.1823378
1768,0.0,0.0,0.009730424344391,0.0024398223360422,0.0,0.0,l3254228,PQ,1.0,1.0,1.0,7199.557856794634,1000000.0,0.95,1.05,0,0,b,False,True,False,46.73815526,-119.1837046
1769,0.0,0.0,0.0,0.0,0.0,0.0,m1069607,PQ,1.0,1.0,1.0,7199.557856794634,1000000.0,0.95,1.05,0,0,b,False,False,False,46.7368496,-119.1766015
1770,0.0,0.0,0.0,0.0,0.0,0.0,m1069619,PQ,1.0,1.0,1.0,7199.557856794634,1000000.0,0.95,1.05,0,0,b,False,False,False,46.73722826,-119.1762699
1771,0.0,0.0,0.0,0.0,0.0,0.0,m1069620,PQ,1.0,1.0,1.0,7199.557856794634,1000000.0,0.95,1.05,0,0,b,False,False,False,46.73725918,-119.1762428
1772,0.0,0.0,0.0,0.0,0.0,0.0,m1069610,PQ,1.0,1.0,1.0,7199.557856794634,1000000.0,0.95,1.05,0,0,b,False,False,False,46.73698316,-119.17616
1773,0.0,0.0,0.0,0.0,0.0,0.0,m1069600,PQ,1.0,1.0,1.0,7199.557856794634,1000000.0,0.95,1.05,0,0,b,False,False,False,46.73643056,-119.1753527
1774,0.0,0.0,0.0097304228746055,0.002439820046663,0.0,0.0,l3102793,PQ,1.0,1.0,1.0,7199.557856794634,1000000.0,0.95,1.05,0,0,b,False,True,False,46.73705194,-119.1746974
1775,0.0,0.0,0.0097304228574139,0.0024398200217292,0.0,0.0,l2991929,PQ,1.0,1.0,1.0,7199.557856794634,1000000.0,0.95,1.05,0,0,b,False,True,False,46.73718252,-119.1754125
1776,0.0,0.0,0.0127305532020715,0.0031920769182276,0.0,0.0,l2916617,PQ,1.0,1.0,1.0,7199.557856794634,1000000.0,0.95,1.05,0,0,b,False,True,False,46.73649702,-119.1771053
1777,0.0,0.0,0.0145906329463474,0.0036584745470492,0.0,0.0,l2801902,PQ,1.0,1.0,1.0,7199.557856794634,1000000.0,0.95,1.05,0,0,b,False,True,False,46.73433256,-119.1765265
1778,0.0,0.0,0.0088403835213786,0.0022166494701829,0.0,0.0,l3122835,PQ,1.0,1.0,1.0,7199.557856794634,1000000.0,0.95,1.05,0,0,b,False,True,False,46.73410218,-119.1784865
1779,0.0,0.0,0.0088403829893144,0.0022166486139834,0.0,0.0,l2804270,PQ,1.0,1.0,1.0,7199.557856794634,1000000.0,0.95,1.05,0,0,b,False,True,False,46.73308676,-119.1753897
1780,0.0,0.0,0.0058402530248125,0.0014643923176432,0.0,0.0,l3104145,PQ,1.0,1.0,1.0,7199.557856794634,1000000.0,0.95,1.05,0,0,b,False,True,False,46.73241338,-119.1766814
1781,0.0,0.0,0.0194508400175229,0.0048771241557647,0.0,0.0,l2691966,PQ,1.0,1.0,1.0,7199.557856794634,1000000.0,0.95,1.05,0,0,b,False,True,False,46.73136094,-119.1767906
1782,0.0,0.0,0.0058402518798651,0.0014643904686781,0.0,0.0,l3176660,PQ,1.0,1.0,1.0,7199.557856794634,1000000.0,0.95,1.05,0,0,b,False,True,False,46.72910848,-119.1752091
1783,0.0,0.0,0.0,0.0,0.0,0.0,n1136356,PQ,1.0,1.0,1.0,7199.557856794634,1000000.0,0.95,1.05,0,0,abc,False,False,False,46.7276346,-119.1721328
1784,0.0,0.0,0.0,0.0,0.0,0.0,m1069549,PQ,1.0,1.0,1.0,7199.557856794634,1000000.0,0.95,1.05,0,0,abc,False,False,False,46.72797514,-119.1719631
1785,0.0,0.0,0.0,0.0,0.0,0.0,m1069556,PQ,1.0,1.0,1.0,7199.557856794634,1000000.0,0.95,1.05,0,0,abc,False,False,False,46.72882094,-119.1719502
1786,0.0,0.0,0.0,0.0,0.0,0.0,m1069564,PQ,1.0,1.0,1.0,7199.557856794634,1000000.0,0.95,1.05,0,0,abc,False,False,False,46.7301144,-119.1719305
1787,0.00655029169619,0.0016423779899717,0.0,0.0,0.0,0.0,l3104144,PQ,1.0,1.0,1.0,7199.557856794634,1000000.0,0.95,1.05,0,0,a,False,True,False,46.72958466,-119.1721018
1788,0.0,0.0,0.0,0.0,0.0,0.0,n1136361,PQ,1.0,1.0,1.0,7199.557856794634,1000000.0,0.95,1.05,0,0,a,False,False,False,46.72998972,-119.1722662
1789,0.0053202369214794,0.0013339619745194,0.0,0.0,0.0,0.0,l3160114,PQ,1.0,1.0,1.0,7199.557856794634,1000000.0,0.95,1.05,0,0,a,False,True,False,46.72969976,-119.1730472
1790,0.0,0.0,0.0,0.0,0.0,0.0,p901933,PQ,1.0,1.0,1.0,7199.557856794634,1000000.0,0.95,1.05,0,0,a,False,False,False,46.73009012,-119.1718223
1791,0.0,0.0,0.0,0.0,0.0,0.0,m1069563,PQ,1.0,1.0,1.0,7199.557856794634,1000000.0,0.95,1.05,0,0,a,False,False,False,46.7300595,-119.1716858
1792,0.0,0.0,0.0,0.0,0.0,0.0,n1136362,PQ,1.0,1.0,1.0,7199.557856794634,1000000.0,0.95,1.05,0,0,a,False,False,False,46.72998868,-119.17137
1793,0.0088703950502778,0.0022241058348246,0.0,0.0,0.0,0.0,l3197652,PQ,1.0,1.0,1.0,7199.557856794634,1000000.0,0.95,1.05,0,0,a,False,True,False,46.72988706,-119.170917
1794,0.0088703950636999,0.002224105859128,0.0,0.0,0.0,0.0,l2748143,PQ,1.0,1.0,1.0,7199.557856794634,1000000.0,0.95,1.05,0,0,a,False,True,False,46.73005576,-119.1704347
1795,0.0118705287021753,0.0029763401139122,0.0,0.0,0.0,0.0,l3251854,PQ,1.0,1.0,1.0,7199.557856794634,1000000.0,0.95,1.05,0,0,a,False,True,False,46.73101406,-119.1704347
1796,0.0,0.0,0.0,0.0,0.0,0.0,n1136360,PQ,1.0,1.0,1.0,7199.557856794634,1000000.0,0.95,1.05,0,0,a,False,False,False,46.7302439,-119.1722223
1797,0.0053202369292955,0.0013339619902429,0.0,0.0,0.0,0.0,l2729424,PQ,1.0,1.0,1.0,7199.557856794634,1000000.0,0.95,1.05,0,0,a,False,True,False,46.73054416,-119.1728988
1798,0.0,0.0,0.0,0.0,0.0,0.0,n1136363,PQ,1.0,1.0,1.0,7199.557856794634,1000000.0,0.95,1.05,0,0,abc,False,False,False,46.73062782,-119.171928
1799,0.0,0.0,0.0,0.0,0.0,0.0,r18245,PQ,1.0,1.0,1.0,7199.557856794634,1000000.0,0.95,1.05,0,0,abc,False,False,False,46.73142998,-119.1719241
1800,0.0,0.0,0.0,0.0,0.0,0.0,e182746,PQ,1.0,1.0,1.0,7199.557856794634,1000000.0,0.95,1.05,0,0,abc,False,False,False,46.731888,-119.1719177
1801,0.0,0.0,0.0,0.0,0.0,0.0,p901932,PQ,1.0,1.0,1.0,7199.557856794634,1000000.0,0.95,1.05,0,0,c,False,False,False,46.72882106,-119.1720608
1802,0.0,0.0,0.0,0.0,0.0,0.0,n1136359,PQ,1.0,1.0,1.0,7199.557856794634,1000000.0,0.95,1.05,0,0,c,False,False,False,46.7288212,-119.1721461
1803,0.0,0.0,0.0,0.0,0.0101703004065037,0.0025497797454096,l3008237,PQ,1.0,1.0,1.0,7199.557856794634,1000000.0,0.95,1.05,0,0,c,False,True,False,46.72882186,-119.1726395
1804,0.0,0.0,0.0,0.0,0.0,0.0,p901931,PQ,1.0,1.0,1.0,7199.557856794634,1000000.0,0.95,1.05,0,0,c,False,False,False,46.72791086,-119.1719068
1805,0.0,0.0,0.0,0.0,0.0,0.0,m1069548,PQ,1.0,1.0,1.0,7199.557856794634,1000000.0,0.95,1.05,0,0,c,False,False,False,46.72785484,-119.1718577
1806,0.0,0.0,0.0,0.0,0.0,0.0,n1136357,PQ,1.0,1.0,1.0,7199.557856794634,1000000.0,0.95,1.05,0,0,c,False,False,False,46.72763948,-119.1716691
1807,0.0,0.0,0.0,0.0,0.0101703003359179,0.0025497798474498,l2897790,PQ,1.0,1.0,1.0,7199.557856794634,1000000.0,0.95,1.05,0,0,c,False,True,False,46.7271781,-119.171265
1808,0.0,0.0,0.0,0.0,0.0101703003511022,0.0025497798698625,l2935566,PQ,1.0,1.0,1.0,7199.557856794634,1000000.0,0.95,1.05,0,0,c,False,True,False,46.72641968,-119.1704716
1809,0.0,0.0,0.0,0.0,0.0,0.0,n1136358,PQ,1.0,1.0,1.0,7199.557856794634,1000000.0,0.95,1.05,0,0,c,False,False,False,46.7279568,-119.17212
1810,0.0,0.0,0.0,0.0,0.006100180131074,0.0015293664630056,l2729423,PQ,1.0,1.0,1.0,7199.557856794634,1000000.0,0.95,1.05,0,0,c,False,True,False,46.72791918,-119.1724425
1811,0.0,0.0,0.0,0.0,0.0,0.0,p901927,PQ,1.0,1.0,1.0,7199.557856794634,1000000.0,0.95,1.05,0,0,b,False,False,False,46.72247024,-119.1747959
1812,0.0,0.0,0.0,0.0,0.0,0.0,n1136353,PQ,1.0,1.0,1.0,7199.557856794634,1000000.0,0.95,1.05,0,0,b,False,False,False,46.72254494,-119.1745307
1813,0.0,0.0,0.0097304105681616,0.0024397990150117,0.0,0.0,l2820535,PQ,1.0,1.0,1.0,7199.557856794634,1000000.0,0.95,1.05,0,0,b,False,True,False,46.72259346,-119.1743586
1814,0.0,0.0,0.0,0.0,0.0,0.0,e182729,PQ,1.0,1.0,1.0,7199.557856794634,1000000.0,0.95,1.05,0,0,abc,False,False,False,46.71943204,-119.177475
1815,0.0,0.0,0.0,0.0,0.0,0.0,m1069518,PQ,1.0,1.0,1.0,7199.557856794634,1000000.0,0.95,1.05,0,0,abc,False,False,False,46.72239706,-119.18252
1816,0.0,0.0,0.0,0.0,0.0,0.0,n1136366,PQ,1.0,1.0,1.0,7199.557856794634,1000000.0,0.95,1.05,0,0,abc,False,False,False,46.72257568,-119.1823365
1817,0.0035501547129976,0.0008901465039883,0.0068902827408849,0.001727654277435,0.0070702175404556,0.0017725601658081,l2916620,PQ,1.0,1.0,1.0,7199.557856794634,1000000.0,0.95,1.05,0,0,abc,False,True,False,46.72262718,-119.1822836
1818,0.0,0.0,0.0,0.0,0.0,0.0,p827548,PQ,1.0,1.0,1.0,7199.557856794634,1000000.0,0.95,1.05,0,0,a,False,False,False,46.7213108,-119.1844259
1819,0.0,0.0,0.0,0.0,0.0,0.0,n1136368,PQ,1.0,1.0,1.0,7199.557856794634,1000000.0,0.95,1.05,0,0,a,False,False,False,46.72140608,-119.1844912
1820,0.0083203617622867,0.0020862034945946,0.0,0.0,0.0,0.0,l2897792,PQ,1.0,1.0,1.0,7199.557856794634,1000000.0,0.95,1.05,0,0,a,False,True,False,46.72149372,-119.1845512
1821,0.0118705162727722,0.0029763507100744,0.0,0.0,0.0,0.0,l2785538,PQ,1.0,1.0,1.0,7199.557856794634,1000000.0,0.95,1.05,0,0,a,False,True,False,46.72263132,-119.1854177
1822,0.0035501544291619,0.0008901470629734,0.0,0.0,0.0,0.0,l2897793,PQ,1.0,1.0,1.0,7199.557856794634,1000000.0,0.95,1.05,0,0,a,False,True,False,46.72344326,-119.1859739
1823,0.0,0.0,0.0,0.0,0.0,0.0,m1069521,PQ,1.0,1.0,1.0,7199.557856794634,1000000.0,0.95,1.05,0,0,a,False,False,False,46.72376608,-119.1861797
1824,0.0084806397034564,0.0021263910846336,0.0,0.0,0.0,0.0,l3254231,PQ,1.0,1.0,1.0,7199.557856794634,1000000.0,0.95,1.05,0,0,a,False,True,False,46.72386248,-119.1870269
1825,0.0,0.0,0.0,0.0,0.0,0.0,m1069524,PQ,1.0,1.0,1.0,7199.557856794634,1000000.0,0.95,1.05,0,0,a,False,False,False,46.72468348,-119.1874518
1826,0.0047702075502723,0.0011960568547672,0.0,0.0,0.0,0.0,l3254230,PQ,1.0,1.0,1.0,7199.557856794634,1000000.0,0.95,1.05,0,0,a,False,True,False,46.7246945,-119.1874671
1827,0.0,0.0,0.0,0.0,0.0,0.0,m1047711,PQ,1.0,1.0,1.0,7199.557856794634,1000000.0,0.95,1.05,0,0,a,False,False,False,46.72543812,-119.1888218
1828,0.0,0.0,0.0,0.0,0.0,0.0,m1047718,PQ,1.0,1.0,1.0,7199.557856794634,1000000.0,0.95,1.05,0,0,a,False,False,False,46.72657166,-119.189434
1829,0.0,0.0,0.0,0.0,0.0,0.0,m1047721,PQ,1.0,1.0,1.0,7199.557856794634,1000000.0,0.95,1.05,0,0,a,False,False,False,46.72734932,-119.1894711
1830,0.0,0.0,0.0,0.0,0.0,0.0,m1047723,PQ,1.0,1.0,1.0,7199.557856794634,1000000.0,0.95,1.05,0,0,a,False,False,False,46.72865702,-119.1899303
1831,0.0,0.0,0.0,0.0,0.0,0.0,m1047729,PQ,1.0,1.0,1.0,7199.557856794634,1000000.0,0.95,1.05,0,0,a,False,False,False,46.72982154,-119.190677
1832,0.0053202315948064,0.0013339671665103,0.0,0.0,0.0,0.0,l2973150,PQ,1.0,1.0,1.0,7199.557856794634,1000000.0,0.95,1.05,0,0,a,False,True,False,46.73047154,-119.1916603
1833,0.0,0.0,0.0,0.0,0.0,0.0,m1047733,PQ,1.0,1.0,1.0,7199.557856794634,1000000.0,0.95,1.05,0,0,a,False,False,False,46.73142326,-119.1928151
1834,0.0133005790627032,0.0033349180255361,0.0,0.0,0.0,0.0,l3066804,PQ,1.0,1.0,1.0,7199.557856794634,1000000.0,0.95,1.05,0,0,a,False,True,False,46.73289344,-119.193047
1835,0.0088703859599277,0.0022241141365458,0.0,0.0,0.0,0.0,l2820533,PQ,1.0,1.0,1.0,7199.557856794634,1000000.0,0.95,1.05,0,0,a,False,True,False,46.72529912,-119.1867129
1836,0.0,0.0,0.0,0.0,0.0,0.0,p827527,PQ,1.0,1.0,1.0,7199.557856794634,1000000.0,0.95,1.05,0,0,abc,False,False,False,46.71572562,-119.1907477
1837,0.0,0.0,0.0,0.0,0.0,0.0,n1136658,PQ,1.0,1.0,1.0,7199.557856794634,1000000.0,0.95,1.05,0,0,abc,False,False,False,46.71571116,-119.1906439
1838,0.0,0.0,0.0,0.0,0.0,0.0,m1047566,PQ,1.0,1.0,1.0,7199.557856794634,1000000.0,0.95,1.05,0,0,abc,False,False,False,46.71561,-119.1899191
1839,0.0,0.0,0.0,0.0,0.0,0.0,n1137995,PQ,1.0,1.0,1.0,7199.557856794634,1000000.0,0.95,1.05,0,0,a,False,False,False,46.71552476,-119.1898977
1840,0.0088703793622005,0.0022241146726555,0.0,0.0,0.0,0.0,l3141401,PQ,1.0,1.0,1.0,7199.557856794634,1000000.0,0.95,1.05,0,0,a,False,True,False,46.7151667,-119.1898076
1841,0.0,0.0,0.0,0.0,0.0,0.0,n1136659,PQ,1.0,1.0,1.0,7199.557856794634,1000000.0,0.95,1.05,0,0,a,False,False,False,46.71525826,-119.1922638
1842,0.0133005671177246,0.0033349183746588,0.0,0.0,0.0,0.0,l3104129,PQ,1.0,1.0,1.0,7199.557856794634,1000000.0,0.95,1.05,0,0,a,False,True,False,46.71639478,-119.193086
1843,0.0,0.0,0.0,0.0,0.0,0.0,n1136664,PQ,1.0,1.0,1.0,7199.557856794634,1000000.0,0.95,1.05,0,0,a,False,False,False,46.7129899,-119.1968786
1844,0.013300561629174,0.0033349183491997,0.0,0.0,0.0,0.0,l3085401,PQ,1.0,1.0,1.0,7199.557856794634,1000000.0,0.95,1.05,0,0,a,False,True,False,46.71310534,-119.196895
1845,0.0,0.0,0.0,0.0,0.0,0.0,m1047pv-1,PQ,1.0,1.0,1.0,7199.557856794634,1000000.0,0.95,1.05,0,0,abc,False,False,False,46.7115588,-119.1968171
1846,0.0,0.0,0.0,0.0,0.0,0.0,m1047pv-2,PQ,1.0,1.0,1.0,7199.557856794634,1000000.0,0.95,1.05,0,0,abc,False,False,False,46.71090542,-119.1960339
1847,0.0,0.0,0.0,0.0,0.0,0.0,m1047pv-3,PQ,1.0,1.0,1.0,7199.557856794634,1000000.0,0.95,1.05,0,0,abc,False,False,False,46.71025202,-119.1944673
1848,0.0,0.0,0.0,0.0,0.0,0.0,n1136665,PQ,1.0,1.0,1.0,7199.557856794634,1000000.0,0.95,1.05,0,0,a,False,False,False,46.71276034,-119.1984584
1849,0.005320223920087,0.0013339672882139,0.0,0.0,0.0,0.0,l2685809,PQ,1.0,1.0,1.0,7199.557856794634,1000000.0,0.95,1.05,0,0,a,False,True,False,46.71255126,-119.1980113
1850,0.0,0.0,0.0,0.0,0.0,0.0,p901913,PQ,1.0,1.0,1.0,7199.557856794634,1000000.0,0.95,1.05,0,0,c,False,False,False,46.71102202,-119.2033945
1851,0.0,0.0,0.0,0.0,0.0061001929940062,0.0015293584858158,l3157708,PQ,1.0,1.0,1.0,7199.557856794634,1000000.0,0.95,1.05,0,0,c,False,True,False,46.71093752,-119.2030118
1852,0.0,0.0,0.0,0.0,0.0,0.0,n1137991,PQ,1.0,1.0,1.0,7199.557856794634,1000000.0,0.95,1.05,0,0,c,False,False,False,46.71088582,-119.2027778
1853,0.0,0.0,0.0,0.0,0.0,0.0,m4113345,PQ,1.0,1.0,1.0,7199.557856794634,1000000.0,0.95,1.05,0,0,c,False,False,False,46.71072704,-119.2020591
1854,0.0,0.0,0.0,0.0,0.00707022370108,0.0017725515970312,l3197640,PQ,1.0,1.0,1.0,7199.557856794634,1000000.0,0.95,1.05,0,0,c,False,True,False,46.71043206,-119.2007236
1855,0.0,0.0,0.0097303664270738,0.0024397131750837,0.0,0.0,l2820531,PQ,1.0,1.0,1.0,7199.557856794634,1000000.0,0.95,1.05,0,0,abc,False,True,False,46.7103969,-119.2038545
1856,0.0,0.0,0.0,0.0,0.0,0.0,d5742811-3_int,PQ,1.0,1.0,1.0,7199.557856794634,1000000.0,0.95,1.05,0,0,abc,False,False,False,46.71029558,-119.2037622
1857,0.0,0.0,0.0,0.0,0.0,0.0,n1137992,PQ,1.0,1.0,1.0,7199.557856794634,1000000.0,0.95,1.05,0,0,abc,False,False,False,46.70999362,-119.2034335
1858,0.0,0.0,0.0,0.0,0.0,0.0,196-29520,PQ,1.0,1.0,1.0,7199.557856794634,1000000.0,0.95,1.05,0,0,abc,False,False,False,46.7099447,-119.2033824
1859,0.0,0.0,0.0097303662311275,0.0024397133919333,0.0,0.0,l3160109,PQ,1.0,1.0,1.0,7199.557856794634,1000000.0,0.95,1.05,0,0,abc,False,True,False,46.70924798,-119.202655
1860,0.0,0.0,0.0,0.0,0.0,0.0,m1047497,PQ,1.0,1.0,1.0,7199.557856794634,1000000.0,0.95,1.05,0,0,abc,False,False,False,46.70843968,-119.2018934
1861,0.0,0.0,0.0058402196883737,0.0014643296022271,0.0,0.0,l3104136,PQ,1.0,1.0,1.0,7199.557856794634,1000000.0,0.95,1.05,0,0,abc,False,True,False,46.7081809,-119.2016468
1862,0.0,0.0,0.0097303656708572,0.0024397136539085,0.0,0.0,l2822872,PQ,1.0,1.0,1.0,7199.557856794634,1000000.0,0.95,1.05,0,0,abc,False,True,False,46.70667714,-119.1999999
1863,0.0,0.0,0.0,0.0,0.0,0.0,m1047490,PQ,1.0,1.0,1.0,7199.557856794634,1000000.0,0.95,1.05,0,0,abc,False,False,False,46.70537938,-119.1996703
1864,0.0088703637524947,0.0022241082275514,0.0,0.0,0.0,0.0,l2726973,PQ,1.0,1.0,1.0,7199.557856794634,1000000.0,0.95,1.05,0,0,abc,False,True,False,46.70463306,-119.1988099
1865,0.0,0.0,0.0,0.0,0.0,0.0,m1047485,PQ,1.0,1.0,1.0,7199.557856794634,1000000.0,0.95,1.05,0,0,abc,False,False,False,46.70397248,-119.1975952
1866,0.0,0.0,0.0127304794931001,0.003191938083536,0.0,0.0,l3122821,PQ,1.0,1.0,1.0,7199.557856794634,1000000.0,0.95,1.05,0,0,abc,False,True,False,46.7031868,-119.1943578
1867,0.0,0.0,0.0,0.0,0.0,0.0,m1047486,PQ,1.0,1.0,1.0,7199.557856794634,1000000.0,0.95,1.05,0,0,abc,False,False,False,46.70397606,-119.1921928
1868,0.0,0.0,0.0,0.0,0.0,0.0,p827502,PQ,1.0,1.0,1.0,7199.557856794634,1000000.0,0.95,1.05,0,0,a,False,False,False,46.7038301,-119.1921881
1869,0.0,0.0,0.0,0.0,0.0,0.0,n1137993,PQ,1.0,1.0,1.0,7199.557856794634,1000000.0,0.95,1.05,0,0,a,False,False,False,46.70349712,-119.1921775
1870,0.0088703634638497,0.0022241097499069,0.0,0.0,0.0,0.0,l2860482,PQ,1.0,1.0,1.0,7199.557856794634,1000000.0,0.95,1.05,0,0,a,False,True,False,46.70257816,-119.1921482
1871,0.0053202180413931,0.0013339644599842,0.0,0.0,0.0,0.0,l3254204,PQ,1.0,1.0,1.0,7199.557856794634,1000000.0,0.95,1.05,0,0,a,False,True,False,46.69378298,-119.1913662
1872,0.0,0.0,0.0,0.0,0.0,0.0,m1047484,PQ,1.0,1.0,1.0,7199.557856794634,1000000.0,0.95,1.05,0,0,abc,False,False,False,46.70350048,-119.1905822
1873,0.0,0.0,0.0097303674632375,0.0024397138257647,0.0,0.0,l3010560,PQ,1.0,1.0,1.0,7199.557856794634,1000000.0,0.95,1.05,0,0,abc,False,True,False,46.70310826,-119.1896857
1874,0.0,0.0,0.0,0.0,0.0,0.0,m1047483,PQ,1.0,1.0,1.0,7199.557856794634,1000000.0,0.95,1.05,0,0,abc,False,False,False,46.70287326,-119.1892032
1875,0.0,0.0,0.0,0.0,0.0,0.0,p827505,PQ,1.0,1.0,1.0,7199.557856794634,1000000.0,0.95,1.05,0,0,c,False,False,False,46.70276294,-119.1892253
1876,0.0,0.0,0.0,0.0,0.0,0.0,n1137958,PQ,1.0,1.0,1.0,7199.557856794634,1000000.0,0.95,1.05,0,0,c,False,False,False,46.70269846,-119.1892386
1877,0.0,0.0,0.0,0.0,0.0,0.0,m1047478,PQ,1.0,1.0,1.0,7199.557856794634,1000000.0,0.95,1.05,0,0,c,False,False,False,46.70144904,-119.1894974
1878,0.0,0.0,0.0,0.0,0.0091002937138084,0.0022815064533957,l2766716,PQ,1.0,1.0,1.0,7199.557856794634,1000000.0,0.95,1.05,0,0,c,False,True,False,46.70084436,-119.1895682
1879,0.0,0.0,0.0,0.0,0.0061001968917749,0.0015293614839198,l3235245,PQ,1.0,1.0,1.0,7199.557856794634,1000000.0,0.95,1.05,0,0,c,False,True,False,46.70083504,-119.1907447
1880,0.0,0.0,0.0,0.0,0.0152604925246776,0.0038259107854449,l3254209,PQ,1.0,1.0,1.0,7199.557856794634,1000000.0,0.95,1.05,0,0,c,False,True,False,46.70166366,-119.1899463
1881,0.0,0.0,0.0,0.0,0.0,0.0,m1047480,PQ,1.0,1.0,1.0,7199.557856794634,1000000.0,0.95,1.05,0,0,abc,False,False,False,46.70222126,-119.1880859
1882,0.0,0.0,0.0,0.0,0.0,0.0,p827504,PQ,1.0,1.0,1.0,7199.557856794634,1000000.0,0.95,1.05,0,0,a,False,False,False,46.70238304,-119.1879915
1883,0.0,0.0,0.0,0.0,0.0,0.0,n1137957,PQ,1.0,1.0,1.0,7199.557856794634,1000000.0,0.95,1.05,0,0,a,False,False,False,46.70250152,-119.1879224
1884,0.0185352458721318,0.0046474342703936,0.0,0.0,0.0,0.0,l3104119,PQ,1.0,1.0,1.0,7199.557856794634,1000000.0,0.95,1.05,0,0,a,False,True,False,46.70306728,-119.1875921
1885,0.0,0.0,0.0,0.0,0.0,0.0,m1069483,PQ,1.0,1.0,1.0,7199.557856794634,1000000.0,0.95,1.05,0,0,abc,False,False,False,46.70125468,-119.1865142
1886,0.0,0.0,0.0,0.0,0.0,0.0,p827503,PQ,1.0,1.0,1.0,7199.557856794634,1000000.0,0.95,1.05,0,0,c,False,False,False,46.70133644,-119.1864106
1887,0.0,0.0,0.0,0.0,0.0,0.0,n1137994,PQ,1.0,1.0,1.0,7199.557856794634,1000000.0,0.95,1.05,0,0,c,False,False,False,46.7016397,-119.1860265
1888,0.0,0.0,0.0,0.0,0.0,0.0,m1069484,PQ,1.0,1.0,1.0,7199.557856794634,1000000.0,0.95,1.05,0,0,c,False,False,False,46.70219352,-119.1853251
1889,0.0,0.0,0.0,0.0,0.007070229011773,0.0017725564341467,l2785517,PQ,1.0,1.0,1.0,7199.557856794634,1000000.0,0.95,1.05,0,0,c,False,True,False,46.70344164,-119.1838041
1890,0.0,0.0,0.0,0.0,0.0101703296567046,0.0025497738910323,l3066809,PQ,1.0,1.0,1.0,7199.557856794634,1000000.0,0.95,1.05,0,0,c,False,True,False,46.70451188,-119.1826679
1891,0.0,0.0,0.0,0.0,0.0,0.0,m1069487,PQ,1.0,1.0,1.0,7199.557856794634,1000000.0,0.95,1.05,0,0,c,False,False,False,46.70526934,-119.1820648
1892,0.0,0.0,0.0,0.0,0.0131704271421867,0.0033019199469627,l2954344,PQ,1.0,1.0,1.0,7199.557856794634,1000000.0,0.95,1.05,0,0,c,False,True,False,46.70514224,-119.1809003
1893,0.0,0.0,0.0,0.0,0.010170329869252,0.0025497742112885,l2897767,PQ,1.0,1.0,1.0,7199.557856794634,1000000.0,0.95,1.05,0,0,c,False,True,False,46.70506308,-119.1800331
1894,0.0,0.0,0.0,0.0,0.0131704272242993,0.0033019200675009,l3254208,PQ,1.0,1.0,1.0,7199.557856794634,1000000.0,0.95,1.05,0,0,c,False,True,False,46.70519882,-119.1778102
1895,0.0,0.0,0.0,0.0,0.0,0.0,m1069488,PQ,1.0,1.0,1.0,7199.557856794634,1000000.0,0.95,1.05,0,0,c,False,False,False,46.7072155,-119.1821032
1896,0.0,0.0,0.0,0.0,0.0,0.0,m1069489,PQ,1.0,1.0,1.0,7199.557856794634,1000000.0,0.95,1.05,0,0,c,False,False,False,46.70826354,-119.1821168
1897,0.0,0.0,0.0,0.0,0.0152604953021282,0.0038259154130564,l2933120,PQ,1.0,1.0,1.0,7199.557856794634,1000000.0,0.95,1.05,0,0,c,False,True,False,46.70931872,-119.1821333
1898,0.0,0.0,0.0,0.0,0.0152604955111426,0.0038259157198545,l3104117,PQ,1.0,1.0,1.0,7199.557856794634,1000000.0,0.95,1.05,0,0,c,False,True,False,46.71034118,-119.1790083
1899,0.0,0.0,0.0,0.0,0.0,0.0,m1069494,PQ,1.0,1.0,1.0,7199.557856794634,1000000.0,0.95,1.05,0,0,c,False,False,False,46.7121306,-119.1788058
1900,0.0,0.0,0.0,0.0,0.0101703302740554,0.0025497748231446,l2745806,PQ,1.0,1.0,1.0,7199.557856794634,1000000.0,0.95,1.05,0,0,c,False,True,False,46.7121323,-119.1777615
1901,0.0,0.0,0.0,0.0,0.0101703299842425,0.002549774405148,l2748125,PQ,1.0,1.0,1.0,7199.557856794634,1000000.0,0.95,1.05,0,0,c,False,True,False,46.70724912,-119.181128
1902,0.0,0.0,0.0,0.0,0.0061001979309328,0.0015293632244807,l2673303,PQ,1.0,1.0,1.0,7199.557856794634,1000000.0,0.95,1.05,0,0,c,False,True,False,46.70724808,-119.1802038
1903,0.0,0.0,0.0,0.0,0.0,0.0,m1069481,PQ,1.0,1.0,1.0,7199.557856794634,1000000.0,0.95,1.05,0,0,abc,False,False,False,46.70075092,-119.1858838
1904,0.0,0.0,0.0,0.0,0.0,0.0,l2745848,PQ,1.0,1.0,1.0,7199.557856794634,1000000.0,0.95,1.05,0,0,abc,False,False,False,46.7004879,-119.1855484
1905,0.0,0.0,0.014590552296763,0.0036583177831819,0.0,0.0,l2673308,PQ,1.0,1.0,1.0,7199.557856794634,1000000.0,0.95,1.05,0,0,abc,False,True,False,46.69991406,-119.184842
1906,0.0,0.0,0.0097303683825295,0.0024397146439326,0.0,0.0,l2991939,PQ,1.0,1.0,1.0,7199.557856794634,1000000.0,0.95,1.05,0,0,abc,False,True,False,46.69861002,-119.1837115
1907,0.0,0.0,0.0097303683970679,0.0024397148555115,0.0,0.0,l3216367,PQ,1.0,1.0,1.0,7199.557856794634,1000000.0,0.95,1.05,0,0,abc,False,True,False,46.69744388,-119.1829204
1908,0.0,0.0,0.0,0.0,0.0,0.0,m1069468,PQ,1.0,1.0,1.0,7199.557856794634,1000000.0,0.95,1.05,0,0,abc,False,False,False,46.69692892,-119.1825731
1909,0.0,0.0,0.0,0.0,0.0,0.0,p827506,PQ,1.0,1.0,1.0,7199.557856794634,1000000.0,0.95,1.05,0,0,a,False,False,False,46.69694448,-119.1824284
1910,0.0,0.0,0.0,0.0,0.0,0.0,m1069469,PQ,1.0,1.0,1.0,7199.557856794634,1000000.0,0.95,1.05,0,0,a,False,False,False,46.69695728,-119.1823086
1911,0.0,0.0,0.0,0.0,0.0,0.0,n1139263,PQ,1.0,1.0,1.0,7199.557856794634,1000000.0,0.95,1.05,0,0,a,False,False,False,46.6969724,-119.182168
1912,0.008870363513695,0.0022241108922979,0.0,0.0,0.0,0.0,l3048227,PQ,1.0,1.0,1.0,7199.557856794634,1000000.0,0.95,1.05,0,0,a,False,True,False,46.69701978,-119.1817265
1913,0.0,0.0,0.0,0.0,0.0,0.0,m1069467,PQ,1.0,1.0,1.0,7199.557856794634,1000000.0,0.95,1.05,0,0,a,False,False,False,46.6968456,-119.1825791
1914,0.0,0.0,0.0,0.0,0.0,0.0,m1069466,PQ,1.0,1.0,1.0,7199.557856794634,1000000.0,0.95,1.05,0,0,a,False,False,False,46.6966268,-119.1826022
1915,0.0,0.0,0.0,0.0,0.0,0.0,n1139264,PQ,1.0,1.0,1.0,7199.557856794634,1000000.0,0.95,1.05,0,0,a,False,False,False,46.69659888,-119.1830411
1916,0.0,0.0,0.0,0.0,0.0,0.0,m1069465,PQ,1.0,1.0,1.0,7199.557856794634,1000000.0,0.95,1.05,0,0,a,False,False,False,46.69653928,-119.1838382
1917,0.0083203409999769,0.0020862010315346,0.0,0.0,0.0,0.0,l3010561,PQ,1.0,1.0,1.0,7199.557856794634,1000000.0,0.95,1.05,0,0,a,False,True,False,46.69638156,-119.1851269
1918,0.0,0.0,0.0,0.0,0.0,0.0,m1069464,PQ,1.0,1.0,1.0,7199.557856794634,1000000.0,0.95,1.05,0,0,abc,False,False,False,46.69613728,-119.1817553
1919,0.0,0.0,0.0,0.0,0.0,0.0,m1069461,PQ,1.0,1.0,1.0,7199.557856794634,1000000.0,0.95,1.05,0,0,abc,False,False,False,46.69513942,-119.1810746
1920,0.0,0.0,0.0137305199126852,0.0034426812996308,0.0,0.0,l2876798,PQ,1.0,1.0,1.0,7199.557856794634,1000000.0,0.95,1.05,0,0,abc,False,True,False,46.69503186,-119.1802448
1921,0.0,0.0,0.0,0.0,0.0,0.0,d5803273-1_int,PQ,1.0,1.0,1.0,7199.557856794634,1000000.0,0.95,1.05,0,0,abc,False,False,False,46.69478842,-119.1798462
1922,0.0,0.0,0.0,0.0,0.0,0.0,p827574,PQ,1.0,1.0,1.0,7199.557856794634,1000000.0,0.95,1.05,0,0,a,False,False,False,46.69504106,-119.1811654
1923,0.0053202181103132,0.0013339651255991,0.0,0.0,0.0,0.0,l3160123,PQ,1.0,1.0,1.0,7199.557856794634,1000000.0,0.95,1.05,0,0,a,False,True,False,46.69434198,-119.1817878
1924,0.0088703636724672,0.002224111068584,0.0,0.0,0.0,0.0,l2897805,PQ,1.0,1.0,1.0,7199.557856794634,1000000.0,0.95,1.05,0,0,a,False,True,False,46.69330718,-119.1827537
1925,0.0,0.0,0.0,0.0,0.0,0.0,p873787,PQ,1.0,1.0,1.0,7199.557856794634,1000000.0,0.95,1.05,0,0,b,False,False,False,46.69604824,-119.1817599
1926,0.0,0.0,0.0,0.0,0.0,0.0,m1069463,PQ,1.0,1.0,1.0,7199.557856794634,1000000.0,0.95,1.05,0,0,b,False,False,False,46.6958395,-119.181776
1927,0.0,0.0,0.0,0.0,0.0,0.0,m1069462,PQ,1.0,1.0,1.0,7199.557856794634,1000000.0,0.95,1.05,0,0,b,False,False,False,46.69582356,-119.1818111
1928,0.0,0.0,0.0097303684539901,0.0024397150914328,0.0,0.0,l3216342,PQ,1.0,1.0,1.0,7199.557856794634,1000000.0,0.95,1.05,0,0,b,False,True,False,46.69561862,-119.1822632
1929,0.0,0.0,0.0097303684671497,0.0024397151107056,0.0,0.0,l2879063,PQ,1.0,1.0,1.0,7199.557856794634,1000000.0,0.95,1.05,0,0,b,False,True,False,46.6951652,-119.1831734
1930,0.0,0.0,0.0,0.0,0.0,0.0,p827507,PQ,1.0,1.0,1.0,7199.557856794634,1000000.0,0.95,1.05,0,0,c,False,False,False,46.70063336,-119.1859752
1931,0.0,0.0,0.0,0.0,0.0,0.0,n1137956,PQ,1.0,1.0,1.0,7199.557856794634,1000000.0,0.95,1.05,0,0,c,False,False,False,46.70049866,-119.1860799
1932,0.0,0.0,0.0,0.0,0.006100197258881,0.0015293622135184,l3141396,PQ,1.0,1.0,1.0,7199.557856794634,1000000.0,0.95,1.05,0,0,c,False,True,False,46.69988962,-119.1865534
1933,0.0,0.0,0.0,0.0,0.0061001972745418,0.0015293622489767,l3066808,PQ,1.0,1.0,1.0,7199.557856794634,1000000.0,0.95,1.05,0,0,c,False,True,False,46.69811478,-119.188292
1934,0.0163006678730045,0.0040871463247732,0.0,0.0,0.0,0.0,l3177665,PQ,1.0,1.0,1.0,7199.557856794634,1000000.0,0.95,1.05,0,0,a,False,True,False,46.70397502,-119.1925061
1935,0.0,0.0,0.0,0.0,0.0,0.0,p1164481,PQ,1.0,1.0,1.0,7199.557856794634,1000000.0,0.95,1.05,0,0,a,False,False,False,46.70491926,-119.1995764
1936,0.0118704872180329,0.0029763435374744,0.0,0.0,0.0,0.0,l3729297,PQ,1.0,1.0,1.0,7199.557856794634,1000000.0,0.95,1.05,0,0,a,False,True,False,46.7044848,-119.2003216
1937,0.0133005462084505,0.0033349094431986,0.0,0.0,0.0,0.0,l3729298,PQ,1.0,1.0,1.0,7199.557856794634,1000000.0,0.95,1.05,0,0,a,False,True,False,46.7042535,-119.2013574
1938,0.0088703644480157,0.0022241090808482,0.0,0.0,0.0,0.0,l3727707,PQ,1.0,1.0,1.0,7199.557856794634,1000000.0,0.95,1.05,0,0,a,False,True,False,46.70423802,-119.2023781
1939,0.0053202186753598,0.0013339641106636,0.0,0.0,0.0,0.0,l3727708,PQ,1.0,1.0,1.0,7199.557856794634,1000000.0,0.95,1.05,0,0,a,False,True,False,46.70347456,-119.2026077
1940,0.0,0.0,0.0,0.0,0.0,0.0,m3949157,PQ,1.0,1.0,1.0,7199.557856794634,1000000.0,0.95,1.05,0,0,a,False,False,False,46.70340692,-119.2026391
1941,0.0118704881626176,0.0029763451520435,0.0,0.0,0.0,0.0,l3728037,PQ,1.0,1.0,1.0,7199.557856794634,1000000.0,0.95,1.05,0,0,a,False,True,False,46.70196928,-119.2031775
1942,0.0,0.0,0.0,0.0,0.0,0.0,m3949154,PQ,1.0,1.0,1.0,7199.557856794634,1000000.0,0.95,1.05,0,0,a,False,False,False,46.70048752,-119.2031936
1943,0.0133005472527348,0.0033349111988482,0.0,0.0,0.0,0.0,l3728042,PQ,1.0,1.0,1.0,7199.557856794634,1000000.0,0.95,1.05,0,0,a,False,True,False,46.70072622,-119.2019725
1944,0.0133005472773334,0.0033349112345095,0.0,0.0,0.0,0.0,l3728043,PQ,1.0,1.0,1.0,7199.557856794634,1000000.0,0.95,1.05,0,0,a,False,True,False,46.70056858,-119.2008556
1945,0.0088703649396077,0.0022241099036952,0.0,0.0,0.0,0.0,l3728038,PQ,1.0,1.0,1.0,7199.557856794634,1000000.0,0.95,1.05,0,0,a,False,True,False,46.7005208,-119.2032447
1946,0.0161406718752978,0.0040470296058135,0.0,0.0,0.0,0.0,l3728039,PQ,1.0,1.0,1.0,7199.557856794634,1000000.0,0.95,1.05,0,0,a,False,True,False,46.70120856,-119.2043204
1947,0.0133005473338639,0.0033349113513957,0.0,0.0,0.0,0.0,l3728040,PQ,1.0,1.0,1.0,7199.557856794634,1000000.0,0.95,1.05,0,0,a,False,True,False,46.70176698,-119.2051083
1948,0.0088703650341722,0.0022241100689211,0.0,0.0,0.0,0.0,l3728041,PQ,1.0,1.0,1.0,7199.557856794634,1000000.0,0.95,1.05,0,0,a,False,True,False,46.7020571,-119.2056604
1949,0.0083203420188772,0.0020861995725005,0.0,0.0,0.0,0.0,l3727711,PQ,1.0,1.0,1.0,7199.557856794634,1000000.0,0.95,1.05,0,0,a,False,True,False,46.70285354,-119.2021228
1950,0.0088703646369536,0.0022241094192986,0.0,0.0,0.0,0.0,l3727712,PQ,1.0,1.0,1.0,7199.557856794634,1000000.0,0.95,1.05,0,0,a,False,True,False,46.70286508,-119.2013937
1951,0.013300546754803,0.0033349103776777,0.0,0.0,0.0,0.0,l3727709,PQ,1.0,1.0,1.0,7199.557856794634,1000000.0,0.95,1.05,0,0,a,False,True,False,46.7037165,-119.2036538
1952,0.0133005467816802,0.0033349104166458,0.0,0.0,0.0,0.0,l3727710,PQ,1.0,1.0,1.0,7199.557856794634,1000000.0,0.95,1.05,0,0,a,False,True,False,46.7041162,-119.204796
1953,0.0,0.0,0.0,0.0,0.0,0.0,p901912,PQ,1.0,1.0,1.0,7199.557856794634,1000000.0,0.95,1.05,0,0,b,False,False,False,46.70832904,-119.2019255
1954,0.0,0.0,0.0,0.0,0.0,0.0,l3195365,PQ,1.0,1.0,1.0,7199.557856794634,1000000.0,0.95,1.05,0,0,b,False,False,False,46.70780894,-119.2020749
1955,0.0,0.0,0.0,0.0,0.0,0.0,n1140520,PQ,1.0,1.0,1.0,7199.557856794634,1000000.0,0.95,1.05,0,0,c,False,False,False,46.70790974,-119.20909
1956,0.0,0.0,0.0,0.0,0.0501715529350208,0.0125782722933673,l2729410,PQ,1.0,1.0,1.0,7199.557856794634,1000000.0,0.95,1.05,0,0,c,False,True,False,46.70791004,-119.2087007
1957,0.0,0.0,0.0,0.0,0.0,0.0,n1140820,PQ,1.0,1.0,1.0,7199.557856794634,1000000.0,0.95,1.05,0,0,b,False,False,False,46.69374404,-119.2229788
1958,0.0,0.0,0.0058401839896247,0.0014642543084666,0.0,0.0,l3189189,PQ,1.0,1.0,1.0,7199.557856794634,1000000.0,0.95,1.05,0,0,b,False,True,False,46.69317414,-119.2231667
1959,0.0,0.0,0.0,0.0,0.0,0.0,n1140823,PQ,1.0,1.0,1.0,7199.557856794634,1000000.0,0.95,1.05,0,0,abc,False,False,False,46.69457762,-119.2228921
1960,0.0088702959705227,0.0022240102893271,0.0097303065784331,0.0024395881736122,0.0152604225576354,0.0038257908503403,l2851933,PQ,1.0,1.0,1.0,7199.557856794634,1000000.0,0.95,1.05,0,0,abc,False,True,False,46.69544142,-119.2229147
1961,0.0177405919818419,0.0044480206424559,0.0291809194311653,0.0073162573025729,0.0203405632478167,0.0050993830934401,l3207907,PQ,1.0,1.0,1.0,7199.557856794634,1000000.0,0.95,1.05,0,0,abc,False,True,False,46.69576846,-119.2230151
1962,0.0,0.0,0.0,0.0,0.0,0.0,m3037441,PQ,1.0,1.0,1.0,7199.557856794634,1000000.0,0.95,1.05,0,0,abc,False,False,False,46.695802,-119.2230254
1963,0.0,0.0,0.0,0.0,0.0,0.0,n1140824,PQ,1.0,1.0,1.0,7199.557856794634,1000000.0,0.95,1.05,0,0,a,False,False,False,46.69593264,-119.2224922
1964,0.0053201775687295,0.0013339048179106,0.0,0.0,0.0,0.0,l3226771,PQ,1.0,1.0,1.0,7199.557856794634,1000000.0,0.95,1.05,0,0,a,False,True,False,46.69705216,-119.2207373
1965,0.0088702960884247,0.0022240105430537,0.0,0.0,0.0,0.0,l3189190,PQ,1.0,1.0,1.0,7199.557856794634,1000000.0,0.95,1.05,0,0,a,False,True,False,46.69852938,-119.2219327
1966,0.0,0.0,0.0,0.0,0.0,0.0,p827561,PQ,1.0,1.0,1.0,7199.557856794634,1000000.0,0.95,1.05,0,0,c,False,False,False,46.69453576,-119.2264465
1967,0.0,0.0,0.0,0.0,0.0,0.0,m1026705,PQ,1.0,1.0,1.0,7199.557856794634,1000000.0,0.95,1.05,0,0,c,False,False,False,46.69444234,-119.2264173
1968,0.0,0.0,0.0,0.0,0.0,0.0,n1140829,PQ,1.0,1.0,1.0,7199.557856794634,1000000.0,0.95,1.05,0,0,c,False,False,False,46.69434536,-119.226387
1969,0.0,0.0,0.0,0.0,0.0,0.0,m1026703,PQ,1.0,1.0,1.0,7199.557856794634,1000000.0,0.95,1.05,0,0,c,False,False,False,46.69426806,-119.2263628
1970,0.0,0.0,0.0,0.0,0.0101702751733396,0.0025496829009854,l2973166,PQ,1.0,1.0,1.0,7199.557856794634,1000000.0,0.95,1.05,0,0,c,False,True,False,46.69322472,-119.2263948
1971,0.0,0.0,0.0,0.0,0.004070110118249,0.0010203745662759,l2710532,PQ,1.0,1.0,1.0,7199.557856794634,1000000.0,0.95,1.05,0,0,c,False,True,False,46.69484464,-119.2262392
1972,0.0,0.0,0.0,0.0,0.0,0.0,p827560,PQ,1.0,1.0,1.0,7199.557856794634,1000000.0,0.95,1.05,0,0,a,False,False,False,46.6942654,-119.2273777
1973,0.0,0.0,0.0,0.0,0.0,0.0,n1147866,PQ,1.0,1.0,1.0,7199.557856794634,1000000.0,0.95,1.05,0,0,a,False,False,False,46.69444622,-119.2274735
1974,0.0,0.0,0.0,0.0,0.0,0.0,m1026713,PQ,1.0,1.0,1.0,7199.557856794634,1000000.0,0.95,1.05,0,0,a,False,False,False,46.69485906,-119.2276847
1975,0.0035501135363206,0.0008900981044924,0.0,0.0,0.0,0.0,l2785530,PQ,1.0,1.0,1.0,7199.557856794634,1000000.0,0.95,1.05,0,0,a,False,True,False,46.69488376,-119.2286205
1976,0.0083202661468983,0.0020860892068398,0.0,0.0,0.0,0.0,l2822868,PQ,1.0,1.0,1.0,7199.557856794634,1000000.0,0.95,1.05,0,0,a,False,True,False,46.69493796,-119.2305977
1977,0.0088702837615012,0.0022239917859214,0.0,0.0,0.0,0.0,l2766723,PQ,1.0,1.0,1.0,7199.557856794634,1000000.0,0.95,1.05,0,0,a,False,True,False,46.69496082,-119.2316052
1978,0.0088702837715853,0.0022239918089387,0.0,0.0,0.0,0.0,l3122822,PQ,1.0,1.0,1.0,7199.557856794634,1000000.0,0.95,1.05,0,0,a,False,True,False,46.69565804,-119.231095
1979,0.0053201701290605,0.0013338934607948,0.0,0.0,0.0,0.0,l2860504,PQ,1.0,1.0,1.0,7199.557856794634,1000000.0,0.95,1.05,0,0,a,False,True,False,46.69491612,-119.2274674
1980,0.0088702837320668,0.0022239916842565,0.0,0.0,0.0,0.0,l2860493,PQ,1.0,1.0,1.0,7199.557856794634,1000000.0,0.95,1.05,0,0,a,False,True,False,46.69789138,-119.2275488
1981,0.0118703797182235,0.0029761873268508,0.0,0.0,0.0,0.0,l3085403,PQ,1.0,1.0,1.0,7199.557856794634,1000000.0,0.95,1.05,0,0,a,False,True,False,46.6991434,-119.2275509
1982,0.0,0.0,0.0,0.0,0.0,0.0,l3047060,PQ,1.0,1.0,1.0,7199.557856794634,1000000.0,0.95,1.05,0,0,abc,False,False,False,46.69217484,-119.2325867
1983,0.0,0.0,0.0,0.0,0.0,0.0,l3047059,PQ,1.0,1.0,1.0,7199.557856794634,1000000.0,0.95,1.05,0,0,abc,False,False,False,46.69348162,-119.233631
1984,0.0133004036962443,0.0033346964160055,0.0,0.0,0.0,0.0,l3047058,PQ,1.0,1.0,1.0,7199.557856794634,1000000.0,0.95,1.05,0,0,abc,False,True,False,46.69491544,-119.2343615
1985,0.0,0.0,0.0,0.0,0.0,0.0,m1026732,PQ,1.0,1.0,1.0,7199.557856794634,1000000.0,0.95,1.05,0,0,abc,False,False,False,46.6960205,-119.2347855
1986,0.0088702700483916,0.0022239668782257,0.0,0.0,0.0,0.0,l2766747,PQ,1.0,1.0,1.0,7199.557856794634,1000000.0,0.95,1.05,0,0,abc,False,True,False,46.69650362,-119.2349709
1987,0.0053201625956337,0.0013338787089187,0.0,0.0,0.0,0.0,l2858163,PQ,1.0,1.0,1.0,7199.557856794634,1000000.0,0.95,1.05,0,0,abc,False,True,False,46.69869482,-119.2358314
1988,0.0083202550625522,0.0020860659499736,0.0,0.0,0.0,0.0,l3216346,PQ,1.0,1.0,1.0,7199.557856794634,1000000.0,0.95,1.05,0,0,abc,False,True,False,46.70016138,-119.2372363
1989,0.0,0.0,0.0,0.0,0.0,0.0,m1026767,PQ,1.0,1.0,1.0,7199.557856794634,1000000.0,0.95,1.05,0,0,abc,False,False,False,46.700769,-119.237437
1990,0.0088702722460812,0.0022239670432733,0.0,0.0,0.0,0.0,l3029500,PQ,1.0,1.0,1.0,7199.557856794634,1000000.0,0.95,1.05,0,0,a,False,True,False,46.70061858,-119.2349102
1991,0.0,0.0,0.0,0.0,0.0,0.0,m1026764,PQ,1.0,1.0,1.0,7199.557856794634,1000000.0,0.95,1.05,0,0,a,False,False,False,46.70066602,-119.233348
1992,0.0053201633089347,0.0013338788197001,0.0,0.0,0.0,0.0,l3178976,PQ,1.0,1.0,1.0,7199.557856794634,1000000.0,0.95,1.05,0,0,a,False,True,False,46.70197088,-119.2334541
1993,0.0,0.0,0.0,0.0,0.0,0.0,m1026779,PQ,1.0,1.0,1.0,7199.557856794634,1000000.0,0.95,1.05,0,0,a,False,False,False,46.70326252,-119.2335541
1994,0.0053201633202206,0.0013338788455453,0.0,0.0,0.0,0.0,l2973169,PQ,1.0,1.0,1.0,7199.557856794634,1000000.0,0.95,1.05,0,0,a,False,True,False,46.70397018,-119.2348698
1995,0.0,0.0,0.0,0.0,0.0,0.0,m1009698,PQ,1.0,1.0,1.0,7199.557856794634,1000000.0,0.95,1.05,0,0,abc,False,False,False,46.7015245,-119.2384826
1996,0.003550109122377,0.0008900881764427,0.0,0.0,0.0,0.0,l3156034,PQ,1.0,1.0,1.0,7199.557856794634,1000000.0,0.95,1.05,0,0,a,False,True,False,46.70086448,-119.2381333
1997,0.008870272678929,0.0022239668568749,0.0,0.0,0.0,0.0,l3066821,PQ,1.0,1.0,1.0,7199.557856794634,1000000.0,0.95,1.05,0,0,a,False,True,False,46.7007615,-119.2391446
1998,0.0,0.0,0.0,0.0,0.0,0.0,m1009691,PQ,1.0,1.0,1.0,7199.557856794634,1000000.0,0.95,1.05,0,0,a,False,False,False,46.7007896,-119.2402316
1999,0.0088702727047376,0.0022239669159669,0.0,0.0,0.0,0.0,l2748140,PQ,1.0,1.0,1.0,7199.557856794634,1000000.0,0.95,1.05,0,0,a,False,True,False,46.70120528,-119.2403575
2000,0.005320163566212,0.0013338787025501,0.0,0.0,0.0,0.0,l3141412,PQ,1.0,1.0,1.0,7199.557856794634,1000000.0,0.95,1.05,0,0,a,False,True,False,46.70088888,-119.2416435
2001,0.0,0.0,0.0,0.0,0.0,0.0,m1009705,PQ,1.0,1.0,1.0,7199.557856794634,1000000.0,0.95,1.05,0,0,abc,False,False,False,46.70219352,-119.2383701
2002,0.0,0.0,0.0,0.0,0.0,0.0,m1009715,PQ,1.0,1.0,1.0,7199.557856794634,1000000.0,0.95,1.05,0,0,abc,False,False,False,46.70334188,-119.2383946
2003,0.0,0.0,0.0,0.0,0.0,0.0,m1009720,PQ,1.0,1.0,1.0,7199.557856794634,1000000.0,0.95,1.05,0,0,abc,False,False,False,46.70374816,-119.2383667
2004,0.0,0.0,0.0,0.0,0.0,0.0,m1009724,PQ,1.0,1.0,1.0,7199.557856794634,1000000.0,0.95,1.05,0,0,abc,False,False,False,46.70439314,-119.2384707
2005,0.0,0.0,0.0,0.0,0.0,0.0,m1009726,PQ,1.0,1.0,1.0,7199.557856794634,1000000.0,0.95,1.05,0,0,abc,False,False,False,46.70543194,-119.2384245
2006,0.0088702737863379,0.0022239653791158,0.0,0.0,0.0,0.0,l3101789,PQ,1.0,1.0,1.0,7199.557856794634,1000000.0,0.95,1.05,0,0,a,False,True,False,46.70565054,-119.2378077
2007,0.0,0.0,0.0,0.0,0.0,0.0,p901972,PQ,1.0,1.0,1.0,7199.557856794634,1000000.0,0.95,1.05,0,0,abc,False,False,False,46.7066612,-119.2388831
2008,0.0,0.0,0.0,0.0,0.0,0.0,m1009742,PQ,1.0,1.0,1.0,7199.557856794634,1000000.0,0.95,1.05,0,0,abc,False,False,False,46.70682942,-119.2388465
2009,0.0,0.0,0.0,0.0,0.0,0.0,n1147857,PQ,1.0,1.0,1.0,7199.557856794634,1000000.0,0.95,1.05,0,0,abc,False,False,False,46.70754484,-119.2384666
2010,0.0,0.0,0.0,0.0,0.0,0.0,m1009770,PQ,1.0,1.0,1.0,7199.557856794634,1000000.0,0.95,1.05,0,0,abc,False,False,False,46.70764996,-119.2384108
2011,0.0088702744032329,0.0022239643225873,0.0,0.0,0.0,0.0,l2689691,PQ,1.0,1.0,1.0,7199.557856794634,1000000.0,0.95,1.05,0,0,abc,False,True,False,46.70759942,-119.2393629
2012,0.0,0.0,0.0,0.0,0.0,0.0,m1009763,PQ,1.0,1.0,1.0,7199.557856794634,1000000.0,0.95,1.05,0,0,abc,False,False,False,46.70739112,-119.240763
2013,0.0,0.0,0.0038901203406859,0.0009753249587562,0.0,0.0,l2673322,PQ,1.0,1.0,1.0,7199.557856794634,1000000.0,0.95,1.05,0,0,b,False,True,False,46.70782934,-119.240596
2014,0.0,0.0,0.0097303010153337,0.0024395660412254,0.0,0.0,l2859391,PQ,1.0,1.0,1.0,7199.557856794634,1000000.0,0.95,1.05,0,0,b,False,True,False,46.70822786,-119.2412941
2015,0.0,0.0,0.0,0.0,0.0,0.0,e182733,PQ,1.0,1.0,1.0,7199.557856794634,1000000.0,0.95,1.05,0,0,abc,False,False,False,46.70671908,-119.2419282
2016,0.0,0.0,0.0058401806624875,0.0014642410646244,0.0,0.0,l2766730,PQ,1.0,1.0,1.0,7199.557856794634,1000000.0,0.95,1.05,0,0,b,False,True,False,46.70703554,-119.2407773
2017,0.0,0.0,0.0,0.0,0.0,0.0,m1009771,PQ,1.0,1.0,1.0,7199.557856794634,1000000.0,0.95,1.05,0,0,b,False,False,False,46.70765152,-119.2382636
2018,0.0,0.0,0.0038901203102922,0.0009753248836786,0.0,0.0,l2914323,PQ,1.0,1.0,1.0,7199.557856794634,1000000.0,0.95,1.05,0,0,b,False,True,False,46.70766512,-119.2369847
2019,0.0,0.0,0.0,0.0,0.0,0.0,m1009784,PQ,1.0,1.0,1.0,7199.557856794634,1000000.0,0.95,1.05,0,0,abc,False,False,False,46.70851692,-119.2383392
2020,0.0,0.0,0.0,0.0,0.0,0.0,d5621886-1_int,PQ,1.0,1.0,1.0,7199.557856794634,1000000.0,0.95,1.05,0,0,abc,False,False,False,46.71003422,-119.2378242
2021,0.0,0.0,0.0,0.0,0.0,0.0,m1009805,PQ,1.0,1.0,1.0,7199.557856794634,1000000.0,0.95,1.05,0,0,abc,False,False,False,46.71204998,-119.2378258
2022,0.0,0.0,0.0,0.0,0.0,0.0,m1009807,PQ,1.0,1.0,1.0,7199.557856794634,1000000.0,0.95,1.05,0,0,abc,False,False,False,46.71292178,-119.237673
2023,0.0,0.0,0.0,0.0,0.0,0.0,m1026824,PQ,1.0,1.0,1.0,7199.557856794634,1000000.0,0.95,1.05,0,0,abc,False,False,False,46.71560456,-119.2372769
2024,0.0,0.0,0.0,0.0,0.0,0.0,m1026829,PQ,1.0,1.0,1.0,7199.557856794634,1000000.0,0.95,1.05,0,0,abc,False,False,False,46.7175529,-119.2370358
2025,0.0,0.0,0.0,0.0,0.0,0.0,n1147859,PQ,1.0,1.0,1.0,7199.557856794634,1000000.0,0.95,1.05,0,0,b,False,False,False,46.7175548,-119.2372144
2026,0.0,0.0,0.0,0.0,0.0,0.0,p827573,PQ,1.0,1.0,1.0,7199.557856794634,1000000.0,0.95,1.05,0,0,b,False,False,False,46.71755608,-119.2373304
2027,0.0,0.0,0.0097303094109257,0.0024395788842265,0.0,0.0,l2710542,PQ,1.0,1.0,1.0,7199.557856794634,1000000.0,0.95,1.05,0,0,b,False,True,False,46.71757584,-119.2376904
2028,0.0,0.0,0.0097303096274682,0.002439579260356,0.0,0.0,l2729430,PQ,1.0,1.0,1.0,7199.557856794634,1000000.0,0.95,1.05,0,0,b,False,True,False,46.7176066,-119.2382951
2029,0.0,0.0,0.0,0.0,0.0,0.0,d6017316-1_int,PQ,1.0,1.0,1.0,7199.557856794634,1000000.0,0.95,1.05,0,0,b,False,False,False,46.71787492,-119.2385918
2030,0.0,0.0,0.0058401862272558,0.0014642496869145,0.0,0.0,l2766742,PQ,1.0,1.0,1.0,7199.557856794634,1000000.0,0.95,1.05,0,0,b,False,True,False,46.7179813,-119.2401013
2031,0.0,0.0,0.0,0.0,0.0,0.0,m1009820,PQ,1.0,1.0,1.0,7199.557856794634,1000000.0,0.95,1.05,0,0,b,False,False,False,46.71814936,-119.2416341
2032,0.0,0.0,0.0097303112587469,0.0024395820948692,0.0,0.0,l3254234,PQ,1.0,1.0,1.0,7199.557856794634,1000000.0,0.95,1.05,0,0,b,False,True,False,46.71826556,-119.2429947
2033,0.0,0.0,0.0127304078358699,0.0031917667395365,0.0,0.0,l3104114,PQ,1.0,1.0,1.0,7199.557856794634,1000000.0,0.95,1.05,0,0,b,False,True,False,46.7183495,-119.2444106
2034,0.0,0.0,0.0,0.0,0.0,0.0,m1009824,PQ,1.0,1.0,1.0,7199.557856794634,1000000.0,0.95,1.05,0,0,b,False,False,False,46.71837808,-119.2453616
2035,0.0,0.0,0.0058401872816495,0.0014642515225148,0.0,0.0,l2822857,PQ,1.0,1.0,1.0,7199.557856794634,1000000.0,0.95,1.05,0,0,b,False,True,False,46.71767016,-119.2450091
2036,0.0,0.0,0.0097303121645528,0.0024395836750948,0.0,0.0,l2954338,PQ,1.0,1.0,1.0,7199.557856794634,1000000.0,0.95,1.05,0,0,b,False,True,False,46.71838632,-119.2458877
2037,0.0,0.0,0.0,0.0,0.0,0.0,m1009828,PQ,1.0,1.0,1.0,7199.557856794634,1000000.0,0.95,1.05,0,0,b,False,False,False,46.71844086,-119.2474134
2038,0.0,0.0,0.0058401876071078,0.0014642520907225,0.0,0.0,l2766715,PQ,1.0,1.0,1.0,7199.557856794634,1000000.0,0.95,1.05,0,0,b,False,True,False,46.71937742,-119.2477391
2039,0.0,0.0,0.0097303127408281,0.0024395846786243,0.0,0.0,l3254206,PQ,1.0,1.0,1.0,7199.557856794634,1000000.0,0.95,1.05,0,0,b,False,True,False,46.71838012,-119.2481184
2040,0.0,0.0,0.0,0.0,0.0,0.0,m1009827,PQ,1.0,1.0,1.0,7199.557856794634,1000000.0,0.95,1.05,0,0,b,False,False,False,46.7184239,-119.248965
2041,0.0,0.0,0.0,0.0,0.0,0.0,m1009832,PQ,1.0,1.0,1.0,7199.557856794634,1000000.0,0.95,1.05,0,0,b,False,False,False,46.71877134,-119.2503987
2042,0.0,0.0,0.0,0.0,0.0,0.0,m1009838,PQ,1.0,1.0,1.0,7199.557856794634,1000000.0,0.95,1.05,0,0,b,False,False,False,46.71977398,-119.2515057
2043,0.0,0.0,0.0058401882984782,0.0014642532603932,0.0,0.0,l2801896,PQ,1.0,1.0,1.0,7199.557856794634,1000000.0,0.95,1.05,0,0,b,False,True,False,46.7200316,-119.2522543
2044,0.0,0.0,0.0,0.0,0.0,0.0,m1009839,PQ,1.0,1.0,1.0,7199.557856794634,1000000.0,0.95,1.05,0,0,b,False,False,False,46.71996382,-119.2535487
2045,0.0,0.0,0.005840188447998,0.0014642534910922,0.0,0.0,l2673326,PQ,1.0,1.0,1.0,7199.557856794634,1000000.0,0.95,1.05,0,0,b,False,True,False,46.7206636,-119.254279
2046,0.0,0.0,0.009730314044749,0.0024395868310555,0.0,0.0,l2691938,PQ,1.0,1.0,1.0,7199.557856794634,1000000.0,0.95,1.05,0,0,b,False,True,False,46.72066382,-119.2550375
2047,0.0,0.0,0.0,0.0,0.0,0.0,m1009840,PQ,1.0,1.0,1.0,7199.557856794634,1000000.0,0.95,1.05,0,0,b,False,False,False,46.72012002,-119.2554245
2048,0.0,0.0,0.0127304110092123,0.0031917720789148,0.0,0.0,l3216338,PQ,1.0,1.0,1.0,7199.557856794634,1000000.0,0.95,1.05,0,0,b,False,True,False,46.71881572,-119.2551085
2049,0.0,0.0,0.0097303141602753,0.0024395870020472,0.0,0.0,l2973146,PQ,1.0,1.0,1.0,7199.557856794634,1000000.0,0.95,1.05,0,0,b,False,True,False,46.71797856,-119.2551031
2050,0.0,0.0,0.0097303141640266,0.0024395870075861,0.0,0.0,l2991901,PQ,1.0,1.0,1.0,7199.557856794634,1000000.0,0.95,1.05,0,0,b,False,True,False,46.72011078,-119.2563638
2051,0.0,0.0,0.0,0.0,0.0,0.0,m3037537,PQ,1.0,1.0,1.0,7199.557856794634,1000000.0,0.95,1.05,0,0,b,False,False,False,46.72087766,-119.2641528
2052,0.0,0.0,0.0133084437089487,0.0033366972643001,0.0,0.0,l2911069,PQ,1.0,1.0,1.0,7199.557856794634,1000000.0,0.95,1.05,0,0,b,False,True,False,46.72083692,-119.2641619
2053,0.0,0.0,0.0157303205149007,0.0039439111260779,0.0,0.0,l2948732,PQ,1.0,1.0,1.0,7199.557856794634,1000000.0,0.95,1.05,0,0,b,False,True,False,46.71781438,-119.2651493
2054,0.0,0.0,0.0132448955886521,0.0033207645299443,0.0,0.0,l3231269,PQ,1.0,1.0,1.0,7199.557856794634,1000000.0,0.95,1.05,0,0,b,False,True,False,46.72275468,-119.2646328
2055,0.0,0.0,0.0,0.0,0.0,0.0,m1009843,PQ,1.0,1.0,1.0,7199.557856794634,1000000.0,0.95,1.05,0,0,b,False,False,False,46.72068934,-119.2524845
2056,0.0,0.0,0.0132821292360979,0.0033300983910521,0.0,0.0,l3251806,PQ,1.0,1.0,1.0,7199.557856794634,1000000.0,0.95,1.05,0,0,b,False,True,False,46.72034448,-119.252932
2057,0.0,0.0,0.0145904705402181,0.0036581260941009,0.0,0.0,l3160108,PQ,1.0,1.0,1.0,7199.557856794634,1000000.0,0.95,1.05,0,0,b,False,True,False,46.72112826,-119.2516609
2058,0.0,0.0,0.0058401883614443,0.0014642533829493,0.0,0.0,l3029510,PQ,1.0,1.0,1.0,7199.557856794634,1000000.0,0.95,1.05,0,0,b,False,True,False,46.72155678,-119.2507974
2059,0.0,0.0,0.0097303138635418,0.0024395866081815,0.0,0.0,l2729409,PQ,1.0,1.0,1.0,7199.557856794634,1000000.0,0.95,1.05,0,0,b,False,True,False,46.72128882,-119.2489727
2060,0.0,0.0,0.0058401883898296,0.001464253438008,0.0,0.0,l2841624,PQ,1.0,1.0,1.0,7199.557856794634,1000000.0,0.95,1.05,0,0,b,False,True,False,46.72098154,-119.2475326
2061,0.0,0.0,0.0,0.0,0.0,0.0,m1009855,PQ,1.0,1.0,1.0,7199.557856794634,1000000.0,0.95,1.05,0,0,b,False,False,False,46.721644,-119.2533211
2062,0.0,0.0,0.0088402851056618,0.0022164383143702,0.0,0.0,l2748139,PQ,1.0,1.0,1.0,7199.557856794634,1000000.0,0.95,1.05,0,0,b,False,True,False,46.7220799,-119.2523277
2063,0.0,0.0,0.012730410584913,0.0031917714789579,0.0,0.0,l2991927,PQ,1.0,1.0,1.0,7199.557856794634,1000000.0,0.95,1.05,0,0,b,False,True,False,46.72330016,-119.2530337
2064,0.0,0.0,0.0097303136407454,0.0024395862069202,0.0,0.0,l2804245,PQ,1.0,1.0,1.0,7199.557856794634,1000000.0,0.95,1.05,0,0,b,False,True,False,46.71983402,-119.2508101
2065,0.0,0.0,0.003890125254415,0.0009753328004564,0.0,0.0,l2860479,PQ,1.0,1.0,1.0,7199.557856794634,1000000.0,0.95,1.05,0,0,b,False,True,False,46.71906972,-119.2498952
2066,0.0,0.0,0.0,0.0,0.0,0.0,m1009834,PQ,1.0,1.0,1.0,7199.557856794634,1000000.0,0.95,1.05,0,0,b,False,False,False,46.71902634,-119.2511474
2067,0.0,0.0,0.0088402846518008,0.0022164375481684,0.0,0.0,l3178969,PQ,1.0,1.0,1.0,7199.557856794634,1000000.0,0.95,1.05,0,0,b,False,True,False,46.71902642,-119.2511476
2068,0.0,0.0,0.0058401880568483,0.0014642528743762,0.0,0.0,l2729401,PQ,1.0,1.0,1.0,7199.557856794634,1000000.0,0.95,1.05,0,0,b,False,True,False,46.71935128,-119.252401
2069,0.0,0.0,0.0,0.0,0.0,0.0,m3019248,PQ,1.0,1.0,1.0,7199.557856794634,1000000.0,0.95,1.05,0,0,b,False,False,False,46.71632094,-119.2485416
2070,0.0,0.0,0.0,0.0,0.0,0.0,m3021569,PQ,1.0,1.0,1.0,7199.557856794634,1000000.0,0.95,1.05,0,0,b,False,False,False,46.71501416,-119.2485419
2071,0.0,0.0,0.0058401878648757,0.0014642525533879,0.0,0.0,l3315860,PQ,1.0,1.0,1.0,7199.557856794634,1000000.0,0.95,1.05,0,0,b,False,True,False,46.713481,-119.2496581
2072,0.0,0.0,0.0097303120604018,0.0024395834955888,0.0,0.0,l2691939,PQ,1.0,1.0,1.0,7199.557856794634,1000000.0,0.95,1.05,0,0,b,False,True,False,46.71932402,-119.2453321
2073,0.0,0.0,0.0088402835386928,0.0022164356131123,0.0,0.0,l2860478,PQ,1.0,1.0,1.0,7199.557856794634,1000000.0,0.95,1.05,0,0,b,False,True,False,46.72021176,-119.2454047
2074,0.0,0.0,0.0097303120969371,0.0024395835601529,0.0,0.0,l2822858,PQ,1.0,1.0,1.0,7199.557856794634,1000000.0,0.95,1.05,0,0,b,False,True,False,46.72112028,-119.2453549
2075,0.0,0.0,0.0,0.0,0.0,0.0,m1026834,PQ,1.0,1.0,1.0,7199.557856794634,1000000.0,0.95,1.05,0,0,abc,False,False,False,46.71832454,-119.237049
2076,0.0,0.0,0.0,0.0,0.0,0.0,n1147860,PQ,1.0,1.0,1.0,7199.557856794634,1000000.0,0.95,1.05,0,0,c,False,False,False,46.71832454,-119.2372018
2077,0.0,0.0,0.0,0.0,0.0101702509731071,0.0025496732370076,l3177881,PQ,1.0,1.0,1.0,7199.557856794634,1000000.0,0.95,1.05,0,0,c,False,True,False,46.71832458,-119.237519
2078,0.0065502043214148,0.0016422702523314,0.0,0.0,0.0,0.0,l2876814,PQ,1.0,1.0,1.0,7199.557856794634,1000000.0,0.95,1.05,0,0,abc,False,True,False,46.71946568,-119.2370686
2079,0.0,0.0,0.0,0.0,0.0,0.0,m1026844,PQ,1.0,1.0,1.0,7199.557856794634,1000000.0,0.95,1.05,0,0,abc,False,False,False,46.71950814,-119.2370691
2080,0.0,0.0,0.0,0.0,0.0,0.0,n1147861,PQ,1.0,1.0,1.0,7199.557856794634,1000000.0,0.95,1.05,0,0,c,False,False,False,46.71953058,-119.2371963
2081,0.0,0.0,0.0,0.0,0.0101702510472803,0.0025496733214851,l3122818,PQ,1.0,1.0,1.0,7199.557856794634,1000000.0,0.95,1.05,0,0,c,False,True,False,46.71971162,-119.2382222
2082,0.0,0.0,0.0,0.0,0.0,0.0,m1026866,PQ,1.0,1.0,1.0,7199.557856794634,1000000.0,0.95,1.05,0,0,abc,False,False,False,46.7214197,-119.2373122
2083,0.0,0.0,0.0,0.0,0.0,0.0,n1147862,PQ,1.0,1.0,1.0,7199.557856794634,1000000.0,0.95,1.05,0,0,a,False,False,False,46.72139636,-119.2371221
2084,0.0088702767137319,0.0022239599679354,0.0,0.0,0.0,0.0,l2685805,PQ,1.0,1.0,1.0,7199.557856794634,1000000.0,0.95,1.05,0,0,a,False,True,False,46.72121036,-119.2356074
2085,0.0,0.0,0.0,0.0,0.0,0.0,m1026876,PQ,1.0,1.0,1.0,7199.557856794634,1000000.0,0.95,1.05,0,0,abc,False,False,False,46.7229192,-119.2374225
2086,0.0,0.0,0.0,0.0,0.0,0.0,p827514,PQ,1.0,1.0,1.0,7199.557856794634,1000000.0,0.95,1.05,0,0,abc,False,False,False,46.72300352,-119.2373964
2087,0.0,0.0,0.0097303093180298,0.0024395784872849,0.0,0.0,l3160102,PQ,1.0,1.0,1.0,7199.557856794634,1000000.0,0.95,1.05,0,0,abc,False,True,False,46.72385102,-119.2371322
2088,0.0,0.0,0.0,0.0,0.0,0.0,m1026891,PQ,1.0,1.0,1.0,7199.557856794634,1000000.0,0.95,1.05,0,0,abc,False,False,False,46.72496366,-119.2364566
2089,0.0,0.0,0.0,0.0,0.0,0.0,n1147863,PQ,1.0,1.0,1.0,7199.557856794634,1000000.0,0.95,1.05,0,0,c,False,False,False,46.7250594,-119.2365704
2090,0.0,0.0,0.0,0.0,0.0061001506301108,0.0015293027667393,l3122817,PQ,1.0,1.0,1.0,7199.557856794634,1000000.0,0.95,1.05,0,0,c,False,True,False,46.725104,-119.2366234
2091,0.0,0.0,0.0,0.0,0.0040701005043317,0.0010203708669231,l2673314,PQ,1.0,1.0,1.0,7199.557856794634,1000000.0,0.95,1.05,0,0,c,False,True,False,46.72562136,-119.2373503
2092,0.0,0.0,0.0,0.0,0.0,0.0,d5653457-1_int,PQ,1.0,1.0,1.0,7199.557856794634,1000000.0,0.95,1.05,0,0,abc,False,False,False,46.72528004,-119.2362419
2093,0.0,0.0,0.0,0.0,0.0,0.0,p859694,PQ,1.0,1.0,1.0,7199.557856794634,1000000.0,0.95,1.05,0,0,c,False,False,False,46.71563332,-119.2373872
2094,0.0,0.0,0.0,0.0,0.0101702521547163,0.0025496730517915,l2746587,PQ,1.0,1.0,1.0,7199.557856794634,1000000.0,0.95,1.05,0,0,c,False,True,False,46.71569208,-119.2376538
2095,0.0,0.0,0.0,0.0,0.0,0.0,n1147858,PQ,1.0,1.0,1.0,7199.557856794634,1000000.0,0.95,1.05,0,0,c,False,False,False,46.71577536,-119.2380318
2096,0.0,0.0,0.0,0.0,0.0203405044455591,0.0050993463075997,l2991933,PQ,1.0,1.0,1.0,7199.557856794634,1000000.0,0.95,1.05,0,0,c,False,True,False,46.71596842,-119.2389078
2097,0.0,0.0,0.0,0.0,0.0152603785255873,0.00382576335836,l3122837,PQ,1.0,1.0,1.0,7199.557856794634,1000000.0,0.95,1.05,0,0,c,False,True,False,46.71625246,-119.2402932
2098,0.0,0.0,0.0,0.0,0.0152603785866243,0.0038257634498376,l3048222,PQ,1.0,1.0,1.0,7199.557856794634,1000000.0,0.95,1.05,0,0,c,False,True,False,46.71678368,-119.2427967
2099,0.0,0.0,0.0,0.0,0.0131703282994073,0.0033017880613867,l2673323,PQ,1.0,1.0,1.0,7199.557856794634,1000000.0,0.95,1.05,0,0,c,False,True,False,46.71321898,-119.239353
2100,0.0,0.0,0.0,0.0,0.0,0.0,m1009809,PQ,1.0,1.0,1.0,7199.557856794634,1000000.0,0.95,1.05,0,0,c,False,False,False,46.71341182,-119.2405566
2101,0.0,0.0,0.0,0.0,0.0101702535450987,0.0025496723735407,l2710525,PQ,1.0,1.0,1.0,7199.557856794634,1000000.0,0.95,1.05,0,0,c,False,True,False,46.71381226,-119.2420276
2102,0.0118703657914196,0.0029761530061112,0.0,0.0,0.0,0.0,l3178982,PQ,1.0,1.0,1.0,7199.557856794634,1000000.0,0.95,1.05,0,0,a,False,True,False,46.70382038,-119.2400272
2103,0.0053201638673128,0.0013338782666012,0.0,0.0,0.0,0.0,l3010563,PQ,1.0,1.0,1.0,7199.557856794634,1000000.0,0.95,1.05,0,0,a,False,True,False,46.70262986,-119.2386173
2104,0.0053201638711353,0.0013338782753515,0.0,0.0,0.0,0.0,l2841623,PQ,1.0,1.0,1.0,7199.557856794634,1000000.0,0.95,1.05,0,0,a,False,True,False,46.70262964,-119.2396714
2105,0.0,0.0,0.0,0.0,0.0,0.0,m1026734,PQ,1.0,1.0,1.0,7199.557856794634,1000000.0,0.95,1.05,0,0,a,False,False,False,46.69608578,-119.2359387
2106,0.0118703610959421,0.0029761540946656,0.0,0.0,0.0,0.0,l3065696,PQ,1.0,1.0,1.0,7199.557856794634,1000000.0,0.95,1.05,0,0,a,False,True,False,46.69582492,-119.2370447
2107,0.0,0.0,0.0,0.0,0.0061001549135871,0.0015292954889205,l3197642,PQ,1.0,1.0,1.0,7199.557856794634,1000000.0,0.95,1.05,0,0,c,False,True,False,46.68887518,-119.2332475
2108,0.0,0.0,0.0,0.0,0.0,0.0,n1140831,PQ,1.0,1.0,1.0,7199.557856794634,1000000.0,0.95,1.05,0,0,c,False,False,False,46.68925692,-119.2343063
2109,0.0,0.0,0.0,0.0,0.0101702564756327,0.0025496590289882,l3141402,PQ,1.0,1.0,1.0,7199.557856794634,1000000.0,0.95,1.05,0,0,c,False,True,False,46.69100284,-119.2343125
2110,0.0,0.0,0.0,0.0,0.0,0.0,n1141473,PQ,1.0,1.0,1.0,7199.557856794634,1000000.0,0.95,1.05,0,0,a,False,False,False,46.68858808,-119.234297
2111,0.018450960208698,0.0046260231022503,0.0,0.0,0.0,0.0,l3216350,PQ,1.0,1.0,1.0,7199.557856794634,1000000.0,0.95,1.05,0,0,a,False,True,False,46.68799888,-119.2342742
2112,0.0,0.0,0.0,0.0,0.0,0.0,n1140832,PQ,1.0,1.0,1.0,7199.557856794634,1000000.0,0.95,1.05,0,0,c,False,False,False,46.6888754,-119.2344138
2113,0.0,0.0,0.0,0.0,0.0131703321067313,0.0033017707988957,l2841631,PQ,1.0,1.0,1.0,7199.557856794634,1000000.0,0.95,1.05,0,0,c,False,True,False,46.68913544,-119.2347349
2114,0.0,0.0,0.0,0.0,0.0,0.0,n1141474,PQ,1.0,1.0,1.0,7199.557856794634,1000000.0,0.95,1.05,0,0,a,False,False,False,46.68642608,-119.237429
2115,0.0088702420368047,0.0022239303809986,0.0,0.0,0.0,0.0,l2710518,PQ,1.0,1.0,1.0,7199.557856794634,1000000.0,0.95,1.05,0,0,a,False,True,False,46.68624304,-119.2370874
2116,0.0,0.0,0.0,0.0,0.0,0.0,hvmv69sub1_hsb,PQ,1.0,1.0,1.0,39837.16857408418,1000000.0,0.95,1.05,0,0,abc,False,False,False,46.69391722,-119.0727987
2117,0.0,0.0,0.0,0.0,0.0,0.0,regxfmr_hvmv11sub1_lsb,PQ,1.0,1.0,1.0,7199.557856794634,1000000.0,0.95,1.05,0,0,abc,False,False,False,46.69348162,-119.0733209
2118,0.0,0.0,0.0,0.0,0.0,0.0,hvmv11sub1_lsb,PQ,1.0,1.0,1.0,7199.557856794634,1000000.0,0.95,1.05,0,0,abc,False,False,False,46.69304604,-119.0738431
2119,0.0,0.0,0.0,0.0,0.0,0.0,hvmv_sub1_48332,PQ,1.0,1.0,1.0,7199.557856794634,1000000.0,0.95,1.05,0,0,abc,False,False,False,46.69261044,-119.0743653
2120,0.0,0.0,0.0,0.0,0.0,0.0,d5710794-3_int,PQ,1.0,1.0,1.0,7199.557856794634,1000000.0,0.95,1.05,0,0,abc,False,False,False,46.69217484,-119.0748875
2121,0.0,0.0,0.0,0.0,0.0,0.0,e192860,PQ,1.0,1.0,1.0,7199.557856794634,1000000.0,0.95,1.05,0,0,abc,False,False,False,46.69173926,-119.0754097
2122,0.0,0.0,0.0,0.0,0.0,0.0,m1209817,PQ,1.0,1.0,1.0,7199.557856794634,1000000.0,0.95,1.05,0,0,abc,False,False,False,46.69164238,-119.0758362
2123,0.0,0.0,0.0,0.0,0.0070701198079164,0.0017723605896394,l2801909,PQ,1.0,1.0,1.0,7199.557856794634,1000000.0,0.95,1.05,0,0,abc,False,True,False,46.69128624,-119.0759062
2124,0.0,0.0,0.0,0.0,0.0,0.0,m1209814,PQ,1.0,1.0,1.0,7199.557856794634,1000000.0,0.95,1.05,0,0,abc,False,False,False,46.69030928,-119.0760983
2125,0.0,0.0,0.0,0.0,0.0,0.0,m1209811,PQ,1.0,1.0,1.0,7199.557856794634,1000000.0,0.95,1.05,0,0,abc,False,False,False,46.68880242,-119.0764049
2126,0.0,0.0,0.0,0.0,0.0,0.0,m1209807,PQ,1.0,1.0,1.0,7199.557856794634,1000000.0,0.95,1.05,0,0,abc,False,False,False,46.68707638,-119.0767661
2127,0.0,0.0,0.0,0.0,0.0,0.0,m1209805,PQ,1.0,1.0,1.0,7199.557856794634,1000000.0,0.95,1.05,0,0,abc,False,False,False,46.6870583,-119.0775224
2128,0.0037700605758995,0.0009451148810896,0.0,0.0,0.0,0.0,l2823592,PQ,1.0,1.0,1.0,7199.557856794634,1000000.0,0.95,1.05,0,0,abc,False,True,False,46.68625512,-119.0790532
2129,0.0,0.0,0.0,0.0,0.0,0.0,l2823592_cap,PQ,1.0,1.0,1.0,7199.557856794634,1000000.0,0.95,1.05,0,0,abc,False,False,False,46.68625,-119.079055
2130,0.0,0.0,0.0,0.0,0.0,0.0,r20185,PQ,1.0,1.0,1.0,7199.557856794634,1000000.0,0.95,1.05,0,0,abc,False,False,False,46.68625238,-119.0790649
2131,0.0,0.0,0.0,0.0,0.0,0.0,d5513564-1_int,PQ,1.0,1.0,1.0,7199.557856794634,1000000.0,0.95,1.05,0,0,abc,False,False,False,46.68585872,-119.079326
2132,0.0,0.0,0.0,0.0,0.0,0.0,e192201,PQ,1.0,1.0,1.0,7199.557856794634,1000000.0,0.95,1.05,0,0,abc,False,False,False,46.68576734,-119.0800287
2133,0.0,0.0,0.0,0.0,0.0,0.0,m1209800,PQ,1.0,1.0,1.0,7199.557856794634,1000000.0,0.95,1.05,0,0,abc,False,False,False,46.68533204,-119.0808273
2134,0.0,0.0,0.0,0.0,0.0,0.0,l2839332,PQ,1.0,1.0,1.0,7199.557856794634,1000000.0,0.95,1.05,0,0,c,False,False,False,46.6861094,-119.0807156
2135,0.0,0.0,0.0,0.0,0.0,0.0,m1209797,PQ,1.0,1.0,1.0,7199.557856794634,1000000.0,0.95,1.05,0,0,abc,False,False,False,46.68476974,-119.0819293
2136,0.0,0.0,0.0,0.0,0.0,0.0,m1209791,PQ,1.0,1.0,1.0,7199.557856794634,1000000.0,0.95,1.05,0,0,abc,False,False,False,46.68432474,-119.0829379
2137,0.0,0.0,0.0,0.0,0.0,0.0,m1209790,PQ,1.0,1.0,1.0,7199.557856794634,1000000.0,0.95,1.05,0,0,abc,False,False,False,46.68393902,-119.0837637
2138,0.0,0.0,0.0,0.0,0.0,0.0,m1209788,PQ,1.0,1.0,1.0,7199.557856794634,1000000.0,0.95,1.05,0,0,abc,False,False,False,46.68360496,-119.0846939
2139,0.0,0.0,0.0,0.0,0.0,0.0,m1209787,PQ,1.0,1.0,1.0,7199.557856794634,1000000.0,0.95,1.05,0,0,abc,False,False,False,46.68298864,-119.0863755
2140,0.0083201431185295,0.0020857901435927,0.0,0.0,0.0,0.0,l2823611,PQ,1.0,1.0,1.0,7199.557856794634,1000000.0,0.95,1.05,0,0,abc,False,True,False,46.68227766,-119.088328
2141,0.008870153993885,0.0022236757634133,0.0,0.0,0.0,0.0,l3030204,PQ,1.0,1.0,1.0,7199.557856794634,1000000.0,0.95,1.05,0,0,abc,False,True,False,46.6816312,-119.0895302
2142,0.0,0.0,0.0,0.0,0.0,0.0,m1186072,PQ,1.0,1.0,1.0,7199.557856794634,1000000.0,0.95,1.05,0,0,abc,False,False,False,46.68128498,-119.0900308
2143,0.0,0.0,0.0,0.0,0.0,0.0,d6048634-1_int,PQ,1.0,1.0,1.0,7199.557856794634,1000000.0,0.95,1.05,0,0,abc,False,False,False,46.68084938,-119.0908141
2144,0.0,0.0,0.0,0.0,0.0,0.0,m1186067,PQ,1.0,1.0,1.0,7199.557856794634,1000000.0,0.95,1.05,0,0,abc,False,False,False,46.68073852,-119.0910683
2145,0.0,0.0,0.0,0.0,0.0,0.0,m3032980,PQ,1.0,1.0,1.0,7199.557856794634,1000000.0,0.95,1.05,0,0,abc,False,False,False,46.68033208,-119.0917758
2146,0.0,0.0,0.0,0.0,0.0,0.0,m3032977,PQ,1.0,1.0,1.0,7199.557856794634,1000000.0,0.95,1.05,0,0,abc,False,False,False,46.68104588,-119.0960884
2147,0.0,0.0,0.0,0.0,0.0,0.0,m1166366,PQ,1.0,1.0,1.0,7199.557856794634,1000000.0,0.95,1.05,0,0,abc,False,False,False,46.68152696,-119.1013242
2148,0.0,0.0,0.0,0.0,0.0,0.0,m1166368,PQ,1.0,1.0,1.0,7199.557856794634,1000000.0,0.95,1.05,0,0,abc,False,False,False,46.68161568,-119.1020214
2149,0.0,0.0,0.0084545826077324,0.0021194334243398,0.0,0.0,l2973833,PQ,1.0,1.0,1.0,7199.557856794634,1000000.0,0.95,1.05,0,0,abc,False,True,False,46.68181916,-119.1038052
2150,0.0,0.0,0.0,0.0,0.0,0.0,m1166373,PQ,1.0,1.0,1.0,7199.557856794634,1000000.0,0.95,1.05,0,0,abc,False,False,False,46.68186144,-119.1045127
2151,0.0,0.0,0.0,0.0,0.0,0.0,m1166369,PQ,1.0,1.0,1.0,7199.557856794634,1000000.0,0.95,1.05,0,0,a,False,False,False,46.68176208,-119.1046384
2152,0.005320100711448,0.0013337219074717,0.0,0.0,0.0,0.0,l2839305,PQ,1.0,1.0,1.0,7199.557856794634,1000000.0,0.95,1.05,0,0,a,False,True,False,46.68116646,-119.1051966
2153,0.0,0.0,0.0,0.0,0.0,0.0,m1166361,PQ,1.0,1.0,1.0,7199.557856794634,1000000.0,0.95,1.05,0,0,a,False,False,False,46.68086428,-119.106887
2154,0.0118702247666264,0.002975804438162,0.0,0.0,0.0,0.0,l2692661,PQ,1.0,1.0,1.0,7199.557856794634,1000000.0,0.95,1.05,0,0,a,False,True,False,46.68176252,-119.107378
2155,0.0,0.0,0.0,0.0,0.0,0.0,l2989600,PQ,1.0,1.0,1.0,7199.557856794634,1000000.0,0.95,1.05,0,0,a,False,False,False,46.68098334,-119.1071373
2156,0.0,0.0,0.0,0.0,0.0,0.0,m1166362,PQ,1.0,1.0,1.0,7199.557856794634,1000000.0,0.95,1.05,0,0,a,False,False,False,46.68103922,-119.108839
2157,0.0088701679761105,0.0022237056401414,0.0,0.0,0.0,0.0,l2898522,PQ,1.0,1.0,1.0,7199.557856794634,1000000.0,0.95,1.05,0,0,a,False,True,False,46.68176404,-119.1096385
2158,0.0,0.0,0.0,0.0,0.0,0.0,m1166355,PQ,1.0,1.0,1.0,7199.557856794634,1000000.0,0.95,1.05,0,0,a,False,False,False,46.67980144,-119.109635
2159,0.0,0.0,0.0,0.0,0.0,0.0,l2805035,PQ,1.0,1.0,1.0,7199.557856794634,1000000.0,0.95,1.05,0,0,a,False,False,False,46.67887444,-119.1097583
2160,0.0,0.0,0.0,0.0,0.0,0.0,l2858200,PQ,1.0,1.0,1.0,7199.557856794634,1000000.0,0.95,1.05,0,0,a,False,False,False,46.6782843,-119.1092078
2161,0.0,0.0,0.0,0.0,0.0,0.0,p829978,PQ,1.0,1.0,1.0,7199.557856794634,1000000.0,0.95,1.05,0,0,a,False,False,False,46.68170442,-119.1046204
2162,0.0133002517837353,0.0033343047649486,0.0,0.0,0.0,0.0,l2992656,PQ,1.0,1.0,1.0,7199.557856794634,1000000.0,0.95,1.05,0,0,a,False,True,False,46.68093756,-119.1043812
2163,0.0,0.0,0.0,0.0,0.0,0.0,m1166356,PQ,1.0,1.0,1.0,7199.557856794634,1000000.0,0.95,1.05,0,0,a,False,False,False,46.68011148,-119.1041407
2164,0.005320100727948,0.0013337219344814,0.0,0.0,0.0,0.0,l3104856,PQ,1.0,1.0,1.0,7199.557856794634,1000000.0,0.95,1.05,0,0,a,False,True,False,46.67933094,-119.1051724
2165,0.0133002518231747,0.0033343048318061,0.0,0.0,0.0,0.0,l2730187,PQ,1.0,1.0,1.0,7199.557856794634,1000000.0,0.95,1.05,0,0,a,False,True,False,46.68016964,-119.1032706
2166,0.0,0.0,0.0,0.0,0.0,0.0,l2727019,PQ,1.0,1.0,1.0,7199.557856794634,1000000.0,0.95,1.05,0,0,a,False,False,False,46.67923582,-119.1040989
2167,0.0,0.0,0.0,0.0,0.0,0.0,m1166374,PQ,1.0,1.0,1.0,7199.557856794634,1000000.0,0.95,1.05,0,0,abc,False,False,False,46.68187098,-119.1046724
2168,0.0083201584844755,0.0020858227771183,0.0,0.0,0.0,0.0,l2786266,PQ,1.0,1.0,1.0,7199.557856794634,1000000.0,0.95,1.05,0,0,abc,False,True,False,46.68199478,-119.1058218
2169,0.0,0.0,0.0,0.0,0.0,0.0,m1166375,PQ,1.0,1.0,1.0,7199.557856794634,1000000.0,0.95,1.05,0,0,abc,False,False,False,46.68205734,-119.1064092
2170,0.0,0.0,0.0,0.0,0.0,0.0,p895080,PQ,1.0,1.0,1.0,7199.557856794634,1000000.0,0.95,1.05,0,0,a,False,False,False,46.68219676,-119.1064137
2171,0.0088701694516868,0.0022237087202137,0.0,0.0,0.0,0.0,l2917333,PQ,1.0,1.0,1.0,7199.557856794634,1000000.0,0.95,1.05,0,0,a,False,True,False,46.68339366,-119.1064526
2172,0.0083201601585274,0.0020858262489048,0.0,0.0,0.0,0.0,l2842383,PQ,1.0,1.0,1.0,7199.557856794634,1000000.0,0.95,1.05,0,0,abc,False,True,False,46.68237166,-119.1080248
2173,0.0,0.0,0.0,0.0,0.0,0.0,d6023352-1_int,PQ,1.0,1.0,1.0,7199.557856794634,1000000.0,0.95,1.05,0,0,abc,False,False,False,46.68236962,-119.1084638
2174,0.0,0.0,0.0,0.0,0.0,0.0,e184626,PQ,1.0,1.0,1.0,7199.557856794634,1000000.0,0.95,1.05,0,0,abc,False,False,False,46.6823701,-119.1089321
2175,0.0,0.0,0.0,0.0,0.0,0.0,m1166377,PQ,1.0,1.0,1.0,7199.557856794634,1000000.0,0.95,1.05,0,0,abc,False,False,False,46.68236204,-119.1091086
2176,0.0,0.0,0.0,0.0,0.0,0.0,m1166376,PQ,1.0,1.0,1.0,7199.557856794634,1000000.0,0.95,1.05,0,0,abc,False,False,False,46.68233676,-119.1096861
2177,0.0,0.0,0.0,0.0,0.0040700918775016,0.0010203280709741,l2842384,PQ,1.0,1.0,1.0,7199.557856794634,1000000.0,0.95,1.05,0,0,abc,False,True,False,46.68233284,-119.1097759
2178,0.0,0.0,0.0,0.0,0.0,0.0,m1149236,PQ,1.0,1.0,1.0,7199.557856794634,1000000.0,0.95,1.05,0,0,abc,False,False,False,46.68226664,-119.1109343
2179,0.0,0.0,0.0,0.0,0.0,0.0,p829974,PQ,1.0,1.0,1.0,7199.557856794634,1000000.0,0.95,1.05,0,0,a,False,False,False,46.68220684,-119.1109185
2180,0.0035500692455679,0.0008899878293918,0.0,0.0,0.0,0.0,l2805034,PQ,1.0,1.0,1.0,7199.557856794634,1000000.0,0.95,1.05,0,0,a,False,True,False,46.68128346,-119.1106745
2181,0.0,0.0,0.0,0.0,0.0,0.0,m1149235,PQ,1.0,1.0,1.0,7199.557856794634,1000000.0,0.95,1.05,0,0,abc,False,False,False,46.68224172,-119.1116456
2182,0.0,0.0,0.0,0.0,0.0,0.0,p829975,PQ,1.0,1.0,1.0,7199.557856794634,1000000.0,0.95,1.05,0,0,c,False,False,False,46.6823162,-119.1115866
2183,0.0,0.0,0.0,0.0,0.0101702316735511,0.0025495696362501,l3160871,PQ,1.0,1.0,1.0,7199.557856794634,1000000.0,0.95,1.05,0,0,c,False,True,False,46.68246466,-119.1114689
2184,0.0,0.0,0.0,0.0,0.0101702317073934,0.0025495697016358,l3030203,PQ,1.0,1.0,1.0,7199.557856794634,1000000.0,0.95,1.05,0,0,c,False,True,False,46.68370602,-119.1118364
2185,0.0,0.0,0.0,0.0,0.0091002073386783,0.0022813259106145,l3179673,PQ,1.0,1.0,1.0,7199.557856794634,1000000.0,0.95,1.05,0,0,c,False,True,False,46.68445132,-119.1120871
2186,0.0,0.0,0.0,0.0,0.0,0.0,d5563942-4_int,PQ,1.0,1.0,1.0,7199.557856794634,1000000.0,0.95,1.05,0,0,abc,False,False,False,46.6822215,-119.1119625
2187,0.0,0.0,0.0,0.0,0.0,0.0,q16483,PQ,1.0,1.0,1.0,7199.557856794634,1000000.0,0.95,1.05,0,0,abc,False,False,False,46.6822,-119.1121
2188,0.0,0.0,0.0,0.0,0.0,0.0,q16483_cap,PQ,1.0,1.0,1.0,7199.557856794634,1000000.0,0.95,1.05,0,0,abc,False,False,False,46.6822,-119.1122
2189,0.0,0.0,0.0,0.0,0.0,0.0,r42247,PQ,1.0,1.0,1.0,7199.557856794634,1000000.0,0.95,1.05,0,0,abc,False,False,False,46.6822144,-119.1122683
2190,0.0,0.0,0.0,0.0,0.0,0.0,m1149233,PQ,1.0,1.0,1.0,7199.557856794634,1000000.0,0.95,1.05,0,0,abc,False,False,False,46.68218458,-119.1129483
2191,0.0,0.0,0.0145902936919176,0.0036575797629116,0.0,0.0,l3048965,PQ,1.0,1.0,1.0,7199.557856794634,1000000.0,0.95,1.05,0,0,abc,False,True,False,46.6820779,-119.114612
2192,0.0,0.0,0.0,0.0,0.0,0.0,m1142843,PQ,1.0,1.0,1.0,7199.557856794634,1000000.0,0.95,1.05,0,0,abc,False,False,False,46.6819893,-119.1154851
2193,0.0,0.0,0.0,0.0,0.0131703071821756,0.0033016646766226,l2955077,PQ,1.0,1.0,1.0,7199.557856794634,1000000.0,0.95,1.05,0,0,abc,False,True,False,46.68259678,-119.1165373
2194,0.0,0.0,0.0,0.0,0.0,0.0,m1142851,PQ,1.0,1.0,1.0,7199.557856794634,1000000.0,0.95,1.05,0,0,abc,False,False,False,46.68308242,-119.11739
2195,0.0,0.0,0.0,0.0,0.0,0.0,196-31070,PQ,1.0,1.0,1.0,7199.557856794634,1000000.0,0.95,1.05,0,0,abc,False,False,False,46.68319532,-119.117585
2196,0.0,0.0,0.0,0.0,0.0,0.0,d5861005-2_int,PQ,1.0,1.0,1.0,7199.557856794634,1000000.0,0.95,1.05,0,0,abc,False,False,False,46.68324516,-119.1176542
2197,0.0,0.0,0.0,0.0,0.0,0.0,q1301,PQ,1.0,1.0,1.0,7199.557856794634,1000000.0,0.95,1.05,0,0,abc,False,False,False,46.6833105,-119.1177848
2198,0.0,0.0,0.0,0.0,0.0152603581913082,0.0038256220368295,l3160872,PQ,1.0,1.0,1.0,7199.557856794634,1000000.0,0.95,1.05,0,0,abc,False,True,False,46.68336398,-119.1178673
2199,0.0,0.0,0.0,0.0,0.0,0.0,m1142860,PQ,1.0,1.0,1.0,7199.557856794634,1000000.0,0.95,1.05,0,0,abc,False,False,False,46.68383374,-119.1186866
2200,0.0,0.0,0.0,0.0,0.0,0.0,p895114,PQ,1.0,1.0,1.0,7199.557856794634,1000000.0,0.95,1.05,0,0,a,False,False,False,46.68389002,-119.1185962
2201,0.0,0.0,0.0,0.0,0.0,0.0,n1141479,PQ,1.0,1.0,1.0,7199.557856794634,1000000.0,0.95,1.05,0,0,a,False,False,False,46.68394068,-119.1185148
2202,0.0177403588420636,0.0044474573981414,0.0,0.0,0.0,0.0,l3198348,PQ,1.0,1.0,1.0,7199.557856794634,1000000.0,0.95,1.05,0,0,a,False,True,False,46.68402958,-119.1183721
2203,0.0,0.0,0.0,0.0,0.0,0.0,m1142863,PQ,1.0,1.0,1.0,7199.557856794634,1000000.0,0.95,1.05,0,0,abc,False,False,False,46.68425042,-119.1193946
2204,0.0,0.0,0.0,0.0,0.0,0.0,n1141480,PQ,1.0,1.0,1.0,7199.557856794634,1000000.0,0.95,1.05,0,0,c,False,False,False,46.6842032,-119.1194496
2205,0.0,0.0,0.0,0.0,0.0,0.0,p895113,PQ,1.0,1.0,1.0,7199.557856794634,1000000.0,0.95,1.05,0,0,c,False,False,False,46.6841393,-119.119524
2206,0.0,0.0,0.0,0.0,0.0061001441982007,0.0015292473946786,l2711225,PQ,1.0,1.0,1.0,7199.557856794634,1000000.0,0.95,1.05,0,0,c,False,True,False,46.68343316,-119.1203458
2207,0.0,0.0,0.0,0.0,0.0061001442062603,0.0015292474133872,l3030200,PQ,1.0,1.0,1.0,7199.557856794634,1000000.0,0.95,1.05,0,0,c,False,True,False,46.68402426,-119.1218849
2208,0.0,0.0,0.0,0.0,0.0,0.0,m1142865,PQ,1.0,1.0,1.0,7199.557856794634,1000000.0,0.95,1.05,0,0,abc,False,False,False,46.68477644,-119.1203569
2209,0.0,0.0,0.0,0.0,0.0,0.0,l3030197,PQ,1.0,1.0,1.0,7199.557856794634,1000000.0,0.95,1.05,0,0,abc,False,False,False,46.68527276,-119.1212274
2210,0.0,0.0,0.0,0.0,0.0,0.0,m1142868,PQ,1.0,1.0,1.0,7199.557856794634,1000000.0,0.95,1.05,0,0,abc,False,False,False,46.68582632,-119.1222374
2211,0.0,0.0,0.0,0.0,0.0,0.0,m1142869,PQ,1.0,1.0,1.0,7199.557856794634,1000000.0,0.95,1.05,0,0,abc,False,False,False,46.68625698,-119.1230042
2212,0.0,0.0,0.0,0.0,0.0,0.0,m1142871,PQ,1.0,1.0,1.0,7199.557856794634,1000000.0,0.95,1.05,0,0,abc,False,False,False,46.6865031,-119.1234219
2213,0.0,0.0,0.0,0.0,0.0,0.0,m1142874,PQ,1.0,1.0,1.0,7199.557856794634,1000000.0,0.95,1.05,0,0,abc,False,False,False,46.68670774,-119.1240278
2214,0.0,0.0,0.0,0.0,0.0,0.0,p895111,PQ,1.0,1.0,1.0,7199.557856794634,1000000.0,0.95,1.05,0,0,c,False,False,False,46.68670604,-119.1241661
2215,0.0,0.0,0.0,0.0,0.0,0.0,l2895496,PQ,1.0,1.0,1.0,7199.557856794634,1000000.0,0.95,1.05,0,0,c,False,False,False,46.68670852,-119.1253629
2216,0.0,0.0,0.0,0.0,0.0,0.0,m1142873,PQ,1.0,1.0,1.0,7199.557856794634,1000000.0,0.95,1.05,0,0,c,False,False,False,46.68670378,-119.1262291
2217,0.0,0.0,0.0,0.0,0.0101702452105158,0.0025495877953053,l3552667,PQ,1.0,1.0,1.0,7199.557856794634,1000000.0,0.95,1.05,0,0,c,False,True,False,46.68669464,-119.1271767
2218,0.0,0.0,0.0,0.0,0.0091002194819424,0.0022813422137637,l3160862,PQ,1.0,1.0,1.0,7199.557856794634,1000000.0,0.95,1.05,0,0,c,False,True,False,46.68667808,-119.1305877
2219,0.0,0.0,0.0,0.0,0.0101702453141644,0.002549587983985,l3104850,PQ,1.0,1.0,1.0,7199.557856794634,1000000.0,0.95,1.05,0,0,c,False,True,False,46.68670004,-119.1328517
2220,0.0,0.0,0.0,0.0,0.0,0.0,m1142875,PQ,1.0,1.0,1.0,7199.557856794634,1000000.0,0.95,1.05,0,0,abc,False,False,False,46.6871611,-119.1247966
2221,0.0,0.0,0.0,0.0,0.0,0.0,m1125944,PQ,1.0,1.0,1.0,7199.557856794634,1000000.0,0.95,1.05,0,0,abc,False,False,False,46.68923576,-119.1285163
2222,0.0,0.0,0.0,0.0,0.0,0.0,p901941,PQ,1.0,1.0,1.0,7199.557856794634,1000000.0,0.95,1.05,0,0,a,False,False,False,46.68931608,-119.1284011
2223,0.0133002807241399,0.003334361953573,0.0,0.0,0.0,0.0,l3251799,PQ,1.0,1.0,1.0,7199.557856794634,1000000.0,0.95,1.05,0,0,a,False,True,False,46.68976588,-119.1277564
2224,0.0,0.0,0.0,0.0,0.0,0.0,m1125947,PQ,1.0,1.0,1.0,7199.557856794634,1000000.0,0.95,1.05,0,0,abc,False,False,False,46.69018234,-119.1312353
2225,0.0,0.0,0.0,0.0,0.0101702524930404,0.0025495973537913,l3214071,PQ,1.0,1.0,1.0,7199.557856794634,1000000.0,0.95,1.05,0,0,abc,False,True,False,46.69085696,-119.1318334
2226,0.0,0.0,0.0,0.0,0.0,0.0,m1125952,PQ,1.0,1.0,1.0,7199.557856794634,1000000.0,0.95,1.05,0,0,abc,False,False,False,46.69147658,-119.1323827
2227,0.0,0.0,0.0,0.0,0.0,0.0,p901936,PQ,1.0,1.0,1.0,7199.557856794634,1000000.0,0.95,1.05,0,0,c,False,False,False,46.69152772,-119.1323113
2228,0.0,0.0,0.0,0.0,0.0,0.0,m1125955,PQ,1.0,1.0,1.0,7199.557856794634,1000000.0,0.95,1.05,0,0,c,False,False,False,46.6918597,-119.1318478
2229,0.0,0.0,0.0,0.0,0.0061001518875661,0.0015292576259427,l3236004,PQ,1.0,1.0,1.0,7199.557856794634,1000000.0,0.95,1.05,0,0,c,False,True,False,46.69088822,-119.1303044
2230,0.0,0.0,0.0,0.0,0.0,0.0,m1125957,PQ,1.0,1.0,1.0,7199.557856794634,1000000.0,0.95,1.05,0,0,c,False,False,False,46.69192176,-119.1317576
2231,0.0,0.0,0.0,0.0,0.0061001518855759,0.0015292576213428,l2936211,PQ,1.0,1.0,1.0,7199.557856794634,1000000.0,0.95,1.05,0,0,c,False,True,False,46.69226602,-119.1312572
2232,0.0,0.0,0.0,0.0,0.0061001518924261,0.0015292576371752,l2842329,PQ,1.0,1.0,1.0,7199.557856794634,1000000.0,0.95,1.05,0,0,c,False,True,False,46.69317894,-119.1304088
2233,0.0,0.0,0.0,0.0,0.0101702533527892,0.0025495984926601,l3214069,PQ,1.0,1.0,1.0,7199.557856794634,1000000.0,0.95,1.05,0,0,abc,False,True,False,46.69165466,-119.1324306
2234,0.0,0.0,0.0,0.0,0.0,0.0,m1125960,PQ,1.0,1.0,1.0,7199.557856794634,1000000.0,0.95,1.05,0,0,abc,False,False,False,46.69236024,-119.1326203
2235,0.0,0.0,0.0,0.0,0.0,0.0,m1125962,PQ,1.0,1.0,1.0,7199.557856794634,1000000.0,0.95,1.05,0,0,abc,False,False,False,46.69253564,-119.1326675
2236,0.0,0.0,0.0,0.0,0.0101702554472965,0.0025496010467824,l3123452,PQ,1.0,1.0,1.0,7199.557856794634,1000000.0,0.95,1.05,0,0,abc,False,True,False,46.6927794,-119.1347592
2237,0.0,0.0,0.0,0.0,0.0,0.0,d6198039-1_int,PQ,1.0,1.0,1.0,7199.557856794634,1000000.0,0.95,1.05,0,0,abc,False,False,False,46.6928718,-119.1351996
2238,0.0,0.0,0.0,0.0,0.0,0.0,e206217,PQ,1.0,1.0,1.0,7199.557856794634,1000000.0,0.95,1.05,0,0,abc,False,False,False,46.69295618,-119.1358793
2239,0.0,0.0,0.0,0.0,0.0,0.0,m1125969,PQ,1.0,1.0,1.0,7199.557856794634,1000000.0,0.95,1.05,0,0,abc,False,False,False,46.69310484,-119.1368212
2240,0.0,0.0,0.0,0.0,0.0,0.0,p895102,PQ,1.0,1.0,1.0,7199.557856794634,1000000.0,0.95,1.05,0,0,b,False,False,False,46.69318094,-119.1367536
2241,0.0,0.0,0.0,0.0,0.0,0.0,m1125978,PQ,1.0,1.0,1.0,7199.557856794634,1000000.0,0.95,1.05,0,0,b,False,False,False,46.69329484,-119.1366523
2242,0.0,0.0,0.0,0.0,0.0,0.0,m1125982,PQ,1.0,1.0,1.0,7199.557856794634,1000000.0,0.95,1.05,0,0,b,False,False,False,46.69418608,-119.1358603
2243,0.0,0.0,0.0145903173893945,0.003657622701711,0.0,0.0,l3029055,PQ,1.0,1.0,1.0,7199.557856794634,1000000.0,0.95,1.05,0,0,b,False,True,False,46.69463722,-119.1349668
2244,0.0,0.0,0.0058401270383678,0.0014640518628832,0.0,0.0,l3254869,PQ,1.0,1.0,1.0,7199.557856794634,1000000.0,0.95,1.05,0,0,b,False,True,False,46.69194154,-119.1369871
2245,0.0,0.0,0.0068901498864686,0.0017272803826309,0.0,0.0,l2798067,PQ,1.0,1.0,1.0,7199.557856794634,1000000.0,0.95,1.05,0,0,b,False,True,False,46.690923,-119.137151
2246,0.0,0.0,0.0,0.0,0.0152603856744833,0.0038256578355732,l2767341,PQ,1.0,1.0,1.0,7199.557856794634,1000000.0,0.95,1.05,0,0,abc,False,True,False,46.69316116,-119.1372632
2247,0.0,0.0,0.0,0.0,0.0,0.0,m1125968,PQ,1.0,1.0,1.0,7199.557856794634,1000000.0,0.95,1.05,0,0,abc,False,False,False,46.69310232,-119.1377606
2248,0.0,0.0,0.0,0.0,0.0,0.0,m1125976,PQ,1.0,1.0,1.0,7199.557856794634,1000000.0,0.95,1.05,0,0,abc,False,False,False,46.6932045,-119.1384345
2249,0.0,0.0,0.0,0.0,0.0,0.0,p895106,PQ,1.0,1.0,1.0,7199.557856794634,1000000.0,0.95,1.05,0,0,b,False,False,False,46.6932251,-119.1385678
2250,0.0,0.0,0.0145903184571675,0.0036576254189955,0.0,0.0,l3048887,PQ,1.0,1.0,1.0,7199.557856794634,1000000.0,0.95,1.05,0,0,b,False,True,False,46.6933297,-119.1392443
2251,0.0,0.0,0.0,0.0,0.0,0.0,m1125966,PQ,1.0,1.0,1.0,7199.557856794634,1000000.0,0.95,1.05,0,0,b,False,False,False,46.6929438,-119.1394784
2252,0.0,0.0,0.0088401929978599,0.0022161350185218,0.0,0.0,l2955005,PQ,1.0,1.0,1.0,7199.557856794634,1000000.0,0.95,1.05,0,0,b,False,True,False,46.69315998,-119.1406118
2253,0.0,0.0,0.0,0.0,0.0,0.0,m1108372,PQ,1.0,1.0,1.0,7199.557856794634,1000000.0,0.95,1.05,0,0,b,False,False,False,46.6932894,-119.1411386
2254,0.0,0.0,0.0097302124527118,0.0024392527205549,0.0,0.0,l3216988,PQ,1.0,1.0,1.0,7199.557856794634,1000000.0,0.95,1.05,0,0,b,False,True,False,46.69358456,-119.1424561
2255,0.0,0.0,0.0097302124506534,0.0024392527174645,0.0,0.0,l3179607,PQ,1.0,1.0,1.0,7199.557856794634,1000000.0,0.95,1.05,0,0,b,False,True,False,46.69419648,-119.1407535
2256,0.0,0.0,0.0,0.0,0.0,0.0,m1125987,PQ,1.0,1.0,1.0,7199.557856794634,1000000.0,0.95,1.05,0,0,abc,False,False,False,46.69555144,-119.1393623
2257,0.0,0.0,0.0,0.0,0.0,0.0,m1125989,PQ,1.0,1.0,1.0,7199.557856794634,1000000.0,0.95,1.05,0,0,abc,False,False,False,46.69649546,-119.1395952
2258,0.0,0.0,0.0,0.0,0.0,0.0,m1125990,PQ,1.0,1.0,1.0,7199.557856794634,1000000.0,0.95,1.05,0,0,abc,False,False,False,46.69656402,-119.1396124
2259,0.0133003005067185,0.0033343947584173,0.0,0.0,0.0,0.0,l3067478,PQ,1.0,1.0,1.0,7199.557856794634,1000000.0,0.95,1.05,0,0,abc,False,True,False,46.69745486,-119.1398349
2260,0.0,0.0,0.0,0.0,0.0,0.0,m1125994,PQ,1.0,1.0,1.0,7199.557856794634,1000000.0,0.95,1.05,0,0,abc,False,False,False,46.69892008,-119.1401959
2261,0.0,0.0,0.0,0.0,0.0061001571103927,0.0015292630031772,l2730149,PQ,1.0,1.0,1.0,7199.557856794634,1000000.0,0.95,1.05,0,0,abc,False,True,False,46.69892356,-119.1398162
2262,0.0,0.0,0.0,0.0,0.0,0.0,d5867591-1_int,PQ,1.0,1.0,1.0,7199.557856794634,1000000.0,0.95,1.05,0,0,abc,False,False,False,46.69892656,-119.1412047
2263,0.0,0.0,0.0,0.0,0.0,0.0,e183472,PQ,1.0,1.0,1.0,7199.557856794634,1000000.0,0.95,1.05,0,0,abc,False,False,False,46.69892656,-119.1417269
2264,0.0,0.0,0.0058401298690959,0.0014640589738884,0.0,0.0,l2989566,PQ,1.0,1.0,1.0,7199.557856794634,1000000.0,0.95,1.05,0,0,abc,False,True,False,46.69911832,-119.1429037
2265,0.0,0.0,0.0,0.0,0.0,0.0,m1108378,PQ,1.0,1.0,1.0,7199.557856794634,1000000.0,0.95,1.05,0,0,abc,False,False,False,46.6990649,-119.1443824
2266,0.0,0.0,0.0,0.0,0.0,0.0,p904451,PQ,1.0,1.0,1.0,7199.557856794634,1000000.0,0.95,1.05,0,0,a,False,False,False,46.69916418,-119.1443977
2267,0.0,0.0,0.0,0.0,0.0,0.0,221-282819,PQ,1.0,1.0,1.0,7199.557856794634,1000000.0,0.95,1.05,0,0,a,False,False,False,46.69919096,-119.1444711
2268,0.0,0.0,0.0,0.0,0.0,0.0,n1230122,PQ,1.0,1.0,1.0,7199.557856794634,1000000.0,0.95,1.05,0,0,a,False,False,False,46.69919202,-119.1445672
2269,0.017740408538006,0.0044475383790689,0.0,0.0,0.0,0.0,l3233412,PQ,1.0,1.0,1.0,7199.557856794634,1000000.0,0.95,1.05,0,0,a,False,True,False,46.70076948,-119.1446078
2270,0.0,0.0,0.0,0.0,0.0,0.0,m1108413,PQ,1.0,1.0,1.0,7199.557856794634,1000000.0,0.95,1.05,0,0,a,False,False,False,46.70087188,-119.1443817
2271,0.0,0.0,0.0,0.0,0.0,0.0,m1108460,PQ,1.0,1.0,1.0,7199.557856794634,1000000.0,0.95,1.05,0,0,a,False,False,False,46.70268282,-119.144821
2272,0.0266006136328117,0.0066688020801575,0.0,0.0,0.0,0.0,l2821087,PQ,1.0,1.0,1.0,7199.557856794634,1000000.0,0.95,1.05,0,0,a,False,True,False,46.70298108,-119.1443741
2273,0.0177404094912549,0.0044475398046743,0.0,0.0,0.0,0.0,l2990098,PQ,1.0,1.0,1.0,7199.557856794634,1000000.0,0.95,1.05,0,0,a,False,True,False,46.70282936,-119.1455143
2274,0.0,0.0,0.0,0.0,0.0,0.0,m1108462,PQ,1.0,1.0,1.0,7199.557856794634,1000000.0,0.95,1.05,0,0,a,False,False,False,46.7026924,-119.1461665
2275,0.0133003072475801,0.0033344016849103,0.0,0.0,0.0,0.0,l3027671,PQ,1.0,1.0,1.0,7199.557856794634,1000000.0,0.95,1.05,0,0,a,False,True,False,46.70305508,-119.1479677
2276,0.0,0.0,0.0,0.0,0.0,0.0,m1108423,PQ,1.0,1.0,1.0,7199.557856794634,1000000.0,0.95,1.05,0,0,a,False,False,False,46.70129716,-119.1482473
2277,0.0266006148862936,0.0066688039547785,0.0,0.0,0.0,0.0,l2802481,PQ,1.0,1.0,1.0,7199.557856794634,1000000.0,0.95,1.05,0,0,a,False,True,False,46.70084562,-119.1484247
2278,0.0177404101314136,0.0044475407620538,0.0,0.0,0.0,0.0,l3214549,PQ,1.0,1.0,1.0,7199.557856794634,1000000.0,0.95,1.05,0,0,a,False,True,False,46.6999685,-119.1481807
2279,0.0,0.0,0.0,0.0,0.0,0.0,m1108393,PQ,1.0,1.0,1.0,7199.557856794634,1000000.0,0.95,1.05,0,0,a,False,False,False,46.70004992,-119.1482517
2280,0.0,0.0,0.0,0.0,0.0,0.0,193-51796,PQ,1.0,1.0,1.0,7199.557856794634,1000000.0,0.95,1.05,0,0,a,False,False,False,46.70004186,-119.1482809
2281,0.0,0.0,0.0,0.0,0.0,0.0,m1108379,PQ,1.0,1.0,1.0,7199.557856794634,1000000.0,0.95,1.05,0,0,abc,False,False,False,46.69906914,-119.1445639
2282,0.0,0.0,0.0,0.0,0.0,0.0,m1108380,PQ,1.0,1.0,1.0,7199.557856794634,1000000.0,0.95,1.05,0,0,abc,False,False,False,46.69908516,-119.1452515
2283,0.0,0.0,0.0,0.0,0.0,0.0,l2898495,PQ,1.0,1.0,1.0,7199.557856794634,1000000.0,0.95,1.05,0,0,abc,False,False,False,46.69911926,-119.1467158
2284,0.0,0.0,0.0097302192938943,0.0024392666048084,0.0,0.0,l2952003,PQ,1.0,1.0,1.0,7199.557856794634,1000000.0,0.95,1.05,0,0,abc,False,True,False,46.6990987,-119.1491253
2285,0.0,0.0,0.0,0.0,0.0,0.0,m1108381,PQ,1.0,1.0,1.0,7199.557856794634,1000000.0,0.95,1.05,0,0,abc,False,False,False,46.6991535,-119.1509615
2286,0.0099760829571005,0.0025010139326875,0.0,0.0,0.0,0.0,l3254237,PQ,1.0,1.0,1.0,7199.557856794634,1000000.0,0.95,1.05,0,0,abc,False,True,False,46.69859228,-119.1520753
2287,0.0,0.0,0.0,0.0,0.0,0.0,m1108387,PQ,1.0,1.0,1.0,7199.557856794634,1000000.0,0.95,1.05,0,0,abc,False,False,False,46.69984872,-119.1530436
2288,0.0,0.0,0.0,0.0,0.0,0.0,m1108398,PQ,1.0,1.0,1.0,7199.557856794634,1000000.0,0.95,1.05,0,0,abc,False,False,False,46.7002715,-119.1529181
2289,0.0,0.0,0.0,0.0,0.0,0.0,m1108395,PQ,1.0,1.0,1.0,7199.557856794634,1000000.0,0.95,1.05,0,0,abc,False,False,False,46.70012254,-119.1540697
2290,0.0083201918120672,0.0020858804341752,0.0058401326850164,0.0014640620502567,0.0061001577671037,0.0015292667719648,l2896685,PQ,1.0,1.0,1.0,7199.557856794634,1000000.0,0.95,1.05,0,0,abc,False,True,False,46.70052562,-119.1556193
2291,0.0,0.0,0.0,0.0,0.0,0.0,m1089185,PQ,1.0,1.0,1.0,7199.557856794634,1000000.0,0.95,1.05,0,0,abc,False,False,False,46.70062786,-119.1560123
2292,0.0,0.0,0.0,0.0,0.0,0.0,p850083,PQ,1.0,1.0,1.0,7199.557856794634,1000000.0,0.95,1.05,0,0,abc,False,False,False,46.70052476,-119.1560153
2293,0.0,0.0,0.0,0.0,0.0,0.0,221-312488,PQ,1.0,1.0,1.0,7199.557856794634,1000000.0,0.95,1.05,0,0,abc,False,False,False,46.70044048,-119.1560165
2294,0.0,0.0,0.0,0.0,0.0,0.0,m1089183,PQ,1.0,1.0,1.0,7199.557856794634,1000000.0,0.95,1.05,0,0,abc,False,False,False,46.70024728,-119.1560193
2295,0.01187027345352,0.0029758895509131,0.0097302211783036,0.0024392676306919,0.0101702632793201,0.0025496140405079,l2990826,PQ,1.0,1.0,1.0,7199.557856794634,1000000.0,0.95,1.05,0,0,abc,False,True,False,46.7004649,-119.1566506
2296,0.0,0.0,0.0,0.0,0.0,0.0,l2990827,PQ,1.0,1.0,1.0,7199.557856794634,1000000.0,0.95,1.05,0,0,abc,False,False,False,46.70088674,-119.1584367
2297,0.0,0.0,0.0,0.0,0.0,0.0,l2990828,PQ,1.0,1.0,1.0,7199.557856794634,1000000.0,0.95,1.05,0,0,abc,False,False,False,46.70132234,-119.1605254
2298,0.0,0.0,0.0,0.0,0.0152603962636452,0.0038256767122245,l2841619,PQ,1.0,1.0,1.0,7199.557856794634,1000000.0,0.95,1.05,0,0,abc,False,True,False,46.70178288,-119.1620325
2299,0.0,0.0,0.0,0.0,0.0,0.0,m1089189,PQ,1.0,1.0,1.0,7199.557856794634,1000000.0,0.95,1.05,0,0,abc,False,False,False,46.7015786,-119.1633078
2300,0.0,0.0,0.0,0.0,0.0,0.0,m1089188,PQ,1.0,1.0,1.0,7199.557856794634,1000000.0,0.95,1.05,0,0,abc,False,False,False,46.70149744,-119.1644398
2301,0.0,0.0,0.0,0.0,0.0101702642964026,0.0025496158658328,l2673306,PQ,1.0,1.0,1.0,7199.557856794634,1000000.0,0.95,1.05,0,0,c,False,True,False,46.70254348,-119.1641079
2302,0.0,0.0,0.0,0.0,0.0,0.0,m1089187,PQ,1.0,1.0,1.0,7199.557856794634,1000000.0,0.95,1.05,0,0,abc,False,False,False,46.69696638,-119.164494
2303,0.0,0.0,0.0,0.0,0.0,0.0,m1089186,PQ,1.0,1.0,1.0,7199.557856794634,1000000.0,0.95,1.05,0,0,abc,False,False,False,46.69740198,-119.1636585
2304,0.0,0.0,0.0,0.0,0.0070701840819057,0.0017724475356556,l2822863,PQ,1.0,1.0,1.0,7199.557856794634,1000000.0,0.95,1.05,0,0,abc,False,True,False,46.69513762,-119.1645311
2305,0.0,0.0,0.0,0.0,0.0,0.0,m1089177,PQ,1.0,1.0,1.0,7199.557856794634,1000000.0,0.95,1.05,0,0,abc,False,False,False,46.6932248,-119.1645831
2306,0.0,0.0,0.0,0.0,0.0061001589149541,0.0015292689001035,l2729406,PQ,1.0,1.0,1.0,7199.557856794634,1000000.0,0.95,1.05,0,0,c,False,True,False,46.69321048,-119.1622276
2307,0.0,0.0,0.0,0.0,0.0131703431654073,0.0033017167226667,l2897768,PQ,1.0,1.0,1.0,7199.557856794634,1000000.0,0.95,1.05,0,0,c,False,True,False,46.6932728,-119.1588923
2308,0.0,0.0,0.0,0.0,0.0,0.0,e182723,PQ,1.0,1.0,1.0,7199.557856794634,1000000.0,0.95,1.05,0,0,abc,False,False,False,46.69252118,-119.1646049
2309,0.0,0.0,0.0,0.0,0.0101702641124591,0.0025496155105892,l2785515,PQ,1.0,1.0,1.0,7199.557856794634,1000000.0,0.95,1.05,0,0,c,False,True,False,46.70342678,-119.1623277
2310,0.0,0.0,0.0554284582511006,0.0138953545694983,0.0,0.0,m1108410,PQ,1.0,1.0,1.0,7199.557856794634,1000000.0,0.95,1.05,0,0,b,False,True,False,46.70175792,-119.1542593
2311,0.0035500818950341,0.0008900090562494,0.0127302891287962,0.0031913546299503,0.0070701826823637,0.0017724449970196,l2728247,PQ,1.0,1.0,1.0,7199.557856794634,1000000.0,0.95,1.05,0,0,abc,False,True,False,46.69903686,-119.154764
2312,0.0,0.0,0.0,0.0,0.0,0.0,p850072,PQ,1.0,1.0,1.0,7199.557856794634,1000000.0,0.95,1.05,0,0,abc,False,False,False,46.70027246,-119.1528654
2313,0.0,0.0,0.0,0.0,0.0,0.0,221-311609,PQ,1.0,1.0,1.0,7199.557856794634,1000000.0,0.95,1.05,0,0,abc,False,False,False,46.70027372,-119.1527958
2314,0.0177404093378419,0.0044475383582919,0.0194504412896198,0.0048760285763637,0.0203405254672831,0.0050992258783371,l2915542,PQ,1.0,1.0,1.0,7199.557856794634,1000000.0,0.95,1.05,0,0,abc,False,True,False,46.7002868,-119.1520828
2315,0.0,0.0,0.0,0.0,0.0,0.0,p850080,PQ,1.0,1.0,1.0,7199.557856794634,1000000.0,0.95,1.05,0,0,abc,False,False,False,46.69984014,-119.1529884
2316,0.0,0.0,0.0,0.0,0.0,0.0,221-311905,PQ,1.0,1.0,1.0,7199.557856794634,1000000.0,0.95,1.05,0,0,abc,False,False,False,46.69983156,-119.1529018
2317,0.017740409347899,0.0044475383473115,0.0224505090807503,0.0056281150521149,0.0203405253520701,0.0050992255266752,l3215203,PQ,1.0,1.0,1.0,7199.557856794634,1000000.0,0.95,1.05,0,0,abc,False,True,False,46.69980798,-119.152664
2318,0.0,0.0,0.0,0.0,0.0,0.0,p862322,PQ,1.0,1.0,1.0,7199.557856794634,1000000.0,0.95,1.05,0,0,abc,False,False,False,46.69925918,-119.1509609
2319,0.0,0.0,0.0,0.0,0.0,0.0,221-308718,PQ,1.0,1.0,1.0,7199.557856794634,1000000.0,0.95,1.05,0,0,abc,False,False,False,46.69933354,-119.1509608
2320,0.0177404093496916,0.0044475382385594,0.022450507102399,0.0056281135522988,0.0203405245663193,0.0050992230610722,l2803199,PQ,1.0,1.0,1.0,7199.557856794634,1000000.0,0.95,1.05,0,0,abc,False,True,False,46.69981482,-119.1509601
2321,0.0,0.0,0.0,0.0,0.0,0.0,m1108400,PQ,1.0,1.0,1.0,7199.557856794634,1000000.0,0.95,1.05,0,0,abc,False,False,False,46.69827316,-119.1469487
2322,0.0,0.0,0.0,0.0,0.0,0.0,m1108401,PQ,1.0,1.0,1.0,7199.557856794634,1000000.0,0.95,1.05,0,0,abc,False,False,False,46.69827316,-119.147732
2323,0.0,0.0,0.0,0.0,0.0,0.0,m1108402,PQ,1.0,1.0,1.0,7199.557856794634,1000000.0,0.95,1.05,0,0,abc,False,False,False,46.69783758,-119.1487763
2324,0.0227711143286404,0.0057087414618759,0.0293615808188268,0.0073606536673874,0.0361539996869844,0.0090635456132111,m1108405,PQ,1.0,1.0,1.0,7199.557856794634,1000000.0,0.95,1.05,0,0,abc,False,True,False,46.69696638,-119.1479931
2325,0.0302219732959393,0.0075766791986102,0.0262632807927421,0.0065839413602352,0.021525170305698,0.005396203840221,m1108403,PQ,1.0,1.0,1.0,7199.557856794634,1000000.0,0.95,1.05,0,0,abc,False,True,False,46.69783758,-119.1495596
2326,0.0,0.0,0.0390856312619542,0.0097983766718254,0.0,0.0,m1108407,PQ,1.0,1.0,1.0,7199.557856794634,1000000.0,0.95,1.05,0,0,b,False,True,False,46.69783758,-119.150604
2327,0.0235318054519984,0.0058994476290892,0.0262768699879308,0.0065873491075679,0.0,0.0,m1108406,PQ,1.0,1.0,1.0,7199.557856794634,1000000.0,0.95,1.05,0,0,abc,False,True,False,46.69696638,-119.150604
2328,0.02784643214904,0.0069811281084972,0.0387397840333778,0.00971166950093,0.0333419835834408,0.008358591779621,m1108404,PQ,1.0,1.0,1.0,7199.557856794634,1000000.0,0.95,1.05,0,0,abc,False,True,False,46.69696638,-119.1443378
2329,0.0,0.0,0.0,0.0,0.0,0.0,p904452,PQ,1.0,1.0,1.0,7199.557856794634,1000000.0,0.95,1.05,0,0,b,False,False,False,46.69917782,-119.1452366
2330,0.0,0.0,0.0,0.0,0.0,0.0,221-282818,PQ,1.0,1.0,1.0,7199.557856794634,1000000.0,0.95,1.05,0,0,b,False,False,False,46.69920438,-119.1451486
2331,0.0,0.0,0.0,0.0,0.0,0.0,n1230123,PQ,1.0,1.0,1.0,7199.557856794634,1000000.0,0.95,1.05,0,0,b,False,False,False,46.69920108,-119.1450375
2332,0.0,0.0,0.0291806543724394,0.0073152896519948,0.0,0.0,l2708744,PQ,1.0,1.0,1.0,7199.557856794634,1000000.0,0.95,1.05,0,0,b,False,True,False,46.69983438,-119.1449535
2333,0.0,0.0,0.0291806551384844,0.0073152907993674,0.0,0.0,l2690187,PQ,1.0,1.0,1.0,7199.557856794634,1000000.0,0.95,1.05,0,0,b,False,True,False,46.70046496,-119.1456287
2334,0.0,0.0,0.0,0.0,0.0,0.0,m1108412,PQ,1.0,1.0,1.0,7199.557856794634,1000000.0,0.95,1.05,0,0,b,False,False,False,46.70085572,-119.1444237
2335,0.0,0.0,0.0291806561076219,0.0073152922509079,0.0,0.0,l3027670,PQ,1.0,1.0,1.0,7199.557856794634,1000000.0,0.95,1.05,0,0,b,False,True,False,46.70155908,-119.1443784
2336,0.0,0.0,0.0,0.0,0.0,0.0,m1108459,PQ,1.0,1.0,1.0,7199.557856794634,1000000.0,0.95,1.05,0,0,b,False,False,False,46.70266396,-119.146068
2337,0.0,0.0,0.0291806572254221,0.0073152939251202,0.0,0.0,l2802480,PQ,1.0,1.0,1.0,7199.557856794634,1000000.0,0.95,1.05,0,0,b,False,True,False,46.70190402,-119.1464331
2338,0.0,0.0,0.0145903287483943,0.0036576471657849,0.0,0.0,l3252336,PQ,1.0,1.0,1.0,7199.557856794634,1000000.0,0.95,1.05,0,0,b,False,True,False,46.7009123,-119.1467303
2339,0.0,0.0,0.0194504385498678,0.0048760276761137,0.0,0.0,l3233413,PQ,1.0,1.0,1.0,7199.557856794634,1000000.0,0.95,1.05,0,0,b,False,True,False,46.70294692,-119.1469177
2340,0.0,0.0,0.0,0.0,0.0,0.0,m1108464,PQ,1.0,1.0,1.0,7199.557856794634,1000000.0,0.95,1.05,0,0,b,False,False,False,46.70285802,-119.1475734
2341,0.0,0.0,0.0291806581771755,0.0073152953506499,0.0,0.0,l3102286,PQ,1.0,1.0,1.0,7199.557856794634,1000000.0,0.95,1.05,0,0,b,False,True,False,46.7021277,-119.1483682
2342,0.0,0.0,0.0,0.0,0.0,0.0,m1108433,PQ,1.0,1.0,1.0,7199.557856794634,1000000.0,0.95,1.05,0,0,b,False,False,False,46.70168304,-119.1482486
2343,0.0,0.0,0.0,0.0,0.0,0.0,228-1048090-1_int,PQ,1.0,1.0,1.0,7199.557856794634,1000000.0,0.95,1.05,0,0,b,False,False,False,46.70045114,-119.1482803
2344,0.0,0.0,0.0,0.0,0.0,0.0,m1125997,PQ,1.0,1.0,1.0,7199.557856794634,1000000.0,0.95,1.05,0,0,abc,False,False,False,46.70032046,-119.1405816
2345,0.0,0.0,0.0,0.0,0.0,0.0,d5535139-1_int,PQ,1.0,1.0,1.0,7199.557856794634,1000000.0,0.95,1.05,0,0,abc,False,False,False,46.70036402,-119.1405885
2346,0.0,0.0,0.0,0.0,0.0,0.0,e183473,PQ,1.0,1.0,1.0,7199.557856794634,1000000.0,0.95,1.05,0,0,abc,False,False,False,46.70045366,-119.1405949
2347,0.0,0.0,0.0,0.0,0.0,0.0,r20703,PQ,1.0,1.0,1.0,7199.557856794634,1000000.0,0.95,1.05,0,0,abc,False,False,False,46.70054336,-119.14062
2348,0.0088702025691191,0.0022237704735183,0.0,0.0,0.0,0.0,l2859403,PQ,1.0,1.0,1.0,7199.557856794634,1000000.0,0.95,1.05,0,0,abc,False,True,False,46.70113856,-119.1407863
2349,0.0177404054762444,0.0044475421942025,0.0,0.0,0.0,0.0,l2973791,PQ,1.0,1.0,1.0,7199.557856794634,1000000.0,0.95,1.05,0,0,abc,False,True,False,46.70166684,-119.1409339
2350,0.0,0.0,0.0058401280830257,0.0014640568616017,0.0,0.0,l3179650,PQ,1.0,1.0,1.0,7199.557856794634,1000000.0,0.95,1.05,0,0,abc,False,True,False,46.70256256,-119.1412026
2351,0.0118702718655723,0.0029758943520474,0.0,0.0,0.0,0.0,l3232902,PQ,1.0,1.0,1.0,7199.557856794634,1000000.0,0.95,1.05,0,0,abc,False,True,False,46.7031547,-119.1413718
2352,0.0,0.0,0.0,0.0,0.0,0.0,m4122658,PQ,1.0,1.0,1.0,7199.557856794634,1000000.0,0.95,1.05,0,0,abc,False,False,False,46.70369536,-119.1415268
2353,0.0088702032951419,0.0022237733997681,0.0,0.0,0.0,0.0,l2933135,PQ,1.0,1.0,1.0,7199.557856794634,1000000.0,0.95,1.05,0,0,abc,False,True,False,46.70371776,-119.1415366
2354,0.0,0.0,0.0,0.0,0.0,0.0,m1108484,PQ,1.0,1.0,1.0,7199.557856794634,1000000.0,0.95,1.05,0,0,abc,False,False,False,46.70472436,-119.1419833
2355,0.0,0.0,0.0,0.0,0.0131703459703401,0.0033017058247059,l2730106,PQ,1.0,1.0,1.0,7199.557856794634,1000000.0,0.95,1.05,0,0,abc,False,True,False,46.70614602,-119.1424954
2356,0.0,0.0,0.0,0.0,0.0,0.0,n1142099,PQ,1.0,1.0,1.0,7199.557856794634,1000000.0,0.95,1.05,0,0,abc,False,False,False,46.7064217,-119.1426894
2357,0.0,0.0,0.0,0.0,0.0,0.0,n1142100,PQ,1.0,1.0,1.0,7199.557856794634,1000000.0,0.95,1.05,0,0,abc,False,False,False,46.70685156,-119.1429918
2358,0.0,0.0,0.0,0.0,0.0,0.0,m1108490,PQ,1.0,1.0,1.0,7199.557856794634,1000000.0,0.95,1.05,0,0,abc,False,False,False,46.70701538,-119.1431071
2359,0.0,0.0,0.0,0.0,0.0,0.0,p829798,PQ,1.0,1.0,1.0,7199.557856794634,1000000.0,0.95,1.05,0,0,a,False,False,False,46.70697252,-119.143256
2360,0.0,0.0,0.0,0.0,0.0,0.0,m1108489,PQ,1.0,1.0,1.0,7199.557856794634,1000000.0,0.95,1.05,0,0,a,False,False,False,46.70697126,-119.1432602
2361,0.0,0.0,0.0,0.0,0.0,0.0,m1108492,PQ,1.0,1.0,1.0,7199.557856794634,1000000.0,0.95,1.05,0,0,a,False,False,False,46.7070957,-119.1429836
2362,0.0,0.0,0.0,0.0,0.0,0.0,n1142102,PQ,1.0,1.0,1.0,7199.557856794634,1000000.0,0.95,1.05,0,0,a,False,False,False,46.70716,-119.1428848
2363,0.0088702040163049,0.0022237768057164,0.0,0.0,0.0,0.0,l2804956,PQ,1.0,1.0,1.0,7199.557856794634,1000000.0,0.95,1.05,0,0,a,False,True,False,46.70762168,-119.1421751
2364,0.0,0.0,0.0,0.0,0.0,0.0,n1142101,PQ,1.0,1.0,1.0,7199.557856794634,1000000.0,0.95,1.05,0,0,a,False,False,False,46.70694986,-119.1434971
2365,0.0088702040103004,0.0022237767917899,0.0,0.0,0.0,0.0,l2936214,PQ,1.0,1.0,1.0,7199.557856794634,1000000.0,0.95,1.05,0,0,a,False,True,False,46.70705784,-119.1441168
2366,0.0,0.0,0.0,0.0,0.0040701073141997,0.0010203450919349,l3142049,PQ,1.0,1.0,1.0,7199.557856794634,1000000.0,0.95,1.05,0,0,abc,False,True,False,46.7075695,-119.1434675
2367,0.0,0.0,0.0,0.0,0.0,0.0,m1108493,PQ,1.0,1.0,1.0,7199.557856794634,1000000.0,0.95,1.05,0,0,abc,False,False,False,46.70863792,-119.1441484
2368,0.0,0.0,0.0,0.0,0.0,0.0,n1142103,PQ,1.0,1.0,1.0,7199.557856794634,1000000.0,0.95,1.05,0,0,abc,False,False,False,46.70910746,-119.1444476
2369,0.0,0.0,0.0,0.0,0.0040701077496066,0.0010203452810185,l3104830,PQ,1.0,1.0,1.0,7199.557856794634,1000000.0,0.95,1.05,0,0,abc,False,True,False,46.70924862,-119.1445376
2370,0.0,0.0,0.0,0.0,0.0,0.0,n1142104,PQ,1.0,1.0,1.0,7199.557856794634,1000000.0,0.95,1.05,0,0,abc,False,False,False,46.71029646,-119.1447609
2371,0.0,0.0,0.0,0.0,0.0,0.0,m1108500,PQ,1.0,1.0,1.0,7199.557856794634,1000000.0,0.95,1.05,0,0,abc,False,False,False,46.7109387,-119.1448811
2372,0.0,0.0,0.0,0.0,0.0,0.0,m1108505,PQ,1.0,1.0,1.0,7199.557856794634,1000000.0,0.95,1.05,0,0,abc,False,False,False,46.71129776,-119.1449483
2373,0.0088702047290041,0.0022237807027337,0.0,0.0,0.0,0.0,l2955047,PQ,1.0,1.0,1.0,7199.557856794634,1000000.0,0.95,1.05,0,0,abc,False,True,False,46.71205574,-119.1451675
2374,0.0,0.0,0.0145903171351012,0.0036576332041564,0.0,0.0,l3179646,PQ,1.0,1.0,1.0,7199.557856794634,1000000.0,0.95,1.05,0,0,abc,False,True,False,46.71272228,-119.1453349
2375,0.0,0.0,0.0127302768326598,0.0031913412037128,0.0,0.0,l2674027,PQ,1.0,1.0,1.0,7199.557856794634,1000000.0,0.95,1.05,0,0,abc,False,True,False,46.71336678,-119.1456181
2376,0.0,0.0,0.0,0.0,0.0131703519822152,0.0033017097531268,l2692633,PQ,1.0,1.0,1.0,7199.557856794634,1000000.0,0.95,1.05,0,0,abc,False,True,False,46.71374022,-119.1457813
2377,0.0,0.0,0.0,0.0,0.0,0.0,d5578300-1_int,PQ,1.0,1.0,1.0,7199.557856794634,1000000.0,0.95,1.05,0,0,abc,False,False,False,46.71395458,-119.1458521
2378,0.0,0.0,0.0,0.0,0.0,0.0,l2692635,PQ,1.0,1.0,1.0,7199.557856794634,1000000.0,0.95,1.05,0,0,abc,False,False,False,46.71460796,-119.1459565
2379,0.0,0.0,0.0,0.0,0.0,0.0,regxfmr_190-8581,PQ,1.0,1.0,1.0,7199.557856794634,1000000.0,0.95,1.05,0,0,abc,False,False,False,46.71482576,-119.1460088
2380,0.0,0.0,0.0,0.0,0.0,0.0,190-8581,PQ,1.0,1.0,1.0,7199.557856794634,1000000.0,0.95,1.05,0,0,abc,False,False,False,46.71529276,-119.1460857
2381,0.0,0.0,0.0,0.0,0.0,0.0,d5587291-3_int,PQ,1.0,1.0,1.0,7199.557856794634,1000000.0,0.95,1.05,0,0,abc,False,False,False,46.71534848,-119.1461132
2382,0.0,0.0,0.0,0.0,0.0,0.0,q14734,PQ,1.0,1.0,1.0,7199.557856794634,1000000.0,0.95,1.05,0,0,abc,False,False,False,46.71591474,-119.1463221
2383,0.0,0.0,0.0,0.0,0.0,0.0,m1108529,PQ,1.0,1.0,1.0,7199.557856794634,1000000.0,0.95,1.05,0,0,abc,False,False,False,46.7161684,-119.1463925
2384,0.0,0.0,0.0,0.0,0.0,0.0,p829796,PQ,1.0,1.0,1.0,7199.557856794634,1000000.0,0.95,1.05,0,0,c,False,False,False,46.71618604,-119.1462902
2385,0.0,0.0,0.0,0.0,0.0,0.0,n1142107,PQ,1.0,1.0,1.0,7199.557856794634,1000000.0,0.95,1.05,0,0,c,False,False,False,46.71626388,-119.1458385
2386,0.0,0.0,0.0,0.0,0.0,0.0,l3101827,PQ,1.0,1.0,1.0,7199.557856794634,1000000.0,0.95,1.05,0,0,c,False,False,False,46.71604896,-119.1440103
2387,0.0,0.0,0.0,0.0,0.0,0.0,m1108540,PQ,1.0,1.0,1.0,7199.557856794634,1000000.0,0.95,1.05,0,0,c,False,False,False,46.71807326,-119.1431936
2388,0.0,0.0,0.0,0.0,0.010170272930853,0.0025496134435781,l2955006,PQ,1.0,1.0,1.0,7199.557856794634,1000000.0,0.95,1.05,0,0,c,False,True,False,46.71772282,-119.1431676
2389,0.0,0.0,0.0,0.0,0.0101702729430478,0.0025496134616775,l2692600,PQ,1.0,1.0,1.0,7199.557856794634,1000000.0,0.95,1.05,0,0,c,False,True,False,46.71715598,-119.1426144
2390,0.0,0.0,0.0,0.0,0.0101702730166557,0.0025496135709168,l3235945,PQ,1.0,1.0,1.0,7199.557856794634,1000000.0,0.95,1.05,0,0,c,False,True,False,46.71895782,-119.1421825
2391,0.0,0.0,0.0,0.0,0.010170273045972,0.0025496136144254,l2842330,PQ,1.0,1.0,1.0,7199.557856794634,1000000.0,0.95,1.05,0,0,c,False,True,False,46.7190039,-119.1416373
2392,0.0,0.0,0.0,0.0,0.0101702730867133,0.0025496136748898,l3086002,PQ,1.0,1.0,1.0,7199.557856794634,1000000.0,0.95,1.05,0,0,c,False,True,False,46.71917548,-119.1406802
2393,0.0,0.0,0.0,0.0,0.0,0.0,m1126031,PQ,1.0,1.0,1.0,7199.557856794634,1000000.0,0.95,1.05,0,0,c,False,False,False,46.71895742,-119.1392299
2394,0.0,0.0,0.0,0.0,0.0101702731575918,0.002549613780081,l2730107,PQ,1.0,1.0,1.0,7199.557856794634,1000000.0,0.95,1.05,0,0,c,False,True,False,46.7201959,-119.137504
2395,0.0,0.0,0.0,0.0,0.0152604098453438,0.0038256741299485,l3179608,PQ,1.0,1.0,1.0,7199.557856794634,1000000.0,0.95,1.05,0,0,c,False,True,False,46.71896356,-119.1386593
2396,0.0,0.0,0.0,0.0,0.0,0.0,m1108532,PQ,1.0,1.0,1.0,7199.557856794634,1000000.0,0.95,1.05,0,0,abc,False,False,False,46.71640836,-119.1467053
2397,0.0,0.0,0.0,0.0,0.0,0.0,m1108535,PQ,1.0,1.0,1.0,7199.557856794634,1000000.0,0.95,1.05,0,0,abc,False,False,False,46.71708594,-119.1480757
2398,0.0,0.0,0.0,0.0,0.0,0.0,m1108534,PQ,1.0,1.0,1.0,7199.557856794634,1000000.0,0.95,1.05,0,0,abc,False,False,False,46.71660926,-119.153102
2399,0.0,0.0,0.0,0.0,0.0,0.0,p901934,PQ,1.0,1.0,1.0,7199.557856794634,1000000.0,0.95,1.05,0,0,a,False,False,False,46.71654496,-119.1530249
2400,0.0,0.0,0.0,0.0,0.0,0.0,n1140517,PQ,1.0,1.0,1.0,7199.557856794634,1000000.0,0.95,1.05,0,0,a,False,False,False,46.71640036,-119.1528516
2401,0.0083201917025507,0.0020858940122065,0.0,0.0,0.0,0.0,l3157718,PQ,1.0,1.0,1.0,7199.557856794634,1000000.0,0.95,1.05,0,0,a,False,True,False,46.71505742,-119.1525029
2402,0.0,0.0,0.0,0.0,0.0,0.0,m1108526,PQ,1.0,1.0,1.0,7199.557856794634,1000000.0,0.95,1.05,0,0,abc,False,False,False,46.71588234,-119.1551244
2403,0.0,0.0,0.0,0.0,0.0,0.0,m1089199,PQ,1.0,1.0,1.0,7199.557856794634,1000000.0,0.95,1.05,0,0,abc,False,False,False,46.71529394,-119.1566918
2404,0.0,0.0,0.0,0.0,0.0,0.0,m1089197,PQ,1.0,1.0,1.0,7199.557856794634,1000000.0,0.95,1.05,0,0,abc,False,False,False,46.71479544,-119.1579491
2405,0.0,0.0,0.0,0.0,0.0,0.0,m1089196,PQ,1.0,1.0,1.0,7199.557856794634,1000000.0,0.95,1.05,0,0,abc,False,False,False,46.71438908,-119.1594916
2406,0.0,0.0,0.0,0.0,0.0,0.0,m1089198,PQ,1.0,1.0,1.0,7199.557856794634,1000000.0,0.95,1.05,0,0,abc,False,False,False,46.7149737,-119.1611829
2407,0.0,0.0,0.0,0.0,0.0,0.0,m1089201,PQ,1.0,1.0,1.0,7199.557856794634,1000000.0,0.95,1.05,0,0,abc,False,False,False,46.71609086,-119.1639043
2408,0.0,0.0,0.0,0.0,0.0,0.0,m1089202,PQ,1.0,1.0,1.0,7199.557856794634,1000000.0,0.95,1.05,0,0,abc,False,False,False,46.71611664,-119.1639657
2409,0.0,0.0,0.0,0.0,0.0,0.0,m1089203,PQ,1.0,1.0,1.0,7199.557856794634,1000000.0,0.95,1.05,0,0,abc,False,False,False,46.71652184,-119.1649298
2410,0.0,0.0,0.0,0.0,0.0,0.0,p895087,PQ,1.0,1.0,1.0,7199.557856794634,1000000.0,0.95,1.05,0,0,a,False,False,False,46.71661148,-119.1649109
2411,0.0,0.0,0.0,0.0,0.0,0.0,m1089205,PQ,1.0,1.0,1.0,7199.557856794634,1000000.0,0.95,1.05,0,0,a,False,False,False,46.71672796,-119.1648864
2412,0.0,0.0,0.0,0.0,0.0,0.0,n1134472,PQ,1.0,1.0,1.0,7199.557856794634,1000000.0,0.95,1.05,0,0,a,False,False,False,46.7169313,-119.1648435
2413,0.0088702044199258,0.0022237855472431,0.0,0.0,0.0,0.0,l2973148,PQ,1.0,1.0,1.0,7199.557856794634,1000000.0,0.95,1.05,0,0,a,False,True,False,46.71804172,-119.16311
2414,0.0,0.0,0.0,0.0,0.0,0.0,m1089200,PQ,1.0,1.0,1.0,7199.557856794634,1000000.0,0.95,1.05,0,0,a,False,False,False,46.71597124,-119.1652328
2415,0.0088702043981688,0.0022237854967824,0.0,0.0,0.0,0.0,l2916602,PQ,1.0,1.0,1.0,7199.557856794634,1000000.0,0.95,1.05,0,0,a,False,True,False,46.71596088,-119.1656927
2416,0.0,0.0,0.0,0.0,0.0,0.0,m1089207,PQ,1.0,1.0,1.0,7199.557856794634,1000000.0,0.95,1.05,0,0,abc,False,False,False,46.71680306,-119.165824
2417,0.0053201225440207,0.0013337698637595,0.0,0.0,0.0,0.0,l3160098,PQ,1.0,1.0,1.0,7199.557856794634,1000000.0,0.95,1.05,0,0,abc,False,True,False,46.71692316,-119.1662037
2418,0.0,0.0,0.0,0.0,0.0,0.0,m1089213,PQ,1.0,1.0,1.0,7199.557856794634,1000000.0,0.95,1.05,0,0,abc,False,False,False,46.7170922,-119.1680149
2419,0.0,0.0,0.0,0.0,0.0,0.0,p895089,PQ,1.0,1.0,1.0,7199.557856794634,1000000.0,0.95,1.05,0,0,c,False,False,False,46.7169594,-119.1680325
2420,0.0,0.0,0.0,0.0,0.0101702759714071,0.00254961531746,l3235242,PQ,1.0,1.0,1.0,7199.557856794634,1000000.0,0.95,1.05,0,0,c,False,True,False,46.71609992,-119.1681465
2421,0.0,0.0,0.0,0.0,0.0,0.0,m1089195,PQ,1.0,1.0,1.0,7199.557856794634,1000000.0,0.95,1.05,0,0,c,False,False,False,46.71414214,-119.1683668
2422,0.0,0.0,0.0,0.0,0.0101702760227669,0.00254961539362,l3141393,PQ,1.0,1.0,1.0,7199.557856794634,1000000.0,0.95,1.05,0,0,c,False,True,False,46.71410878,-119.1702978
2423,0.0,0.0,0.0,0.0,0.0152604141203784,0.0038256765692803,l3118855,PQ,1.0,1.0,1.0,7199.557856794634,1000000.0,0.95,1.05,0,0,abc,False,True,False,46.717071,-119.1693944
2424,0.0,0.0,0.0,0.0,0.0101702759926549,0.0025496154056932,l3231255,PQ,1.0,1.0,1.0,7199.557856794634,1000000.0,0.95,1.05,0,0,abc,False,True,False,46.7170885,-119.1702591
2425,0.0,0.0,0.0,0.0,0.0,0.0,n1144663,PQ,1.0,1.0,1.0,7199.557856794634,1000000.0,0.95,1.05,0,0,abc,False,False,False,46.71713376,-119.1706964
2426,0.0,0.0,0.0,0.0,0.0,0.0,m1089215,PQ,1.0,1.0,1.0,7199.557856794634,1000000.0,0.95,1.05,0,0,abc,False,False,False,46.71717862,-119.1711294
2427,0.0,0.0,0.0,0.0,0.0,0.0,m1089220,PQ,1.0,1.0,1.0,7199.557856794634,1000000.0,0.95,1.05,0,0,abc,False,False,False,46.71874612,-119.1709691
2428,0.0,0.0,0.0,0.0,0.0,0.0,n1134474,PQ,1.0,1.0,1.0,7199.557856794634,1000000.0,0.95,1.05,0,0,abc,False,False,False,46.7172482,-119.1719072
2429,0.0,0.0,0.0,0.0,0.0,0.0,m1069496,PQ,1.0,1.0,1.0,7199.557856794634,1000000.0,0.95,1.05,0,0,abc,False,False,False,46.71733474,-119.1728749
2430,0.0,0.0,0.0,0.0,0.0,0.0,n1134475,PQ,1.0,1.0,1.0,7199.557856794634,1000000.0,0.95,1.05,0,0,abc,False,False,False,46.71734242,-119.173895
2431,0.0,0.0,0.0,0.0,0.0,0.0,m1069497,PQ,1.0,1.0,1.0,7199.557856794634,1000000.0,0.95,1.05,0,0,abc,False,False,False,46.71734668,-119.1744659
2432,0.0,0.0,0.0,0.0,0.0,0.0,m1069495,PQ,1.0,1.0,1.0,7199.557856794634,1000000.0,0.95,1.05,0,0,abc,False,False,False,46.71729196,-119.1747193
2433,0.0,0.0,0.0,0.0,0.0,0.0,m1069498,PQ,1.0,1.0,1.0,7199.557856794634,1000000.0,0.95,1.05,0,0,abc,False,False,False,46.71742112,-119.1748332
2434,0.0,0.0,0.0,0.0,0.0,0.0,m1069499,PQ,1.0,1.0,1.0,7199.557856794634,1000000.0,0.95,1.05,0,0,abc,False,False,False,46.71833932,-119.1761065
2435,0.0,0.0,0.0,0.0,0.0,0.0,n1134476,PQ,1.0,1.0,1.0,7199.557856794634,1000000.0,0.95,1.05,0,0,abc,False,False,False,46.71867106,-119.1765274
2436,0.0,0.0,0.0069574713293092,0.0017441611317324,0.0,0.0,l3066814,PQ,1.0,1.0,1.0,7199.557856794634,1000000.0,0.95,1.05,0,0,abc,False,True,False,46.7190627,-119.1770243
2437,0.0,0.0,0.0,0.0,0.0,0.0,n1134477,PQ,1.0,1.0,1.0,7199.557856794634,1000000.0,0.95,1.05,0,0,abc,False,False,False,46.71920558,-119.1771987
2438,0.0,0.0,0.0,0.0,0.0,0.0,d5534969-2_int,PQ,1.0,1.0,1.0,7199.557856794634,1000000.0,0.95,1.05,0,0,abc,False,False,False,46.7192906,-119.1772875
2439,0.0,0.0,0.0,0.0,0.0,0.0,p827498,PQ,1.0,1.0,1.0,7199.557856794634,1000000.0,0.95,1.05,0,0,a,False,False,False,46.71494916,-119.157856
2440,0.0,0.0,0.0,0.0,0.0,0.0,n1136032,PQ,1.0,1.0,1.0,7199.557856794634,1000000.0,0.95,1.05,0,0,a,False,False,False,46.7153876,-119.1577697
2441,0.0,0.0,0.0,0.0,0.0,0.0,m1089204,PQ,1.0,1.0,1.0,7199.557856794634,1000000.0,0.95,1.05,0,0,a,False,False,False,46.71671698,-119.1578424
2442,0.0053201226525013,0.0013337694580913,0.0,0.0,0.0,0.0,l3010557,PQ,1.0,1.0,1.0,7199.557856794634,1000000.0,0.95,1.05,0,0,a,False,True,False,46.71671132,-119.1570899
2443,0.0053201226590517,0.0013337694732824,0.0,0.0,0.0,0.0,l3157167,PQ,1.0,1.0,1.0,7199.557856794634,1000000.0,0.95,1.05,0,0,a,False,True,False,46.71748532,-119.1578604
2444,0.008870204531554,0.0022237848705145,0.0,0.0,0.0,0.0,l2785511,PQ,1.0,1.0,1.0,7199.557856794634,1000000.0,0.95,1.05,0,0,a,False,True,False,46.71927732,-119.1578905
2445,0.0,0.0,0.0,0.0,0.0,0.0,p895075,PQ,1.0,1.0,1.0,7199.557856794634,1000000.0,0.95,1.05,0,0,c,False,False,False,46.71578076,-119.1550133
2446,0.0,0.0,0.0,0.0,0.0,0.0,m1108524,PQ,1.0,1.0,1.0,7199.557856794634,1000000.0,0.95,1.05,0,0,c,False,False,False,46.71572356,-119.1549508
2447,0.0,0.0,0.0,0.0,0.0,0.0,m1108520,PQ,1.0,1.0,1.0,7199.557856794634,1000000.0,0.95,1.05,0,0,c,False,False,False,46.71532714,-119.1545174
2448,0.0,0.0,0.0,0.0,0.0,0.0,m1108514,PQ,1.0,1.0,1.0,7199.557856794634,1000000.0,0.95,1.05,0,0,c,False,False,False,46.71393324,-119.1545149
2449,0.0,0.0,0.0,0.0,0.0,0.0,m1108508,PQ,1.0,1.0,1.0,7199.557856794634,1000000.0,0.95,1.05,0,0,c,False,False,False,46.71253932,-119.1545115
2450,0.0,0.0,0.0,0.0,0.004070109818851,0.00102034703079,l3097861,PQ,1.0,1.0,1.0,7199.557856794634,1000000.0,0.95,1.05,0,0,c,False,True,False,46.71123254,-119.1545121
2451,0.0,0.0,0.0,0.0,0.0101702743946589,0.0025496140302019,l2804277,PQ,1.0,1.0,1.0,7199.557856794634,1000000.0,0.95,1.05,0,0,c,False,True,False,46.7153246,-119.1535941
2452,0.0,0.0,0.0,0.0,0.0,0.0,n1136031,PQ,1.0,1.0,1.0,7199.557856794634,1000000.0,0.95,1.05,0,0,c,False,False,False,46.7161866,-119.1549468
2453,0.0,0.0,0.0,0.0,0.0061001645778241,0.0015292670166852,l3197625,PQ,1.0,1.0,1.0,7199.557856794634,1000000.0,0.95,1.05,0,0,c,False,True,False,46.71694306,-119.1545054
2454,0.0,0.0,0.0,0.0,0.0,0.0,p895082,PQ,1.0,1.0,1.0,7199.557856794634,1000000.0,0.95,1.05,0,0,b,False,False,False,46.7163976,-119.1468918
2455,0.0,0.0,0.0,0.0,0.0,0.0,n1142106,PQ,1.0,1.0,1.0,7199.557856794634,1000000.0,0.95,1.05,0,0,b,False,False,False,46.71638106,-119.1471781
2456,0.0,0.0,0.0145903175282196,0.003657632540817,0.0,0.0,l2936213,PQ,1.0,1.0,1.0,7199.557856794634,1000000.0,0.95,1.05,0,0,b,False,True,False,46.71635522,-119.1476257
2457,0.0,0.0,0.0,0.0,0.0,0.0,m1108527,PQ,1.0,1.0,1.0,7199.557856794634,1000000.0,0.95,1.05,0,0,b,False,False,False,46.71596084,-119.1490374
2458,0.0,0.0,0.0097302117733151,0.0024392573651259,0.0,0.0,l3141394,PQ,1.0,1.0,1.0,7199.557856794634,1000000.0,0.95,1.05,0,0,b,False,True,False,46.71594328,-119.1491002
2459,0.0,0.0,0.0,0.0,0.0,0.0,p901946,PQ,1.0,1.0,1.0,7199.557856794634,1000000.0,0.95,1.05,0,0,a,False,False,False,46.7113075,-119.1448863
2460,0.0,0.0,0.0,0.0,0.0,0.0,n1142105,PQ,1.0,1.0,1.0,7199.557856794634,1000000.0,0.95,1.05,0,0,a,False,False,False,46.71131688,-119.1448267
2461,0.008870204829744,0.0022237805716544,0.0,0.0,0.0,0.0,l3027122,PQ,1.0,1.0,1.0,7199.557856794634,1000000.0,0.95,1.05,0,0,a,False,True,False,46.71134758,-119.1446318
2462,0.0,0.0,0.0,0.0,0.0,0.0,m1108506,PQ,1.0,1.0,1.0,7199.557856794634,1000000.0,0.95,1.05,0,0,a,False,False,False,46.7113322,-119.1445099
2463,0.0,0.0,0.0,0.0,0.0,0.0,m1108501,PQ,1.0,1.0,1.0,7199.557856794634,1000000.0,0.95,1.05,0,0,a,False,False,False,46.71110774,-119.1431848
2464,0.0,0.0,0.0,0.0,0.0,0.0,m1108499,PQ,1.0,1.0,1.0,7199.557856794634,1000000.0,0.95,1.05,0,0,a,False,False,False,46.71088834,-119.1422379
2465,0.0118702745748231,0.0029759056935188,0.0,0.0,0.0,0.0,l3065665,PQ,1.0,1.0,1.0,7199.557856794634,1000000.0,0.95,1.05,0,0,a,False,True,False,46.71037264,-119.1421799
2466,0.0118702748082435,0.0029759061563389,0.0,0.0,0.0,0.0,l3235946,PQ,1.0,1.0,1.0,7199.557856794634,1000000.0,0.95,1.05,0,0,a,False,True,False,46.71024946,-119.1403261
2467,0.0,0.0,0.0,0.0,0.0,0.0,m1126005,PQ,1.0,1.0,1.0,7199.557856794634,1000000.0,0.95,1.05,0,0,a,False,False,False,46.71006764,-119.1373392
2468,0.005320123318618,0.0013337678591608,0.0,0.0,0.0,0.0,l3011229,PQ,1.0,1.0,1.0,7199.557856794634,1000000.0,0.95,1.05,0,0,a,False,True,False,46.70895282,-119.1376813
2469,0.0088702056896792,0.0022237822887777,0.0,0.0,0.0,0.0,l2767342,PQ,1.0,1.0,1.0,7199.557856794634,1000000.0,0.95,1.05,0,0,a,False,True,False,46.7109768,-119.1368537
2470,0.0088702057440595,0.0022237823966214,0.0,0.0,0.0,0.0,l2748780,PQ,1.0,1.0,1.0,7199.557856794634,1000000.0,0.95,1.05,0,0,a,False,True,False,46.71133952,-119.1361378
2471,0.0088702058083663,0.0022237825199107,0.0,0.0,0.0,0.0,l2823544,PQ,1.0,1.0,1.0,7199.557856794634,1000000.0,0.95,1.05,0,0,a,False,True,False,46.71209998,-119.1353795
2472,0.0,0.0,0.0,0.0,0.0,0.0,m1126016,PQ,1.0,1.0,1.0,7199.557856794634,1000000.0,0.95,1.05,0,0,a,False,False,False,46.71200568,-119.134862
2473,0.0053201234568469,0.0013337681307271,0.0,0.0,0.0,0.0,l3195321,PQ,1.0,1.0,1.0,7199.557856794634,1000000.0,0.95,1.05,0,0,a,False,True,False,46.71117648,-119.134296
2474,0.0,0.0,0.0,0.0,0.0,0.0,l3120534,PQ,1.0,1.0,1.0,7199.557856794634,1000000.0,0.95,1.05,0,0,a,False,False,False,46.71208884,-119.1342614
2475,0.0,0.0,0.0,0.0,0.0,0.0,m1126020,PQ,1.0,1.0,1.0,7199.557856794634,1000000.0,0.95,1.05,0,0,a,False,False,False,46.71231944,-119.1325005
2476,0.0,0.0,0.0,0.0,0.0,0.0,m1126023,PQ,1.0,1.0,1.0,7199.557856794634,1000000.0,0.95,1.05,0,0,a,False,False,False,46.71255744,-119.1320994
2477,0.0,0.0,0.0,0.0,0.0,0.0,m1126017,PQ,1.0,1.0,1.0,7199.557856794634,1000000.0,0.95,1.05,0,0,a,False,False,False,46.712037,-119.1309413
2478,0.0133003088155528,0.0033344206086961,0.0,0.0,0.0,0.0,l2748781,PQ,1.0,1.0,1.0,7199.557856794634,1000000.0,0.95,1.05,0,0,a,False,True,False,46.71205742,-119.1301543
2479,0.0133003087898466,0.0033344205702515,0.0,0.0,0.0,0.0,l3101782,PQ,1.0,1.0,1.0,7199.557856794634,1000000.0,0.95,1.05,0,0,a,False,True,False,46.71170202,-119.1314358
2480,0.0,0.0,0.0,0.0,0.0,0.0,m1126025,PQ,1.0,1.0,1.0,7199.557856794634,1000000.0,0.95,1.05,0,0,a,False,False,False,46.7138077,-119.1337277
2481,0.0088702059536064,0.0022237827930984,0.0,0.0,0.0,0.0,l2823545,PQ,1.0,1.0,1.0,7199.557856794634,1000000.0,0.95,1.05,0,0,a,False,True,False,46.71456954,-119.1339987
2482,0.0,0.0,0.0,0.0,0.0,0.0,m1108507,PQ,1.0,1.0,1.0,7199.557856794634,1000000.0,0.95,1.05,0,0,a,False,False,False,46.71177276,-119.1423407
2483,0.0083201924153558,0.0020858917028882,0.0,0.0,0.0,0.0,l3108449,PQ,1.0,1.0,1.0,7199.557856794634,1000000.0,0.95,1.05,0,0,a,False,True,False,46.71265912,-119.1424166
2484,0.0,0.0,0.0,0.0,0.0,0.0,p829797,PQ,1.0,1.0,1.0,7199.557856794634,1000000.0,0.95,1.05,0,0,a,False,False,False,46.7047103,-119.1418328
2485,0.0,0.0,0.0,0.0,0.0,0.0,m1108483,PQ,1.0,1.0,1.0,7199.557856794634,1000000.0,0.95,1.05,0,0,a,False,False,False,46.70470102,-119.1417334
2486,0.0,0.0,0.0,0.0,0.0,0.0,m1108486,PQ,1.0,1.0,1.0,7199.557856794634,1000000.0,0.95,1.05,0,0,a,False,False,False,46.7047905,-119.1421262
2487,0.0088702035456662,0.0022237745221572,0.0,0.0,0.0,0.0,l3067447,PQ,1.0,1.0,1.0,7199.557856794634,1000000.0,0.95,1.05,0,0,a,False,True,False,46.70488174,-119.1423418
2488,0.0,0.0,0.0,0.0,0.0,0.0,n1142098,PQ,1.0,1.0,1.0,7199.557856794634,1000000.0,0.95,1.05,0,0,a,False,False,False,46.70469034,-119.1416189
2489,0.0088702035479622,0.0022237745274834,0.0,0.0,0.0,0.0,l2936212,PQ,1.0,1.0,1.0,7199.557856794634,1000000.0,0.95,1.05,0,0,a,False,True,False,46.70460802,-119.1407364
2490,0.0,0.0,0.0,0.0,0.0,0.0,p901945,PQ,1.0,1.0,1.0,7199.557856794634,1000000.0,0.95,1.05,0,0,abc,False,False,False,46.69557118,-119.1394414
2491,0.0,0.0,0.0,0.0,0.0,0.0,m1125988,PQ,1.0,1.0,1.0,7199.557856794634,1000000.0,0.95,1.05,0,0,abc,False,False,False,46.69559478,-119.1395362
2492,0.006550146619367,0.0016421245760717,0.0,0.0,0.0,0.0,l2898457,PQ,1.0,1.0,1.0,7199.557856794634,1000000.0,0.95,1.05,0,0,a,False,True,False,46.69525342,-119.1400887
2493,0.0266005954124888,0.006668780800343,0.0291806400533391,0.0073152597179665,0.0305207793431144,0.0076513234133269,l2767340,PQ,1.0,1.0,1.0,7199.557856794634,1000000.0,0.95,1.05,0,0,abc,False,True,False,46.69589034,-119.1407216
2494,0.0,0.0,0.0,0.0,0.0,0.0,m3037449,PQ,1.0,1.0,1.0,7199.557856794634,1000000.0,0.95,1.05,0,0,abc,False,False,False,46.69589826,-119.1407534
2495,0.0,0.0,0.0,0.0,0.0,0.0,m1108375,PQ,1.0,1.0,1.0,7199.557856794634,1000000.0,0.95,1.05,0,0,c,False,False,False,46.6960607,-119.1410006
2496,0.0,0.0,0.0,0.0,0.0091002323874329,0.0022813579319659,l3160793,PQ,1.0,1.0,1.0,7199.557856794634,1000000.0,0.95,1.05,0,0,c,False,True,False,46.69562358,-119.1417597
2497,0.0,0.0,0.0,0.0,0.0,0.0,p895107,PQ,1.0,1.0,1.0,7199.557856794634,1000000.0,0.95,1.05,0,0,c,False,False,False,46.69298222,-119.1377453
2498,0.0,0.0,0.0,0.0,0.0131703333592033,0.003301698728428,l3030126,PQ,1.0,1.0,1.0,7199.557856794634,1000000.0,0.95,1.05,0,0,c,False,True,False,46.69173756,-119.1377169
2499,0.0,0.0,0.0,0.0,0.0101702574466643,0.0025496033811286,l3254870,PQ,1.0,1.0,1.0,7199.557856794634,1000000.0,0.95,1.05,0,0,c,False,True,False,46.69140802,-119.1384378
2500,0.0,0.0,0.0,0.0,0.0,0.0,m1125943,PQ,1.0,1.0,1.0,7199.557856794634,1000000.0,0.95,1.05,0,0,c,False,False,False,46.685023,-119.1390725
2501,0.0,0.0,0.0,0.0,0.0,0.0,221-703009,PQ,1.0,1.0,1.0,7199.557856794634,1000000.0,0.95,1.05,0,0,c,False,False,False,46.6849773,-119.1390022
2502,0.0,0.0,0.0,0.0,0.0152603865246485,0.0038256589040243,l3150961,PQ,1.0,1.0,1.0,7199.557856794634,1000000.0,0.95,1.05,0,0,c,False,True,False,46.6846787,-119.1385428
2503,0.0,0.0,0.0,0.0,0.0,0.0,p903490,PQ,1.0,1.0,1.0,7199.557856794634,1000000.0,0.95,1.05,0,0,c,False,False,False,46.69245694,-119.1326981
2504,0.0,0.0,0.0,0.0,0.0,0.0,m1125961,PQ,1.0,1.0,1.0,7199.557856794634,1000000.0,0.95,1.05,0,0,c,False,False,False,46.69242288,-119.1327113
2505,0.0,0.0,0.0,0.0,0.0,0.0,m1125959,PQ,1.0,1.0,1.0,7199.557856794634,1000000.0,0.95,1.05,0,0,c,False,False,False,46.69233244,-119.1327465
2506,0.0,0.0,0.0,0.0,0.0,0.0,m1125974,PQ,1.0,1.0,1.0,7199.557856794634,1000000.0,0.95,1.05,0,0,c,False,False,False,46.6931799,-119.1325774
2507,0.0,0.0,0.0,0.0,0.0101702541450993,0.0025495995057971,l3104796,PQ,1.0,1.0,1.0,7199.557856794634,1000000.0,0.95,1.05,0,0,c,False,True,False,46.69318926,-119.1325761
2508,0.0,0.0,0.0,0.0,0.0,0.0,m1125979,PQ,1.0,1.0,1.0,7199.557856794634,1000000.0,0.95,1.05,0,0,c,False,False,False,46.69335914,-119.1332293
2509,0.0,0.0,0.0,0.0,0.0101702541703852,0.002549599543525,l2917255,PQ,1.0,1.0,1.0,7199.557856794634,1000000.0,0.95,1.05,0,0,c,False,True,False,46.69459156,-119.1327381
2510,0.0,0.0,0.0,0.0,0.0061001524336224,0.0015292583117367,l2861197,PQ,1.0,1.0,1.0,7199.557856794634,1000000.0,0.95,1.05,0,0,c,False,True,False,46.69139574,-119.1331109
2511,0.0,0.0,0.0,0.0,0.0061001524398757,0.0015292583261855,l3160896,PQ,1.0,1.0,1.0,7199.557856794634,1000000.0,0.95,1.05,0,0,c,False,True,False,46.69043076,-119.1336127
2512,0.0,0.0,0.0,0.0,0.0,0.0,p829956,PQ,1.0,1.0,1.0,7199.557856794634,1000000.0,0.95,1.05,0,0,c,False,False,False,46.68657768,-119.1233733
2513,0.0,0.0,0.0,0.0,0.0040700978703536,0.001020336143661,l3160861,PQ,1.0,1.0,1.0,7199.557856794634,1000000.0,0.95,1.05,0,0,c,False,True,False,46.68734902,-119.1228707
2514,0.0,0.0,0.0,0.0,0.0,0.0,p895112,PQ,1.0,1.0,1.0,7199.557856794634,1000000.0,0.95,1.05,0,0,a,False,False,False,46.6848724,-119.1202613
2515,0.0133002709723738,0.0033343434328555,0.0,0.0,0.0,0.0,l3048962,PQ,1.0,1.0,1.0,7199.557856794634,1000000.0,0.95,1.05,0,0,a,False,True,False,46.6851538,-119.1199809
2516,0.0053201062871837,0.0013337328962256,0.0,0.0,0.0,0.0,l3081380,PQ,1.0,1.0,1.0,7199.557856794634,1000000.0,0.95,1.05,0,0,abc,False,True,False,46.68147938,-119.1172784
2517,0.0,0.0,0.0,0.0,0.0,0.0,d5799561-2_int,PQ,1.0,1.0,1.0,7199.557856794634,1000000.0,0.95,1.05,0,0,abc,False,False,False,46.68128498,-119.1182286
2518,0.0,0.0,0.0,0.0,0.0,0.0,e193509,PQ,1.0,1.0,1.0,7199.557856794634,1000000.0,0.95,1.05,0,0,abc,False,False,False,46.68118946,-119.1188178
2519,0.0,0.0,0.0,0.0,0.0,0.0,m1142839,PQ,1.0,1.0,1.0,7199.557856794634,1000000.0,0.95,1.05,0,0,abc,False,False,False,46.68096224,-119.1198517
2520,0.0,0.0,0.0,0.0,0.0152603546193158,0.0038256183543,l3067507,PQ,1.0,1.0,1.0,7199.557856794634,1000000.0,0.95,1.05,0,0,c,False,True,False,46.68155562,-119.119966
2521,0.0,0.0,0.0,0.0,0.0,0.0,m1142832,PQ,1.0,1.0,1.0,7199.557856794634,1000000.0,0.95,1.05,0,0,abc,False,False,False,46.6807069,-119.1210642
2522,0.0088701779979895,0.0022237245354996,0.0,0.0,0.0,0.0,l3160865,PQ,1.0,1.0,1.0,7199.557856794634,1000000.0,0.95,1.05,0,0,abc,False,True,False,46.68044628,-119.1221701
2523,0.0,0.0,0.0,0.0,0.0,0.0,m1142828,PQ,1.0,1.0,1.0,7199.557856794634,1000000.0,0.95,1.05,0,0,abc,False,False,False,46.67892854,-119.1234631
2524,0.0,0.0,0.0,0.0,0.0061001416663873,0.0015292447795382,l2674047,PQ,1.0,1.0,1.0,7199.557856794634,1000000.0,0.95,1.05,0,0,abc,False,True,False,46.67892828,-119.1234634
2525,0.0,0.0,0.0,0.0,0.0101702361112168,0.0025495769618131,l2692655,PQ,1.0,1.0,1.0,7199.557856794634,1000000.0,0.95,1.05,0,0,abc,False,True,False,46.67824474,-119.1241075
2526,0.0,0.0,0.0,0.0,0.0,0.0,m1142821,PQ,1.0,1.0,1.0,7199.557856794634,1000000.0,0.95,1.05,0,0,abc,False,False,False,46.67764802,-119.1246812
2527,0.0,0.0,0.0097301985800784,0.002439227871028,0.0,0.0,l2711226,PQ,1.0,1.0,1.0,7199.557856794634,1000000.0,0.95,1.05,0,0,abc,False,True,False,46.67763042,-119.1246996
2528,0.0,0.0,0.0,0.0,0.0,0.0,m1142819,PQ,1.0,1.0,1.0,7199.557856794634,1000000.0,0.95,1.05,0,0,abc,False,False,False,46.67678852,-119.1255798
2529,0.0,0.0,0.0127302600685808,0.0031913030573563,0.0,0.0,l2861219,PQ,1.0,1.0,1.0,7199.557856794634,1000000.0,0.95,1.05,0,0,b,False,True,False,46.67622904,-119.1247829
2530,0.0,0.0,0.0,0.0,0.0,0.0,m1142818,PQ,1.0,1.0,1.0,7199.557856794634,1000000.0,0.95,1.05,0,0,abc,False,False,False,46.67599334,-119.1264409
2531,0.0,0.0,0.0,0.0,0.0,0.0,d5504876-1_int,PQ,1.0,1.0,1.0,7199.557856794634,1000000.0,0.95,1.05,0,0,abc,False,False,False,46.67518666,-119.1263225
2532,0.0,0.0,0.0,0.0,0.0,0.0,p829965,PQ,1.0,1.0,1.0,7199.557856794634,1000000.0,0.95,1.05,0,0,abc,False,False,False,46.67504932,-119.1262359
2533,0.0053201077821961,0.001333733959388,0.0,0.0,0.0,0.0,l2936271,PQ,1.0,1.0,1.0,7199.557856794634,1000000.0,0.95,1.05,0,0,abc,False,True,False,46.67469068,-119.1260262
2534,0.0,0.0,0.0,0.0,0.0,0.0,m1142815,PQ,1.0,1.0,1.0,7199.557856794634,1000000.0,0.95,1.05,0,0,abc,False,False,False,46.67367772,-119.1240291
2535,0.0,0.0,0.0,0.0,0.0,0.0,m1142814,PQ,1.0,1.0,1.0,7199.557856794634,1000000.0,0.95,1.05,0,0,abc,False,False,False,46.67354812,-119.1215108
2536,0.0,0.0,0.0,0.0,0.0,0.0,m1142810,PQ,1.0,1.0,1.0,7199.557856794634,1000000.0,0.95,1.05,0,0,abc,False,False,False,46.67231744,-119.1166528
2537,0.0,0.0,0.0,0.0,0.0,0.0,m1142808,PQ,1.0,1.0,1.0,7199.557856794634,1000000.0,0.95,1.05,0,0,b,False,False,False,46.67217094,-119.1163856
2538,0.0,0.0,0.0097301992892402,0.0024392302944347,0.0,0.0,l3160868,PQ,1.0,1.0,1.0,7199.557856794634,1000000.0,0.95,1.05,0,0,b,False,True,False,46.67152178,-119.1150187
2539,0.0,0.0,0.0058401196221471,0.0014640395731267,0.0,0.0,l3082988,PQ,1.0,1.0,1.0,7199.557856794634,1000000.0,0.95,1.05,0,0,b,False,True,False,46.67127054,-119.1146748
2540,0.0,0.0,0.0,0.0,0.0,0.0,m1149225,PQ,1.0,1.0,1.0,7199.557856794634,1000000.0,0.95,1.05,0,0,b,False,False,False,46.67029106,-119.1145178
2541,0.0,0.0,0.0097301993517317,0.0024392303912777,0.0,0.0,l2767409,PQ,1.0,1.0,1.0,7199.557856794634,1000000.0,0.95,1.05,0,0,b,False,True,False,46.66932416,-119.114391
2542,0.0,0.0,0.0,0.0,0.0,0.0,m1142800,PQ,1.0,1.0,1.0,7199.557856794634,1000000.0,0.95,1.05,0,0,b,False,False,False,46.66846304,-119.1156105
2543,0.0,0.0,0.0,0.0,0.0,0.0,m1142799,PQ,1.0,1.0,1.0,7199.557856794634,1000000.0,0.95,1.05,0,0,b,False,False,False,46.66760696,-119.116836
2544,0.0,0.0,0.0,0.0,0.0,0.0,m1142798,PQ,1.0,1.0,1.0,7199.557856794634,1000000.0,0.95,1.05,0,0,b,False,False,False,46.66760192,-119.1185625
2545,0.0,0.0,0.0,0.0,0.0,0.0,m1142801,PQ,1.0,1.0,1.0,7199.557856794634,1000000.0,0.95,1.05,0,0,b,False,False,False,46.66873498,-119.118647
2546,0.0,0.0,0.0127302609425052,0.003191305727283,0.0,0.0,l3217064,PQ,1.0,1.0,1.0,7199.557856794634,1000000.0,0.95,1.05,0,0,b,False,True,False,46.67016012,-119.1188583
2547,0.0,0.0,0.0,0.0,0.0,0.0,l3200222,PQ,1.0,1.0,1.0,7199.557856794634,1000000.0,0.95,1.05,0,0,b,False,False,False,46.6699337,-119.1227833
2548,0.0,0.0,0.0,0.0,0.0,0.0,m1142813,PQ,1.0,1.0,1.0,7199.557856794634,1000000.0,0.95,1.05,0,0,abc,False,False,False,46.67387988,-119.1197952
2549,0.0083201688341606,0.0020858398804519,0.0,0.0,0.0,0.0,l2917359,PQ,1.0,1.0,1.0,7199.557856794634,1000000.0,0.95,1.05,0,0,a,False,True,False,46.6739372,-119.1240314
2550,0.0,0.0,0.0,0.0,0.0,0.0,n1141477,PQ,1.0,1.0,1.0,7199.557856794634,1000000.0,0.95,1.05,0,0,a,False,False,False,46.67353532,-119.1244069
2551,0.0133002699491226,0.0033343354806497,0.0,0.0,0.0,0.0,l2879794,PQ,1.0,1.0,1.0,7199.557856794634,1000000.0,0.95,1.05,0,0,a,False,True,False,46.67336866,-119.1248491
2552,0.0,0.0,0.0,0.0,0.0,0.0,m1142811,PQ,1.0,1.0,1.0,7199.557856794634,1000000.0,0.95,1.05,0,0,a,False,False,False,46.67300358,-119.1252272
2553,0.0088701800619463,0.002223726047694,0.0,0.0,0.0,0.0,l2992657,PQ,1.0,1.0,1.0,7199.557856794634,1000000.0,0.95,1.05,0,0,a,False,True,False,46.67227402,-119.1253486
2554,0.0118702409964084,0.0029758318557638,0.0,0.0,0.0,0.0,l2917330,PQ,1.0,1.0,1.0,7199.557856794634,1000000.0,0.95,1.05,0,0,a,False,True,False,46.6721428,-119.1261186
2555,0.0163003309791457,0.0040864414469883,0.0,0.0,0.0,0.0,l2861222,PQ,1.0,1.0,1.0,7199.557856794634,1000000.0,0.95,1.05,0,0,a,False,True,False,46.67117,-119.127115
2556,0.0133002693073694,0.0033343345146029,0.0,0.0,0.0,0.0,l2955074,PQ,1.0,1.0,1.0,7199.557856794634,1000000.0,0.95,1.05,0,0,abc,False,True,False,46.67500784,-119.1275139
2557,0.0,0.0,0.0,0.0,0.0101702357890038,0.0025495771799312,l3030199,PQ,1.0,1.0,1.0,7199.557856794634,1000000.0,0.95,1.05,0,0,abc,False,True,False,46.67408098,-119.1285621
2558,0.0,0.0,0.0,0.0,0.0,0.0,m1125934,PQ,1.0,1.0,1.0,7199.557856794634,1000000.0,0.95,1.05,0,0,abc,False,False,False,46.67378164,-119.1289129
2559,0.0,0.0,0.0,0.0,0.0131703052301596,0.0033016649858793,l2730163,PQ,1.0,1.0,1.0,7199.557856794634,1000000.0,0.95,1.05,0,0,abc,False,True,False,46.67312682,-119.129663
2560,0.0053201079009522,0.0013337337196479,0.0,0.0,0.0,0.0,l2992624,PQ,1.0,1.0,1.0,7199.557856794634,1000000.0,0.95,1.05,0,0,abc,False,True,False,46.67247992,-119.1308861
2561,0.0,0.0,0.0,0.0,0.0,0.0,m1125919,PQ,1.0,1.0,1.0,7199.557856794634,1000000.0,0.95,1.05,0,0,abc,False,False,False,46.67209128,-119.1316263
2562,0.0,0.0,0.0,0.0,0.0,0.0,p829961,PQ,1.0,1.0,1.0,7199.557856794634,1000000.0,0.95,1.05,0,0,a,False,False,False,46.67222976,-119.1316932
2563,0.0,0.0,0.0,0.0,0.0,0.0,n1141476,PQ,1.0,1.0,1.0,7199.557856794634,1000000.0,0.95,1.05,0,0,a,False,False,False,46.67236082,-119.1317566
2564,0.0053201079556259,0.0013337337214212,0.0,0.0,0.0,0.0,l2692654,PQ,1.0,1.0,1.0,7199.557856794634,1000000.0,0.95,1.05,0,0,a,False,True,False,46.67337324,-119.132246
2565,0.0,0.0,0.0,0.0,0.0,0.0,m1125929,PQ,1.0,1.0,1.0,7199.557856794634,1000000.0,0.95,1.05,0,0,a,False,False,False,46.67340404,-119.1322629
2566,0.0133002699382709,0.0033343343779023,0.0,0.0,0.0,0.0,l2842379,PQ,1.0,1.0,1.0,7199.557856794634,1000000.0,0.95,1.05,0,0,a,False,True,False,46.67481866,-119.1342313
2567,0.0,0.0,0.0,0.0,0.0,0.0,m1125917,PQ,1.0,1.0,1.0,7199.557856794634,1000000.0,0.95,1.05,0,0,abc,False,False,False,46.67181416,-119.1322256
2568,0.0,0.0,0.0,0.0,0.0,0.0,p1197121,PQ,1.0,1.0,1.0,7199.557856794634,1000000.0,0.95,1.05,0,0,c,False,False,False,46.67189274,-119.1323307
2569,0.0,0.0,0.0,0.0,0.0152603532994961,0.0038256196431724,l2805031,PQ,1.0,1.0,1.0,7199.557856794634,1000000.0,0.95,1.05,0,0,c,False,True,False,46.67235206,-119.1329453
2570,0.0,0.0,0.0,0.0,0.0,0.0,m1125914,PQ,1.0,1.0,1.0,7199.557856794634,1000000.0,0.95,1.05,0,0,abc,False,False,False,46.6711636,-119.1335746
2571,0.0,0.0,0.0,0.0,0.0,0.0,p829963,PQ,1.0,1.0,1.0,7199.557856794634,1000000.0,0.95,1.05,0,0,b,False,False,False,46.67120372,-119.1336319
2572,0.0,0.0,0.0,0.0,0.0,0.0,m1125916,PQ,1.0,1.0,1.0,7199.557856794634,1000000.0,0.95,1.05,0,0,b,False,False,False,46.67126508,-119.1337195
2573,0.0,0.0,0.0,0.0,0.0,0.0,m1125913,PQ,1.0,1.0,1.0,7199.557856794634,1000000.0,0.95,1.05,0,0,b,False,False,False,46.6710472,-119.1335393
2574,0.0,0.0,0.0145903004126185,0.0036575937912286,0.0,0.0,l3068944,PQ,1.0,1.0,1.0,7199.557856794634,1000000.0,0.95,1.05,0,0,b,False,True,False,46.67050858,-119.1333253
2575,0.0,0.0,0.0,0.0,0.0,0.0,m1125911,PQ,1.0,1.0,1.0,7199.557856794634,1000000.0,0.95,1.05,0,0,b,False,False,False,46.67047748,-119.1333179
2576,0.0,0.0,0.0038900801378207,0.0009751912949204,0.0,0.0,l2711224,PQ,1.0,1.0,1.0,7199.557856794634,1000000.0,0.95,1.05,0,0,b,False,True,False,46.66904064,-119.1327737
2577,0.0,0.0,0.0,0.0,0.0,0.0,m1125905,PQ,1.0,1.0,1.0,7199.557856794634,1000000.0,0.95,1.05,0,0,b,False,False,False,46.66927986,-119.1316417
2578,0.0,0.0,0.0038900801646372,0.0009751913458547,0.0,0.0,l2748839,PQ,1.0,1.0,1.0,7199.557856794634,1000000.0,0.95,1.05,0,0,b,False,True,False,46.66961902,-119.1302336
2579,0.0,0.0,0.0127302623365933,0.0031913074023536,0.0,0.0,l3142098,PQ,1.0,1.0,1.0,7199.557856794634,1000000.0,0.95,1.05,0,0,b,False,True,False,46.66895378,-119.1314461
2580,0.0,0.0,0.005840120408969,0.0014640405777549,0.0,0.0,l3142079,PQ,1.0,1.0,1.0,7199.557856794634,1000000.0,0.95,1.05,0,0,b,False,True,False,46.6663978,-119.1311485
2581,0.0,0.0,0.0,0.0,0.0,0.0,m3036162,PQ,1.0,1.0,1.0,7199.557856794634,1000000.0,0.95,1.05,0,0,b,False,False,False,46.66637048,-119.1311206
2582,0.0,0.0,0.0097302006228133,0.0024392320049613,0.0,0.0,l2879753,PQ,1.0,1.0,1.0,7199.557856794634,1000000.0,0.95,1.05,0,0,b,False,True,False,46.665645,-119.1315936
2583,0.0,0.0,0.0097302006204866,0.0024392320014522,0.0,0.0,l2955055,PQ,1.0,1.0,1.0,7199.557856794634,1000000.0,0.95,1.05,0,0,b,False,True,False,46.66666468,-119.1304726
2584,0.0,0.0,0.0088401821884424,0.0022161161008733,0.0,0.0,l2917310,PQ,1.0,1.0,1.0,7199.557856794634,1000000.0,0.95,1.05,0,0,b,False,True,False,46.66905388,-119.1294063
2585,0.0,0.0,0.0038900800659795,0.0009751911644994,0.0,0.0,l2879767,PQ,1.0,1.0,1.0,7199.557856794634,1000000.0,0.95,1.05,0,0,b,False,True,False,46.6719025,-119.1346294
2586,0.0,0.0,0.0068901418202509,0.0017272666284652,0.0,0.0,l2767407,PQ,1.0,1.0,1.0,7199.557856794634,1000000.0,0.95,1.05,0,0,b,False,True,False,46.67281484,-119.1351299
2587,0.0,0.0,0.0097302002552794,0.0024392313127274,0.0,0.0,l2917328,PQ,1.0,1.0,1.0,7199.557856794634,1000000.0,0.95,1.05,0,0,abc,False,True,False,46.6708684,-119.1342011
2588,0.0,0.0,0.0,0.0,0.0131703046699795,0.0033016652917766,l2861218,PQ,1.0,1.0,1.0,7199.557856794634,1000000.0,0.95,1.05,0,0,abc,False,True,False,46.67041432,-119.1351648
2589,0.0,0.0,0.0,0.0,0.0,0.0,d5958866-1_int,PQ,1.0,1.0,1.0,7199.557856794634,1000000.0,0.95,1.05,0,0,abc,False,False,False,46.66995952,-119.136505
2590,0.0,0.0,0.0,0.0,0.0,0.0,p829960,PQ,1.0,1.0,1.0,7199.557856794634,1000000.0,0.95,1.05,0,0,b,False,False,False,46.6768164,-119.1256068
2591,0.0,0.0,0.0,0.0,0.0,0.0,n1141478,PQ,1.0,1.0,1.0,7199.557856794634,1000000.0,0.95,1.05,0,0,b,False,False,False,46.6770131,-119.1257969
2592,0.0,0.0,0.0,0.0,0.0,0.0,m1142826,PQ,1.0,1.0,1.0,7199.557856794634,1000000.0,0.95,1.05,0,0,b,False,False,False,46.67839922,-119.1271365
2593,0.0,0.0,0.0,0.0,0.0,0.0,m1125940,PQ,1.0,1.0,1.0,7199.557856794634,1000000.0,0.95,1.05,0,0,b,False,False,False,46.67904166,-119.1319858
2594,0.0,0.0,0.0049501011833605,0.001240923165771,0.0,0.0,l3254915,PQ,1.0,1.0,1.0,7199.557856794634,1000000.0,0.95,1.05,0,0,b,False,True,False,46.68111136,-119.1337445
2595,0.0,0.0,0.0058401193679356,0.0014640386253316,0.0,0.0,l3048963,PQ,1.0,1.0,1.0,7199.557856794634,1000000.0,0.95,1.05,0,0,b,False,True,False,46.6786682,-119.1323463
2596,0.0,0.0,0.0058401193356974,0.0014640385497509,0.0,0.0,l3160864,PQ,1.0,1.0,1.0,7199.557856794634,1000000.0,0.95,1.05,0,0,b,False,True,False,46.67912766,-119.125837
2597,0.0,0.0,0.0,0.0,0.0,0.0,p829962,PQ,1.0,1.0,1.0,7199.557856794634,1000000.0,0.95,1.05,0,0,c,False,False,False,46.68076592,-119.1210984
2598,0.0,0.0,0.0,0.0,0.0,0.0,m1142835,PQ,1.0,1.0,1.0,7199.557856794634,1000000.0,0.95,1.05,0,0,c,False,False,False,46.68084476,-119.1211441
2599,0.0,0.0,0.0,0.0,0.0131703061302916,0.0033016644315564,l3104853,PQ,1.0,1.0,1.0,7199.557856794634,1000000.0,0.95,1.05,0,0,c,False,True,False,46.68132554,-119.1214225
2600,0.0,0.0,0.0,0.0,0.0,0.0,m1142833,PQ,1.0,1.0,1.0,7199.557856794634,1000000.0,0.95,1.05,0,0,c,False,False,False,46.68075822,-119.121257
2601,0.0,0.0,0.0,0.0,0.0091729833299355,0.0022995755220328,l2767408,PQ,1.0,1.0,1.0,7199.557856794634,1000000.0,0.95,1.05,0,0,c,False,True,False,46.68098486,-119.1221089
2602,0.0,0.0,0.0,0.0,0.0070701643770853,0.0017724197890435,l3217053,PQ,1.0,1.0,1.0,7199.557856794634,1000000.0,0.95,1.05,0,0,c,False,True,False,46.6812067,-119.1228389
2603,0.0,0.0,0.0,0.0,0.0,0.0,m3037455,PQ,1.0,1.0,1.0,7199.557856794634,1000000.0,0.95,1.05,0,0,c,False,False,False,46.68121968,-119.1228817
2604,0.0,0.0,0.0,0.0,0.0061001418322124,0.0015292448141273,l3086074,PQ,1.0,1.0,1.0,7199.557856794634,1000000.0,0.95,1.05,0,0,c,False,True,False,46.6822612,-119.1237196
2605,0.0,0.0,0.0,0.0,0.0101702364658811,0.0025495770020951,l3217052,PQ,1.0,1.0,1.0,7199.557856794634,1000000.0,0.95,1.05,0,0,c,False,True,False,46.6812625,-119.1241023
2606,0.0177403539657836,0.0044474471745466,0.0,0.0,0.0,0.0,l2692660,PQ,1.0,1.0,1.0,7199.557856794634,1000000.0,0.95,1.05,0,0,a,False,True,False,46.68274862,-119.1149293
2607,0.0083201660296651,0.0020858377319694,0.0,0.0,0.0,0.0,l2955076,PQ,1.0,1.0,1.0,7199.557856794634,1000000.0,0.95,1.05,0,0,a,False,True,False,46.68482166,-119.1154831
2608,0.0,0.0,0.0,0.0,0.0,0.0,p829976,PQ,1.0,1.0,1.0,7199.557856794634,1000000.0,0.95,1.05,0,0,a,False,False,False,46.6818716,-119.1155788
2609,0.0088701769603571,0.0022237235518516,0.0,0.0,0.0,0.0,l2955078,PQ,1.0,1.0,1.0,7199.557856794634,1000000.0,0.95,1.05,0,0,a,False,True,False,46.68121912,-119.116098
2610,0.0177403312029463,0.0044474015577767,0.0,0.0,0.0,0.0,l3086098,PQ,1.0,1.0,1.0,7199.557856794634,1000000.0,0.95,1.05,0,0,a,False,True,False,46.68090962,-119.1020226
2611,0.0,0.0,0.0,0.0,0.0,0.0,p830058,PQ,1.0,1.0,1.0,7199.557856794634,1000000.0,0.95,1.05,0,0,c,False,False,False,46.6816545,-119.1013184
2612,0.0,0.0,0.0,0.0,0.0,0.0,m1166370,PQ,1.0,1.0,1.0,7199.557856794634,1000000.0,0.95,1.05,0,0,c,False,False,False,46.68178112,-119.1013127
2613,0.0,0.0,0.0,0.0,0.0070701528599774,0.0017724040030692,l3067506,PQ,1.0,1.0,1.0,7199.557856794634,1000000.0,0.95,1.05,0,0,c,False,True,False,46.68529536,-119.1012812
2614,0.0,0.0,0.0,0.0,0.0,0.0,m1166386,PQ,1.0,1.0,1.0,7199.557856794634,1000000.0,0.95,1.05,0,0,c,False,False,False,46.68486282,-119.102033
2615,0.0,0.0,0.0,0.0,0.0101702200192609,0.0025495545507387,l2898515,PQ,1.0,1.0,1.0,7199.557856794634,1000000.0,0.95,1.05,0,0,c,False,True,False,46.6875866,-119.1024577
2616,0.0,0.0,0.0,0.0,0.0,0.0,m1166387,PQ,1.0,1.0,1.0,7199.557856794634,1000000.0,0.95,1.05,0,0,c,False,False,False,46.68843754,-119.1025047
2617,0.0,0.0,0.0,0.0,0.0061001319860982,0.0015292313847795,l3048946,PQ,1.0,1.0,1.0,7199.557856794634,1000000.0,0.95,1.05,0,0,c,False,True,False,46.68965676,-119.1025821
2618,0.0,0.0,0.0,0.0,0.0091001969073893,0.0022813124173024,l3198347,PQ,1.0,1.0,1.0,7199.557856794634,1000000.0,0.95,1.05,0,0,c,False,True,False,46.68887796,-119.1044357
2619,0.0,0.0,0.0,0.0,0.009100196793584,0.0022813121770919,l3048966,PQ,1.0,1.0,1.0,7199.557856794634,1000000.0,0.95,1.05,0,0,c,False,True,False,46.6842702,-119.1028479
2620,0.0,0.0,0.0,0.0,0.0,0.0,m1166364,PQ,1.0,1.0,1.0,7199.557856794634,1000000.0,0.95,1.05,0,0,c,False,False,False,46.68128628,-119.1013504
2621,0.0,0.0,0.0,0.0,0.0,0.0,m1166358,PQ,1.0,1.0,1.0,7199.557856794634,1000000.0,0.95,1.05,0,0,c,False,False,False,46.68022404,-119.1014661
2622,0.0,0.0,0.0,0.0,0.0101702197134596,0.002549553881329,l3030205,PQ,1.0,1.0,1.0,7199.557856794634,1000000.0,0.95,1.05,0,0,c,False,True,False,46.6797476,-119.1023517
2623,0.0,0.0,0.0,0.0,0.0,0.0,m3032981,PQ,1.0,1.0,1.0,7199.557856794634,1000000.0,0.95,1.05,0,0,abc,False,False,False,46.6797604,-119.0910751
2624,0.0,0.0,0.0,0.0,0.0,0.0,d6504019-6_int,PQ,1.0,1.0,1.0,7199.557856794634,1000000.0,0.95,1.05,0,0,abc,False,False,False,46.6795426,-119.0900308
2625,0.0,0.0,0.0,0.0,0.0,0.0,m1186065,PQ,1.0,1.0,1.0,7199.557856794634,1000000.0,0.95,1.05,0,0,abc,False,False,False,46.67936536,-119.0893628
2626,0.0,0.0,0.0,0.0,0.0,0.0,m1186064,PQ,1.0,1.0,1.0,7199.557856794634,1000000.0,0.95,1.05,0,0,abc,False,False,False,46.67886708,-119.0883409
2627,0.0,0.0,0.0,0.0,0.0,0.0,m1186063,PQ,1.0,1.0,1.0,7199.557856794634,1000000.0,0.95,1.05,0,0,abc,False,False,False,46.67883856,-119.0882596
2628,0.0,0.0,0.0,0.0,0.0,0.0,p829979,PQ,1.0,1.0,1.0,7199.557856794634,1000000.0,0.95,1.05,0,0,b,False,False,False,46.67878262,-119.0882564
2629,0.0,0.0,0.0,0.0,0.0,0.0,m3036172,PQ,1.0,1.0,1.0,7199.557856794634,1000000.0,0.95,1.05,0,0,b,False,False,False,46.67831776,-119.0882291
2630,0.0,0.0,0.0,0.0,0.0,0.0,m1209763,PQ,1.0,1.0,1.0,7199.557856794634,1000000.0,0.95,1.05,0,0,b,False,False,False,46.67749588,-119.0863755
2631,0.0,0.0,0.0038900719182861,0.0009751763501806,0.0,0.0,l2936275,PQ,1.0,1.0,1.0,7199.557856794634,1000000.0,0.95,1.05,0,0,b,False,True,False,46.67682492,-119.0847642
2632,0.0,0.0,0.0097301799363041,0.0024391944044641,0.0,0.0,l3179674,PQ,1.0,1.0,1.0,7199.557856794634,1000000.0,0.95,1.05,0,0,b,False,True,False,46.67624654,-119.0833718
2633,0.0,0.0,0.0,0.0,0.0,0.0,m1209758,PQ,1.0,1.0,1.0,7199.557856794634,1000000.0,0.95,1.05,0,0,b,False,False,False,46.6753494,-119.0816256
2634,0.0,0.0,0.0,0.0,0.0,0.0,m1209753,PQ,1.0,1.0,1.0,7199.557856794634,1000000.0,0.95,1.05,0,0,b,False,False,False,46.67362044,-119.0817037
2635,0.0,0.0,0.0,0.0,0.0,0.0,m1209752,PQ,1.0,1.0,1.0,7199.557856794634,1000000.0,0.95,1.05,0,0,b,False,False,False,46.6728463,-119.0838684
2636,0.0,0.0,0.0,0.0,0.0,0.0,m1209751,PQ,1.0,1.0,1.0,7199.557856794634,1000000.0,0.95,1.05,0,0,b,False,False,False,46.67201596,-119.0863755
2637,0.0,0.0,0.0,0.0,0.0,0.0,m1209750,PQ,1.0,1.0,1.0,7199.557856794634,1000000.0,0.95,1.05,0,0,b,False,False,False,46.6719961,-119.086437
2638,0.0,0.0,0.0058401081009972,0.0014640182381625,0.0,0.0,l3086075,PQ,1.0,1.0,1.0,7199.557856794634,1000000.0,0.95,1.05,0,0,b,False,True,False,46.67353218,-119.0871542
2639,0.0,0.0,0.0,0.0,0.0,0.0,m1209749,PQ,1.0,1.0,1.0,7199.557856794634,1000000.0,0.95,1.05,0,0,b,False,False,False,46.6718856,-119.0863755
2640,0.0,0.0,0.005840108106917,0.0014640182521803,0.0,0.0,l2748840,PQ,1.0,1.0,1.0,7199.557856794634,1000000.0,0.95,1.05,0,0,b,False,True,False,46.6693056,-119.084784
2641,0.0,0.0,0.0,0.0,0.0,0.0,m1209748,PQ,1.0,1.0,1.0,7199.557856794634,1000000.0,0.95,1.05,0,0,b,False,False,False,46.6706806,-119.0818341
2642,0.0,0.0,0.0127302356070354,0.003191258801733,0.0,0.0,l3142099,PQ,1.0,1.0,1.0,7199.557856794634,1000000.0,0.95,1.05,0,0,b,False,True,False,46.67072098,-119.0832084
2643,0.0,0.0,0.0068901272862574,0.0017272401905909,0.0,0.0,l3086079,PQ,1.0,1.0,1.0,7199.557856794634,1000000.0,0.95,1.05,0,0,b,False,True,False,46.67830164,-119.0882712
2644,0.0,0.0,0.006890127292492,0.0017272402053579,0.0,0.0,l2936276,PQ,1.0,1.0,1.0,7199.557856794634,1000000.0,0.95,1.05,0,0,b,False,True,False,46.67786608,-119.0894096
2645,0.0,0.0,0.0,0.0,0.0,0.0,m1209776,PQ,1.0,1.0,1.0,7199.557856794634,1000000.0,0.95,1.05,0,0,abc,False,False,False,46.67858826,-119.0872573
2646,0.0,0.0,0.0,0.0,0.0,0.0,m1209775,PQ,1.0,1.0,1.0,7199.557856794634,1000000.0,0.95,1.05,0,0,abc,False,False,False,46.67848398,-119.0861252
2647,0.0,0.0,0.0,0.0,0.0,0.0,m1209774,PQ,1.0,1.0,1.0,7199.557856794634,1000000.0,0.95,1.05,0,0,abc,False,False,False,46.67811852,-119.0833936
2648,0.0,0.0,0.0,0.0,0.0,0.0,221-242079,PQ,1.0,1.0,1.0,7199.557856794634,1000000.0,0.95,1.05,0,0,abc,False,False,False,46.6781802,-119.0833869
2649,0.0177403142336428,0.0044473628130466,0.0231349444155875,0.0057995454455433,0.020340414476775,0.0050990780651525,l3011293,PQ,1.0,1.0,1.0,7199.557856794634,1000000.0,0.95,1.05,0,0,abc,False,True,False,46.67891052,-119.0831217
2650,0.0,0.0,0.0,0.0,0.0061001243001762,0.0015292220332624,l3123509,PQ,1.0,1.0,1.0,7199.557856794634,1000000.0,0.95,1.05,0,0,abc,False,True,False,46.67801428,-119.0823296
2651,0.0,0.0,0.0,0.0,0.0,0.0,m1209772,PQ,1.0,1.0,1.0,7199.557856794634,1000000.0,0.95,1.05,0,0,abc,False,False,False,46.67790804,-119.0807731
2652,0.0,0.0,0.0,0.0,0.0,0.0,e192258,PQ,1.0,1.0,1.0,7199.557856794634,1000000.0,0.95,1.05,0,0,abc,False,False,False,46.67772024,-119.0777952
2653,0.0,0.0,0.0,0.0,0.0,0.0,p829977,PQ,1.0,1.0,1.0,7199.557856794634,1000000.0,0.95,1.05,0,0,abc,False,False,False,46.6784125,-119.0904562
2654,0.0,0.0,0.0,0.0,0.0,0.0,m1186061,PQ,1.0,1.0,1.0,7199.557856794634,1000000.0,0.95,1.05,0,0,abc,False,False,False,46.67759044,-119.0912744
2655,0.0,0.0,0.0097301798476541,0.0024391941271077,0.0,0.0,l2861223,PQ,1.0,1.0,1.0,7199.557856794634,1000000.0,0.95,1.05,0,0,b,False,True,False,46.6772668,-119.0917642
2656,0.0088701574070016,0.0022236820649546,0.0,0.0,0.0,0.0,l3139366,PQ,1.0,1.0,1.0,7199.557856794634,1000000.0,0.95,1.05,0,0,abc,False,True,False,46.67571756,-119.0903993
2657,0.0,0.0,0.0,0.0,0.0,0.0,m4362177,PQ,1.0,1.0,1.0,7199.557856794634,1000000.0,0.95,1.05,0,0,abc,False,False,False,46.67407694,-119.0901658
2658,0.0,0.0,0.0,0.0,0.0,0.0,m1186052,PQ,1.0,1.0,1.0,7199.557856794634,1000000.0,0.95,1.05,0,0,abc,False,False,False,46.67314206,-119.0901074
2659,0.0,0.0,0.0,0.0,0.0,0.0,198-5320,PQ,1.0,1.0,1.0,7199.557856794634,1000000.0,0.95,1.05,0,0,abc,False,False,False,46.67307142,-119.0901606
2660,0.0,0.0,0.0,0.0,0.0,0.0,221-311359,PQ,1.0,1.0,1.0,7199.557856794634,1000000.0,0.95,1.05,0,0,abc,False,False,False,46.67302432,-119.090196
2661,0.088681575871933,0.022231810781205,0.0972618036135584,0.0243819209555344,0.1017020813903596,0.0254954011572517,l3234149,PQ,1.0,1.0,1.0,7199.557856794634,1000000.0,0.95,1.05,0,0,abc,False,True,False,46.67244114,-119.0906349
2662,0.0,0.0,0.0,0.0,0.0,0.0,m1209795,PQ,1.0,1.0,1.0,7199.557856794634,1000000.0,0.95,1.05,0,0,c,False,False,False,46.68456954,-119.0852669
2663,0.0,0.0,0.0,0.0,0.0061001175756918,0.0015292125255058,l2936268,PQ,1.0,1.0,1.0,7199.557856794634,1000000.0,0.95,1.05,0,0,c,False,True,False,46.68537016,-119.0857426
2664,0.0,0.0,0.0,0.0,0.0,0.0,p903354,PQ,1.0,1.0,1.0,7199.557856794634,1000000.0,0.95,1.05,0,0,a,False,False,False,46.68428048,-119.0829151
2665,0.0088701466884358,0.0022236609408094,0.0,0.0,0.0,0.0,l2936270,PQ,1.0,1.0,1.0,7199.557856794634,1000000.0,0.95,1.05,0,0,a,False,True,False,46.6836912,-119.0826115
2666,0.0088701467132097,0.0022236609887153,0.0,0.0,0.0,0.0,l3086078,PQ,1.0,1.0,1.0,7199.557856794634,1000000.0,0.95,1.05,0,0,a,False,True,False,46.68288854,-119.0822217
2667,0.0,0.0,0.0,0.0,0.0,0.0,m4118755,PQ,1.0,1.0,1.0,7199.557856794634,1000000.0,0.95,1.05,0,0,a,False,False,False,46.68191154,-119.0817472
2668,0.0,0.0,0.0,0.0,0.0,0.0,m1209782,PQ,1.0,1.0,1.0,7199.557856794634,1000000.0,0.95,1.05,0,0,a,False,False,False,46.68128676,-119.0816437
2669,0.0035500587321877,0.000889965808824,0.0,0.0,0.0,0.0,l3217057,PQ,1.0,1.0,1.0,7199.557856794634,1000000.0,0.95,1.05,0,0,a,False,True,False,46.68073364,-119.0816104
2670,0.0177402935240672,0.0044473221385615,0.0,0.0,0.0,0.0,l3217056,PQ,1.0,1.0,1.0,7199.557856794634,1000000.0,0.95,1.05,0,0,a,False,True,False,46.68100206,-119.0804285
2671,0.0,0.0,0.0,0.0,0.0,0.0,p829957,PQ,1.0,1.0,1.0,7199.557856794634,1000000.0,0.95,1.05,0,0,abc,False,False,False,46.68607652,-119.0816759
2672,0.0,0.0,0.0,0.0,0.0,0.0,d5746703-1_int,PQ,1.0,1.0,1.0,7199.557856794634,1000000.0,0.95,1.05,0,0,abc,False,False,False,46.6873833,-119.082198
2673,0.009100146956611,0.0022813154724189,0.0,0.0,0.0,0.0,l3160863,PQ,1.0,1.0,1.0,7199.557856794634,1000000.0,0.95,1.05,0,0,abc,False,True,False,46.6875899,-119.0820659
2674,0.0,0.0,0.0061001062113907,0.0015291821539307,0.0,0.0,l2730108,PQ,1.0,1.0,1.0,7199.557856794634,1000000.0,0.95,1.05,0,0,abc,False,True,False,46.69159994,-119.0844061
2675,0.015260242858547,0.0038255908507191,0.0,0.0,0.0,0.0,l2786204,PQ,1.0,1.0,1.0,7199.557856794634,1000000.0,0.95,1.05,0,0,abc,False,True,False,46.69269538,-119.0850096
2676,0.0,0.0,0.0,0.0,0.0,0.0,m1209819,PQ,1.0,1.0,1.0,7199.557856794634,1000000.0,0.95,1.05,0,0,abc,False,False,False,46.69363256,-119.0854995
2677,0.0,0.0,0.0,0.0,0.0064224843042458,0.0016100261109226,l2936216,PQ,1.0,1.0,1.0,7199.557856794634,1000000.0,0.95,1.05,0,0,abc,False,True,False,46.69434362,-119.0855799
2678,0.0,0.0,0.0,0.0,0.0,0.0,226-23745,PQ,1.0,1.0,1.0,7199.557856794634,1000000.0,0.95,1.05,0,0,abc,False,False,False,46.69567794,-119.0857062
2679,0.0,0.0,0.0,0.0,0.0,0.0,m1209822,PQ,1.0,1.0,1.0,7199.557856794634,1000000.0,0.95,1.05,0,0,abc,False,False,False,46.7030783,-119.0866104
2680,0.0,0.0,0.0,0.0,0.0,0.0,m1209823,PQ,1.0,1.0,1.0,7199.557856794634,1000000.0,0.95,1.05,0,0,abc,False,False,False,46.70386394,-119.0868673
2681,0.0,0.0,0.0,0.0,0.0,0.0,m1209824,PQ,1.0,1.0,1.0,7199.557856794634,1000000.0,0.95,1.05,0,0,abc,False,False,False,46.70517564,-119.0870043
2682,0.0,0.0,0.0,0.0,0.0,0.0,m1209828,PQ,1.0,1.0,1.0,7199.557856794634,1000000.0,0.95,1.05,0,0,abc,False,False,False,46.70876206,-119.0868213
2683,0.0,0.0,0.0,0.0,0.0101702025578221,0.0025495378695457,l2861157,PQ,1.0,1.0,1.0,7199.557856794634,1000000.0,0.95,1.05,0,0,c,False,True,False,46.70902464,-119.0880439
2684,0.0,0.0,0.0,0.0,0.0,0.0,p901951,PQ,1.0,1.0,1.0,7199.557856794634,1000000.0,0.95,1.05,0,0,c,False,False,False,46.70986304,-119.0898638
2685,0.0,0.0,0.0,0.0,0.0,0.0,m1186078,PQ,1.0,1.0,1.0,7199.557856794634,1000000.0,0.95,1.05,0,0,c,False,False,False,46.712111,-119.0911846
2686,0.0,0.0,0.0,0.0,0.0101702038006205,0.0025495401331651,l2806553,PQ,1.0,1.0,1.0,7199.557856794634,1000000.0,0.95,1.05,0,0,c,False,True,False,46.71317582,-119.0918029
2687,0.0,0.0,0.0,0.0,0.0,0.0,m1166391,PQ,1.0,1.0,1.0,7199.557856794634,1000000.0,0.95,1.05,0,0,c,False,False,False,46.71669726,-119.1017149
2688,0.0,0.0,0.0,0.0,0.0,0.0,m1166394,PQ,1.0,1.0,1.0,7199.557856794634,1000000.0,0.95,1.05,0,0,c,False,False,False,46.71766214,-119.1026317
2689,0.0,0.0,0.0,0.0,0.0,0.0,m1166398,PQ,1.0,1.0,1.0,7199.557856794634,1000000.0,0.95,1.05,0,0,c,False,False,False,46.71834258,-119.1018492
2690,0.0,0.0,0.0,0.0,0.0091001841425296,0.0022813027306503,l3142050,PQ,1.0,1.0,1.0,7199.557856794634,1000000.0,0.95,1.05,0,0,c,False,True,False,46.7190103,-119.1009512
2691,0.0,0.0,0.0,0.0,0.0100903493420219,0.0025295251973085,l3254873,PQ,1.0,1.0,1.0,7199.557856794634,1000000.0,0.95,1.05,0,0,c,False,True,False,46.71704652,-119.1034851
2692,0.0,0.0,0.0,0.0,0.0,0.0,m1166393,PQ,1.0,1.0,1.0,7199.557856794634,1000000.0,0.95,1.05,0,0,c,False,False,False,46.7172401,-119.1040179
2693,0.0,0.0,0.0,0.0,0.0101702061989914,0.0025495445191932,l2745811,PQ,1.0,1.0,1.0,7199.557856794634,1000000.0,0.95,1.05,0,0,c,False,True,False,46.716076,-119.1055504
2694,0.0,0.0,0.0,0.0,0.0,0.0,m4122657,PQ,1.0,1.0,1.0,7199.557856794634,1000000.0,0.95,1.05,0,0,c,False,False,False,46.71553226,-119.1062174
2695,0.0,0.0,0.0,0.0,0.0101702062459094,0.0025495445901239,l3027124,PQ,1.0,1.0,1.0,7199.557856794634,1000000.0,0.95,1.05,0,0,c,False,True,False,46.71412868,-119.1085821
2696,0.0,0.0,0.0,0.0,0.0,0.0,m1166395,PQ,1.0,1.0,1.0,7199.557856794634,1000000.0,0.95,1.05,0,0,c,False,False,False,46.71780292,-119.103118
2697,0.0,0.0,0.0,0.0,0.0,0.0,m1166396,PQ,1.0,1.0,1.0,7199.557856794634,1000000.0,0.95,1.05,0,0,c,False,False,False,46.71787584,-119.1032177
2698,0.0,0.0,0.0,0.0,0.0,0.0,m1166399,PQ,1.0,1.0,1.0,7199.557856794634,1000000.0,0.95,1.05,0,0,c,False,False,False,46.71840648,-119.1041778
2699,0.0,0.0,0.0,0.0,0.010170206656631,0.0025495454048647,l3048890,PQ,1.0,1.0,1.0,7199.557856794634,1000000.0,0.95,1.05,0,0,c,False,True,False,46.71898146,-119.1054323
2700,0.0,0.0,0.0,0.0,0.0,0.0,m1166402,PQ,1.0,1.0,1.0,7199.557856794634,1000000.0,0.95,1.05,0,0,c,False,False,False,46.7195368,-119.1062601
2701,0.0,0.0,0.0,0.0,0.0101702069653142,0.0025495460061726,l3048889,PQ,1.0,1.0,1.0,7199.557856794634,1000000.0,0.95,1.05,0,0,c,False,True,False,46.72044908,-119.1074316
2702,0.0,0.0,0.0,0.0,0.0,0.0,m1166407,PQ,1.0,1.0,1.0,7199.557856794634,1000000.0,0.95,1.05,0,0,c,False,False,False,46.72095418,-119.1088023
2703,0.0,0.0,0.0,0.0,0.0091001858245009,0.0022813060028672,l3064514,PQ,1.0,1.0,1.0,7199.557856794634,1000000.0,0.95,1.05,0,0,c,False,True,False,46.72544138,-119.112272
2704,0.0,0.0,0.0,0.0,0.0061001246116612,0.0015292271999457,l3048888,PQ,1.0,1.0,1.0,7199.557856794634,1000000.0,0.95,1.05,0,0,c,False,True,False,46.72618202,-119.1128654
2705,0.0,0.0,0.0,0.0,0.0,0.0,m1149249,PQ,1.0,1.0,1.0,7199.557856794634,1000000.0,0.95,1.05,0,0,c,False,False,False,46.72746802,-119.113966
2706,0.0,0.0,0.0,0.0,0.0,0.0,m1142880,PQ,1.0,1.0,1.0,7199.557856794634,1000000.0,0.95,1.05,0,0,c,False,False,False,46.73035614,-119.1158754
2707,0.0,0.0,0.0,0.0,0.0061001249255601,0.0015292278360529,l2764411,PQ,1.0,1.0,1.0,7199.557856794634,1000000.0,0.95,1.05,0,0,c,False,True,False,46.73153992,-119.1174134
2708,0.0,0.0,0.0,0.0,0.0152603125935473,0.0038255766669682,l2767343,PQ,1.0,1.0,1.0,7199.557856794634,1000000.0,0.95,1.05,0,0,c,False,True,False,46.73226614,-119.1177704
2709,0.0,0.0,0.0,0.0,0.0070701448559336,0.0017724002636898,l2804957,PQ,1.0,1.0,1.0,7199.557856794634,1000000.0,0.95,1.05,0,0,c,False,True,False,46.73310458,-119.1183422
2710,0.0,0.0,0.0,0.0,0.0091001864751545,0.0022813073255854,l3048937,PQ,1.0,1.0,1.0,7199.557856794634,1000000.0,0.95,1.05,0,0,c,False,True,False,46.73385528,-119.1188261
2711,0.0,0.0,0.0,0.0,0.0070701449007392,0.001772400352018,l3176661,PQ,1.0,1.0,1.0,7199.557856794634,1000000.0,0.95,1.05,0,0,c,False,True,False,46.73494074,-119.1201458
2712,0.0,0.0,0.0,0.0,0.0101702084490025,0.0025495490412878,l2970804,PQ,1.0,1.0,1.0,7199.557856794634,1000000.0,0.95,1.05,0,0,c,False,True,False,46.73590344,-119.1207862
2713,0.0,0.0,0.0,0.0,0.0061001248572686,0.0015292277021983,l2891575,PQ,1.0,1.0,1.0,7199.557856794634,1000000.0,0.95,1.05,0,0,c,False,True,False,46.72949188,-119.1172165
2714,0.0,0.0,0.0,0.0,0.010170207175407,0.0025495463994725,l2952007,PQ,1.0,1.0,1.0,7199.557856794634,1000000.0,0.95,1.05,0,0,c,False,True,False,46.72097902,-119.1113805
2715,0.0,0.0,0.0,0.0,0.0101702071970867,0.0025495464322356,l2861158,PQ,1.0,1.0,1.0,7199.557856794634,1000000.0,0.95,1.05,0,0,c,False,True,False,46.72103634,-119.1135474
2716,0.0,0.0,0.0,0.0,0.0,0.0,m1166400,PQ,1.0,1.0,1.0,7199.557856794634,1000000.0,0.95,1.05,0,0,c,False,False,False,46.71876628,-119.102353
2717,0.0,0.0,0.0,0.0,0.0152603096334684,0.0038255706804749,l3179637,PQ,1.0,1.0,1.0,7199.557856794634,1000000.0,0.95,1.05,0,0,c,False,True,False,46.71964526,-119.1016563
2718,0.0,0.0,0.0,0.0,0.0131702620449308,0.0033016134454464,l3253570,PQ,1.0,1.0,1.0,7199.557856794634,1000000.0,0.95,1.05,0,0,abc,False,True,False,46.70898784,-119.0861886
2719,0.0,0.0,0.0,0.0,0.0101702024298017,0.0025495376104766,l2937757,PQ,1.0,1.0,1.0,7199.557856794634,1000000.0,0.95,1.05,0,0,abc,False,True,False,46.70993024,-119.085172
2720,0.0,0.0,0.0,0.0,0.0101702024761088,0.002549537683835,l3067448,PQ,1.0,1.0,1.0,7199.557856794634,1000000.0,0.95,1.05,0,0,abc,False,True,False,46.71080208,-119.084263
2721,0.0,0.0,0.0,0.0,0.0101702025490061,0.0025495377993156,l2763407,PQ,1.0,1.0,1.0,7199.557856794634,1000000.0,0.95,1.05,0,0,abc,False,True,False,46.7116136,-119.0805461
2722,0.0,0.0,0.0,0.0,0.0,0.0,m1186000,PQ,1.0,1.0,1.0,7199.557856794634,1000000.0,0.95,1.05,0,0,abc,False,False,False,46.7124,-119.08054
2723,0.0061000943019071,0.0015292336048442,0.0,0.0,0.0,0.0,l2992556,PQ,1.0,1.0,1.0,7199.557856794634,1000000.0,0.95,1.05,0,0,a,False,True,False,46.7043255,-119.0856707
