fb,tb,from_name,to_name,raa,rab,rac,rbb,rbc,rcc,xaa,xab,xac,xbb,xbc,xcc,type,name,status,s_base,v_ln_base,z_base,phases
1,2,_392-5165_sn,_392-5165_ln,1.7217630853994492e-05,0,0,1.7217630853994492e-05,0,1.7217630853994492e-05,1.7217630853994492e-05,0,0,1.7217630853994492e-05,0,1.7217630853994492e-05,switch,_392-5165-0,CLOSED,1000000,7621.023553,58.08,abc
2,3,_392-5165_ln,_416-4523_sn,0.001811151,0.000216855,0.000231735,0.001821976,0.000216855,0.001811151,0.000889899,-0.000168156,-0.000169237,0.000891239,-0.000168156,0.000889899,line,_389-152001-0,,1000000,7621.023553,58.08,abc
3,4,_416-4523_sn,_416-4523_ln,0,0,0,0,0,0,0.000303471,0,0,0.000303471,0,0.000303471,transformer,_416:4523_c_tnk_416:4523_a_tnk_416:4523_b_tnk,,1000000,7621.023553,58.08,cab
4,5,_416-4523_ln,_500-15112_n,0.005655891,0.000677197,0.000723666,0.005689697,0.000677197,0.005655891,0.002778991,-0.000525122,-0.000528496,0.002783175,-0.000525122,0.002778991,line,_389-274673-0,,1000000,7621.023553,58.08,abc
5,6,_500-15112_n,_396-7712_sn,0.000638424,0.000230219,0.000230219,0.000638424,0.000230219,0.000638424,0.003384211,0.001886428,0.001919132,0.003384211,0.001886428,0.003384211,line,_389-154243-0,,1000000,7621.023553,58.08,abc
6,7,_396-7712_sn,_396-7712_ln,1.7217630853994492e-05,0,0,1.7217630853994492e-05,0,1.7217630853994492e-05,1.7217630853994492e-05,0,0,1.7217630853994492e-05,0,1.7217630853994492e-05,switch,_396-7712-0_c_396-7712-0_b_396-7712-0_a,CLOSED,1000000,7621.023553,58.08,cba
7,8,_396-7712_ln,_500-15126_n,0.000401686,0.00014485,0.00014485,0.000401686,0.00014485,0.000401686,0.002129293,0.001186911,0.001207488,0.002129293,0.001186911,0.002129293,line,_389-445931-0,,1000000,7621.023553,58.08,abc
8,9,_500-15126_n,_500-2944322_n,1.721763085399449e-11,0,0,1.721763085399449e-11,0,1.721763085399449e-11,1.721763085399449e-11,0,0,1.721763085399449e-11,0,1.721763085399449e-11,switch,_389-446129-11,CLOSED,1000000,7621.023553,58.08,abc
9,10,_500-2944322_n,_393-71378_n,0.000596454,0.000215084,0.000215084,0.000596454,0.000215084,0.000596454,0.003161734,0.001762415,0.001792969,0.003161734,0.001762415,0.003161734,line,_389-446129-13,,1000000,7621.023553,58.08,abc
10,11,_393-71378_n,_409-1200484_n,0.000100831,3.636011023683012e-05,3.636011023683012e-05,0.000100831,3.636011023683012e-05,0.000100831,0.000534493,0.000297937,0.000303103,0.000534493,0.000297937,0.000534493,line,_389-446129-15,,1000000,7621.023553,58.08,abc
11,12,_409-1200484_n,_500-15132_n,5.610339032609553e-05,2.0231138259979837e-05,2.0231138259979837e-05,5.610339032609553e-05,2.0231138259979837e-05,5.610339032609553e-05,0.000297398,0.000165775,0.000168649,0.000297398,0.000165775,0.000297398,line,_389-446129-16,,1000000,7621.023553,58.08,abc
12,13,_500-15132_n,_500-15130_n,0.000106174,3.828688530920916e-05,3.828688530920916e-05,0.000106174,3.828688530920916e-05,0.000106174,0.000562817,0.000313726,0.000319165,0.000562817,0.000313726,0.000562817,line,_401-298935-1,,1000000,7621.023553,58.08,abc
13,14,_500-15130_n,_409-23069_n,1.721763085399449e-11,0,0,1.721763085399449e-11,0,1.721763085399449e-11,1.721763085399449e-11,0,0,1.721763085399449e-11,0,1.721763085399449e-11,switch,_389-150166-0,CLOSED,1000000,7621.023553,58.08,abc
14,15,_409-23069_n,_409-23050_n,0.000387639,0.000139784,0.000139784,0.000387639,0.000139784,0.000387639,0.00205483,0.001145404,0.001165261,0.00205483,0.001145404,0.00205483,line,_389-150166-1,,1000000,7621.023553,58.08,abc
15,16,_409-23050_n,_500-15131_n,2.2579244647368714e-05,8.142178531666233e-06,8.142178531666233e-06,2.2579244647368714e-05,8.142178531666233e-06,2.2579244647368714e-05,0.00011969,6.671761321582408e-05,6.787427153113187e-05,0.00011969,6.671761321582408e-05,0.00011969,line,_389-150166-2,,1000000,7621.023553,58.08,abc
15,17,_409-23050_n,_409-23050_n_sec,0,0,0,0,0,0,0.40800038046035486,0,0,0.40800038046035486,0,0.40800038046035486,transformer,ava14379_____tnk,,1000000,119.99994404998696,0.014399986572000001,a
17,18,_409-23050_n_sec,_406-92351_n,11.43878650486286,3.2951841256758643,0,11.43878650486286,0,0,4.654695225364409,3.5601884934868813,0,4.654695225364409,0,0,line,_389-153048-0,,1000000,119.99994404998696,0.014399986572000001,ab
17,19,_409-23050_n_sec,_406-92352_n,12.46366533556237,3.5904221259852998,0,12.46366533556237,0,0,5.071741089259677,3.879170040937174,0,5.071741089259677,0,0,line,_389-153049-0,,1000000,119.99994404998696,0.014399986572000001,ab
17,20,_409-23050_n_sec,_406-92353_n,12.298545968394116,3.542856003713224,0,12.298545968394116,0,0,5.004550366743217,3.827778569403516,0,5.004550366743217,0,0,line,_389-153050-0,,1000000,119.99994404998696,0.014399986572000001,ab
14,21,_409-23069_n,_409-23069_n_sec,0,0,0,0,0,0,0.40800038046035486,0,0,0.40800038046035486,0,0.40800038046035486,transformer,ave01687_ave01464_ave01761_tnk,,1000000,119.99994404998696,0.014399986572000001,abc
21,22,_409-23069_n_sec,_406-92370_n,3.6545208865861247,0.8982684826752112,0.8630413818806932,3.680094761382492,0.8982684826752112,3.6545208865861243,1.0757909437575257,0.4492793538312567,0.34267516453423846,1.0059664812973141,0.4492793538312566,1.0757909437575257,line,_389-153099-0,,1000000,119.99994404998696,0.014399986572000001,abc
21,23,_409-23069_n_sec,_406-92369_n,6.478213676068185,1.5923223179834005,1.529876735315392,6.5235473957532975,1.5923223179834007,6.478213676068184,1.9070088311769353,0.7964183937346703,0.6074456833679128,1.7832339775992327,0.796418394,1.9070088311769353,line,_389-153098-0,,1000000,119.99994404998696,0.014399986572000001,abc
21,24,_409-23069_n_sec,_406-92423_n,8.816321125013072,2.167020970877756,2.0820376194218575,8.878016624809838,2.167020970877757,8.816321125013072,2.595283682290621,1.083860560970797,0.8266840950860548,2.4268361887518157,1.0838605609707967,2.595283682290621,line,_389-153216-0,,1000000,119.99994404998696,0.014399986572000001,abc
21,25,_409-23069_n_sec,_406-92422_n,11.979642967703212,2.9445544424407073,2.829078815565898,12.063474993533392,2.9445544424407077,11.979642967703208,3.526479069,1.4727529048784975,1.1233007697635407,3.297592121487663,1.4727529048784973,3.526479069,line,_389-153215-1,,1000000,119.99994404998696,0.014399986572000001,abc
13,26,_500-15130_n,_389-150320-5_n,0.00017891,6.451588790740114e-05,6.451588790740114e-05,0.00017891,6.451588790740114e-05,0.00017891,0.000948383,0.000528648,0.000537813,0.000948383,0.000528648,0.000948383,line,_389-150320-5,,1000000,7621.023553,58.08,abc
26,27,_389-150320-5_n,_390-188538_ln,1.7217630853994492e-05,0,0,1.7217630853994492e-05,0,1.7217630853994492e-05,1.7217630853994492e-05,0,0,1.7217630853994492e-05,0,1.7217630853994492e-05,switch,_390-188538-0,CLOSED,1000000,7621.023553,58.08,abc
12,28,_500-15132_n,_500-15137_n,0.000525097,0.000189352,0.000189352,0.000525097,0.000189352,0.000525097,0.002783477,0.001551566,0.001578465,0.002783477,0.001551566,0.002783477,line,_389-446130-0,,1000000,7621.023553,58.08,abc
28,29,_500-15137_n,_402-2105415_sn,0.000199283,2.427115050851652e-05,2.427115050851652e-05,0.000199283,2.427115050851652e-05,0.000199283,0.0004083,0.00019888,0.000202328,0.0004083,0.00019888,0.0004083,line,_389-4187492-0,,1000000,7621.023553,58.08,abc
29,30,_402-2105415_sn,_402-2105415_ln,1.7217630853994492e-05,0,0,1.7217630853994492e-05,0,1.7217630853994492e-05,1.7217630853994492e-05,0,0,1.7217630853994492e-05,0,1.7217630853994492e-05,switch,_402-2105415-0,CLOSED,1000000,7621.023553,58.08,abc
30,31,_402-2105415_ln,_409-22381_n,0.001570533,0.000191279,0.000191279,0.001570533,0.000191279,0.001570533,0.003217777,0.001567355,0.001594527,0.003217777,0.001567355,0.003217777,line,_389-4187491-16,,1000000,7621.023553,58.08,abc
31,32,_409-22381_n,_409-1450774_n,1.721763085399449e-11,0,0,1.721763085399449e-11,0,1.721763085399449e-11,1.721763085399449e-11,0,0,1.721763085399449e-11,0,1.721763085399449e-11,switch,_389-4187491-3,CLOSED,1000000,7621.023553,58.08,abc
32,33,_409-1450774_n,_500-4125309_n,1.721763085399449e-11,0,0,1.721763085399449e-11,0,1.721763085399449e-11,1.721763085399449e-11,0,0,1.721763085399449e-11,0,1.721763085399449e-11,switch,_389-4187491-26,CLOSED,1000000,7621.023553,58.08,abc
33,34,_500-4125309_n,_729-35525_n,0.000120182,1.4637275146621357e-05,1.4637275146621357e-05,0.000120182,1.4637275146621357e-05,0.000120182,0.000246234,0.000119939,0.000122018,0.000246234,0.000119939,0.000246234,line,_389-4215234-3,,1000000,7621.023553,58.08,abc
34,35,_729-35525_n,_500-4125890_n,1.721763085399449e-11,0,0,1.721763085399449e-11,0,1.721763085399449e-11,1.721763085399449e-11,0,0,1.721763085399449e-11,0,1.721763085399449e-11,switch,_389-4215234-4,CLOSED,1000000,7621.023553,58.08,abc
35,36,_500-4125890_n,_396-225971_sn,5.998150486476574e-05,2.162960403831946e-05,2.162960403831946e-05,5.998150486476574e-05,2.162960403831946e-05,5.998150486476574e-05,0.000317955,0.000177235,0.000177235,0.000317955,0.000180307,0.000317955,line,_394-3341008-5,,1000000,7621.023553,58.08,abc
36,37,_396-225971_sn,_396-225971_ln,1.7217630853994492e-05,0,0,1.7217630853994492e-05,0,1.7217630853994492e-05,1.7217630853994492e-05,0,0,1.7217630853994492e-05,0,1.7217630853994492e-05,switch,_396-225971-0_c_396-225971-0_b_396-225971-0_a,CLOSED,1000000,7621.023553,58.08,cba
37,38,_396-225971_ln,_500-4125812_n,0,0,0,0,0,2.826714597075167e-05,0,0,0,0,0,0.000149841,line,_394-3341013-0,,1000000,7621.023553,58.08,c
38,39,_500-4125812_n,_395-2858644_sn,0,0,0,0,0,0.003171028,0,0,0,0,0,0.000867066,line,_411-2870453-0,,1000000,7621.023553,58.08,c
39,40,_395-2858644_sn,_391-2377503_n,0,0,0,0,0,1.7217630853994492e-05,0,0,0,0,0,1.7217630853994492e-05,switch,_395-2858644-0_c,CLOSED,1000000,7621.023553,58.08,c
93,40,_395-2858643_sn,_391-2377503_n,0,0,0,1.7217630853994492e-05,0,0,0,0,0,1.7217630853994492e-05,0,0,switch,_395-2858643-0_b,CLOSED,1000000,7621.023553,58.08,b
95,40,_395-2858642_sn,_391-2377503_n,1.7217630853994492e-05,0,0,0,0,0,1.7217630853994492e-05,0,0,0,0,0,switch,_395-2858642-0_a,CLOSED,1000000,7621.023553,58.08,a
40,41,_391-2377503_n,_395-2858638_ln,0,0,0,1.7217630853994492e-05,0,0,0,0,0,1.7217630853994492e-05,0,0,switch,_395-2858638-0_b,CLOSED,1000000,7621.023553,58.08,b
41,42,_395-2858638_ln,_411-2870449-0_n,0,0,0,0.001535194,0,0,0,0,0,0.000597471,0,0,line,_411-2870449-0,,1000000,7621.023553,58.08,b
42,43,_411-2870449-0_n,_391-2374908_n,0,0,0,1.7217630853994492e-05,0,0,0,0,0,1.7217630853994492e-05,0,0,switch,_395-2858639-0_b,CLOSED,1000000,7621.023553,58.08,b
53,43,_395-2855481_sn,_391-2374908_n,0,0,0,1.7217630853994492e-05,0,0,0,0,0,1.7217630853994492e-05,0,0,switch,_395-2855481-0_b,CLOSED,1000000,7621.023553,58.08,b
57,43,_395-2855482_sn,_391-2374908_n,0,0,0,0,0,1.7217630853994492e-05,0,0,0,0,0,1.7217630853994492e-05,switch,_395-2855482-0_c,CLOSED,1000000,7621.023553,58.08,c
79,43,_395-2855480_sn,_391-2374908_n,1.7217630853994492e-05,0,0,0,0,0,1.7217630853994492e-05,0,0,0,0,0,switch,_395-2855480-0_a,CLOSED,1000000,7621.023553,58.08,a
80,43,_411-2870450-0_n,_391-2374908_n,0,0,0,0,0,1.7217630853994492e-05,0,0,0,0,0,1.7217630853994492e-05,switch,_395-2858641-0_c,CLOSED,1000000,7621.023553,58.08,c
91,43,_411-2870448-0_n,_391-2374908_n,1.7217630853994492e-05,0,0,0,0,0,1.7217630853994492e-05,0,0,0,0,0,switch,_395-2858637-0_a,CLOSED,1000000,7621.023553,58.08,a
43,44,_391-2374908_n,_395-2864399_ln,1.7217630853994492e-05,0,0,0,0,0,1.7217630853994492e-05,0,0,0,0,0,switch,_395-2864399-0_a,CLOSED,1000000,7621.023553,58.08,a
44,45,_395-2864399_ln,_395-2864405_sn,0.001780401,0,0,0,0,0,0.000886998,0,0,0,0,0,line,_411-2876217-0,,1000000,7621.023553,58.08,a
45,46,_395-2864405_sn,_391-2383192_n,1.7217630853994492e-05,0,0,0,0,0,1.7217630853994492e-05,0,0,0,0,0,switch,_395-2864405-0_a,CLOSED,1000000,7621.023553,58.08,a
49,46,_395-2864407_sn,_391-2383192_n,0,0,0,0,0,1.7217630853994492e-05,0,0,0,0,0,1.7217630853994492e-05,switch,_395-2864407-0_c,CLOSED,1000000,7621.023553,58.08,c
51,46,_395-2864406_sn,_391-2383192_n,0,0,0,1.7217630853994492e-05,0,0,0,0,0,1.7217630853994492e-05,0,0,switch,_395-2864406-0_b,CLOSED,1000000,7621.023553,58.08,b
46,47,_391-2383192_n,_391-2383192_ln,0,0,0,0,0,0,0.0765,0,0,0.0765,0,0.0765,transformer,ave31344_tnk,,1000000,277.1281292110204,0.0768,abc
47,48,_391-2383192_ln,_406-3279267_n,0.42839533809025837,0.1052980793580701,0.10116863907762215,0.4313931944658726,0.1052980793580701,0.42839533809025837,0.12610786457864792,0.05266605,0.040169545481217324,0.11792280417513337,0.052666050257906535,0.12610786457864792,line,_389-4494050-1,,1000000,277.1281292110204,0.0768,abc
50,49,_395-2864401_ln,_395-2864407_sn,0,0,0,0,0,0.002607769,0,0,0,0,0,0.001299193,line,_411-2876219-0,,1000000,7621.023553,58.08,c
43,50,_391-2374908_n,_395-2864401_ln,0,0,0,0,0,1.7217630853994492e-05,0,0,0,0,0,1.7217630853994492e-05,switch,_395-2864401-0_c,CLOSED,1000000,7621.023553,58.08,c
52,51,_395-2864400_ln,_395-2864406_sn,0,0,0,0.002111639,0,0,0,0,0,0.001052021,0,0,line,_411-2876218-0,,1000000,7621.023553,58.08,b
43,52,_391-2374908_n,_395-2864400_ln,0,0,0,1.7217630853994492e-05,0,0,0,0,0,1.7217630853994492e-05,0,0,switch,_395-2864400-0_b,CLOSED,1000000,7621.023553,58.08,b
54,53,_395-2855475_ln,_395-2855481_sn,0,0,0,0.00056534,0,0,0,0,0,0.00022002,0,0,line,_411-2867296-0,,1000000,7621.023553,58.08,b
55,54,_720-64324_n,_395-2855475_ln,0,0,0,1.7217630853994492e-05,0,0,0,0,0,1.7217630853994492e-05,0,0,switch,_395-2855475-0_b,CLOSED,1000000,7621.023553,58.08,b
58,55,_391-2374901_n,_720-64324_n,1.7217630853994492e-05,0,0,1.7217630853994492e-05,0,1.7217630853994492e-05,1.7217630853994492e-05,0,0,1.7217630853994492e-05,0,1.7217630853994492e-05,switch,_720:64324,CLOSED,1000000,7621.023553,58.08,abc
55,56,_720-64324_n,_395-2855476_ln,0,0,0,0,0,1.7217630853994492e-05,0,0,0,0,0,1.7217630853994492e-05,switch,_395-2855476-0_c,CLOSED,1000000,7621.023553,58.08,c
56,57,_395-2855476_ln,_395-2855482_sn,0,0,0,0,0,0.000519546,0,0,0,0,0,0.000202198,line,_411-2867297-0,,1000000,7621.023553,58.08,c
59,58,_720-64642_n,_391-2374901_n,1.7217630853994492e-05,0,0,1.7217630853994492e-05,0,1.7217630853994492e-05,1.7217630853994492e-05,0,0,1.7217630853994492e-05,0,1.7217630853994492e-05,switch,_720:64642,CLOSED,1000000,7621.023553,58.08,abc
66,58,_720-64961_n,_391-2374901_n,1.7217630853994492e-05,0,0,1.7217630853994492e-05,0,1.7217630853994492e-05,1.7217630853994492e-05,0,0,1.7217630853994492e-05,0,1.7217630853994492e-05,switch,_720:64961,CLOSED,1000000,7621.023553,58.08,abc
60,59,_395-2857729_sn,_720-64642_n,0,0,0,1.7217630853994492e-05,0,0,0,0,0,1.7217630853994492e-05,0,0,switch,_395-2857729-0_b,CLOSED,1000000,7621.023553,58.08,b
62,59,_395-2857728_sn,_720-64642_n,1.7217630853994492e-05,0,0,0,0,0,1.7217630853994492e-05,0,0,0,0,0,switch,_395-2857728-0_a,CLOSED,1000000,7621.023553,58.08,a
64,59,_395-2857730_sn,_720-64642_n,0,0,0,0,0,1.7217630853994492e-05,0,0,0,0,0,1.7217630853994492e-05,switch,_395-2857730-0_c,CLOSED,1000000,7621.023553,58.08,c
61,60,_395-2857734_ln,_395-2857729_sn,0,0,0,0.000333354,0,0,0,0,0,9.115027904535111e-05,0,0,line,_411-2869868-0,,1000000,7621.023553,58.08,b
40,61,_391-2377503_n,_395-2857734_ln,0,0,0,1.7217630853994492e-05,0,0,0,0,0,1.7217630853994492e-05,0,0,switch,_395-2857734-0_b,CLOSED,1000000,7621.023553,58.08,b
63,62,_395-2857736_ln,_395-2857728_sn,0.000275681,0,0,0,0,0,7.538052208804008e-05,0,0,0,0,0,line,_411-2869871-0,,1000000,7621.023553,58.08,a
40,63,_391-2377503_n,_395-2857736_ln,1.7217630853994492e-05,0,0,0,0,0,1.7217630853994492e-05,0,0,0,0,0,switch,_395-2857736-0_a,CLOSED,1000000,7621.023553,58.08,a
65,64,_395-2857737_ln,_395-2857730_sn,0,0,0,0,0,0.00043126,0,0,0,0,0,0.000117921,line,_411-2870145-0,,1000000,7621.023553,58.08,c
40,65,_391-2377503_n,_395-2857737_ln,0,0,0,0,0,1.7217630853994492e-05,0,0,0,0,0,1.7217630853994492e-05,switch,_395-2857737-0_c,CLOSED,1000000,7621.023553,58.08,c
67,66,_394-3529560-1_n,_720-64961_n,1.7217630853994492e-05,0,0,0,0,0,1.7217630853994492e-05,0,0,0,0,0,switch,_395-2858645-0_a,CLOSED,1000000,7621.023553,58.08,a
68,66,_394-3529526-1_n,_720-64961_n,0,0,0,0,0,1.7217630853994492e-05,0,0,0,0,0,1.7217630853994492e-05,switch,_395-2858647-0_c,CLOSED,1000000,7621.023553,58.08,c
69,66,_394-3529528-1_n,_720-64961_n,0,0,0,1.7217630853994492e-05,0,0,0,0,0,1.7217630853994492e-05,0,0,switch,_395-2858646-0_b,CLOSED,1000000,7621.023553,58.08,b
58,70,_391-2374901_n,_720-64323_n,1.7217630853994492e-05,0,0,1.7217630853994492e-05,0,1.7217630853994492e-05,1.7217630853994492e-05,0,0,1.7217630853994492e-05,0,1.7217630853994492e-05,switch,_720:64323,CLOSED,1000000,7621.023553,58.08,abc
70,71,_720-64323_n,_395-2855473_ln,0,0,0,0,0,1.7217630853994492e-05,0,0,0,0,0,1.7217630853994492e-05,switch,_395-2855473-0_c,CLOSED,1000000,7621.023553,58.08,c
71,72,_395-2855473_ln,_395-2855479_sn,0,0,0,0,0,0.00045358,0,0,0,0,0,0.000176526,line,_411-2867294-0,,1000000,7621.023553,58.08,c
72,73,_395-2855479_sn,_391-2374904_n,0,0,0,0,0,1.7217630853994492e-05,0,0,0,0,0,1.7217630853994492e-05,switch,_395-2855479-0_c,CLOSED,1000000,7621.023553,58.08,c
74,73,_395-2855477_sn,_391-2374904_n,1.7217630853994492e-05,0,0,0,0,0,1.7217630853994492e-05,0,0,0,0,0,switch,_395-2855477-0_a,CLOSED,1000000,7621.023553,58.08,a
76,73,_395-2855478_sn,_391-2374904_n,0,0,0,1.7217630853994492e-05,0,0,0,0,0,1.7217630853994492e-05,0,0,switch,_395-2855478-0_b,CLOSED,1000000,7621.023553,58.08,b
75,74,_395-2855471_ln,_395-2855477_sn,0.000468845,0,0,0,0,0,0.000182466,0,0,0,0,0,line,_411-2867292-0,,1000000,7621.023553,58.08,a
70,75,_720-64323_n,_395-2855471_ln,1.7217630853994492e-05,0,0,0,0,0,1.7217630853994492e-05,0,0,0,0,0,switch,_395-2855471-0_a,CLOSED,1000000,7621.023553,58.08,a
77,76,_395-2855472_ln,_395-2855478_sn,0,0,0,0.000410512,0,0,0,0,0,0.000159764,0,0,line,_411-2867293-0,,1000000,7621.023553,58.08,b
70,77,_720-64323_n,_395-2855472_ln,0,0,0,1.7217630853994492e-05,0,0,0,0,0,1.7217630853994492e-05,0,0,switch,_395-2855472-0_b,CLOSED,1000000,7621.023553,58.08,b
55,78,_720-64324_n,_395-2855474_ln,1.7217630853994492e-05,0,0,0,0,0,1.7217630853994492e-05,0,0,0,0,0,switch,_395-2855474-0_a,CLOSED,1000000,7621.023553,58.08,a
78,79,_395-2855474_ln,_395-2855480_sn,0.000712535,0,0,0,0,0,0.000277306,0,0,0,0,0,line,_411-2867295-0,,1000000,7621.023553,58.08,a
81,80,_395-2858640_ln,_411-2870450-0_n,0,0,0,0,0,0.001159028,0,0,0,0,0,0.000451074,line,_411-2870450-0,,1000000,7621.023553,58.08,c
40,81,_391-2377503_n,_395-2858640_ln,0,0,0,0,0,1.7217630853994492e-05,0,0,0,0,0,1.7217630853994492e-05,switch,_395-2858640-0_c,CLOSED,1000000,7621.023553,58.08,c
43,82,_391-2374908_n,_395-2864397_ln,0,0,0,1.7217630853994492e-05,0,0,0,0,0,1.7217630853994492e-05,0,0,switch,_395-2864397-0_b,CLOSED,1000000,7621.023553,58.08,b
82,83,_395-2864397_ln,_395-2864403_sn,0,0,0,0.00091962,0,0,0,0,0,0.000458156,0,0,line,_411-2876215-0,,1000000,7621.023553,58.08,b
83,84,_395-2864403_sn,_391-2383188_n,0,0,0,1.7217630853994492e-05,0,0,0,0,0,1.7217630853994492e-05,0,0,switch,_395-2864403-0_b,CLOSED,1000000,7621.023553,58.08,b
87,84,_395-2864404_sn,_391-2383188_n,0,0,0,0,0,1.7217630853994492e-05,0,0,0,0,0,1.7217630853994492e-05,switch,_395-2864404-0_c,CLOSED,1000000,7621.023553,58.08,c
89,84,_395-2864402_sn,_391-2383188_n,1.7217630853994492e-05,0,0,0,0,0,1.7217630853994492e-05,0,0,0,0,0,switch,_395-2864402-0_a,CLOSED,1000000,7621.023553,58.08,a
84,85,_391-2383188_n,_391-2383188_ln,0,0,0,0,0,0,0.0765,0,0,0.0765,0,0.0765,transformer,ave31285_tnk,,1000000,277.1281292110204,0.0768,abc
85,86,_391-2383188_ln,_500-4424881_n,0.3910291599521646,0.096113603,0.092344347,0.39376553254071667,0.096113603,0.3910291599521645,0.11510828425299187,0.048072328,0.036665814,0.10763715417951364,0.048072328,0.11510828425299187,line,_389-4494051-2,,1000000,277.1281292110204,0.0768,abc
88,87,_395-2864398_ln,_395-2864404_sn,0,0,0,0,0,0.001233424,0,0,0,0,0,0.000614493,line,_411-2876216-0,,1000000,7621.023553,58.08,c
43,88,_391-2374908_n,_395-2864398_ln,0,0,0,0,0,1.7217630853994492e-05,0,0,0,0,0,1.7217630853994492e-05,switch,_395-2864398-0_c,CLOSED,1000000,7621.023553,58.08,c
90,89,_395-2864396_ln,_395-2864402_sn,0.000771435,0,0,0,0,0,0.00038433,0,0,0,0,0,line,_411-2876214-0,,1000000,7621.023553,58.08,a
43,90,_391-2374908_n,_395-2864396_ln,1.7217630853994492e-05,0,0,0,0,0,1.7217630853994492e-05,0,0,0,0,0,switch,_395-2864396-0_a,CLOSED,1000000,7621.023553,58.08,a
92,91,_395-2858636_ln,_411-2870448-0_n,0.002046017,0,0,0,0,0,0.000796275,0,0,0,0,0,line,_411-2870448-0,,1000000,7621.023553,58.08,a
40,92,_391-2377503_n,_395-2858636_ln,1.7217630853994492e-05,0,0,0,0,0,1.7217630853994492e-05,0,0,0,0,0,switch,_395-2858636-0_a,CLOSED,1000000,7621.023553,58.08,a
94,93,_500-4125810_n,_395-2858643_sn,0,0,0,0.00315438,0,0,0,0,0,0.000862514,0,0,line,_411-2870452-0,,1000000,7621.023553,58.08,b
37,94,_396-225971_ln,_500-4125810_n,0,0,0,2.826714597075167e-05,0,0,0,0,0,0.000149841,0,0,line,_394-3341011-0,,1000000,7621.023553,58.08,b
96,95,_500-4125312_n,_395-2858642_sn,0.003193622,0,0,0,0,0,0.000873244,0,0,0,0,0,line,_411-2870451-0,,1000000,7621.023553,58.08,a
37,96,_396-225971_ln,_500-4125312_n,2.826714597075167e-05,0,0,0,0,0,0.000149841,0,0,0,0,0,line,_394-3341009-0,,1000000,7621.023553,58.08,a
33,97,_500-4125309_n,_409-23049_n,1.721763085399449e-11,0,0,1.721763085399449e-11,0,1.721763085399449e-11,1.721763085399449e-11,0,0,1.721763085399449e-11,0,1.721763085399449e-11,switch,_389-4187491-27,CLOSED,1000000,7621.023553,58.08,abc
97,98,_409-23049_n,_409-23035_n,0.000829537,0.000101031,0.000101031,0.000829537,0.000101031,0.000829537,0.001699593,0.000827859,0.000842211,0.001699593,0.000827859,0.001699593,line,_389-4187491-7,,1000000,7621.023553,58.08,abc
98,99,_409-23035_n,_409-23035_n_sec,0,0,0,0,0,0,0.40800038046035486,0,0,0.40800038046035486,0,0.40800038046035486,transformer,ava07453_ava08187_ava08183_tnk,,1000000,119.99994404998696,0.014399986572000001,abc
99,100,_409-23035_n_sec,_406-92375_n,2.208992271692228,0.5429625928305616,0.5216694067128308,2.2244505201290488,0.5429625928305617,2.2089922716922277,0.6502668761422218,0.2715690103419348,0.2071316086700812,0.6080611526735685,0.27156901034193476,0.6502668761422218,line,_389-153104-2,,1000000,119.99994404998696,0.014399986572000001,abc
99,101,_409-23035_n_sec,_406-2075826_n,0.7746910635159528,0.1904163603827637,0.182948864,0.7801122535649523,0.19041636038276372,0.7746910635159527,0.22804784982878426,0.095238941,0.072640818,0.21324635087408503,0.095238941,0.22804784982878426,line,_389-4275487-0,,1000000,119.99994404998696,0.014399986572000001,abc
98,102,_409-23035_n,_409-2046771_n,0.000765236,9.319997487201158e-05,9.319997487201158e-05,0.000765236,9.319997487201158e-05,0.000765236,0.001567849,0.000763687,0.000776927,0.001567849,0.000763687,0.001567849,line,_389-4187491-31,,1000000,7621.023553,58.08,abc
102,103,_409-2046771_n,_409-2046771_n_sec,0,0,0,0,0,0,0.0765,0,0,0.0765,0,0.0765,transformer,avc21683_avc21682_avc21672_tnk,,1000000,277.1281292110204,0.0768,abc
103,104,_409-2046771_n_sec,_406-3369574_n,0.6741700590830724,0.16570864822811765,0.15921010645999256,0.6788878158609125,0.1657086482281177,0.6741700590830723,0.19845721686148396,0.082881094,0.063215218,0.1855763048505477,0.082881094,0.19845721686148396,line,_389-4602006-1,,1000000,277.1281292110204,0.0768,abc
102,105,_409-2046771_n,_409-23030_n,0.000962223,0.000117191,0.000117191,0.000962223,0.000117191,0.000962223,0.001971444,0.000960275,0.000976923,0.001971444,0.000960275,0.001971444,line,_389-4187491-32,,1000000,7621.023553,58.08,abc
105,106,_409-23030_n,_409-23030_n_sec,0,0,0,0,0,0,0.40800038046035486,0,0,0.40800038046035486,0,0.40800038046035486,transformer,__ave04971___tnk,,1000000,119.99994404998696,0.014399986572000001,b
106,107,_409-23030_n_sec,_500-2251093_n,12.549071904787331,3.6150252926777524,0,12.549071904787331,0,0,5.106494911,3.9057518365580317,0,5.106494911,0,0,line,_389-153213-4,,1000000,119.99994404998696,0.014399986572000001,ab
106,108,_409-23030_n_sec,_406-92421_n,12.611703388885632,3.6330676149188843,0,12.611703388885632,0,0,5.131981047377883,3.925245153346661,0,5.131981047377883,0,0,line,_389-153214-0,,1000000,119.99994404998696,0.014399986572000001,ab
105,109,_409-23030_n,_409-22383_n,0.001012745,0.000123345,0.000123345,0.001012745,0.000123345,0.001012745,0.002074956,0.001010695,0.001028217,0.002074956,0.001010695,0.002074956,line,_389-4187491-11,,1000000,7621.023553,58.08,abc
109,110,_409-22383_n,_500-14012_n,0.00024113,2.9367781345132026e-05,2.9367781345132026e-05,0.00024113,2.9367781345132026e-05,0.00024113,0.000494037,0.000240642,0.000244814,0.000494037,0.000240642,0.000494037,line,_389-4187491-13,,1000000,7621.023553,58.08,abc
110,111,_500-14012_n,_402-126828_sn,5.653429194150334e-05,2.0386523346462017e-05,2.0386523346462017e-05,5.653429194150334e-05,2.0386523346462017e-05,5.653429194150334e-05,0.000299682,0.000167049,0.000167049,0.000299682,0.000169945,0.000299682,line,_394-247582-0,,1000000,7621.023553,58.08,abc
111,112,_402-126828_sn,_402-126828_ln,1.7217630853994492e-05,0,0,1.7217630853994492e-05,0,1.7217630853994492e-05,1.7217630853994492e-05,0,0,1.7217630853994492e-05,0,1.7217630853994492e-05,switch,_402-126828-0,CLOSED,1000000,7621.023553,58.08,abc
112,113,_402-126828_ln,_500-14008_n,0,0,0,2.826714597075167e-05,0,0,0,0,0,0.000149841,0,0,line,_394-247585-0,,1000000,7621.023553,58.08,b
113,114,_500-14008_n,_395-219603_sn,0,0,0,0.002329558,0,0,0,0,0,0.001160588,0,0,line,_411-198922-0,,1000000,7621.023553,58.08,b
114,115,_395-219603_sn,_391-146420_n,0,0,0,1.7217630853994492e-05,0,0,0,0,0,1.7217630853994492e-05,0,0,switch,_395-219603-0_b,CLOSED,1000000,7621.023553,58.08,b
118,115,_395-219602_sn,_391-146420_n,1.7217630853994492e-05,0,0,0,0,0,1.7217630853994492e-05,0,0,0,0,0,switch,_395-219602-0_a,CLOSED,1000000,7621.023553,58.08,a
120,115,_395-219604_sn,_391-146420_n,0,0,0,0,0,1.7217630853994492e-05,0,0,0,0,0,1.7217630853994492e-05,switch,_395-219604-0_c,CLOSED,1000000,7621.023553,58.08,c
115,116,_391-146420_n,_391-146420_ln,0,0,0,0,0,0,0.40800038046035486,0,0,0.40800038046035486,0,0.40800038046035486,transformer,sc9008_tnk,,1000000,119.99994404998696,0.014399986572000001,abc
116,117,_391-146420_ln,_406-92379_n,8.210041162261458,2.017999471447767,1.938860247312618,8.267493991585093,2.0179994714477676,8.210041162261456,2.4168114519898336,1.009325737293722,0.7698347590342915,2.259947740241662,1.0093257372937219,2.4168114519898336,line,_389-459538-0,,1000000,119.99994404998696,0.014399986572000001,abc
119,118,_500-14011_n,_395-219602_sn,0.0024683,0,0,0,0,0,0.00122971,0,0,0,0,0,line,_411-198921-0,,1000000,7621.023553,58.08,a
112,119,_402-126828_ln,_500-14011_n,2.826714597075167e-05,0,0,0,0,0,0.000149841,0,0,0,0,0,line,_394-247583-0,,1000000,7621.023553,58.08,a
121,120,_500-14009_n,_395-219604_sn,0,0,0,0,0,0.002426896,0,0,0,0,0,0.001209082,line,_411-198923-0,,1000000,7621.023553,58.08,c
112,121,_402-126828_ln,_500-14009_n,0,0,0,0,0,2.826714597075167e-05,0,0,0,0,0,0.000149841,line,_394-247587-0,,1000000,7621.023553,58.08,c
110,122,_500-14012_n,_403-37196_sn,0.001408504,0.000171545,0.000171545,0.001408504,0.000171545,0.001408504,0.002885805,0.001405654,0.001430023,0.002885805,0.001405654,0.002885805,line,_389-4187491-14,,1000000,7621.023553,58.08,abc
122,123,_403-37196_sn,_403-37196_ln,1.7217630853994492e-05,0,0,1.7217630853994492e-05,0,1.7217630853994492e-05,1.7217630853994492e-05,0,0,1.7217630853994492e-05,0,1.7217630853994492e-05,switch,_403-37196-0,CLOSED,1000000,7621.023553,58.08,abc
123,124,_403-37196_ln,_409-23109_n,5.612823638290589e-05,8.142178531666233e-06,8.142178531666233e-06,5.612823638290589e-05,8.142178531666233e-06,5.612823638290589e-05,0.000128879,6.671761321582408e-05,6.787427153113187e-05,0.000128879,6.671761321582408e-05,0.000128879,line,_389-4187193-0,,1000000,7621.023553,58.08,abc
124,125,_409-23109_n,_409-23109_n_sec,0,0,0,0,0,0,0.40800038046035486,0,0,0.40800038046035486,0,0.40800038046035486,transformer,l6064_____tnk,,1000000,119.99994404998696,0.014399986572000001,a
125,126,_409-23109_n_sec,_406-2300055_n,15.925478274814045,4.587670482586058,0,15.925478274814045,0,0,6.480429340639249,4.956618823435941,0,6.480429340639249,0,0,line,_389-4107577-0,,1000000,119.99994404998696,0.014399986572000001,ab
124,127,_409-23109_n,_402-2105095_sn,8.440658448421727e-05,1.2244344814795786e-05,1.2244344814795786e-05,8.440658448421727e-05,1.2244344814795786e-05,8.440658448421727e-05,0.00019381,0.000100331,0.00010207,0.00019381,0.000100331,0.00019381,line,_389-4187193-1,,1000000,7621.023553,58.08,abc
127,128,_402-2105095_sn,_402-2105095_ln,1.7217630853994492e-05,0,0,1.7217630853994492e-05,0,1.7217630853994492e-05,1.7217630853994492e-05,0,0,1.7217630853994492e-05,0,1.7217630853994492e-05,switch,_402-2105095-0,CLOSED,1000000,7621.023553,58.08,abc
128,129,_402-2105095_ln,_409-22700_n,0.001191547,0.00017285,0.00017285,0.001191547,0.00017285,0.001191547,0.00273597,0.001416349,0.001440903,0.00273597,0.001416349,0.00273597,line,_389-150125-4,,1000000,7621.023553,58.08,abc
129,130,_409-22700_n,_409-22700_n_sec,0,0,0,0,0,0,0.40800038046035486,0,0,0.40800038046035486,0,0.40800038046035486,transformer,ava02769_ava00242_ava01057_tnk,,1000000,119.99994404998696,0.014399986572000001,abc
130,131,_409-22700_n_sec,_406-92424_n,12.167702030223388,2.9907787038379725,2.8734903152479307,12.252850069579956,2.990778703837973,12.167702030223387,3.581838510897753,1.495872502963516,1.1409345915944116,3.349358445794053,1.4958725029635158,3.581838510897753,line,_389-153249-2,,1000000,119.99994404998696,0.014399986572000001,abc
129,132,_409-22700_n,_500-14010_n,0.001401921,0.000203368,0.000203368,0.001401921,0.000203368,0.001401921,0.00321902,0.001666412,0.001695302,0.00321902,0.001666412,0.00321902,line,_389-150125-2,,1000000,7621.023553,58.08,abc
132,133,_500-14010_n,_409-23115_n,0.001451882,0.000176828,0.000176828,0.001451882,0.000176828,0.001451882,0.002974679,0.001448944,0.001474063,0.002974679,0.001448944,0.002974679,line,_389-150235-0,,1000000,7621.023553,58.08,abc
133,134,_409-23115_n,_409-23103_n,0.00329442,0.000401235,0.000401235,0.00329442,0.000401235,0.00329442,0.006749751,0.003287752,0.003344751,0.006749751,0.003287752,0.006749751,line,_389-150235-6,,1000000,7621.023553,58.08,abc
134,135,_409-23103_n,_403-1235114_sn,0.000129878,1.5818201803885926e-05,1.5818201803885926e-05,0.000129878,1.5818201803885926e-05,0.000129878,0.0002661,0.000129616,0.000131863,0.0002661,0.000129616,0.0002661,line,_389-150235-3,,1000000,7621.023553,58.08,abc
135,136,_403-1235114_sn,_403-1235114_ln,1.7217630853994492e-05,0,0,1.7217630853994492e-05,0,1.7217630853994492e-05,1.7217630853994492e-05,0,0,1.7217630853994492e-05,0,1.7217630853994492e-05,switch,_403-1235114-0,CLOSED,1000000,7621.023553,58.08,abc
136,137,_403-1235114_ln,_389-4187489-1_n,0.001222235,0.000148859,0.000148859,0.001222235,0.000148859,0.001222235,0.002504168,0.001219761,0.001240907,0.002504168,0.001219761,0.002504168,line,_389-4187489-1,,1000000,7621.023553,58.08,abc
137,138,_389-4187489-1_n,_402-2105414_ln,1.7217630853994492e-05,0,0,1.7217630853994492e-05,0,1.7217630853994492e-05,1.7217630853994492e-05,0,0,1.7217630853994492e-05,0,1.7217630853994492e-05,switch,_402-2105414-0,CLOSED,1000000,7621.023553,58.08,abc
134,139,_409-23103_n,_409-23103_n_sec,0,0,0,0,0,0,0.40800038046035486,0,0,0.40800038046035486,0,0.40800038046035486,transformer,pa1412_____tnk,,1000000,119.99994404998696,0.014399986572000001,a
139,140,_409-23103_n_sec,_500-2255251_n,24.443360112183306,7.041426307380032,0,24.443360112183306,0,0,9.946543853902144,7.607709906689488,0,9.946543853902144,0,0,line,_389-153365-1,,1000000,119.99994404998696,0.014399986572000001,ab
139,141,_409-23103_n_sec,_406-92506_n,11.982541662261767,3.4518242869511475,0,11.982541662261767,0,0,4.875961225,3.729425925606342,0,4.875961225,0,0,line,_389-153363-2,,1000000,119.99994404998696,0.014399986572000001,ab
133,142,_409-23115_n,_409-23115_n_sec,0,0,0,0,0,0,0.40800038046035486,0,0,0.40800038046035486,0,0.40800038046035486,transformer,__ave11394_ava21400_tnk,,1000000,119.99994404998696,0.014399986572000001,abc
142,143,_409-23115_n_sec,_406-92503_n,0,0,0,11.30547337573188,3.1021118832662915,11.30547337573188,0,0,0,3.928806909,2.172470136025169,3.928806909,line,_389-153344-2,,1000000,119.99994404998696,0.014399986572000001,bc
142,144,_409-23115_n_sec,_406-92502_n,0,0,0,7.158180551888267,1.9641350887831133,7.158180551888267,0,0,0,2.4875658251193036,1.375522542,2.4875658251193036,line,_389-153343-0,,1000000,119.99994404998696,0.014399986572000001,bc
142,145,_409-23115_n_sec,_406-92505_n,0,0,0,12.151919439355327,3.334368446547109,12.151919439355327,0,0,0,4.222958514083466,2.3351239881783488,4.222958514083465,line,_389-153362-1,,1000000,119.99994404998696,0.014399986572000001,bc
132,146,_500-14010_n,_409-22698_n,0.000690728,8.412548582145225e-05,8.412548582145225e-05,0.000690728,8.412548582145225e-05,0.000690728,0.001415195,0.00068933,0.000701281,0.001415195,0.00068933,0.001415195,line,_389-4738419-1,,1000000,7621.023553,58.08,abc
146,147,_409-22698_n,_500-4529805_n,0.002242379,0.000273105,0.000273105,0.002242379,0.000273105,0.002242379,0.004594285,0.002237841,0.002276638,0.004594285,0.002237841,0.004594285,line,_389-4738419-3,,1000000,7621.023553,58.08,abc
147,148,_500-4529805_n,_396-274612_sn,5.653429194150334e-05,2.0386523346462017e-05,2.0386523346462017e-05,5.653429194150334e-05,2.0386523346462017e-05,5.653429194150334e-05,0.000299682,0.000167049,0.000167049,0.000299682,0.000169945,0.000299682,line,_394-3604347-1,,1000000,7621.023553,58.08,abc
148,149,_396-274612_sn,_396-274612_ln,1.7217630853994492e-05,0,0,1.7217630853994492e-05,0,1.7217630853994492e-05,1.7217630853994492e-05,0,0,1.7217630853994492e-05,0,1.7217630853994492e-05,switch,_396-274612-0_a_396-274612-0_c_396-274612-0_b,CLOSED,1000000,7621.023553,58.08,acb
149,150,_396-274612_ln,_500-4529807_n,2.826714597075167e-05,0,0,0,0,0,0.000149841,0,0,0,0,0,line,_394-3604348-0,,1000000,7621.023553,58.08,a
150,151,_500-4529807_n,_500-4529808_n,0.001363939,0,0,0,0,0,0.000372947,0,0,0,0,0,line,_411-3118448-0,,1000000,7621.023553,58.08,a
151,152,_500-4529808_n,_396-274611_sn,2.826714597075167e-05,0,0,0,0,0,0.000149841,0,0,0,0,0,line,_394-3604349-0,,1000000,7621.023553,58.08,a
198,152,_500-4529844_n,_396-274611_sn,0,0,0,0,0,2.826714597075167e-05,0,0,0,0,0,0.000149841,line,_394-3604353-0,,1000000,7621.023553,58.08,c
200,152,_500-4529842_n,_396-274611_sn,0,0,0,2.826714597075167e-05,0,0,0,0,0,0.000149841,0,0,line,_394-3604351-0,,1000000,7621.023553,58.08,b
152,153,_396-274611_sn,_396-274611_ln,1.7217630853994492e-05,0,0,1.7217630853994492e-05,0,1.7217630853994492e-05,1.7217630853994492e-05,0,0,1.7217630853994492e-05,0,1.7217630853994492e-05,switch,_396-274611-0_c_396-274611-0_b_396-274611-0_a,CLOSED,1000000,7621.023553,58.08,cba
153,154,_396-274611_ln,_500-4529803_n,5.653429194150334e-05,2.0386523346462017e-05,2.0386523346462017e-05,5.653429194150334e-05,2.0386523346462017e-05,5.653429194150334e-05,0.000299682,0.000167049,0.000167049,0.000299682,0.000169945,0.000299682,line,_394-3604346-1,,1000000,7621.023553,58.08,abc
154,155,_500-4529803_n,_409-23074_n,0.000565188,6.883559331160574e-05,6.883559331160574e-05,0.000565188,6.883559331160574e-05,0.000565188,0.001157981,0.000564044,0.000573823,0.001157981,0.000564044,0.001157981,line,_389-1494219-19,,1000000,7621.023553,58.08,abc
155,156,_409-23074_n,_409-23074_n_sec,0,0,0,0,0,0,0.40800038046035486,0,0,0.40800038046035486,0,0.40800038046035486,transformer,ava08069___ava09637_tnk,,1000000,119.99994404998696,0.014399986572000001,abc
156,157,_409-23074_n_sec,_406-92330_n,8.398072483945679,0,2.223371275380669,0,0,8.398072483945679,3.0893681078103117,0,1.4677295178233163,0,0,3.089368107810311,line,_389-153011-4,,1000000,119.99994404998696,0.014399986572000001,ac
156,158,_409-23074_n_sec,_406-92442_n,8.998767946339015,0,2.382404081883592,0,0,8.998767946339015,3.3103437432995215,0,1.5727129486120672,0,0,3.310343743299521,line,_389-153283-4,,1000000,119.99994404998696,0.014399986572000001,ac
156,159,_409-23074_n_sec,_406-92445_n,12.098473172184242,0,3.203044243595276,0,0,12.098473172184242,4.45062093,0,2.114447836614215,0,0,4.450620930314228,line,_389-153286-4,,1000000,119.99994404998696,0.014399986572000001,ac
156,160,_409-23074_n_sec,_406-92443_n,10.185578884174395,0,2.696609675314124,0,0,10.185578884174395,3.7469315279796596,0,1.7801316686655706,0,0,3.7469315279796587,line,_389-153284-4,,1000000,119.99994404998696,0.014399986572000001,ac
156,161,_409-23074_n_sec,_406-92440_n,9.57613543,0,2.535260857066013,0,0,9.57613543,3.522737801,0,1.6736193529624201,0,0,3.522737800711479,line,_389-153281-4,,1000000,119.99994404998696,0.014399986572000001,ac
156,162,_409-23074_n_sec,_500-3569786_n,15.793041865642293,0,4.181173203979758,0,0,15.793041865642293,5.809728358298837,0,2.760146898795514,0,0,5.809728358298836,line,_389-153288-4,,1000000,119.99994404998696,0.014399986572000001,ac
156,163,_409-23074_n_sec,_406-92441_n,15.134026455443777,0,4.0067003191755814,0,0,15.134026455443777,5.567298777616499,0,2.6449709019107677,0,0,5.567298777616498,line,_389-153282-4,,1000000,119.99994404998696,0.014399986572000001,ac
155,164,_409-23074_n,_500-4529793_n,5.715668989093059e-05,6.961251874401664e-06,6.961251874401664e-06,5.715668989093059e-05,6.961251874401664e-06,5.715668989093059e-05,0.000117105,5.704101282574273e-05,5.802991153806694e-05,0.000117105,5.704101282574273e-05,0.000117105,line,_389-1494219-17,,1000000,7621.023553,58.08,abc
154,165,_500-4529803_n,_500-4437020_n,0.000859647,0.000104698,0.000104698,0.000859647,0.000104698,0.000859647,0.001761282,0.000857907,0.00087278,0.001761282,0.000857907,0.001761282,line,_389-1494219-20,,1000000,7621.023553,58.08,abc
165,166,_500-4437020_n,_402-2305846_sn,5.653429194150334e-05,2.0386523346462017e-05,2.0386523346462017e-05,5.653429194150334e-05,2.0386523346462017e-05,5.653429194150334e-05,0.000299682,0.000167049,0.000167049,0.000299682,0.000169945,0.000299682,line,_394-3543713-1,,1000000,7621.023553,58.08,abc
166,167,_402-2305846_sn,_402-2305846_ln,1.7217630853994492e-05,0,0,1.7217630853994492e-05,0,1.7217630853994492e-05,1.7217630853994492e-05,0,0,1.7217630853994492e-05,0,1.7217630853994492e-05,switch,_402-2305846-0,CLOSED,1000000,7621.023553,58.08,abc
167,168,_402-2305846_ln,_500-4437024_n,0,0,0,2.826714597075167e-05,0,0,0,0,0,0.000149841,0,0,line,_394-3543715-0,,1000000,7621.023553,58.08,b
168,169,_500-4437024_n,_395-3045325_sn,0,0,0,0.003447485,0,0,0,0,0,0.00171754,0,0,line,_411-3058423-0,,1000000,7621.023553,58.08,b
169,170,_395-3045325_sn,_391-2545844_n,0,0,0,1.7217630853994492e-05,0,0,0,0,0,1.7217630853994492e-05,0,0,switch,_395-3045325-0_b,CLOSED,1000000,7621.023553,58.08,b
171,170,_395-3045324_sn,_391-2545844_n,1.7217630853994492e-05,0,0,0,0,0,1.7217630853994492e-05,0,0,0,0,0,switch,_395-3045324-0_a,CLOSED,1000000,7621.023553,58.08,a
173,170,_395-3045326_sn,_391-2545844_n,0,0,0,0,0,1.7217630853994492e-05,0,0,0,0,0,1.7217630853994492e-05,switch,_395-3045326-0_c,CLOSED,1000000,7621.023553,58.08,c
172,171,_500-4437022_n,_395-3045324_sn,0.003339978,0,0,0,0,0,0.00166398,0,0,0,0,0,line,_411-3058422-0,,1000000,7621.023553,58.08,a
167,172,_402-2305846_ln,_500-4437022_n,2.826714597075167e-05,0,0,0,0,0,0.000149841,0,0,0,0,0,line,_394-3543714-0,,1000000,7621.023553,58.08,a
174,173,_500-4437026_n,_395-3045326_sn,0,0,0,0,0,0.003789618,0,0,0,0,0,0.001887992,line,_411-3058424-0,,1000000,7621.023553,58.08,c
167,174,_402-2305846_ln,_500-4437026_n,0,0,0,0,0,2.826714597075167e-05,0,0,0,0,0,0.000149841,line,_394-3543716-0,,1000000,7621.023553,58.08,c
170,175,_391-2545844_n,_391-2545844_ln,0,0,0,0,0,0,0.40800038046035486,0,0,0.40800038046035486,0,0.40800038046035486,transformer,ave31154_tnk,,1000000,119.99994404998696,0.014399986572000001,abc
175,176,_391-2545844_ln,_406-3294196_n,1.7542822996285163,0.4311964682580699,0.4142863776309012,1.7665585452104897,0.431196468,1.7542822996285161,0.516412703,0.21566789258412863,0.16449460663125887,0.48289481629095343,0.2156678925841286,0.516412703,line,_389-4512130-1,,1000000,119.99994404998696,0.014399986572000001,abc
165,177,_500-4437020_n,_409-2127443_n,0.00112221,0.000136677,0.000136677,0.00112221,0.000136677,0.00112221,0.002299234,0.001119939,0.001139355,0.002299234,0.001119939,0.002299234,line,_389-1494219-25,,1000000,7621.023553,58.08,abc
177,178,_409-2127443_n,_409-2127443_n_sec,0,0,0,0,0,0,0.40800038046035486,0,0,0.40800038046035486,0,0.40800038046035486,transformer,__avv00890___tnk,,1000000,119.99994404998696,0.014399986572000001,b
178,179,_409-2127443_n_sec,_406-2380054_n,8.765560888,2.525105008202087,0,8.765560888,0,0,3.5669005970375847,2.7281782905540335,0,3.5669005970375847,0,0,line,_389-4738421-0,,1000000,119.99994404998696,0.014399986572000001,ab
177,180,_409-2127443_n,_409-23079_n,0.001916535,0.000233419,0.000233419,0.001916535,0.000233419,0.001916535,0.003926681,0.001912656,0.001945815,0.003926681,0.001912656,0.003926681,line,_389-1494219-24,,1000000,7621.023553,58.08,abc
180,181,_409-23079_n,_409-23079_n_sec,0,0,0,0,0,0,0.40800038046035486,0,0,0.40800038046035486,0,0.40800038046035486,transformer,__ave03335_ave03473_tnk,,1000000,119.99994404998696,0.014399986572000001,abc
181,182,_409-23079_n_sec,_406-92470_n,0,0,0,3.4765795069931973,0.9539395869007999,3.4765795069931973,0,0,0,1.2081590157187454,0.6680627076326103,1.2081590157187452,line,_389-153295-0,,1000000,119.99994404998696,0.014399986572000001,bc
181,183,_409-23079_n_sec,_406-1855046_n,0,0,0,8.815926129780559,2.4190043442050615,8.815926129780559,0,0,0,3.063655128317964,1.694076453221699,3.063655128317963,line,_389-153293-2,,1000000,119.99994404998696,0.014399986572000001,bc
181,184,_409-23079_n_sec,_406-92473_n,0,0,0,3.669885528443535,1.0069808781690837,3.669885528443535,0,0,0,1.2753355069044547,0.7052085700620562,1.2753355069044545,line,_389-153330-0,,1000000,119.99994404998696,0.014399986572000001,bc
181,185,_409-23079_n_sec,_406-92472_n,0,0,0,10.295010081786932,2.8248505880002632,10.295010081786932,0,0,0,3.5776570684510443,1.978298582416702,3.577657068451044,line,_389-153329-1,,1000000,119.99994404998696,0.014399986572000001,bc
181,186,_409-23079_n_sec,_406-92819_n,0,0,0,10.142708367916969,2.783060479728282,10.142708367916969,0,0,0,3.5247301360016974,1.9490321453510782,3.524730136001697,line,_389-153740-1,,1000000,119.99994404998696,0.014399986572000001,bc
181,187,_409-23079_n_sec,_406-92467_n,0,0,0,16.609673449164635,4.557532769430866,16.609673449164635,0,0,0,5.772089113850888,3.1917300884452686,5.772089113850888,line,_389-153292-2,,1000000,119.99994404998696,0.014399986572000001,bc
181,188,_409-23079_n_sec,_406-92469_n,0,0,0,4.3552432408583694,1.195036365392999,4.3552432408583694,0,0,0,1.5135067029265157,0.8369075368573644,1.5135067029265155,line,_389-153294-0,,1000000,119.99994404998696,0.014399986572000001,bc
181,189,_409-23079_n_sec,_500-3323074_n,0,0,0,14.94314123393369,4.100252546223994,14.94314123393369,0,0,0,5.192946334,2.871487729015651,5.192946333780149,line,_389-153296-1,,1000000,119.99994404998696,0.014399986572000001,bc
189,190,_500-3323074_n,_406-92471_n,0,0,0,1.8920559069230034,0.5191617296865347,1.8920559069230034,0,0,0,0.6575153531207323,0.36357919893063706,0.6575153531207323,line,_389-3449954-0,,1000000,119.99994404998696,0.014399986572000001,bc
180,191,_409-23079_n,_403-801451_sn,0.000125796,1.532096952714295e-05,1.532096952714295e-05,0.000125796,1.532096952714295e-05,0.000125796,0.000257736,0.000125541,0.000127718,0.000257736,0.000125541,0.000257736,line,_389-1494219-4,,1000000,7621.023553,58.08,abc
191,192,_403-801451_sn,_403-801451_ln,1.7217630853994492e-05,0,0,1.7217630853994492e-05,0,1.7217630853994492e-05,1.7217630853994492e-05,0,0,1.7217630853994492e-05,0,1.7217630853994492e-05,switch,_403-801451-0,CLOSED,1000000,7621.023553,58.08,abc
192,193,_403-801451_ln,_409-719428_n,0.001553948,0.000189259,0.000189259,0.001553948,0.000189259,0.001553948,0.003183796,0.001550803,0.001577688,0.003183796,0.001550803,0.003183796,line,_389-2266702-3,,1000000,7621.023553,58.08,abc
193,194,_409-719428_n,_409-719428_n_sec,0,0,0,0,0,0,0.40800038046035486,0,0,0.40800038046035486,0,0.40800038046035486,transformer,av04592_av04594_av04583_tnk,,1000000,119.99994404998696,0.014399986572000001,abc
194,195,_409-719428_n_sec,_500-1962678_n,7.626216012945086,1.8744972868114815,1.8009857408370538,7.679583307739041,1.8744972868114818,7.626216012945085,2.2449493042927786,0.937551463,0.7150909539474086,2.0992403453800326,0.937551463,2.2449493042927786,line,_389-2266704-0,,1000000,119.99994404998696,0.014399986572000001,abc
194,196,_409-719428_n_sec,_406-1325510_n,7.7805928553123955,1.9124425760181918,1.837442942068573,7.835040459717565,1.912442576018192,7.780592855312395,2.290393622193442,0.9565302371891273,0.7295664793309593,2.1417350892136366,0.9565302371891271,2.290393622193442,line,_389-2266703-2,,1000000,119.99994404998696,0.014399986572000001,abc
193,197,_409-719428_n,_500-1962676_n,8.599019863055185e-05,1.0472954828898934e-05,1.0472954828898934e-05,8.599019863055185e-05,1.0472954828898934e-05,8.599019863055185e-05,0.00017618,8.581616661730046e-05,8.730392941218109e-05,0.00017618,8.581616661730046e-05,0.00017618,line,_389-2266702-4,,1000000,7621.023553,58.08,abc
199,198,_500-4529843_n,_500-4529844_n,0,0,0,0,0,0.001186361,0,0,0,0,0,0.000324391,line,_411-3118450-0,,1000000,7621.023553,58.08,c
149,199,_396-274612_ln,_500-4529843_n,0,0,0,0,0,2.826714597075167e-05,0,0,0,0,0,0.000149841,line,_394-3604352-0,,1000000,7621.023553,58.08,c
201,200,_500-4529841_n,_500-4529842_n,0,0,0,0.001238881,0,0,0,0,0,0.000338752,0,0,line,_411-3118449-0,,1000000,7621.023553,58.08,b
149,201,_396-274612_ln,_500-4529841_n,0,0,0,2.826714597075167e-05,0,0,0,0,0,0.000149841,0,0,line,_394-3604350-0,,1000000,7621.023553,58.08,b
147,202,_500-4529805_n,_409-2041987_n,0.000421275,5.130815555641584e-05,5.130815555641584e-05,0.000421275,5.130815555641584e-05,0.000421275,0.000863128,0.000420423,0.000427712,0.000863128,0.000420423,0.000863128,line,_389-4738419-5,,1000000,7621.023553,58.08,abc
202,203,_409-2041987_n,_402-2457158_sn,0.000214848,2.6166848563599117e-05,2.6166848563599117e-05,0.000214848,2.6166848563599117e-05,0.000214848,0.00044019,0.000214413,0.00021813,0.00044019,0.000214413,0.00044019,line,_389-4738419-7,,1000000,7621.023553,58.08,abc
203,204,_402-2457158_sn,_402-2457158_ln,1.7217630853994492e-05,0,0,1.7217630853994492e-05,0,1.7217630853994492e-05,1.7217630853994492e-05,0,0,1.7217630853994492e-05,0,1.7217630853994492e-05,switch,_402-2457158-0,CLOSED,1000000,7621.023553,58.08,abc
204,205,_402-2457158_ln,_403-37199_sn,0.00106132,2.7720699428420917e-05,2.7720699428420917e-05,0.00106132,2.7720699428420917e-05,0.00106132,0.000551031,0.000227145,0.000231083,0.000551031,0.000227145,0.000551031,line,_389-4738420-0,,1000000,7621.023553,58.08,abc
205,206,_403-37199_sn,_403-37199_ln,1.7217630853994492e-05,0,0,1.7217630853994492e-05,0,1.7217630853994492e-05,1.7217630853994492e-05,0,0,1.7217630853994492e-05,0,1.7217630853994492e-05,switch,_403-37199-0,CLOSED,1000000,7621.023553,58.08,abc
206,207,_403-37199_ln,_409-23125_n,0.003302611,0.000136552,0.000136552,0.003302611,0.000136552,0.003302611,0.002291745,0.001118921,0.001138319,0.002291745,0.001118921,0.002291745,line,_389-150208-28,,1000000,7621.023553,58.08,abc
207,208,_409-23125_n,_409-1678771_n,0.003507051,0.000145005,0.000145005,0.003507051,0.000145005,0.003507051,0.00243361,0.001188185,0.001208784,0.00243361,0.001188185,0.00243361,line,_389-150208-25,,1000000,7621.023553,58.08,abc
208,209,_409-1678771_n,_409-1678771_n_sec,0,0,0,0,0,0,0.40800038046035486,0,0,0.40800038046035486,0,0.40800038046035486,transformer,avc15754___avc14950_tnk,,1000000,119.99994404998696,0.014399986572000001,abc
209,210,_409-1678771_n_sec,_500-4010886_n,1.0760030370055402,0,0.28486944465814823,0,0,1.0760030370055402,0.39582528881319623,0,0.1880528444711124,0,0,0.3958252888131961,line,_389-3987877-2,,1000000,119.99994404998696,0.014399986572000001,ac
210,211,_500-4010886_n,_406-2839940_n,15.413962204908632,0,4.080812695021604,0,0,15.413962204908632,5.670277715,0,2.6938952191715453,0,0,5.670277714543509,line,_389-3987877-3,,1000000,119.99994404998696,0.014399986572000001,ac
210,212,_500-4010886_n,_406-2938509_n,9.844407189514103,0,2.6062852172517843,0,0,9.844407189514103,3.6214259485998657,0,1.7205051570039984,0,0,3.6214259485998648,line,_389-4108778-1,,1000000,119.99994404998696,0.014399986572000001,ac
209,213,_409-1678771_n_sec,_406-2526307_n,3.5983407795795026,0,0.9526528311874117,0,0,3.5983407795795026,1.3237084184159462,0,0.628881328,0,0,1.323708418415946,line,_389-3987876-0,,1000000,119.99994404998696,0.014399986572000001,ac
209,214,_409-1678771_n_sec,_500-1860430_n,10.41594267800485,0,2.7575979846040797,0,0,10.41594267800485,3.8316746114925118,0,1.8203923047447519,0,0,3.8316746114925104,line,_389-3987873-1,,1000000,119.99994404998696,0.014399986572000001,ac
214,215,_500-1860430_n,_406-92478_n,7.858612967,0,2.080550551094064,0,0,7.858612967,2.8909191147738853,0,1.3734482814353601,0,0,2.890919114773885,line,_389-3987874-2,,1000000,119.99994404998696,0.014399986572000001,ac
208,216,_409-1678771_n,_500-4036473_n,0.000160095,6.61940468414087e-06,6.61940468414087e-06,0.000160095,6.61940468414087e-06,0.000160095,0.000111093,5.423989166019285e-05,5.518022838217973e-05,0.000111093,5.423989166019285e-05,0.000111093,line,_389-150208-22,,1000000,7621.023553,58.08,abc
207,217,_409-23125_n,_409-23125_n_sec,0,0,0,0,0,0,0.40800038046035486,0,0,0.40800038046035486,0,0.40800038046035486,transformer,sf0146_sf0660_sf0662_tnk,,1000000,119.99994404998696,0.014399986572000001,abc
217,218,_409-23125_n_sec,_406-92475_n,18.44943608873318,4.534807017376469,4.356966976268661,18.57854290826968,4.534807017,18.449436088733176,5.431009119292025,2.2681360927287635,1.7299568790196234,5.078508203968698,2.2681360927287635,5.431009119292025,line,_389-153332-2,,1000000,119.99994404998696,0.014399986572000001,abc
217,219,_409-23125_n_sec,_406-2094178_n,12.950813648777556,3.1832648072683747,3.0584277542223646,13.04144180416192,3.1832648072683756,12.950813648777554,3.8123651417029363,1.592146650213071,1.2143649839946054,3.564922691786334,1.5921466502130708,3.8123651417029363,line,_389-3987879-0,,1000000,119.99994404998696,0.014399986572000001,abc
217,220,_409-23125_n_sec,_500-4051506_n,17.267751531703414,4.244353076357834,4.077903672296486,17.388589072215897,4.244353076357835,17.26775153170341,5.083153522270583,2.1228622002840947,1.6191533119928077,4.7532302557151125,2.1228622002840947,5.083153522270583,line,_389-153331-2,,1000000,119.99994404998696,0.014399986572000001,abc
202,221,_409-2041987_n,_409-2041987_n_sec,0,0,0,0,0,0,0.40800038046035486,0,0,0.40800038046035486,0,0.40800038046035486,transformer,__avc10743_avc21223_tnk,,1000000,119.99994404998696,0.014399986572000001,abc
221,222,_409-2041987_n_sec,_500-4539601_n,0,0,0,4.973236733676874,1.3646077662658456,4.973236733676874,0,0,0,1.7282679095959812,0.9556617334121081,1.7282679095959808,line,_389-4603009-0,,1000000,119.99994404998696,0.014399986572000001,bc
146,223,_409-22698_n,_409-22698_n_sec,0,0,0,0,0,0,0.40800038046035486,0,0,0.40800038046035486,0,0.40800038046035486,transformer,ave03123_ave00949_ave00583_tnk,,1000000,119.99994404998696,0.014399986572000001,abc
223,224,_409-22698_n_sec,_406-92439_n,9.557329968376157,2.349158359069965,2.2570321853331494,9.624210954306749,2.3491583590699654,9.557329968376155,2.8134164082138056,1.1749586787983328,0.8961666169270983,2.630810959153114,1.1749586787983326,2.8134164082138056,line,_389-153264-4,,1000000,119.99994404998696,0.014399986572000001,abc
223,225,_409-22698_n_sec,_406-92438_n,3.873455317579764,0.9520818019138184,0.9147443218090299,3.9005612678247625,0.9520818019138185,3.8734553175797637,1.1402392491439215,0.47619470682575604,0.36320409144181964,1.0662317543704252,0.476194707,1.1402392491439215,line,_389-153263-2,,1000000,119.99994404998696,0.014399986572000001,abc
109,226,_409-22383_n,_409-22383_n_sec,0,0,0,0,0,0,0.40800038046035486,0,0,0.40800038046035486,0,0.40800038046035486,transformer,se7479_se7480_se7478_tnk,,1000000,119.99994404998696,0.014399986572000001,abc
226,227,_409-22383_n_sec,_406-92378_n,6.090868144310209,1.4971141377920185,1.4384023031344888,6.133491269,1.497114137792019,6.090868144310208,1.792984906262543,0.7487989230520945,0.5711252742237307,1.6766108021621902,0.7487989230520944,1.792984906262543,line,_389-4053578-0,,1000000,119.99994404998696,0.014399986572000001,abc
226,228,_409-22383_n_sec,_406-92377_n,10.724980267008899,2.636162728342536,2.532781198284278,10.80003232199885,2.6361627283425366,10.724980267008897,3.1571407036079155,1.318507228102329,1.0056542271008644,2.9522257488763732,1.3185072281023287,3.1571407036079155,line,_389-153122-1,,1000000,119.99994404998696,0.014399986572000001,abc
97,229,_409-23049_n,_409-23049_n_sec,0,0,0,0,0,0,0.40800038046035486,0,0,0.40800038046035486,0,0.40800038046035486,transformer,sa8497_se8721___tnk,,1000000,119.99994404998696,0.014399986572000001,abc
229,230,_409-23049_n_sec,_406-92374_n,11.551499221214128,3.169618981244107,0,11.551499221214128,0,0,4.0143042611581565,2.2197466882081005,0,4.0143042611581565,0,0,line,_389-153103-0,,1000000,119.99994404998696,0.014399986572000001,ab
32,231,_409-1450774_n,_409-1450774_n_sec,0,0,0,0,0,0,0.40800038046035486,0,0,0.40800038046035486,0,0.40800038046035486,transformer,ave04799_ava18787_ava18968_tnk,,1000000,119.99994404998696,0.014399986572000001,abc
231,232,_409-1450774_n_sec,_406-92419_n,7.676739343174388,1.886915745097314,1.8129171885128237,7.730460193841104,1.8869157450973142,7.676739343174387,2.2598219901511776,0.9437626979481469,0.7198283986183889,2.113147716089212,0.9437626979481468,2.2598219901511776,line,_389-3480065-0,,1000000,119.99994404998696,0.014399986572000001,abc
31,233,_409-22381_n,_409-22381_n_sec,0,0,0,0,0,0,0.40800038046035486,0,0,0.40800038046035486,0,0.40800038046035486,transformer,ave03374_ave02814_ave03060_tnk,,1000000,119.99994404998696,0.014399986572000001,abc
233,234,_409-22381_n_sec,_406-92371_n,12.423125533049301,3.053560909616348,2.933810412,12.510060993762606,3.0535609096163485,12.42312553,3.657028200515214,1.5272737481237655,1.164885006319923,3.419667931046016,1.527273748123765,3.657028200515214,line,_389-153100-0,,1000000,119.99994404998696,0.014399986572000001,abc
233,235,_409-22381_n_sec,_406-92418_n,9.024028149289087,2.2180746327195116,2.1310891265333556,9.087177157,2.218074632719512,9.024028149289087,2.656426946,1.1093956394527575,0.8461602565111956,2.4840109350006645,1.1093956394527575,2.656426946,line,_389-153211-0,,1000000,119.99994404998696,0.014399986572000001,abc
28,236,_500-15137_n,_403-1278617_sn,3.576483407884739e-05,1.2896962178020945e-05,1.2896962178020945e-05,3.576483407884739e-05,1.2896962178020945e-05,3.576483407884739e-05,0.000189585,0.000105679,0.000107511,0.000189585,0.000105679,0.000189585,line,_389-3108929-0,,1000000,7621.023553,58.08,abc
236,237,_403-1278617_sn,_403-1278617_ln,1.7217630853994492e-05,0,0,1.7217630853994492e-05,0,1.7217630853994492e-05,1.7217630853994492e-05,0,0,1.7217630853994492e-05,0,1.7217630853994492e-05,switch,_403-1278617-0,CLOSED,1000000,7621.023553,58.08,abc
237,238,_403-1278617_ln,_409-23073_n,0.000612225,0.000220771,0.000220771,0.000612225,0.000220771,0.000612225,0.003245334,0.001809015,0.001840377,0.003245334,0.001809015,0.003245334,line,_389-160365-0,,1000000,7621.023553,58.08,abc
238,239,_409-23073_n,_409-23055_n,1.721763085399449e-11,0,0,1.721763085399449e-11,0,1.721763085399449e-11,1.721763085399449e-11,0,0,1.721763085399449e-11,0,1.721763085399449e-11,switch,_389-160365-1,CLOSED,1000000,7621.023553,58.08,abc
239,240,_409-23055_n,_500-15144_n,1.721763085399449e-11,0,0,1.721763085399449e-11,0,1.721763085399449e-11,1.721763085399449e-11,0,0,1.721763085399449e-11,0,1.721763085399449e-11,switch,_389-160365-2,CLOSED,1000000,7621.023553,58.08,abc
240,241,_500-15144_n,_402-1615687_sn,1.721763085399449e-11,0,0,1.721763085399449e-11,0,1.721763085399449e-11,1.721763085399449e-11,0,0,1.721763085399449e-11,0,1.721763085399449e-11,switch,_389-3274597-3,CLOSED,1000000,7621.023553,58.08,abc
241,242,_402-1615687_sn,_402-1615687_ln,1.7217630853994492e-05,0,0,1.7217630853994492e-05,0,1.7217630853994492e-05,1.7217630853994492e-05,0,0,1.7217630853994492e-05,0,1.7217630853994492e-05,switch,_402-1615687-0,CLOSED,1000000,7621.023553,58.08,abc
242,243,_402-1615687_ln,_403-36882_sn,0.007386271,0.000313722,0.000313722,0.007386271,0.000313722,0.007386271,0.005325585,0.002570665,0.002615232,0.005325585,0.002570665,0.005325585,line,_389-3274596-2,,1000000,7621.023553,58.08,abc
243,244,_403-36882_sn,_403-36882_ln,0,0,0,1.7217630853994492e-05,0,1.7217630853994492e-05,0,0,0,1.7217630853994492e-05,0,1.7217630853994492e-05,switch,_403-36882-0,CLOSED,1000000,7621.023553,58.08,bc
244,245,_403-36882_ln,_403-142218_sn,0,0,0,0.002317239,9.581044432491221e-05,0.002317239,0,0,0,0.001607977,0.000785078,0.001607977,line,_389-453476-0,,1000000,7621.023553,58.08,bc
245,246,_403-142218_sn,_403-142218_ln,0,0,0,1.7217630853994492e-05,0,1.7217630853994492e-05,0,0,0,1.7217630853994492e-05,0,1.7217630853994492e-05,switch,_403-142218-0,CLOSED,1000000,7621.023553,58.08,bc
246,247,_403-142218_ln,_409-1194789_n,0,0,0,0.003357479,0.000138821,0.003357479,0,0,0,0.002329819,0.00113751,0.002329819,line,_389-3062977-1,,1000000,7621.023553,58.08,bc
247,248,_409-1194789_n,_500-2890151_n,0,0,0,0.000442703,1.8304363187600806e-05,0.000442703,0,0,0,0.0003072,0.000149987,0.0003072,line,_389-3062977-2,,1000000,7621.023553,58.08,bc
247,249,_409-1194789_n,_409-1194789_n_sec,0,0,0,0,0,0,0.40800038046035486,0,0,0.40800038046035486,0,0.40800038046035486,transformer,__ave01015_ave00351_tnk,,1000000,119.99994404998696,0.014399986572000001,abc
249,250,_409-1194789_n_sec,_406-463087_n,0,0,0,16.439798460617368,4.510920726,16.439798460617368,0,0,0,5.713055227657385,3.159086754795148,5.713055227657384,line,_389-3062978-0,,1000000,119.99994404998696,0.014399986572000001,bc
249,251,_409-1194789_n_sec,_406-92331_n,0,0,0,11.51635267185952,3.1599751101044196,11.51635267185952,0,0,0,4.002090353669845,2.2129928950391102,4.0020903536698444,line,_389-3062979-1,,1000000,119.99994404998696,0.014399986572000001,bc
240,252,_500-15144_n,_396-174451_sn,4.309016154077998e-05,1.5538508648218003e-05,1.5538508648218003e-05,4.309016154077998e-05,1.5538508648218003e-05,4.309016154077998e-05,0.000228416,0.000127324,0.000129531,0.000228416,0.000127324,0.000228416,line,_389-160365-3,,1000000,7621.023553,58.08,abc
252,253,_396-174451_sn,_396-174451_ln,1.7217630853994492e-05,0,0,1.7217630853994492e-05,0,1.7217630853994492e-05,1.7217630853994492e-05,0,0,1.7217630853994492e-05,0,1.7217630853994492e-05,switch,_396-174451-0_a_396-174451-0_b_396-174451-0_c,CLOSED,1000000,7621.023553,58.08,abc
253,254,_396-174451_ln,_403-36888_sn,0.000425731,0.00015352,0.00015352,0.000425731,0.00015352,0.000425731,0.00225675,0.001257958,0.001279767,0.00225675,0.001257958,0.00225675,line,_389-3352394-0,,1000000,7621.023553,58.08,abc
254,255,_403-36888_sn,_403-36888_ln,1.7217630853994492e-05,0,0,1.7217630853994492e-05,0,1.7217630853994492e-05,1.7217630853994492e-05,0,0,1.7217630853994492e-05,0,1.7217630853994492e-05,switch,_403-36888-0,CLOSED,1000000,7621.023553,58.08,abc
255,256,_403-36888_ln,_500-15145_n,0.000432539,0.000155976,0.000155976,0.000432539,0.000155976,0.000432539,0.002292839,0.001278075,0.001300233,0.002292839,0.001278075,0.002292839,line,_389-455932-0,,1000000,7621.023553,58.08,abc
256,257,_500-15145_n,_403-1425849_sn,0.000347393,0.000125271,0.000125271,0.000347393,0.000125271,0.000347393,0.001841489,0.001026484,0.001044279,0.001841489,0.001026484,0.001841489,line,_389-3326462-0,,1000000,7621.023553,58.08,abc
257,258,_403-1425849_sn,_403-1425849_ln,1.7217630853994492e-05,0,0,1.7217630853994492e-05,0,1.7217630853994492e-05,1.7217630853994492e-05,0,0,1.7217630853994492e-05,0,1.7217630853994492e-05,switch,_403-1425849-0,CLOSED,1000000,7621.023553,58.08,abc
258,259,_403-1425849_ln,_500-15147_n,0.000491745,0.000177325,0.000177325,0.000491745,0.000177325,0.000491745,0.002606683,0.001453018,0.001478208,0.002606683,0.001453018,0.002606683,line,_389-3326461-10,,1000000,7621.023553,58.08,abc
259,260,_500-15147_n,_409-1472851_n,1.7408425262475113e-05,6.277557493880072e-06,6.277557493880072e-06,1.7408425262475113e-05,6.277557493880072e-06,1.7408425262475113e-05,9.228004397190301e-05,5.143877049464298e-05,5.233054522629251e-05,9.228004397190301e-05,5.143877049464298e-05,9.228004397190301e-05,line,_389-3326461-11,,1000000,7621.023553,58.08,abc
260,261,_409-1472851_n,_389-3326461-12_n,1.721763085399449e-11,0,0,1.721763085399449e-11,0,1.721763085399449e-11,1.721763085399449e-11,0,0,1.721763085399449e-11,0,1.721763085399449e-11,switch,_389-3326461-12,CLOSED,1000000,7621.023553,58.08,abc
261,262,_389-3326461-12_n,_390-190458_ln,1.7217630853994492e-05,0,0,1.7217630853994492e-05,0,1.7217630853994492e-05,1.7217630853994492e-05,0,0,1.7217630853994492e-05,0,1.7217630853994492e-05,switch,_390-190458-0,CLOSED,1000000,7621.023553,58.08,abc
260,263,_409-1472851_n,_409-1472851_n_sec,0,0,0,0,0,0,0.40800038046035486,0,0,0.40800038046035486,0,0.40800038046035486,transformer,____ave07943_tnk,,1000000,119.99994404998696,0.014399986572000001,c
263,264,_409-1472851_n_sec,_406-2841587_n,22.706759871275803,6.541161917966823,0,22.706759871275803,0,0,9.239882806746273,7.067213395732047,0,9.239882806746273,0,0,line,_389-3988817-1,,1000000,119.99994404998696,0.014399986572000001,ab
256,265,_500-15145_n,_403-1425850_sn,4.610647284863458e-05,1.6626204253593263e-05,1.6626204253593263e-05,4.610647284863458e-05,1.6626204253593263e-05,4.610647284863458e-05,0.000244405,0.000136236,0.000138598,0.000244405,0.000136236,0.000244405,line,_389-3326463-0,,1000000,7621.023553,58.08,abc
265,266,_403-1425850_sn,_403-1425850_ln,1.7217630853994492e-05,0,0,1.7217630853994492e-05,0,1.7217630853994492e-05,1.7217630853994492e-05,0,0,1.7217630853994492e-05,0,1.7217630853994492e-05,switch,_403-1425850-0,CLOSED,1000000,7621.023553,58.08,abc
266,267,_403-1425850_ln,_409-1541093_n,0.001314681,0.00047408,0.00047408,0.001314681,0.00047408,0.001314681,0.006968971,0.003884646,0.003951992,0.006968971,0.003884646,0.006968971,line,_389-3465363-4,,1000000,7621.023553,58.08,abc
267,268,_409-1541093_n,_409-1541093_ln,0,0,0,0,0,0,0.40800038046035486,0,0,0.40800038046035486,0,0.40800038046035486,transformer,ava14074_ava14043_ava14172_tnk,,1000000,119.99994404998696,0.014399986572000001,abc
267,269,_409-1541093_n,_392-100534_sn,6.325635714186502e-05,2.281053069558403e-05,2.281053069558403e-05,6.325635714186502e-05,2.281053069558403e-05,6.325635714186502e-05,0.000335315,0.000186911,0.000190152,0.000335315,0.000186911,0.000335315,line,_389-3465363-5,,1000000,7621.023553,58.08,abc
269,270,_392-100534_sn,_392-100534_ln,1.7217630853994492e-05,0,0,1.7217630853994492e-05,0,1.7217630853994492e-05,1.7217630853994492e-05,0,0,1.7217630853994492e-05,0,1.7217630853994492e-05,switch,_392-100534-0,CLOSED,1000000,7621.023553,58.08,abc
270,271,_392-100534_ln,_500-15165_n,0.00100495,0.00025738,0.00025738,0.00100495,0.00025738,0.00100495,0.003849128,0.00210899,0.002145552,0.003849128,0.00210899,0.003849128,line,_389-3077585-5,,1000000,7621.023553,58.08,abc
271,272,_500-15165_n,_396-269492_sn,1.721763085399449e-11,0,0,1.721763085399449e-11,0,1.721763085399449e-11,1.721763085399449e-11,0,0,1.721763085399449e-11,0,1.721763085399449e-11,switch,_389-3077585-6,CLOSED,1000000,7621.023553,58.08,abc
272,273,_396-269492_sn,_396-269492_ln,1.7217630853994492e-05,0,0,1.7217630853994492e-05,0,1.7217630853994492e-05,1.7217630853994492e-05,0,0,1.7217630853994492e-05,0,1.7217630853994492e-05,switch,_396-269492-0_a_396-269492-0_b_396-269492-0_c,CLOSED,1000000,7621.023553,58.08,abc
273,274,_396-269492_ln,_500-15167_n,0.000507571,0.000129995,0.000129995,0.000507571,0.000129995,0.000507571,0.001944084,0.00106519,0.001083657,0.001944084,0.00106519,0.001944084,line,_389-4554209-0,,1000000,7621.023553,58.08,abc
274,275,_500-15167_n,_500-1391185_n,0.001330145,0.000340666,0.000340666,0.001330145,0.000340666,0.001330145,0.00509468,0.002791445,0.002839839,0.00509468,0.002791445,0.00509468,line,_389-4585905-1,,1000000,7621.023553,58.08,abc
275,276,_500-1391185_n,_402-722742_sn,5.653429194150334e-05,2.0386523346462017e-05,2.0386523346462017e-05,5.653429194150334e-05,2.0386523346462017e-05,5.653429194150334e-05,0.000299682,0.000167049,0.000167049,0.000299682,0.000169945,0.000299682,line,_394-1337674-0,,1000000,7621.023553,58.08,abc
276,277,_402-722742_sn,_402-722742_ln,1.7217630853994492e-05,0,0,1.7217630853994492e-05,0,1.7217630853994492e-05,1.7217630853994492e-05,0,0,1.7217630853994492e-05,0,1.7217630853994492e-05,switch,_402-722742-0,CLOSED,1000000,7621.023553,58.08,abc
277,278,_402-722742_ln,_500-1796342_n,0,0,0,2.826714597075167e-05,0,0,0,0,0,0.000149841,0,0,line,_394-1590847-0,,1000000,7621.023553,58.08,b
278,279,_500-1796342_n,_395-1135229_sn,0,0,0,0.000624702,0,0,0,0,0,0.000311227,0,0,line,_411-1130772-0,,1000000,7621.023553,58.08,b
279,280,_395-1135229_sn,_391-851127_n,0,0,0,1.7217630853994492e-05,0,0,0,0,0,1.7217630853994492e-05,0,0,switch,_395-1135229-0_b,CLOSED,1000000,7621.023553,58.08,b
284,280,_395-1135230_sn,_391-851127_n,0,0,0,0,0,1.7217630853994492e-05,0,0,0,0,0,1.7217630853994492e-05,switch,_395-1135230-0_c,CLOSED,1000000,7621.023553,58.08,c
286,280,_395-1135228_sn,_391-851127_n,1.7217630853994492e-05,0,0,0,0,0,1.7217630853994492e-05,0,0,0,0,0,switch,_395-1135228-0_a,CLOSED,1000000,7621.023553,58.08,a
280,281,_391-851127_n,_391-851127_ln,0,0,0,0,0,0,0.0765,0,0,0.0765,0,0.0765,transformer,av06071_tnk,,1000000,277.1281292110204,0.0768,abc
281,282,_391-851127_ln,_500-1796344_n,0.8867888755308173,0.21796961144760207,0.2094215686066257,0.8929945118857436,0.21796961144760213,0.8867888755308172,0.26104637815113235,0.10902001804001539,0.083151946,0.24410310200872204,0.10902001804001538,0.26104637815113235,line,_389-2114417-0,,1000000,277.1281292110204,0.0768,abc
281,283,_391-851127_ln,_406-1223123_n,0.7689012149261271,0.1889932358011553,0.1815815499906707,0.7742818883472233,0.18899323580115532,0.768901215,0.22634347684202039,0.094527149,0.072097919,0.21165260061409075,0.094527149,0.22634347684202039,line,_389-2114418-0,,1000000,277.1281292110204,0.0768,abc
285,284,_500-1796340_n,_395-1135230_sn,0,0,0,0,0,0.000722766,0,0,0,0,0,0.000360083,line,_411-1130773-0,,1000000,7621.023553,58.08,c
277,285,_402-722742_ln,_500-1796340_n,0,0,0,0,0,2.826714597075167e-05,0,0,0,0,0,0.000149841,line,_394-1590845-0,,1000000,7621.023553,58.08,c
287,286,_500-1796338_n,_395-1135228_sn,0.000761991,0,0,0,0,0,0.000379625,0,0,0,0,0,line,_411-1130771-0,,1000000,7621.023553,58.08,a
277,287,_402-722742_ln,_500-1796338_n,2.826714597075167e-05,0,0,0,0,0,0.000149841,0,0,0,0,0,line,_394-1590843-0,,1000000,7621.023553,58.08,a
275,288,_500-1391185_n,_500-15176_n,1.721763085399449e-11,0,0,1.721763085399449e-11,0,1.721763085399449e-11,1.721763085399449e-11,0,0,1.721763085399449e-11,0,1.721763085399449e-11,switch,_389-4585905-3,CLOSED,1000000,7621.023553,58.08,abc
288,289,_500-15176_n,_500-4034322_n,1.721763085399449e-11,0,0,1.721763085399449e-11,0,1.721763085399449e-11,1.721763085399449e-11,0,0,1.721763085399449e-11,0,1.721763085399449e-11,switch,_389-4585905-5,CLOSED,1000000,7621.023553,58.08,abc
289,290,_500-4034322_n,_409-234868_n,1.721763085399449e-11,0,0,1.721763085399449e-11,0,1.721763085399449e-11,1.721763085399449e-11,0,0,1.721763085399449e-11,0,1.721763085399449e-11,switch,_389-4585905-7,CLOSED,1000000,7621.023553,58.08,abc
290,291,_409-234868_n,_409-234868_n_sec,0,0,0,0,0,0,0.0765,0,0,0.0765,0,0.0765,transformer,sg0952_sg0394_sg0396_tnk,,1000000,277.1281292110204,0.0768,abc
291,292,_409-234868_n_sec,_406-689012_n,2.917193315766956,0.7170359384297081,0.6889161749474932,2.9376074655090068,0.7170359384297083,2.917193315766955,0.8587418837339623,0.35863380415181323,0.27353782629285944,0.8030050412073271,0.3586338041518131,0.8587418837339623,line,_389-937571-3,,1000000,277.1281292110204,0.0768,abc
290,293,_409-234868_n,_409-2046499_n,1.721763085399449e-11,0,0,1.721763085399449e-11,0,1.721763085399449e-11,1.721763085399449e-11,0,0,1.721763085399449e-11,0,1.721763085399449e-11,switch,_389-4585905-14,CLOSED,1000000,7621.023553,58.08,abc
293,294,_409-2046499_n,_409-2046499_n_sec,0,0,0,0,0,0,0.40800038046035486,0,0,0.40800038046035486,0,0.40800038046035486,transformer,__avc21495___tnk,,1000000,119.99994404998696,0.014399986572000001,b
294,295,_409-2046499_n_sec,_406-3392071_n,9.534220011146271,2.746533508434163,0,9.534220011146271,0,0,3.8796849949590353,2.967414451141753,0,3.8796849949590353,0,0,line,_389-4625078-1,,1000000,119.99994404998696,0.014399986572000001,ab
293,296,_409-2046499_n,_409-23087_n,1.721763085399449e-11,0,0,1.721763085399449e-11,0,1.721763085399449e-11,1.721763085399449e-11,0,0,1.721763085399449e-11,0,1.721763085399449e-11,switch,_389-4585905-15,CLOSED,1000000,7621.023553,58.08,abc
296,297,_409-23087_n,_403-37193_sn,1.721763085399449e-11,0,0,1.721763085399449e-11,0,1.721763085399449e-11,1.721763085399449e-11,0,0,1.721763085399449e-11,0,1.721763085399449e-11,switch,_389-4585905-10,CLOSED,1000000,7621.023553,58.08,abc
297,298,_403-37193_sn,_403-37193_ln,1.7217630853994492e-05,0,0,1.7217630853994492e-05,0,1.7217630853994492e-05,1.7217630853994492e-05,0,0,1.7217630853994492e-05,0,1.7217630853994492e-05,switch,_403-37193-0,CLOSED,1000000,7621.023553,58.08,abc
298,299,_403-37193_ln,_500-3376242_n,0.000496408,0.000127136,0.000127136,0.000496408,0.000127136,0.000496408,0.001901326,0.001041762,0.001059823,0.001901326,0.001041762,0.001901326,line,_389-150210-8,,1000000,7621.023553,58.08,abc
299,300,_500-3376242_n,_402-1760651_sn,5.653429194150334e-05,2.0386523346462017e-05,2.0386523346462017e-05,5.653429194150334e-05,2.0386523346462017e-05,5.653429194150334e-05,0.000299682,0.000167049,0.000167049,0.000299682,0.000169945,0.000299682,line,_394-2861178-1,,1000000,7621.023553,58.08,abc
300,301,_402-1760651_sn,_402-1760651_ln,1.7217630853994492e-05,0,0,1.7217630853994492e-05,0,1.7217630853994492e-05,1.7217630853994492e-05,0,0,1.7217630853994492e-05,0,1.7217630853994492e-05,switch,_402-1760651-0,CLOSED,1000000,7621.023553,58.08,abc
301,302,_402-1760651_ln,_500-3376246_n,0,0,0,2.826714597075167e-05,0,0,0,0,0,0.000149841,0,0,line,_394-2861181-0,,1000000,7621.023553,58.08,b
302,303,_500-3376246_n,_395-2453703_sn,0,0,0,0.021925595,0,0,0,0,0,0.010923353912186571,0,0,line,_411-2459449-0,,1000000,7621.023553,58.08,b
303,304,_395-2453703_sn,_391-2013548_n,0,0,0,1.7217630853994492e-05,0,0,0,0,0,1.7217630853994492e-05,0,0,switch,_395-2453703-0_b,CLOSED,1000000,7621.023553,58.08,b
305,304,_395-2453702_sn,_391-2013548_n,1.7217630853994492e-05,0,0,0,0,0,1.7217630853994492e-05,0,0,0,0,0,switch,_395-2453702-0_a,CLOSED,1000000,7621.023553,58.08,a
309,304,_395-2453704_sn,_391-2013548_n,0,0,0,0,0,1.7217630853994492e-05,0,0,0,0,0,1.7217630853994492e-05,switch,_395-2453704-0_c,CLOSED,1000000,7621.023553,58.08,c
306,305,_500-3376244_n,_395-2453702_sn,0.022282256732988694,0,0,0,0,0,0.011101042978277334,0,0,0,0,0,line,_411-2459448-0,,1000000,7621.023553,58.08,a
301,306,_402-1760651_ln,_500-3376244_n,2.826714597075167e-05,0,0,0,0,0,0.000149841,0,0,0,0,0,line,_394-2861179-0,,1000000,7621.023553,58.08,a
304,307,_391-2013548_n,_391-2013548_ln,0,0,0,0,0,0,0.0765,0,0,0.0765,0,0.0765,transformer,ave30724_tnk,,1000000,277.1281292110204,0.0768,abc
307,308,_391-2013548_ln,_406-2517323_n,0.39734457034170145,0.097665909,0.093835777,0.4001251373731373,0.097665909,0.3973445703417014,0.11696736825169429,0.048848732118819946,0.037257994,0.10937557389708316,0.048848732,0.11696736825169429,line,_389-3606091-1,,1000000,277.1281292110204,0.0768,abc
310,309,_500-3376248_n,_395-2453704_sn,0,0,0,0,0,0.021805013,0,0,0,0,0,0.010863279808375845,line,_411-2459450-0,,1000000,7621.023553,58.08,c
301,310,_402-1760651_ln,_500-3376248_n,0,0,0,0,0,2.826714597075167e-05,0,0,0,0,0,0.000149841,line,_394-2861183-0,,1000000,7621.023553,58.08,c
299,311,_500-3376242_n,_500-15194_n,1.721763085399449e-11,0,0,1.721763085399449e-11,0,1.721763085399449e-11,1.721763085399449e-11,0,0,1.721763085399449e-11,0,1.721763085399449e-11,switch,_389-150210-9,CLOSED,1000000,7621.023553,58.08,abc
311,312,_500-15194_n,_403-37197_sn,0.000550041,0.000140872,0.000140872,0.000550041,0.000140872,0.000550041,0.002106749,0.001154317,0.001174329,0.002106749,0.001154317,0.002106749,line,_389-150210-1,,1000000,7621.023553,58.08,abc
312,313,_403-37197_sn,_403-37197_ln,1.7217630853994492e-05,0,0,1.7217630853994492e-05,0,1.7217630853994492e-05,1.7217630853994492e-05,0,0,1.7217630853994492e-05,0,1.7217630853994492e-05,switch,_403-37197-0,CLOSED,1000000,7621.023553,58.08,abc
313,314,_403-37197_ln,_390-8029_sn,7.066786492687918e-05,2.5483154183077523e-05,2.5483154183077523e-05,7.066786492687918e-05,2.5483154183077523e-05,7.066786492687918e-05,0.000374602,0.000208811,0.000212431,0.000374602,0.000208811,0.000374602,line,_389-150133-0,,1000000,7621.023553,58.08,abc
314,315,_390-8029_sn,_390-8029_ln,1.7217630853994492e-05,0,0,1.7217630853994492e-05,0,1.7217630853994492e-05,1.7217630853994492e-05,0,0,1.7217630853994492e-05,0,1.7217630853994492e-05,switch,_390-8029-0,CLOSED,1000000,7621.023553,58.08,abc
315,316,_390-8029_ln,_500-15200_n,0.000504672,0.000181987,0.000181987,0.000504672,0.000181987,0.000504672,0.002675208,0.001491215,0.001517068,0.002675208,0.001491215,0.002675208,line,_389-150232-0,,1000000,7621.023553,58.08,abc
316,317,_500-15200_n,_394-1034905-1_n,5.653429194150334e-05,2.0386523346462017e-05,2.0386523346462017e-05,5.653429194150334e-05,2.0386523346462017e-05,5.653429194150334e-05,0.000299682,0.000167049,0.000167049,0.000299682,0.000169945,0.000299682,line,_394-1034905-1,,1000000,7621.023553,58.08,abc
317,318,_394-1034905-1_n,_402-606216_ln,1.7217630853994492e-05,0,0,1.7217630853994492e-05,0,1.7217630853994492e-05,1.7217630853994492e-05,0,0,1.7217630853994492e-05,0,1.7217630853994492e-05,switch,_402-606216-0,CLOSED,1000000,7621.023553,58.08,abc
316,319,_500-15200_n,_500-15201_n,2.15987834589309e-05,5.531709078765609e-06,5.531709078765609e-06,2.15987834589309e-05,5.531709078765609e-06,2.15987834589309e-05,8.272696847528576e-05,4.5327233406170566e-05,4.611305470435677e-05,8.272696847528576e-05,4.5327233406170566e-05,8.272696847528576e-05,line,_389-150179-0,,1000000,7621.023553,58.08,abc
319,320,_500-15201_n,_500-15202_n,0.000548538,0.000197805,0.000197805,0.000548538,0.000197805,0.000548538,0.002907735,0.001620831,0.00164893,0.002907735,0.001620831,0.002907735,line,_389-159696-8,,1000000,7621.023553,58.08,abc
320,321,_500-15202_n,_402-36899_sn,0.000409632,1.6936974426557623e-05,1.6936974426557623e-05,0.000409632,1.6936974426557623e-05,0.000409632,0.000284251,0.000138783,0.000141189,0.000284251,0.000138783,0.000284251,line,_389-150226-0,,1000000,7621.023553,58.08,abc
321,322,_402-36899_sn,_402-36899_ln,1.7217630853994492e-05,0,0,1.7217630853994492e-05,0,1.7217630853994492e-05,1.7217630853994492e-05,0,0,1.7217630853994492e-05,0,1.7217630853994492e-05,switch,_402-36899-0,CLOSED,1000000,7621.023553,58.08,abc
322,323,_402-36899_ln,_500-15205_n,0.001228103,0.000149574,0.000149574,0.001228103,0.000149574,0.001228103,0.002516192,0.001225618,0.001246866,0.002516192,0.001225618,0.002516192,line,_389-159694-0,,1000000,7621.023553,58.08,abc
323,324,_500-15205_n,_409-1258403_n,8.752118139548746e-05,1.0659416932677548e-05,1.0659416932677548e-05,8.752118139548746e-05,1.0659416932677548e-05,8.752118139548746e-05,0.000179317,8.734405088941854e-05,8.8858302042665e-05,0.000179317,8.734405088941854e-05,0.000179317,line,_389-159694-1,,1000000,7621.023553,58.08,abc
324,325,_409-1258403_n,_409-1258403_n_sec,0,0,0,0,0,0,0.40800038046035486,0,0,0.40800038046035486,0,0.40800038046035486,transformer,____ava16960_tnk,,1000000,119.99994404998696,0.014399986572000001,c
325,326,_409-1258403_n_sec,_406-3142761_n,14.405241342609774,4.149734115460396,0,14.405241342609774,0,0,5.861811309194602,4.483462861384673,0,5.861811309194602,0,0,line,_389-3141496-2,,1000000,119.99994404998696,0.014399986572000001,ab
325,327,_409-1258403_n_sec,_500-4530673_n,16.631505913740376,4.791056660577004,0,16.631505913740376,0,0,6.7677276024337685,5.1763616672350325,0,6.7677276024337685,0,0,line,_389-3303089-4,,1000000,119.99994404998696,0.014399986572000001,ab
327,328,_500-4530673_n,_406-3360932_n,9.332091130647202,2.6883060139286914,0,9.332091130647202,0,0,3.797434282913025,2.9045042015057234,0,3.797434282913025,0,0,line,_389-4595122-0,,1000000,119.99994404998696,0.014399986572000001,ab
327,329,_500-4530673_n,_406-2254611_n,0.5864584420113861,0.1689417446215102,0,0.5864584420113861,0,0,0.23864291100673676,0.18252832992988988,0,0.23864291100673676,0,0,line,_389-3303089-5,,1000000,119.99994404998696,0.014399986572000001,ab
325,330,_409-1258403_n_sec,_406-3175501_n,13.995289810329972,4.0316389153366226,0,13.995289810329972,0,0,5.694992963636495,4.355870242404556,0,5.694992963636495,0,0,line,_389-4371575-1,,1000000,119.99994404998696,0.014399986572000001,ab
325,331,_409-1258403_n_sec,_500-3139959_n,7.168458043614904,2.065025791053217,0,7.168458043614904,0,0,2.917004125800792,2.231098712443994,0,2.917004125800792,0,0,line,_389-3257601-0,,1000000,119.99994404998696,0.014399986572000001,ab
324,332,_409-1258403_n,_500-3418776_n,0.000787946,9.596582941139439e-05,9.596582941139439e-05,0.000787946,9.596582941139439e-05,0.000787946,0.001614378,0.000786351,0.000799984,0.001614378,0.000786351,0.001614378,line,_389-159694-2,,1000000,7621.023553,58.08,abc
332,333,_500-3418776_n,_402-1786262_sn,5.653429194150334e-05,2.0386523346462017e-05,2.0386523346462017e-05,5.653429194150334e-05,2.0386523346462017e-05,5.653429194150334e-05,0.000299682,0.000167049,0.000167049,0.000299682,0.000169945,0.000299682,line,_394-2896346-0,,1000000,7621.023553,58.08,abc
333,334,_402-1786262_sn,_402-1786262_ln,1.7217630853994492e-05,0,0,1.7217630853994492e-05,0,1.7217630853994492e-05,1.7217630853994492e-05,0,0,1.7217630853994492e-05,0,1.7217630853994492e-05,switch,_402-1786262-0,CLOSED,1000000,7621.023553,58.08,abc
334,335,_402-1786262_ln,_500-3418778_n,2.826714597075167e-05,0,0,0,0,0,0.000149841,0,0,0,0,0,line,_394-2896347-0,,1000000,7621.023553,58.08,a
335,336,_500-3418778_n,_395-2483452_sn,0.000563685,0,0,0,0,0,0.000280828,0,0,0,0,0,line,_411-2489504-0,,1000000,7621.023553,58.08,a
336,337,_395-2483452_sn,_391-2042005_n,1.7217630853994492e-05,0,0,0,0,0,1.7217630853994492e-05,0,0,0,0,0,switch,_395-2483452-0_a,CLOSED,1000000,7621.023553,58.08,a
508,337,_395-2483453_sn,_391-2042005_n,0,0,0,1.7217630853994492e-05,0,0,0,0,0,1.7217630853994492e-05,0,0,switch,_395-2483453-0_b,CLOSED,1000000,7621.023553,58.08,b
510,337,_395-2483454_sn,_391-2042005_n,0,0,0,0,0,1.7217630853994492e-05,0,0,0,0,0,1.7217630853994492e-05,switch,_395-2483454-0_c,CLOSED,1000000,7621.023553,58.08,c
337,338,_391-2042005_n,_395-2483459_ln,0,0,0,0,0,1.7217630853994492e-05,0,0,0,0,0,1.7217630853994492e-05,switch,_395-2483459-0_c,CLOSED,1000000,7621.023553,58.08,c
338,339,_395-2483459_ln,_395-2483460_sn,0,0,0,0,0,0.004622796,0,0,0,0,0,0.002303082,line,_411-2489509-0,,1000000,7621.023553,58.08,c
339,340,_395-2483460_sn,_391-2042008_n,0,0,0,0,0,1.7217630853994492e-05,0,0,0,0,0,1.7217630853994492e-05,switch,_395-2483460-0_c,CLOSED,1000000,7621.023553,58.08,c
504,340,_395-2483456_sn,_391-2042008_n,1.7217630853994492e-05,0,0,0,0,0,1.7217630853994492e-05,0,0,0,0,0,switch,_395-2483456-0_a,CLOSED,1000000,7621.023553,58.08,a
506,340,_395-2483458_sn,_391-2042008_n,0,0,0,1.7217630853994492e-05,0,0,0,0,0,1.7217630853994492e-05,0,0,switch,_395-2483458-0_b,CLOSED,1000000,7621.023553,58.08,b
340,341,_391-2042008_n,_395-2483463_ln,0,0,0,0,0,1.7217630853994492e-05,0,0,0,0,0,1.7217630853994492e-05,switch,_395-2483463-0_c,CLOSED,1000000,7621.023553,58.08,c
341,342,_395-2483463_ln,_500-3419404_n,0,0,0,0,0,0.000489592,0,0,0,0,0,0.000243915,line,_411-2489512-0,,1000000,7621.023553,58.08,c
342,343,_500-3419404_n,_402-1786263_sn,0,0,0,0,0,2.826714597075167e-05,0,0,0,0,0,0.000149841,line,_394-2896365-0,,1000000,7621.023553,58.08,c
344,343,_500-3419402_n,_402-1786263_sn,0,0,0,2.826714597075167e-05,0,0,0,0,0,0.000149841,0,0,line,_394-2896363-0,,1000000,7621.023553,58.08,b
493,343,_500-3419400_n,_402-1786263_sn,2.826714597075167e-05,0,0,0,0,0,0.000149841,0,0,0,0,0,line,_394-2896361-0,,1000000,7621.023553,58.08,a
345,344,_395-2483462_ln,_500-3419402_n,0,0,0,0.000320341,0,0,0,0,0,0.000159594,0,0,line,_411-2489511-0,,1000000,7621.023553,58.08,b
340,345,_391-2042008_n,_395-2483462_ln,0,0,0,1.7217630853994492e-05,0,0,0,0,0,1.7217630853994492e-05,0,0,switch,_395-2483462-0_b,CLOSED,1000000,7621.023553,58.08,b
343,346,_402-1786263_sn,_402-1786263_ln,1.7217630853994492e-05,0,0,1.7217630853994492e-05,0,1.7217630853994492e-05,1.7217630853994492e-05,0,0,1.7217630853994492e-05,0,1.7217630853994492e-05,switch,_402-1786263-0,CLOSED,1000000,7621.023553,58.08,abc
346,347,_402-1786263_ln,_500-3419396_n,5.653429194150334e-05,2.0386523346462017e-05,2.0386523346462017e-05,5.653429194150334e-05,2.0386523346462017e-05,5.653429194150334e-05,0.000299682,0.000167049,0.000167049,0.000299682,0.000169945,0.000299682,line,_394-2896359-0,,1000000,7621.023553,58.08,abc
347,348,_500-3419396_n,_500-15208_n,4.414333638897765e-05,5.376323992283429e-06,5.376323992283429e-06,4.414333638897765e-05,5.376323992283429e-06,4.414333638897765e-05,9.044279797400133e-05,4.405399651273881e-05,4.4817744178953494e-05,9.044279797400133e-05,4.405399651273881e-05,9.044279797400133e-05,line,_389-160325-0,,1000000,7621.023553,58.08,abc
348,349,_500-15208_n,_409-23063_n,0.000994884,0.000121169,0.000121169,0.000994884,0.000121169,0.000994884,0.002038361,0.00099287,0.001010083,0.002038361,0.00099287,0.002038361,line,_389-160325-1,,1000000,7621.023553,58.08,abc
349,350,_409-23063_n,_409-23019_n,0.00143351,0.000174591,0.000174591,0.00143351,0.000174591,0.00143351,0.002937038,0.001430609,0.001455411,0.002937038,0.001430609,0.002937038,line,_389-160325-2,,1000000,7621.023553,58.08,abc
350,351,_409-23019_n,_409-23019_n_sec,0,0,0,0,0,0,0.40800038046035486,0,0,0.40800038046035486,0,0.40800038046035486,transformer,se6469_____tnk,,1000000,119.99994404998696,0.014399986572000001,a
351,352,_409-23019_n_sec,_406-92219_n,9.201134391,2.6505811583335968,0,9.201134391,0,0,3.7441450891930734,2.8637454482204077,0,3.7441450891930734,0,0,line,_389-152719-0,,1000000,119.99994404998696,0.014399986572000001,ab
351,353,_409-23019_n_sec,_406-92222_n,6.1122634708662416,1.7607666296232156,0,6.1122634708662416,0,0,2.487215193842057,1.9023705065993861,0,2.487215193842057,0,0,line,_389-152659-0,,1000000,119.99994404998696,0.014399986572000001,ab
351,354,_409-23019_n_sec,_406-92221_n,7.760610256907954,2.235607746787558,0,7.760610256907954,0,0,3.157963958273614,2.415399162081941,0,3.157963958273614,0,0,line,_389-152658-0,,1000000,119.99994404998696,0.014399986572000001,ab
351,355,_409-23019_n_sec,_406-92220_n,6.678793713391804,1.923967635,0,6.678793713391804,0,0,2.717748879717497,2.078696417551076,0,2.717748879717497,0,0,line,_389-152720-0,,1000000,119.99994404998696,0.014399986572000001,ab
350,356,_409-23019_n,_409-23061_n,0.001375588,0.000167536,0.000167536,0.001375588,0.000167536,0.001375588,0.002818365,0.001372804,0.001396604,0.002818365,0.001372804,0.002818365,line,_389-160325-3,,1000000,7621.023553,58.08,abc
356,357,_409-23061_n,_500-15210_n,0.001283984,0.00015638,0.00015638,0.001283984,0.00015638,0.001283984,0.002630683,0.001281386,0.001303601,0.002630683,0.001281386,0.002630683,line,_389-160325-4,,1000000,7621.023553,58.08,abc
357,358,_500-15210_n,_403-39755_sn,8.369372448314836e-05,1.0193261673231008e-05,1.0193261673231008e-05,8.369372448314836e-05,1.0193261673231008e-05,8.369372448314836e-05,0.000171475,8.352434020912327e-05,8.497237046645516e-05,0.000171475,8.352434020912327e-05,0.000171475,line,_389-160325-5,,1000000,7621.023553,58.08,abc
358,359,_403-39755_sn,_403-39755_ln,1.7217630853994492e-05,0,0,1.7217630853994492e-05,0,1.7217630853994492e-05,1.7217630853994492e-05,0,0,1.7217630853994492e-05,0,1.7217630853994492e-05,switch,_403-39755-0,CLOSED,1000000,7621.023553,58.08,abc
359,360,_403-39755_ln,_500-3423255_n,0.005046366,0.000208651,0.000208651,0.005046366,0.000208651,0.005046366,0.00350177,0.001709703,0.001739343,0.00350177,0.001709703,0.00350177,line,_389-747058-0,,1000000,7621.023553,58.08,abc
360,361,_500-3423255_n,_403-264122_sn,0.003979819,0.000164553,0.000164553,0.003979819,0.000164553,0.003979819,0.002761673,0.001348358,0.001371734,0.002761673,0.001348358,0.002761673,line,_389-747058-1,,1000000,7621.023553,58.08,abc
361,362,_403-264122_sn,_403-264122_ln,1.7217630853994492e-05,0,0,1.7217630853994492e-05,0,1.7217630853994492e-05,1.7217630853994492e-05,0,0,1.7217630853994492e-05,0,1.7217630853994492e-05,switch,_403-264122-0,CLOSED,1000000,7621.023553,58.08,abc
362,363,_403-264122_ln,_402-36575_sn,0.000616327,2.5483154183077523e-05,2.5483154183077523e-05,0.000616327,2.5483154183077523e-05,0.000616327,0.000427681,0.000208811,0.000212431,0.000427681,0.000208811,0.000427681,line,_389-747059-0,,1000000,7621.023553,58.08,abc
363,364,_402-36575_sn,_402-36575_ln,1.7217630853994492e-05,0,0,1.7217630853994492e-05,0,1.7217630853994492e-05,1.7217630853994492e-05,0,0,1.7217630853994492e-05,0,1.7217630853994492e-05,switch,_402-36575-0,CLOSED,1000000,7621.023553,58.08,abc
364,365,_402-36575_ln,_409-704709_n,0.002164661,8.950180981373569e-05,8.950180981373569e-05,0.002164661,8.950180981373569e-05,0.002164661,0.0015021,0.000733384,0.000746099,0.0015021,0.000733384,0.0015021,line,_389-150265-0,,1000000,7621.023553,58.08,abc
365,366,_409-704709_n,_409-704709_n_sec,0,0,0,0,0,0,0.40800038046035486,0,0,0.40800038046035486,0,0.40800038046035486,transformer,__av05378___tnk,,1000000,119.99994404998696,0.014399986572000001,b
366,367,_409-704709_n_sec,_500-1907647_n,12.731272585800575,3.6675120482883186,0,12.731272585800575,0,0,5.180636398165664,3.9624596672158616,0,5.180636398165664,0,0,line,_389-2216781-0,,1000000,119.99994404998696,0.014399986572000001,ab
367,368,_500-1907647_n,_406-2901826_n,0.8455250353270953,0.24357135025528412,0,0.8455250353270953,0,0,0.3440628377135962,0.2631597766464917,0,0.3440628377135962,0,0,line,_389-4059942-0,,1000000,119.99994404998696,0.014399986572000001,ab
367,369,_500-1907647_n,_406-1346311_n,1.9301884644840765,0.5560315672494365,0,1.9301884644840765,0,0,0.7854363770027548,0.6007485810313851,0,0.7854363770027548,0,0,line,_389-2216782-0,,1000000,119.99994404998696,0.014399986572000001,ab
365,370,_409-704709_n,_500-15219_n,0.00344617,0.000142488,0.000142488,0.00344617,0.000142488,0.00344617,0.002391363,0.001167558,0.0011878,0.002391363,0.001167558,0.002391363,line,_389-150265-1,,1000000,7621.023553,58.08,abc
370,371,_500-15219_n,_402-1648646_sn,5.653429194150334e-05,2.0386523346462017e-05,2.0386523346462017e-05,5.653429194150334e-05,2.0386523346462017e-05,5.653429194150334e-05,0.000299682,0.000167049,0.000167049,0.000299682,0.000169945,0.000299682,line,_394-2704376-0,,1000000,7621.023553,58.08,abc
371,372,_402-1648646_sn,_402-1648646_ln,1.7217630853994492e-05,0,0,1.7217630853994492e-05,0,1.7217630853994492e-05,1.7217630853994492e-05,0,0,1.7217630853994492e-05,0,1.7217630853994492e-05,switch,_402-1648646-0,CLOSED,1000000,7621.023553,58.08,abc
372,373,_402-1648646_ln,_500-3189672_n,0,0,0,2.826714597075167e-05,0,0,0,0,0,0.000149841,0,0,line,_394-2704379-0,,1000000,7621.023553,58.08,b
373,374,_500-3189672_n,_395-2314493_sn,0,0,0,0.000477243,0,0,0,0,0,0.000237763,0,0,line,_411-2324705-0,,1000000,7621.023553,58.08,b
374,375,_395-2314493_sn,_391-1885211_n,0,0,0,1.7217630853994492e-05,0,0,0,0,0,1.7217630853994492e-05,0,0,switch,_395-2314493-0_b,CLOSED,1000000,7621.023553,58.08,b
396,375,_395-2314494_sn,_391-1885211_n,0,0,0,0,0,1.7217630853994492e-05,0,0,0,0,0,1.7217630853994492e-05,switch,_395-2314494-0_c,CLOSED,1000000,7621.023553,58.08,c
398,375,_395-2314492_sn,_391-1885211_n,1.7217630853994492e-05,0,0,0,0,0,1.7217630853994492e-05,0,0,0,0,0,switch,_395-2314492-0_a,CLOSED,1000000,7621.023553,58.08,a
375,376,_391-1885211_n,_395-2314505_ln,0,0,0,0,0,1.7217630853994492e-05,0,0,0,0,0,1.7217630853994492e-05,switch,_395-2314505-0_c,CLOSED,1000000,7621.023553,58.08,c
376,377,_395-2314505_ln,_395-2314506_sn,0,0,0,0,0,0.006456951,0,0,0,0,0,0.00321686,line,_411-2324712-0,,1000000,7621.023553,58.08,c
377,378,_395-2314506_sn,_391-33189_n,0,0,0,0,0,1.7217630853994492e-05,0,0,0,0,0,1.7217630853994492e-05,switch,_395-2314506-0_c,CLOSED,1000000,7621.023553,58.08,c
379,378,_395-2314502_sn,_391-33189_n,1.7217630853994492e-05,0,0,0,0,0,1.7217630853994492e-05,0,0,0,0,0,switch,_395-2314502-0_a,CLOSED,1000000,7621.023553,58.08,a
385,378,_395-2314504_sn,_391-33189_n,0,0,0,1.7217630853994492e-05,0,0,0,0,0,1.7217630853994492e-05,0,0,switch,_395-2314504-0_b,CLOSED,1000000,7621.023553,58.08,b
380,379,_395-2314501_ln,_395-2314502_sn,0.00624339,0,0,0,0,0,0.003110463,0,0,0,0,0,line,_411-2324710-0,,1000000,7621.023553,58.08,a
375,380,_391-1885211_n,_395-2314501_ln,1.7217630853994492e-05,0,0,0,0,0,1.7217630853994492e-05,0,0,0,0,0,switch,_395-2314501-0_a,CLOSED,1000000,7621.023553,58.08,a
378,381,_391-33189_n,_391-33189_ln,0,0,0,0,0,0,0.40800038046035486,0,0,0.40800038046035486,0,0.40800038046035486,transformer,se7491_tnk,,1000000,119.99994404998696,0.014399986572000001,abc
381,382,_391-33189_ln,_406-92770_n,14.174600980998413,3.484067463525205,3.3474339312576813,14.273793045300758,3.4840674635252054,14.174600980998411,4.172614643606379,1.7425965720797594,1.3291164215805717,3.9017901156309036,1.7425965720797592,4.172614643606379,line,_389-153739-0,,1000000,119.99994404998696,0.014399986572000001,abc
381,383,_391-33189_ln,_406-92764_n,13.871460999622604,3.409556714,3.2758452452030618,13.968531728688385,3.4095567138102107,13.871461,4.0833785284559845,1.705329160241222,1.300691754,3.818345891375827,1.7053291602412217,4.0833785284559845,line,_389-153733-1,,1000000,119.99994404998696,0.014399986572000001,abc
381,384,_391-33189_ln,_406-92766_n,3.648907183227314,0.8968886539767854,0.8617156654722745,3.674441774037819,0.8968886539767855,3.6489071832273137,1.0741384231065925,0.44858921657498757,0.3421487817930184,1.0044212178851832,0.4485892165749875,1.0741384231065925,line,_389-153735-0,,1000000,119.99994404998696,0.014399986572000001,abc
386,385,_395-2314503_ln,_395-2314504_sn,0,0,0,0.006267361,0,0,0,0,0,0.003122406,0,0,line,_411-2324711-0,,1000000,7621.023553,58.08,b
375,386,_391-1885211_n,_395-2314503_ln,0,0,0,1.7217630853994492e-05,0,0,0,0,0,1.7217630853994492e-05,0,0,switch,_395-2314503-0_b,CLOSED,1000000,7621.023553,58.08,b
375,387,_391-1885211_n,_395-2314499_ln,0,0,0,0,0,1.7217630853994492e-05,0,0,0,0,0,1.7217630853994492e-05,switch,_395-2314499-0_c,CLOSED,1000000,7621.023553,58.08,c
387,388,_395-2314499_ln,_395-2314500_sn,0,0,0,0,0,0.001867569,0,0,0,0,0,0.000930425,line,_411-2324709-0,,1000000,7621.023553,58.08,c
388,389,_395-2314500_sn,_391-1885212_n,0,0,0,0,0,1.7217630853994492e-05,0,0,0,0,0,1.7217630853994492e-05,switch,_395-2314500-0_c,CLOSED,1000000,7621.023553,58.08,c
390,389,_395-2314496_sn,_391-1885212_n,1.7217630853994492e-05,0,0,0,0,0,1.7217630853994492e-05,0,0,0,0,0,switch,_395-2314496-0_a,CLOSED,1000000,7621.023553,58.08,a
394,389,_395-2314498_sn,_391-1885212_n,0,0,0,1.7217630853994492e-05,0,0,0,0,0,1.7217630853994492e-05,0,0,switch,_395-2314498-0_b,CLOSED,1000000,7621.023553,58.08,b
391,390,_395-2314495_ln,_395-2314496_sn,0.001892267,0,0,0,0,0,0.000942729,0,0,0,0,0,line,_411-2324707-0,,1000000,7621.023553,58.08,a
375,391,_391-1885211_n,_395-2314495_ln,1.7217630853994492e-05,0,0,0,0,0,1.7217630853994492e-05,0,0,0,0,0,switch,_395-2314495-0_a,CLOSED,1000000,7621.023553,58.08,a
389,392,_391-1885212_n,_391-1885212_ln,0,0,0,0,0,0,0.0765,0,0,0.0765,0,0.0765,transformer,ava02057_tnk,,1000000,277.1281292110204,0.0768,abc
392,393,_391-1885212_ln,_406-2272517_n,0.47049807402050486,0.11564678494608681,0.11111150286903464,0.47379056001534403,0.11564678494608684,0.47049807402050475,0.13850175790333075,0.057842075,0.044117412,0.12951226895893025,0.057842074853278184,0.13850175790333075,line,_389-3322291-0,,1000000,277.1281292110204,0.0768,abc
395,394,_395-2314497_ln,_395-2314498_sn,0,0,0,0.001797108,0,0,0,0,0,0.000895321,0,0,line,_411-2324708-0,,1000000,7621.023553,58.08,b
375,395,_391-1885211_n,_395-2314497_ln,0,0,0,1.7217630853994492e-05,0,0,0,0,0,1.7217630853994492e-05,0,0,switch,_395-2314497-0_b,CLOSED,1000000,7621.023553,58.08,b
397,396,_500-3189674_n,_395-2314494_sn,0,0,0,0,0,0.000562958,0,0,0,0,0,0.000280466,line,_411-2324706-0,,1000000,7621.023553,58.08,c
372,397,_402-1648646_ln,_500-3189674_n,0,0,0,0,0,2.826714597075167e-05,0,0,0,0,0,0.000149841,line,_394-2704381-0,,1000000,7621.023553,58.08,c
399,398,_500-3189670_n,_395-2314492_sn,0.000596373,0,0,0,0,0,0.000297113,0,0,0,0,0,line,_411-2324704-0,,1000000,7621.023553,58.08,a
372,399,_402-1648646_ln,_500-3189670_n,2.826714597075167e-05,0,0,0,0,0,0.000149841,0,0,0,0,0,line,_394-2704377-0,,1000000,7621.023553,58.08,a
360,400,_500-3423255_n,_402-1788186_sn,5.653429194150334e-05,2.0386523346462017e-05,2.0386523346462017e-05,5.653429194150334e-05,2.0386523346462017e-05,5.653429194150334e-05,0.000299682,0.000167049,0.000167049,0.000299682,0.000169945,0.000299682,line,_394-2898602-0,,1000000,7621.023553,58.08,abc
400,401,_402-1788186_sn,_402-1788186_ln,1.7217630853994492e-05,0,0,1.7217630853994492e-05,0,1.7217630853994492e-05,1.7217630853994492e-05,0,0,1.7217630853994492e-05,0,1.7217630853994492e-05,switch,_402-1788186-0,CLOSED,1000000,7621.023553,58.08,abc
401,402,_402-1788186_ln,_500-3423257_n,2.826714597075167e-05,0,0,0,0,0,0.000149841,0,0,0,0,0,line,_394-2898603-0,,1000000,7621.023553,58.08,a
402,403,_500-3423257_n,_395-2485388_sn,0.000485234,0,0,0,0,0,0.000241744,0,0,0,0,0,line,_411-2491440-0,,1000000,7621.023553,58.08,a
403,404,_395-2485388_sn,_391-2042966_n,1.7217630853994492e-05,0,0,0,0,0,1.7217630853994492e-05,0,0,0,0,0,switch,_395-2485388-0_a,CLOSED,1000000,7621.023553,58.08,a
405,404,_395-2485389_sn,_391-2042966_n,0,0,0,1.7217630853994492e-05,0,0,0,0,0,1.7217630853994492e-05,0,0,switch,_395-2485389-0_b,CLOSED,1000000,7621.023553,58.08,b
425,404,_395-2485390_sn,_391-2042966_n,0,0,0,0,0,1.7217630853994492e-05,0,0,0,0,0,1.7217630853994492e-05,switch,_395-2485390-0_c,CLOSED,1000000,7621.023553,58.08,c
406,405,_500-3423259_n,_395-2485389_sn,0,0,0,0.000366105,0,0,0,0,0,0.000182394,0,0,line,_411-2491441-0,,1000000,7621.023553,58.08,b
401,406,_402-1788186_ln,_500-3423259_n,0,0,0,2.826714597075167e-05,0,0,0,0,0,0.000149841,0,0,line,_394-2898605-0,,1000000,7621.023553,58.08,b
404,407,_391-2042966_n,_395-2485395_ln,0,0,0,0,0,1.7217630853994492e-05,0,0,0,0,0,1.7217630853994492e-05,switch,_395-2485395-0_c,CLOSED,1000000,7621.023553,58.08,c
407,408,_395-2485395_ln,_395-2485396_sn,0,0,0,0,0,0.00224239,0,0,0,0,0,0.001117161,line,_411-2491445-0,,1000000,7621.023553,58.08,c
408,409,_395-2485396_sn,_391-33198_n,0,0,0,0,0,1.7217630853994492e-05,0,0,0,0,0,1.7217630853994492e-05,switch,_395-2485396-0_c,CLOSED,1000000,7621.023553,58.08,c
419,409,_395-2485392_sn,_391-33198_n,1.7217630853994492e-05,0,0,0,0,0,1.7217630853994492e-05,0,0,0,0,0,switch,_395-2485392-0_a,CLOSED,1000000,7621.023553,58.08,a
421,409,_395-2485394_sn,_391-33198_n,0,0,0,1.7217630853994492e-05,0,0,0,0,0,1.7217630853994492e-05,0,0,switch,_395-2485394-0_b,CLOSED,1000000,7621.023553,58.08,b
409,410,_391-33198_n,_395-57699_ln,0,0,0,0,0,1.7217630853994492e-05,0,0,0,0,0,1.7217630853994492e-05,switch,_395-57699-0_c,CLOSED,1000000,7621.023553,58.08,c
410,411,_395-57699_ln,_395-57700_sn,0,0,0,0,0,0.004787689,0,0,0,0,0,0.002385231,line,_411-56724-0,,1000000,7621.023553,58.08,c
411,412,_395-57700_sn,_391-33240_n,0,0,0,0,0,1.7217630853994492e-05,0,0,0,0,0,1.7217630853994492e-05,switch,_395-57700-0_c,CLOSED,1000000,7621.023553,58.08,c
413,412,_395-57443_sn,_391-33240_n,0,0,0,1.7217630853994492e-05,0,0,0,0,0,1.7217630853994492e-05,0,0,switch,_395-57443-0_b,CLOSED,1000000,7621.023553,58.08,b
417,412,_395-57696_sn,_391-33240_n,1.7217630853994492e-05,0,0,0,0,0,1.7217630853994492e-05,0,0,0,0,0,switch,_395-57696-0_a,CLOSED,1000000,7621.023553,58.08,a
414,413,_395-57444_ln,_395-57443_sn,0,0,0,0.004701247,0,0,0,0,0,0.002342166,0,0,line,_411-56465-0,,1000000,7621.023553,58.08,b
409,414,_391-33198_n,_395-57444_ln,0,0,0,1.7217630853994492e-05,0,0,0,0,0,1.7217630853994492e-05,0,0,switch,_395-57444-0_b,CLOSED,1000000,7621.023553,58.08,b
412,415,_391-33240_n,_391-33240_ln,0,0,0,0,0,0,0.40800038046035486,0,0,0.40800038046035486,0,0.40800038046035486,transformer,se2496_tnk,,1000000,119.99994404998696,0.014399986572000001,abc
415,416,_391-33240_ln,_406-92240_n,4.4657010219343505,1.0976537295977427,1.0546074028972219,4.496951432687823,1.0976537295977429,4.465701022,1.3145801778173758,0.5490041873621578,0.4187374706405326,1.2292570443502508,0.5490041873621577,1.3145801778173758,line,_389-151689-0,,1000000,119.99994404998696,0.014399986572000001,abc
418,417,_395-57697_ln,_395-57696_sn,0.004810934,0,0,0,0,0,0.002396812,0,0,0,0,0,line,_411-56722-0,,1000000,7621.023553,58.08,a
409,418,_391-33198_n,_395-57697_ln,1.7217630853994492e-05,0,0,0,0,0,1.7217630853994492e-05,0,0,0,0,0,switch,_395-57697-0_a,CLOSED,1000000,7621.023553,58.08,a
420,419,_395-2485391_ln,_395-2485392_sn,0.002267814,0,0,0,0,0,0.001129827,0,0,0,0,0,line,_411-2491443-0,,1000000,7621.023553,58.08,a
404,420,_391-2042966_n,_395-2485391_ln,1.7217630853994492e-05,0,0,0,0,0,1.7217630853994492e-05,0,0,0,0,0,switch,_395-2485391-0_a,CLOSED,1000000,7621.023553,58.08,a
422,421,_395-2485393_ln,_395-2485394_sn,0,0,0,0.002172656,0,0,0,0,0,0.00108242,0,0,line,_411-2491444-0,,1000000,7621.023553,58.08,b
404,422,_391-2042966_n,_395-2485393_ln,0,0,0,1.7217630853994492e-05,0,0,0,0,0,1.7217630853994492e-05,0,0,switch,_395-2485393-0_b,CLOSED,1000000,7621.023553,58.08,b
409,423,_391-33198_n,_391-33198_ln,0,0,0,0,0,0,0.40800038046035486,0,0,0.40800038046035486,0,0.40800038046035486,transformer,sf6904_tnk,,1000000,119.99994404998696,0.014399986572000001,abc
423,424,_391-33198_ln,_406-92763_n,5.004616544380232,1.230117284646622,1.181876178105435,5.039638217776486,1.2301172846466222,5.004616544380231,1.4732221603069653,0.6152573639640022,0.4692702137976554,1.377602331914832,0.6152573639640021,1.4732221603069653,line,_389-153732-0,,1000000,119.99994404998696,0.014399986572000001,abc
426,425,_500-3423261_n,_395-2485390_sn,0,0,0,0,0,0.00045182,0,0,0,0,0,0.000225097,line,_411-2491442-0,,1000000,7621.023553,58.08,c
401,426,_402-1788186_ln,_500-3423261_n,0,0,0,0,0,2.826714597075167e-05,0,0,0,0,0,0.000149841,line,_394-2898607-0,,1000000,7621.023553,58.08,c
357,427,_500-15210_n,_500-15209_n,0.000534401,2.2095759297765997e-05,2.2095759297765997e-05,0.000534401,2.2095759297765997e-05,0.000534401,0.000370831,0.000181054,0.000184193,0.000370831,0.000181054,0.000370831,line,_389-150261-0,,1000000,7621.023553,58.08,abc
427,428,_500-15209_n,_402-36574_sn,7.626958592718058e-05,2.7503160307345866e-05,2.7503160307345866e-05,7.626958592718058e-05,2.7503160307345866e-05,7.626958592718058e-05,0.000404296,0.000225363,0.000225363,0.000404296,0.00022927,0.000404296,line,_394-68558-0,,1000000,7621.023553,58.08,abc
428,429,_402-36574_sn,_402-36574_ln,1.7217630853994492e-05,0,0,1.7217630853994492e-05,0,1.7217630853994492e-05,1.7217630853994492e-05,0,0,1.7217630853994492e-05,0,1.7217630853994492e-05,switch,_402-36574-0,CLOSED,1000000,7621.023553,58.08,abc
429,430,_402-36574_ln,_500-15204_n,0,0,0,0,0,2.826714597075167e-05,0,0,0,0,0,0.000149841,line,_394-68677-0,,1000000,7621.023553,58.08,c
430,431,_500-15204_n,_395-57413_sn,0,0,0,0,0,0.005187934,0,0,0,0,0,0.002584634,line,_411-56439-0,,1000000,7621.023553,58.08,c
431,432,_395-57413_sn,_391-33252_n,0,0,0,0,0,1.7217630853994492e-05,0,0,0,0,0,1.7217630853994492e-05,switch,_395-57413-0_c,CLOSED,1000000,7621.023553,58.08,c
435,432,_395-57775_sn,_391-33252_n,0,0,0,1.7217630853994492e-05,0,0,0,0,0,1.7217630853994492e-05,0,0,switch,_395-57775-0_b,CLOSED,1000000,7621.023553,58.08,b
437,432,_395-57414_sn,_391-33252_n,1.7217630853994492e-05,0,0,0,0,0,1.7217630853994492e-05,0,0,0,0,0,switch,_395-57414-0_a,CLOSED,1000000,7621.023553,58.08,a
432,433,_391-33252_n,_391-33252_ln,0,0,0,0,0,0,0.40800038046035486,0,0,0.40800038046035486,0,0.40800038046035486,transformer,ave30444_tnk,,1000000,119.99994404998696,0.014399986572000001,abc
433,434,_391-33252_ln,_406-92239_n,2.531780214823875,0.6223027429900465,0.5978981001969167,2.5494972924477795,0.6223027429900466,2.531780214823875,0.745286814,0.31125190257741453,0.23739861629023284,0.6969137988711042,0.3112519025774145,0.745286814,line,_389-151688-0,,1000000,119.99994404998696,0.014399986572000001,abc
436,435,_500-15206_n,_395-57775_sn,0,0,0,0.005024495,0,0,0,0,0,0.002503208,0,0,line,_411-56764-0,,1000000,7621.023553,58.08,b
429,436,_402-36574_ln,_500-15206_n,0,0,0,2.826714597075167e-05,0,0,0,0,0,0.000149841,0,0,line,_394-68902-0,,1000000,7621.023553,58.08,b
438,437,_500-15207_n,_395-57414_sn,0.005097134,0,0,0,0,0,0.002539398,0,0,0,0,0,line,_411-56440-0,,1000000,7621.023553,58.08,a
429,438,_402-36574_ln,_500-15207_n,2.826714597075167e-05,0,0,0,0,0,0.000149841,0,0,0,0,0,line,_394-68679-0,,1000000,7621.023553,58.08,a
356,439,_409-23061_n,_409-23061_n_sec,0,0,0,0,0,0,0.40800038046035486,0,0,0.40800038046035486,0,0.40800038046035486,transformer,ave01472_____tnk,,1000000,119.99994404998696,0.014399986572000001,a
439,440,_409-23061_n_sec,_500-3243137_n,10.448070301853335,3.009787392,0,10.448070301853335,0,0,4.2515508902656505,3.251839664284931,0,4.2515508902656505,0,0,line,_389-3370578-0,,1000000,119.99994404998696,0.014399986572000001,ab
440,441,_500-3243137_n,_406-2099290_n,4.338653716627924,1.2498408679766093,0,4.338653716627924,0,0,1.7654941571566352,1.3503552175395737,0,1.7654941571566352,0,0,line,_389-3370578-1,,1000000,119.99994404998696,0.014399986572000001,ab
440,442,_500-3243137_n,_406-2315083_n,10.99182545925224,3.166427553318694,0,10.99182545925224,0,0,4.472816890276751,3.4210770964043924,0,4.472816890276751,0,0,line,_389-3370579-0,,1000000,119.99994404998696,0.014399986572000001,ab
439,443,_409-23061_n_sec,_406-92224_n,3.624085420779099,1.0439943733164199,0,3.624085420779099,0,0,1.4747205131629897,1.127954194178397,0,1.4747205131629897,0,0,line,_389-152661-0,,1000000,119.99994404998696,0.014399986572000001,ab
439,444,_409-23061_n_sec,_406-92223_n,8.999005510669862,2.5923536638281255,0,8.999005510669862,0,0,3.661894377147063,2.8008351985843785,0,3.661894377147063,0,0,line,_389-152660-0,,1000000,119.99994404998696,0.014399986572000001,ab
439,445,_409-23061_n_sec,_406-2315082_n,0.8654532348129192,0.2493120891501898,0,0.8654532348129192,0,0,0.35217206284489305,0.2693621956246918,0,0.35217206284489305,0,0,line,_389-3370577-0,,1000000,119.99994404998696,0.014399986572000001,ab
349,446,_409-23063_n,_409-23063_n_sec,0,0,0,0,0,0,0.40800038046035486,0,0,0.40800038046035486,0,0.40800038046035486,transformer,__ave01469___tnk,,1000000,119.99994404998696,0.014399986572000001,b
446,447,_409-23063_n_sec,_406-92216_n,7.100132788234936,2.0453432576992547,0,7.100132788234936,0,0,2.8892010682077744,2.2098332759473074,0,2.8892010682077744,0,0,line,_389-152716-0,,1000000,119.99994404998696,0.014399986572000001,ab
446,448,_409-23063_n_sec,_500-2797249_n,4.258940918684629,1.2268779123969866,0,4.258940918684629,0,0,1.7330572566314475,1.325545541626773,0,1.7330572566314475,0,0,line,_389-2978769-0,,1000000,119.99994404998696,0.014399986572000001,ab
446,449,_409-23063_n_sec,_406-92218_n,6.989104248242489,2.0133591409990657,0,6.989104248242489,0,0,2.8440210996191198,2.1752769416401923,0,2.8440210996191198,0,0,line,_389-152718-0,,1000000,119.99994404998696,0.014399986572000001,ab
446,450,_409-23063_n_sec,_406-92226_n,10.801084121316498,3.1114804810388823,0,10.801084121316498,0,0,4.395200021162909,3.3617110861844766,0,4.395200021162909,0,0,line,_389-152663-0,,1000000,119.99994404998696,0.014399986572000001,ab
348,451,_500-15208_n,_403-1527929_sn,0.000246531,1.0193261673231008e-05,1.0193261673231008e-05,0.000246531,1.0193261673231008e-05,0.000246531,0.000171072,8.352434020912327e-05,8.497237046645516e-05,0.000171072,8.352434020912327e-05,0.000171072,line,_389-3544712-0,,1000000,7621.023553,58.08,abc
451,452,_403-1527929_sn,_403-1527929_ln,1.7217630853994492e-05,0,0,1.7217630853994492e-05,0,1.7217630853994492e-05,1.7217630853994492e-05,0,0,1.7217630853994492e-05,0,1.7217630853994492e-05,switch,_403-1527929-0,CLOSED,1000000,7621.023553,58.08,abc
452,453,_403-1527929_ln,_409-22702_n,0.00091021,3.7634267945984e-05,3.7634267945984e-05,0.00091021,3.7634267945984e-05,0.00091021,0.000631612,0.000308378,0.000313724,0.000631612,0.000308378,0.000631612,line,_389-3544709-4,,1000000,7621.023553,58.08,abc
453,454,_409-22702_n,_409-23090_n,0.003862567,0.000159705,0.000159705,0.003862567,0.000159705,0.003862567,0.002680309,0.001308633,0.00133132,0.002680309,0.001308633,0.002680309,line,_389-3544709-1,,1000000,7621.023553,58.08,abc
454,455,_409-23090_n,_409-23090_n_sec,0,0,0,0,0,0,0.40800038046035486,0,0,0.40800038046035486,0,0.40800038046035486,transformer,ave01068_ave01250_ave01249_tnk,,1000000,119.99994404998696,0.014399986572000001,abc
455,456,_409-23090_n_sec,_500-3173285_n,4.5611339790341425,1.1211108174709816,1.0771445818403431,4.593052217547274,1.121110817470982,4.561133979034142,1.3426730288832407,0.5607365207187345,0.42768597724127305,1.2555265223564789,0.5607365207187344,1.3426730288832407,line,_389-3305976-0,,1000000,119.99994404998696,0.014399986572000001,abc
456,457,_500-3173285_n,_406-92762_n,9.453476456,2.3236315281490874,2.2325064317774004,9.519630688430288,2.323631528149088,9.453476456238148,2.7828447761715416,1.1621911395573525,0.8864285362145279,2.602223586,1.1621911395573523,2.7828447761715416,line,_389-3305977-0,,1000000,119.99994404998696,0.014399986572000001,abc
454,458,_409-23090_n,_403-36881_sn,0.000320941,1.3269886385578173e-05,1.3269886385578173e-05,0.000320941,1.3269886385578173e-05,0.000320941,0.000222707,0.000108734,0.00011062,0.000222707,0.000108734,0.000222707,line,_389-3544709-2,,1000000,7621.023553,58.08,abc
458,459,_403-36881_sn,_403-36881_ln,0,0,0,0,0,1.7217630853994492e-05,0,0,0,0,0,1.7217630853994492e-05,switch,_403-36881-0,CLOSED,1000000,7621.023553,58.08,c
459,460,_403-36881_ln,_409-23086_n,0,0,0,0,0,0.0084993,0,0,0,0,0,0.005897827,line,_389-455073-0,,1000000,7621.023553,58.08,c
460,461,_409-23086_n,_409-23086_n_sec,0,0,0,0,0,0,0.40800038046035486,0,0,0.40800038046035486,0,0.40800038046035486,transformer,____ava25378_tnk,,1000000,119.99994404998696,0.014399986572000001,c
461,462,_409-23086_n_sec,_406-92244_n,10.214625679305113,2.942538736417372,0,10.214625679305113,0,0,4.1565571101561725,3.1791827562545865,0,4.1565571101561725,0,0,line,_389-151693-1,,1000000,119.99994404998696,0.014399986572000001,ab
461,463,_409-23086_n_sec,_406-92225_n,23.498194079427087,6.769151263,0,23.498194079427087,0,0,9.561934890532063,7.313538035151995,0,9.561934890532063,0,0,line,_389-152662-0,,1000000,119.99994404998696,0.014399986572000001,ab
461,464,_409-23086_n_sec,_406-92208_n,11.048763172068881,3.182829664446996,0,11.048763172068881,0,0,4.495986104937599,3.438798293484964,0,4.495986104937599,0,0,line,_389-152708-0,,1000000,119.99994404998696,0.014399986572000001,ab
461,465,_409-23086_n_sec,_406-92209_n,10.596108355176597,3.052432880976995,0,10.596108355176597,0,0,4.311790848383856,3.297914776694418,0,4.311790848383856,0,0,line,_389-152709-0,,1000000,119.99994404998696,0.014399986572000001,ab
461,466,_409-23086_n_sec,_406-92243_n,9.631014122934559,2.7744170973522766,0,9.631014122934559,0,0,3.919072659882478,2.997540486178725,0,3.919072659882478,0,0,line,_389-151692-0,,1000000,119.99994404998696,0.014399986572000001,ab
461,467,_409-23086_n_sec,_406-92246_n,7.034654418495801,2.0264808299017076,0,7.034654418495801,0,0,2.8625564713477982,2.1894538993046497,0,2.8625564713477982,0,0,line,_389-151695-0,,1000000,119.99994404998696,0.014399986572000001,ab
461,468,_409-23086_n_sec,_406-92245_n,10.826706092083986,3.1188614310466183,0,10.826706092083986,0,0,4.405626167760291,3.369685624870734,0,4.405626167760291,0,0,line,_389-151694-0,,1000000,119.99994404998696,0.014399986572000001,ab
461,469,_409-23086_n_sec,_406-92207_n,11.17971991154715,3.22055452,0,11.17971991154715,0,0,4.549275298657549,3.479557046770279,0,4.549275298657549,0,0,line,_389-152707-0,,1000000,119.99994404998696,0.014399986572000001,ab
460,470,_409-23086_n,_409-23085_n,0,0,0,0,0,0.002549489,0,0,0,0,0,0.001769139,line,_389-455073-1,,1000000,7621.023553,58.08,c
470,471,_409-23085_n,_409-23085_n_sec,0,0,0,0,0,0,0.40800038046035486,0,0,0.40800038046035486,0,0.40800038046035486,transformer,____se2656_tnk,,1000000,119.99994404998696,0.014399986572000001,c
471,472,_409-23085_n_sec,_406-92238_n,12.887851296046332,3.712617853891149,0,12.887851296046332,0,0,5.2443517384829965,4.011192959187434,0,5.2443517384829965,0,0,line,_389-151687-0,,1000000,119.99994404998696,0.014399986572000001,ab
471,473,_409-23085_n_sec,_406-92237_n,8.438169039425961,2.4307928692143506,0,8.438169039425961,0,0,3.4336776127377076,2.6262814073407457,0,3.4336776127377076,0,0,line,_389-151686-0,,1000000,119.99994404998696,0.014399986572000001,ab
471,474,_409-23085_n_sec,_406-92236_n,8.495106752242602,2.4471949803426525,0,8.495106752242602,0,0,3.4568468273985555,2.644002604421317,0,3.4568468273985555,0,0,line,_389-151685-0,,1000000,119.99994404998696,0.014399986572000001,ab
471,475,_409-23085_n_sec,_406-92211_n,13.753304530859253,3.961929943041339,0,13.753304530859253,0,0,5.596523801,4.280555154812126,0,5.596523801,0,0,line,_389-152711-0,,1000000,119.99994404998696,0.014399986572000001,ab
471,476,_409-23085_n_sec,_406-92242_n,9.892927602,2.849866808542466,0,9.892927602,0,0,4.025651047,3.0790579927493558,0,4.025651047,0,0,line,_389-151691-0,,1000000,119.99994404998696,0.014399986572000001,ab
471,477,_409-23085_n_sec,_406-92235_n,11.139863512575502,3.209073042252279,0,11.139863512575502,0,0,4.533056848394956,3.467152208813879,0,4.533056848394956,0,0,line,_389-152672-0,,1000000,119.99994404998696,0.014399986572000001,ab
471,478,_409-23085_n_sec,_406-92210_n,10.772615264908179,3.1032794254747307,0,10.772615264908179,0,0,4.3836154138324845,3.3528504876441905,0,4.3836154138324845,0,0,line,_389-152710-0,,1000000,119.99994404998696,0.014399986572000001,ab
471,479,_409-23085_n_sec,_406-92241_n,10.097903368031002,2.908914408604353,0,10.097903368031002,0,0,4.1090602201014335,3.1428543022394146,0,4.1090602201014335,0,0,line,_389-151690-0,,1000000,119.99994404998696,0.014399986572000001,ab
470,480,_409-23085_n,_500-15214_n,0,0,0,0,0,0.000196924,0,0,0,0,0,0.000136649,line,_389-455073-2,,1000000,7621.023553,58.08,c
453,481,_409-22702_n,_409-22702_n_sec,0,0,0,0,0,0,0.40800038046035486,0,0,0.40800038046035486,0,0.40800038046035486,transformer,ava07306_____tnk,,1000000,119.99994404998696,0.014399986572000001,a
481,482,_409-22702_n_sec,_406-92249_n,17.11832335832264,4.931294710723985,0,17.11832335832264,0,0,6.965824388,5.327877902,0,6.965824388,0,0,line,_389-152722-2,,1000000,119.99994404998696,0.014399986572000001,ab
481,483,_409-22702_n_sec,_406-92227_n,5.838962449346372,1.6820364962073662,0,5.838962449346372,0,0,2.3760029634699857,1.8173087606126412,0,2.3760029634699857,0,0,line,_389-152664-0,,1000000,119.99994404998696,0.014399986572000001,ab
481,484,_409-22702_n_sec,_406-92248_n,25.32020088955955,7.294018818755883,0,25.32020088955955,0,0,10.303349759679207,7.880616341730293,0,10.303349759679207,0,0,line,_389-152721-0,,1000000,119.99994404998696,0.014399986572000001,ab
481,485,_409-22702_n_sec,_406-92228_n,10.374051275191702,2.9884646475766177,0,10.374051275191702,0,0,4.2214309112065465,3.2288021080801874,0,4.2214309112065465,0,0,line,_389-152665-0,,1000000,119.99994404998696,0.014399986572000001,ab
481,486,_409-22702_n_sec,_406-92206_n,31.048134798913477,8.944071198263059,0,31.048134798913477,0,0,12.634172754560538,9.663368768035818,0,12.634172754560538,0,0,line,_389-152706-0,,1000000,119.99994404998696,0.014399986572000001,ab
481,487,_409-22702_n_sec,_500-3452354_n,6.001234930873795,1.728782512923027,0,6.001234930873795,0,0,2.4420352252534037,1.8678141722922712,0,2.4420352252534037,0,0,line,_389-152715-1,,1000000,119.99994404998696,0.014399986572000001,ab
487,488,_500-3452354_n,_500-3954607_n,4.5550170253311535,1.3121688902641568,0,4.5550170253311535,0,0,1.8535371728678582,1.4176957664457466,0,1.8535371728678582,0,0,line,_389-3577679-2,,1000000,119.99994404998696,0.014399986572000001,ab
487,489,_500-3452354_n,_406-92215_n,2.5678908480304377,0.7397352118864186,0,2.5678908480304377,0,0,1.0449315812042552,0.7992259883337897,0,1.0449315812042552,0,0,line,_389-152715-2,,1000000,119.99994404998696,0.014399986572000001,ab
481,490,_409-22702_n_sec,_500-1383160_n,15.401651316900965,4.436771060205681,0,15.401651316900965,0,0,6.267272565759446,4.79358381,0,6.267272565759446,0,0,line,_389-1822529-0,,1000000,119.99994404998696,0.014399986572000001,ab
490,491,_500-1383160_n,_406-92252_n,11.393236334609549,3.2820624367732223,0,11.393236334609549,0,0,4.636159854,3.546011535822424,0,4.636159854,0,0,line,_389-1822531-2,,1000000,119.99994404998696,0.014399986572000001,ba
490,492,_500-1383160_n,_406-92251_n,13.166846088847867,3.792988198419829,0,13.166846088847867,0,0,5.357880890321153,4.098026824882236,0,5.357880890321153,0,0,line,_389-1822530-0,,1000000,119.99994404998696,0.014399986572000001,ab
494,493,_395-2483461_ln,_500-3419400_n,0.000355209,0,0,0,0,0,0.000176965,0,0,0,0,0,line,_411-2489510-0,,1000000,7621.023553,58.08,a
340,494,_391-2042008_n,_395-2483461_ln,1.7217630853994492e-05,0,0,0,0,0,1.7217630853994492e-05,0,0,0,0,0,switch,_395-2483461-0_a,CLOSED,1000000,7621.023553,58.08,a
340,495,_391-2042008_n,_395-2525468_ln,1.7217630853994492e-05,0,0,0,0,0,1.7217630853994492e-05,0,0,0,0,0,switch,_395-2525468-0_a,CLOSED,1000000,7621.023553,58.08,a
495,496,_395-2525468_ln,_395-2525469_sn,0.000979184,0,0,0,0,0,0.000487831,0,0,0,0,0,line,_411-2532160-0,,1000000,7621.023553,58.08,a
496,497,_395-2525469_sn,_391-2076644_n,1.7217630853994492e-05,0,0,0,0,0,1.7217630853994492e-05,0,0,0,0,0,switch,_395-2525469-0_a,CLOSED,1000000,7621.023553,58.08,a
498,497,_395-2525473_sn,_391-2076644_n,0,0,0,0,0,1.7217630853994492e-05,0,0,0,0,0,1.7217630853994492e-05,switch,_395-2525473-0_c,CLOSED,1000000,7621.023553,58.08,c
502,497,_395-2525471_sn,_391-2076644_n,0,0,0,1.7217630853994492e-05,0,0,0,0,0,1.7217630853994492e-05,0,0,switch,_395-2525471-0_b,CLOSED,1000000,7621.023553,58.08,b
499,498,_395-2525472_ln,_395-2525473_sn,0,0,0,0,0,0.00095376,0,0,0,0,0,0.000475164,line,_411-2532162-0,,1000000,7621.023553,58.08,c
340,499,_391-2042008_n,_395-2525472_ln,0,0,0,0,0,1.7217630853994492e-05,0,0,0,0,0,1.7217630853994492e-05,switch,_395-2525472-0_c,CLOSED,1000000,7621.023553,58.08,c
497,500,_391-2076644_n,_391-2076644_ln,0,0,0,0,0,0,0.0765,0,0,0.0765,0,0.0765,transformer,ave30778_tnk,,1000000,277.1281292110204,0.0768,abc
500,501,_391-2076644_ln,_406-2518339_n,0.3410321610349968,0.083824515,0.080537197,0.3434186609507192,0.083824515,0.34103216103499673,0.100390536,0.041925799222510364,0.031977722,0.093874665,0.041925799,0.100390536,line,_389-3607745-1,,1000000,277.1281292110204,0.0768,abc
503,502,_395-2525470_ln,_395-2525471_sn,0,0,0,0.000884026,0,0,0,0,0,0.000440423,0,0,line,_411-2532161-0,,1000000,7621.023553,58.08,b
340,503,_391-2042008_n,_395-2525470_ln,0,0,0,1.7217630853994492e-05,0,0,0,0,0,1.7217630853994492e-05,0,0,switch,_395-2525470-0_b,CLOSED,1000000,7621.023553,58.08,b
505,504,_395-2483455_ln,_395-2483456_sn,0.004643136,0,0,0,0,0,0.002313215,0,0,0,0,0,line,_411-2489507-0,,1000000,7621.023553,58.08,a
337,505,_391-2042005_n,_395-2483455_ln,1.7217630853994492e-05,0,0,0,0,0,1.7217630853994492e-05,0,0,0,0,0,switch,_395-2483455-0_a,CLOSED,1000000,7621.023553,58.08,a
507,506,_395-2483457_ln,_395-2483458_sn,0,0,0,0.004565411,0,0,0,0,0,0.002274492,0,0,line,_411-2489508-0,,1000000,7621.023553,58.08,b
337,507,_391-2042005_n,_395-2483457_ln,0,0,0,1.7217630853994492e-05,0,0,0,0,0,1.7217630853994492e-05,0,0,switch,_395-2483457-0_b,CLOSED,1000000,7621.023553,58.08,b
509,508,_500-3418780_n,_395-2483453_sn,0,0,0,0.000980637,0,0,0,0,0,0.000488554,0,0,line,_411-2489505-0,,1000000,7621.023553,58.08,b
334,509,_402-1786262_ln,_500-3418780_n,0,0,0,2.826714597075167e-05,0,0,0,0,0,0.000149841,0,0,line,_394-2896349-0,,1000000,7621.023553,58.08,b
511,510,_500-3418782_n,_395-2483454_sn,0,0,0,0,0,0.001614056,0,0,0,0,0,0.000804124,line,_411-2489506-0,,1000000,7621.023553,58.08,c
334,511,_402-1786262_ln,_500-3418782_n,0,0,0,0,0,2.826714597075167e-05,0,0,0,0,0,0.000149841,line,_394-2896351-0,,1000000,7621.023553,58.08,c
320,512,_500-15202_n,_500-15213_n,1.721763085399449e-11,0,0,1.721763085399449e-11,0,1.721763085399449e-11,1.721763085399449e-11,0,0,1.721763085399449e-11,0,1.721763085399449e-11,switch,_389-159696-1,CLOSED,1000000,7621.023553,58.08,abc
512,513,_500-15213_n,_500-3137441_n,0.000431677,0.000155665,0.000155665,0.000431677,0.000155665,0.000431677,0.002288271,0.001275529,0.001297642,0.002288271,0.001275529,0.002288271,line,_389-159696-2,,1000000,7621.023553,58.08,abc
513,514,_500-3137441_n,_500-15223_n,0.000681342,0.000245695,0.000245695,0.000681342,0.000245695,0.000681342,0.003611713,0.002013242,0.002048145,0.003611713,0.002013242,0.003611713,line,_389-159696-3,,1000000,7621.023553,58.08,abc
514,515,_500-15223_n,_402-36571_sn,0.000865113,3.576964690819783e-05,0,0.000865113,0,0,0.000600318,0.000293099,0,0.000600318,0,0,line,_389-150214-0,,1000000,7621.023553,58.08,ab
515,516,_402-36571_sn,_402-36571_ln,1.7217630853994492e-05,0,0,1.7217630853994492e-05,0,0,1.7217630853994492e-05,0,0,1.7217630853994492e-05,0,0,switch,_402-36571-0,CLOSED,1000000,7621.023553,58.08,ab
516,517,_402-36571_ln,_409-22385_n,0.00607007,0.000250978,0,0.00607007,0,0,0.004212138,0.002056532,0,0.004212138,0,0,line,_389-150307-0,,1000000,7621.023553,58.08,ab
517,518,_409-22385_n,_409-22385_n_sec,0,0,0,0,0,0,0.40800038046035486,0,0,0.40800038046035486,0,0.40800038046035486,transformer,__sb5486___tnk,,1000000,119.99994404998696,0.014399986572000001,b
518,519,_409-22385_n_sec,_406-92279_n,13.986749153407475,4.029178598667377,0,13.986749153407475,0,0,5.691517581437368,4.353212062842471,0,5.691517581437368,0,0,line,_389-152752-1,,1000000,119.99994404998696,0.014399986572000001,ab
518,520,_409-22385_n_sec,_406-92270_n,13.386056283191927,3.856136326263791,0,13.386056283191927,0,0,5.447082366765418,4.166253433642438,0,5.447082366765418,0,0,line,_389-152743-0,,1000000,119.99994404998696,0.014399986572000001,ab
518,521,_409-22385_n_sec,_406-92274_n,29.26883127339349,8.431505225503622,0,29.26883127339349,0,0,11.91013479640903,9.109581359267949,0,11.91013479640903,0,0,line,_389-152747-2,,1000000,119.99994404998696,0.014399986572000001,ab
518,522,_409-22385_n_sec,_406-92272_n,16.477774089135448,4.746770960530587,0,16.477774089135448,0,0,6.705170722849476,5.128514435117488,0,6.705170722849476,0,0,line,_389-152745-0,,1000000,119.99994404998696,0.014399986572000001,ab
518,523,_409-22385_n_sec,_406-92273_n,16.691290512197845,4.808278877,0,16.691290512197845,0,0,6.792055277827658,5.194968924169633,0,6.792055277827658,0,0,line,_389-152746-2,,1000000,119.99994404998696,0.014399986572000001,ab
518,524,_409-22385_n_sec,_406-92269_n,15.791674649694945,4.549125521,0,15.791674649694945,0,0,6.425981686186256,4.914974010296598,0,6.425981686186256,0,0,line,_389-152742-0,,1000000,119.99994404998696,0.014399986572000001,ab
518,525,_409-22385_n_sec,_500-3249506_n,7.811854198442928,2.250369646803029,0,7.811854198442928,0,0,3.178816251468377,2.431348239454455,0,3.178816251468377,0,0,line,_389-3378931-0,,1000000,119.99994404998696,0.014399986572000001,ab
525,526,_500-3249506_n,_500-3249507_n,14.447944627222252,4.162035698806623,0,14.447944627222252,0,0,5.879188220190238,4.496753759195102,0,5.879188220190238,0,0,line,_389-3378932-1,,1000000,119.99994404998696,0.014399986572000001,ab
526,527,_500-3249507_n,_500-3249508_n,10.983284802329745,3.1639672366494485,0,10.983284802329745,0,0,4.4693415080776235,3.4184189168423065,0,4.4693415080776235,0,0,line,_389-3378933-1,,1000000,119.99994404998696,0.014399986572000001,ab
527,528,_500-3249508_n,_406-2102302_n,0.4754299020189392,0.13695762792132138,0,0.4754299020189392,0,0,0.1934629424180827,0.1479719956227748,0,0.1934629424180827,0,0,line,_389-3378933-2,,1000000,119.99994404998696,0.014399986572000001,ab
527,529,_500-3249508_n,_500-3249510_n,11.30782976538459,3.2574592700807696,0,11.30782976538459,0,0,4.601406031644458,3.519429740201566,0,4.601406031644458,0,0,line,_389-3378934-1,,1000000,119.99994404998696,0.014399986572000001,ab
529,530,_500-3249510_n,_406-2102721_n,0.47827678765977116,0.1377777334777365,0,0.47827678765977116,0,0,0.19462140315112514,0.1488580554768034,0,0.19462140315112514,0,0,line,_389-3378935-0,,1000000,119.99994404998696,0.014399986572000001,ab
529,531,_500-3249510_n,_500-3249509_n,11.914216406881799,3.432141753597185,0,11.914216406881799,0,0,4.848158167782492,3.708160489109656,0,4.848158167782492,0,0,line,_389-3378934-2,,1000000,119.99994404998696,0.014399986572000001,ab
531,532,_500-3249509_n,_406-2102272_n,0.43842038868812355,0.1262962556879251,0,0.43842038868812355,0,0,0.17840295288853136,0.1364532175204031,0,0.17840295288853136,0,0,line,_389-3378936-0,,1000000,119.99994404998696,0.014399986572000001,ab
531,533,_500-3249509_n,_500-3249512_n,14.624451536953837,4.212882243304359,0,14.624451536953837,0,0,5.951012785638868,4.551689470144876,0,5.951012785638868,0,0,line,_389-3378937-1,,1000000,119.99994404998696,0.014399986572000001,ab
533,534,_500-3249512_n,_500-3249511_n,14.584595137982188,4.201400765514547,0,14.584595137982188,0,0,5.9347943353762735,4.539284632188474,0,5.9347943353762735,0,0,line,_389-3378937-2,,1000000,119.99994404998696,0.014399986572000001,ab
534,535,_500-3249511_n,_406-2102300_n,0.5352145004764106,0.15417984460603845,0,0.5352145004764106,0,0,0.21779061781197334,0.1665792525573752,0,0.21779061781197334,0,0,line,_389-3378939-0,,1000000,119.99994404998696,0.014399986572000001,ab
533,536,_500-3249512_n,_406-2102301_n,0.5409082717580745,0.15582005571886864,0,0.5409082717580745,0,0,0.22010753927805815,0.1683513722654324,0,0.22010753927805815,0,0,line,_389-3378938-0,,1000000,119.99994404998696,0.014399986572000001,ab
526,537,_500-3249507_n,_406-2102752_n,0.48112367330060307,0.13859783903415154,0,0.48112367330060307,0,0,0.19577986388416752,0.14974411533083196,0,0.19577986388416752,0,0,line,_389-3378932-2,,1000000,119.99994404998696,0.014399986572000001,ab
518,538,_409-22385_n_sec,_406-92280_n,10.929193975153938,3.1483852310775617,0,10.929193975153938,0,0,4.447330754149817,3.401583779615763,0,4.447330754149817,0,0,line,_389-152753-1,,1000000,119.99994404998696,0.014399986572000001,ab
518,539,_409-22385_n_sec,_406-92268_n,19.22501873,5.538172822471156,0,19.22501873,0,0,7.823085330235404,5.983562194255079,0,7.823085330235404,0,0,line,_389-152741-0,,1000000,119.99994404998696,0.014399986572000001,ab
518,540,_409-22385_n_sec,_406-92358_n,11.54127438793281,3.3247079257068077,0,11.54127438793281,0,0,4.696399811753936,3.592086648,0,4.696399811753936,0,0,line,_389-153055-0,,1000000,119.99994404998696,0.014399986572000001,ab
517,541,_409-22385_n,_389-150307-1_n,0.000196924,8.142178531666233e-06,0,0.000196924,0,0,0.000136649,6.671761321582408e-05,0,0.000136649,0,0,line,_389-150307-1,,1000000,7621.023553,58.08,ab
541,542,_389-150307-1_n,_403-36885_ln,0,0,0,1.7217630853994492e-05,0,0,0,0,0,1.7217630853994492e-05,0,0,switch,_403-36885-0,CLOSED,1000000,7621.023553,58.08,b
514,543,_500-15223_n,_402-36570_sn,0.000438945,1.8148978101118626e-05,1.8148978101118626e-05,0.000438945,1.8148978101118626e-05,0.000438945,0.000304592,0.000148714,0.000151292,0.000304592,0.000148714,0.000304592,line,_389-150157-0,,1000000,7621.023553,58.08,abc
543,544,_402-36570_sn,_402-36570_ln,1.7217630853994492e-05,0,0,1.7217630853994492e-05,0,1.7217630853994492e-05,1.7217630853994492e-05,0,0,1.7217630853994492e-05,0,1.7217630853994492e-05,switch,_402-36570-0,CLOSED,1000000,7621.023553,58.08,abc
544,545,_402-36570_ln,_409-23060_n,0.002309723,9.549967415194784e-05,9.549967415194784e-05,0.002309723,9.549967415194784e-05,0.002309723,0.001602761,0.000782531,0.000796098,0.001602761,0.000782531,0.001602761,line,_389-150144-0,,1000000,7621.023553,58.08,abc
545,546,_409-23060_n,_409-22703_n,0.002537464,0.000104916,0.000104916,0.002537464,0.000104916,0.002537464,0.001760794,0.00085969,0.000874594,0.001760794,0.00085969,0.001760794,line,_389-150144-1,,1000000,7621.023553,58.08,abc
546,547,_409-22703_n,_409-22703_n_sec,0,0,0,0,0,0,0.40800038046035486,0,0,0.40800038046035486,0,0.40800038046035486,transformer,avc10039_avc10021_ava25514_tnk,,1000000,119.99994404998696,0.014399986572000001,abc
547,548,_409-22703_n_sec,_500-3492705_n,1.897431735278203,0.46638210006792835,0.4480921460455827,1.9107097224996656,0.46638210006792846,1.8974317352782029,0.5585519800154282,0.23326639261899348,0.1779173665323696,0.5222990333002951,0.23326639261899346,0.5585519800154282,line,_389-3616593-0,,1000000,119.99994404998696,0.014399986572000001,abc
548,549,_500-3492705_n,_406-92667_n,4.608850457584038,1.132839361407601,1.0884131713119034,4.641102609976998,1.1328393614076013,4.608850457584037,1.3567194544161727,0.5666026873970228,0.43216023054164326,1.2686612613595927,0.5666026873970226,1.3567194544161727,line,_389-3616595-0,,1000000,119.99994404998696,0.014399986572000001,abc
548,550,_500-3492705_n,_406-92666_n,1.0385351213800817,0.2552683092087774,0.24525753555749352,1.045802659,0.25526830920877747,1.0385351213800815,0.30571632042264557,0.12767539240980416,0.097380807,0.2858737312442445,0.12767539240980416,0.30571632042264557,line,_389-3616594-0,,1000000,119.99994404998696,0.014399986572000001,abc
547,551,_409-22703_n_sec,_406-92670_n,15.418036274975105,3.7896995202265247,3.641080115722464,15.525929742145953,3.789699520226525,15.41803627,4.538647967788086,1.8954619743433896,1.4457101987608079,4.244065961417931,1.8954619743433894,4.538647967788086,line,_389-153607-1,,1000000,119.99994404998696,0.014399986572000001,abc
546,552,_409-22703_n,_409-1262899_n,0.000806486,3.334563955907584e-05,3.334563955907584e-05,0.000806486,3.334563955907584e-05,0.000806486,0.000559636,0.000273237,0.000277974,0.000559636,0.000273237,0.000559636,line,_389-150144-10,,1000000,7621.023553,58.08,abc
552,553,_409-1262899_n,_409-1262899_n_sec,0,0,0,0,0,0,0.40800038046035486,0,0,0.40800038046035486,0,0.40800038046035486,transformer,ave01219_ave01218_ave01210_tnk,,1000000,119.99994404998696,0.014399986572000001,abc
553,554,_409-1262899_n_sec,_500-2987474_n,8.263371344170162,2.0311078440828125,1.951454553192597,8.321197371359492,2.031107844082813,8.263371344170162,2.4325103981736986,1.0158820412282796,0.7748353950758818,2.2746277426569073,1.0158820412282794,2.4325103981736986,line,_389-3148529-0,,1000000,119.99994404998696,0.014399986572000001,abc
554,555,_500-2987474_n,_406-2050947_n,2.0518085776455126,0.5043273892746386,0.4845493472771019,2.066166874478189,0.5043273892746386,2.051808577645512,0.6039962979160917,0.2522451671663969,0.19239289191592038,0.5647937771338991,0.2522451671663968,0.6039962979160917,line,_389-3148530-1,,1000000,119.99994404998696,0.014399986572000001,abc
552,556,_409-1262899_n,_403-39761_sn,0.002006069,8.294455916418769e-05,8.294455916418769e-05,0.002006069,8.294455916418769e-05,0.002006069,0.00139205,0.000679654,0.000691437,0.00139205,0.000679654,0.00139205,line,_389-150144-7,,1000000,7621.023553,58.08,abc
556,557,_403-39761_sn,_403-39761_ln,1.7217630853994492e-05,0,0,1.7217630853994492e-05,0,1.7217630853994492e-05,1.7217630853994492e-05,0,0,1.7217630853994492e-05,0,1.7217630853994492e-05,switch,_403-39761-0,CLOSED,1000000,7621.023553,58.08,abc
557,558,_403-39761_ln,_409-23029_n,0.003530351,0.000145969,0.000145969,0.003530351,0.000145969,0.003530351,0.002449778,0.001196079,0.001216815,0.002449778,0.001196079,0.002449778,line,_389-150172-0,,1000000,7621.023553,58.08,abc
558,559,_409-23029_n,_409-23029_n_sec,0,0,0,0,0,0,0.40800038046035486,0,0,0.40800038046035486,0,0.40800038046035486,transformer,ave09259_ave06159_ave09568_tnk,,1000000,119.99994404998696,0.014399986572000001,abc
559,560,_409-23029_n_sec,_500-2251096_n,13.371841400688401,3.286751959650312,3.157856484853781,13.465415855012436,3.2867519596503123,13.3718414,3.936304190522928,1.643906944433262,1.2538436895861076,3.680817447696163,1.6439069444332617,3.936304190522928,line,_389-153610-2,,1000000,119.99994404998696,0.014399986572000001,abc
559,561,_409-23029_n_sec,_500-3347060_n,8.058471171573553,1.980744097,1.9030659042853078,8.114863333278906,1.9807440965902703,8.058471171573553,2.3721933944146367,0.9906920313744534,0.7556224250213508,2.2182256281141237,0.9906920313744532,2.3721933944146367,line,_389-3471691-1,,1000000,119.99994404998696,0.014399986572000001,abc
561,562,_500-3347060_n,_406-92229_n,7.202381409354838,1.770320220080332,1.700894152001428,7.252782763216189,1.7703202200803323,7.202381409354837,2.120183995147321,0.8854460997933986,0.6753490569852966,1.9825729577641387,0.8854460997933985,2.120183995147321,line,_389-3471691-2,,1000000,119.99994404998696,0.014399986572000001,abc
561,563,_500-3347060_n,_406-92195_n,9.975550868607595,2.4519555971026885,2.3557980577603566,10.045358511484928,2.451955597102689,9.975550868607593,2.9365291967083307,1.2263739043903892,0.9353821311479904,2.7459330833568774,1.2263739043903887,2.9365291967083307,line,_389-3471692-0,,1000000,119.99994404998696,0.014399986572000001,abc
559,564,_409-23029_n_sec,_406-92671_n,6.377167015609582,1.5674854014117354,1.5060138399638519,6.421793623549172,1.5674854014117356,6.377167015609581,1.8772634594601367,0.7839959231218244,0.5979707940259522,1.7554192361808738,0.7839959231218241,1.8772634594601367,line,_389-153608-0,,1000000,119.99994404998696,0.014399986572000001,abc
559,565,_409-23029_n_sec,_406-92674_n,14.275647641457015,3.5089043800968702,3.371296826609222,14.375546817504883,3.5089043800968707,14.275647641457013,4.202360015323177,1.7550190426926053,1.3385913109225325,3.929604857049263,1.7550190426926051,4.202360015323177,line,_389-153611-1,,1000000,119.99994404998696,0.014399986572000001,abc
559,566,_409-23029_n_sec,_406-92672_n,10.528500649450503,2.5878687238976323,2.4863811239896165,10.602177764935275,2.587868723897633,10.528500649450502,3.0993024808252527,1.2943524241329065,0.9872308311581631,2.8981415294517863,1.2943524241329063,3.0993024808252527,line,_389-153609-1,,1000000,119.99994404998696,0.014399986572000001,abc
559,567,_409-23029_n_sec,_406-92692_n,10.708139156932464,2.632023242247259,2.528804049059021,10.783073359964831,2.6320232422472594,10.708139156932464,3.152183141655116,1.3164368163335214,1.0040750788772044,2.9475899586399796,1.316436816333521,3.152183141655116,line,_389-153613-1,,1000000,119.99994404998696,0.014399986572000001,abc
559,568,_409-23029_n_sec,_406-92691_n,11.623172804418699,2.856935320090668,2.7448958236312992,11.704510297146623,2.8569353200906686,11.623172804418697,3.4215440077572308,1.4289291891054028,1.089875465696069,3.199467894817341,1.4289291891054026,3.4215440077572308,line,_389-153612-1,,1000000,119.99994404998696,0.014399986572000001,abc
559,569,_409-23029_n_sec,_500-3235504_n,7.090107342178612,1.7427236461118152,1.6743798238330503,7.139723016322716,1.7427236461118154,7.090107342,2.087133582128656,0.8716433546680143,0.6648214021608959,1.9516676895215175,0.8716433546680141,2.087133582128656,line,_389-153614-1,,1000000,119.99994404998696,0.014399986572000001,abc
558,570,_409-23029_n,_409-23066_n,0.009287748,0.000384019,0.000384019,0.009287748,0.000384019,0.009287748,0.006444946,0.003146678,0.00320123,0.006444946,0.003146678,0.006444946,line,_389-150172-12,,1000000,7621.023553,58.08,abc
570,571,_409-23066_n,_409-23100_n,0.003912925,0.000161787,0.000161787,0.003912925,0.000161787,0.003912925,0.002715254,0.001325694,0.001348677,0.002715254,0.001325694,0.002715254,line,_389-150172-2,,1000000,7621.023553,58.08,abc
571,572,_409-23100_n,_409-23100_n_sec,0,0,0,0,0,0,0.40800038046035486,0,0,0.40800038046035486,0,0.40800038046035486,transformer,ave01431_ave01404_ave01433_tnk,,1000000,119.99994404998696,0.014399986572000001,abc
572,573,_409-23100_n_sec,_406-2306747_n,0.878544576,0.2159431913036414,0.2074746179175553,0.8846925194414134,0.21594319130364145,0.8785445756539609,0.25861948187104883,0.10800648060613162,0.082378899,0.2418337239985095,0.1080064806061316,0.25861948187104883,line,_389-3362294-0,,1000000,119.99994404998696,0.014399986572000001,abc
572,574,_409-23100_n_sec,_406-92765_n,9.341202389061925,2.2960349541805707,2.205992103609023,9.406570941536817,2.296034954180571,9.341202389061923,2.7497943631528767,1.1483883944319682,0.8759008813901273,2.571318317786069,1.1483883944319682,2.7497943631528767,line,_389-153734-0,,1000000,119.99994404998696,0.014399986572000001,abc
571,575,_409-23100_n,_500-15224_n,0.000196924,8.142178531666233e-06,8.142178531666233e-06,0.000196924,8.142178531666233e-06,0.000196924,0.000136649,6.671761321582408e-05,6.787427153113187e-05,0.000136649,6.671761321582408e-05,0.000136649,line,_389-150172-3,,1000000,7621.023553,58.08,abc
570,576,_409-23066_n,_409-23066_n_sec,0,0,0,0,0,0,0.40800038046035486,0,0,0.40800038046035486,0,0.40800038046035486,transformer,____ave01090_tnk,,1000000,119.99994404998696,0.014399986572000001,c
576,577,_409-23066_n_sec,_406-92212_n,24.87323984394893,7.165262246398712,0,24.87323984394893,0,0,10.12147142459155,7.741504944647805,0,10.12147142459155,0,0,line,_389-152712-0,,1000000,119.99994404998696,0.014399986572000001,ab
576,578,_409-23066_n_sec,_500-3220070_n,20.773724521150896,5.984310245160971,0,20.773724521150896,0,0,8.453287969010477,6.465578754846633,0,8.453287969010477,0,0,line,_389-152670-2,,1000000,119.99994404998696,0.014399986572000001,ab
578,579,_500-3220070_n,_406-92204_n,3.219827659780959,0.9275393843054759,0,3.219827659780959,0,0,1.3102190890709673,1.002133694906337,0,1.3102190890709673,0,0,line,_389-3350181-0,,1000000,119.99994404998696,0.014399986572000001,ab
578,580,_500-3220070_n,_406-92233_n,2.972148609028578,0.8561902008973624,0,2.972148609028578,0,0,1.2094330052962776,0.9250464876058497,0,1.2094330052962776,0,0,line,_389-3350180-0,,1000000,119.99994404998696,0.014399986572000001,ab
576,581,_409-23066_n_sec,_406-92205_n,18.27985269978209,5.265897777741345,0,18.27985269978209,0,0,7.438476366865324,5.689390322717586,0,7.438476366865324,0,0,line,_389-152705-0,,1000000,119.99994404998696,0.014399986572000001,ab
576,582,_409-23066_n_sec,_406-2306746_n,0.8369843784045995,0.24111103358603883,0,0.8369843784045995,0,0,0.34058745551446895,0.2605015970844059,0,0.34058745551446895,0,0,line,_389-3362293-0,,1000000,119.99994404998696,0.014399986572000001,ab
576,583,_409-23066_n_sec,_406-92232_n,9.653789208061214,2.780977941803598,0,9.653789208061214,0,0,3.928340345746818,3.004628965010954,0,3.928340345746818,0,0,line,_389-152669-0,,1000000,119.99994404998696,0.014399986572000001,ab
576,584,_409-23066_n_sec,_406-2360853_n,2.288896055228905,0.6593648673577389,0,2.288896055228905,0,0,0.9314024293660988,0.7123921226389877,0,0.9314024293660988,0,0,line,_389-3422127-1,,1000000,119.99994404998696,0.014399986572000001,ab
576,585,_409-23066_n_sec,_500-3087972_n,19.336047272530752,5.570156939171347,0,19.336047272530752,0,0,7.868265299,6.018118528562194,0,7.868265299,0,0,line,_389-3231742-1,,1000000,119.99994404998696,0.014399986572000001,ab
585,586,_500-3087972_n,_406-2102383_n,9.861611859841949,2.8408456474218995,0,9.861611859841949,0,0,4.012907979258913,3.0693113343550413,0,4.012907979258913,0,0,line,_389-3231742-2,,1000000,119.99994404998696,0.014399986572000001,ab
585,587,_500-3087972_n,_406-2101886_n,0.8967689768620709,0.2583332502707559,0,0.8967689768620709,0,0,0.36491513090835964,0.2791088540190063,0,0.36491513090835964,0,0,line,_389-3231743-0,,1000000,119.99994404998696,0.014399986572000001,ab
576,588,_409-23066_n_sec,_406-92203_n,15.888468761483232,4.5770091103526624,0,15.888468761483232,0,0,6.465369351109699,4.945100045,0,6.465369351109699,0,0,line,_389-152703-1,,1000000,119.99994404998696,0.014399986572000001,ab
576,589,_409-23066_n_sec,_406-92202_n,12.438043364794883,3.5830411759775633,0,12.438043364794883,0,0,5.061314942662295,3.8711955022509166,0,5.061314942662295,0,0,line,_389-152702-1,,1000000,119.99994404998696,0.014399986572000001,ab
576,590,_409-23066_n_sec,_406-92201_n,10.29718536288924,2.9663217975534097,0,10.29718536288924,0,0,4.190152471414402,3.2048784920214155,0,4.190152471414402,0,0,line,_389-152701-1,,1000000,119.99994404998696,0.014399986572000001,ab
576,591,_409-23066_n_sec,_406-92231_n,9.887233830609436,2.8482265974296355,0,9.887233830609436,0,0,4.023334125856295,3.0772858730412986,0,4.023334125856295,0,0,line,_389-152668-0,,1000000,119.99994404998696,0.014399986572000001,ab
576,592,_409-23066_n_sec,_500-3983517_n,12.86792309656051,3.706877114996243,0,12.86792309656051,0,0,5.236242513,4.004990540209234,0,5.236242513,0,0,line,_389-4081222-0,,1000000,119.99994404998696,0.014399986572000001,ab
592,593,_500-3983517_n,_406-92196_n,15.746124479441633,4.536003832531908,0,15.746124479441633,0,0,6.407446314457578,4.900797053,0,6.407446314457578,0,0,line,_389-152696-4,,1000000,119.99994404998696,0.014399986572000001,ab
592,594,_500-3983517_n,_406-2891192_n,4.629036051992785,1.3334916347309496,0,4.629036051992785,0,0,1.883657151926961,1.440733323,0,1.883657151926961,0,0,line,_389-4081223-0,,1000000,119.99994404998696,0.014399986572000001,ab
576,595,_409-23066_n_sec,_406-92230_n,9.147043563993124,2.634999153,0,9.147043563993124,0,0,3.7221343352652685,2.8469103109938647,0,3.7221343352652685,0,0,line,_389-152667-0,,1000000,119.99994404998696,0.014399986572000001,ab
545,596,_409-23060_n,_409-23060_n_sec,0,0,0,0,0,0,0.40800038046035486,0,0,0.40800038046035486,0,0.40800038046035486,transformer,__ava14550___tnk,,1000000,119.99994404998696,0.014399986572000001,b
596,597,_409-23060_n_sec,_406-92275_n,12.725578814518911,3.6658718371754886,0,12.725578814518911,0,0,5.178319476699579,3.960687547507804,0,5.178319476699579,0,0,line,_389-152748-1,,1000000,119.99994404998696,0.014399986572000001,ab
596,598,_409-23060_n_sec,_406-92276_n,13.132683461157884,3.7831469317428477,0,13.132683461157884,0,0,5.343979361524644,4.0873941066338935,0,5.343979361524644,0,0,line,_389-152749-1,,1000000,119.99994404998696,0.014399986572000001,ab
596,599,_409-23060_n_sec,_406-92277_n,13.508472365747703,3.891400865189641,0,13.508472365747703,0,0,5.496896178286243,4.204354007365668,0,5.496896178286243,0,0,line,_389-152750-1,,1000000,119.99994404998696,0.014399986572000001,ab
514,600,_500-15223_n,_409-23102_n,1.721763085399449e-11,0,0,1.721763085399449e-11,0,1.721763085399449e-11,1.721763085399449e-11,0,0,1.721763085399449e-11,0,1.721763085399449e-11,switch,_389-159696-11,CLOSED,1000000,7621.023553,58.08,abc
600,601,_409-23102_n,_409-23102_n_sec,0,0,0,0,0,0,0.40800038046035486,0,0,0.40800038046035486,0,0.40800038046035486,transformer,ave10054_____tnk,,1000000,119.99994404998696,0.014399986572000001,a
601,602,_409-23102_n_sec,_406-92303_n,7.097285902594105,2.0445231521428395,0,7.097285902594105,0,0,2.888042607474732,2.2089472160932786,0,2.888042607474732,0,0,line,_389-152776-2,,1000000,119.99994404998696,0.014399986572000001,ab
601,603,_409-23102_n_sec,_406-92311_n,5.178484980673356,1.4917720071190634,0,5.178484980673356,0,0,2.1072400734041463,1.6117428744780082,0,2.1072400734041463,0,0,line,_389-152784-0,,1000000,119.99994404998696,0.014399986572000001,ab
601,604,_409-23102_n_sec,_500-4570469_n,8.950608454775717,2.5784118693690683,0,8.950608454775717,0,0,3.642200544685341,2.7857721810658918,0,3.642200544685341,0,0,line,_389-4630047-0,,1000000,119.99994404998696,0.014399986572000001,ab
604,605,_500-4570469_n,_406-3397838_n,1.2156201686352517,0.35018507258924686,0,1.2156201686352517,0,0,0.4946627330091097,0.3783475576702086,0,0.4946627330091097,0,0,line,_389-4630048-1,,1000000,119.99994404998696,0.014399986572000001,ab
601,606,_409-23102_n_sec,_500-2816451_n,19.59796075148729,5.645606650361535,0,19.59796075148729,0,0,7.974843686263959,6.099636035132824,0,7.974843686263959,0,0,line,_389-2994705-0,,1000000,119.99994404998696,0.014399986572000001,ab
600,607,_409-23102_n,_500-15227_n,1.721763085399449e-11,0,0,1.721763085399449e-11,0,1.721763085399449e-11,1.721763085399449e-11,0,0,1.721763085399449e-11,0,1.721763085399449e-11,switch,_389-159696-5,CLOSED,1000000,7621.023553,58.08,abc
607,608,_500-15227_n,_402-1807095_sn,0.000493062,2.0386523346462017e-05,2.0386523346462017e-05,0.000493062,2.0386523346462017e-05,0.00047998,0.000342145,0.000167049,0.000169945,0.000342145,0.000167049,0.000346071,line,_389-3584718-0,,1000000,7621.023553,58.08,abc
608,609,_402-1807095_sn,_402-1807095_ln,1.7217630853994492e-05,0,0,1.7217630853994492e-05,0,1.7217630853994492e-05,1.7217630853994492e-05,0,0,1.7217630853994492e-05,0,1.7217630853994492e-05,switch,_402-1807095-0,CLOSED,1000000,7621.023553,58.08,abc
609,610,_402-1807095_ln,_409-23048_n,0.002446518,0.000101156,0.000101156,0.002446518,0.000101156,0.002381606,0.001697685,0.000828877,0.000843247,0.001697685,0.000828877,0.001717165,line,_389-3584717-8,,1000000,7621.023553,58.08,abc
610,611,_409-23048_n,_409-23123_n,0.002594587,0.000107278,0.000107278,0.002594587,0.000107278,0.002525746,0.001800433,0.000879043,0.000894282,0.001800433,0.000879043,0.001821092,line,_389-3584717-3,,1000000,7621.023553,58.08,abc
611,612,_409-23123_n,_409-23018_n,0.001180041,4.8790917155404526e-05,4.8790917155404526e-05,0.001180041,4.8790917155404526e-05,0.001148732,0.000818853,0.000399796,0.000406728,0.000818853,0.000399796,0.000828249,line,_389-3584717-5,,1000000,7621.023553,58.08,abc
612,613,_409-23018_n,_500-15226_n,0.000196924,8.142178531666233e-06,8.142178531666233e-06,0.000196924,8.142178531666233e-06,0.000191699,0.000136649,6.671761321582408e-05,6.787427153113187e-05,0.000136649,6.671761321582408e-05,0.000138217,line,_389-3584717-6,,1000000,7621.023553,58.08,abc
612,614,_409-23018_n,_409-23018_n_sec,0,0,0,0,0,0,0.40800038046035486,0,0,0.40800038046035486,0,0.40800038046035486,transformer,ava25490_____tnk,,1000000,119.99994404998696,0.014399986572000001,a
614,615,_409-23018_n_sec,_406-92314_n,6.439655319561918,1.8550787686109518,0,6.439655319561918,0,0,2.6204381781419346,2.004267389812674,0,2.6204381781419346,0,0,line,_389-3079234-0,,1000000,119.99994404998696,0.014399986572000001,ab
611,616,_409-23123_n,_409-23123_n_sec,0,0,0,0,0,0,0.40800038046035486,0,0,0.40800038046035486,0,0.40800038046035486,transformer,avc10037_____tnk,,1000000,119.99994404998696,0.014399986572000001,a
616,617,_409-23123_n_sec,_406-92302_n,12.011010518670085,3.4600253425152983,0,12.011010518670085,0,0,4.887545832705934,3.738286524146628,0,4.887545832705934,0,0,line,_389-152775-0,,1000000,119.99994404998696,0.014399986572000001,ab
616,618,_409-23123_n_sec,_406-2306745_n,0.882534549,0.2542327224886804,0,0.882534549,0,0,0.35912282724314754,0.2746785547488634,0,0.35912282724314754,0,0,line,_389-3362292-0,,1000000,119.99994404998696,0.014399986572000001,ab
616,619,_409-23123_n_sec,_406-92316_n,13.924117669309172,4.011136276426245,0,13.924117669309172,0,0,5.666031445310434,4.333718746053842,0,5.666031445310434,0,0,line,_389-455075-0,,1000000,119.99994404998696,0.014399986572000001,ab
616,620,_409-23123_n_sec,_406-92301_n,13.095673947827068,3.7724855595094513,0,13.095673947827068,0,0,5.328919371995093,4.075875328531522,0,5.328919371995093,0,0,line,_389-152774-0,,1000000,119.99994404998696,0.014399986572000001,ab
616,621,_409-23123_n_sec,_406-92315_n,16.454999004008794,4.7402101160792665,0,16.454999004008794,0,0,6.695903036985138,5.121425956285259,0,6.695903036985138,0,0,line,_389-3079233-1,,1000000,119.99994404998696,0.014399986572000001,ab
616,622,_409-23123_n_sec,_406-92299_n,2.1465517731873063,0.61835959,0,2.1465517731873063,0,0,0.8734793927139783,0.6680891299375581,0,0.8734793927139783,0,0,line,_389-152772-0,,1000000,119.99994404998696,0.014399986572000001,ab
616,623,_409-23123_n_sec,_406-92317_n,16.98451973320354,4.892749749572475,0,16.98451973320354,0,0,6.911376733331027,5.286233089134578,0,6.911376733331027,0,0,line,_389-455074-0,,1000000,119.99994404998696,0.014399986572000001,ab
610,624,_409-23048_n,_409-23048_n_sec,0,0,0,0,0,0,0.40800038046035486,0,0,0.40800038046035486,0,0.40800038046035486,transformer,ava21375_____tnk,,1000000,119.99994404998696,0.014399986572000001,a
624,625,_409-23048_n_sec,_406-2901811_n,1.2241608255577476,0.35264538925849215,0,1.2241608255577476,0,0,0.4981381152082369,0.38100573723229436,0,0.4981381152082369,0,0,line,_389-4059938-0,,1000000,119.99994404998696,0.014399986572000001,ab
624,626,_409-23048_n_sec,_406-92297_n,7.202620671304887,2.074867057730198,0,7.202620671304887,0,0,2.930905654597301,2.2417314306923366,0,2.930905654597301,0,0,line,_389-152770-0,,1000000,119.99994404998696,0.014399986572000001,ab
624,627,_409-23048_n_sec,_406-92300_n,13.645122876507637,3.930765931897565,0,13.645122876507637,0,0,5.552502293472278,4.2468848803590395,0,5.552502293472278,0,0,line,_389-152773-0,,1000000,119.99994404998696,0.014399986572000001,ab
624,628,_409-23048_n_sec,_406-92298_n,7.789079113316274,2.2438088023517087,0,7.789079113316274,0,0,3.169548565604038,2.4242597606222267,0,3.169548565604038,0,0,line,_389-152771-1,,1000000,119.99994404998696,0.014399986572000001,ab
607,629,_500-15227_n,_389-150151-0_n,1.721763085399449e-11,0,0,1.721763085399449e-11,0,1.721763085399449e-11,1.721763085399449e-11,0,0,1.721763085399449e-11,0,1.721763085399449e-11,switch,_389-150151-0,CLOSED,1000000,7621.023553,58.08,abc
629,630,_389-150151-0_n,_390-8027_ln,1.7217630853994492e-05,0,0,1.7217630853994492e-05,0,1.7217630853994492e-05,1.7217630853994492e-05,0,0,1.7217630853994492e-05,0,1.7217630853994492e-05,switch,_390-8027-0,CLOSED,1000000,7621.023553,58.08,abc
607,631,_500-15227_n,_402-37852_sn,0.000448716,1.8552979325972294e-05,1.8552979325972294e-05,0.000448716,1.8552979325972294e-05,0.000448716,0.000311373,0.000152024,0.00015466,0.000311373,0.000152024,0.000311373,line,_389-155521-0,,1000000,7621.023553,58.08,abc
631,632,_402-37852_sn,_402-37852_ln,1.7217630853994492e-05,0,0,1.7217630853994492e-05,0,1.7217630853994492e-05,1.7217630853994492e-05,0,0,1.7217630853994492e-05,0,1.7217630853994492e-05,switch,_402-37852-0,CLOSED,1000000,7621.023553,58.08,abc
632,633,_402-37852_ln,_409-23044_n,0.00354839,0.000146715,0.000146715,0.00354839,0.000146715,0.00354839,0.002462296,0.00120219,0.001223032,0.002462296,0.00120219,0.002462296,line,_389-3584754-1,,1000000,7621.023553,58.08,abc
633,634,_409-23044_n,_403-1545214_sn,0.003193626,0.000132046,0.000132046,0.003193626,0.000132046,0.003193626,0.002216118,0.001081997,0.001100755,0.002216118,0.001081997,0.002216118,line,_389-3584754-3,,1000000,7621.023553,58.08,abc
634,635,_403-1545214_sn,_403-1545214_ln,1.7217630853994492e-05,0,0,1.7217630853994492e-05,0,1.7217630853994492e-05,1.7217630853994492e-05,0,0,1.7217630853994492e-05,0,1.7217630853994492e-05,switch,_403-1545214-0,CLOSED,1000000,7621.023553,58.08,abc
635,636,_403-1545214_ln,_409-1487587_n,0.000596033,2.464407471607375e-05,2.464407471607375e-05,0.000596033,2.464407471607375e-05,0.000596033,0.000413599,0.000201935,0.000205436,0.000413599,0.000201935,0.000413599,line,_389-3584755-1,,1000000,7621.023553,58.08,abc
636,637,_409-1487587_n,_409-1487587_n_sec,0,0,0,0,0,0,0.40800038046035486,0,0,0.40800038046035486,0,0.40800038046035486,transformer,ave09929_ave11385_ave09917_tnk,,1000000,119.99994404998696,0.014399986572000001,abc
637,638,_409-1487587_n_sec,_406-2030483_n,13.453240099391166,3.3067594757774867,3.177079372775855,13.547384171510204,3.306759475777487,13.453240099391165,3.9602657399614603,1.6539139346491658,1.2614762393337982,3.703223767172064,1.6539139346491656,3.9602657399614603,line,_389-3584758-0,,1000000,119.99994404998696,0.014399986572000001,abc
637,639,_409-1487587_n_sec,_406-92310_n,7.7918202620300185,1.9152022334150434,1.8400943748854106,7.846346434406912,1.9152022334150436,7.791820262030018,2.2936986634953085,0.9579105117016657,0.7306192448133995,2.144825616037899,0.9579105117016655,2.2936986634953085,line,_389-3584760-0,,1000000,119.99994404998696,0.014399986572000001,abc
637,640,_409-1487587_n_sec,_406-92309_n,6.509089044541647,1.5999113758247425,1.5371681755616957,6.554638826149001,1.599911375824743,6.509089044541646,1.9160976947570678,0.800214149,0.6103407884446229,1.7917329263659536,0.8002141486441507,1.9160976947570678,line,_389-3584759-0,,1000000,119.99994404998696,0.014399986572000001,abc
637,641,_409-1487587_n_sec,_406-92694_n,11.401431521745652,2.802432086502848,2.692530025498753,11.481217297032016,2.8024320865028485,11.40143152174565,3.356269442045368,1.4016687674827688,1.0690833474178776,3.1384299900381647,1.4016687674827686,3.356269442045368,line,_389-3584756-0,,1000000,119.99994404998696,0.014399986572000001,abc
637,642,_409-1487587_n_sec,_500-3458842_n,10.848481740902745,2.6665189597079038,2.5619469592694926,10.924398043581668,2.6665189597079046,10.848481740902743,3.1934961579284464,1.3336902477402515,1.017234647407705,2.9862215439432562,1.3336902477402512,3.1934961579284464,line,_389-3584761-0,,1000000,119.99994404998696,0.014399986572000001,abc
637,643,_409-1487587_n_sec,_406-2711374_n,5.804569273010836,1.4267428741723018,1.3707907663051262,5.845188914,1.426742874172302,5.804569273010835,1.708706353064949,0.7136019229823649,0.5442797544215094,1.5978023681435067,0.7136019229823648,1.708706353064949,line,_389-3833875-1,,1000000,119.99994404998696,0.014399986572000001,abc
637,644,_409-1487587_n_sec,_406-92307_n,12.162088326864577,2.989398875139547,2.872164598839512,12.247197082235283,2.9893988751395475,12.162088326864575,3.5801859902468194,1.495182365707247,1.1404082088531915,3.347813182381922,1.4951823657072467,3.5801859902468194,line,_389-3584757-0,,1000000,119.99994404998696,0.014399986572000001,abc
636,645,_409-1487587_n,_403-1545213_sn,0.00026006,1.0752647984566859e-05,1.0752647984566859e-05,0.00026006,1.0752647984566859e-05,0.00026006,0.000180461,8.810799302547762e-05,8.963548835790699e-05,0.000180461,8.810799302547762e-05,0.000180461,line,_389-3584755-2,,1000000,7621.023553,58.08,abc
645,646,_403-1545213_sn,_403-1545213_ln,0,0,0,0,0,1.7217630853994492e-05,0,0,0,0,0,1.7217630853994492e-05,switch,_403-1545213-0,CLOSED,1000000,7621.023553,58.08,c
646,647,_403-1545213_ln,_409-23083_n,0,0,0,0,0,0.002487105,0,0,0,0,0,0.00172585,line,_389-3584715-6,,1000000,7621.023553,58.08,c
647,648,_409-23083_n,_409-23083_n_sec,0,0,0,0,0,0,0.40800038046035486,0,0,0.40800038046035486,0,0.40800038046035486,transformer,____ave09416_tnk,,1000000,119.99994404998696,0.014399986572000001,c
648,649,_409-23083_n_sec,_406-92381_n,4.150759264333014,1.1957139012532132,0,4.150759264333014,0,0,1.689035748775836,1.2918752671736866,0,1.689035748775836,0,0,line,_389-153126-1,,1000000,119.99994404998696,0.014399986572000001,ab
648,650,_409-23083_n_sec,_500-2984550_n,7.404749551803958,2.1330945522356703,0,7.404749551803958,0,0,3.013156366643312,2.304641680328367,0,3.013156366643312,0,0,line,_389-3146597-10,,1000000,119.99994404998696,0.014399986572000001,ab
650,651,_500-2984550_n,_406-92360_n,1.5060025040001126,0.4338358393435869,0,1.5060025040001126,0,0,0.6128257277794356,0.468725663,0,0.6128257277794356,0,0,line,_389-3146600-1,,1000000,119.99994404998696,0.014399986572000001,ab
650,652,_500-2984550_n,_500-2984511_n,1.3351893655501943,0.384629506,0,1.3351893655501943,0,0,0.543318084,0.41556207153940944,0,0.543318084,0,0,line,_389-3146597-7,,1000000,119.99994404998696,0.014399986572000001,ab
652,653,_500-2984511_n,_406-1965846_n,2.624828560847077,0.7561373230147205,0,2.624828560847077,0,0,1.0681007958651034,0.8169471854143615,0,1.0681007958651034,0,0,line,_389-3146599-1,,1000000,119.99994404998696,0.014399986572000001,ab
650,654,_500-2984550_n,_500-2984552_n,7.5072374348739075,2.162618352266614,0,7.5072374348739075,0,0,3.0548609530328386,2.336539835073396,0,3.0548609530328386,0,0,line,_389-3146603-2,,1000000,119.99994404998696,0.014399986572000001,ab
654,655,_500-2984552_n,_406-91618_n,2.4995655926504705,0.7200526785324561,0,2.4995655926504705,0,0,1.0171285236112373,0.7779605518371033,0,1.0171285236112373,0,0,line,_389-3335735-0,,1000000,119.99994404998696,0.014399986572000001,ab
654,656,_500-2984552_n,_406-2259716_n,2.189255057799786,0.6306611728832104,0,2.189255057799786,0,0,0.8908563037096144,0.681380028,0,0.8908563037096144,0,0,line,_389-3308513-1,,1000000,119.99994404998696,0.014399986572000001,ab
648,657,_409-23083_n_sec,_406-92247_n,5.568508313467335,1.6041264683479317,0,5.568508313467335,0,0,2.265949193830957,1.7331330744799252,0,2.265949193830957,0,0,line,_389-151696-1,,1000000,119.99994404998696,0.014399986572000001,ab
647,658,_409-23083_n,_403-1545212_sn,0,0,0,0,0,0.000195421,0,0,0,0,0,0.000135606,line,_389-3584715-1,,1000000,7621.023553,58.08,c
658,659,_403-1545212_sn,_403-1545212_ln,0,0,0,0,0,1.7217630853994492e-05,0,0,0,0,0,1.7217630853994492e-05,switch,_403-1545212-0,CLOSED,1000000,7621.023553,58.08,c
659,660,_403-1545212_ln,_409-1033379_n,0,0,0,0,0,0.00300046,0,0,0,0,0,0.002082077,line,_389-150183-27,,1000000,7621.023553,58.08,c
660,661,_409-1033379_n,_409-1374934_n,0,0,0,0,0,0.002019598,0,0,0,0,0,0.001401438,line,_389-150183-24,,1000000,7621.023553,58.08,c
661,662,_409-1374934_n,_409-1374934_n_sec,0,0,0,0,0,0,0.40800038046035486,0,0,0.40800038046035486,0,0.40800038046035486,transformer,____ave06289_tnk,,1000000,119.99994404998696,0.014399986572000001,c
662,663,_409-1374934_n_sec,_406-92200_n,6.755659625694268,1.946110485373028,0,6.755659625694268,0,0,2.7490273195096426,2.1026200336098477,0,2.7490273195096426,0,0,line,_389-3332251-0,,1000000,119.99994404998696,0.014399986572000001,ab
662,664,_409-1374934_n_sec,_406-92180_n,8.429628382503468,2.428332552545106,0,8.429628382503468,0,0,3.430202231,2.6236232277786597,0,3.430202231,0,0,line,_389-3332254-0,,1000000,119.99994404998696,0.014399986572000001,ab
662,665,_409-1374934_n_sec,_406-92181_n,10.265869620840087,2.957300636432844,0,10.265869620840087,0,0,4.177409403350936,3.1951318336271015,0,4.177409403350936,0,0,line,_389-3332253-0,,1000000,119.99994404998696,0.014399986572000001,ab
662,666,_409-1374934_n_sec,_406-92182_n,10.021037455728539,2.8867715585811453,0,10.021037455728539,0,0,4.077781780309288,3.1189306861806427,0,4.077781780309288,0,0,line,_389-3332252-0,,1000000,119.99994404998696,0.014399986572000001,ab
661,667,_409-1374934_n,_409-23023_n,0,0,0,0,0,0.006605222,0,0,0,0,0,0.00458349,line,_389-150183-25,,1000000,7621.023553,58.08,c
667,668,_409-23023_n,_409-23023_n_sec,0,0,0,0,0,0,0.40800038046035486,0,0,0.40800038046035486,0,0.40800038046035486,transformer,____ave09389_tnk,,1000000,119.99994404998696,0.014399986572000001,c
668,669,_409-23023_n_sec,_406-92186_n,13.790314044190067,3.9725913152747347,0,13.790314044190067,0,0,5.611583791,4.292073932914497,0,5.611583791,0,0,line,_389-152686-1,,1000000,119.99994404998696,0.014399986572000001,ab
668,670,_409-23023_n_sec,_406-92185_n,11.709240640741896,3.3730941535352987,0,11.709240640741896,0,0,4.764748995003439,3.6443641796195974,0,4.764748995003439,0,0,line,_389-152685-1,,1000000,119.99994404998696,0.014399986572000001,ab
668,671,_409-23023_n_sec,_500-2970209_n,18.05210184851553,5.200289333228137,0,18.05210184851553,0,0,7.345799508221931,5.618505534395299,0,7.345799508221931,0,0,line,_389-152690-4,,1000000,119.99994404998696,0.014399986572000001,ab
671,672,_500-2970209_n,_406-92190_n,0.7601184661021363,0.21896818356283118,0,0.7601184661021363,0,0,0.30930901572232383,0.23657798102563396,0,0.30930901572232383,0,0,line,_389-152690-5,,1000000,119.99994404998696,0.014399986572000001,ab
671,673,_500-2970209_n,_406-92189_n,1.839088123977453,0.5297881894441533,0,1.839088123977453,0,0,0.7483656335453978,0.5723946657024701,0,0.7483656335453978,0,0,line,_389-3133617-0,,1000000,119.99994404998696,0.014399986572000001,ab
668,674,_409-23023_n_sec,_406-92184_n,9.275153417830563,2.6719039028003895,0,9.275153417830563,0,0,3.7742650682521766,2.8867830044251512,0,3.7742650682521766,0,0,line,_389-1258251-1,,1000000,119.99994404998696,0.014399986572000001,ab
668,675,_409-23023_n_sec,_406-92191_n,13.02734869,3.752803026155489,0,13.02734869,0,0,5.3011163144020745,4.0546098920348355,0,5.3011163144020745,0,0,line,_389-152691-1,,1000000,119.99994404998696,0.014399986572000001,ab
668,676,_409-23023_n_sec,_406-92193_n,10.391132589036696,2.993385280915108,0,10.391132589036696,0,0,4.228381675604802,3.2341184672043592,0,4.228381675604802,0,0,line,_389-152693-1,,1000000,119.99994404998696,0.014399986572000001,ab
668,677,_409-23023_n_sec,_406-92194_n,9.770511519335324,2.8146022696166164,0,9.770511519335324,0,0,3.975837235801556,3.040957419026126,0,3.975837235801556,0,0,line,_389-152694-1,,1000000,119.99994404998696,0.014399986572000001,ab
668,678,_409-23023_n_sec,_406-92187_n,18.854923599230144,5.431559100137195,0,18.854923599230144,0,0,7.672485435,5.868374413231362,0,7.672485435,0,0,line,_389-152687-1,,1000000,119.99994404998696,0.014399986572000001,ab
668,679,_409-23023_n_sec,_406-1855059_n,8.281590329180204,2.3856870636115204,0,8.281590329180204,0,0,3.3699622724203744,2.5775481153691726,0,3.3699622724203744,0,0,line,_389-2933041-2,,1000000,119.99994404998696,0.014399986572000001,ab
668,680,_409-23023_n_sec,_406-92192_n,8.281590329180204,2.3856870636115204,0,8.281590329180204,0,0,3.3699622724203744,2.5775481153691726,0,3.3699622724203744,0,0,line,_389-152692-1,,1000000,119.99994404998696,0.014399986572000001,ab
668,681,_409-23023_n_sec,_406-769000_n,3.729420189489882,1.0743382789037785,0,3.729420189489882,0,0,1.517583560285559,1.160738408777455,0,1.517583560285559,0,0,line,_389-1294454-2,,1000000,119.99994404998696,0.014399986572000001,ab
668,682,_409-23023_n_sec,_406-92188_n,15.370335574851811,4.427749899085114,0,15.370335574851811,0,0,6.254529497695979,4.783837151900365,0,6.254529497695979,0,0,line,_389-152688-1,,1000000,119.99994404998696,0.014399986572000001,ab
667,683,_409-23023_n,_500-15228_n,0,0,0,0,0,0.006115918,0,0,0,0,0,0.004243953,line,_389-150183-17,,1000000,7621.023553,58.08,c
683,684,_500-15228_n,_402-126809_sn,0,0,0,0,0,5.653429194150334e-05,0,0,0,0,0,0.000299682,line,_394-247275-0,,1000000,7621.023553,58.08,c
684,685,_402-126809_sn,_402-126809_ln,0,0,0,0,0,1.7217630853994492e-05,0,0,0,0,0,1.7217630853994492e-05,switch,_402-126809-0,CLOSED,1000000,7621.023553,58.08,c
685,686,_402-126809_ln,_500-15229_n,0,0,0,0,0,2.826714597075167e-05,0,0,0,0,0,0.000149841,line,_394-247276-0,,1000000,7621.023553,58.08,c
686,687,_500-15229_n,_395-219035_sn,0,0,0,0,0,0.010173929512705448,0,0,0,0,0,0.005068662,line,_411-199169-1,,1000000,7621.023553,58.08,c
687,688,_395-219035_sn,_391-33215_n,0,0,0,0,0,1.7217630853994492e-05,0,0,0,0,0,1.7217630853994492e-05,switch,_395-219035-0_c,CLOSED,1000000,7621.023553,58.08,c
688,689,_391-33215_n,_391-33215_ln,0,0,0,0,0,0,0.40800038046035486,0,0,0.40800038046035486,0,0.40800038046035486,transformer,____ava21975_tnk,,1000000,119.99994404998696,0.014399986572000001,c
689,690,_391-33215_ln,_406-2739476_n,19.17662167664416,5.524231028012101,0,19.17662167664416,0,0,7.803391497773683,5.968499176736593,0,7.803391497773683,0,0,line,_389-3879074-1,,1000000,119.99994404998696,0.014399986572000001,ab
689,691,_391-33215_ln,_406-92234_n,4.7827678765977115,1.3777773347773647,0,4.7827678765977115,0,0,1.9462140315112513,1.4885805547680337,0,1.9462140315112513,0,0,line,_389-152671-0,,1000000,119.99994404998696,0.014399986572000001,ab
660,692,_409-1033379_n,_409-1033379_n_sec,0,0,0,0,0,0,0.40800038046035486,0,0,0.40800038046035486,0,0.40800038046035486,transformer,____sc9539_tnk,,1000000,119.99994404998696,0.014399986572000001,c
692,693,_409-1033379_n_sec,_406-1797411_n,8.105083419448622,2.334840519113784,0,8.105083419448622,0,0,3.2981377069717452,2.5226124044194003,0,3.2981377069717452,0,0,line,_389-2841670-6,,1000000,119.99994404998696,0.014399986572000001,ab
692,694,_409-1033379_n_sec,_406-1797412_n,6.855300623123386,1.9748141798475563,0,6.855300623123386,0,0,2.789573445166127,2.1336321285008486,0,2.789573445166127,0,0,line,_389-2841668-4,,1000000,119.99994404998696,0.014399986572000001,ab
692,695,_409-1033379_n_sec,_406-92179_n,7.769150913830448,2.238068063456802,0,7.769150913830448,0,0,3.1614393404727408,2.4180573416440265,0,3.1614393404727408,0,0,line,_389-3146629-2,,1000000,119.99994404998696,0.014399986572000001,ab
633,696,_409-23044_n,_409-23044_n_sec,0,0,0,0,0,0,0.40800038046035486,0,0,0.40800038046035486,0,0.40800038046035486,transformer,ave08775_____tnk,,1000000,119.99994404998696,0.014399986572000001,a
696,697,_409-23044_n_sec,_406-92312_n,10.687208695683218,3.078676258782278,0,10.687208695683218,0,0,4.348861591841213,3.3262686920233326,0,4.348861591841213,0,0,line,_389-152977-1,,1000000,119.99994404998696,0.014399986572000001,ab
696,698,_409-23044_n_sec,_500-3243138_n,0.4611954738147793,0.13285710013924587,0,0.4611954738147793,0,0,0.18767063875287066,0.1435416963526318,0,0.18767063875287066,0,0,line,_389-3370581-0,,1000000,119.99994404998696,0.014399986572000001,ab
696,699,_409-23044_n_sec,_500-3458844_n,4.999131185300941,1.4401053570649123,0,4.999131185300941,0,0,2.0342570472224746,1.5559211036742067,0,2.0342570472224746,0,0,line,_389-3584765-0,,1000000,119.99994404998696,0.014399986572000001,ab
699,700,_500-3458844_n,_406-92304_n,5.241116464771658,1.5098143293601956,0,5.241116464771658,0,0,2.1327262095310795,1.631236191266637,0,2.1327262095310795,0,0,line,_389-3584766-0,,1000000,119.99994404998696,0.014399986572000001,ab
696,701,_409-23044_n_sec,_500-3458845_n,1.7878441824424778,0.5150262894286816,0,1.7878441824424778,0,0,0.7275133403506343,0.5564455883299555,0,0.7275133403506343,0,0,line,_389-3584767-0,,1000000,119.99994404998696,0.014399986572000001,ab
701,702,_500-3458845_n,_406-2525652_n,2.8269574413461473,0.8143648175201924,0,2.8269574413461473,0,0,1.1503515079111144,0.8798574350503915,0,1.1503515079111144,0,0,line,_389-3616597-1,,1000000,119.99994404998696,0.014399986572000001,ab
696,703,_409-23044_n_sec,_500-3458843_n,6.539296316991037,1.8837824630854803,0,6.539296316991037,0,0,2.660984303798419,2.0352794847036746,0,2.660984303798419,0,0,line,_389-3584762-0,,1000000,119.99994404998696,0.014399986572000001,ab
703,704,_500-3458843_n,_406-92306_n,7.883026339463727,2.2708722857134065,0,7.883026339463727,0,0,3.2077777697944367,2.453499736,0,3.2077777697944367,0,0,line,_389-3584764-0,,1000000,119.99994404998696,0.014399986572000001,ab
703,705,_500-3458843_n,_406-92313_n,9.366253758337185,2.6981472806056725,0,9.366253758337185,0,0,3.8113358117095335,2.9151369197540666,0,3.8113358117095335,0,0,line,_389-3584763-0,,1000000,119.99994404998696,0.014399986572000001,ab
513,706,_500-3137441_n,_402-1616327_sn,1.721763085399449e-11,0,0,1.721763085399449e-11,0,1.721763085399449e-11,1.721763085399449e-11,0,0,1.721763085399449e-11,0,1.721763085399449e-11,switch,_394-2659546-1,CLOSED,1000000,7621.023553,58.08,abc
706,707,_402-1616327_sn,_402-1616327_ln,1.7217630853994492e-05,0,0,1.7217630853994492e-05,0,1.7217630853994492e-05,1.7217630853994492e-05,0,0,1.7217630853994492e-05,0,1.7217630853994492e-05,switch,_402-1616327-0,CLOSED,1000000,7621.023553,58.08,abc
707,708,_402-1616327_ln,_500-3137445_n,0,0,0,2.826714597075167e-05,0,0,0,0,0,0.000149841,0,0,line,_394-2659549-0,,1000000,7621.023553,58.08,b
708,709,_500-3137445_n,_395-2277693_sn,0,0,0,0.004040952,0,0,0,0,0,0.002013206,0,0,line,_411-2286625-0,,1000000,7621.023553,58.08,b
709,710,_395-2277693_sn,_391-1850027_n,0,0,0,1.7217630853994492e-05,0,0,0,0,0,1.7217630853994492e-05,0,0,switch,_395-2277693-0_b,CLOSED,1000000,7621.023553,58.08,b
711,710,_395-2277692_sn,_391-1850027_n,1.7217630853994492e-05,0,0,0,0,0,1.7217630853994492e-05,0,0,0,0,0,switch,_395-2277692-0_a,CLOSED,1000000,7621.023553,58.08,a
715,710,_395-2277694_sn,_391-1850027_n,0,0,0,0,0,1.7217630853994492e-05,0,0,0,0,0,1.7217630853994492e-05,switch,_395-2277694-0_c,CLOSED,1000000,7621.023553,58.08,c
712,711,_500-3137443_n,_395-2277692_sn,0.004131751,0,0,0,0,0,0.002058443,0,0,0,0,0,line,_411-2286624-0,,1000000,7621.023553,58.08,a
707,712,_402-1616327_ln,_500-3137443_n,2.826714597075167e-05,0,0,0,0,0,0.000149841,0,0,0,0,0,line,_394-2659547-0,,1000000,7621.023553,58.08,a
710,713,_391-1850027_n,_391-1850027_ln,0,0,0,0,0,0,0.40800038046035486,0,0,0.40800038046035486,0,0.40800038046035486,transformer,ave30240_tnk,,1000000,119.99994404998696,0.014399986572000001,abc
713,714,_391-1850027_ln,_406-2232195_n,2.1725031998599547,0.5339937062907938,0.5130522500581082,2.187706102388671,0.5339937062907939,2.1725031998599547,0.639525492,0.2670831181761849,0.203710121,0.5980169404947168,0.26708311817618485,0.639525492,line,_389-3275521-1,,1000000,119.99994404998696,0.014399986572000001,abc
716,715,_500-3137447_n,_395-2277694_sn,0,0,0,0,0,0.004184779,0,0,0,0,0,0.002084861,line,_411-2286626-0,,1000000,7621.023553,58.08,c
707,716,_402-1616327_ln,_500-3137447_n,0,0,0,0,0,2.826714597075167e-05,0,0,0,0,0,0.000149841,line,_394-2659551-0,,1000000,7621.023553,58.08,c
512,717,_500-15213_n,_402-36889_sn,0,0,0,1.721763085399449e-11,0,0,0,0,0,1.721763085399449e-11,0,0,switch,_389-150227-0,CLOSED,1000000,7621.023553,58.08,b
717,718,_402-36889_sn,_402-36889_ln,0,0,0,1.7217630853994492e-05,0,0,0,0,0,1.7217630853994492e-05,0,0,switch,_402-36889-0,CLOSED,1000000,7621.023553,58.08,b
718,719,_402-36889_ln,_409-23014_n,0,0,0,0.002250345,0,0,0,0,0,0.001561558,0,0,line,_389-150196-0,,1000000,7621.023553,58.08,b
719,720,_409-23014_n,_409-23014_n_sec,0,0,0,0,0,0,0.40800038046035486,0,0,0.40800038046035486,0,0.40800038046035486,transformer,__se6671___tnk,,1000000,119.99994404998696,0.014399986572000001,b
720,721,_409-23014_n_sec,_406-92261_n,11.327757964870413,3.2632000089756747,0,11.327757964870413,0,0,4.6095152567757545,3.525632159179766,0,4.6095152567757545,0,0,line,_389-152734-0,,1000000,119.99994404998696,0.014399986572000001,ab
720,722,_409-23014_n_sec,_500-3097377_n,6.744272083,1.9428300631473674,0,6.744272083,0,0,2.7443934765774727,2.0990757941937335,0,2.7443934765774727,0,0,line,_389-152739-1,,1000000,119.99994404998696,0.014399986572000001,ab
722,723,_500-3097377_n,_406-92266_n,2.5621970767487743,0.7380950007735883,0,2.5621970767487743,0,0,1.0426146597381702,0.7974538686257325,0,1.0426146597381702,0,0,line,_389-3240161-0,,1000000,119.99994404998696,0.014399986572000001,ab
722,724,_500-3097377_n,_406-92260_n,6.135038555992898,1.7673274740745364,0,6.135038555992898,0,0,2.496482879706397,1.9094589854316149,0,2.496482879706397,0,0,line,_389-3240162-0,,1000000,119.99994404998696,0.014399986572000001,ab
720,725,_409-23014_n_sec,_406-92271_n,8.970536654261542,2.5841526082639743,0,8.970536654261542,0,0,3.650309769816639,2.7919746000440924,0,3.650309769816639,0,0,line,_389-152744-1,,1000000,119.99994404998696,0.014399986572000001,ab
720,726,_409-23014_n_sec,_500-4530134_n,12.73981324272307,3.6699723649575637,0,12.73981324272307,0,0,5.184111780364791,3.9651178467779475,0,5.184111780364791,0,0,line,_389-4594214-0,,1000000,119.99994404998696,0.014399986572000001,ab
726,727,_500-4530134_n,_406-3408325_n,2.926598438775266,0.8430685119947209,0,2.926598438775266,0,0,1.190897633567599,0.9108695299413921,0,1.190897633567599,0,0,line,_389-4594215-1,,1000000,119.99994404998696,0.014399986572000001,ab
720,728,_409-23014_n_sec,_406-92267_n,2.4483216511154953,0.7052907785169843,0,2.4483216511154953,0,0,0.9962762304164738,0.7620114744645887,0,0.9962762304164738,0,0,line,_389-152740-0,,1000000,119.99994404998696,0.014399986572000001,ab
720,729,_409-23014_n_sec,_500-3441489_n,10.08366893982684,2.904813880822277,0,10.08366893982684,0,0,4.103267916436221,3.138424002969271,0,4.103267916436221,0,0,line,_389-152736-4,,1000000,119.99994404998696,0.014399986572000001,ab
729,730,_500-3441489_n,_406-2292992_n,2.274661627024745,0.6552643395756634,0,2.274661627024745,0,0,0.9256101257008867,0.7079618233688447,0,0.9256101257008867,0,0,line,_389-3567394-0,,1000000,119.99994404998696,0.014399986572000001,ab
720,731,_409-23014_n_sec,_406-92262_n,13.642275990866805,3.929945826,0,13.642275990866805,0,0,5.551343832739236,4.245998820505011,0,5.551343832739236,0,0,line,_389-152735-1,,1000000,119.99994404998696,0.014399986572000001,ab
720,732,_409-23014_n_sec,_406-3360933_n,4.184921892022998,1.2055551679301941,0,4.184921892022998,0,0,1.7029372775723448,1.3025079854220296,0,1.7029372775723448,0,0,line,_389-4595121-0,,1000000,119.99994404998696,0.014399986572000001,ab
719,733,_409-23014_n,_500-15212_n,0,0,0,0.000196924,0,0,0,0,0,0.000136649,0,0,line,_389-150196-1,,1000000,7621.023553,58.08,b
733,734,_500-15212_n,_402-708672_sn,0,0,0,5.653429194150334e-05,0,0,0,0,0,0.000299682,0,0,line,_394-1294235-1,,1000000,7621.023553,58.08,b
734,735,_402-708672_sn,_402-708672_ln,0,0,0,1.7217630853994492e-05,0,0,0,0,0,1.7217630853994492e-05,0,0,switch,_402-708672-0,CLOSED,1000000,7621.023553,58.08,b
735,736,_402-708672_ln,_500-1328763_n,0,0,0,2.826714597075167e-05,0,0,0,0,0,0.000149841,0,0,line,_394-1294236-0,,1000000,7621.023553,58.08,b
736,737,_500-1328763_n,_395-1100672_sn,0,0,0,0.006707559,0,0,0,0,0,0.003341712,0,0,line,_411-1099423-0,,1000000,7621.023553,58.08,b
737,738,_395-1100672_sn,_391-828099_n,0,0,0,1.7217630853994492e-05,0,0,0,0,0,1.7217630853994492e-05,0,0,switch,_395-1100672-0_b,CLOSED,1000000,7621.023553,58.08,b
738,739,_391-828099_n,_391-828099_ln,0,0,0,0,0,0,0.40800038046035486,0,0,0.40800038046035486,0,0.40800038046035486,transformer,__av01418___tnk,,1000000,119.99994404998696,0.014399986572000001,b
739,740,_391-828099_ln,_500-3172147_n,3.353631284900062,0.9660843454569856,0,3.353631284900062,0,0,1.3646667435239606,1.043778508045681,0,1.3646667435239606,0,0,line,_389-1774210-2,,1000000,119.99994404998696,0.014399986572000001,ab
740,741,_500-3172147_n,_406-1073029_n,1.972891749096556,0.568333151,0,1.972891749096556,0,0,0.8028132879983911,0.614039479,0,0.8028132879983911,0,0,line,_389-3305283-0,,1000000,119.99994404998696,0.014399986572000001,ab
296,742,_409-23087_n,_409-23087_n_sec,0,0,0,0,0,0,0.40800038046035486,0,0,0.40800038046035486,0,0.40800038046035486,transformer,sf0151_se2595_ave08046_tnk,,1000000,119.99994404998696,0.014399986572000001,abc
742,743,_409-23087_n_sec,_406-2094166_n,0.8111801353482259,0.1993852469225315,0.1915660210165287,0.8168566713053305,0.19938524692253154,0.8111801353482258,0.23878923405985014,0.099724834,0.076062306,0.22329056305293682,0.099724834,0.23878923405985014,line,_389-2975521-1,,1000000,119.99994404998696,0.014399986572000001,abc
742,744,_409-23087_n_sec,_406-92761_n,11.370556153272194,2.7948430286615062,2.6852385852524496,11.450125866636311,2.7948430286615067,11.370556153272192,3.347180578465236,1.3978730125732883,1.0661882423411677,3.129931041271444,1.397873012573288,3.347180578465236,line,_389-153730-1,,1000000,119.99994404998696,0.014399986572000001,abc
289,745,_500-4034322_n,_402-2071494_sn,5.653429194150334e-05,2.0386523346462017e-05,2.0386523346462017e-05,5.653429194150334e-05,2.0386523346462017e-05,5.653429194150334e-05,0.000299682,0.000167049,0.000167049,0.000299682,0.000169945,0.000299682,line,_394-3282412-1,,1000000,7621.023553,58.08,abc
745,746,_402-2071494_sn,_402-2071494_ln,1.7217630853994492e-05,0,0,1.7217630853994492e-05,0,1.7217630853994492e-05,1.7217630853994492e-05,0,0,1.7217630853994492e-05,0,1.7217630853994492e-05,switch,_402-2071494-0,CLOSED,1000000,7621.023553,58.08,abc
746,747,_402-2071494_ln,_500-4034324_n,2.826714597075167e-05,0,0,0,0,0,0.000149841,0,0,0,0,0,line,_394-3282413-0,,1000000,7621.023553,58.08,a
747,748,_500-4034324_n,_395-2803886_sn,0.002418905,0,0,0,0,0,0.001205101,0,0,0,0,0,line,_411-2816701-0,,1000000,7621.023553,58.08,a
748,749,_395-2803886_sn,_391-2327239_n,1.7217630853994492e-05,0,0,0,0,0,1.7217630853994492e-05,0,0,0,0,0,switch,_395-2803886-0_a,CLOSED,1000000,7621.023553,58.08,a
750,749,_395-2803887_sn,_391-2327239_n,0,0,0,1.7217630853994492e-05,0,0,0,0,0,1.7217630853994492e-05,0,0,switch,_395-2803887-0_b,CLOSED,1000000,7621.023553,58.08,b
754,749,_395-2803888_sn,_391-2327239_n,0,0,0,0,0,1.7217630853994492e-05,0,0,0,0,0,1.7217630853994492e-05,switch,_395-2803888-0_c,CLOSED,1000000,7621.023553,58.08,c
751,750,_500-4034326_n,_395-2803887_sn,0,0,0,0.002282342,0,0,0,0,0,0.001137065,0,0,line,_411-2816702-0,,1000000,7621.023553,58.08,b
746,751,_402-2071494_ln,_500-4034326_n,0,0,0,2.826714597075167e-05,0,0,0,0,0,0.000149841,0,0,line,_394-3282414-0,,1000000,7621.023553,58.08,b
749,752,_391-2327239_n,_391-2327239_ln,0,0,0,0,0,0,0.0765,0,0,0.0765,0,0.0765,transformer,ave31183_tnk,,1000000,277.1281292110204,0.0768,abc
752,753,_391-2327239_ln,_406-2961635_n,0.24735357359019833,0.060798645,0.058414324774548415,0.24908452260314515,0.060798645,0.24735357359019827,0.072814123,0.030409144497808446,0.023193718,0.068088106,0.030409144,0.072814123,line,_389-4131921-1,,1000000,277.1281292110204,0.0768,abc
755,754,_500-4034328_n,_395-2803888_sn,0,0,0,0,0,0.002380406,0,0,0,0,0,0.001185921,line,_411-2816703-0,,1000000,7621.023553,58.08,c
746,755,_402-2071494_ln,_500-4034328_n,0,0,0,0,0,2.826714597075167e-05,0,0,0,0,0,0.000149841,line,_394-3282415-0,,1000000,7621.023553,58.08,c
288,756,_500-15176_n,_402-36567_sn,0.000163815,1.9951445104311918e-05,1.9951445104311918e-05,0.000163815,1.9951445104311918e-05,0.000163815,0.000335632,0.000163484,0.000166318,0.000335632,0.000163484,0.000335632,line,_389-150128-0,,1000000,7621.023553,58.08,abc
756,757,_402-36567_sn,_402-36567_ln,1.7217630853994492e-05,0,0,1.7217630853994492e-05,0,1.7217630853994492e-05,1.7217630853994492e-05,0,0,1.7217630853994492e-05,0,1.7217630853994492e-05,switch,_402-36567-0,CLOSED,1000000,7621.023553,58.08,abc
757,758,_402-36567_ln,_500-15177_n,0.001403146,0.000170893,0.000170893,0.001403146,0.000170893,0.001403146,0.002874826,0.001400306,0.001424583,0.002874826,0.001400306,0.002874826,line,_389-1735494-68,,1000000,7621.023553,58.08,abc
758,759,_500-15177_n,_409-23064_n,0.000675419,8.226086478366612e-05,8.226086478366612e-05,0.000675419,8.226086478366612e-05,0.000675419,0.001383827,0.000674052,0.000685737,0.001383827,0.000674052,0.001383827,line,_389-1735494-70,,1000000,7621.023553,58.08,abc
759,760,_409-23064_n,_500-15178_n,0.001075771,0.000131021,0.000131021,0.001075771,0.000131021,0.001075771,0.002204086,0.001073593,0.001092206,0.002204086,0.001073593,0.002204086,line,_389-1735494-72,,1000000,7621.023553,58.08,abc
760,761,_500-15178_n,_500-15179_n,0.002672586,0.000325501,0.000325501,0.002672586,0.000325501,0.002672586,0.00547571,0.002667177,0.002713416,0.00547571,0.002667177,0.00547571,line,_389-1735494-74,,1000000,7621.023553,58.08,abc
761,762,_500-15179_n,_403-144444_sn,0.000104522,1.0193261673231008e-05,1.0193261673231008e-05,0.000104522,1.0193261673231008e-05,0.000104522,0.000164349,8.352434020912327e-05,8.497237046645516e-05,0.000164349,8.352434020912327e-05,0.000164349,line,_389-456127-0,,1000000,7621.023553,58.08,abc
762,763,_403-144444_sn,_403-144444_ln,1.7217630853994492e-05,0,0,1.7217630853994492e-05,0,1.7217630853994492e-05,1.7217630853994492e-05,0,0,1.7217630853994492e-05,0,1.7217630853994492e-05,switch,_403-144444-0,CLOSED,1000000,7621.023553,58.08,abc
763,764,_403-144444_ln,_409-1378451_n,0.000449635,4.3849671405271196e-05,4.3849671405271196e-05,0.000449635,4.3849671405271196e-05,0.000449635,0.000707002,0.000359307,0.000365537,0.000707002,0.000359307,0.000707002,line,_389-456128-4,,1000000,7621.023553,58.08,abc
764,765,_409-1378451_n,_409-1378451_n_sec,0,0,0,0,0,0,0.0765,0,0,0.0765,0,0.0765,transformer,ave05084_ave05086_ave05093_tnk,,1000000,277.1281292110204,0.0768,abc
765,766,_409-1378451_n_sec,_406-2287571_n,0.9220499168723987,0.22663665237756608,0.21774871703193363,0.9285023055334258,0.22663665237756614,0.9220499168723986,0.2714262638105542,0.11335493863863912,0.086458285,0.2538092787651519,0.11335493863863912,0.2714262638105542,line,_389-3340514-1,,1000000,277.1281292110204,0.0768,abc
764,767,_409-1378451_n,_402-36896_sn,0.000728784,7.107313855694913e-05,7.107313855694913e-05,0.000728784,7.107313855694913e-05,0.000728784,0.001145934,0.000582379,0.000592475,0.001145934,0.000582379,0.001145934,line,_389-456128-5,,1000000,7621.023553,58.08,abc
767,768,_402-36896_sn,_402-36896_ln,1.7217630853994492e-05,0,0,1.7217630853994492e-05,0,1.7217630853994492e-05,1.7217630853994492e-05,0,0,1.7217630853994492e-05,0,1.7217630853994492e-05,switch,_402-36896-0,CLOSED,1000000,7621.023553,58.08,abc
768,769,_402-36896_ln,_500-15183_n,0.001247887,0.000121698,0.000121698,0.001247887,0.000121698,0.001247887,0.001962168,0.000997199,0.001014487,0.001962168,0.000997199,0.001962168,line,_389-454438-0,,1000000,7621.023553,58.08,abc
769,770,_500-15183_n,_500-15187_n,0.001517477,0.000147989,0.000147989,0.001517477,0.000147989,0.001517477,0.002386069,0.001212631,0.001233654,0.002386069,0.001212631,0.002386069,line,_389-454438-1,,1000000,7621.023553,58.08,abc
770,771,_500-15187_n,_403-142226_sn,0,0,0,0.00023999,1.0193261673231008e-05,0.00023999,0,0,0,0.000173035,8.352434020912327e-05,0.000173035,line,_389-453813-0,,1000000,7621.023553,58.08,bc
771,772,_403-142226_sn,_403-142226_ln,0,0,0,1.7217630853994492e-05,0,1.7217630853994492e-05,0,0,0,1.7217630853994492e-05,0,1.7217630853994492e-05,switch,_403-142226-0,CLOSED,1000000,7621.023553,58.08,bc
772,773,_403-142226_ln,_409-1365332_n,0,0,0,0.000861183,3.657764935790518e-05,0.000861183,0,0,0,0.000620923,0.00029972,0.000620923,line,_389-453815-1,,1000000,7621.023553,58.08,bc
773,774,_409-1365332_n,_403-142227_sn,0,0,0,0.000202674,8.608333791112773e-06,0.000202674,0,0,0,0.00014613,7.053732389611934e-05,0.00014613,line,_389-453815-2,,1000000,7621.023553,58.08,bc
774,775,_403-142227_sn,_403-142227_ln,0,0,0,1.7217630853994492e-05,0,1.7217630853994492e-05,0,0,0,1.7217630853994492e-05,0,1.7217630853994492e-05,switch,_403-142227-0,CLOSED,1000000,7621.023553,58.08,bc
775,776,_403-142227_ln,_409-23112_n,0,0,0,0.003242057,0.000137702,0.003242057,0,0,0,0.00233756,0.001128343,0.00233756,line,_389-453816-3,,1000000,7621.023553,58.08,bc
776,777,_409-23112_n,_500-15186_n,0,0,0,0.000192431,8.173255548962668e-06,0.000192431,0,0,0,0.000138745,6.697226059451043e-05,0.000138745,line,_389-453816-4,,1000000,7621.023553,58.08,bc
776,778,_409-23112_n,_409-23112_n_sec,0,0,0,0,0,0,0.40800038046035486,0,0,0.40800038046035486,0,0.40800038046035486,transformer,__sf7119_sf6516_tnk,,1000000,119.99994404998696,0.014399986572000001,abc
778,779,_409-23112_n_sec,_406-92253_n,0,0,0,5.901691412461072,1.619366695539269,5.901691412461072,0,0,0,2.0509186324121917,1.1340744362929316,2.0509186324121913,line,_389-152726-1,,1000000,119.99994404998696,0.014399986572000001,bc
773,780,_409-1365332_n,_409-1365332_n_sec,0,0,0,0,0,0,0.40800038046035486,0,0,0.40800038046035486,0,0.40800038046035486,transformer,____ave01842_tnk,,1000000,119.99994404998696,0.014399986572000001,c
780,781,_409-1365332_n_sec,_500-3175212_n,5.187025637595851,1.4942323237883088,0,5.187025637595851,0,0,2.1107154556032732,1.6144010540400937,0,2.1107154556032732,0,0,line,_389-3308804-1,,1000000,119.99994404998696,0.014399986572000001,ab
781,782,_500-3175212_n,_406-92254_n,2.9749954946694097,0.8570103064537775,0,2.9749954946694097,0,0,1.2105914660293198,0.9259325474598783,0,1.2105914660293198,0,0,line,_389-3308805-1,,1000000,119.99994404998696,0.014399986572000001,ab
781,783,_500-3175212_n,_406-92255_n,13.17253986012953,3.794628409532659,0,13.17253986012953,0,0,5.360197811787238,4.099798944590293,0,5.360197811787238,0,0,line,_389-3308804-2,,1000000,119.99994404998696,0.014399986572000001,ab
770,784,_500-15187_n,_500-3175214_n,0.001659282,0.000161818,0.000161818,0.001659282,0.000161818,0.001659282,0.002609043,0.001325949,0.001348936,0.002609043,0.001325949,0.002609043,line,_389-454438-7,,1000000,7621.023553,58.08,abc
784,785,_500-3175214_n,_500-15191_n,0.002528597,0.000246596,0.000246596,0.002528597,0.000246596,0.002528597,0.003975946,0.002020627,0.002055658,0.003975946,0.002020627,0.003975946,line,_389-454438-8,,1000000,7621.023553,58.08,abc
785,786,_500-15191_n,_403-142228_sn,0.000245333,1.0001329661880376e-05,1.0013148865638806e-05,0.000245309,1.0001329661880376e-05,0.000245333,0.000172265,8.472859924518663e-05,8.616445819761593e-05,0.000172289,8.472859924518663e-05,0.000172265,line,_389-453817-0,,1000000,7621.023553,58.08,abc
786,787,_403-142228_sn,_403-142228_ln,1.7217630853994492e-05,0,0,1.7217630853994492e-05,0,1.7217630853994492e-05,1.7217630853994492e-05,0,0,1.7217630853994492e-05,0,1.7217630853994492e-05,switch,_403-142228-0,CLOSED,1000000,7621.023553,58.08,abc
787,788,_403-142228_ln,_409-150372_n,0.003573507,0.00015178,0.00015178,0.003573507,0.00015178,0.003573507,0.002576539,0.001243698,0.001265259,0.002576539,0.001243698,0.002576539,line,_389-673181-1,,1000000,7621.023553,58.08,abc
788,789,_409-150372_n,_500-142435_n,0.000719969,3.057978501969303e-05,3.057978501969303e-05,0.000719969,3.057978501969303e-05,0.000719969,0.000519106,0.000250573,0.000254917,0.000519106,0.000250573,0.000519106,line,_389-673181-2,,1000000,7621.023553,58.08,abc
788,790,_409-150372_n,_409-150372_n_sec,0,0,0,0,0,0,0.40800038046035486,0,0,0.40800038046035486,0,0.40800038046035486,transformer,ave10210_ave09555_ave10211_tnk,,1000000,119.99994404998696,0.014399986572000001,abc
790,791,_409-150372_n_sec,_406-2076023_n,5.652999282322932,1.3894874993148045,1.334996423277816,5.692558256086283,1.3894874993148048,5.652999282322931,1.664088295489752,0.6949682170630962,0.5300674204085686,1.5560802560159686,0.6949682170630961,1.664088295489752,line,_389-3567432-1,,1000000,119.99994404998696,0.014399986572000001,abc
790,792,_409-150372_n_sec,_406-398445_n,9.773457547690391,2.4022817639593588,2.3080722670572764,9.841850967076681,2.402281763959359,9.773457548,2.877038453274735,1.2015289631646975,0.9164323524640694,2.6903036005201595,1.201528963164697,2.877038453274735,line,_389-1488772-2,,1000000,119.99994404998696,0.014399986572000001,abc
785,793,_500-15191_n,_409-23127_n,0.002005351,0.000195568,0.000195568,0.002005351,0.000195568,0.002005351,0.003153199,0.001602496,0.001630278,0.003153199,0.001602496,0.003153199,line,_389-454438-4,,1000000,7621.023553,58.08,abc
793,794,_409-23127_n,_409-23127_n_sec,0,0,0,0,0,0,0.40800038046035486,0,0,0.40800038046035486,0,0.40800038046035486,transformer,ave07855_ave08233_ave07832_tnk,,1000000,119.99994404998696,0.014399986572000001,abc
794,795,_409-23127_n_sec,_406-92757_n,4.650953232775122,1.1431880766457947,1.098356044375045,4.683500015,1.143188076645795,4.650953232775121,1.3691133592981721,0.5717787168190418,0.43610810110079345,1.2802507369505756,0.5717787168190417,1.3691133592981721,line,_389-3480337-0,,1000000,119.99994404998696,0.014399986572000001,abc
793,796,_409-23127_n,_500-15197_n,0.001422197,0.000138697,0.000138697,0.001422197,0.000138697,0.001422197,0.002236251,0.001136491,0.001156194,0.002236251,0.001136491,0.002236251,line,_389-454438-5,,1000000,7621.023553,58.08,abc
796,797,_500-15197_n,_403-1490489_sn,0.00680532,0.000289047,0.000289047,0.00680532,0.000289047,0.00680532,0.004906713,0.002368475,0.002409537,0.004906713,0.002368475,0.004906713,line,_389-3466579-1,,1000000,7621.023553,58.08,abc
797,798,_403-1490489_sn,_403-1490489_ln,1.7217630853994492e-05,0,0,0,0,1.7217630853994492e-05,1.7217630853994492e-05,0,0,0,0,1.7217630853994492e-05,switch,_403-1490489-0,CLOSED,1000000,7621.023553,58.08,ac
798,799,_403-1490489_ln,_403-1490490_sn,0.00087289,0,3.7074881634648144e-05,0,0,0.00087289,0.000629363,0,0.000309061,0,0,0.000629363,line,_389-3466581-4,,1000000,7621.023553,58.08,ac
799,800,_403-1490490_sn,_403-1490490_ln,1.7217630853994492e-05,0,0,0,0,1.7217630853994492e-05,1.7217630853994492e-05,0,0,0,0,1.7217630853994492e-05,switch,_403-1490490-0,CLOSED,1000000,7621.023553,58.08,ac
800,801,_403-1490490_ln,_409-22382_n,0.001981379,0,8.415656283874872e-05,0,0,0.001981379,0.001428597,0,0.00070154,0,0,0.001428597,line,_389-3466578-2,,1000000,7621.023553,58.08,ac
801,802,_409-22382_n,_500-15196_n,0.000191699,0,8.142178531666233e-06,0,0,0.000191699,0.000138217,0,6.787427153113187e-05,0,0,0.000138217,line,_389-3466578-1,,1000000,7621.023553,58.08,ac
801,803,_409-22382_n,_409-22382_n_sec,0,0,0,0,0,0,0.40800038046035486,0,0,0.40800038046035486,0,0.40800038046035486,transformer,ave02954___ava17230_tnk,,1000000,119.99994404998696,0.014399986572000001,abc
803,804,_409-22382_n_sec,_406-2099747_n,11.10995005688647,0,2.9413349163890103,0,0,11.10995005688647,4.086976559290725,0,1.9416838412870958,0,0,4.086976559290724,line,_389-3283555-0,,1000000,119.99994404998696,0.014399986572000001,ac
796,805,_500-15197_n,_403-142232_sn,0.000109302,1.0659416932677548e-05,1.0659416932677548e-05,0.000109302,1.0659416932677548e-05,0.000109302,0.000171865,8.734405088941854e-05,8.8858302042665e-05,0.000171865,8.734405088941854e-05,0.000171865,line,_389-454438-6,,1000000,7621.023553,58.08,abc
805,806,_403-142232_sn,_403-142232_ln,1.7217630853994492e-05,0,0,1.7217630853994492e-05,0,1.7217630853994492e-05,1.7217630853994492e-05,0,0,1.7217630853994492e-05,0,1.7217630853994492e-05,switch,_403-142232-0,CLOSED,1000000,7621.023553,58.08,abc
806,807,_403-142232_ln,_409-23037_n,0.004498577,0.000438714,0.000438714,0.004498577,0.000438714,0.004498577,0.007073527,0.003594857,0.00365718,0.007073527,0.003594857,0.007073527,line,_389-454439-7,,1000000,7621.023553,58.08,abc
807,808,_409-23037_n,_409-23037_n_sec,0,0,0,0,0,0,0.40800038046035486,0,0,0.40800038046035486,0,0.40800038046035486,transformer,sc4977_ava08919_sc4978_tnk,,1000000,119.99994404998696,0.014399986572000001,abc
808,809,_409-23037_n_sec,_406-92758_n,10.618319903191484,2.609945983072446,2.5075925865243187,10.692625562450054,2.6099459830724463,10.618319903191482,3.1257428112401846,1.3053946202332138,0.9956529550176838,2.922865744045883,1.3053946202332136,3.1257428112401846,line,_389-153711-0,,1000000,119.99994404998696,0.014399986572000001,abc
807,810,_409-23037_n,_500-15198_n,0.000657722,6.414296369984392e-05,6.414296369984392e-05,0.000657722,6.414296369984392e-05,0.000657722,0.001034197,0.000525592,0.000534704,0.001034197,0.000525592,0.001034197,line,_389-454439-4,,1000000,7621.023553,58.08,abc
810,811,_500-15198_n,_402-2389656_sn,5.653429194150334e-05,2.0386523346462017e-05,2.0386523346462017e-05,5.653429194150334e-05,2.0386523346462017e-05,5.653429194150334e-05,0.000299682,0.000167049,0.000167049,0.000299682,0.000169945,0.000299682,line,_394-3636723-1,,1000000,7621.023553,58.08,abc
811,812,_402-2389656_sn,_402-2389656_ln,1.7217630853994492e-05,0,0,1.7217630853994492e-05,0,1.7217630853994492e-05,1.7217630853994492e-05,0,0,1.7217630853994492e-05,0,1.7217630853994492e-05,switch,_402-2389656-0,CLOSED,1000000,7621.023553,58.08,abc
812,813,_402-2389656_ln,_500-4573650_n,0,0,0,2.826714597075167e-05,0,0,0,0,0,0.000149841,0,0,line,_394-3636725-0,,1000000,7621.023553,58.08,b
813,814,_500-4573650_n,_395-3133232_sn,0,0,0,0.004221098,0,0,0,0,0,0.002102956,0,0,line,_411-3146023-0,,1000000,7621.023553,58.08,b
814,815,_395-3133232_sn,_391-2625460_n,0,0,0,1.7217630853994492e-05,0,0,0,0,0,1.7217630853994492e-05,0,0,switch,_395-3133232-0_b,CLOSED,1000000,7621.023553,58.08,b
818,815,_395-3133233_sn,_391-2625460_n,0,0,0,0,0,1.7217630853994492e-05,0,0,0,0,0,1.7217630853994492e-05,switch,_395-3133233-0_c,CLOSED,1000000,7621.023553,58.08,c
820,815,_395-3133231_sn,_391-2625460_n,1.7217630853994492e-05,0,0,0,0,0,1.7217630853994492e-05,0,0,0,0,0,switch,_395-3133231-0_a,CLOSED,1000000,7621.023553,58.08,a
815,816,_391-2625460_n,_391-2625460_ln,0,0,0,0,0,0,0.40800038046035486,0,0,0.40800038046035486,0,0.40800038046035486,transformer,ave31199_tnk,,1000000,119.99994404998696,0.014399986572000001,abc
816,817,_391-2625460_ln,_406-3508645_n,1.5493821270319057,0.3808327207655274,0.365897729,1.5602245071299046,0.38083272076552743,1.5493821270319055,0.4560956996575685,0.1904778827303024,0.14528163657672782,0.42649270174817006,0.19047788273030236,0.4560956996575685,line,_389-4754212-1,,1000000,119.99994404998696,0.014399986572000001,abc
819,818,_500-4573652_n,_395-3133233_sn,0,0,0,0,0,0.00451529,0,0,0,0,0,0.002249522,line,_411-3146024-0,,1000000,7621.023553,58.08,c
812,819,_402-2389656_ln,_500-4573652_n,0,0,0,0,0,2.826714597075167e-05,0,0,0,0,0,0.000149841,line,_394-3636726-0,,1000000,7621.023553,58.08,c
821,820,_500-4573504_n,_395-3133231_sn,0.00416226,0,0,0,0,0,0.002073642,0,0,0,0,0,line,_411-3146022-0,,1000000,7621.023553,58.08,a
812,821,_402-2389656_ln,_500-4573504_n,2.826714597075167e-05,0,0,0,0,0,0.000149841,0,0,0,0,0,line,_394-3636724-0,,1000000,7621.023553,58.08,a
810,822,_500-15198_n,_403-142230_sn,0,0,0,0.000246531,0,0,0,0,0,0.000171072,0,0,line,_389-453821-0,,1000000,7621.023553,58.08,b
822,823,_403-142230_sn,_403-142230_ln,0,0,0,1.7217630853994492e-05,0,0,0,0,0,1.7217630853994492e-05,0,0,switch,_403-142230-0,CLOSED,1000000,7621.023553,58.08,b
823,824,_403-142230_ln,_409-23121_n,0,0,0,0.003479241,0,0,0,0,0,0.002414312,0,0,line,_389-453822-3,,1000000,7621.023553,58.08,b
824,825,_409-23121_n,_409-23121_n_sec,0,0,0,0,0,0,0.40800038046035486,0,0,0.40800038046035486,0,0.40800038046035486,transformer,__sc8217___tnk,,1000000,119.99994404998696,0.014399986572000001,b
825,826,_409-23121_n_sec,_406-92759_n,7.8887201107453935,2.2725124968262373,0,7.8887201107453935,0,0,3.2100946912605224,2.4552718555132276,0,3.2100946912605224,0,0,line,_389-153712-0,,1000000,119.99994404998696,0.014399986572000001,ab
825,827,_409-23121_n_sec,_500-4481426_n,3.760735931539034,1.0833594400243445,0,3.760735931539034,0,0,1.5303266283490253,1.1704850671717695,0,1.5303266283490253,0,0,line,_389-4550959-0,,1000000,119.99994404998696,0.014399986572000001,ab
827,828,_500-4481426_n,_406-3326696_n,3.567147708,1.027592262188118,0,3.567147708,0,0,1.4515512985021415,1.110232997097825,0,1.4515512985021415,0,0,line,_389-4550960-1,,1000000,119.99994404998696,0.014399986572000001,ab
825,829,_409-23121_n_sec,_406-92635_n,20.212888049906994,5.822749450547197,0,20.212888049906994,0,0,8.225071204601122,6.291024964,0,8.225071204601122,0,0,line,_389-153492-1,,1000000,119.99994404998696,0.014399986572000001,ab
824,830,_409-23121_n,_500-15199_n,0,0,0,0.000196924,0,0,0,0,0,0.000136649,0,0,line,_389-453822-4,,1000000,7621.023553,58.08,b
810,831,_500-15198_n,_403-142229_sn,0,0,0,0.000104522,0,0,0,0,0,0.000164349,0,0,line,_389-453819-0,,1000000,7621.023553,58.08,b
831,832,_403-142229_sn,_403-142229_ln,0,0,0,1.7217630853994492e-05,0,0,0,0,0,1.7217630853994492e-05,0,0,switch,_403-142229-0,CLOSED,1000000,7621.023553,58.08,b
832,833,_403-142229_ln,_500-3953557_n,0,0,0,0.002483984,0,0,0,0,0,0.003905797,0,0,line,_389-453820-4,,1000000,7621.023553,58.08,b
833,834,_500-3953557_n,_500-15189_n,0,0,0,8.667655201041573e-05,0,0,0,0,0,0.00013629,0,0,line,_389-453820-5,,1000000,7621.023553,58.08,b
833,835,_500-3953557_n,_402-2033094_sn,0,0,0,5.653429194150334e-05,0,0,0,0,0,0.000299682,0,0,line,_394-3237658-1,,1000000,7621.023553,58.08,b
835,836,_402-2033094_sn,_402-2033094_ln,0,0,0,1.7217630853994492e-05,0,0,0,0,0,1.7217630853994492e-05,0,0,switch,_402-2033094-0,CLOSED,1000000,7621.023553,58.08,b
836,837,_402-2033094_ln,_500-3953559_n,0,0,0,2.826714597075167e-05,0,0,0,0,0,0.000149841,0,0,line,_394-3237659-0,,1000000,7621.023553,58.08,b
837,838,_500-3953559_n,_395-2769676_sn,0,0,0,0.005973897,0,0,0,0,0,0.002976201,0,0,line,_411-2783136-0,,1000000,7621.023553,58.08,b
838,839,_395-2769676_sn,_391-33247_n,0,0,0,1.7217630853994492e-05,0,0,0,0,0,1.7217630853994492e-05,0,0,switch,_395-2769676-0_b,CLOSED,1000000,7621.023553,58.08,b
839,840,_391-33247_n,_395-219033_ln,0,0,0,1.7217630853994492e-05,0,0,0,0,0,1.7217630853994492e-05,0,0,switch,_395-219033-0_b,CLOSED,1000000,7621.023553,58.08,b
840,841,_395-219033_ln,_395-219034_sn,0,0,0,0.005912879,0,0,0,0,0,0.002945802,0,0,line,_411-199168-1,,1000000,7621.023553,58.08,b
841,842,_395-219034_sn,_391-33244_n,0,0,0,1.7217630853994492e-05,0,0,0,0,0,1.7217630853994492e-05,0,0,switch,_395-219034-0_b,CLOSED,1000000,7621.023553,58.08,b
842,843,_391-33244_n,_391-33244_ln,0,0,0,0,0,0,0.40800038046035486,0,0,0.40800038046035486,0,0.40800038046035486,transformer,__ava11504___tnk,,1000000,119.99994404998696,0.014399986572000001,b
843,844,_391-33244_ln,_406-92640_n,6.291617266238656,1.8124332796773668,0,6.291617266238656,0,0,2.560198220023729,1.9581922774031875,0,2.560198220023729,0,0,line,_389-153497-0,,1000000,119.99994404998696,0.014399986572000001,ab
839,845,_391-33247_n,_391-33247_ln,0,0,0,0,0,0,0.40800038046035486,0,0,0.40800038046035486,0,0.40800038046035486,transformer,__sg3507___tnk,,1000000,119.99994404998696,0.014399986572000001,b
796,846,_500-15197_n,_403-142231_sn,0.000246531,1.0193261673231008e-05,1.0193261673231008e-05,0.000246531,1.0193261673231008e-05,0.000246531,0.000171072,8.352434020912327e-05,8.497237046645516e-05,0.000171072,8.352434020912327e-05,0.000171072,line,_389-453823-0,,1000000,7621.023553,58.08,abc
846,847,_403-142231_sn,_403-142231_ln,1.7217630853994492e-05,0,0,1.7217630853994492e-05,0,1.7217630853994492e-05,1.7217630853994492e-05,0,0,1.7217630853994492e-05,0,1.7217630853994492e-05,switch,_403-142231-0,CLOSED,1000000,7621.023553,58.08,abc
847,848,_403-142231_ln,_409-1446292_n,0.002759943,0.000114115,0.000114115,0.002759943,0.000114115,0.002759943,0.001915177,0.000935065,0.000951276,0.001915177,0.000935065,0.001915177,line,_389-454440-2,,1000000,7621.023553,58.08,abc
848,849,_409-1446292_n,_409-1446292_n_sec,0,0,0,0,0,0,0.40800038046035486,0,0,0.40800038046035486,0,0.40800038046035486,transformer,__ava22339_ave07797_tnk,,1000000,119.99994404998696,0.014399986572000001,abc
849,850,_409-1446292_n_sec,_406-92641_n,0,0,0,2.653564476272819,0.7281122710464404,2.653564476272819,0,0,0,0.9221500153674669,0.5099113842587573,0.9221500153674668,line,_389-3466582-0,,1000000,119.99994404998696,0.014399986572000001,bc
848,851,_409-1446292_n,_500-3340973_n,0.000184146,7.613869237626821e-06,7.613869237626821e-06,0.000184146,7.613869237626821e-06,0.000184146,0.000127783,6.23886077781561e-05,6.347021574476072e-05,0.000127783,6.23886077781561e-05,0.000127783,line,_389-454440-3,,1000000,7621.023553,58.08,abc
769,852,_500-15183_n,_403-144445_sn,0.000246531,1.0193261673231008e-05,1.0193261673231008e-05,0.000246531,1.0193261673231008e-05,0.000246531,0.000171072,8.352434020912327e-05,8.497237046645516e-05,0.000171072,8.352434020912327e-05,0.000171072,line,_389-456593-0,,1000000,7621.023553,58.08,abc
852,853,_403-144445_sn,_403-144445_ln,1.7217630853994492e-05,0,0,1.7217630853994492e-05,0,1.7217630853994492e-05,1.7217630853994492e-05,0,0,1.7217630853994492e-05,0,1.7217630853994492e-05,switch,_403-144445-0,CLOSED,1000000,7621.023553,58.08,abc
853,854,_403-144445_ln,_409-23017_n,0.000820767,3.3936102887708114e-05,3.3936102887708114e-05,0.000820767,3.3936102887708114e-05,0.000820767,0.000569546,0.000278075,0.000282896,0.000569546,0.000278075,0.000569546,line,_389-456594-3,,1000000,7621.023553,58.08,abc
854,855,_409-23017_n,_500-15184_n,0.000196924,8.142178531666233e-06,8.142178531666233e-06,0.000196924,8.142178531666233e-06,0.000196924,0.000136649,6.671761321582408e-05,6.787427153113187e-05,0.000136649,6.671761321582408e-05,0.000136649,line,_389-456594-4,,1000000,7621.023553,58.08,abc
854,856,_409-23017_n,_409-23017_n_sec,0,0,0,0,0,0,0.0765,0,0,0.0765,0,0.0765,transformer,sf5116_sf5115_sf5128_tnk,,1000000,277.1281292110204,0.0768,abc
856,857,_409-23017_n_sec,_406-92632_n,0.9636263686035172,0.23685599914573258,0.2275672950259535,0.9703697040135291,0.23685599914573263,0.9636263686035171,0.2836652334686785,0.11846626292656864,0.090356803,0.26525387523915134,0.11846626292656863,0.2836652334686785,line,_389-153489-1,,1000000,277.1281292110204,0.0768,abc
761,858,_500-15179_n,_500-2177604_n,0.00032661,3.9778582139438086e-05,3.9778582139438086e-05,0.00032661,3.9778582139438086e-05,0.00032661,0.000669172,0.000325949,0.000331599,0.000669172,0.000325949,0.000669172,line,_389-1735494-76,,1000000,7621.023553,58.08,abc
858,859,_500-2177604_n,_500-15180_n,0.001575892,0.000191932,0.000191932,0.001575892,0.000191932,0.001575892,0.003228756,0.001572702,0.001599968,0.003228756,0.001572702,0.003228756,line,_389-1735494-86,,1000000,7621.023553,58.08,abc
859,860,_500-15180_n,_402-36898_sn,0.000647143,0,2.6757311892231397e-05,0,0,0.000647143,0.000449065,0,0.000223052,0,0,0.000449065,line,_389-150317-0,,1000000,7621.023553,58.08,ac
860,861,_402-36898_sn,_402-36898_ln,1.7217630853994492e-05,0,0,0,0,1.7217630853994492e-05,1.7217630853994492e-05,0,0,0,0,1.7217630853994492e-05,switch,_402-36898-0,CLOSED,1000000,7621.023553,58.08,ac
861,862,_402-36898_ln,_409-23078_n,0.00396178,0,0.000163807,0,0,0.00396178,0.002749155,0,0.001365516,0,0,0.002749155,line,_389-150122-29,,1000000,7621.023553,58.08,ac
862,863,_409-23078_n,_409-23078_n_sec,0,0,0,0,0,0,0.40800038046035486,0,0,0.40800038046035486,0,0.40800038046035486,transformer,ava22434___ave09624_tnk,,1000000,119.99994404998696,0.014399986572000001,abc
863,864,_409-23078_n_sec,_406-92663_n,12.253021033867968,0,3.2439604510936015,0,0,12.253021033867968,4.507473885076017,0,2.141458136768602,0,0,4.507473885076016,line,_389-153504-6,,1000000,119.99994404998696,0.014399986572000001,ac
863,865,_409-23078_n_sec,_500-3352178_n,0.8952111988094873,0,0.23700520192425883,0,0,0.8952111988094873,0.329318059,0,0.15645588957352707,0,0,0.32931805871450187,line,_389-3477137-1,,1000000,119.99994404998696,0.014399986572000001,ac
865,866,_500-3352178_n,_406-2083082_n,1.1634829587133075,0,0.30802956211003013,0,0,1.1634829587133075,0.4280062066028869,0,0.2033416936151052,0,0,0.4280062066028868,line,_389-3477138-0,,1000000,119.99994404998696,0.014399986572000001,ac
865,867,_500-3352178_n,_500-3352179_n,8.549704348239143,0,2.2635154789639316,0,0,8.549704348239143,3.145148365312442,0,1.494230189672904,0,0,3.145148365312442,line,_389-3477137-3,,1000000,119.99994404998696,0.014399986572000001,ac
867,868,_500-3352179_n,_406-2083083_n,0.7202513553939524,0,0.1906849670204949,0,0,0.7202513553939524,0.26495622313512046,0,0.12587819128554134,0,0,0.2649562231351204,line,_389-3477139-0,,1000000,119.99994404998696,0.014399986572000001,ac
867,869,_500-3352179_n,_500-3352177_n,7.421213358208942,0,1.9647499638346537,0,0,7.421213358208942,2.730014525825432,0,1.2970040357153956,0,0,2.730014525825431,line,_389-3477137-4,,1000000,119.99994404998696,0.014399986572000001,ac
869,870,_500-3352177_n,_406-2083084_n,0.5540395041491941,0,0.14668074386191912,0,0,0.5540395041491941,0.20381247933470806,0,0.096829378,0,0,0.203812479,line,_389-3477140-0,,1000000,119.99994404998696,0.014399986572000001,ac
869,871,_500-3352177_n,_406-2083087_n,0.3061797259771862,0,0.081060411,0,0,0.3061797259771862,0.11263321226391762,0,0.053510972,0,0,0.11263321226391759,line,_389-3477141-0,,1000000,119.99994404998696,0.014399986572000001,ac
862,872,_409-23078_n,_409-23071_n,0.002808046,0,0.000116104,0,0,0.002808046,0.001948557,0,0.000967856,0,0,0.001948557,line,_389-150122-31,,1000000,7621.023553,58.08,ac
872,873,_409-23071_n,_409-23071_n_sec,0,0,0,0,0,0,0.40800038046035486,0,0,0.40800038046035486,0,0.40800038046035486,transformer,ave01070___ave01697_tnk,,1000000,119.99994404998696,0.014399986572000001,abc
873,874,_409-23071_n_sec,_406-92662_n,12.626268699821106,0,3.342776952221631,0,0,12.626268699821106,4.644779134312031,0,2.206690559782972,0,0,4.644779134,line,_389-153503-1,,1000000,119.99994404998696,0.014399986572000001,ac
872,875,_409-23071_n,_500-15185_n,0.000196924,0,8.142178531666233e-06,0,0,0.000196924,0.000136649,0,6.787427153113187e-05,0,0,0.000136649,line,_389-150122-32,,1000000,7621.023553,58.08,ac
875,876,_500-15185_n,_409-1470612_n,0.000708263,0,0,0,0,0,0.000510665,0,0,0,0,0,line,_389-3534753-1,,1000000,7621.023553,58.08,a
876,877,_409-1470612_n,_409-1470612_n_sec,0,0,0,0,0,0,0.40800038046035486,0,0,0.40800038046035486,0,0.40800038046035486,transformer,ave06473_____tnk,,1000000,119.99994404998696,0.014399986572000001,a
877,878,_409-1470612_n_sec,_406-2457139_n,4.566404567894481,1.3154493124898174,0,4.566404567894481,0,0,1.8581710158000282,1.4212400058618608,0,1.8581710158000282,0,0,line,_389-3534754-1,,1000000,119.99994404998696,0.014399986572000001,ab
876,879,_409-1470612_n,_500-3409121_n,0.000189504,0,0,0,0,0,0.000136635,0,0,0,0,0,line,_389-3534753-2,,1000000,7621.023553,58.08,a
859,880,_500-15180_n,_409-748548_n,0.000252102,3.070409308887878e-05,3.070409308887878e-05,0.000252102,3.070409308887878e-05,0.000252102,0.000516517,0.000251592,0.000255953,0.000516517,0.000251592,0.000516517,line,_389-1735494-82,,1000000,7621.023553,58.08,abc
880,881,_409-748548_n,_403-666121_sn,0.000125796,1.532096952714295e-05,1.532096952714295e-05,0.000125796,1.532096952714295e-05,0.000125796,0.000257736,0.000125541,0.000127718,0.000257736,0.000125541,0.000257736,line,_389-1735494-83,,1000000,7621.023553,58.08,abc
881,882,_403-666121_sn,_403-666121_ln,1.7217630853994492e-05,0,0,1.7217630853994492e-05,0,1.7217630853994492e-05,1.7217630853994492e-05,0,0,1.7217630853994492e-05,0,1.7217630853994492e-05,switch,_403-666121-0,CLOSED,1000000,7621.023553,58.08,abc
882,883,_403-666121_ln,_409-748547_n,0.000122686,1.1964651659127861e-05,1.1964651659127861e-05,0.000122686,1.1964651659127861e-05,0.000122686,0.00019291,9.803924079424532e-05,9.973891045605254e-05,0.00019291,9.803924079424532e-05,0.00019291,line,_389-1735493-5,,1000000,7621.023553,58.08,abc
883,884,_409-748547_n,_409-748547_n_sec,0,0,0,0,0,0,0.40800038046035486,0,0,0.40800038046035486,0,0.40800038046035486,transformer,sf7935_sf5170_sf7934_tnk,,1000000,119.99994404998696,0.014399986572000001,abc
884,885,_409-748547_n_sec,_406-92661_n,10.028881050516304,2.4650639697377343,2.368392363640336,10.099061891259328,2.465063969737735,10.028881050516302,2.9522281428921966,1.2329302083249467,0.9403827671895808,2.760613085772123,1.2329302083249465,2.9522281428921966,line,_389-2372609-0,,1000000,119.99994404998696,0.014399986572000001,abc
884,886,_409-748547_n_sec,_406-92664_n,5.936491302,1.4591688485853087,1.4019451019029698,5.978034116992299,1.459168848585309,5.936491301942899,1.7475405883618795,0.7298201485046913,0.5566497488401801,1.6341160583285865,0.7298201485046912,1.7475405883618795,line,_389-3273378-0,,1000000,119.99994404998696,0.014399986572000001,abc
883,887,_409-748547_n,_500-1287167_n,0.005430031,0.000529552,0.000529552,0.005430031,0.000529552,0.005430031,0.008538138,0.004339191,0.004414418,0.008538138,0.004339191,0.008538138,line,_389-1735493-6,,1000000,7621.023553,58.08,abc
887,888,_500-1287167_n,_402-922103_sn,0.000120394,4.341459316312111e-05,4.341459316312111e-05,0.000120394,4.341459316312111e-05,0.000120394,0.000638194,0.000355742,0.000355742,0.000638194,0.00036191,0.000638194,line,_394-1851304-1,,1000000,7621.023553,58.08,abc
888,889,_402-922103_sn,_402-922103_ln,1.7217630853994492e-05,0,0,1.7217630853994492e-05,0,1.7217630853994492e-05,1.7217630853994492e-05,0,0,1.7217630853994492e-05,0,1.7217630853994492e-05,switch,_402-922103-0,CLOSED,1000000,7621.023553,58.08,abc
889,890,_402-922103_ln,_500-2131651_n,0,0,0,0,0,2.826714597075167e-05,0,0,0,0,0,0.000149841,line,_394-1851934-0,,1000000,7621.023553,58.08,c
890,891,_500-2131651_n,_395-1523388_sn,0,0,0,0,0,0.000690804,0,0,0,0,0,0.000344159,line,_411-1536574-0,,1000000,7621.023553,58.08,c
891,892,_395-1523388_sn,_391-1172438_n,0,0,0,0,0,1.7217630853994492e-05,0,0,0,0,0,1.7217630853994492e-05,switch,_395-1523388-0_c,CLOSED,1000000,7621.023553,58.08,c
893,892,_395-1522794_sn,_391-1172438_n,1.7217630853994492e-05,0,0,0,0,0,1.7217630853994492e-05,0,0,0,0,0,switch,_395-1522794-0_a,CLOSED,1000000,7621.023553,58.08,a
926,892,_395-1522795_sn,_391-1172438_n,0,0,0,1.7217630853994492e-05,0,0,0,0,0,1.7217630853994492e-05,0,0,switch,_395-1522795-0_b,CLOSED,1000000,7621.023553,58.08,b
894,893,_500-2131167_n,_395-1522794_sn,0.000724219,0,0,0,0,0,0.000360807,0,0,0,0,0,line,_411-1536572-0,,1000000,7621.023553,58.08,a
889,894,_402-922103_ln,_500-2131167_n,2.826714597075167e-05,0,0,0,0,0,0.000149841,0,0,0,0,0,line,_394-1851930-0,,1000000,7621.023553,58.08,a
892,895,_391-1172438_n,_395-1522791_ln,1.7217630853994492e-05,0,0,0,0,0,1.7217630853994492e-05,0,0,0,0,0,switch,_395-1522791-0_a,CLOSED,1000000,7621.023553,58.08,a
895,896,_395-1522791_ln,_395-1522788_sn,0.0029746,0,0,0,0,0,0.001481949,0,0,0,0,0,line,_411-1536569-1,,1000000,7621.023553,58.08,a
896,897,_395-1522788_sn,_391-809851_n,1.7217630853994492e-05,0,0,0,0,0,1.7217630853994492e-05,0,0,0,0,0,switch,_395-1522788-0_a,CLOSED,1000000,7621.023553,58.08,a
913,897,_395-1522790_sn,_391-809851_n,0,0,0,0,0,1.7217630853994492e-05,0,0,0,0,0,1.7217630853994492e-05,switch,_395-1522790-0_c,CLOSED,1000000,7621.023553,58.08,c
915,897,_395-1522789_sn,_391-809851_n,0,0,0,1.7217630853994492e-05,0,0,0,0,0,1.7217630853994492e-05,0,0,switch,_395-1522789-0_b,CLOSED,1000000,7621.023553,58.08,b
897,898,_391-809851_n,_395-1695811_ln,1.7217630853994492e-05,0,0,0,0,0,1.7217630853994492e-05,0,0,0,0,0,switch,_395-1695811-0_a,CLOSED,1000000,7621.023553,58.08,a
898,899,_395-1695811_ln,_411-1709878-0_n,0.0014419,0,0,0,0,0,0.000718356,0,0,0,0,0,line,_411-1709878-0,,1000000,7621.023553,58.08,a
897,900,_391-809851_n,_395-1522755_ln,0,0,0,1.7217630853994492e-05,0,0,0,0,0,1.7217630853994492e-05,0,0,switch,_395-1522755-0_b,CLOSED,1000000,7621.023553,58.08,b
900,901,_395-1522755_ln,_395-1522756_sn,0,0,0,0.003276055,0,0,0,0,0,0.001632134,0,0,line,_411-1536534-0,,1000000,7621.023553,58.08,b
901,902,_395-1522756_sn,_391-987477_n,0,0,0,1.7217630853994492e-05,0,0,0,0,0,1.7217630853994492e-05,0,0,switch,_395-1522756-0_b,CLOSED,1000000,7621.023553,58.08,b
902,903,_391-987477_n,_391-987477_ln,0,0,0,0,0,0,0.40800038046035486,0,0,0.40800038046035486,0,0.40800038046035486,transformer,__av01845___tnk,,1000000,119.99994404998696,0.014399986572000001,b
903,904,_391-987477_ln,_500-2131378_n,16.00519107275734,4.6106334381656815,0,16.00519107275734,0,0,6.5128662411644385,4.981428499348742,0,6.5128662411644385,0,0,line,_389-2397571-0,,1000000,119.99994404998696,0.014399986572000001,ab
904,905,_500-2131378_n,_500-1287208_n,15.694880537906656,4.5212419325164355,0,15.694880537906656,0,0,6.386594021262813,4.884847975259625,0,6.386594021262813,0,0,line,_389-2397574-0,,1000000,119.99994404998696,0.014399986572000001,ab
905,906,_500-1287208_n,_500-2239731_n,7.794772884597938,2.2454490134645386,0,7.794772884597938,0,0,3.171865487070123,2.426031880330284,0,3.171865487070123,0,0,line,_389-1735498-2,,1000000,119.99994404998696,0.014399986572000001,ab
905,907,_500-1287208_n,_500-1287209_n,11.686465555615243,3.3665333090839775,0,11.686465555615243,0,0,4.755481309139099,3.6372757007873684,0,4.755481309139099,0,0,line,_389-1735497-0,,1000000,119.99994404998696,0.014399986572000001,ab
903,908,_391-987477_ln,_406-1221842_n,1.6511936716825433,0.4756612227207569,0,1.6511936716825433,0,0,0.6719072251645986,0.5139147153365831,0,0.6719072251645986,0,0,line,_389-2111835-1,,1000000,119.99994404998696,0.014399986572000001,ab
897,909,_391-809851_n,_395-1695813_ln,0,0,0,1.7217630853994492e-05,0,0,0,0,0,1.7217630853994492e-05,0,0,switch,_395-1695813-0_b,CLOSED,1000000,7621.023553,58.08,b
909,910,_395-1695813_ln,_411-1709879-0_n,0,0,0,0.00137725,0,0,0,0,0,0.000686148,0,0,line,_411-1709879-0,,1000000,7621.023553,58.08,b
897,911,_391-809851_n,_395-1695815_ln,0,0,0,0,0,1.7217630853994492e-05,0,0,0,0,0,1.7217630853994492e-05,switch,_395-1695815-0_c,CLOSED,1000000,7621.023553,58.08,c
911,912,_395-1695815_ln,_411-1709880-0_n,0,0,0,0,0,0.001447711,0,0,0,0,0,0.000721251,line,_411-1709880-0,,1000000,7621.023553,58.08,c
914,913,_395-1522793_ln,_395-1522790_sn,0,0,0,0,0,0.003156199,0,0,0,0,0,0.001572422,line,_411-1536571-1,,1000000,7621.023553,58.08,c
892,914,_391-1172438_n,_395-1522793_ln,0,0,0,0,0,1.7217630853994492e-05,0,0,0,0,0,1.7217630853994492e-05,switch,_395-1522793-0_c,CLOSED,1000000,7621.023553,58.08,c
916,915,_395-1522792_ln,_395-1522789_sn,0,0,0,0.002997844,0,0,0,0,0,0.001493529,0,0,line,_411-1536570-1,,1000000,7621.023553,58.08,b
892,916,_391-1172438_n,_395-1522792_ln,0,0,0,1.7217630853994492e-05,0,0,0,0,0,1.7217630853994492e-05,0,0,switch,_395-1522792-0_b,CLOSED,1000000,7621.023553,58.08,b
892,917,_391-1172438_n,_395-1566094_ln,0,0,0,0,0,1.7217630853994492e-05,0,0,0,0,0,1.7217630853994492e-05,switch,_395-1566094-0_c,CLOSED,1000000,7621.023553,58.08,c
917,918,_395-1566094_ln,_395-1566097_sn,0,0,0,0,0,0.000950129,0,0,0,0,0,0.000473355,line,_411-1579573-0,,1000000,7621.023553,58.08,c
918,919,_395-1566097_sn,_391-1214037_n,0,0,0,0,0,1.7217630853994492e-05,0,0,0,0,0,1.7217630853994492e-05,switch,_395-1566097-0_c,CLOSED,1000000,7621.023553,58.08,c
922,919,_395-1566096_sn,_391-1214037_n,0,0,0,1.7217630853994492e-05,0,0,0,0,0,1.7217630853994492e-05,0,0,switch,_395-1566096-0_b,CLOSED,1000000,7621.023553,58.08,b
924,919,_395-1566095_sn,_391-1214037_n,1.7217630853994492e-05,0,0,0,0,0,1.7217630853994492e-05,0,0,0,0,0,switch,_395-1566095-0_a,CLOSED,1000000,7621.023553,58.08,a
919,920,_391-1214037_n,_391-1214037_ln,0,0,0,0,0,0,0.40800038046035486,0,0,0.40800038046035486,0,0.40800038046035486,transformer,ava01539_tnk,,1000000,119.99994404998696,0.014399986572000001,abc
920,921,_391-1214037_ln,_406-1448211_n,4.662180639492745,1.1459477340426465,1.1010074771918827,4.694805989751398,1.1459477340426467,4.662180639492744,1.3724184006000386,0.5731589913315803,0.43716086658323355,1.2833412637748378,0.5731589913315802,1.3724184006000386,line,_389-2447249-1,,1000000,119.99994404998696,0.014399986572000001,abc
923,922,_395-1566093_ln,_395-1566096_sn,0,0,0,0.001407033,0,0,0,0,0,0.000700985,0,0,line,_411-1579572-0,,1000000,7621.023553,58.08,b
892,923,_391-1172438_n,_395-1566093_ln,0,0,0,1.7217630853994492e-05,0,0,0,0,0,1.7217630853994492e-05,0,0,switch,_395-1566093-0_b,CLOSED,1000000,7621.023553,58.08,b
925,924,_395-1566092_ln,_395-1566095_sn,0.002029556,0,0,0,0,0,0.001011127,0,0,0,0,0,line,_411-1579571-0,,1000000,7621.023553,58.08,a
892,925,_391-1172438_n,_395-1566092_ln,1.7217630853994492e-05,0,0,0,0,0,1.7217630853994492e-05,0,0,0,0,0,switch,_395-1566092-0_a,CLOSED,1000000,7621.023553,58.08,a
927,926,_500-2131649_n,_395-1522795_sn,0,0,0,0.000605089,0,0,0,0,0,0.000301456,0,0,line,_411-1536573-0,,1000000,7621.023553,58.08,b
889,927,_402-922103_ln,_500-2131649_n,0,0,0,2.826714597075167e-05,0,0,0,0,0,0.000149841,0,0,line,_394-1851932-0,,1000000,7621.023553,58.08,b
880,928,_409-748548_n,_409-748548_n_sec,0,0,0,0,0,0,0.0765,0,0,0.0765,0,0.0765,transformer,ave08888_av07660_av08110_tnk,,1000000,277.1281292110204,0.0768,abc
928,929,_409-748548_n_sec,_406-1358181_n,1.1904548584277204,0.29260965050117266,0.2811344737021883,1.1987855109113068,0.2926096505011727,1.1904548584277201,0.35043733375540737,0.14635209543413344,0.1116259359686899,0.32769211676185717,0.1463520954341334,0.35043733375540737,line,_389-2372610-0,,1000000,277.1281292110204,0.0768,abc
858,930,_500-2177604_n,_402-956022_sn,5.653429194150334e-05,2.0386523346462017e-05,2.0386523346462017e-05,5.653429194150334e-05,2.0386523346462017e-05,5.653429194150334e-05,0.000299682,0.000167049,0.000167049,0.000299682,0.000169945,0.000299682,line,_394-1887354-1,,1000000,7621.023553,58.08,abc
930,931,_402-956022_sn,_402-956022_ln,1.7217630853994492e-05,0,0,1.7217630853994492e-05,0,1.7217630853994492e-05,1.7217630853994492e-05,0,0,1.7217630853994492e-05,0,1.7217630853994492e-05,switch,_402-956022-0,CLOSED,1000000,7621.023553,58.08,abc
931,932,_402-956022_ln,_500-2177606_n,2.826714597075167e-05,0,0,0,0,0,0.000149841,0,0,0,0,0,line,_394-1887355-0,,1000000,7621.023553,58.08,a
932,933,_500-2177606_n,_395-1556524_sn,0.006815065,0,0,0,0,0,0.003395273,0,0,0,0,0,line,_411-1569667-0,,1000000,7621.023553,58.08,a
933,934,_395-1556524_sn,_391-1204452_n,1.7217630853994492e-05,0,0,0,0,0,1.7217630853994492e-05,0,0,0,0,0,switch,_395-1556524-0_a,CLOSED,1000000,7621.023553,58.08,a
935,934,_395-1556526_sn,_391-1204452_n,0,0,0,0,0,1.7217630853994492e-05,0,0,0,0,0,1.7217630853994492e-05,switch,_395-1556526-0_c,CLOSED,1000000,7621.023553,58.08,c
937,934,_395-1556525_sn,_391-1204452_n,0,0,0,1.7217630853994492e-05,0,0,0,0,0,1.7217630853994492e-05,0,0,switch,_395-1556525-0_b,CLOSED,1000000,7621.023553,58.08,b
936,935,_500-2177610_n,_395-1556526_sn,0,0,0,0,0,0.007147756,0,0,0,0,0,0.003561019,line,_411-1569669-0,,1000000,7621.023553,58.08,c
931,936,_402-956022_ln,_500-2177610_n,0,0,0,0,0,2.826714597075167e-05,0,0,0,0,0,0.000149841,line,_394-1887357-0,,1000000,7621.023553,58.08,c
938,937,_500-2177608_n,_395-1556525_sn,0,0,0,0.006863734,0,0,0,0,0,0.003419519,0,0,line,_411-1569668-0,,1000000,7621.023553,58.08,b
931,938,_402-956022_ln,_500-2177608_n,0,0,0,2.826714597075167e-05,0,0,0,0,0,0.000149841,0,0,line,_394-1887356-0,,1000000,7621.023553,58.08,b
934,939,_391-1204452_n,_391-1204452_ln,0,0,0,0,0,0,0.40800038046035486,0,0,0.40800038046035486,0,0.40800038046035486,transformer,ava01454_tnk,,1000000,119.99994404998696,0.014399986572000001,abc
939,940,_391-1204452_ln,_406-1440515_n,7.887253219129811,1.9386593212882823,1.8626315538285318,7.942447219266364,1.9386593212882828,7.887253219129809,2.321791514561173,0.9696428450582424,0.7395677514141399,2.1710950940441265,0.9696428450582423,2.321791514561173,line,_389-2437537-1,,1000000,119.99994404998696,0.014399986572000001,abc
760,941,_500-15178_n,_402-36895_sn,0.000476321,2.0231138259979837e-05,2.0231138259979837e-05,0.000476321,2.0231138259979837e-05,0.000476321,0.000343433,0.000165775,0.000168649,0.000343433,0.000165775,0.000343433,line,_389-150137-0,,1000000,7621.023553,58.08,abc
941,942,_402-36895_sn,_402-36895_ln,1.7217630853994492e-05,0,0,1.7217630853994492e-05,0,1.7217630853994492e-05,1.7217630853994492e-05,0,0,1.7217630853994492e-05,0,1.7217630853994492e-05,switch,_402-36895-0,CLOSED,1000000,7621.023553,58.08,abc
942,943,_402-36895_ln,_409-23027_n,0.000290475,1.2337575866685094e-05,1.2337575866685094e-05,0.000290475,1.2337575866685094e-05,0.000290475,0.000209436,0.000101095,0.000102848,0.000209436,0.000101095,0.000209436,line,_389-152006-6,,1000000,7621.023553,58.08,abc
943,944,_409-23027_n,_409-23067_n,0.006841172,0.00029057,0.00029057,0.006841172,0.00029057,0.006841172,0.004932563,0.002380953,0.002422231,0.004932563,0.002380953,0.004932563,line,_389-152006-7,,1000000,7621.023553,58.08,abc
944,945,_409-23067_n,_500-15174_n,0.000191699,8.142178531666233e-06,8.142178531666233e-06,0.000191699,8.142178531666233e-06,0.000191699,0.000138217,6.671761321582408e-05,6.787427153113187e-05,0.000138217,6.671761321582408e-05,0.000138217,line,_389-152006-5,,1000000,7621.023553,58.08,abc
944,946,_409-23067_n,_409-23067_n_sec,0,0,0,0,0,0,0.40800038046035486,0,0,0.40800038046035486,0,0.40800038046035486,transformer,ave09595_ave01178_ave07794_tnk,,1000000,119.99994404998696,0.014399986572000001,abc
946,947,_409-23067_n_sec,_500-2846049_n,10.705332305253059,2.6313333278980457,2.5281411908548113,10.780246866292494,2.631333327898046,10.705332305253057,3.151356881329649,1.3160917477053866,1.0038118875065942,2.946817326933914,1.3160917477053864,3.151356881329649,line,_389-153472-4,,1000000,119.99994404998696,0.014399986572000001,abc
947,948,_500-2846049_n,_406-92631_n,2.3268800422272644,0.5719389954975039,0.5495094512896275,2.343163254367194,0.571938995,2.326880042227264,0.6849698098118194,0.28606189272358823,0.2181856462357018,0.6405116843283206,0.2860618927235882,0.6849698098118194,line,_389-153472-5,,1000000,119.99994404998696,0.014399986572000001,abc
947,949,_500-2846049_n,_500-2846050_n,14.373887450236213,3.533051382319322,3.3944968637565522,14.474474096036671,3.533051382319323,14.37388745023621,4.231279126714508,1.7670964446773165,1.3478030088938828,3.9566469667615567,1.7670964446773163,4.231279126714508,line,_389-3022433-0,,1000000,119.99994404998696,0.014399986572000001,abc
946,950,_409-23067_n_sec,_500-3369137_n,26.193539872213304,6.4382807068548935,6.185792761682512,26.376838950246867,6.438280706854894,26.19353987,7.710661357254401,3.2201804377521417,2.456101870532653,7.210199081003483,3.220180437752141,7.710661357254401,line,_389-3492811-0,,1000000,119.99994404998696,0.014399986572000001,abc
946,951,_409-23067_n_sec,_406-92768_n,11.724219464877299,2.8817722366623326,2.7687587189828387,11.806264069350746,2.881772236662333,11.724219464877297,3.4512893794740283,1.4413516597182485,1.0993503550380295,3.227282636,1.4413516597182483,3.4512893794740283,line,_389-153737-1,,1000000,119.99994404998696,0.014399986572000001,abc
946,952,_409-23067_n_sec,_406-92769_n,12.316465169231888,3.0273441643462573,2.908621800071031,12.402654234213808,3.0273441643462577,12.316465169231885,3.625630308147483,1.5141611402546504,1.1548837342367422,3.390307926215526,1.51416114,3.625630308147483,line,_389-153738-1,,1000000,119.99994404998696,0.014399986572000001,abc
943,953,_409-23027_n,_409-23027_n_sec,0,0,0,0,0,0,0.40800038046035486,0,0,0.40800038046035486,0,0.40800038046035486,transformer,ava08687_ava01040_ava06249_tnk,,1000000,119.99994404998696,0.014399986572000001,abc
953,954,_409-23027_n_sec,_406-92756_n,9.046482962724333,2.223593947513215,2.1363919921670314,9.109789105941454,2.2235939475132156,9.046482962724332,2.663037028978883,1.1121561884778346,0.8482657874760758,2.4901919886491886,1.1121561884778346,2.663037028978883,line,_389-153709-1,,1000000,119.99994404998696,0.014399986572000001,abc
759,955,_409-23064_n,_409-23064_n_sec,0,0,0,0,0,0,0.40800038046035486,0,0,0.40800038046035486,0,0.40800038046035486,transformer,se2952___se2969_tnk,,1000000,119.99994404998696,0.014399986572000001,abc
955,956,_409-23064_n_sec,_406-92629_n,3.0938732310647103,0,0.8190961538815591,0,0,3.0938732310647103,1.1381317924953962,0,0.540715631,0,0,1.138131792495396,line,_389-153470-0,,1000000,119.99994404998696,0.014399986572000001,ac
955,957,_409-23064_n_sec,_500-2251159_n,14.614978919977688,0,3.869283622294414,0,0,14.614978919977688,5.376358665397667,0,2.5542570636564097,0,0,5.3763586653976665,line,_389-581637-2,,1000000,119.99994404998696,0.014399986572000001,ac
758,958,_500-15177_n,_402-36888_sn,0.000584007,2.4146842439330777e-05,2.4146842439330777e-05,0.000584007,2.4146842439330777e-05,0.000584007,0.000405254,0.000197861,0.000201291,0.000405254,0.000197861,0.000405254,line,_389-150138-1,,1000000,7621.023553,58.08,abc
958,959,_402-36888_sn,_402-36888_ln,1.7217630853994492e-05,0,0,1.7217630853994492e-05,0,1.7217630853994492e-05,1.7217630853994492e-05,0,0,1.7217630853994492e-05,0,1.7217630853994492e-05,switch,_402-36888-0,CLOSED,1000000,7621.023553,58.08,abc
959,960,_402-36888_ln,_409-23095_n,0.00158366,6.547927544359067e-05,6.547927544359067e-05,0.00158366,6.547927544359067e-05,0.00158366,0.001098932,0.000536542,0.000545844,0.001098932,0.000536542,0.001098932,line,_389-761142-6,,1000000,7621.023553,58.08,abc
960,961,_409-23095_n,_409-176291_n,0.002810301,0.000116197,0.000116197,0.002810301,0.000116197,0.002810301,0.001950122,0.000952127,0.000968633,0.001950122,0.000952127,0.001950122,line,_389-761142-8,,1000000,7621.023553,58.08,abc
961,962,_409-176291_n,_500-204024_n,0.000739592,3.057978501969303e-05,3.057978501969303e-05,0.000739592,3.057978501969303e-05,0.000739592,0.000513217,0.000250573,0.000254917,0.000513217,0.000250573,0.000513217,line,_389-761142-9,,1000000,7621.023553,58.08,abc
961,963,_409-176291_n,_409-176291_n_sec,0,0,0,0,0,0,0.40800038046035486,0,0,0.40800038046035486,0,0.40800038046035486,transformer,sg0569_sg0564_sg0566_tnk,,1000000,119.99994404998696,0.014399986572000001,abc
963,964,_409-176291_n_sec,_500-344999_n,4.757613596592537,1.1694048219158857,1.123544656135004,4.790906774610849,1.169404821915886,4.7576135965925355,1.4005112516659033,0.5848913246881569,0.446109373,1.3096107417810658,0.5848913246881567,1.4005112516659033,line,_389-922127-0,,1000000,119.99994404998696,0.014399986572000001,abc
963,965,_409-176291_n_sec,_406-92627_n,9.534875154940911,2.3436390442762614,2.251729319699474,9.601599004928055,2.343639044276262,9.534875155,2.806806325610073,1.1721981297732558,0.8940610859622181,2.624629906,1.1721981297732558,2.806806325610073,line,_389-761141-0,,1000000,119.99994404998696,0.014399986572000001,abc
963,966,_409-176291_n_sec,_406-1853781_n,8.313894674399466,2.0435263023686447,1.963386000868367,8.372074257461554,2.043526302368645,8.313894674399464,2.4473830840320976,1.0220932765347024,0.7795728397468621,2.2885351133660867,1.0220932765347024,2.4473830840320976,line,_389-761137-2,,1000000,119.99994404998696,0.014399986572000001,abc
960,967,_409-23095_n,_409-23095_n_sec,0,0,0,0,0,0,0.40800038046035486,0,0,0.40800038046035486,0,0.40800038046035486,transformer,ava22958_ava22977_ava23008_tnk,,1000000,119.99994404998696,0.014399986572000001,abc
967,968,_409-23095_n_sec,_406-92628_n,5.821410383,1.4308823602675793,1.3747679155303827,5.862147876,1.4308823602675795,5.821410383087269,1.7136639150177484,0.7156723347511725,0.5458589026451695,1.602438158,0.7156723347511723,1.7136639150177484,line,_389-153469-1,,1000000,119.99994404998696,0.014399986572000001,abc
274,969,_500-15167_n,_396-164547_sn,5.653429194150334e-05,2.0386523346462017e-05,2.0386523346462017e-05,5.653429194150334e-05,2.0386523346462017e-05,5.653429194150334e-05,0.000299682,0.000167049,0.000167049,0.000299682,0.000169945,0.000299682,line,_394-2623098-0,,1000000,7621.023553,58.08,abc
969,970,_396-164547_sn,_396-164547_ln,1.7217630853994492e-05,0,0,1.7217630853994492e-05,0,1.7217630853994492e-05,1.7217630853994492e-05,0,0,1.7217630853994492e-05,0,1.7217630853994492e-05,switch,_396-164547-0_a_396-164547-0_b_396-164547-0_c,CLOSED,1000000,7621.023553,58.08,abc
970,971,_396-164547_ln,_500-3093433_n,0,0,0,0,0,2.826714597075167e-05,0,0,0,0,0,0.000149841,line,_394-2623103-0,,1000000,7621.023553,58.08,c
971,972,_500-3093433_n,_411-2255922-0_n,0,0,0,0,0,0.015613427428152894,0,0,0,0,0,0.007096102,line,_411-2255922-0,,1000000,7621.023553,58.08,c
970,973,_396-164547_ln,_500-3093431_n,0,0,0,2.826714597075167e-05,0,0,0,0,0,0.000149841,0,0,line,_394-2623101-0,,1000000,7621.023553,58.08,b
973,974,_500-3093431_n,_411-2255921-0_n,0,0,0,0.015404289227671297,0,0,0,0,0,0.007001051,0,0,line,_411-2255921-0,,1000000,7621.023553,58.08,b
970,975,_396-164547_ln,_500-3093429_n,2.826714597075167e-05,0,0,0,0,0,0.000149841,0,0,0,0,0,line,_394-2623099-0,,1000000,7621.023553,58.08,a
975,976,_500-3093429_n,_411-2255920-0_n,0.015264616552408761,0,0,0,0,0,0.006937572,0,0,0,0,0,line,_411-2255920-0,,1000000,7621.023553,58.08,a
274,977,_500-15167_n,_389-160652-0_n,0,0,0,0.00023999,0,0,0,0,0,0.000173035,0,0,line,_389-160652-0,,1000000,7621.023553,58.08,b
977,978,_389-160652-0_n,_403-40080_ln,0,0,0,1.7217630853994492e-05,0,0,0,0,0,1.7217630853994492e-05,0,0,switch,_403-40080-0,CLOSED,1000000,7621.023553,58.08,b
271,979,_500-15165_n,_403-1269049_sn,0.00016609,7.054482926290973e-06,7.054482926290973e-06,0.00016609,7.054482926290973e-06,0.00016609,0.000119753,5.7804954961801785e-05,5.880709785330891e-05,0.000119753,5.7804954961801785e-05,0.000119753,line,_389-3096210-0,,1000000,7621.023553,58.08,abc
979,980,_403-1269049_sn,_403-1269049_ln,1.7217630853994492e-05,0,0,1.7217630853994492e-05,0,1.7217630853994492e-05,1.7217630853994492e-05,0,0,1.7217630853994492e-05,0,1.7217630853994492e-05,switch,_403-1269049-0,CLOSED,1000000,7621.023553,58.08,abc
980,981,_403-1269049_ln,_409-1333350_n,0.000151457,6.432942580362253e-06,6.432942580362253e-06,0.000151457,6.432942580362253e-06,0.000151457,0.000109202,5.2712007388074743e-05,5.3625855751695785e-05,0.000109202,5.2712007388074743e-05,0.000109202,line,_389-4600595-0,,1000000,7621.023553,58.08,abc
981,982,_409-1333350_n,_409-1333350_n_sec,0,0,0,0,0,0,0.40800038046035486,0,0,0.40800038046035486,0,0.40800038046035486,transformer,ava14619_____tnk,,1000000,119.99994404998696,0.014399986572000001,a
982,983,_409-1333350_n_sec,_500-3105238_n,24.770751960878982,7.135738446367769,0,24.770751960878982,0,0,10.079766838202021,7.709606789902775,0,10.079766838202021,0,0,line,_389-3247443-0,,1000000,119.99994404998696,0.014399986572000001,ab
982,984,_409-1333350_n_sec,_406-2022164_n,1.0334194876220055,0.2976983169786806,0,1.0334194876220055,0,0,0.4205212460943953,0.32163972701237875,0,0.4205212460943953,0,0,line,_389-3247444-0,,1000000,119.99994404998696,0.014399986572000001,ab
981,985,_409-1333350_n,_500-4536981_n,0.000546562,2.3214531920437697e-05,2.3214531920437697e-05,0.000546562,2.3214531920437697e-05,0.000546562,0.000394077,0.000190222,0.000193519,0.000394077,0.000190222,0.000394077,line,_389-4600595-5,,1000000,7621.023553,58.08,abc
985,986,_500-4536981_n,_402-2365640_sn,5.653429194150334e-05,2.0386523346462017e-05,2.0386523346462017e-05,5.653429194150334e-05,2.0386523346462017e-05,5.653429194150334e-05,0.000299682,0.000167049,0.000167049,0.000299682,0.000169945,0.000299682,line,_394-3610164-1,,1000000,7621.023553,58.08,abc
986,987,_402-2365640_sn,_402-2365640_ln,1.7217630853994492e-05,0,0,1.7217630853994492e-05,0,1.7217630853994492e-05,1.7217630853994492e-05,0,0,1.7217630853994492e-05,0,1.7217630853994492e-05,switch,_402-2365640-0,CLOSED,1000000,7621.023553,58.08,abc
987,988,_402-2365640_ln,_500-4537019_n,0,0,0,0,0,2.826714597075167e-05,0,0,0,0,0,0.000149841,line,_394-3610169-0,,1000000,7621.023553,58.08,c
988,989,_500-4537019_n,_395-3109884_sn,0,0,0,0,0,0.005158929,0,0,0,0,0,0.002007766,line,_411-3122976-0,,1000000,7621.023553,58.08,c
989,990,_395-3109884_sn,_391-2602718_n,0,0,0,0,0,1.7217630853994492e-05,0,0,0,0,0,1.7217630853994492e-05,switch,_395-3109884-0_c,CLOSED,1000000,7621.023553,58.08,c
1000,990,_395-3109851_sn,_391-2602718_n,0,0,0,1.7217630853994492e-05,0,0,0,0,0,1.7217630853994492e-05,0,0,switch,_395-3109851-0_b,CLOSED,1000000,7621.023553,58.08,b
1011,990,_395-3109850_sn,_391-2602718_n,1.7217630853994492e-05,0,0,0,0,0,1.7217630853994492e-05,0,0,0,0,0,switch,_395-3109850-0_a,CLOSED,1000000,7621.023553,58.08,a
990,991,_391-2602718_n,_395-3109894_ln,1.7217630853994492e-05,0,0,0,0,0,1.7217630853994492e-05,0,0,0,0,0,switch,_395-3109894-0_a,CLOSED,1000000,7621.023553,58.08,a
991,992,_395-3109894_ln,_395-3109897_sn,0.000382812,0,0,0,0,0,0.000190717,0,0,0,0,0,line,_411-3122986-0,,1000000,7621.023553,58.08,a
992,993,_395-3109897_sn,_391-2602721_n,1.7217630853994492e-05,0,0,0,0,0,1.7217630853994492e-05,0,0,0,0,0,switch,_395-3109897-0_a,CLOSED,1000000,7621.023553,58.08,a
994,993,_395-3109899_sn,_391-2602721_n,0,0,0,0,0,1.7217630853994492e-05,0,0,0,0,0,1.7217630853994492e-05,switch,_395-3109899-0_c,CLOSED,1000000,7621.023553,58.08,c
996,993,_395-3109898_sn,_391-2602721_n,0,0,0,1.7217630853994492e-05,0,0,0,0,0,1.7217630853994492e-05,0,0,switch,_395-3109898-0_b,CLOSED,1000000,7621.023553,58.08,b
995,994,_395-3109896_ln,_395-3109899_sn,0,0,0,0,0,0.000862961,0,0,0,0,0,0.000429928,line,_411-3122988-0,,1000000,7621.023553,58.08,c
990,995,_391-2602718_n,_395-3109896_ln,0,0,0,0,0,1.7217630853994492e-05,0,0,0,0,0,1.7217630853994492e-05,switch,_395-3109896-0_c,CLOSED,1000000,7621.023553,58.08,c
997,996,_395-3109895_ln,_395-3109898_sn,0,0,0,0.00054044,0,0,0,0,0,0.000269248,0,0,line,_411-3122987-0,,1000000,7621.023553,58.08,b
990,997,_391-2602718_n,_395-3109895_ln,0,0,0,1.7217630853994492e-05,0,0,0,0,0,1.7217630853994492e-05,0,0,switch,_395-3109895-0_b,CLOSED,1000000,7621.023553,58.08,b
993,998,_391-2602721_n,_391-2602721_ln,0,0,0,0,0,0,0.0765,0,0,0.0765,0,0.0765,transformer,ave31592_tnk,,1000000,277.1281292110204,0.0768,abc
998,999,_391-2602721_ln,_406-2057957_n,0.47102435821963295,0.115776144,0.11123578866642729,0.4743205270847125,0.11577614376593703,0.4710243582196329,0.13865668156988928,0.057906775,0.044166761,0.1296571372687277,0.057906775160720333,0.13865668156988928,line,_389-4600596-0,,1000000,277.1281292110204,0.0768,abc
1001,1000,_500-4537017_n,_395-3109851_sn,0,0,0,0.004895613,0,0,0,0,0,0.001905288,0,0,line,_411-3122943-0,,1000000,7621.023553,58.08,b
987,1001,_402-2365640_ln,_500-4537017_n,0,0,0,2.826714597075167e-05,0,0,0,0,0,0.000149841,0,0,line,_394-3610167-0,,1000000,7621.023553,58.08,b
990,1002,_391-2602718_n,_395-3109889_ln,0,0,0,0,0,1.7217630853994492e-05,0,0,0,0,0,1.7217630853994492e-05,switch,_395-3109889-0_c,CLOSED,1000000,7621.023553,58.08,c
1002,1003,_395-3109889_ln,_395-3109890_sn,0,0,0,0,0,0.003560803,0,0,0,0,0,0.001773996,line,_411-3122979-0,,1000000,7621.023553,58.08,c
1003,1004,_395-3109890_sn,_391-1713300_n,0,0,0,0,0,1.7217630853994492e-05,0,0,0,0,0,1.7217630853994492e-05,switch,_395-3109890-0_c,CLOSED,1000000,7621.023553,58.08,c
1007,1004,_395-3109888_sn,_391-1713300_n,0,0,0,1.7217630853994492e-05,0,0,0,0,0,1.7217630853994492e-05,0,0,switch,_395-3109888-0_b,CLOSED,1000000,7621.023553,58.08,b
1009,1004,_395-3109886_sn,_391-1713300_n,1.7217630853994492e-05,0,0,0,0,0,1.7217630853994492e-05,0,0,0,0,0,switch,_395-3109886-0_a,CLOSED,1000000,7621.023553,58.08,a
1004,1005,_391-1713300_n,_391-1713300_ln,0,0,0,0,0,0,0.0765,0,0,0.0765,0,0.0765,transformer,ava11860_tnk,,1000000,277.1281292110204,0.0768,abc
1005,1006,_391-1713300_ln,_406-1943459_n,0.5941748608156041,0.1460461076108859,0.14031866525630884,0.5983328213169167,0.14604610761088593,0.5941748608156039,0.17490881954458656,0.073046647,0.055714271,0.16355632176133364,0.073046647,0.17490881954458656,line,_389-3096211-0,,1000000,277.1281292110204,0.0768,abc
1008,1007,_395-3109887_ln,_395-3109888_sn,0,0,0,0.003579689,0,0,0,0,0,0.001783405,0,0,line,_411-3122978-0,,1000000,7621.023553,58.08,b
990,1008,_391-2602718_n,_395-3109887_ln,0,0,0,1.7217630853994492e-05,0,0,0,0,0,1.7217630853994492e-05,0,0,switch,_395-3109887-0_b,CLOSED,1000000,7621.023553,58.08,b
1010,1009,_395-3109885_ln,_395-3109886_sn,0.003764194,0,0,0,0,0,0.001875325,0,0,0,0,0,line,_411-3122977-0,,1000000,7621.023553,58.08,a
990,1010,_391-2602718_n,_395-3109885_ln,1.7217630853994492e-05,0,0,0,0,0,1.7217630853994492e-05,0,0,0,0,0,switch,_395-3109885-0_a,CLOSED,1000000,7621.023553,58.08,a
1012,1011,_500-4537015_n,_395-3109850_sn,0.00480457,0,0,0,0,0,0.001869856,0,0,0,0,0,line,_411-3122942-0,,1000000,7621.023553,58.08,a
987,1012,_402-2365640_ln,_500-4537015_n,2.826714597075167e-05,0,0,0,0,0,0.000149841,0,0,0,0,0,line,_394-3610165-0,,1000000,7621.023553,58.08,a
239,1013,_409-23055_n,_409-23055_n_sec,0,0,0,0,0,0,0.40800038046035486,0,0,0.40800038046035486,0,0.40800038046035486,transformer,__be0644_sf7374_tnk,,1000000,119.99994404998696,0.014399986572000001,abc
1013,1014,_409-23055_n_sec,_406-92373_n,0,0,0,5.638092292,1.5470376619916089,5.638092292,0,0,0,1.9593143262498605,1.0834209875255052,1.9593143262498605,line,_389-153102-0,,1000000,119.99994404998696,0.014399986572000001,bc
238,1015,_409-23073_n,_409-23073_n_sec,0,0,0,0,0,0,0.40800038046035486,0,0,0.40800038046035486,0,0.40800038046035486,transformer,avc10829_avc12818_avc12597_tnk,,1000000,119.99994404998696,0.014399986572000001,abc
1015,1016,_409-23073_n_sec,_406-92372_n,3.5899632979597964,0.8824004526433143,0.8477956431838762,3.615085406918747,0.8824004526433145,3.5899632979597955,1.0567869562717938,0.44134277538416083,0.3366217630102082,0.9881959520578072,0.4413427753841608,1.0567869562717938,line,_389-153101-0,,1000000,119.99994404998696,0.014399986572000001,abc
11,1017,_409-1200484_n,_409-1200484_ln,0,0,0,0,0,0,0.40800038046035486,0,0,0.40800038046035486,0,0.40800038046035486,transformer,__zf102___tnk,,1000000,119.99994404998696,0.014399986572000001,b
9,1018,_500-2944322_n,_389-3110002-0_n,4.705445640253174e-05,1.6968051443854057e-05,1.6968051443854057e-05,4.705445640253174e-05,1.6968051443854057e-05,4.705445640253174e-05,0.00024943,0.000139037,0.000141448,0.00024943,0.000139037,0.00024943,line,_389-3110002-0,,1000000,7621.023553,58.08,abc
1018,1019,_389-3110002-0_n,_390-197500_ln,1.7217630853994492e-05,0,0,1.7217630853994492e-05,0,1.7217630853994492e-05,1.7217630853994492e-05,0,0,1.7217630853994492e-05,0,1.7217630853994492e-05,switch,_390-197500-0,CLOSED,1000000,7621.023553,58.08,abc
8,1020,_500-15126_n,_402-36901_sn,5.705137387999271e-05,2.0572985450240638e-05,2.0572985450240638e-05,5.705137387999271e-05,2.0572985450240638e-05,5.705137387999271e-05,0.000302423,0.000168577,0.000171499,0.000302423,0.000168577,0.000302423,line,_401-10912-0,,1000000,7621.023553,58.08,abc
1020,1021,_402-36901_sn,_402-36901_ln,1.7217630853994492e-05,0,0,1.7217630853994492e-05,0,1.7217630853994492e-05,1.7217630853994492e-05,0,0,1.7217630853994492e-05,0,1.7217630853994492e-05,switch,_402-36901-0,CLOSED,1000000,7621.023553,58.08,abc
1021,1022,_402-36901_ln,_500-15124_n,5.153583320277286e-05,1.8584056343268728e-05,1.8584056343268728e-05,5.153583320277286e-05,1.8584056343268728e-05,5.153583320277286e-05,0.000273185,0.000152279,0.000154919,0.000273185,0.000152279,0.000273185,line,_401-10910-0,,1000000,7621.023553,58.08,abc
1022,1023,_500-15124_n,_409-22705_n,0.00191362,7.912208603672606e-05,7.912208603672606e-05,0.00191362,7.912208603672606e-05,0.00191362,0.001327898,0.000648332,0.000659572,0.001327898,0.000648332,0.001327898,line,_389-451524-0,,1000000,7621.023553,58.08,abc
1023,1024,_409-22705_n,_409-23013_n,0.006313594,0.000261047,0.000261047,0.006313594,0.000261047,0.006313594,0.004381124,0.002139038,0.002176122,0.004381124,0.002139038,0.004381124,line,_389-451524-6,,1000000,7621.023553,58.08,abc
1024,1025,_409-23013_n,_409-23011_n,0.004091059,0.000169152,0.000169152,0.004091059,0.000169152,0.004091059,0.002838864,0.001386046,0.001410075,0.002838864,0.001386046,0.002838864,line,_389-451524-2,,1000000,7621.023553,58.08,abc
1025,1026,_409-23011_n,_403-141578_sn,0.000202185,8.359717652741286e-06,8.359717652741286e-06,0.000202185,8.359717652741286e-06,0.000202185,0.0001403,6.850014486662855e-05,6.968770626669647e-05,0.0001403,6.850014486662855e-05,0.0001403,line,_389-451524-3,,1000000,7621.023553,58.08,abc
1026,1027,_403-141578_sn,_403-141578_ln,1.7217630853994492e-05,0,0,1.7217630853994492e-05,0,1.7217630853994492e-05,1.7217630853994492e-05,0,0,1.7217630853994492e-05,0,1.7217630853994492e-05,switch,_403-141578-0,CLOSED,1000000,7621.023553,58.08,abc
1027,1028,_403-141578_ln,_409-23043_n,0.002362336,9.767506536269836e-05,9.767506536269836e-05,0.002362336,9.767506536269836e-05,0.002362336,0.00163927,0.000800357,0.000814232,0.00163927,0.000800357,0.00163927,line,_389-451525-9,,1000000,7621.023553,58.08,abc
1028,1029,_409-23043_n,_409-23043_n_sec,0,0,0,0,0,0,0.40800038046035486,0,0,0.40800038046035486,0,0.40800038046035486,transformer,ava14412_ava14386_ava13094_tnk,,1000000,119.99994404998696,0.014399986572000001,abc
1029,1030,_409-23043_n_sec,_406-2950467_n,4.664987491,1.1466376483918594,1.1016703353960922,4.697632483423734,1.1466376483918597,4.664987491172149,1.3732446609255051,0.5735040599597149,0.43742405795384354,1.284113895480903,0.5735040599597148,1.3732446609255051,line,_389-4120984-1,,1000000,119.99994404998696,0.014399986572000001,abc
1029,1031,_409-23043_n_sec,_406-92396_n,10.46113620914477,2.571310779516523,2.470472527,10.534341916799194,2.571310779516523,10.461136209144767,3.0794722330140543,1.286070777057676,0.980914238,2.8795983685062136,1.2860707770576758,3.0794722330140543,line,_389-153157-3,,1000000,119.99994404998696,0.014399986572000001,abc
1028,1032,_409-23043_n,_409-23092_n,0.001006417,4.1612126159927815e-05,4.1612126159927815e-05,0.001006417,4.1612126159927815e-05,0.001006417,0.000698372,0.000340973,0.000346884,0.000698372,0.000340973,0.000698372,line,_389-451525-11,,1000000,7621.023553,58.08,abc
1032,1033,_409-23092_n,_500-15123_n,0.001833197,7.579684518600741e-05,7.579684518600741e-05,0.001833197,7.579684518600741e-05,0.001833197,0.001272091,0.000621085,0.000631852,0.001272091,0.000621085,0.001272091,line,_389-451525-12,,1000000,7621.023553,58.08,abc
1033,1034,_500-15123_n,_409-1392532_n,0.005431194,0.000224563,0.000224563,0.005431194,0.000224563,0.005431194,0.00376881,0.001840082,0.001871983,0.00376881,0.001840082,0.00376881,line,_389-150148-0,,1000000,7621.023553,58.08,abc
1034,1035,_409-1392532_n,_409-23081_n,0.002769714,0.000114519,0.000114519,0.002769714,0.000114519,0.002769714,0.001921957,0.000938376,0.000954644,0.001921957,0.000938376,0.001921957,line,_389-150148-1,,1000000,7621.023553,58.08,abc
1035,1036,_409-23081_n,_403-40075_sn,0.000197676,8.173255548962668e-06,8.173255548962668e-06,0.000197676,8.173255548962668e-06,0.000197676,0.000137171,6.697226059451043e-05,6.813333363621252e-05,0.000137171,6.697226059451043e-05,0.000137171,line,_389-150148-2,,1000000,7621.023553,58.08,abc
1036,1037,_403-40075_sn,_403-40075_ln,1.7217630853994492e-05,0,0,0,0,0,1.7217630853994492e-05,0,0,0,0,0,switch,_403-40075-0,CLOSED,1000000,7621.023553,58.08,a
1037,1038,_403-40075_ln,_409-425303_n,0.003477738,0,0,0,0,0,0.002413269,0,0,0,0,0,line,_389-1341433-0,,1000000,7621.023553,58.08,a
1038,1039,_409-425303_n,_409-425303_n_sec,0,0,0,0,0,0,0.40800038046035486,0,0,0.40800038046035486,0,0.40800038046035486,transformer,sf9664_____tnk,,1000000,119.99994404998696,0.014399986572000001,a
1039,1040,_409-425303_n_sec,_406-92333_n,10.462304730057495,3.0138879198254855,0,10.462304730057495,0,0,4.257343193930862,3.256269963555074,0,4.257343193930862,0,0,line,_389-1341440-0,,1000000,119.99994404998696,0.014399986572000001,ab
1039,1041,_409-425303_n_sec,_406-92409_n,10.430988988008343,3.004866758704919,0,10.430988988008343,0,0,4.244600125867395,3.2465233051607596,0,4.244600125867395,0,0,line,_389-1341554-0,,1000000,119.99994404998696,0.014399986572000001,ab
1039,1042,_409-425303_n_sec,_406-92334_n,19.461310240727354,5.606241583653611,0,19.461310240727354,0,0,7.919237571077925,6.057105162139453,0,7.919237571077925,0,0,line,_389-1341553-0,,1000000,119.99994404998696,0.014399986572000001,ab
1039,1043,_409-425303_n_sec,_406-793986_n,1.4576054481059693,0.41989404488453025,0,1.4576054481059693,0,0,0.5931318953177146,0.45366264526263894,0,0.5931318953177146,0,0,line,_389-1341432-0,,1000000,119.99994404998696,0.014399986572000001,ab
1038,1044,_409-425303_n,_500-805235_n,0.000335973,0,0,0,0,0,0.000233138,0,0,0,0,0,line,_389-1341433-1,,1000000,7621.023553,58.08,a
1035,1045,_409-23081_n,_409-23081_n_sec,0,0,0,0,0,0,0.40800038046035486,0,0,0.40800038046035486,0,0.40800038046035486,transformer,sc3117_sc3067_sc3066_tnk,,1000000,119.99994404998696,0.014399986572000001,abc
1045,1046,_409-23081_n_sec,_500-3255554_n,18.477504605527237,4.541706160868598,4.363595558310756,18.606807844993043,4.541706161,18.477504605527233,5.439271722546692,2.271586779,1.732588792725723,5.086234521029354,2.2715867790101094,5.439271722546692,line,_389-3385938-0,,1000000,119.99994404998696,0.014399986572000001,abc
1046,1047,_500-3255554_n,_500-3255553_n,0.5417223741252859,0.13315346939809197,0.12793163341242228,0.5455132787609993,0.133153469,0.5417223741252858,0.15946824281505567,0.066598245,0.050795935,0.1491179192706464,0.066598245,0.15946824281505567,line,_389-3385938-1,,1000000,119.99994404998696,0.014399986572000001,abc
1047,1048,_500-3255553_n,_406-2075832_n,10.781117300597012,2.6499610153267947,2.5460383623684666,10.856562195445587,2.649961015326795,10.781117300597009,3.1736659101172475,1.325408600665021,1.0109180545130645,2.967678382997683,1.3254086006650208,3.1736659101172475,line,_389-3385940-0,,1000000,119.99994404998696,0.014399986572000001,abc
1046,1049,_500-3255554_n,_406-2095731_n,0.46313052710192837,0.11383586762013047,0.10937160369455792,0.4663714559355694,0.11383586762013048,0.46313052710192826,0.13633295370199058,0.056936323642209956,0.043426576150652346,0.1274842315008117,0.056936324,0.13633295370199058,line,_389-3385939-0,,1000000,119.99994404998696,0.014399986572000001,abc
1045,1050,_409-23081_n_sec,_406-1855459_n,1.9114659936752314,0.46983167181399293,0.4514064370666299,1.9248421908613496,0.469831672,1.911465993675231,0.5626832816427612,0.23499173575966656,0.17923332338541967,0.5261621918306228,0.2349917357596665,0.5626832816427612,line,_389-153161-0,,1000000,119.99994404998696,0.014399986572000001,abc
1045,1051,_409-23081_n_sec,_406-1855460_n,2.568269286656148,0.6312716295298144,0.6065152568516393,2.5862417101881574,0.6312716295298145,2.5682692866561476,0.756028198,0.3157377947431643,0.240820104,0.7069580110499558,0.31573779474316427,0.756028198,line,_389-4625081-0,,1000000,119.99994404998696,0.014399986572000001,abc
1045,1052,_409-23081_n_sec,_406-92398_n,13.057474012594971,3.209481552538466,3.0836163659823232,13.148848563710716,3.2094815525384663,13.05747401259497,3.8437630340706677,1.6052592580821863,1.2243662560777862,3.5942826966168244,1.6052592580821858,3.8437630340706677,line,_389-153159-0,,1000000,119.99994404998696,0.014399986572000001,abc
1045,1053,_409-23081_n_sec,_500-2741537_n,9.380498312573602,2.305693755069551,2.2152721184679547,9.446141853,2.3056937550695515,9.380498312573602,2.761362007709409,1.1532193552258527,0.8795855605786675,2.582135161670986,1.1532193552258525,2.761362007709409,line,_389-2933281-0,,1000000,119.99994404998696,0.014399986572000001,abc
1053,1054,_500-2741537_n,_406-92408_n,3.994149939794206,0.9817481189299735,0.943247225,4.022100495735244,0.9817481189299737,3.9941499397942057,1.1757684431389854,0.49103265783554406,0.37452132037805014,1.0994549177312427,0.491032658,1.1757684431389854,line,_389-2933282-0,,1000000,119.99994404998696,0.014399986572000001,abc
1034,1055,_409-1392532_n,_409-1392532_n_sec,0,0,0,0,0,0,0.40800038046035486,0,0,0.40800038046035486,0,0.40800038046035486,transformer,ave01310_ave07138_ava11747_tnk,,1000000,119.99994404998696,0.014399986572000001,abc
1055,1056,_409-1392532_n_sec,_406-92399_n,1.7177932277962433,0.42222758171830205,0.40566922097617847,1.7298141274701118,0.4222275817183021,1.717793227796243,0.5056713191855651,0.21118200041837878,0.1610731188133287,0.47285060411210167,0.21118200041837873,0.5056713191855651,line,_389-3374211-0,,1000000,119.99994404998696,0.014399986572000001,abc
1033,1057,_500-15123_n,_409-23045_n,0.002318743,9.587259835950507e-05,9.587259835950507e-05,0.002318743,9.587259835950507e-05,0.002318743,0.00160902,0.000785587,0.000799207,0.00160902,0.000785587,0.00160902,line,_389-150201-9,,1000000,7621.023553,58.08,abc
1057,1058,_409-23045_n,_409-23045_n_sec,0,0,0,0,0,0,0.40800038046035486,0,0,0.40800038046035486,0,0.40800038046035486,transformer,avc16240_avc16403_avv00169_tnk,,1000000,119.99994404998696,0.014399986572000001,abc
1058,1059,_409-23045_n_sec,_500-3269002_n,6.365939609,1.5647257440148843,1.5033624071470144,6.410487648859826,1.5647257440148845,6.365939608891959,1.873958418158271,0.782615649,0.5969180285435122,1.752328709356612,0.7826156486092859,1.873958418158271,line,_389-3400663-0,,1000000,119.99994404998696,0.014399986572000001,abc
1058,1060,_409-23045_n_sec,_406-92410_n,16.891633406663058,4.151904553563304,3.9890806729324213,17.009838920122764,4.151904553563304,16.891633406663054,4.972434638658057,2.0766230041140576,1.5838856683310654,4.649697607102332,2.0766230041140576,4.972434638658057,line,_389-153203-3,,1000000,119.99994404998696,0.014399986572000001,abc
1057,1061,_409-23045_n,_500-15127_n,0.000196924,8.142178531666233e-06,8.142178531666233e-06,0.000196924,8.142178531666233e-06,0.000196924,0.000136649,6.671761321582408e-05,6.787427153113187e-05,0.000136649,6.671761321582408e-05,0.000136649,line,_389-150201-10,,1000000,7621.023553,58.08,abc
1033,1062,_500-15123_n,_409-23012_n,0.008811222,0.000364316,0.000364316,0.008811222,0.000364316,0.008811222,0.006114275,0.002985231,0.003036985,0.006114275,0.002985231,0.006114275,line,_389-159681-12,,1000000,7621.023553,58.08,abc
1062,1063,_409-23012_n,_389-159681-13_n,0.000163101,6.743712753326614e-06,6.743712753326614e-06,0.000163101,6.743712753326614e-06,0.000163101,0.000113179,5.525848117493827e-05,5.621647680250235e-05,0.000113179,5.525848117493827e-05,0.000113179,line,_389-159681-13,,1000000,7621.023553,58.08,abc
1063,1064,_389-159681-13_n,_402-39768_ln,1.7217630853994492e-05,0,0,1.7217630853994492e-05,0,1.7217630853994492e-05,1.7217630853994492e-05,0,0,1.7217630853994492e-05,0,1.7217630853994492e-05,switch,_402-39768-0,CLOSED,1000000,7621.023553,58.08,abc
1062,1065,_409-23012_n,_409-23012_n_sec,0,0,0,0,0,0,0.40800038046035486,0,0,0.40800038046035486,0,0.40800038046035486,transformer,__sc961_sc5503_tnk,,1000000,119.99994404998696,0.014399986572000001,abc
1065,1066,_409-23012_n_sec,_406-92412_n,0,0,0,8.367807625509322,2.296044987,8.367807625509322,0,0,0,2.907927807842001,1.6079655903170746,2.9079278078420003,line,_389-153205-1,,1000000,119.99994404998696,0.014399986572000001,bc
1065,1067,_409-23012_n_sec,_406-92411_n,0,0,0,15.294606727479762,4.196691257620875,15.294606727479762,0,0,0,5.315085408663259,2.9390256607055534,5.315085408663259,line,_389-153204-1,,1000000,119.99994404998696,0.014399986572000001,bc
1032,1068,_409-23092_n,_409-23092_n_sec,0,0,0,0,0,0,0.40800038046035486,0,0,0.40800038046035486,0,0.40800038046035486,transformer,ava07446_ava07302_ava07410_tnk,,1000000,119.99994404998696,0.014399986572000001,abc
1068,1069,_409-23092_n_sec,_406-92397_n,9.203666656771047,2.2622291510691372,2.173512052,9.268072751592314,2.262229151069138,9.203666656771045,2.7093076072050124,1.1314800316533724,0.8630045042302364,2.533459364188858,1.1314800316533722,2.7093076072050124,line,_389-153158-3,,1000000,119.99994404998696,0.014399986572000001,abc
1068,1070,_409-23092_n_sec,_406-1833573_n,6.245244986677518,1.5350594269987288,1.4748595043660082,6.288948420949343,1.535059426998729,6.245244986677517,1.8384292241632063,0.7677776975994979,0.5856007996072816,1.719105545995794,0.7677776975994978,1.8384292241632063,line,_389-2891265-4,,1000000,119.99994404998696,0.014399986572000001,abc
1025,1071,_409-23011_n,_409-23011_n_sec,0,0,0,0,0,0,0.40800038046035486,0,0,0.40800038046035486,0,0.40800038046035486,transformer,__sc3418_sc6717_tnk,,1000000,119.99994404998696,0.014399986572000001,abc
1071,1072,_409-23011_n_sec,_500-2790009_n,0,0,0,1.443937402651766,0.3962023726555134,1.443937402651766,0,0,0,0.5017880326447696,0.27746833602601256,0.5017880326447696,line,_389-153154-3,,1000000,119.99994404998696,0.014399986572000001,bc
1071,1073,_409-23011_n_sec,_406-92394_n,0,0,0,11.946897901453454,3.2781125315655966,11.946897901453454,0,0,0,4.151710720401653,2.2957268613592396,4.151710720401652,line,_389-153155-1,,1000000,119.99994404998696,0.014399986572000001,bc
1024,1074,_409-23013_n,_409-23013_n_sec,0,0,0,0,0,0,0.40800038046035486,0,0,0.40800038046035486,0,0.40800038046035486,transformer,__se4122_se4207_tnk,,1000000,119.99994404998696,0.014399986572000001,abc
1074,1075,_409-23013_n_sec,_406-92390_n,0,0,0,12.368656493708738,3.393838985241852,12.368656493708738,0,0,0,4.2982776102613816,2.3767723793871216,4.2982776102613816,line,_389-153135-0,,1000000,119.99994404998696,0.014399986572000001,bc
1074,1076,_409-23013_n_sec,_406-92392_n,0,0,0,7.890400330109244,2.1650490708599452,7.890400330109244,0,0,0,2.7420222311257785,1.5162265664382917,2.7420222311257785,line,_389-153153-0,,1000000,119.99994404998696,0.014399986572000001,bc
1074,1077,_409-23013_n_sec,_406-92391_n,0,0,0,9.715092017435918,2.6657267141954115,9.715092017435918,0,0,0,3.376127594893915,1.866860995128364,3.376127594893915,line,_389-153136-0,,1000000,119.99994404998696,0.014399986572000001,bc
1023,1078,_409-22705_n,_409-22705_n_sec,0,0,0,0,0,0,0.40800038046035486,0,0,0.40800038046035486,0,0.40800038046035486,transformer,__ava20761_sf6498_tnk,,1000000,119.99994404998696,0.014399986572000001,abc
1078,1079,_409-22705_n_sec,_500-328384_n,0,0,0,12.06405306596881,3.3102587686978895,12.06405306596881,0,0,0,4.192423745362689,2.3182395052558733,4.192423745362688,line,_389-153133-2,,1000000,119.99994404998696,0.014399986572000001,bc
1078,1080,_409-22705_n_sec,_406-92386_n,0,0,0,8.367807625509322,2.296044987,8.367807625509322,0,0,0,2.907927807842001,1.6079655903170746,2.9079278078420003,line,_389-153131-1,,1000000,119.99994404998696,0.014399986572000001,bc
1078,1081,_409-22705_n_sec,_406-92387_n,0,0,0,9.152747227762207,2.5114247759604043,9.152747227762207,0,0,0,3.180705075080942,1.7588003044245215,3.180705075080942,line,_389-153132-0,,1000000,119.99994404998696,0.014399986572000001,bc
1078,1082,_409-22705_n_sec,_406-92389_n,0,0,0,11.135598387184613,3.0554998394244666,11.135598387184613,0,0,0,3.869773022546478,2.139826802,3.8697730225464775,line,_389-153134-1,,1000000,119.99994404998696,0.014399986572000001,bc
1022,1083,_500-15124_n,_409-23080_n,0.001933914,7.996116550372985e-05,7.996116550372985e-05,0.001933914,7.996116550372985e-05,0.001933914,0.00134198,0.000655208,0.000666567,0.00134198,0.000655208,0.00134198,line,_389-150135-0,,1000000,7621.023553,58.08,abc
1083,1084,_409-23080_n,_409-23096_n,0.000726815,3.0051475725653617e-05,3.0051475725653617e-05,0.000726815,3.0051475725653617e-05,0.000726815,0.000504351,0.000246244,0.000250513,0.000504351,0.000246244,0.000504351,line,_389-150135-1,,1000000,7621.023553,58.08,abc
1084,1085,_409-23096_n,_409-23096_n_sec,0,0,0,0,0,0,0.40800038046035486,0,0,0.40800038046035486,0,0.40800038046035486,transformer,ave01512_ava14455_ava14489_tnk,,1000000,119.99994404998696,0.014399986572000001,abc
1085,1086,_409-23096_n_sec,_406-92383_n,12.78240254801322,3.1418699463156003,3.018656261969798,12.871852183821712,3.141869946315601,12.782402548013218,3.7627895221749394,1.5714425325249948,1.1985735017580046,3.5185647894224026,1.5714425325249946,3.7627895221749394,line,_389-153128-0,,1000000,119.99994404998696,0.014399986572000001,abc
1085,1087,_409-23096_n_sec,_500-4154619_n,14.963326302911394,3.6779333956540334,3.5336970866405353,15.068037767227397,3.6779333956540343,14.963326302911392,4.404793795062497,1.8395608565855839,1.4030731967219858,4.118899625035317,1.8395608565855837,4.404793795062497,line,_389-153129-2,,1000000,119.99994404998696,0.014399986572000001,abc
1087,1088,_500-4154619_n,_406-92384_n,7.850764147297537,1.9296904347485144,1.8540143971738088,7.905702801525986,1.9296904347485146,7.850764147297536,2.311050130330107,0.9651569528924925,0.7361462635962097,2.161050881865275,0.9651569528924924,2.311050130330107,line,_389-153129-3,,1000000,119.99994404998696,0.014399986572000001,abc
1087,1089,_500-4154619_n,_500-4154620_n,4.067128083458752,0.9996858920095093,0.9604815378994813,4.095589331,0.9996858920095094,4.067128083458751,1.1972512116011174,0.5000044421670439,0.3813642960139106,1.1195433420889465,0.5000044421670438,1.1972512116011174,line,_389-4242137-1,,1000000,119.99994404998696,0.014399986572000001,abc
1089,1090,_500-4154620_n,_500-4154621_n,9.565750523414374,2.351228102117604,2.259020759945778,9.632690435,2.351228102117604,9.565750523414373,2.8158951891902055,1.1759938846827367,0.8969561910389284,2.633128854271311,1.1759938846827365,2.8158951891902055,line,_389-4242138-1,,1000000,119.99994404998696,0.014399986572000001,abc
1090,1091,_500-4154621_n,_500-4154622_n,14.792108350467652,3.6358486203520455,3.493262736183759,14.895621653214851,3.635848620352046,14.792108350467648,4.354391915209033,1.8185116702693724,1.387018523114775,4.0717690909653195,1.8185116702693724,4.354391915209033,line,_389-4242138-3,,1000000,119.99994404998696,0.014399986572000001,abc
1091,1092,_500-4154622_n,_406-2101999_n,0.5080401539724183,0.12487449720753704,0.11997733496190899,0.5115953546929578,0.12487449720753706,0.5080401539724183,0.14955311890945636,0.062457422,0.047637638080412575,0.1398463387978601,0.062457421692363645,0.14955311890945636,line,_389-4242140-0,,1000000,119.99994404998696,0.014399986572000001,abc
1091,1093,_500-4154622_n,_406-2102000_n,14.999815374743665,3.6869022821938007,3.542314243295257,15.104782184967771,3.686902282193801,14.999815374743664,4.4155351792935615,1.8440467487513335,1.406494684539916,4.128943837214168,1.8440467487513332,4.4155351792935615,line,_389-4242138-4,,1000000,119.99994404998696,0.014399986572000001,abc
1090,1094,_500-4154621_n,_406-2101998_n,0.4490962687049002,0.1103862958740659,0.1060573126735107,0.4522389875738854,0.11038629587406591,0.44909626870490016,0.13220165207465753,0.055210981,0.042110619,0.12362107297048408,0.055210981,0.13220165207465753,line,_389-4242139-0,,1000000,119.99994404998696,0.014399986572000001,abc
1089,1095,_500-4154620_n,_406-2094678_n,7.238870481187109,1.7792891066200995,1.7095113086561506,7.289527180956564,1.7792891066200998,7.238870481187107,2.130925379378386,0.8899319919591483,0.6787705448032265,1.99261717,0.8899319919591482,2.130925379378386,line,_389-4242137-2,,1000000,119.99994404998696,0.014399986572000001,abc
1084,1096,_409-23096_n,_500-15125_n,0.007340305,0.000303498,0.000303498,0.007340305,0.000303498,0.007340305,0.005093578,0.002486886,0.002530001,0.005093578,0.002486886,0.005093578,line,_389-150135-2,,1000000,7621.023553,58.08,abc
1083,1097,_409-23080_n,_409-23080_n_sec,0,0,0,0,0,0,0.40800038046035486,0,0,0.40800038046035486,0,0.40800038046035486,transformer,se3025_se3024_se3023_tnk,,1000000,119.99994404998696,0.014399986572000001,abc
1097,1098,_409-23080_n_sec,_500-2944324_n,4.123265117046865,1.0134841789937674,0.9737387019836702,4.1521192046627355,1.0134841789937676,4.123265117046865,1.2137764181104496,0.506905815,0.38662812342611086,1.1349959762102568,0.5069058147297358,1.2137764181104496,line,_389-1466369-4,,1000000,119.99994404998696,0.014399986572000001,abc
1098,1099,_500-2944324_n,_500-2944325_n,12.125599255032304,2.980429988599779,2.8635474421847884,12.210452664494905,2.9804299885997794,12.125599255032302,3.5694446060157534,1.490696473541497,1.136986721035261,3.33776897,1.4906964735414967,3.5694446060157534,line,_389-3110003-0,,1000000,119.99994404998696,0.014399986572000001,abc
1098,1100,_500-2944324_n,_500-940329_n,13.941632291607744,3.426804572540533,3.292416700308298,14.039194070496805,3.4268045725405334,13.941632291607743,4.104035037,1.7139558759445872,1.3072715378199404,3.8376616840274647,1.713955875944587,4.104035037,line,_389-1466369-5,,1000000,119.99994404998696,0.014399986572000001,abc
1100,1101,_500-940329_n,_406-898949_n,1.7149863761168376,0.42153766736908915,0.40500636277196905,1.726987633797775,0.4215376673690892,1.7149863761168374,0.5048450588600985,0.21083693179024418,0.1608099274427187,0.4720779724060361,0.21083693179024413,0.5048450588600985,line,_389-1466370-1,,1000000,119.99994404998696,0.014399986572000001,abc
1097,1102,_409-23080_n_sec,_406-92385_n,6.509089044541647,1.5999113758247425,1.5371681755616957,6.554638826149001,1.599911375824743,6.509089044541646,1.9160976947570678,0.800214149,0.6103407884446229,1.7917329263659536,0.8002141486441507,1.9160976947570678,line,_389-153130-0,,1000000,119.99994404998696,0.014399986572000001,abc
