id,pl_a,ql_a,pl_b,ql_b,pl_c,ql_c,name,bus_type,v_a,v_b,v_c,v_ln_base,s_base,v_min,v_max,cvr_p,cvr_q,phases,has_gen,has_load,has_cap,latitude,longitude
1,0.0,0.0,0.0,0.0,0.0,0.0,_392-5165_sn,SWING,1.0,1.0,1.0,7621.02355330306,1000000.0,0.95,1.05,0,0,abc,False,False,False,47.6525352407742,-117.401344582167
2,0.0,0.0,0.0,0.0,0.0,0.0,_392-5165_ln,PQ,1.0,1.0,1.0,7621.02355330306,1000000.0,0.95,1.05,0,0,abc,False,False,False,47.6525352407742,-117.401344582167
3,0.0,0.0,0.0,0.0,0.0,0.0,_416-4523_sn,PQ,1.0,1.0,1.0,7621.02355330306,1000000.0,0.95,1.05,0,0,abc,False,False,False,47.6526037108495,-117.401340060018
4,0.0,0.0,0.0,0.0,0.0,0.0,_416-4523_ln,PQ,1.0,1.0,1.0,7621.02355330306,1000000.0,0.95,1.05,0,0,abc,False,False,False,47.6529853523964,-117.400859510646
5,0.0,0.0,0.0,0.0,0.0,0.0,_500-15112_n,PQ,1.0,1.0,1.0,7621.02355330306,1000000.0,0.95,1.05,0,0,abc,False,False,False,47.6542545844208,-117.398958825984
6,0.0,0.0,0.0,0.0,0.0,0.0,_396-7712_sn,PQ,1.0,1.0,1.0,7621.02355330306,1000000.0,0.95,1.05,0,0,abc,False,False,False,47.6548692861609,-117.398943513385
7,0.0,0.0,0.0,0.0,0.0,0.0,_396-7712_ln,PQ,1.0,1.0,1.0,7621.02355330306,1000000.0,0.95,1.05,0,0,abc,False,False,False,47.6548692861609,-117.398943513385
8,0.027382090474802123,0.005527130366818028,0.02739459445713828,0.0055296544083632765,0.027392302560528187,0.005529191729278426,_500-15126_n,PQ,1.0,1.0,1.0,7621.02355330306,1000000.0,0.95,1.05,0,0,abc,False,True,False,47.6551801405556,-117.398949892288
9,0.0,0.0,0.0,0.0,0.0,0.0,_500-2944322_n,PQ,1.0,1.0,1.0,7621.02355330306,1000000.0,0.95,1.05,0,0,abc,False,False,False,47.6555339119026,-117.398959905125
10,0.0,0.0,0.0,0.0,0.0,0.0,_393-71378_n,PQ,1.0,1.0,1.0,7621.02355330306,1000000.0,0.95,1.05,0,0,abc,False,False,False,47.6561119757112,-117.398980930243
11,0.0,0.0,0.0,0.0,0.0,0.0,_409-1200484_n,PQ,1.0,1.0,1.0,7621.02355330306,1000000.0,0.95,1.05,0,0,abc,False,False,False,47.6562093553908,-117.398987186786
12,0.0,0.0,0.0,0.0,0.0,0.0,_500-15132_n,PQ,1.0,1.0,1.0,7621.02355330306,1000000.0,0.95,1.05,0,0,abc,False,False,False,47.6562632536201,-117.398978211704
13,0.002715157336697709,0.0005443845158285079,0.0027171069211620567,0.0005447754173047993,0.0027166365195994335,0.0005446810982100516,_500-15130_n,PQ,1.0,1.0,1.0,7621.02355330306,1000000.0,0.95,1.05,0,0,abc,False,True,False,47.6561803266699,-117.398887874418
14,0.0,0.0,0.0,0.0,0.0,0.0,_409-23069_n,PQ,1.0,1.0,1.0,7621.02355330306,1000000.0,0.95,1.05,0,0,abc,False,False,False,47.6561815011657,-117.398447954925
15,0.0,0.0,0.0,0.0,0.0,0.0,_409-23050_n,PQ,1.0,1.0,1.0,7621.02355330306,1000000.0,0.95,1.05,0,0,abc,False,False,False,47.6561680459739,-117.397892114049
16,0.0,0.0,0.0,0.0,0.0,0.0,_500-15131_n,PQ,1.0,1.0,1.0,7621.02355330306,1000000.0,0.95,1.05,0,0,abc,False,False,False,47.6561671694228,-117.39785968148
17,0.0,0.0,0.0,0.0,0.0,0.0,_409-23050_n_sec,PQ,1.0,1.0,1.0,119.99994404998696,1000000.0,0.95,1.05,0,0,ab,False,False,False,47.6561680459739,-117.397892114049
18,0.0,0.0,0.0,0.0,0.0,0.0,_406-92351_n,PQ,1.0,1.0,1.0,119.99994404998696,1000000.0,0.95,1.05,0,0,ab,False,False,False,47.6558329455846,-117.397861521249
19,0.0,0.0,0.0,0.0,0.0,0.0,_406-92352_n,PQ,1.0,1.0,1.0,119.99994404998696,1000000.0,0.95,1.05,0,0,ab,False,False,False,47.6562971168119,-117.397385452634
20,0.0,0.0,0.0,0.0,0.0,0.0,_406-92353_n,PQ,1.0,1.0,1.0,119.99994404998696,1000000.0,0.95,1.05,0,0,ab,False,False,False,47.6559286387021,-117.397492298145
21,0.0,0.0,0.0,0.0,0.0,0.0,_409-23069_n_sec,PQ,1.0,1.0,1.0,119.99994404998696,1000000.0,0.95,1.05,0,0,abc,False,False,False,47.6561815011657,-117.398447954925
22,0.0,0.0,0.0,0.0,0.0,0.0,_406-92370_n,PQ,1.0,1.0,1.0,119.99994404998696,1000000.0,0.95,1.05,0,0,abc,False,False,False,47.6561334099812,-117.398303538694
23,0.0,0.0,0.0,0.0,0.0,0.0,_406-92369_n,PQ,1.0,1.0,1.0,119.99994404998696,1000000.0,0.95,1.05,0,0,abc,False,False,False,47.6563374780622,-117.398280154389
24,0.0,0.0,0.0,0.0,0.0,0.0,_406-92423_n,PQ,1.0,1.0,1.0,119.99994404998696,1000000.0,0.95,1.05,0,0,abc,False,False,False,47.6560605453746,-117.398792700543
25,0.0,0.0,0.0,0.0,0.0,0.0,_406-92422_n,PQ,1.0,1.0,1.0,119.99994404998696,1000000.0,0.95,1.05,0,0,abc,False,False,False,47.6564487935688,-117.398797374431
26,0.0,0.0,0.0,0.0,0.0,0.0,_389-150320-5_n,PQ,1.0,1.0,1.0,7621.02355330306,1000000.0,0.95,1.05,0,0,abc,False,False,False,47.6561800368515,-117.39914465442
27,0.0,0.0,0.0,0.0,0.0,0.0,_390-188538_ln,PQ,1.0,1.0,1.0,7621.02355330306,1000000.0,0.95,1.05,0,0,abc,False,False,False,47.6561800368515,-117.39914465442
28,0.0,0.0,0.0,0.0,0.0,0.0,_500-15137_n,PQ,1.0,1.0,1.0,7621.02355330306,1000000.0,0.95,1.05,0,0,abc,False,False,False,47.6567717682533,-117.398942491097
29,0.0,0.0,0.0,0.0,0.0,0.0,_402-2105415_sn,PQ,1.0,1.0,1.0,7621.02355330306,1000000.0,0.95,1.05,0,0,abc,False,False,False,47.6567629848613,-117.399038190754
30,0.0,0.0,0.0,0.0,0.0,0.0,_402-2105415_ln,PQ,1.0,1.0,1.0,7621.02355330306,1000000.0,0.95,1.05,0,0,abc,False,False,False,47.6567629848613,-117.399038190754
31,0.0019139557877455764,0.0003888783733244541,0.0019156682726946248,0.00038922632838144715,0.0019152438326654737,0.0003891400879194249,_409-22381_n,PQ,1.0,1.0,1.0,7621.02355330306,1000000.0,0.95,1.05,0,0,abc,False,True,False,47.6567374939879,-117.399798446943
32,0.0006898356552743626,0.0001386435955813661,0.0006904528760071807,0.00013876764916840166,0.000690299897620145,0.00013873690255898752,_409-1450774_n,PQ,1.0,1.0,1.0,7621.02355330306,1000000.0,0.95,1.05,0,0,abc,False,True,False,47.6567364145113,-117.399830874511
33,0.029439751049158414,0.005934622181961344,0.029466091851501508,0.005939932280092423,0.0294595632738921,0.005938616175344066,_500-4125309_n,PQ,1.0,1.0,1.0,7621.02355330306,1000000.0,0.95,1.05,0,0,abc,False,True,False,47.6567403827265,-117.400770651823
34,0.025652390393218334,0.005210964593772058,0.02567534648609691,0.005215627994810473,0.025669680971567212,0.005214477081679383,_729-35525_n,PQ,1.0,1.0,1.0,7621.02355330306,1000000.0,0.95,1.05,0,0,abc,False,True,False,47.6567797053601,-117.400770853503
35,0.0,0.0,0.0,0.0,0.0,0.0,_500-4125890_n,PQ,1.0,1.0,1.0,7621.02355330306,1000000.0,0.95,1.05,0,0,abc,False,False,False,47.6568044731714,-117.400770980859
36,0.0,0.0,0.0,0.0,0.0,0.0,_396-225971_sn,PQ,1.0,1.0,1.0,7621.02355330306,1000000.0,0.95,1.05,0,0,abc,False,False,False,47.6568512623149,-117.40072867175
37,0.0,0.0,0.0,0.0,0.0,0.0,_396-225971_ln,PQ,1.0,1.0,1.0,7621.02355330306,1000000.0,0.95,1.05,0,0,abc,False,False,False,47.6568512623149,-117.40072867175
38,0.0,0.0,0.0,0.0,0.0,0.0,_500-4125812_n,PQ,1.0,1.0,1.0,7621.02355330306,1000000.0,0.95,1.05,0,0,c,False,False,False,47.656872007731,-117.400702144348
39,0.0,0.0,0.0,0.0,0.0,0.0,_395-2858644_sn,PQ,1.0,1.0,1.0,7621.02355330306,1000000.0,0.95,1.05,0,0,c,False,False,False,47.6577940557245,-117.401338840525
40,0.0,0.0,0.0,0.0,0.0,0.0,_391-2377503_n,PQ,1.0,1.0,1.0,7621.02355330306,1000000.0,0.95,1.05,0,0,abc,False,False,False,47.6578890119008,-117.40136044852
41,0.0,0.0,0.0,0.0,0.0,0.0,_395-2858638_ln,PQ,1.0,1.0,1.0,7621.02355330306,1000000.0,0.95,1.05,0,0,b,False,False,False,47.65781524634,-117.401429515124
42,0.0,0.0,0.0,0.0,0.0,0.0,_411-2870449-0_n,PQ,1.0,1.0,1.0,7621.02355330306,1000000.0,0.95,1.05,0,0,b,False,False,False,47.6578406744824,-117.401550525281
43,0.0,0.0,0.0,0.0,0.0,0.0,_391-2374908_n,PQ,1.0,1.0,1.0,7621.02355330306,1000000.0,0.95,1.05,0,0,abc,False,False,False,47.657887431356,-117.401585920851
44,0.0,0.0,0.0,0.0,0.0,0.0,_395-2864399_ln,PQ,1.0,1.0,1.0,7621.02355330306,1000000.0,0.95,1.05,0,0,a,False,False,False,47.657887431356,-117.401585920851
45,0.0,0.0,0.0,0.0,0.0,0.0,_395-2864405_sn,PQ,1.0,1.0,1.0,7621.02355330306,1000000.0,0.95,1.05,0,0,a,False,False,False,47.6578116326428,-117.401756109375
46,0.0,0.0,0.0,0.0,0.0,0.0,_391-2383192_n,PQ,1.0,1.0,1.0,7621.02355330306,1000000.0,0.95,1.05,0,0,abc,False,False,False,47.6578116326428,-117.401756109375
47,0.0,0.0,0.0,0.0,0.0,0.0,_391-2383192_ln,PQ,1.0,1.0,1.0,277.1281292110204,1000000.0,0.95,1.05,0,0,abc,False,False,False,47.6577829374875,-117.401785924509
48,0.0,0.0,0.0,0.0,0.0,0.0,_406-3279267_n,PQ,1.0,1.0,1.0,277.1281292110204,1000000.0,0.95,1.05,0,0,abc,False,False,False,47.6577320974312,-117.401852747512
49,0.0,0.0,0.0,0.0,0.0,0.0,_395-2864407_sn,PQ,1.0,1.0,1.0,7621.02355330306,1000000.0,0.95,1.05,0,0,c,False,False,False,47.657812878571,-117.40181294712
50,0.0,0.0,0.0,0.0,0.0,0.0,_395-2864401_ln,PQ,1.0,1.0,1.0,7621.02355330306,1000000.0,0.95,1.05,0,0,c,False,False,False,47.6579213482847,-117.401559274192
51,0.0,0.0,0.0,0.0,0.0,0.0,_395-2864406_sn,PQ,1.0,1.0,1.0,7621.02355330306,1000000.0,0.95,1.05,0,0,b,False,False,False,47.6578178804661,-117.401784638938
52,0.0,0.0,0.0,0.0,0.0,0.0,_395-2864400_ln,PQ,1.0,1.0,1.0,7621.02355330306,1000000.0,0.95,1.05,0,0,b,False,False,False,47.6579063165178,-117.401577599131
53,0.0,0.0,0.0,0.0,0.0,0.0,_395-2855481_sn,PQ,1.0,1.0,1.0,7621.02355330306,1000000.0,0.95,1.05,0,0,b,False,False,False,47.6579147954909,-117.401457212859
54,0.0,0.0,0.0,0.0,0.0,0.0,_395-2855475_ln,PQ,1.0,1.0,1.0,7621.02355330306,1000000.0,0.95,1.05,0,0,b,False,False,False,47.6579796698165,-117.401381053288
55,0.0,0.0,0.0,0.0,0.0,0.0,_720-64324_n,PQ,1.0,1.0,1.0,7621.02355330306,1000000.0,0.95,1.05,0,0,abc,False,False,False,47.6579796698165,-117.401381053288
56,0.0,0.0,0.0,0.0,0.0,0.0,_395-2855476_ln,PQ,1.0,1.0,1.0,7621.02355330306,1000000.0,0.95,1.05,0,0,c,False,False,False,47.6579860183959,-117.401408302708
57,0.0,0.0,0.0,0.0,0.0,0.0,_395-2855482_sn,PQ,1.0,1.0,1.0,7621.02355330306,1000000.0,0.95,1.05,0,0,c,False,False,False,47.6579269505125,-117.4014797323
58,0.0,0.0,0.0,0.0,0.0,0.0,_391-2374901_n,PQ,1.0,1.0,1.0,7621.02355330306,1000000.0,0.95,1.05,0,0,abc,False,False,False,47.6580090350437,-117.401397919157
59,0.0,0.0,0.0,0.0,0.0,0.0,_720-64642_n,PQ,1.0,1.0,1.0,7621.02355330306,1000000.0,0.95,1.05,0,0,abc,False,False,False,47.6580100516988,-117.401303638337
60,0.0,0.0,0.0,0.0,0.0,0.0,_395-2857729_sn,PQ,1.0,1.0,1.0,7621.02355330306,1000000.0,0.95,1.05,0,0,b,False,False,False,47.6580100516988,-117.401303638337
61,0.0,0.0,0.0,0.0,0.0,0.0,_395-2857734_ln,PQ,1.0,1.0,1.0,7621.02355330306,1000000.0,0.95,1.05,0,0,b,False,False,False,47.6578835768331,-117.401332415286
62,0.0,0.0,0.0,0.0,0.0,0.0,_395-2857728_sn,PQ,1.0,1.0,1.0,7621.02355330306,1000000.0,0.95,1.05,0,0,a,False,False,False,47.6579936328474,-117.401319764523
63,0.0,0.0,0.0,0.0,0.0,0.0,_395-2857736_ln,PQ,1.0,1.0,1.0,7621.02355330306,1000000.0,0.95,1.05,0,0,a,False,False,False,47.6578890119008,-117.40136044852
64,0.0,0.0,0.0,0.0,0.0,0.0,_395-2857730_sn,PQ,1.0,1.0,1.0,7621.02355330306,1000000.0,0.95,1.05,0,0,c,False,False,False,47.6580320203908,-117.401298472821
65,0.0,0.0,0.0,0.0,0.0,0.0,_395-2857737_ln,PQ,1.0,1.0,1.0,7621.02355330306,1000000.0,0.95,1.05,0,0,c,False,False,False,47.6578713456362,-117.401309986112
66,0.0,0.0,0.0,0.0,0.0,0.0,_720-64961_n,PQ,1.0,1.0,1.0,7621.02355330306,1000000.0,0.95,1.05,0,0,abc,False,False,False,47.6580701847776,-117.401332063344
67,0.0,0.0,0.0,0.0,0.0,0.0,_394-3529560-1_n,PQ,1.0,1.0,1.0,7621.02355330306,1000000.0,0.95,1.05,0,0,a,False,False,False,47.6580564872489,-117.401311100188
68,0.0,0.0,0.0,0.0,0.0,0.0,_394-3529526-1_n,PQ,1.0,1.0,1.0,7621.02355330306,1000000.0,0.95,1.05,0,0,c,False,False,False,47.6580772094106,-117.4013589474
69,0.0,0.0,0.0,0.0,0.0,0.0,_394-3529528-1_n,PQ,1.0,1.0,1.0,7621.02355330306,1000000.0,0.95,1.05,0,0,b,False,False,False,47.6580701847776,-117.401332063344
70,0.0,0.0,0.0,0.0,0.0,0.0,_720-64323_n,PQ,1.0,1.0,1.0,7621.02355330306,1000000.0,0.95,1.05,0,0,abc,False,False,False,47.658020708841,-117.401443440447
71,0.0,0.0,0.0,0.0,0.0,0.0,_395-2855473_ln,PQ,1.0,1.0,1.0,7621.02355330306,1000000.0,0.95,1.05,0,0,c,False,False,False,47.658020708841,-117.401443440447
72,0.0,0.0,0.0,0.0,0.0,0.0,_395-2855479_sn,PQ,1.0,1.0,1.0,7621.02355330306,1000000.0,0.95,1.05,0,0,c,False,False,False,47.6579855852016,-117.401532246532
73,0.0,0.0,0.0,0.0,0.0,0.0,_391-2374904_n,PQ,1.0,1.0,1.0,7621.02355330306,1000000.0,0.95,1.05,0,0,abc,False,False,False,47.6579855852016,-117.401532246532
74,0.0,0.0,0.0,0.0,0.0,0.0,_395-2855477_sn,PQ,1.0,1.0,1.0,7621.02355330306,1000000.0,0.95,1.05,0,0,a,False,False,False,47.6579518773401,-117.401505024782
75,0.0,0.0,0.0,0.0,0.0,0.0,_395-2855471_ln,PQ,1.0,1.0,1.0,7621.02355330306,1000000.0,0.95,1.05,0,0,a,False,False,False,47.6579881708008,-117.401413261013
76,0.0,0.0,0.0,0.0,0.0,0.0,_395-2855478_sn,PQ,1.0,1.0,1.0,7621.02355330306,1000000.0,0.95,1.05,0,0,b,False,False,False,47.6579706963017,-117.401513667252
77,0.0,0.0,0.0,0.0,0.0,0.0,_395-2855472_ln,PQ,1.0,1.0,1.0,7621.02355330306,1000000.0,0.95,1.05,0,0,b,False,False,False,47.6580024748113,-117.401433319657
78,0.0,0.0,0.0,0.0,0.0,0.0,_395-2855474_ln,PQ,1.0,1.0,1.0,7621.02355330306,1000000.0,0.95,1.05,0,0,a,False,False,False,47.6579810000442,-117.401351954774
79,0.0,0.0,0.0,0.0,0.0,0.0,_395-2855480_sn,PQ,1.0,1.0,1.0,7621.02355330306,1000000.0,0.95,1.05,0,0,a,False,False,False,47.6578974767958,-117.401443304608
80,0.0,0.0,0.0,0.0,0.0,0.0,_411-2870450-0_n,PQ,1.0,1.0,1.0,7621.02355330306,1000000.0,0.95,1.05,0,0,c,False,False,False,47.6578341370368,-117.401522524906
81,0.0,0.0,0.0,0.0,0.0,0.0,_395-2858640_ln,PQ,1.0,1.0,1.0,7621.02355330306,1000000.0,0.95,1.05,0,0,c,False,False,False,47.6578337157502,-117.401438652819
82,0.0,0.0,0.0,0.0,0.0,0.0,_395-2864397_ln,PQ,1.0,1.0,1.0,7621.02355330306,1000000.0,0.95,1.05,0,0,b,False,False,False,47.6578675266706,-117.401582484192
83,0.0,0.0,0.0,0.0,0.0,0.0,_395-2864403_sn,PQ,1.0,1.0,1.0,7621.02355330306,1000000.0,0.95,1.05,0,0,b,False,False,False,47.6578096963039,-117.401678916459
84,0.0,0.0,0.0,0.0,0.0,0.0,_391-2383188_n,PQ,1.0,1.0,1.0,7621.02355330306,1000000.0,0.95,1.05,0,0,abc,False,False,False,47.6578096963039,-117.401678916459
85,0.0,0.0,0.0,0.0,0.0,0.0,_391-2383188_ln,PQ,1.0,1.0,1.0,277.1281292110204,1000000.0,0.95,1.05,0,0,abc,False,False,False,47.6577747948433,-117.401681744218
86,0.0,0.0,0.0,0.0,0.0,0.0,_500-4424881_n,PQ,1.0,1.0,1.0,277.1281292110204,1000000.0,0.95,1.05,0,0,abc,False,False,False,47.6577127414333,-117.401684784626
87,0.0,0.0,0.0,0.0,0.0,0.0,_395-2864404_sn,PQ,1.0,1.0,1.0,7621.02355330306,1000000.0,0.95,1.05,0,0,c,False,False,False,47.6578052562236,-117.401707429421
88,0.0,0.0,0.0,0.0,0.0,0.0,_395-2864398_ln,PQ,1.0,1.0,1.0,7621.02355330306,1000000.0,0.95,1.05,0,0,c,False,False,False,47.6578868558122,-117.401585990413
89,0.0,0.0,0.0,0.0,0.0,0.0,_395-2864402_sn,PQ,1.0,1.0,1.0,7621.02355330306,1000000.0,0.95,1.05,0,0,a,False,False,False,47.6578028871651,-117.401650670069
90,0.0,0.0,0.0,0.0,0.0,0.0,_395-2864396_ln,PQ,1.0,1.0,1.0,7621.02355330306,1000000.0,0.95,1.05,0,0,a,False,False,False,47.6578504428482,-117.401567952551
91,0.0,0.0,0.0,0.0,0.0,0.0,_411-2870448-0_n,PQ,1.0,1.0,1.0,7621.02355330306,1000000.0,0.95,1.05,0,0,a,False,False,False,47.6578599479818,-117.401577685527
92,0.0,0.0,0.0,0.0,0.0,0.0,_395-2858636_ln,PQ,1.0,1.0,1.0,7621.02355330306,1000000.0,0.95,1.05,0,0,a,False,False,False,47.6578004613707,-117.401410236037
93,0.0,0.0,0.0,0.0,0.0,0.0,_395-2858643_sn,PQ,1.0,1.0,1.0,7621.02355330306,1000000.0,0.95,1.05,0,0,b,False,False,False,47.657790474962,-117.40136717266
94,0.0,0.0,0.0,0.0,0.0,0.0,_500-4125810_n,PQ,1.0,1.0,1.0,7621.02355330306,1000000.0,0.95,1.05,0,0,b,False,False,False,47.6568786491888,-117.400730500054
95,0.0,0.0,0.0,0.0,0.0,0.0,_395-2858642_sn,PQ,1.0,1.0,1.0,7621.02355330306,1000000.0,0.95,1.05,0,0,a,False,False,False,47.657794672731,-117.401395667214
96,0.0,0.0,0.0,0.0,0.0,0.0,_500-4125312_n,PQ,1.0,1.0,1.0,7621.02355330306,1000000.0,0.95,1.05,0,0,a,False,False,False,47.6568512623149,-117.40072867175
97,0.0,0.0,0.0,0.0,0.0,0.0,_409-23049_n,PQ,1.0,1.0,1.0,7621.02355330306,1000000.0,0.95,1.05,0,0,abc,False,False,False,47.6567437331925,-117.400957087642
98,0.0,0.0,0.0,0.0,0.0,0.0,_409-23035_n,PQ,1.0,1.0,1.0,7621.02355330306,1000000.0,0.95,1.05,0,0,abc,False,False,False,47.6567541314709,-117.401358876476
99,0.0,0.0,0.0,0.0,0.0,0.0,_409-23035_n_sec,PQ,1.0,1.0,1.0,119.99994404998696,1000000.0,0.95,1.05,0,0,abc,False,False,False,47.6567541314709,-117.401358876476
100,0.0,0.0,0.0,0.0,0.0,0.0,_406-92375_n,PQ,1.0,1.0,1.0,119.99994404998696,1000000.0,0.95,1.05,0,0,abc,False,False,False,47.656812629381,-117.401314357005
101,0.0,0.0,0.0,0.0,0.0,0.0,_406-2075826_n,PQ,1.0,1.0,1.0,119.99994404998696,1000000.0,0.95,1.05,0,0,abc,False,False,False,47.6567508443309,-117.401392610797
102,0.0,0.0,0.0,0.0,0.0,0.0,_409-2046771_n,PQ,1.0,1.0,1.0,7621.02355330306,1000000.0,0.95,1.05,0,0,abc,False,False,False,47.6567451750863,-117.401729468577
103,0.0,0.0,0.0,0.0,0.0,0.0,_409-2046771_n_sec,PQ,1.0,1.0,1.0,277.1281292110204,1000000.0,0.95,1.05,0,0,abc,False,False,False,47.6567451750863,-117.401729468577
104,0.0,0.0,0.0,0.0,0.0,0.0,_406-3369574_n,PQ,1.0,1.0,1.0,277.1281292110204,1000000.0,0.95,1.05,0,0,abc,False,False,False,47.6568463789639,-117.401678026674
105,0.0,0.0,0.0,0.0,0.0,0.0,_409-23030_n,PQ,1.0,1.0,1.0,7621.02355330306,1000000.0,0.95,1.05,0,0,abc,False,False,False,47.6567435491695,-117.401752791493
106,0.0,0.0,0.0,0.0,0.0,0.0,_409-23030_n_sec,PQ,1.0,1.0,1.0,119.99994404998696,1000000.0,0.95,1.05,0,0,ab,False,False,False,47.6567296780698,-117.402195241084
107,0.0,0.0,0.0,0.0,0.0,0.0,_500-2251093_n,PQ,1.0,1.0,1.0,119.99994404998696,1000000.0,0.95,1.05,0,0,ab,False,False,False,47.6570460329508,-117.401915920181
108,0.0,0.0,0.0,0.0,0.0,0.0,_406-92421_n,PQ,1.0,1.0,1.0,119.99994404998696,1000000.0,0.95,1.05,0,0,ab,False,False,False,47.6568074849041,-117.402730938461
109,0.0,0.0,0.0,0.0,0.0,0.0,_409-22383_n,PQ,1.0,1.0,1.0,7621.02355330306,1000000.0,0.95,1.05,0,0,abc,False,False,False,47.6567424338784,-117.402685580202
110,0.0,0.0,0.0,0.0,0.0,0.0,_500-14012_n,PQ,1.0,1.0,1.0,7621.02355330306,1000000.0,0.95,1.05,0,0,abc,False,False,False,47.6567438518325,-117.402802409688
111,0.0,0.0,0.0,0.0,0.0,0.0,_402-126828_sn,PQ,1.0,1.0,1.0,7621.02355330306,1000000.0,0.95,1.05,0,0,abc,False,False,False,47.656689033525,-117.402800476405
112,0.0,0.0,0.0,0.0,0.0,0.0,_402-126828_ln,PQ,1.0,1.0,1.0,7621.02355330306,1000000.0,0.95,1.05,0,0,abc,False,False,False,47.656689033525,-117.402800476405
113,0.0,0.0,0.0,0.0,0.0,0.0,_500-14008_n,PQ,1.0,1.0,1.0,7621.02355330306,1000000.0,0.95,1.05,0,0,b,False,False,False,47.656689033525,-117.402800476405
114,0.0,0.0,0.0,0.0,0.0,0.0,_395-219603_sn,PQ,1.0,1.0,1.0,7621.02355330306,1000000.0,0.95,1.05,0,0,b,False,False,False,47.6563937881929,-117.402787865629
115,0.0,0.0,0.0,0.0,0.0,0.0,_391-146420_n,PQ,1.0,1.0,1.0,7621.02355330306,1000000.0,0.95,1.05,0,0,abc,False,False,False,47.6563876843981,-117.402759227331
116,0.0,0.0,0.0,0.0,0.0,0.0,_391-146420_ln,PQ,1.0,1.0,1.0,119.99994404998696,1000000.0,0.95,1.05,0,0,abc,False,False,False,47.6563588340436,-117.402788709551
117,0.0,0.0,0.0,0.0,0.0,0.0,_406-92379_n,PQ,1.0,1.0,1.0,119.99994404998696,1000000.0,0.95,1.05,0,0,abc,False,False,False,47.656368284176,-117.403150192935
118,0.0,0.0,0.0,0.0,0.0,0.0,_395-219602_sn,PQ,1.0,1.0,1.0,7621.02355330306,1000000.0,0.95,1.05,0,0,a,False,False,False,47.6563876843981,-117.402759227331
119,0.0,0.0,0.0,0.0,0.0,0.0,_500-14011_n,PQ,1.0,1.0,1.0,7621.02355330306,1000000.0,0.95,1.05,0,0,a,False,False,False,47.656689033525,-117.402800476405
120,0.0,0.0,0.0,0.0,0.0,0.0,_395-219604_sn,PQ,1.0,1.0,1.0,7621.02355330306,1000000.0,0.95,1.05,0,0,c,False,False,False,47.6563886363557,-117.402816086074
121,0.0,0.0,0.0,0.0,0.0,0.0,_500-14009_n,PQ,1.0,1.0,1.0,7621.02355330306,1000000.0,0.95,1.05,0,0,c,False,False,False,47.656689033525,-117.402800476405
122,0.0,0.0,0.0,0.0,0.0,0.0,_403-37196_sn,PQ,1.0,1.0,1.0,7621.02355330306,1000000.0,0.95,1.05,0,0,abc,False,False,False,47.656733418334,-117.403484916938
123,0.0,0.0,0.0,0.0,0.0,0.0,_403-37196_ln,PQ,1.0,1.0,1.0,7621.02355330306,1000000.0,0.95,1.05,0,0,abc,False,False,False,47.656733418334,-117.403484916938
124,0.0,0.0,0.0,0.0,0.0,0.0,_409-23109_n,PQ,1.0,1.0,1.0,7621.02355330306,1000000.0,0.95,1.05,0,0,abc,False,False,False,47.656733213942,-117.403517370724
125,0.0,0.0,0.0,0.0,0.0,0.0,_409-23109_n_sec,PQ,1.0,1.0,1.0,119.99994404998696,1000000.0,0.95,1.05,0,0,ab,False,False,False,47.656733213942,-117.403517370724
126,0.0,0.0,0.0,0.0,0.0,0.0,_406-2300055_n,PQ,1.0,1.0,1.0,119.99994404998696,1000000.0,0.95,1.05,0,0,ab,False,False,False,47.6567776958889,-117.40354833448
127,0.0,0.0,0.0,0.0,0.0,0.0,_402-2105095_sn,PQ,1.0,1.0,1.0,7621.02355330306,1000000.0,0.95,1.05,0,0,abc,False,False,False,47.6567329149019,-117.403566066678
128,0.0,0.0,0.0,0.0,0.0,0.0,_402-2105095_ln,PQ,1.0,1.0,1.0,7621.02355330306,1000000.0,0.95,1.05,0,0,abc,False,False,False,47.6567329149019,-117.403566066678
129,0.0,0.0,0.0,0.0,0.0,0.0,_409-22700_n,PQ,1.0,1.0,1.0,7621.02355330306,1000000.0,0.95,1.05,0,0,abc,False,False,False,47.6567286894311,-117.404253902304
130,0.0,0.0,0.0,0.0,0.0,0.0,_409-22700_n_sec,PQ,1.0,1.0,1.0,119.99994404998696,1000000.0,0.95,1.05,0,0,abc,False,False,False,47.6567286894311,-117.404253902304
131,0.0,0.0,0.0,0.0,0.0,0.0,_406-92424_n,PQ,1.0,1.0,1.0,119.99994404998696,1000000.0,0.95,1.05,0,0,abc,False,False,False,47.6570873055108,-117.404178394475
132,0.0,0.0,0.0,0.0,0.0,0.0,_500-14010_n,PQ,1.0,1.0,1.0,7621.02355330306,1000000.0,0.95,1.05,0,0,abc,False,False,False,47.656731250643,-117.405063175252
133,0.0,0.0,0.0,0.0,0.0,0.0,_409-23115_n,PQ,1.0,1.0,1.0,7621.02355330306,1000000.0,0.95,1.05,0,0,abc,False,False,False,47.6567261126798,-117.40576687717
134,0.0,0.0,0.0,0.0,0.0,0.0,_409-23103_n,PQ,1.0,1.0,1.0,7621.02355330306,1000000.0,0.95,1.05,0,0,abc,False,False,False,47.6567256950393,-117.405799774026
135,0.0,0.0,0.0,0.0,0.0,0.0,_403-1235114_sn,PQ,1.0,1.0,1.0,7621.02355330306,1000000.0,0.95,1.05,0,0,abc,False,False,False,47.6567192528187,-117.407425928848
136,0.0,0.0,0.0,0.0,0.0,0.0,_403-1235114_ln,PQ,1.0,1.0,1.0,7621.02355330306,1000000.0,0.95,1.05,0,0,abc,False,False,False,47.6567192528187,-117.407425928848
137,0.0,0.0,0.0,0.0,0.0,0.0,_389-4187489-1_n,PQ,1.0,1.0,1.0,7621.02355330306,1000000.0,0.95,1.05,0,0,abc,False,False,False,47.6567401649686,-117.408017496836
138,0.0,0.0,0.0,0.0,0.0,0.0,_402-2105414_ln,PQ,1.0,1.0,1.0,7621.02355330306,1000000.0,0.95,1.05,0,0,abc,False,False,False,47.6567401649686,-117.408017496836
139,0.0,0.0,0.0,0.0,0.0,0.0,_409-23103_n_sec,PQ,1.0,1.0,1.0,119.99994404998696,1000000.0,0.95,1.05,0,0,ab,False,False,False,47.6567170300194,-117.407363029
140,0.0,0.0,0.0,0.0,0.0,0.0,_500-2255251_n,PQ,1.0,1.0,1.0,119.99994404998696,1000000.0,0.95,1.05,0,0,ab,False,False,False,47.6565139873745,-117.408381537271
141,0.0,0.0,0.0,0.0,0.0,0.0,_406-92506_n,PQ,1.0,1.0,1.0,119.99994404998696,1000000.0,0.95,1.05,0,0,ab,False,False,False,47.657068720236,-117.407369723077
142,0.0,0.0,0.0,0.0,0.0,0.0,_409-23115_n_sec,PQ,1.0,1.0,1.0,119.99994404998696,1000000.0,0.95,1.05,0,0,bc,False,False,False,47.6567261126798,-117.40576687717
143,0.0,0.0,0.0,0.0,0.0,0.0,_406-92503_n,PQ,1.0,1.0,1.0,119.99994404998696,1000000.0,0.95,1.05,0,0,bc,False,False,False,47.6570224073648,-117.405955354154
144,0.0,0.0,0.0,0.0,0.0,0.0,_406-92502_n,PQ,1.0,1.0,1.0,119.99994404998696,1000000.0,0.95,1.05,0,0,bc,False,False,False,47.6567588166459,-117.405468554085
145,0.0,0.0,0.0,0.0,0.0,0.0,_406-92505_n,PQ,1.0,1.0,1.0,119.99994404998696,1000000.0,0.95,1.05,0,0,bc,False,False,False,47.6567593584949,-117.406277685709
146,0.0,0.0,0.0,0.0,0.0,0.0,_409-22698_n,PQ,1.0,1.0,1.0,7621.02355330306,1000000.0,0.95,1.05,0,0,abc,False,False,False,47.6569570530299,-117.405082753264
147,0.0,0.0,0.0,0.0,0.0,0.0,_500-4529805_n,PQ,1.0,1.0,1.0,7621.02355330306,1000000.0,0.95,1.05,0,0,abc,False,False,False,47.6576906991599,-117.405129448778
148,0.0,0.0,0.0,0.0,0.0,0.0,_396-274612_sn,PQ,1.0,1.0,1.0,7621.02355330306,1000000.0,0.95,1.05,0,0,abc,False,False,False,47.6577121268009,-117.405204149273
149,0.0,0.0,0.0,0.0,0.0,0.0,_396-274612_ln,PQ,1.0,1.0,1.0,7621.02355330306,1000000.0,0.95,1.05,0,0,abc,False,False,False,47.6577121268009,-117.405204149273
150,0.0,0.0,0.0,0.0,0.0,0.0,_500-4529807_n,PQ,1.0,1.0,1.0,7621.02355330306,1000000.0,0.95,1.05,0,0,a,False,False,False,47.6577002878898,-117.405240748046
151,0.0,0.0,0.0,0.0,0.0,0.0,_500-4529808_n,PQ,1.0,1.0,1.0,7621.02355330306,1000000.0,0.95,1.05,0,0,a,False,False,False,47.6577012762209,-117.4052441932
152,0.0,0.0,0.0,0.0,0.0,0.0,_396-274611_sn,PQ,1.0,1.0,1.0,7621.02355330306,1000000.0,0.95,1.05,0,0,abc,False,False,False,47.6576100780256,-117.405930798172
153,0.0,0.0,0.0,0.0,0.0,0.0,_396-274611_ln,PQ,1.0,1.0,1.0,7621.02355330306,1000000.0,0.95,1.05,0,0,abc,False,False,False,47.6576100780256,-117.405930798172
154,0.0,0.0,0.0,0.0,0.0,0.0,_500-4529803_n,PQ,1.0,1.0,1.0,7621.02355330306,1000000.0,0.95,1.05,0,0,abc,False,False,False,47.657661612521,-117.405958509277
155,0.0,0.0,0.0,0.0,0.0,0.0,_409-23074_n,PQ,1.0,1.0,1.0,7621.02355330306,1000000.0,0.95,1.05,0,0,abc,False,False,False,47.657661612521,-117.405958509277
156,0.0,0.0,0.0,0.0,0.0,0.0,_409-23074_n_sec,PQ,1.0,1.0,1.0,119.99994404998696,1000000.0,0.95,1.05,0,0,ac,False,False,False,47.6576647965827,-117.405684541869
157,0.0,0.0,0.0,0.0,0.0,0.0,_406-92330_n,PQ,1.0,1.0,1.0,119.99994404998696,1000000.0,0.95,1.05,0,0,ac,False,False,False,47.6574241993551,-117.40569310584
158,0.0,0.0,0.0,0.0,0.0,0.0,_406-92442_n,PQ,1.0,1.0,1.0,119.99994404998696,1000000.0,0.95,1.05,0,0,ac,False,False,False,47.6574309170569,-117.405845224776
159,0.0,0.0,0.0,0.0,0.0,0.0,_406-92445_n,PQ,1.0,1.0,1.0,119.99994404998696,1000000.0,0.95,1.05,0,0,ac,False,False,False,47.6574511144705,-117.406088627888
160,0.0,0.0,0.0,0.0,0.0,0.0,_406-92443_n,PQ,1.0,1.0,1.0,119.99994404998696,1000000.0,0.95,1.05,0,0,ac,False,False,False,47.6574521446905,-117.405980502805
161,0.0,0.0,0.0,0.0,0.0,0.0,_406-92440_n,PQ,1.0,1.0,1.0,119.99994404998696,1000000.0,0.95,1.05,0,0,ac,False,False,False,47.6574205059019,-117.405499479387
162,0.0,0.0,0.0,0.0,0.0,0.0,_500-3569786_n,PQ,1.0,1.0,1.0,119.99994404998696,1000000.0,0.95,1.05,0,0,ac,False,False,False,47.6576452139107,-117.405812108719
163,0.0,0.0,0.0,0.0,0.0,0.0,_406-92441_n,PQ,1.0,1.0,1.0,119.99994404998696,1000000.0,0.95,1.05,0,0,ac,False,False,False,47.6576535767093,-117.405042820388
164,0.0,0.0,0.0,0.0,0.0,0.0,_500-4529793_n,PQ,1.0,1.0,1.0,7621.02355330306,1000000.0,0.95,1.05,0,0,abc,False,False,False,47.6576647965827,-117.405684541869
165,0.0,0.0,0.0,0.0,0.0,0.0,_500-4437020_n,PQ,1.0,1.0,1.0,7621.02355330306,1000000.0,0.95,1.05,0,0,abc,False,False,False,47.6576522533937,-117.406374967058
166,0.0,0.0,0.0,0.0,0.0,0.0,_402-2305846_sn,PQ,1.0,1.0,1.0,7621.02355330306,1000000.0,0.95,1.05,0,0,abc,False,False,False,47.6576927699281,-117.406320288273
167,0.0,0.0,0.0,0.0,0.0,0.0,_402-2305846_ln,PQ,1.0,1.0,1.0,7621.02355330306,1000000.0,0.95,1.05,0,0,abc,False,False,False,47.6576927699281,-117.406320288273
168,0.0,0.0,0.0,0.0,0.0,0.0,_500-4437024_n,PQ,1.0,1.0,1.0,7621.02355330306,1000000.0,0.95,1.05,0,0,b,False,False,False,47.6576957910223,-117.406279957562
169,0.0,0.0,0.0,0.0,0.0,0.0,_395-3045325_sn,PQ,1.0,1.0,1.0,7621.02355330306,1000000.0,0.95,1.05,0,0,b,False,False,False,47.6577913642371,-117.405781942939
170,0.0,0.0,0.0,0.0,0.0,0.0,_391-2545844_n,PQ,1.0,1.0,1.0,7621.02355330306,1000000.0,0.95,1.05,0,0,abc,False,False,False,47.6577912768099,-117.405752682688
171,0.0,0.0,0.0,0.0,0.0,0.0,_395-3045324_sn,PQ,1.0,1.0,1.0,7621.02355330306,1000000.0,0.95,1.05,0,0,a,False,False,False,47.6578023610609,-117.405807131969
172,0.0,0.0,0.0,0.0,0.0,0.0,_500-4437022_n,PQ,1.0,1.0,1.0,7621.02355330306,1000000.0,0.95,1.05,0,0,a,False,False,False,47.6577143881741,-117.406295335224
173,0.0,0.0,0.0,0.0,0.0,0.0,_395-3045326_sn,PQ,1.0,1.0,1.0,7621.02355330306,1000000.0,0.95,1.05,0,0,c,False,False,False,47.6577912768099,-117.405752682688
174,0.0,0.0,0.0,0.0,0.0,0.0,_500-4437026_n,PQ,1.0,1.0,1.0,7621.02355330306,1000000.0,0.95,1.05,0,0,c,False,False,False,47.6576762402745,-117.406287916538
175,0.0,0.0,0.0,0.0,0.0,0.0,_391-2545844_ln,PQ,1.0,1.0,1.0,119.99994404998696,1000000.0,0.95,1.05,0,0,abc,False,False,False,47.6578262461021,-117.40576704327
176,0.0,0.0,0.0,0.0,0.0,0.0,_406-3294196_n,PQ,1.0,1.0,1.0,119.99994404998696,1000000.0,0.95,1.05,0,0,abc,False,False,False,47.6578784253231,-117.405763663205
177,0.0,0.0,0.0,0.0,0.0,0.0,_409-2127443_n,PQ,1.0,1.0,1.0,7621.02355330306,1000000.0,0.95,1.05,0,0,abc,False,False,False,47.6576527659399,-117.406892354061
178,0.0,0.0,0.0,0.0,0.0,0.0,_409-2127443_n_sec,PQ,1.0,1.0,1.0,119.99994404998696,1000000.0,0.95,1.05,0,0,ab,False,False,False,47.6576534838801,-117.406918919366
179,0.0,0.0,0.0,0.0,0.0,0.0,_406-2380054_n,PQ,1.0,1.0,1.0,119.99994404998696,1000000.0,0.95,1.05,0,0,ab,False,False,False,47.6575821771431,-117.40655298741
180,0.0,0.0,0.0,0.0,0.0,0.0,_409-23079_n,PQ,1.0,1.0,1.0,7621.02355330306,1000000.0,0.95,1.05,0,0,abc,False,False,False,47.6576458430662,-117.407399597058
181,0.0,0.0,0.0,0.0,0.0,0.0,_409-23079_n_sec,PQ,1.0,1.0,1.0,119.99994404998696,1000000.0,0.95,1.05,0,0,bc,False,False,False,47.657653142456,-117.407847633258
182,0.0,0.0,0.0,0.0,0.0,0.0,_406-92470_n,PQ,1.0,1.0,1.0,119.99994404998696,1000000.0,0.95,1.05,0,0,bc,False,False,False,47.6575540305334,-117.407841413185
183,0.0,0.0,0.0,0.0,0.0,0.0,_406-1855046_n,PQ,1.0,1.0,1.0,119.99994404998696,1000000.0,0.95,1.05,0,0,bc,False,False,False,47.6574375863127,-117.407655893073
184,0.0,0.0,0.0,0.0,0.0,0.0,_406-92473_n,PQ,1.0,1.0,1.0,119.99994404998696,1000000.0,0.95,1.05,0,0,bc,False,False,False,47.6575556873076,-117.407904401843
185,0.0,0.0,0.0,0.0,0.0,0.0,_406-92472_n,PQ,1.0,1.0,1.0,119.99994404998696,1000000.0,0.95,1.05,0,0,bc,False,False,False,47.6574490722396,-117.408160355305
186,0.0,0.0,0.0,0.0,0.0,0.0,_406-92819_n,PQ,1.0,1.0,1.0,119.99994404998696,1000000.0,0.95,1.05,0,0,bc,False,False,False,47.6578461857361,-117.407528518256
187,0.0,0.0,0.0,0.0,0.0,0.0,_406-92467_n,PQ,1.0,1.0,1.0,119.99994404998696,1000000.0,0.95,1.05,0,0,bc,False,False,False,47.65739040233,-117.407263978676
188,0.0,0.0,0.0,0.0,0.0,0.0,_406-92469_n,PQ,1.0,1.0,1.0,119.99994404998696,1000000.0,0.95,1.05,0,0,bc,False,False,False,47.6575494313354,-117.407746379707
189,0.0,0.0,0.0,0.0,0.0,0.0,_500-3323074_n,PQ,1.0,1.0,1.0,119.99994404998696,1000000.0,0.95,1.05,0,0,bc,False,False,False,47.6576258390384,-117.408475103171
190,0.0,0.0,0.0,0.0,0.0,0.0,_406-92471_n,PQ,1.0,1.0,1.0,119.99994404998696,1000000.0,0.95,1.05,0,0,bc,False,False,False,47.6576221807919,-117.408554807746
191,0.0,0.0,0.0,0.0,0.0,0.0,_403-801451_sn,PQ,1.0,1.0,1.0,7621.02355330306,1000000.0,0.95,1.05,0,0,abc,False,False,False,47.6576541357569,-117.407908596161
192,0.0,0.0,0.0,0.0,0.0,0.0,_403-801451_ln,PQ,1.0,1.0,1.0,7621.02355330306,1000000.0,0.95,1.05,0,0,abc,False,False,False,47.6576541357569,-117.407908596161
193,0.0,0.0,0.0,0.0,0.0,0.0,_409-719428_n,PQ,1.0,1.0,1.0,7621.02355330306,1000000.0,0.95,1.05,0,0,abc,False,False,False,47.6576288301647,-117.408660810441
194,0.0,0.0,0.0,0.0,0.0,0.0,_409-719428_n_sec,PQ,1.0,1.0,1.0,119.99994404998696,1000000.0,0.95,1.05,0,0,abc,False,False,False,47.6576288301647,-117.408660810441
195,0.0,0.0,0.0,0.0,0.0,0.0,_500-1962678_n,PQ,1.0,1.0,1.0,119.99994404998696,1000000.0,0.95,1.05,0,0,abc,False,False,False,47.6576431843381,-117.408712832977
196,0.0,0.0,0.0,0.0,0.0,0.0,_406-1325510_n,PQ,1.0,1.0,1.0,119.99994404998696,1000000.0,0.95,1.05,0,0,abc,False,False,False,47.6576273227334,-117.409003691435
197,0.0,0.0,0.0,0.0,0.0,0.0,_500-1962676_n,PQ,1.0,1.0,1.0,7621.02355330306,1000000.0,0.95,1.05,0,0,abc,False,False,False,47.6576274216907,-117.408702413307
198,0.0,0.0,0.0,0.0,0.0,0.0,_500-4529844_n,PQ,1.0,1.0,1.0,7621.02355330306,1000000.0,0.95,1.05,0,0,c,False,False,False,47.6577398181313,-117.405233196212
199,0.0,0.0,0.0,0.0,0.0,0.0,_500-4529843_n,PQ,1.0,1.0,1.0,7621.02355330306,1000000.0,0.95,1.05,0,0,c,False,False,False,47.6577121268009,-117.405204149273
200,0.0,0.0,0.0,0.0,0.0,0.0,_500-4529842_n,PQ,1.0,1.0,1.0,7621.02355330306,1000000.0,0.95,1.05,0,0,b,False,False,False,47.6577145576696,-117.405667797213
201,0.0,0.0,0.0,0.0,0.0,0.0,_500-4529841_n,PQ,1.0,1.0,1.0,7621.02355330306,1000000.0,0.95,1.05,0,0,b,False,False,False,47.6577121268009,-117.405204149273
202,0.0,0.0,0.0,0.0,0.0,0.0,_409-2041987_n,PQ,1.0,1.0,1.0,7621.02355330306,1000000.0,0.95,1.05,0,0,abc,False,False,False,47.6578286505271,-117.405130153368
203,0.0,0.0,0.0,0.0,0.0,0.0,_402-2457158_sn,PQ,1.0,1.0,1.0,7621.02355330306,1000000.0,0.95,1.05,0,0,abc,False,False,False,47.6578989945021,-117.405127835187
204,0.0,0.0,0.0,0.0,0.0,0.0,_402-2457158_ln,PQ,1.0,1.0,1.0,7621.02355330306,1000000.0,0.95,1.05,0,0,abc,False,False,False,47.6578989945021,-117.405127835187
205,0.0,0.0,0.0,0.0,0.0,0.0,_403-37199_sn,PQ,1.0,1.0,1.0,7621.02355330306,1000000.0,0.95,1.05,0,0,abc,False,False,False,47.6579735304905,-117.405124904938
206,0.0,0.0,0.0,0.0,0.0,0.0,_403-37199_ln,PQ,1.0,1.0,1.0,7621.02355330306,1000000.0,0.95,1.05,0,0,abc,False,False,False,47.6579735304905,-117.405124904938
207,0.0,0.0,0.0,0.0,0.0,0.0,_409-23125_n,PQ,1.0,1.0,1.0,7621.02355330306,1000000.0,0.95,1.05,0,0,abc,False,False,False,47.6579772894201,-117.404581454511
208,0.0,0.0,0.0,0.0,0.0,0.0,_409-1678771_n,PQ,1.0,1.0,1.0,7621.02355330306,1000000.0,0.95,1.05,0,0,abc,False,False,False,47.6579826731388,-117.404004383909
209,0.0,0.0,0.0,0.0,0.0,0.0,_409-1678771_n_sec,PQ,1.0,1.0,1.0,119.99994404998696,1000000.0,0.95,1.05,0,0,ac,False,False,False,47.6579826731388,-117.404004383909
210,0.0,0.0,0.0,0.0,0.0,0.0,_500-4010886_n,PQ,1.0,1.0,1.0,119.99994404998696,1000000.0,0.95,1.05,0,0,ac,False,False,False,47.6579976054585,-117.403965152216
211,0.0,0.0,0.0,0.0,0.0,0.0,_406-2839940_n,PQ,1.0,1.0,1.0,119.99994404998696,1000000.0,0.95,1.05,0,0,ac,False,False,False,47.6579978980262,-117.403821737209
212,0.0,0.0,0.0,0.0,0.0,0.0,_406-2938509_n,PQ,1.0,1.0,1.0,119.99994404998696,1000000.0,0.95,1.05,0,0,ac,False,False,False,47.6579658698705,-117.403858997098
213,0.0,0.0,0.0,0.0,0.0,0.0,_406-2526307_n,PQ,1.0,1.0,1.0,119.99994404998696,1000000.0,0.95,1.05,0,0,ac,False,False,False,47.657952668138,-117.404020407898
214,0.0,0.0,0.0,0.0,0.0,0.0,_500-1860430_n,PQ,1.0,1.0,1.0,119.99994404998696,1000000.0,0.95,1.05,0,0,ac,False,False,False,47.657684649694,-117.403979920734
215,0.0,0.0,0.0,0.0,0.0,0.0,_406-92478_n,PQ,1.0,1.0,1.0,119.99994404998696,1000000.0,0.95,1.05,0,0,ac,False,False,False,47.6574678286503,-117.403889716802
216,0.0,0.0,0.0,0.0,0.0,0.0,_500-4036473_n,PQ,1.0,1.0,1.0,7621.02355330306,1000000.0,0.95,1.05,0,0,abc,False,False,False,47.6579828853487,-117.403978009434
217,0.0,0.0,0.0,0.0,0.0,0.0,_409-23125_n_sec,PQ,1.0,1.0,1.0,119.99994404998696,1000000.0,0.95,1.05,0,0,abc,False,False,False,47.6579772894201,-117.404581454511
218,0.0,0.0,0.0,0.0,0.0,0.0,_406-92475_n,PQ,1.0,1.0,1.0,119.99994404998696,1000000.0,0.95,1.05,0,0,abc,False,False,False,47.6574571323489,-117.404842258697
219,0.0,0.0,0.0,0.0,0.0,0.0,_406-2094178_n,PQ,1.0,1.0,1.0,119.99994404998696,1000000.0,0.95,1.05,0,0,abc,False,False,False,47.6579551908641,-117.404614863767
220,0.0,0.0,0.0,0.0,0.0,0.0,_500-4051506_n,PQ,1.0,1.0,1.0,119.99994404998696,1000000.0,0.95,1.05,0,0,abc,False,False,False,47.657468790651,-117.404692999059
221,0.0,0.0,0.0,0.0,0.0,0.0,_409-2041987_n_sec,PQ,1.0,1.0,1.0,119.99994404998696,1000000.0,0.95,1.05,0,0,bc,False,False,False,47.6578286505271,-117.405130153368
222,0.0,0.0,0.0,0.0,0.0,0.0,_500-4539601_n,PQ,1.0,1.0,1.0,119.99994404998696,1000000.0,0.95,1.05,0,0,bc,False,False,False,47.6578230644744,-117.405108729879
223,0.0,0.0,0.0,0.0,0.0,0.0,_409-22698_n_sec,PQ,1.0,1.0,1.0,119.99994404998696,1000000.0,0.95,1.05,0,0,abc,False,False,False,47.6569570530299,-117.405082753264
224,0.0,0.0,0.0,0.0,0.0,0.0,_406-92439_n,PQ,1.0,1.0,1.0,119.99994404998696,1000000.0,0.95,1.05,0,0,abc,False,False,False,47.6570954754519,-117.40545069464
225,0.0,0.0,0.0,0.0,0.0,0.0,_406-92438_n,PQ,1.0,1.0,1.0,119.99994404998696,1000000.0,0.95,1.05,0,0,abc,False,False,False,47.657062279714,-117.405012864531
226,0.0,0.0,0.0,0.0,0.0,0.0,_409-22383_n_sec,PQ,1.0,1.0,1.0,119.99994404998696,1000000.0,0.95,1.05,0,0,abc,False,False,False,47.6567424338784,-117.402685580202
227,0.0,0.0,0.0,0.0,0.0,0.0,_406-92378_n,PQ,1.0,1.0,1.0,119.99994404998696,1000000.0,0.95,1.05,0,0,abc,False,False,False,47.6568539819561,-117.402897126809
228,0.0,0.0,0.0,0.0,0.0,0.0,_406-92377_n,PQ,1.0,1.0,1.0,119.99994404998696,1000000.0,0.95,1.05,0,0,abc,False,False,False,47.6570064299076,-117.402951347728
229,0.0,0.0,0.0,0.0,0.0,0.0,_409-23049_n_sec,PQ,1.0,1.0,1.0,119.99994404998696,1000000.0,0.95,1.05,0,0,abc,False,False,False,47.6567437331925,-117.400957087642
230,0.0,0.0,0.0,0.0,0.0,0.0,_406-92374_n,PQ,1.0,1.0,1.0,119.99994404998696,1000000.0,0.95,1.05,0,0,ab,False,False,False,47.6564155752604,-117.400911630135
231,0.0,0.0,0.0,0.0,0.0,0.0,_409-1450774_n_sec,PQ,1.0,1.0,1.0,119.99994404998696,1000000.0,0.95,1.05,0,0,abc,False,False,False,47.6567349721264,-117.400325700032
232,0.0,0.0,0.0,0.0,0.0,0.0,_406-92419_n,PQ,1.0,1.0,1.0,119.99994404998696,1000000.0,0.95,1.05,0,0,abc,False,False,False,47.656953957705,-117.400228988184
233,0.0,0.0,0.0,0.0,0.0,0.0,_409-22381_n_sec,PQ,1.0,1.0,1.0,119.99994404998696,1000000.0,0.95,1.05,0,0,abc,False,False,False,47.6567374939879,-117.399798446943
234,0.0,0.0,0.0,0.0,0.0,0.0,_406-92371_n,PQ,1.0,1.0,1.0,119.99994404998696,1000000.0,0.95,1.05,0,0,abc,False,False,False,47.6569882932964,-117.399396221966
235,0.0,0.0,0.0,0.0,0.0,0.0,_406-92418_n,PQ,1.0,1.0,1.0,119.99994404998696,1000000.0,0.95,1.05,0,0,abc,False,False,False,47.6569960382708,-117.399906597989
236,0.0,0.0,0.0,0.0,0.0,0.0,_403-1278617_sn,PQ,1.0,1.0,1.0,7621.02355330306,1000000.0,0.95,1.05,0,0,abc,False,False,False,47.6568063129041,-117.398946229376
237,0.0,0.0,0.0,0.0,0.0,0.0,_403-1278617_ln,PQ,1.0,1.0,1.0,7621.02355330306,1000000.0,0.95,1.05,0,0,abc,False,False,False,47.6568063129041,-117.398946229376
238,0.004620293261270323,0.0009335303457969323,0.00462552562086173,0.0009345875771851967,0.004624018820867273,0.0009342831236170635,_409-23073_n,PQ,1.0,1.0,1.0,7621.02355330306,1000000.0,0.95,1.05,0,0,abc,False,True,False,47.6573997502143,-117.398925206061
239,0.0022594113458924594,0.00045661810380291944,0.002261970069325048,0.00045713522784828224,0.0022612332154471064,0.00045698631034249583,_409-23055_n,PQ,1.0,1.0,1.0,7621.02355330306,1000000.0,0.95,1.05,0,0,abc,False,True,False,47.6579756205305,-117.398931108746
240,0.0035751463958131518,0.0007238242519518915,0.0035791951542926007,0.0007246439892822748,0.0035780292043690156,0.0007244079274646657,_500-15144_n,PQ,1.0,1.0,1.0,7621.02355330306,1000000.0,0.95,1.05,0,0,abc,False,True,False,47.658420662552,-117.398954207083
241,0.0,0.0,0.0,0.0,0.0,0.0,_402-1615687_sn,PQ,1.0,1.0,1.0,7621.02355330306,1000000.0,0.95,1.05,0,0,abc,False,False,False,47.6584045890752,-117.39887662263
242,0.0,0.0,0.0,0.0,0.0,0.0,_402-1615687_ln,PQ,1.0,1.0,1.0,7621.02355330306,1000000.0,0.95,1.05,0,0,abc,False,False,False,47.6584045890752,-117.39887662263
243,0.0,0.0,0.0,0.0,0.0,0.0,_403-36882_sn,PQ,1.0,1.0,1.0,7621.02355330306,1000000.0,0.95,1.05,0,0,abc,False,False,False,47.6581573369912,-117.397682946665
244,0.0,0.0,0.0,0.0,0.0,0.0,_403-36882_ln,PQ,1.0,1.0,1.0,7621.02355330306,1000000.0,0.95,1.05,0,0,bc,False,False,False,47.6581573369912,-117.397682946665
245,0.0,0.0,0.0,0.0,0.0,0.0,_403-142218_sn,PQ,1.0,1.0,1.0,7621.02355330306,1000000.0,0.95,1.05,0,0,bc,False,False,False,47.6579046040807,-117.397608846487
246,0.0,0.0,0.0,0.0,0.0,0.0,_403-142218_ln,PQ,1.0,1.0,1.0,7621.02355330306,1000000.0,0.95,1.05,0,0,bc,False,False,False,47.6579046040807,-117.397608846487
247,0.0,0.0,0.0,0.0,0.0,0.0,_409-1194789_n,PQ,1.0,1.0,1.0,7621.02355330306,1000000.0,0.95,1.05,0,0,bc,False,False,False,47.6575313400659,-117.397602332392
248,0.0,0.0,0.0,0.0,0.0,0.0,_500-2890151_n,PQ,1.0,1.0,1.0,7621.02355330306,1000000.0,0.95,1.05,0,0,bc,False,False,False,47.6574821645431,-117.397600923221
249,0.0,0.0,0.0,0.0,0.0,0.0,_409-1194789_n_sec,PQ,1.0,1.0,1.0,119.99994404998696,1000000.0,0.95,1.05,0,0,bc,False,False,False,47.6575313400659,-117.397602332392
250,0.0,0.0,0.0,0.0,0.0,0.0,_406-463087_n,PQ,1.0,1.0,1.0,119.99994404998696,1000000.0,0.95,1.05,0,0,bc,False,False,False,47.6576061740291,-117.397576267158
251,0.0,0.0,0.0,0.0,0.0,0.0,_406-92331_n,PQ,1.0,1.0,1.0,119.99994404998696,1000000.0,0.95,1.05,0,0,bc,False,False,False,47.6575057003812,-117.397117481719
252,0.0,0.0,0.0,0.0,0.0,0.0,_396-174451_sn,PQ,1.0,1.0,1.0,7621.02355330306,1000000.0,0.95,1.05,0,0,abc,False,False,False,47.6584624245729,-117.398953684571
253,0.0,0.0,0.0,0.0,0.0,0.0,_396-174451_ln,PQ,1.0,1.0,1.0,7621.02355330306,1000000.0,0.95,1.05,0,0,abc,False,False,False,47.6584624245729,-117.398953684571
254,0.0,0.0,0.0,0.0,0.0,0.0,_403-36888_sn,PQ,1.0,1.0,1.0,7621.02355330306,1000000.0,0.95,1.05,0,0,abc,False,False,False,47.6588752138301,-117.398948475851
255,0.0,0.0,0.0,0.0,0.0,0.0,_403-36888_ln,PQ,1.0,1.0,1.0,7621.02355330306,1000000.0,0.95,1.05,0,0,abc,False,False,False,47.6588752138301,-117.398948475851
256,0.0,0.0,0.0,0.0,0.0,0.0,_500-15145_n,PQ,1.0,1.0,1.0,7621.02355330306,1000000.0,0.95,1.05,0,0,abc,False,False,False,47.6592901870207,-117.399038381025
257,0.0,0.0,0.0,0.0,0.0,0.0,_403-1425849_sn,PQ,1.0,1.0,1.0,7621.02355330306,1000000.0,0.95,1.05,0,0,abc,False,False,False,47.6594609894621,-117.399468119592
258,0.0,0.0,0.0,0.0,0.0,0.0,_403-1425849_ln,PQ,1.0,1.0,1.0,7621.02355330306,1000000.0,0.95,1.05,0,0,abc,False,False,False,47.6594609894621,-117.399468119592
259,0.0,0.0,0.0,0.0,0.0,0.0,_500-15147_n,PQ,1.0,1.0,1.0,7621.02355330306,1000000.0,0.95,1.05,0,0,abc,False,False,False,47.6597757442868,-117.39999822987
260,0.0,0.0,0.0,0.0,0.0,0.0,_409-1472851_n,PQ,1.0,1.0,1.0,7621.02355330306,1000000.0,0.95,1.05,0,0,abc,False,True,False,47.6597874419007,-117.400016316685
261,0.0,0.0,0.0,0.0,0.0,0.0,_389-3326461-12_n,PQ,1.0,1.0,1.0,7621.02355330306,1000000.0,0.95,1.05,0,0,abc,False,False,False,47.6599981221527,-117.400369730659
262,0.0,0.0,0.0,0.0,0.0,0.0,_390-190458_ln,PQ,1.0,1.0,1.0,7621.02355330306,1000000.0,0.95,1.05,0,0,abc,False,False,False,47.6599981221527,-117.400369730659
263,0.0,0.0,0.0,0.0,0.0,0.0,_409-1472851_n_sec,PQ,1.0,1.0,1.0,119.99994404998696,1000000.0,0.95,1.05,0,0,ab,False,False,False,47.6597874419007,-117.400016316685
264,0.0,0.0,0.0,0.0,0.0,0.0,_406-2841587_n,PQ,1.0,1.0,1.0,119.99994404998696,1000000.0,0.95,1.05,0,0,ab,False,False,False,47.6597827621518,-117.400055905166
265,0.0,0.0,0.0,0.0,0.0,0.0,_403-1425850_sn,PQ,1.0,1.0,1.0,7621.02355330306,1000000.0,0.95,1.05,0,0,abc,False,False,False,47.659333589385,-117.399022684935
266,0.0,0.0,0.0,0.0,0.0,0.0,_403-1425850_ln,PQ,1.0,1.0,1.0,7621.02355330306,1000000.0,0.95,1.05,0,0,abc,False,False,False,47.659333589385,-117.399022684935
267,0.0,0.0,0.0,0.0,0.0,0.0,_409-1541093_n,PQ,1.0,1.0,1.0,7621.02355330306,1000000.0,0.95,1.05,0,0,abc,False,False,False,47.6604825133663,-117.398617591256
268,0.0,0.0,0.0,0.0,0.0,0.0,_409-1541093_ln,PQ,1.0,1.0,1.0,119.99994404998696,1000000.0,0.95,1.05,0,0,abc,False,False,False,0.0,0.0
269,0.0,0.0,0.0,0.0,0.0,0.0,_392-100534_sn,PQ,1.0,1.0,1.0,7621.02355330306,1000000.0,0.95,1.05,0,0,abc,False,False,False,47.6606265029484,-117.398532927377
270,0.0,0.0,0.0,0.0,0.0,0.0,_392-100534_ln,PQ,1.0,1.0,1.0,7621.02355330306,1000000.0,0.95,1.05,0,0,abc,False,False,False,47.6606265029484,-117.398532927377
271,0.021320885323984226,0.004325787667826773,0.021368361277495015,0.004335420320057441,0.02135232242530027,0.004332166213718903,_500-15165_n,PQ,1.0,1.0,1.0,7621.02355330306,1000000.0,0.95,1.05,0,0,abc,False,True,False,47.6612768303318,-117.39818257281
272,0.0,0.0,0.0,0.0,0.0,0.0,_396-269492_sn,PQ,1.0,1.0,1.0,7621.02355330306,1000000.0,0.95,1.05,0,0,abc,False,False,False,47.6613297189902,-117.398161168406
273,0.0,0.0,0.0,0.0,0.0,0.0,_396-269492_ln,PQ,1.0,1.0,1.0,7621.02355330306,1000000.0,0.95,1.05,0,0,abc,False,False,False,47.6613297189902,-117.398161168406
274,0.0,0.0,0.0,0.0,0.0,0.0,_500-15167_n,PQ,1.0,1.0,1.0,7621.02355330306,1000000.0,0.95,1.05,0,0,abc,False,False,False,47.6616668463097,-117.398024689596
275,0.000714131256500854,0.000145534126995499,0.000716054896712021,0.0001459261598165699,0.0007153727465602284,0.00014578714396136904,_500-1391185_n,PQ,1.0,1.0,1.0,7621.02355330306,1000000.0,0.95,1.05,0,0,abc,False,True,False,47.6625826268605,-117.397994543947
276,0.0,0.0,0.0,0.0,0.0,0.0,_402-722742_sn,PQ,1.0,1.0,1.0,7621.02355330306,1000000.0,0.95,1.05,0,0,abc,False,False,False,47.6626007961858,-117.398071120773
277,0.0,0.0,0.0,0.0,0.0,0.0,_402-722742_ln,PQ,1.0,1.0,1.0,7621.02355330306,1000000.0,0.95,1.05,0,0,abc,False,False,False,47.6626007961858,-117.398071120773
278,0.0,0.0,0.0,0.0,0.0,0.0,_500-1796342_n,PQ,1.0,1.0,1.0,7621.02355330306,1000000.0,0.95,1.05,0,0,b,False,False,False,47.6626007961858,-117.398071120773
279,0.0,0.0,0.0,0.0,0.0,0.0,_395-1135229_sn,PQ,1.0,1.0,1.0,7621.02355330306,1000000.0,0.95,1.05,0,0,b,False,False,False,47.6626248778428,-117.39821365889
280,0.0,0.0,0.0,0.0,0.0,0.0,_391-851127_n,PQ,1.0,1.0,1.0,7621.02355330306,1000000.0,0.95,1.05,0,0,abc,False,False,False,47.6626248778428,-117.39821365889
281,0.0,0.0,0.0,0.0,0.0,0.0,_391-851127_ln,PQ,1.0,1.0,1.0,277.1281292110204,1000000.0,0.95,1.05,0,0,abc,False,False,False,47.6626360043092,-117.398264046201
282,0.0,0.0,0.0,0.0,0.0,0.0,_500-1796344_n,PQ,1.0,1.0,1.0,277.1281292110204,1000000.0,0.95,1.05,0,0,abc,False,False,False,47.6626785358987,-117.39846271399
283,0.0,0.0,0.0,0.0,0.0,0.0,_406-1223123_n,PQ,1.0,1.0,1.0,277.1281292110204,1000000.0,0.95,1.05,0,0,abc,False,False,False,47.6627514944422,-117.398322493309
284,0.0,0.0,0.0,0.0,0.0,0.0,_395-1135230_sn,PQ,1.0,1.0,1.0,7621.02355330306,1000000.0,0.95,1.05,0,0,c,False,False,False,47.6626446437963,-117.398213176554
285,0.0,0.0,0.0,0.0,0.0,0.0,_500-1796340_n,PQ,1.0,1.0,1.0,7621.02355330306,1000000.0,0.95,1.05,0,0,c,False,False,False,47.6626446437963,-117.398213176554
286,0.0,0.0,0.0,0.0,0.0,0.0,_395-1135228_sn,PQ,1.0,1.0,1.0,7621.02355330306,1000000.0,0.95,1.05,0,0,a,False,False,False,47.6626079958248,-117.398230223057
287,0.0,0.0,0.0,0.0,0.0,0.0,_500-1796338_n,PQ,1.0,1.0,1.0,7621.02355330306,1000000.0,0.95,1.05,0,0,a,False,False,False,47.6626079958248,-117.398230223057
288,0.04821570561139052,0.009774478202120029,0.04834558323519845,0.009800808224294775,0.04829952678468157,0.00979147153168294,_500-15176_n,PQ,1.0,1.0,1.0,7621.02355330306,1000000.0,0.95,1.05,0,0,abc,False,True,False,47.6630962497884,-117.397971199838
289,0.0002639916491933027,5.415223267397463e-05,0.00026470275789187796,5.42981053252075e-05,0.00026445058864115584,5.4246378494130144e-05,_500-4034322_n,PQ,1.0,1.0,1.0,7621.02355330306,1000000.0,0.95,1.05,0,0,abc,False,True,False,47.6633178671016,-117.397971444699
290,0.003076518067379956,0.0006261351990136552,0.0030848052188281404,0.0006278218519118829,0.0030818664771797427,0.0006272237604447712,_409-234868_n,PQ,1.0,1.0,1.0,7621.02355330306,1000000.0,0.95,1.05,0,0,abc,False,True,False,47.663409883653,-117.397971546589
291,0.0,0.0,0.0,0.0,0.0,0.0,_409-234868_n_sec,PQ,1.0,1.0,1.0,277.1281292110204,1000000.0,0.95,1.05,0,0,abc,False,False,False,47.6634247226918,-117.3979719032
292,0.0,0.0,0.0,0.0,0.0,0.0,_406-689012_n,PQ,1.0,1.0,1.0,277.1281292110204,1000000.0,0.95,1.05,0,0,abc,False,False,False,47.6636768410816,-117.397738013776
293,1.3538033072164649e-05,3.384513470924139e-06,1.3574500175644178e-05,3.393630466412411e-06,1.35615684187735e-05,3.390397537375652e-06,_409-2046499_n,PQ,1.0,1.0,1.0,7621.02355330306,1000000.0,0.95,1.05,0,0,abc,False,True,False,47.6638155499971,-117.397977091029
294,0.0,0.0,0.0,0.0,0.0,0.0,_409-2046499_n_sec,PQ,1.0,1.0,1.0,119.99994404998696,1000000.0,0.95,1.05,0,0,ab,False,False,False,47.6638155499971,-117.397977091029
295,0.0,0.0,0.0,0.0,0.0,0.0,_406-3392071_n,PQ,1.0,1.0,1.0,119.99994404998696,1000000.0,0.95,1.05,0,0,ab,False,False,False,47.6638829371938,-117.398071010882
296,0.0039903353187084835,0.0008021299753989931,0.004001084000444343,0.000804290715266829,0.003997272365246022,0.000803524511638674,_409-23087_n,PQ,1.0,1.0,1.0,7621.02355330306,1000000.0,0.95,1.05,0,0,abc,False,True,False,47.6641588763314,-117.397981877579
297,0.0,0.0,0.0,0.0,0.0,0.0,_403-37193_sn,PQ,1.0,1.0,1.0,7621.02355330306,1000000.0,0.95,1.05,0,0,abc,False,False,False,47.6641806896505,-117.397982185317
298,0.0,0.0,0.0,0.0,0.0,0.0,_403-37193_ln,PQ,1.0,1.0,1.0,7621.02355330306,1000000.0,0.95,1.05,0,0,abc,False,False,False,47.6641806896505,-117.397982185317
299,0.0004772040753285999,9.81485395748647e-05,0.0004785041345115845,9.841593544036331e-05,0.00047806517486979905,9.83256533695095e-05,_500-3376242_n,PQ,1.0,1.0,1.0,7621.02355330306,1000000.0,0.95,1.05,0,0,abc,False,True,False,47.6645224792278,-117.397976025674
300,0.0,0.0,0.0,0.0,0.0,0.0,_402-1760651_sn,PQ,1.0,1.0,1.0,7621.02355330306,1000000.0,0.95,1.05,0,0,abc,False,False,False,47.6645556594041,-117.398040642715
301,0.0,0.0,0.0,0.0,0.0,0.0,_402-1760651_ln,PQ,1.0,1.0,1.0,7621.02355330306,1000000.0,0.95,1.05,0,0,abc,False,False,False,47.6645556594041,-117.398040642715
302,0.0,0.0,0.0,0.0,0.0,0.0,_500-3376246_n,PQ,1.0,1.0,1.0,7621.02355330306,1000000.0,0.95,1.05,0,0,b,False,False,False,47.6645711374833,-117.398074138631
303,0.0,0.0,0.0,0.0,0.0,0.0,_395-2453703_sn,PQ,1.0,1.0,1.0,7621.02355330306,1000000.0,0.95,1.05,0,0,b,False,False,False,47.6649314389102,-117.40131407719
304,0.0,0.0,0.0,0.0,0.0,0.0,_391-2013548_n,PQ,1.0,1.0,1.0,7621.02355330306,1000000.0,0.95,1.05,0,0,abc,False,False,False,47.6649378247618,-117.401342542596
305,0.0,0.0,0.0,0.0,0.0,0.0,_395-2453702_sn,PQ,1.0,1.0,1.0,7621.02355330306,1000000.0,0.95,1.05,0,0,a,False,False,False,47.6649378247618,-117.401342542596
306,0.0,0.0,0.0,0.0,0.0,0.0,_500-3376244_n,PQ,1.0,1.0,1.0,7621.02355330306,1000000.0,0.95,1.05,0,0,a,False,False,False,47.6645502636939,-117.398080431745
307,0.0,0.0,0.0,0.0,0.0,0.0,_391-2013548_ln,PQ,1.0,1.0,1.0,277.1281292110204,1000000.0,0.95,1.05,0,0,abc,False,False,False,47.6649677447366,-117.401312323501
308,0.0,0.0,0.0,0.0,0.0,0.0,_406-2517323_n,PQ,1.0,1.0,1.0,277.1281292110204,1000000.0,0.95,1.05,0,0,abc,False,False,False,47.6650305148187,-117.401322167645
309,0.0,0.0,0.0,0.0,0.0,0.0,_395-2453704_sn,PQ,1.0,1.0,1.0,7621.02355330306,1000000.0,0.95,1.05,0,0,c,False,False,False,47.6649363040852,-117.401285712052
310,0.0,0.0,0.0,0.0,0.0,0.0,_500-3376248_n,PQ,1.0,1.0,1.0,7621.02355330306,1000000.0,0.95,1.05,0,0,c,False,False,False,47.6645824531748,-117.398049232069
311,0.0,0.0,0.0,0.0,0.0,0.0,_500-15194_n,PQ,1.0,1.0,1.0,7621.02355330306,1000000.0,0.95,1.05,0,0,abc,False,False,False,47.6649015255383,-117.397963952439
312,0.0,0.0,0.0,0.0,0.0,0.0,_403-37197_sn,PQ,1.0,1.0,1.0,7621.02355330306,1000000.0,0.95,1.05,0,0,abc,False,False,False,47.6661961618,-117.397970799119
313,0.0,0.0,0.0,0.0,0.0,0.0,_403-37197_ln,PQ,1.0,1.0,1.0,7621.02355330306,1000000.0,0.95,1.05,0,0,abc,False,False,False,47.6661961618,-117.397970799119
314,0.0,0.0,0.0,0.0,0.0,0.0,_390-8029_sn,PQ,1.0,1.0,1.0,7621.02355330306,1000000.0,0.95,1.05,0,0,abc,False,False,False,47.6662646854162,-117.397972948906
315,0.0,0.0,0.0,0.0,0.0,0.0,_390-8029_ln,PQ,1.0,1.0,1.0,7621.02355330306,1000000.0,0.95,1.05,0,0,abc,False,False,False,47.6662646854162,-117.397972948906
316,0.0,0.0,0.0,0.0,0.0,0.0,_500-15200_n,PQ,1.0,1.0,1.0,7621.02355330306,1000000.0,0.95,1.05,0,0,abc,False,False,False,47.6667539350298,-117.39798840719
317,0.0,0.0,0.0,0.0,0.0,0.0,_394-1034905-1_n,PQ,1.0,1.0,1.0,7621.02355330306,1000000.0,0.95,1.05,0,0,abc,False,False,False,47.6667532577658,-117.398069568602
318,0.0,0.0,0.0,0.0,0.0,0.0,_402-606216_ln,PQ,1.0,1.0,1.0,7621.02355330306,1000000.0,0.95,1.05,0,0,abc,False,False,False,47.6667532577658,-117.398069568602
319,0.0,0.0,0.0,0.0,0.0,0.0,_500-15201_n,PQ,1.0,1.0,1.0,7621.02355330306,1000000.0,0.95,1.05,0,0,abc,False,False,False,47.6667687615649,-117.397989244287
320,0.07052615573284589,0.014279181824489385,0.07072794371611783,0.014320038327335489,0.07067421673715753,0.014309160537690064,_500-15202_n,PQ,1.0,1.0,1.0,7621.02355330306,1000000.0,0.95,1.05,0,0,abc,False,True,False,47.6673006282413,-117.397993335351
321,0.0,0.0,0.0,0.0,0.0,0.0,_402-36899_sn,PQ,1.0,1.0,1.0,7621.02355330306,1000000.0,0.95,1.05,0,0,abc,False,False,False,47.6673044822269,-117.397926210102
322,0.0,0.0,0.0,0.0,0.0,0.0,_402-36899_ln,PQ,1.0,1.0,1.0,7621.02355330306,1000000.0,0.95,1.05,0,0,abc,False,False,False,47.6673044822269,-117.397926210102
323,0.0,0.0,0.0,0.0,0.0,0.0,_500-15205_n,PQ,1.0,1.0,1.0,7621.02355330306,1000000.0,0.95,1.05,0,0,abc,False,False,False,47.6673196867357,-117.397331253292
324,0.0,0.0,0.0,0.0,0.0,0.0,_409-1258403_n,PQ,1.0,1.0,1.0,7621.02355330306,1000000.0,0.95,1.05,0,0,abc,False,False,False,47.6673190326158,-117.39728881503
325,0.0,0.0,0.0,0.0,0.0,0.0,_409-1258403_n_sec,PQ,1.0,1.0,1.0,119.99994404998696,1000000.0,0.95,1.05,0,0,ab,False,False,False,47.6673190326158,-117.39728881503
326,0.0,0.0,0.0,0.0,0.0,0.0,_406-3142761_n,PQ,1.0,1.0,1.0,119.99994404998696,1000000.0,0.95,1.05,0,0,ab,False,False,False,47.6674659475925,-117.396701836075
327,0.0,0.0,0.0,0.0,0.0,0.0,_500-4530673_n,PQ,1.0,1.0,1.0,119.99994404998696,1000000.0,0.95,1.05,0,0,ab,False,False,False,47.6672878215018,-117.397985946384
328,0.0,0.0,0.0,0.0,0.0,0.0,_406-3360932_n,PQ,1.0,1.0,1.0,119.99994404998696,1000000.0,0.95,1.05,0,0,ab,False,False,False,47.6674861840218,-117.398265592202
329,0.0,0.0,0.0,0.0,0.0,0.0,_406-2254611_n,PQ,1.0,1.0,1.0,119.99994404998696,1000000.0,0.95,1.05,0,0,ab,False,False,False,47.6672965765446,-117.398007874575
330,0.0,0.0,0.0,0.0,0.0,0.0,_406-3175501_n,PQ,1.0,1.0,1.0,119.99994404998696,1000000.0,0.95,1.05,0,0,ab,False,False,False,47.6673031610336,-117.397269313012
331,0.0,0.0,0.0,0.0,0.0,0.0,_500-3139959_n,PQ,1.0,1.0,1.0,119.99994404998696,1000000.0,0.95,1.05,0,0,ab,False,False,False,47.6675114029077,-117.397162648153
332,0.0,0.0,0.0,0.0,0.0,0.0,_500-3418776_n,PQ,1.0,1.0,1.0,7621.02355330306,1000000.0,0.95,1.05,0,0,abc,False,False,False,47.6673174198171,-117.39690681934
333,0.0,0.0,0.0,0.0,0.0,0.0,_402-1786262_sn,PQ,1.0,1.0,1.0,7621.02355330306,1000000.0,0.95,1.05,0,0,abc,False,False,False,47.6672627865456,-117.396899961257
334,0.0,0.0,0.0,0.0,0.0,0.0,_402-1786262_ln,PQ,1.0,1.0,1.0,7621.02355330306,1000000.0,0.95,1.05,0,0,abc,False,False,False,47.6672627865456,-117.396899961257
335,0.0,0.0,0.0,0.0,0.0,0.0,_500-3418778_n,PQ,1.0,1.0,1.0,7621.02355330306,1000000.0,0.95,1.05,0,0,a,False,False,False,47.6672627865456,-117.396899961257
336,0.0,0.0,0.0,0.0,0.0,0.0,_395-2483452_sn,PQ,1.0,1.0,1.0,7621.02355330306,1000000.0,0.95,1.05,0,0,a,False,False,False,47.6672172981332,-117.396827567519
337,0.0,0.0,0.0,0.0,0.0,0.0,_391-2042005_n,PQ,1.0,1.0,1.0,7621.02355330306,1000000.0,0.95,1.05,0,0,abc,False,False,False,47.6672634816524,-117.396721097095
338,0.0,0.0,0.0,0.0,0.0,0.0,_395-2483459_ln,PQ,1.0,1.0,1.0,7621.02355330306,1000000.0,0.95,1.05,0,0,c,False,False,False,47.6672442302302,-117.396725444102
339,0.0,0.0,0.0,0.0,0.0,0.0,_395-2483460_sn,PQ,1.0,1.0,1.0,7621.02355330306,1000000.0,0.95,1.05,0,0,c,False,False,False,47.6672545839378,-117.395938326601
340,0.0,0.0,0.0,0.0,0.0,0.0,_391-2042008_n,PQ,1.0,1.0,1.0,7621.02355330306,1000000.0,0.95,1.05,0,0,abc,False,False,False,47.6672240098469,-117.395874333367
341,0.0,0.0,0.0,0.0,0.0,0.0,_395-2483463_ln,PQ,1.0,1.0,1.0,7621.02355330306,1000000.0,0.95,1.05,0,0,c,False,False,False,47.6672590602311,-117.395800782772
342,0.0,0.0,0.0,0.0,0.0,0.0,_500-3419404_n,PQ,1.0,1.0,1.0,7621.02355330306,1000000.0,0.95,1.05,0,0,c,False,False,False,47.6672624268232,-117.395736006774
343,0.0,0.0,0.0,0.0,0.0,0.0,_402-1786263_sn,PQ,1.0,1.0,1.0,7621.02355330306,1000000.0,0.95,1.05,0,0,abc,False,False,False,47.6672953509601,-117.395708731301
344,0.0,0.0,0.0,0.0,0.0,0.0,_500-3419402_n,PQ,1.0,1.0,1.0,7621.02355330306,1000000.0,0.95,1.05,0,0,b,False,False,False,47.6672817602764,-117.395743978327
345,0.0,0.0,0.0,0.0,0.0,0.0,_395-2483462_ln,PQ,1.0,1.0,1.0,7621.02355330306,1000000.0,0.95,1.05,0,0,b,False,False,False,47.667278447825,-117.395798075687
346,0.0,0.0,0.0,0.0,0.0,0.0,_402-1786263_ln,PQ,1.0,1.0,1.0,7621.02355330306,1000000.0,0.95,1.05,0,0,abc,False,False,False,47.6672953509601,-117.395708731301
347,0.0,0.0,0.0,0.0,0.0,0.0,_500-3419396_n,PQ,1.0,1.0,1.0,7621.02355330306,1000000.0,0.95,1.05,0,0,abc,False,False,False,47.6672953509601,-117.395708731301
348,0.0,0.0,0.0,0.0,0.0,0.0,_500-15208_n,PQ,1.0,1.0,1.0,7621.02355330306,1000000.0,0.95,1.05,0,0,abc,False,False,False,47.6673248529512,-117.395618946513
349,0.0,0.0,0.0,0.0,0.0,0.0,_409-23063_n,PQ,1.0,1.0,1.0,7621.02355330306,1000000.0,0.95,1.05,0,0,abc,False,False,False,47.667324279991,-117.395136684726
350,0.0,0.0,0.0,0.0,0.0,0.0,_409-23019_n,PQ,1.0,1.0,1.0,7621.02355330306,1000000.0,0.95,1.05,0,0,abc,False,False,False,47.6673242382953,-117.395104812623
351,0.0,0.0,0.0,0.0,0.0,0.0,_409-23019_n_sec,PQ,1.0,1.0,1.0,119.99994404998696,1000000.0,0.95,1.05,0,0,ab,False,False,False,47.6673246054913,-117.39444171027
352,0.0,0.0,0.0,0.0,0.0,0.0,_406-92219_n,PQ,1.0,1.0,1.0,119.99994404998696,1000000.0,0.95,1.05,0,0,ab,False,False,False,47.6671549048183,-117.394752691335
353,0.0,0.0,0.0,0.0,0.0,0.0,_406-92222_n,PQ,1.0,1.0,1.0,119.99994404998696,1000000.0,0.95,1.05,0,0,ab,False,False,False,47.6671586908175,-117.394340576281
354,0.0,0.0,0.0,0.0,0.0,0.0,_406-92221_n,PQ,1.0,1.0,1.0,119.99994404998696,1000000.0,0.95,1.05,0,0,ab,False,False,False,47.6671580823674,-117.394211670134
355,0.0,0.0,0.0,0.0,0.0,0.0,_406-92220_n,PQ,1.0,1.0,1.0,119.99994404998696,1000000.0,0.95,1.05,0,0,ab,False,False,False,47.6671422830041,-117.394548208909
356,0.0,0.0,0.0,0.0,0.0,0.0,_409-23061_n,PQ,1.0,1.0,1.0,7621.02355330306,1000000.0,0.95,1.05,0,0,abc,False,False,False,47.6673305390497,-117.393774839563
357,0.0,0.0,0.0,0.0,0.0,0.0,_500-15210_n,PQ,1.0,1.0,1.0,7621.02355330306,1000000.0,0.95,1.05,0,0,abc,False,False,False,47.6673308414345,-117.393741951715
358,0.0,0.0,0.0,0.0,0.0,0.0,_403-39755_sn,PQ,1.0,1.0,1.0,7621.02355330306,1000000.0,0.95,1.05,0,0,abc,False,False,False,47.6673624581992,-117.393153555097
359,0.0,0.0,0.0,0.0,0.0,0.0,_403-39755_ln,PQ,1.0,1.0,1.0,7621.02355330306,1000000.0,0.95,1.05,0,0,abc,False,False,False,47.6673624581992,-117.393153555097
360,0.0,0.0,0.0,0.0,0.0,0.0,_500-3423255_n,PQ,1.0,1.0,1.0,7621.02355330306,1000000.0,0.95,1.05,0,0,abc,False,False,False,47.6679209361276,-117.393110088454
361,0.0,0.0,0.0,0.0,0.0,0.0,_403-264122_sn,PQ,1.0,1.0,1.0,7621.02355330306,1000000.0,0.95,1.05,0,0,abc,False,False,False,47.6683617501084,-117.393166293084
362,0.0,0.0,0.0,0.0,0.0,0.0,_403-264122_ln,PQ,1.0,1.0,1.0,7621.02355330306,1000000.0,0.95,1.05,0,0,abc,False,False,False,47.6683617501084,-117.393166293084
363,0.0,0.0,0.0,0.0,0.0,0.0,_402-36575_sn,PQ,1.0,1.0,1.0,7621.02355330306,1000000.0,0.95,1.05,0,0,abc,False,False,False,47.6683647011603,-117.393064934058
364,0.0,0.0,0.0,0.0,0.0,0.0,_402-36575_ln,PQ,1.0,1.0,1.0,7621.02355330306,1000000.0,0.95,1.05,0,0,abc,False,False,False,47.6683647011603,-117.393064934058
365,0.0,0.0,0.0,0.0,0.0,0.0,_409-704709_n,PQ,1.0,1.0,1.0,7621.02355330306,1000000.0,0.95,1.05,0,0,abc,False,False,False,47.6683750784383,-117.392708987612
366,0.0,0.0,0.0,0.0,0.0,0.0,_409-704709_n_sec,PQ,1.0,1.0,1.0,119.99994404998696,1000000.0,0.95,1.05,0,0,ab,False,False,False,47.6683750784383,-117.392708987612
367,0.0,0.0,0.0,0.0,0.0,0.0,_500-1907647_n,PQ,1.0,1.0,1.0,119.99994404998696,1000000.0,0.95,1.05,0,0,ab,False,False,False,47.6683749966726,-117.392157947927
368,0.0,0.0,0.0,0.0,0.0,0.0,_406-2901826_n,PQ,1.0,1.0,1.0,119.99994404998696,1000000.0,0.95,1.05,0,0,ab,False,False,False,47.6683953481225,-117.392136825869
369,0.0,0.0,0.0,0.0,0.0,0.0,_406-1346311_n,PQ,1.0,1.0,1.0,119.99994404998696,1000000.0,0.95,1.05,0,0,ab,False,False,False,47.6683264546212,-117.392201105722
370,0.0,0.0,0.0,0.0,0.0,0.0,_500-15219_n,PQ,1.0,1.0,1.0,7621.02355330306,1000000.0,0.95,1.05,0,0,abc,False,False,False,47.6683916013782,-117.392142295499
371,0.0,0.0,0.0,0.0,0.0,0.0,_402-1648646_sn,PQ,1.0,1.0,1.0,7621.02355330306,1000000.0,0.95,1.05,0,0,abc,False,False,False,47.66833851304,-117.392122014971
372,0.0,0.0,0.0,0.0,0.0,0.0,_402-1648646_ln,PQ,1.0,1.0,1.0,7621.02355330306,1000000.0,0.95,1.05,0,0,abc,False,False,False,47.66833851304,-117.392122014971
373,0.0,0.0,0.0,0.0,0.0,0.0,_500-3189672_n,PQ,1.0,1.0,1.0,7621.02355330306,1000000.0,0.95,1.05,0,0,b,False,False,False,47.6683123416144,-117.39210991461
374,0.0,0.0,0.0,0.0,0.0,0.0,_395-2314493_sn,PQ,1.0,1.0,1.0,7621.02355330306,1000000.0,0.95,1.05,0,0,b,False,False,False,47.6682591960355,-117.392089621108
375,0.0,0.0,0.0,0.0,0.0,0.0,_391-1885211_n,PQ,1.0,1.0,1.0,7621.02355330306,1000000.0,0.95,1.05,0,0,abc,False,False,False,47.6682512027476,-117.392115900084
376,0.0,0.0,0.0,0.0,0.0,0.0,_395-2314505_ln,PQ,1.0,1.0,1.0,7621.02355330306,1000000.0,0.95,1.05,0,0,c,False,False,False,47.6682373960844,-117.392011527992
377,0.0,0.0,0.0,0.0,0.0,0.0,_395-2314506_sn,PQ,1.0,1.0,1.0,7621.02355330306,1000000.0,0.95,1.05,0,0,c,False,False,False,47.6689630718198,-117.391985249404
378,0.0,0.0,0.0,0.0,0.0,0.0,_391-33189_n,PQ,1.0,1.0,1.0,7621.02355330306,1000000.0,0.95,1.05,0,0,abc,False,False,False,47.6689629833451,-117.392042123665
379,0.0,0.0,0.0,0.0,0.0,0.0,_395-2314502_sn,PQ,1.0,1.0,1.0,7621.02355330306,1000000.0,0.95,1.05,0,0,a,False,False,False,47.6689629833451,-117.392042123665
380,0.0,0.0,0.0,0.0,0.0,0.0,_395-2314501_ln,PQ,1.0,1.0,1.0,7621.02355330306,1000000.0,0.95,1.05,0,0,a,False,False,False,47.6682593585438,-117.392058138764
381,0.0,0.0,0.0,0.0,0.0,0.0,_391-33189_ln,PQ,1.0,1.0,1.0,119.99994404998696,1000000.0,0.95,1.05,0,0,abc,False,False,False,47.6689937286149,-117.392013731204
382,0.0,0.0,0.0,0.0,0.0,0.0,_406-92770_n,PQ,1.0,1.0,1.0,119.99994404998696,1000000.0,0.95,1.05,0,0,abc,False,False,False,47.669377414079,-117.391753819677
383,0.0,0.0,0.0,0.0,0.0,0.0,_406-92764_n,PQ,1.0,1.0,1.0,119.99994404998696,1000000.0,0.95,1.05,0,0,abc,False,False,False,47.6693726760769,-117.392256763986
384,0.0,0.0,0.0,0.0,0.0,0.0,_406-92766_n,PQ,1.0,1.0,1.0,119.99994404998696,1000000.0,0.95,1.05,0,0,abc,False,False,False,47.6690049189348,-117.392173716026
385,0.0,0.0,0.0,0.0,0.0,0.0,_395-2314504_sn,PQ,1.0,1.0,1.0,7621.02355330306,1000000.0,0.95,1.05,0,0,b,False,False,False,47.6689574050098,-117.392013276417
386,0.0,0.0,0.0,0.0,0.0,0.0,_395-2314503_ln,PQ,1.0,1.0,1.0,7621.02355330306,1000000.0,0.95,1.05,0,0,b,False,False,False,47.6682515019445,-117.392031395076
387,0.0,0.0,0.0,0.0,0.0,0.0,_395-2314499_ln,PQ,1.0,1.0,1.0,7621.02355330306,1000000.0,0.95,1.05,0,0,c,False,False,False,47.6681890425035,-117.392007982484
388,0.0,0.0,0.0,0.0,0.0,0.0,_395-2314500_sn,PQ,1.0,1.0,1.0,7621.02355330306,1000000.0,0.95,1.05,0,0,c,False,False,False,47.6681689564477,-117.391691366512
389,0.0,0.0,0.0,0.0,0.0,0.0,_391-1885212_n,PQ,1.0,1.0,1.0,7621.02355330306,1000000.0,0.95,1.05,0,0,abc,False,False,False,47.6681689564477,-117.391691366512
390,0.0,0.0,0.0,0.0,0.0,0.0,_395-2314496_sn,PQ,1.0,1.0,1.0,7621.02355330306,1000000.0,0.95,1.05,0,0,a,False,False,False,47.6682070058808,-117.391683477001
391,0.0,0.0,0.0,0.0,0.0,0.0,_395-2314495_ln,PQ,1.0,1.0,1.0,7621.02355330306,1000000.0,0.95,1.05,0,0,a,False,False,False,47.6682273689078,-117.392004366431
392,0.0,0.0,0.0,0.0,0.0,0.0,_391-1885212_ln,PQ,1.0,1.0,1.0,277.1281292110204,1000000.0,0.95,1.05,0,0,abc,False,False,False,47.6681844894399,-117.391643365732
393,0.0,0.0,0.0,0.0,0.0,0.0,_406-2272517_n,PQ,1.0,1.0,1.0,277.1281292110204,1000000.0,0.95,1.05,0,0,abc,False,False,False,47.6682493185175,-117.391588345858
394,0.0,0.0,0.0,0.0,0.0,0.0,_395-2314498_sn,PQ,1.0,1.0,1.0,7621.02355330306,1000000.0,0.95,1.05,0,0,b,False,False,False,47.6681885045255,-117.391695709372
395,0.0,0.0,0.0,0.0,0.0,0.0,_395-2314497_ln,PQ,1.0,1.0,1.0,7621.02355330306,1000000.0,0.95,1.05,0,0,b,False,False,False,47.6682078448792,-117.392000442602
396,0.0,0.0,0.0,0.0,0.0,0.0,_395-2314494_sn,PQ,1.0,1.0,1.0,7621.02355330306,1000000.0,0.95,1.05,0,0,c,False,False,False,47.6682512027476,-117.392115900084
397,0.0,0.0,0.0,0.0,0.0,0.0,_500-3189674_n,PQ,1.0,1.0,1.0,7621.02355330306,1000000.0,0.95,1.05,0,0,c,False,False,False,47.66833851304,-117.392122014971
398,0.0,0.0,0.0,0.0,0.0,0.0,_395-2314492_sn,PQ,1.0,1.0,1.0,7621.02355330306,1000000.0,0.95,1.05,0,0,a,False,False,False,47.6682596673643,-117.392060457638
399,0.0,0.0,0.0,0.0,0.0,0.0,_500-3189670_n,PQ,1.0,1.0,1.0,7621.02355330306,1000000.0,0.95,1.05,0,0,a,False,False,False,47.66833851304,-117.392122014971
400,0.0,0.0,0.0,0.0,0.0,0.0,_402-1788186_sn,PQ,1.0,1.0,1.0,7621.02355330306,1000000.0,0.95,1.05,0,0,abc,False,False,False,47.6679737280226,-117.393088162884
401,0.0,0.0,0.0,0.0,0.0,0.0,_402-1788186_ln,PQ,1.0,1.0,1.0,7621.02355330306,1000000.0,0.95,1.05,0,0,abc,False,False,False,47.6679737280226,-117.393088162884
402,0.0,0.0,0.0,0.0,0.0,0.0,_500-3423257_n,PQ,1.0,1.0,1.0,7621.02355330306,1000000.0,0.95,1.05,0,0,a,False,False,False,47.6679737280226,-117.393088162884
403,0.0,0.0,0.0,0.0,0.0,0.0,_395-2485388_sn,PQ,1.0,1.0,1.0,7621.02355330306,1000000.0,0.95,1.05,0,0,a,False,False,False,47.6680505199148,-117.393087884351
404,0.0,0.0,0.0,0.0,0.0,0.0,_391-2042966_n,PQ,1.0,1.0,1.0,7621.02355330306,1000000.0,0.95,1.05,0,0,abc,False,False,False,47.6680410337103,-117.393062318285
405,0.0,0.0,0.0,0.0,0.0,0.0,_395-2485389_sn,PQ,1.0,1.0,1.0,7621.02355330306,1000000.0,0.95,1.05,0,0,b,False,False,False,47.6680410337103,-117.393062318285
406,0.0,0.0,0.0,0.0,0.0,0.0,_500-3423259_n,PQ,1.0,1.0,1.0,7621.02355330306,1000000.0,0.95,1.05,0,0,b,False,False,False,47.6680004612529,-117.393079168375
407,0.0,0.0,0.0,0.0,0.0,0.0,_395-2485395_ln,PQ,1.0,1.0,1.0,7621.02355330306,1000000.0,0.95,1.05,0,0,c,False,False,False,47.6680693953648,-117.392973071009
408,0.0,0.0,0.0,0.0,0.0,0.0,_395-2485396_sn,PQ,1.0,1.0,1.0,7621.02355330306,1000000.0,0.95,1.05,0,0,c,False,False,False,47.6680640894356,-117.392591246273
409,0.0,0.0,0.0,0.0,0.0,0.0,_391-33198_n,PQ,1.0,1.0,1.0,7621.02355330306,1000000.0,0.95,1.05,0,0,abc,False,False,False,47.6680640894356,-117.392591246273
410,0.0,0.0,0.0,0.0,0.0,0.0,_395-57699_ln,PQ,1.0,1.0,1.0,7621.02355330306,1000000.0,0.95,1.05,0,0,c,False,False,False,47.6680518480996,-117.392515262325
411,0.0,0.0,0.0,0.0,0.0,0.0,_395-57700_sn,PQ,1.0,1.0,1.0,7621.02355330306,1000000.0,0.95,1.05,0,0,c,False,False,False,47.6678135474693,-117.391780278822
412,0.0,0.0,0.0,0.0,0.0,0.0,_391-33240_n,PQ,1.0,1.0,1.0,7621.02355330306,1000000.0,0.95,1.05,0,0,abc,False,False,False,47.6678477429944,-117.391754334155
413,0.0,0.0,0.0,0.0,0.0,0.0,_395-57443_sn,PQ,1.0,1.0,1.0,7621.02355330306,1000000.0,0.95,1.05,0,0,b,False,False,False,47.6678329831045,-117.391774884805
414,0.0,0.0,0.0,0.0,0.0,0.0,_395-57444_ln,PQ,1.0,1.0,1.0,7621.02355330306,1000000.0,0.95,1.05,0,0,b,False,False,False,47.6680670862788,-117.392496615538
415,0.0,0.0,0.0,0.0,0.0,0.0,_391-33240_ln,PQ,1.0,1.0,1.0,119.99994404998696,1000000.0,0.95,1.05,0,0,abc,False,False,False,47.667817631359,-117.391727718758
416,0.0,0.0,0.0,0.0,0.0,0.0,_406-92240_n,PQ,1.0,1.0,1.0,119.99994404998696,1000000.0,0.95,1.05,0,0,abc,False,False,False,47.6677826267295,-117.391917569716
417,0.0,0.0,0.0,0.0,0.0,0.0,_395-57696_sn,PQ,1.0,1.0,1.0,7621.02355330306,1000000.0,0.95,1.05,0,0,a,False,False,False,47.6678477429944,-117.391754334155
418,0.0,0.0,0.0,0.0,0.0,0.0,_395-57697_ln,PQ,1.0,1.0,1.0,7621.02355330306,1000000.0,0.95,1.05,0,0,a,False,False,False,47.6680872007683,-117.392492994403
419,0.0,0.0,0.0,0.0,0.0,0.0,_395-2485392_sn,PQ,1.0,1.0,1.0,7621.02355330306,1000000.0,0.95,1.05,0,0,a,False,False,False,47.6681024255355,-117.392587480655
420,0.0,0.0,0.0,0.0,0.0,0.0,_395-2485391_ln,PQ,1.0,1.0,1.0,7621.02355330306,1000000.0,0.95,1.05,0,0,a,False,False,False,47.6681077913975,-117.392973616409
421,0.0,0.0,0.0,0.0,0.0,0.0,_395-2485394_sn,PQ,1.0,1.0,1.0,7621.02355330306,1000000.0,0.95,1.05,0,0,b,False,False,False,47.6680833734036,-117.392597689624
422,0.0,0.0,0.0,0.0,0.0,0.0,_395-2485393_ln,PQ,1.0,1.0,1.0,7621.02355330306,1000000.0,0.95,1.05,0,0,b,False,False,False,47.6680885135671,-117.392967586941
423,0.0,0.0,0.0,0.0,0.0,0.0,_391-33198_ln,PQ,1.0,1.0,1.0,119.99994404998696,1000000.0,0.95,1.05,0,0,abc,False,False,False,47.6680819508405,-117.392544975532
424,0.0,0.0,0.0,0.0,0.0,0.0,_406-92763_n,PQ,1.0,1.0,1.0,119.99994404998696,1000000.0,0.95,1.05,0,0,abc,False,False,False,47.6679330851113,-117.39255212605
425,0.0,0.0,0.0,0.0,0.0,0.0,_395-2485390_sn,PQ,1.0,1.0,1.0,7621.02355330306,1000000.0,0.95,1.05,0,0,c,False,False,False,47.6680390374351,-117.393033640248
426,0.0,0.0,0.0,0.0,0.0,0.0,_500-3423261_n,PQ,1.0,1.0,1.0,7621.02355330306,1000000.0,0.95,1.05,0,0,c,False,False,False,47.6679737280226,-117.393088162884
427,0.0,0.0,0.0,0.0,0.0,0.0,_500-15209_n,PQ,1.0,1.0,1.0,7621.02355330306,1000000.0,0.95,1.05,0,0,abc,False,False,False,47.6672756557677,-117.393154086232
428,0.0,0.0,0.0,0.0,0.0,0.0,_402-36574_sn,PQ,1.0,1.0,1.0,7621.02355330306,1000000.0,0.95,1.05,0,0,abc,False,False,False,47.6672021005689,-117.393142312966
429,0.0,0.0,0.0,0.0,0.0,0.0,_402-36574_ln,PQ,1.0,1.0,1.0,7621.02355330306,1000000.0,0.95,1.05,0,0,abc,False,False,False,47.6672021005689,-117.393142312966
430,0.0,0.0,0.0,0.0,0.0,0.0,_500-15204_n,PQ,1.0,1.0,1.0,7621.02355330306,1000000.0,0.95,1.05,0,0,c,False,False,False,47.6671843745119,-117.393111359572
431,0.0,0.0,0.0,0.0,0.0,0.0,_395-57413_sn,PQ,1.0,1.0,1.0,7621.02355330306,1000000.0,0.95,1.05,0,0,c,False,False,False,47.6672188998919,-117.392237530178
432,0.0,0.0,0.0,0.0,0.0,0.0,_391-33252_n,PQ,1.0,1.0,1.0,7621.02355330306,1000000.0,0.95,1.05,0,0,abc,False,False,False,47.6672550928826,-117.392256607068
433,0.0,0.0,0.0,0.0,0.0,0.0,_391-33252_ln,PQ,1.0,1.0,1.0,119.99994404998696,1000000.0,0.95,1.05,0,0,abc,False,False,False,47.6672477401132,-117.392205158607
434,0.0,0.0,0.0,0.0,0.0,0.0,_406-92239_n,PQ,1.0,1.0,1.0,119.99994404998696,1000000.0,0.95,1.05,0,0,abc,False,False,False,47.6673062496317,-117.392275416462
435,0.0,0.0,0.0,0.0,0.0,0.0,_395-57775_sn,PQ,1.0,1.0,1.0,7621.02355330306,1000000.0,0.95,1.05,0,0,b,False,False,False,47.6672348706507,-117.392254782652
436,0.0,0.0,0.0,0.0,0.0,0.0,_500-15206_n,PQ,1.0,1.0,1.0,7621.02355330306,1000000.0,0.95,1.05,0,0,b,False,False,False,47.6672021005689,-117.393142312966
437,0.0,0.0,0.0,0.0,0.0,0.0,_395-57414_sn,PQ,1.0,1.0,1.0,7621.02355330306,1000000.0,0.95,1.05,0,0,a,False,False,False,47.6672550928826,-117.392256607068
438,0.0,0.0,0.0,0.0,0.0,0.0,_500-15207_n,PQ,1.0,1.0,1.0,7621.02355330306,1000000.0,0.95,1.05,0,0,a,False,False,False,47.6672227450909,-117.393115600798
439,0.0,0.0,0.0,0.0,0.0,0.0,_409-23061_n_sec,PQ,1.0,1.0,1.0,119.99994404998696,1000000.0,0.95,1.05,0,0,ab,False,False,False,47.6673305390497,-117.393774839563
440,0.0,0.0,0.0,0.0,0.0,0.0,_500-3243137_n,PQ,1.0,1.0,1.0,119.99994404998696,1000000.0,0.95,1.05,0,0,ab,False,False,False,47.6673238397243,-117.393321018598
441,0.0,0.0,0.0,0.0,0.0,0.0,_406-2099290_n,PQ,1.0,1.0,1.0,119.99994404998696,1000000.0,0.95,1.05,0,0,ab,False,False,False,47.6673210563464,-117.393132516869
442,0.0,0.0,0.0,0.0,0.0,0.0,_406-2315083_n,PQ,1.0,1.0,1.0,119.99994404998696,1000000.0,0.95,1.05,0,0,ab,False,False,False,47.6676047804382,-117.393086177914
443,0.0,0.0,0.0,0.0,0.0,0.0,_406-92224_n,PQ,1.0,1.0,1.0,119.99994404998696,1000000.0,0.95,1.05,0,0,ab,False,False,False,47.6672262727458,-117.393806145637
444,0.0,0.0,0.0,0.0,0.0,0.0,_406-92223_n,PQ,1.0,1.0,1.0,119.99994404998696,1000000.0,0.95,1.05,0,0,ab,False,False,False,47.6671401232695,-117.39404579421
445,0.0,0.0,0.0,0.0,0.0,0.0,_406-2315082_n,PQ,1.0,1.0,1.0,119.99994404998696,1000000.0,0.95,1.05,0,0,ab,False,False,False,47.6673171479947,-117.3937428752
446,0.0,0.0,0.0,0.0,0.0,0.0,_409-23063_n_sec,PQ,1.0,1.0,1.0,119.99994404998696,1000000.0,0.95,1.05,0,0,ab,False,False,False,47.667324279991,-117.395136684726
447,0.0,0.0,0.0,0.0,0.0,0.0,_406-92216_n,PQ,1.0,1.0,1.0,119.99994404998696,1000000.0,0.95,1.05,0,0,ab,False,False,False,47.6671251083222,-117.395045895092
448,0.0,0.0,0.0,0.0,0.0,0.0,_500-2797249_n,PQ,1.0,1.0,1.0,119.99994404998696,1000000.0,0.95,1.05,0,0,ab,False,False,False,47.6674365540896,-117.395055456928
449,0.0,0.0,0.0,0.0,0.0,0.0,_406-92218_n,PQ,1.0,1.0,1.0,119.99994404998696,1000000.0,0.95,1.05,0,0,ab,False,False,False,47.6671855061626,-117.394912984841
450,0.0,0.0,0.0,0.0,0.0,0.0,_406-92226_n,PQ,1.0,1.0,1.0,119.99994404998696,1000000.0,0.95,1.05,0,0,ab,False,False,False,47.6675750254524,-117.395423878034
451,0.0,0.0,0.0,0.0,0.0,0.0,_403-1527929_sn,PQ,1.0,1.0,1.0,7621.02355330306,1000000.0,0.95,1.05,0,0,abc,False,False,False,47.6673453783645,-117.395645851107
452,0.0,0.0,0.0,0.0,0.0,0.0,_403-1527929_ln,PQ,1.0,1.0,1.0,7621.02355330306,1000000.0,0.95,1.05,0,0,abc,False,False,False,47.6673453783645,-117.395645851107
453,0.0,0.0,0.0,0.0,0.0,0.0,_409-22702_n,PQ,1.0,1.0,1.0,7621.02355330306,1000000.0,0.95,1.05,0,0,abc,False,False,False,47.6674211628101,-117.395745185853
454,0.0,0.0,0.0,0.0,0.0,0.0,_409-23090_n,PQ,1.0,1.0,1.0,7621.02355330306,1000000.0,0.95,1.05,0,0,abc,False,False,False,47.667445612842,-117.39574546966
455,0.0,0.0,0.0,0.0,0.0,0.0,_409-23090_n_sec,PQ,1.0,1.0,1.0,119.99994404998696,1000000.0,0.95,1.05,0,0,abc,False,False,False,47.6678502380084,-117.395720983233
456,0.0,0.0,0.0,0.0,0.0,0.0,_500-3173285_n,PQ,1.0,1.0,1.0,119.99994404998696,1000000.0,0.95,1.05,0,0,abc,False,False,False,47.6679624601282,-117.395772056746
457,0.0,0.0,0.0,0.0,0.0,0.0,_406-92762_n,PQ,1.0,1.0,1.0,119.99994404998696,1000000.0,0.95,1.05,0,0,abc,False,False,False,47.667949388685,-117.396188191668
458,0.0,0.0,0.0,0.0,0.0,0.0,_403-36881_sn,PQ,1.0,1.0,1.0,7621.02355330306,1000000.0,0.95,1.05,0,0,abc,False,False,False,47.6678858574733,-117.395718828124
459,0.0,0.0,0.0,0.0,0.0,0.0,_403-36881_ln,PQ,1.0,1.0,1.0,7621.02355330306,1000000.0,0.95,1.05,0,0,c,False,False,False,47.6678858574733,-117.395718828124
460,0.0,0.0,0.0,0.0,0.0,0.0,_409-23086_n,PQ,1.0,1.0,1.0,7621.02355330306,1000000.0,0.95,1.05,0,0,c,False,False,False,47.667889634044,-117.394320091216
461,0.0,0.0,0.0,0.0,0.0,0.0,_409-23086_n_sec,PQ,1.0,1.0,1.0,119.99994404998696,1000000.0,0.95,1.05,0,0,ab,False,False,False,47.667889634044,-117.394320091216
462,0.0,0.0,0.0,0.0,0.0,0.0,_406-92244_n,PQ,1.0,1.0,1.0,119.99994404998696,1000000.0,0.95,1.05,0,0,ab,False,False,False,47.6675974372103,-117.394419391559
463,0.0,0.0,0.0,0.0,0.0,0.0,_406-92225_n,PQ,1.0,1.0,1.0,119.99994404998696,1000000.0,0.95,1.05,0,0,ab,False,False,False,47.6675780587601,-117.395231064024
464,0.0,0.0,0.0,0.0,0.0,0.0,_406-92208_n,PQ,1.0,1.0,1.0,119.99994404998696,1000000.0,0.95,1.05,0,0,ab,False,False,False,47.6682116669662,-117.394377181843
465,0.0,0.0,0.0,0.0,0.0,0.0,_406-92209_n,PQ,1.0,1.0,1.0,119.99994404998696,1000000.0,0.95,1.05,0,0,ab,False,False,False,47.6681743217243,-117.394134782357
466,0.0,0.0,0.0,0.0,0.0,0.0,_406-92243_n,PQ,1.0,1.0,1.0,119.99994404998696,1000000.0,0.95,1.05,0,0,ab,False,False,False,47.6676140822925,-117.394226770085
467,0.0,0.0,0.0,0.0,0.0,0.0,_406-92246_n,PQ,1.0,1.0,1.0,119.99994404998696,1000000.0,0.95,1.05,0,0,ab,False,False,False,47.6678110910769,-117.394602725966
468,0.0,0.0,0.0,0.0,0.0,0.0,_406-92245_n,PQ,1.0,1.0,1.0,119.99994404998696,1000000.0,0.95,1.05,0,0,ab,False,False,False,47.6676584833894,-117.394642935771
469,0.0,0.0,0.0,0.0,0.0,0.0,_406-92207_n,PQ,1.0,1.0,1.0,119.99994404998696,1000000.0,0.95,1.05,0,0,ab,False,False,False,47.6681690580353,-117.394574738637
470,0.0,0.0,0.0,0.0,0.0,0.0,_409-23085_n,PQ,1.0,1.0,1.0,7621.02355330306,1000000.0,0.95,1.05,0,0,c,False,False,False,47.6678782660007,-117.39390086167
471,0.0,0.0,0.0,0.0,0.0,0.0,_409-23085_n_sec,PQ,1.0,1.0,1.0,119.99994404998696,1000000.0,0.95,1.05,0,0,ab,False,False,False,47.6678782660007,-117.39390086167
472,0.0,0.0,0.0,0.0,0.0,0.0,_406-92238_n,PQ,1.0,1.0,1.0,119.99994404998696,1000000.0,0.95,1.05,0,0,ab,False,False,False,47.6675843565017,-117.393548355574
473,0.0,0.0,0.0,0.0,0.0,0.0,_406-92237_n,PQ,1.0,1.0,1.0,119.99994404998696,1000000.0,0.95,1.05,0,0,ab,False,False,False,47.6677985921336,-117.393553725855
474,0.0,0.0,0.0,0.0,0.0,0.0,_406-92236_n,PQ,1.0,1.0,1.0,119.99994404998696,1000000.0,0.95,1.05,0,0,ab,False,False,False,47.6679633451609,-117.393553924218
475,0.0,0.0,0.0,0.0,0.0,0.0,_406-92211_n,PQ,1.0,1.0,1.0,119.99994404998696,1000000.0,0.95,1.05,0,0,ab,False,False,False,47.6682094893468,-117.393559234941
476,0.0,0.0,0.0,0.0,0.0,0.0,_406-92242_n,PQ,1.0,1.0,1.0,119.99994404998696,1000000.0,0.95,1.05,0,0,ab,False,False,False,47.6675937325859,-117.393986647813
477,0.0,0.0,0.0,0.0,0.0,0.0,_406-92235_n,PQ,1.0,1.0,1.0,119.99994404998696,1000000.0,0.95,1.05,0,0,ab,False,False,False,47.6681162214228,-117.393568894457
478,0.0,0.0,0.0,0.0,0.0,0.0,_406-92210_n,PQ,1.0,1.0,1.0,119.99994404998696,1000000.0,0.95,1.05,0,0,ab,False,False,False,47.6681941652756,-117.393921986855
479,0.0,0.0,0.0,0.0,0.0,0.0,_406-92241_n,PQ,1.0,1.0,1.0,119.99994404998696,1000000.0,0.95,1.05,0,0,ab,False,False,False,47.6675883769626,-117.393809367164
480,0.0,0.0,0.0,0.0,0.0,0.0,_500-15214_n,PQ,1.0,1.0,1.0,7621.02355330306,1000000.0,0.95,1.05,0,0,c,False,False,False,47.667877264021,-117.393868446921
481,0.0,0.0,0.0,0.0,0.0,0.0,_409-22702_n_sec,PQ,1.0,1.0,1.0,119.99994404998696,1000000.0,0.95,1.05,0,0,ab,False,False,False,47.6674211628101,-117.395745185853
482,0.0,0.0,0.0,0.0,0.0,0.0,_406-92249_n,PQ,1.0,1.0,1.0,119.99994404998696,1000000.0,0.95,1.05,0,0,ab,False,False,False,47.6674117763072,-117.395900945742
483,0.0,0.0,0.0,0.0,0.0,0.0,_406-92227_n,PQ,1.0,1.0,1.0,119.99994404998696,1000000.0,0.95,1.05,0,0,ab,False,False,False,47.667572255535,-117.395625425893
484,0.0,0.0,0.0,0.0,0.0,0.0,_406-92248_n,PQ,1.0,1.0,1.0,119.99994404998696,1000000.0,0.95,1.05,0,0,ab,False,False,False,47.6675116454532,-117.395720837465
485,0.0,0.0,0.0,0.0,0.0,0.0,_406-92228_n,PQ,1.0,1.0,1.0,119.99994404998696,1000000.0,0.95,1.05,0,0,ab,False,False,False,47.6674401294034,-117.396010407804
486,0.0,0.0,0.0,0.0,0.0,0.0,_406-92206_n,PQ,1.0,1.0,1.0,119.99994404998696,1000000.0,0.95,1.05,0,0,ab,False,False,False,47.667500304151,-117.395700265053
487,0.0,0.0,0.0,0.0,0.0,0.0,_500-3452354_n,PQ,1.0,1.0,1.0,119.99994404998696,1000000.0,0.95,1.05,0,0,ab,False,False,False,47.6672474819339,-117.395701978027
488,0.0,0.0,0.0,0.0,0.0,0.0,_500-3954607_n,PQ,1.0,1.0,1.0,119.99994404998696,1000000.0,0.95,1.05,0,0,ab,False,False,False,47.6671171389831,-117.39574615933
489,0.0,0.0,0.0,0.0,0.0,0.0,_406-92215_n,PQ,1.0,1.0,1.0,119.99994404998696,1000000.0,0.95,1.05,0,0,ab,False,False,False,47.6671731652012,-117.395683490387
490,0.0,0.0,0.0,0.0,0.0,0.0,_500-1383160_n,PQ,1.0,1.0,1.0,119.99994404998696,1000000.0,0.95,1.05,0,0,ab,False,False,False,47.6678721488628,-117.395763677252
491,0.0,0.0,0.0,0.0,0.0,0.0,_406-92252_n,PQ,1.0,1.0,1.0,119.99994404998696,1000000.0,0.95,1.05,0,0,ab,False,False,False,47.6678199320117,-117.396252698475
492,0.0,0.0,0.0,0.0,0.0,0.0,_406-92251_n,PQ,1.0,1.0,1.0,119.99994404998696,1000000.0,0.95,1.05,0,0,ab,False,False,False,47.6676673463899,-117.396248842344
493,0.0,0.0,0.0,0.0,0.0,0.0,_500-3419400_n,PQ,1.0,1.0,1.0,7621.02355330306,1000000.0,0.95,1.05,0,0,a,False,False,False,47.6672999555576,-117.395754587473
494,0.0,0.0,0.0,0.0,0.0,0.0,_395-2483461_ln,PQ,1.0,1.0,1.0,7621.02355330306,1000000.0,0.95,1.05,0,0,a,False,False,False,47.6672972385567,-117.395806851017
495,0.0,0.0,0.0,0.0,0.0,0.0,_395-2525468_ln,PQ,1.0,1.0,1.0,7621.02355330306,1000000.0,0.95,1.05,0,0,a,False,False,False,47.6672269859503,-117.395845499196
496,0.0,0.0,0.0,0.0,0.0,0.0,_395-2525469_sn,PQ,1.0,1.0,1.0,7621.02355330306,1000000.0,0.95,1.05,0,0,a,False,False,False,47.6671146796188,-117.395858349556
497,0.0,0.0,0.0,0.0,0.0,0.0,_391-2076644_n,PQ,1.0,1.0,1.0,7621.02355330306,1000000.0,0.95,1.05,0,0,abc,False,False,False,47.6671146796188,-117.395858349556
498,0.0,0.0,0.0,0.0,0.0,0.0,_395-2525473_sn,PQ,1.0,1.0,1.0,7621.02355330306,1000000.0,0.95,1.05,0,0,c,False,False,False,47.667119386587,-117.395914799168
499,0.0,0.0,0.0,0.0,0.0,0.0,_395-2525472_ln,PQ,1.0,1.0,1.0,7621.02355330306,1000000.0,0.95,1.05,0,0,c,False,False,False,47.6672287891581,-117.395902280963
500,0.0,0.0,0.0,0.0,0.0,0.0,_391-2076644_ln,PQ,1.0,1.0,1.0,277.1281292110204,1000000.0,0.95,1.05,0,0,abc,False,False,False,47.6670879253409,-117.395891973548
501,0.0,0.0,0.0,0.0,0.0,0.0,_406-2518339_n,PQ,1.0,1.0,1.0,277.1281292110204,1000000.0,0.95,1.05,0,0,abc,False,False,False,47.6670488940228,-117.395947453835
502,0.0,0.0,0.0,0.0,0.0,0.0,_395-2525471_sn,PQ,1.0,1.0,1.0,7621.02355330306,1000000.0,0.95,1.05,0,0,b,False,False,False,47.6671226416703,-117.395885932925
503,0.0,0.0,0.0,0.0,0.0,0.0,_395-2525470_ln,PQ,1.0,1.0,1.0,7621.02355330306,1000000.0,0.95,1.05,0,0,b,False,False,False,47.6672240098469,-117.395874333367
504,0.0,0.0,0.0,0.0,0.0,0.0,_395-2483456_sn,PQ,1.0,1.0,1.0,7621.02355330306,1000000.0,0.95,1.05,0,0,a,False,False,False,47.6672929805805,-117.395937718174
505,0.0,0.0,0.0,0.0,0.0,0.0,_395-2483455_ln,PQ,1.0,1.0,1.0,7621.02355330306,1000000.0,0.95,1.05,0,0,a,False,False,False,47.667282581171,-117.396728265106
506,0.0,0.0,0.0,0.0,0.0,0.0,_395-2483458_sn,PQ,1.0,1.0,1.0,7621.02355330306,1000000.0,0.95,1.05,0,0,b,False,False,False,47.6672737063311,-117.395943779373
507,0.0,0.0,0.0,0.0,0.0,0.0,_395-2483457_ln,PQ,1.0,1.0,1.0,7621.02355330306,1000000.0,0.95,1.05,0,0,b,False,False,False,47.6672634816524,-117.396721097095
508,0.0,0.0,0.0,0.0,0.0,0.0,_395-2483453_sn,PQ,1.0,1.0,1.0,7621.02355330306,1000000.0,0.95,1.05,0,0,b,False,False,False,47.6672119389183,-117.396799466787
509,0.0,0.0,0.0,0.0,0.0,0.0,_500-3418780_n,PQ,1.0,1.0,1.0,7621.02355330306,1000000.0,0.95,1.05,0,0,b,False,False,False,47.6672356200231,-117.396894514341
510,0.0,0.0,0.0,0.0,0.0,0.0,_395-2483454_sn,PQ,1.0,1.0,1.0,7621.02355330306,1000000.0,0.95,1.05,0,0,c,False,False,False,47.6672150798573,-117.396767894383
511,0.0,0.0,0.0,0.0,0.0,0.0,_500-3418782_n,PQ,1.0,1.0,1.0,7621.02355330306,1000000.0,0.95,1.05,0,0,c,False,False,False,47.6672627865456,-117.396899961257
512,0.0020132928404788036,0.00040604308816691287,0.0020190532324874644,0.00040720488459327107,0.0020175195016219694,0.0004068955635713911,_500-15213_n,PQ,1.0,1.0,1.0,7621.02355330306,1000000.0,0.95,1.05,0,0,abc,False,True,False,47.6679190273707,-117.398023747606
513,0.0027880377534115655,0.0005650525057118628,0.002795987648042104,0.0005666637614567292,0.002794094597169924,0.0005662801012274868,_500-3137441_n,PQ,1.0,1.0,1.0,7621.02355330306,1000000.0,0.95,1.05,0,0,abc,False,True,False,47.6683371142516,-117.397994803773
514,0.0179685314389185,0.0035761208786626608,0.01801951233900033,0.0035862674790307983,0.018009635042488408,0.0035843017201899847,_500-15223_n,PQ,1.0,1.0,1.0,7621.02355330306,1000000.0,0.95,1.05,0,0,abc,False,True,False,47.6689977441023,-117.397998407642
515,0.0,0.0,0.0,0.0,0.0,0.0,_402-36571_sn,PQ,1.0,1.0,1.0,7621.02355330306,1000000.0,0.95,1.05,0,0,ab,False,False,False,47.6689986644459,-117.398140811899
516,0.0,0.0,0.0,0.0,0.0,0.0,_402-36571_ln,PQ,1.0,1.0,1.0,7621.02355330306,1000000.0,0.95,1.05,0,0,ab,False,False,False,47.6689986644459,-117.398140811899
517,0.0,0.0,0.0,0.0,0.0,0.0,_409-22385_n,PQ,1.0,1.0,1.0,7621.02355330306,1000000.0,0.95,1.05,0,0,ab,False,False,False,47.6690051110019,-117.399139829117
518,0.0,0.0,0.0,0.0,0.0,0.0,_409-22385_n_sec,PQ,1.0,1.0,1.0,119.99994404998696,1000000.0,0.95,1.05,0,0,ab,False,False,False,47.6690051110019,-117.399139829117
519,0.0,0.0,0.0,0.0,0.0,0.0,_406-92279_n,PQ,1.0,1.0,1.0,119.99994404998696,1000000.0,0.95,1.05,0,0,ab,False,False,False,47.6692742651043,-117.39868090483
520,0.0,0.0,0.0,0.0,0.0,0.0,_406-92270_n,PQ,1.0,1.0,1.0,119.99994404998696,1000000.0,0.95,1.05,0,0,ab,False,False,False,47.6686762704709,-117.398821522422
521,0.0,0.0,0.0,0.0,0.0,0.0,_406-92274_n,PQ,1.0,1.0,1.0,119.99994404998696,1000000.0,0.95,1.05,0,0,ab,False,False,False,47.6692294844155,-117.397912177659
522,0.0,0.0,0.0,0.0,0.0,0.0,_406-92272_n,PQ,1.0,1.0,1.0,119.99994404998696,1000000.0,0.95,1.05,0,0,ab,False,False,False,47.6688531003313,-117.398460107058
523,0.0,0.0,0.0,0.0,0.0,0.0,_406-92273_n,PQ,1.0,1.0,1.0,119.99994404998696,1000000.0,0.95,1.05,0,0,ab,False,False,False,47.6692274234862,-117.39849345298
524,0.0,0.0,0.0,0.0,0.0,0.0,_406-92269_n,PQ,1.0,1.0,1.0,119.99994404998696,1000000.0,0.95,1.05,0,0,ab,False,False,False,47.6686743272114,-117.398659125615
525,0.0,0.0,0.0,0.0,0.0,0.0,_500-3249506_n,PQ,1.0,1.0,1.0,119.99994404998696,1000000.0,0.95,1.05,0,0,ab,False,False,False,47.6690165739826,-117.398801199519
526,0.0,0.0,0.0,0.0,0.0,0.0,_500-3249507_n,PQ,1.0,1.0,1.0,119.99994404998696,1000000.0,0.95,1.05,0,0,ab,False,False,False,47.6694404164173,-117.398779524796
527,0.0,0.0,0.0,0.0,0.0,0.0,_500-3249508_n,PQ,1.0,1.0,1.0,119.99994404998696,1000000.0,0.95,1.05,0,0,ab,False,False,False,47.6694519854123,-117.399256436384
528,0.0,0.0,0.0,0.0,0.0,0.0,_406-2102302_n,PQ,1.0,1.0,1.0,119.99994404998696,1000000.0,0.95,1.05,0,0,ab,False,False,False,47.6694382294069,-117.399259855535
529,0.0,0.0,0.0,0.0,0.0,0.0,_500-3249510_n,PQ,1.0,1.0,1.0,119.99994404998696,1000000.0,0.95,1.05,0,0,ab,False,False,False,47.6696476315288,-117.399653333475
530,0.0,0.0,0.0,0.0,0.0,0.0,_406-2102721_n,PQ,1.0,1.0,1.0,119.99994404998696,1000000.0,0.95,1.05,0,0,ab,False,False,False,47.6696336590885,-117.399651885061
531,0.0,0.0,0.0,0.0,0.0,0.0,_500-3249509_n,PQ,1.0,1.0,1.0,119.99994404998696,1000000.0,0.95,1.05,0,0,ab,False,False,False,47.6694312376932,-117.400059991184
532,0.0,0.0,0.0,0.0,0.0,0.0,_406-2102272_n,PQ,1.0,1.0,1.0,119.99994404998696,1000000.0,0.95,1.05,0,0,ab,False,False,False,47.6694222828229,-117.40004626594
533,0.0,0.0,0.0,0.0,0.0,0.0,_500-3249512_n,PQ,1.0,1.0,1.0,119.99994404998696,1000000.0,0.95,1.05,0,0,ab,False,False,False,47.6696554841691,-117.400601782449
534,0.0,0.0,0.0,0.0,0.0,0.0,_500-3249511_n,PQ,1.0,1.0,1.0,119.99994404998696,1000000.0,0.95,1.05,0,0,ab,False,False,False,47.6694267901666,-117.401137521848
535,0.0,0.0,0.0,0.0,0.0,0.0,_406-2102300_n,PQ,1.0,1.0,1.0,119.99994404998696,1000000.0,0.95,1.05,0,0,ab,False,False,False,47.669414905127,-117.401122376452
536,0.0,0.0,0.0,0.0,0.0,0.0,_406-2102301_n,PQ,1.0,1.0,1.0,119.99994404998696,1000000.0,0.95,1.05,0,0,ab,False,False,False,47.6696396329507,-117.400601363602
537,0.0,0.0,0.0,0.0,0.0,0.0,_406-2102752_n,PQ,1.0,1.0,1.0,119.99994404998696,1000000.0,0.95,1.05,0,0,ab,False,False,False,47.6694278987614,-117.398789230262
538,0.0,0.0,0.0,0.0,0.0,0.0,_406-92280_n,PQ,1.0,1.0,1.0,119.99994404998696,1000000.0,0.95,1.05,0,0,ab,False,False,False,47.6692852303825,-117.398908360797
539,0.0,0.0,0.0,0.0,0.0,0.0,_406-92268_n,PQ,1.0,1.0,1.0,119.99994404998696,1000000.0,0.95,1.05,0,0,ab,False,False,False,47.6686714697845,-117.39846605805
540,0.0,0.0,0.0,0.0,0.0,0.0,_406-92358_n,PQ,1.0,1.0,1.0,119.99994404998696,1000000.0,0.95,1.05,0,0,ab,False,False,False,47.6693437233956,-117.399153846939
541,0.0,0.0,0.0,0.0,0.0,0.0,_389-150307-1_n,PQ,1.0,1.0,1.0,7621.02355330306,1000000.0,0.95,1.05,0,0,ab,False,False,False,47.6690053172984,-117.399172297173
542,0.0,0.0,0.0,0.0,0.0,0.0,_403-36885_ln,PQ,1.0,1.0,1.0,7621.02355330306,1000000.0,0.95,1.05,0,0,b,False,False,False,47.6690053172984,-117.399172297173
543,0.0,0.0,0.0,0.0,0.0,0.0,_402-36570_sn,PQ,1.0,1.0,1.0,7621.02355330306,1000000.0,0.95,1.05,0,0,abc,False,False,False,47.6689964172827,-117.397926177296
544,0.0,0.0,0.0,0.0,0.0,0.0,_402-36570_ln,PQ,1.0,1.0,1.0,7621.02355330306,1000000.0,0.95,1.05,0,0,abc,False,False,False,47.6689964172827,-117.397926177296
545,0.0,0.0,0.0,0.0,0.0,0.0,_409-23060_n,PQ,1.0,1.0,1.0,7621.02355330306,1000000.0,0.95,1.05,0,0,abc,False,False,False,47.6689894644126,-117.397546197167
546,0.0,0.0,0.0,0.0,0.0,0.0,_409-22703_n,PQ,1.0,1.0,1.0,7621.02355330306,1000000.0,0.95,1.05,0,0,abc,False,False,False,47.6689795207437,-117.397128794792
547,0.0,0.0,0.0,0.0,0.0,0.0,_409-22703_n_sec,PQ,1.0,1.0,1.0,119.99994404998696,1000000.0,0.95,1.05,0,0,abc,False,False,False,47.6689795207437,-117.397128794792
548,0.0,0.0,0.0,0.0,0.0,0.0,_500-3492705_n,PQ,1.0,1.0,1.0,119.99994404998696,1000000.0,0.95,1.05,0,0,abc,False,False,False,47.6689894334392,-117.397046413054
549,0.0,0.0,0.0,0.0,0.0,0.0,_406-92667_n,PQ,1.0,1.0,1.0,119.99994404998696,1000000.0,0.95,1.05,0,0,abc,False,False,False,47.6690072958578,-117.396844961781
550,0.0,0.0,0.0,0.0,0.0,0.0,_406-92666_n,PQ,1.0,1.0,1.0,119.99994404998696,1000000.0,0.95,1.05,0,0,abc,False,False,False,47.6690068277265,-117.39700864159
551,0.0,0.0,0.0,0.0,0.0,0.0,_406-92670_n,PQ,1.0,1.0,1.0,119.99994404998696,1000000.0,0.95,1.05,0,0,abc,False,False,False,47.6693686393395,-117.396768462662
552,0.0,0.0,0.0,0.0,0.0,0.0,_409-1262899_n,PQ,1.0,1.0,1.0,7621.02355330306,1000000.0,0.95,1.05,0,0,abc,False,False,False,47.6689786800496,-117.397094112427
553,0.0,0.0,0.0,0.0,0.0,0.0,_409-1262899_n_sec,PQ,1.0,1.0,1.0,119.99994404998696,1000000.0,0.95,1.05,0,0,abc,False,False,False,47.6689782891685,-117.396996130381
554,0.0,0.0,0.0,0.0,0.0,0.0,_500-2987474_n,PQ,1.0,1.0,1.0,119.99994404998696,1000000.0,0.95,1.05,0,0,abc,False,False,False,47.6689731775817,-117.396981363675
555,0.0,0.0,0.0,0.0,0.0,0.0,_406-2050947_n,PQ,1.0,1.0,1.0,119.99994404998696,1000000.0,0.95,1.05,0,0,abc,False,False,False,47.6687910852126,-117.396871381194
556,0.0,0.0,0.0,0.0,0.0,0.0,_403-39761_sn,PQ,1.0,1.0,1.0,7621.02355330306,1000000.0,0.95,1.05,0,0,abc,False,False,False,47.6689791192115,-117.396665920019
557,0.0,0.0,0.0,0.0,0.0,0.0,_403-39761_ln,PQ,1.0,1.0,1.0,7621.02355330306,1000000.0,0.95,1.05,0,0,abc,False,False,False,47.6689791192115,-117.396665920019
558,0.0,0.0,0.0,0.0,0.0,0.0,_409-23029_n,PQ,1.0,1.0,1.0,7621.02355330306,1000000.0,0.95,1.05,0,0,abc,False,False,False,47.6689913393254,-117.396085203158
559,0.0,0.0,0.0,0.0,0.0,0.0,_409-23029_n_sec,PQ,1.0,1.0,1.0,119.99994404998696,1000000.0,0.95,1.05,0,0,abc,False,False,False,47.6689913393254,-117.396085203158
560,0.0,0.0,0.0,0.0,0.0,0.0,_500-2251096_n,PQ,1.0,1.0,1.0,119.99994404998696,1000000.0,0.95,1.05,0,0,abc,False,False,False,47.6693878123719,-117.396138625794
561,0.0,0.0,0.0,0.0,0.0,0.0,_500-3347060_n,PQ,1.0,1.0,1.0,119.99994404998696,1000000.0,0.95,1.05,0,0,abc,False,False,False,47.6689723866203,-117.395740204869
562,0.0,0.0,0.0,0.0,0.0,0.0,_406-92229_n,PQ,1.0,1.0,1.0,119.99994404998696,1000000.0,0.95,1.05,0,0,abc,False,False,False,47.6687580896805,-117.395731261592
563,0.0,0.0,0.0,0.0,0.0,0.0,_406-92195_n,PQ,1.0,1.0,1.0,119.99994404998696,1000000.0,0.95,1.05,0,0,abc,False,False,False,47.6692544419839,-117.395602831537
564,0.0,0.0,0.0,0.0,0.0,0.0,_406-92671_n,PQ,1.0,1.0,1.0,119.99994404998696,1000000.0,0.95,1.05,0,0,abc,False,False,False,47.6689000582392,-117.396331641145
565,0.0,0.0,0.0,0.0,0.0,0.0,_406-92674_n,PQ,1.0,1.0,1.0,119.99994404998696,1000000.0,0.95,1.05,0,0,abc,False,False,False,47.6693920469542,-117.396294713573
566,0.0,0.0,0.0,0.0,0.0,0.0,_406-92672_n,PQ,1.0,1.0,1.0,119.99994404998696,1000000.0,0.95,1.05,0,0,abc,False,False,False,47.6686929756338,-117.396227297937
567,0.0,0.0,0.0,0.0,0.0,0.0,_406-92692_n,PQ,1.0,1.0,1.0,119.99994404998696,1000000.0,0.95,1.05,0,0,abc,False,False,False,47.6692733116749,-117.396305413868
568,0.0,0.0,0.0,0.0,0.0,0.0,_406-92691_n,PQ,1.0,1.0,1.0,119.99994404998696,1000000.0,0.95,1.05,0,0,abc,False,False,False,47.6692996521382,-117.396317858781
569,0.0,0.0,0.0,0.0,0.0,0.0,_500-3235504_n,PQ,1.0,1.0,1.0,119.99994404998696,1000000.0,0.95,1.05,0,0,abc,False,False,False,47.6688624967272,-117.396332729446
570,0.0,0.0,0.0,0.0,0.0,0.0,_409-23066_n,PQ,1.0,1.0,1.0,7621.02355330306,1000000.0,0.95,1.05,0,0,abc,False,False,False,47.6689909819025,-117.39577853517
571,0.0,0.0,0.0,0.0,0.0,0.0,_409-23100_n,PQ,1.0,1.0,1.0,7621.02355330306,1000000.0,0.95,1.05,0,0,abc,False,False,False,47.6689890519347,-117.393912711681
572,0.0,0.0,0.0,0.0,0.0,0.0,_409-23100_n_sec,PQ,1.0,1.0,1.0,119.99994404998696,1000000.0,0.95,1.05,0,0,abc,False,False,False,47.6689890519347,-117.393912711681
573,0.0,0.0,0.0,0.0,0.0,0.0,_406-2306747_n,PQ,1.0,1.0,1.0,119.99994404998696,1000000.0,0.95,1.05,0,0,abc,False,False,False,47.6690030215164,-117.393879910844
574,0.0,0.0,0.0,0.0,0.0,0.0,_406-92765_n,PQ,1.0,1.0,1.0,119.99994404998696,1000000.0,0.95,1.05,0,0,abc,False,False,False,47.6687209139861,-117.394021918349
575,0.0,0.0,0.0,0.0,0.0,0.0,_500-15224_n,PQ,1.0,1.0,1.0,7621.02355330306,1000000.0,0.95,1.05,0,0,abc,False,False,False,47.6689893103173,-117.39388024645
576,0.0,0.0,0.0,0.0,0.0,0.0,_409-23066_n_sec,PQ,1.0,1.0,1.0,119.99994404998696,1000000.0,0.95,1.05,0,0,ab,False,False,False,47.6689844491565,-117.394556694115
577,0.0,0.0,0.0,0.0,0.0,0.0,_406-92212_n,PQ,1.0,1.0,1.0,119.99994404998696,1000000.0,0.95,1.05,0,0,ab,False,False,False,47.6686203047951,-117.393619985007
578,0.0,0.0,0.0,0.0,0.0,0.0,_500-3220070_n,PQ,1.0,1.0,1.0,119.99994404998696,1000000.0,0.95,1.05,0,0,ab,False,False,False,47.669179042894,-117.393885086361
579,0.0,0.0,0.0,0.0,0.0,0.0,_406-92204_n,PQ,1.0,1.0,1.0,119.99994404998696,1000000.0,0.95,1.05,0,0,ab,False,False,False,47.6691748222267,-117.393745373869
580,0.0,0.0,0.0,0.0,0.0,0.0,_406-92233_n,PQ,1.0,1.0,1.0,119.99994404998696,1000000.0,0.95,1.05,0,0,ab,False,False,False,47.6692246687169,-117.393775009714
581,0.0,0.0,0.0,0.0,0.0,0.0,_406-92205_n,PQ,1.0,1.0,1.0,119.99994404998696,1000000.0,0.95,1.05,0,0,ab,False,False,False,47.6686778355633,-117.395208530331
582,0.0,0.0,0.0,0.0,0.0,0.0,_406-2306746_n,PQ,1.0,1.0,1.0,119.99994404998696,1000000.0,0.95,1.05,0,0,ab,False,False,False,47.6689951942805,-117.39452402277
583,0.0,0.0,0.0,0.0,0.0,0.0,_406-92232_n,PQ,1.0,1.0,1.0,119.99994404998696,1000000.0,0.95,1.05,0,0,ab,False,False,False,47.6692655277083,-117.394609816923
584,0.0,0.0,0.0,0.0,0.0,0.0,_406-2360853_n,PQ,1.0,1.0,1.0,119.99994404998696,1000000.0,0.95,1.05,0,0,ab,False,False,False,47.6690513198848,-117.39454704385
585,0.0,0.0,0.0,0.0,0.0,0.0,_500-3087972_n,PQ,1.0,1.0,1.0,119.99994404998696,1000000.0,0.95,1.05,0,0,ab,False,False,False,47.6694351138759,-117.394701540427
586,0.0,0.0,0.0,0.0,0.0,0.0,_406-2102383_n,PQ,1.0,1.0,1.0,119.99994404998696,1000000.0,0.95,1.05,0,0,ab,False,False,False,47.6694467674104,-117.394718895016
587,0.0,0.0,0.0,0.0,0.0,0.0,_406-2101886_n,PQ,1.0,1.0,1.0,119.99994404998696,1000000.0,0.95,1.05,0,0,ab,False,False,False,47.6694359493879,-117.394740497237
588,0.0,0.0,0.0,0.0,0.0,0.0,_406-92203_n,PQ,1.0,1.0,1.0,119.99994404998696,1000000.0,0.95,1.05,0,0,ab,False,False,False,47.6692802821567,-117.394023020551
589,0.0,0.0,0.0,0.0,0.0,0.0,_406-92202_n,PQ,1.0,1.0,1.0,119.99994404998696,1000000.0,0.95,1.05,0,0,ab,False,False,False,47.6692725764058,-117.394224801052
590,0.0,0.0,0.0,0.0,0.0,0.0,_406-92201_n,PQ,1.0,1.0,1.0,119.99994404998696,1000000.0,0.95,1.05,0,0,ab,False,False,False,47.6692741522562,-117.394429400351
591,0.0,0.0,0.0,0.0,0.0,0.0,_406-92231_n,PQ,1.0,1.0,1.0,119.99994404998696,1000000.0,0.95,1.05,0,0,ab,False,False,False,47.668698525046,-117.394629948141
592,0.0,0.0,0.0,0.0,0.0,0.0,_500-3983517_n,PQ,1.0,1.0,1.0,119.99994404998696,1000000.0,0.95,1.05,0,0,ab,False,False,False,47.6690050043543,-117.395109799851
593,0.0,0.0,0.0,0.0,0.0,0.0,_406-92196_n,PQ,1.0,1.0,1.0,119.99994404998696,1000000.0,0.95,1.05,0,0,ab,False,False,False,47.6690073218044,-117.395421411493
594,0.0,0.0,0.0,0.0,0.0,0.0,_406-2891192_n,PQ,1.0,1.0,1.0,119.99994404998696,1000000.0,0.95,1.05,0,0,ab,False,False,False,47.6690185130745,-117.395145110104
595,0.0,0.0,0.0,0.0,0.0,0.0,_406-92230_n,PQ,1.0,1.0,1.0,119.99994404998696,1000000.0,0.95,1.05,0,0,ab,False,False,False,47.668730749021,-117.394426546882
596,0.0,0.0,0.0,0.0,0.0,0.0,_409-23060_n_sec,PQ,1.0,1.0,1.0,119.99994404998696,1000000.0,0.95,1.05,0,0,ab,False,False,False,47.6689894644126,-117.397546197167
597,0.0,0.0,0.0,0.0,0.0,0.0,_406-92275_n,PQ,1.0,1.0,1.0,119.99994404998696,1000000.0,0.95,1.05,0,0,ab,False,False,False,47.6693464831277,-117.397708673412
598,0.0,0.0,0.0,0.0,0.0,0.0,_406-92276_n,PQ,1.0,1.0,1.0,119.99994404998696,1000000.0,0.95,1.05,0,0,ab,False,False,False,47.6693740083275,-117.397507602275
599,0.0,0.0,0.0,0.0,0.0,0.0,_406-92277_n,PQ,1.0,1.0,1.0,119.99994404998696,1000000.0,0.95,1.05,0,0,ab,False,False,False,47.6693296789131,-117.397244872462
600,0.001833730752089977,0.00037216015242953895,0.0018389334723227417,0.0003732160893759691,0.001837925471048864,0.00037301151649709306,_409-23102_n,PQ,1.0,1.0,1.0,7621.02355330306,1000000.0,0.95,1.05,0,0,abc,False,True,False,47.6700625528855,-117.398014732424
601,0.0,0.0,0.0,0.0,0.0,0.0,_409-23102_n_sec,PQ,1.0,1.0,1.0,119.99994404998696,1000000.0,0.95,1.05,0,0,ab,False,False,False,47.6700625528855,-117.398014732424
602,0.0,0.0,0.0,0.0,0.0,0.0,_406-92303_n,PQ,1.0,1.0,1.0,119.99994404998696,1000000.0,0.95,1.05,0,0,ab,False,False,False,47.6698812235319,-117.39786284115
603,0.0,0.0,0.0,0.0,0.0,0.0,_406-92311_n,PQ,1.0,1.0,1.0,119.99994404998696,1000000.0,0.95,1.05,0,0,ab,False,False,False,47.6701607624299,-117.397842943231
604,0.0,0.0,0.0,0.0,0.0,0.0,_500-4570469_n,PQ,1.0,1.0,1.0,119.99994404998696,1000000.0,0.95,1.05,0,0,ab,False,False,False,47.6698016455629,-117.39798944002
605,0.0,0.0,0.0,0.0,0.0,0.0,_406-3397838_n,PQ,1.0,1.0,1.0,119.99994404998696,1000000.0,0.95,1.05,0,0,ab,False,False,False,47.6697815459489,-117.398033071848
606,0.0,0.0,0.0,0.0,0.0,0.0,_500-2816451_n,PQ,1.0,1.0,1.0,119.99994404998696,1000000.0,0.95,1.05,0,0,ab,False,False,False,47.6700994179495,-117.398034645044
607,0.021798389733251433,0.004425322537223667,0.021860236830017407,0.004437878587345518,0.02184825426137688,0.004435446029832373,_500-15227_n,PQ,1.0,1.0,1.0,7621.02355330306,1000000.0,0.95,1.05,0,0,abc,False,True,False,47.6700844755999,-117.398014898334
608,0.0,0.0,0.0,0.0,0.0,0.0,_402-1807095_sn,PQ,1.0,1.0,1.0,7621.02355330306,1000000.0,0.95,1.05,0,0,abc,False,False,False,47.6700826411723,-117.398096026812
609,0.0,0.0,0.0,0.0,0.0,0.0,_402-1807095_ln,PQ,1.0,1.0,1.0,7621.02355330306,1000000.0,0.95,1.05,0,0,abc,False,False,False,47.6700826411723,-117.398096026812
610,0.0,0.0,0.0,0.0,0.0,0.0,_409-23048_n,PQ,1.0,1.0,1.0,7621.02355330306,1000000.0,0.95,1.05,0,0,abc,False,False,False,47.6700735419072,-117.398498413898
611,0.0,0.0,0.0,0.0,0.0,0.0,_409-23123_n,PQ,1.0,1.0,1.0,7621.02355330306,1000000.0,0.95,1.05,0,0,abc,False,False,False,47.6700717600052,-117.398925481329
612,0.0,0.0,0.0,0.0,0.0,0.0,_409-23018_n,PQ,1.0,1.0,1.0,7621.02355330306,1000000.0,0.95,1.05,0,0,abc,False,False,False,47.6700716708738,-117.398957952756
613,0.0,0.0,0.0,0.0,0.0,0.0,_500-15226_n,PQ,1.0,1.0,1.0,7621.02355330306,1000000.0,0.95,1.05,0,0,abc,False,False,False,47.6700719123423,-117.399152140928
614,0.0,0.0,0.0,0.0,0.0,0.0,_409-23018_n_sec,PQ,1.0,1.0,1.0,119.99994404998696,1000000.0,0.95,1.05,0,0,ab,False,False,False,47.6700718653833,-117.399119678502
615,0.0,0.0,0.0,0.0,0.0,0.0,_406-92314_n,PQ,1.0,1.0,1.0,119.99994404998696,1000000.0,0.95,1.05,0,0,ab,False,False,False,47.6698830523722,-117.399133238158
616,0.0,0.0,0.0,0.0,0.0,0.0,_409-23123_n_sec,PQ,1.0,1.0,1.0,119.99994404998696,1000000.0,0.95,1.05,0,0,ab,False,False,False,47.6700717600052,-117.398925481329
617,0.0,0.0,0.0,0.0,0.0,0.0,_406-92302_n,PQ,1.0,1.0,1.0,119.99994404998696,1000000.0,0.95,1.05,0,0,ab,False,False,False,47.6704036096373,-117.399101600648
618,0.0,0.0,0.0,0.0,0.0,0.0,_406-2306745_n,PQ,1.0,1.0,1.0,119.99994404998696,1000000.0,0.95,1.05,0,0,ab,False,False,False,47.6700579722181,-117.398957949594
619,0.0,0.0,0.0,0.0,0.0,0.0,_406-92316_n,PQ,1.0,1.0,1.0,119.99994404998696,1000000.0,0.95,1.05,0,0,ab,False,False,False,47.6700814874953,-117.398962672589
620,0.0,0.0,0.0,0.0,0.0,0.0,_406-92301_n,PQ,1.0,1.0,1.0,119.99994404998696,1000000.0,0.95,1.05,0,0,ab,False,False,False,47.6704561147885,-117.398922067005
621,0.0,0.0,0.0,0.0,0.0,0.0,_406-92315_n,PQ,1.0,1.0,1.0,119.99994404998696,1000000.0,0.95,1.05,0,0,ab,False,False,False,47.670080156109,-117.398982603469
622,0.0,0.0,0.0,0.0,0.0,0.0,_406-92299_n,PQ,1.0,1.0,1.0,119.99994404998696,1000000.0,0.95,1.05,0,0,ab,False,False,False,47.6700111421389,-117.398900267572
623,0.0,0.0,0.0,0.0,0.0,0.0,_406-92317_n,PQ,1.0,1.0,1.0,119.99994404998696,1000000.0,0.95,1.05,0,0,ab,False,False,False,47.6703767329282,-117.399509342043
624,0.0,0.0,0.0,0.0,0.0,0.0,_409-23048_n_sec,PQ,1.0,1.0,1.0,119.99994404998696,1000000.0,0.95,1.05,0,0,ab,False,False,False,47.6700735419072,-117.398498413898
625,0.0,0.0,0.0,0.0,0.0,0.0,_406-2901811_n,PQ,1.0,1.0,1.0,119.99994404998696,1000000.0,0.95,1.05,0,0,ab,False,False,False,47.6700530518886,-117.398542041054
626,0.0,0.0,0.0,0.0,0.0,0.0,_406-92297_n,PQ,1.0,1.0,1.0,119.99994404998696,1000000.0,0.95,1.05,0,0,ab,False,False,False,47.6698677411694,-117.398426591961
627,0.0,0.0,0.0,0.0,0.0,0.0,_406-92300_n,PQ,1.0,1.0,1.0,119.99994404998696,1000000.0,0.95,1.05,0,0,ab,False,False,False,47.6704571665222,-117.398668633124
628,0.0,0.0,0.0,0.0,0.0,0.0,_406-92298_n,PQ,1.0,1.0,1.0,119.99994404998696,1000000.0,0.95,1.05,0,0,ab,False,False,False,47.6698645181522,-117.398635585537
629,0.0,0.0,0.0,0.0,0.0,0.0,_389-150151-0_n,PQ,1.0,1.0,1.0,7621.02355330306,1000000.0,0.95,1.05,0,0,abc,False,False,False,47.6706374628384,-117.398013671666
630,0.0,0.0,0.0,0.0,0.0,0.0,_390-8027_ln,PQ,1.0,1.0,1.0,7621.02355330306,1000000.0,0.95,1.05,0,0,abc,False,False,False,47.6706374628384,-117.398013671666
631,0.0,0.0,0.0,0.0,0.0,0.0,_402-37852_sn,PQ,1.0,1.0,1.0,7621.02355330306,1000000.0,0.95,1.05,0,0,abc,False,False,False,47.6700832496558,-117.397941111424
632,0.0,0.0,0.0,0.0,0.0,0.0,_402-37852_ln,PQ,1.0,1.0,1.0,7621.02355330306,1000000.0,0.95,1.05,0,0,abc,False,False,False,47.6700832496558,-117.397941111424
633,0.0,0.0,0.0,0.0,0.0,0.0,_409-23044_n,PQ,1.0,1.0,1.0,7621.02355330306,1000000.0,0.95,1.05,0,0,abc,False,False,False,47.6700735117503,-117.397357324854
634,0.0,0.0,0.0,0.0,0.0,0.0,_403-1545214_sn,PQ,1.0,1.0,1.0,7621.02355330306,1000000.0,0.95,1.05,0,0,abc,False,False,False,47.6700742189076,-117.396831731132
635,0.0,0.0,0.0,0.0,0.0,0.0,_403-1545214_ln,PQ,1.0,1.0,1.0,7621.02355330306,1000000.0,0.95,1.05,0,0,abc,False,False,False,47.6700742189076,-117.396831731132
636,0.0,0.0,0.0,0.0,0.0,0.0,_409-1487587_n,PQ,1.0,1.0,1.0,7621.02355330306,1000000.0,0.95,1.05,0,0,abc,False,False,False,47.6700705918066,-117.396733759143
637,0.0,0.0,0.0,0.0,0.0,0.0,_409-1487587_n_sec,PQ,1.0,1.0,1.0,119.99994404998696,1000000.0,0.95,1.05,0,0,abc,False,False,False,47.6700705918066,-117.396733759143
638,0.0,0.0,0.0,0.0,0.0,0.0,_406-2030483_n,PQ,1.0,1.0,1.0,119.99994404998696,1000000.0,0.95,1.05,0,0,abc,False,False,False,47.6696700701491,-117.39673360984
639,0.0,0.0,0.0,0.0,0.0,0.0,_406-92310_n,PQ,1.0,1.0,1.0,119.99994404998696,1000000.0,0.95,1.05,0,0,abc,False,False,False,47.6698442613243,-117.396809232685
640,0.0,0.0,0.0,0.0,0.0,0.0,_406-92309_n,PQ,1.0,1.0,1.0,119.99994404998696,1000000.0,0.95,1.05,0,0,abc,False,False,False,47.6698831875977,-117.396806657515
641,0.0,0.0,0.0,0.0,0.0,0.0,_406-92694_n,PQ,1.0,1.0,1.0,119.99994404998696,1000000.0,0.95,1.05,0,0,abc,False,False,False,47.6704021917651,-117.396841074455
642,0.0,0.0,0.0,0.0,0.0,0.0,_500-3458842_n,PQ,1.0,1.0,1.0,119.99994404998696,1000000.0,0.95,1.05,0,0,abc,False,False,False,47.6697487049298,-117.396771983033
643,0.0,0.0,0.0,0.0,0.0,0.0,_406-2711374_n,PQ,1.0,1.0,1.0,119.99994404998696,1000000.0,0.95,1.05,0,0,abc,False,False,False,47.6698991686054,-117.396701938841
644,0.0,0.0,0.0,0.0,0.0,0.0,_406-92307_n,PQ,1.0,1.0,1.0,119.99994404998696,1000000.0,0.95,1.05,0,0,abc,False,False,False,47.6697564168068,-117.397000091623
645,0.0,0.0,0.0,0.0,0.0,0.0,_403-1545213_sn,PQ,1.0,1.0,1.0,7621.02355330306,1000000.0,0.95,1.05,0,0,abc,False,False,False,47.6700745755211,-117.396691408364
646,0.0,0.0,0.0,0.0,0.0,0.0,_403-1545213_ln,PQ,1.0,1.0,1.0,7621.02355330306,1000000.0,0.95,1.05,0,0,c,False,False,False,47.6700745755211,-117.396691408364
647,0.0,0.0,0.0,0.0,0.0,0.0,_409-23083_n,PQ,1.0,1.0,1.0,7621.02355330306,1000000.0,0.95,1.05,0,0,c,False,False,False,47.6700755702603,-117.396282037847
648,0.0,0.0,0.0,0.0,0.0,0.0,_409-23083_n_sec,PQ,1.0,1.0,1.0,119.99994404998696,1000000.0,0.95,1.05,0,0,ab,False,False,False,47.6700755702603,-117.396282037847
649,0.0,0.0,0.0,0.0,0.0,0.0,_406-92381_n,PQ,1.0,1.0,1.0,119.99994404998696,1000000.0,0.95,1.05,0,0,ab,False,False,False,47.6701918331264,-117.396335927332
650,0.0,0.0,0.0,0.0,0.0,0.0,_500-2984550_n,PQ,1.0,1.0,1.0,119.99994404998696,1000000.0,0.95,1.05,0,0,ab,False,False,False,47.6700606756963,-117.395965267954
651,0.0,0.0,0.0,0.0,0.0,0.0,_406-92360_n,PQ,1.0,1.0,1.0,119.99994404998696,1000000.0,0.95,1.05,0,0,ab,False,False,False,47.6700190263492,-117.39594316567
652,0.0,0.0,0.0,0.0,0.0,0.0,_500-2984511_n,PQ,1.0,1.0,1.0,119.99994404998696,1000000.0,0.95,1.05,0,0,ab,False,False,False,47.6700607089554,-117.395907251824
653,0.0,0.0,0.0,0.0,0.0,0.0,_406-1965846_n,PQ,1.0,1.0,1.0,119.99994404998696,1000000.0,0.95,1.05,0,0,ab,False,False,False,47.6701372527252,-117.395920127802
654,0.0,0.0,0.0,0.0,0.0,0.0,_500-2984552_n,PQ,1.0,1.0,1.0,119.99994404998696,1000000.0,0.95,1.05,0,0,ab,False,False,False,47.670281024615,-117.395968678695
655,0.0,0.0,0.0,0.0,0.0,0.0,_406-91618_n,PQ,1.0,1.0,1.0,119.99994404998696,1000000.0,0.95,1.05,0,0,ab,False,False,False,47.6702977905923,-117.396074425105
656,0.0,0.0,0.0,0.0,0.0,0.0,_406-2259716_n,PQ,1.0,1.0,1.0,119.99994404998696,1000000.0,0.95,1.05,0,0,ab,False,False,False,47.6702499094417,-117.396051876646
657,0.0,0.0,0.0,0.0,0.0,0.0,_406-92247_n,PQ,1.0,1.0,1.0,119.99994404998696,1000000.0,0.95,1.05,0,0,ab,False,False,False,47.6699396360375,-117.396147789932
658,0.0,0.0,0.0,0.0,0.0,0.0,_403-1545212_sn,PQ,1.0,1.0,1.0,7621.02355330306,1000000.0,0.95,1.05,0,0,c,False,False,False,47.670075644051,-117.396249836662
659,0.0,0.0,0.0,0.0,0.0,0.0,_403-1545212_ln,PQ,1.0,1.0,1.0,7621.02355330306,1000000.0,0.95,1.05,0,0,c,False,False,False,47.670075644051,-117.396249836662
660,0.0,0.0,0.0,0.0,0.0,0.0,_409-1033379_n,PQ,1.0,1.0,1.0,7621.02355330306,1000000.0,0.95,1.05,0,0,c,False,False,False,47.6700757291292,-117.395755980396
661,0.0,0.0,0.0,0.0,0.0,0.0,_409-1374934_n,PQ,1.0,1.0,1.0,7621.02355330306,1000000.0,0.95,1.05,0,0,c,False,False,False,47.6700781530694,-117.395423607179
662,0.0,0.0,0.0,0.0,0.0,0.0,_409-1374934_n_sec,PQ,1.0,1.0,1.0,119.99994404998696,1000000.0,0.95,1.05,0,0,ab,False,False,False,47.6700781530694,-117.395423607179
663,0.0,0.0,0.0,0.0,0.0,0.0,_406-92200_n,PQ,1.0,1.0,1.0,119.99994404998696,1000000.0,0.95,1.05,0,0,ab,False,False,False,47.669892078662,-117.395322301114
664,0.0,0.0,0.0,0.0,0.0,0.0,_406-92180_n,PQ,1.0,1.0,1.0,119.99994404998696,1000000.0,0.95,1.05,0,0,ab,False,False,False,47.6702344971701,-117.395707437259
665,0.0,0.0,0.0,0.0,0.0,0.0,_406-92181_n,PQ,1.0,1.0,1.0,119.99994404998696,1000000.0,0.95,1.05,0,0,ab,False,False,False,47.670379434989,-117.395429384433
666,0.0,0.0,0.0,0.0,0.0,0.0,_406-92182_n,PQ,1.0,1.0,1.0,119.99994404998696,1000000.0,0.95,1.05,0,0,ab,False,False,False,47.6703407447105,-117.395227439299
667,0.0,0.0,0.0,0.0,0.0,0.0,_409-23023_n,PQ,1.0,1.0,1.0,7621.02355330306,1000000.0,0.95,1.05,0,0,c,False,False,False,47.6700782857308,-117.39523674865
668,0.0,0.0,0.0,0.0,0.0,0.0,_409-23023_n_sec,PQ,1.0,1.0,1.0,119.99994404998696,1000000.0,0.95,1.05,0,0,ab,False,False,False,47.670082162304,-117.394336728221
669,0.0,0.0,0.0,0.0,0.0,0.0,_406-92186_n,PQ,1.0,1.0,1.0,119.99994404998696,1000000.0,0.95,1.05,0,0,ab,False,False,False,47.6704266534607,-117.394022183539
670,0.0,0.0,0.0,0.0,0.0,0.0,_406-92185_n,PQ,1.0,1.0,1.0,119.99994404998696,1000000.0,0.95,1.05,0,0,ab,False,False,False,47.6704047150194,-117.394161123576
671,0.0,0.0,0.0,0.0,0.0,0.0,_500-2970209_n,PQ,1.0,1.0,1.0,119.99994404998696,1000000.0,0.95,1.05,0,0,ab,False,False,False,47.6700696827282,-117.394295791105
672,0.0,0.0,0.0,0.0,0.0,0.0,_406-92190_n,PQ,1.0,1.0,1.0,119.99994404998696,1000000.0,0.95,1.05,0,0,ab,False,False,False,47.6698467335203,-117.393728646391
673,0.0,0.0,0.0,0.0,0.0,0.0,_406-92189_n,PQ,1.0,1.0,1.0,119.99994404998696,1000000.0,0.95,1.05,0,0,ab,False,False,False,47.6699084757348,-117.393690702034
674,0.0,0.0,0.0,0.0,0.0,0.0,_406-92184_n,PQ,1.0,1.0,1.0,119.99994404998696,1000000.0,0.95,1.05,0,0,ab,False,False,False,47.6702708860583,-117.394326236915
675,0.0,0.0,0.0,0.0,0.0,0.0,_406-92191_n,PQ,1.0,1.0,1.0,119.99994404998696,1000000.0,0.95,1.05,0,0,ab,False,False,False,47.6697893159889,-117.393972689879
676,0.0,0.0,0.0,0.0,0.0,0.0,_406-92193_n,PQ,1.0,1.0,1.0,119.99994404998696,1000000.0,0.95,1.05,0,0,ab,False,False,False,47.6697820144839,-117.394416682565
677,0.0,0.0,0.0,0.0,0.0,0.0,_406-92194_n,PQ,1.0,1.0,1.0,119.99994404998696,1000000.0,0.95,1.05,0,0,ab,False,False,False,47.6698783622054,-117.394635458936
678,0.0,0.0,0.0,0.0,0.0,0.0,_406-92187_n,PQ,1.0,1.0,1.0,119.99994404998696,1000000.0,0.95,1.05,0,0,ab,False,False,False,47.6704259691208,-117.393694709164
679,0.0,0.0,0.0,0.0,0.0,0.0,_406-1855059_n,PQ,1.0,1.0,1.0,119.99994404998696,1000000.0,0.95,1.05,0,0,ab,False,False,False,47.6702348047371,-117.394616845146
680,0.0,0.0,0.0,0.0,0.0,0.0,_406-92192_n,PQ,1.0,1.0,1.0,119.99994404998696,1000000.0,0.95,1.05,0,0,ab,False,False,False,47.6698582099834,-117.394196716465
681,0.0,0.0,0.0,0.0,0.0,0.0,_406-769000_n,PQ,1.0,1.0,1.0,119.99994404998696,1000000.0,0.95,1.05,0,0,ab,False,False,False,47.6701719289184,-117.394429444718
682,0.0,0.0,0.0,0.0,0.0,0.0,_406-92188_n,PQ,1.0,1.0,1.0,119.99994404998696,1000000.0,0.95,1.05,0,0,ab,False,False,False,47.6702213760293,-117.393701456944
683,0.0,0.0,0.0,0.0,0.0,0.0,_500-15228_n,PQ,1.0,1.0,1.0,7621.02355330306,1000000.0,0.95,1.05,0,0,c,False,False,False,47.6700845749336,-117.393330167353
684,0.0,0.0,0.0,0.0,0.0,0.0,_402-126809_sn,PQ,1.0,1.0,1.0,7621.02355330306,1000000.0,0.95,1.05,0,0,c,False,False,False,47.6701301257852,-117.393284974097
685,0.0,0.0,0.0,0.0,0.0,0.0,_402-126809_ln,PQ,1.0,1.0,1.0,7621.02355330306,1000000.0,0.95,1.05,0,0,c,False,False,False,47.6701301257852,-117.393284974097
686,0.0,0.0,0.0,0.0,0.0,0.0,_500-15229_n,PQ,1.0,1.0,1.0,7621.02355330306,1000000.0,0.95,1.05,0,0,c,False,False,False,47.6701301257852,-117.393284974097
687,0.0,0.0,0.0,0.0,0.0,0.0,_395-219035_sn,PQ,1.0,1.0,1.0,7621.02355330306,1000000.0,0.95,1.05,0,0,c,False,False,False,47.6706097033972,-117.391749091606
688,0.0,0.0,0.0,0.0,0.0,0.0,_391-33215_n,PQ,1.0,1.0,1.0,7621.02355330306,1000000.0,0.95,1.05,0,0,c,False,False,False,47.6706097033972,-117.391749091606
689,0.0,0.0,0.0,0.0,0.0,0.0,_391-33215_ln,PQ,1.0,1.0,1.0,119.99994404998696,1000000.0,0.95,1.05,0,0,ab,False,False,False,47.6706326634736,-117.391708355371
690,0.0,0.0,0.0,0.0,0.0,0.0,_406-2739476_n,PQ,1.0,1.0,1.0,119.99994404998696,1000000.0,0.95,1.05,0,0,ab,False,False,False,47.670565856068,-117.391812497978
691,0.0,0.0,0.0,0.0,0.0,0.0,_406-92234_n,PQ,1.0,1.0,1.0,119.99994404998696,1000000.0,0.95,1.05,0,0,ab,False,False,False,47.6706456545157,-117.391501422036
692,0.0,0.0,0.0,0.0,0.0,0.0,_409-1033379_n_sec,PQ,1.0,1.0,1.0,119.99994404998696,1000000.0,0.95,1.05,0,0,ab,False,False,False,47.6700757291292,-117.395755980396
693,0.0,0.0,0.0,0.0,0.0,0.0,_406-1797411_n,PQ,1.0,1.0,1.0,119.99994404998696,1000000.0,0.95,1.05,0,0,ab,False,False,False,47.6698385206282,-117.395728828058
694,0.0,0.0,0.0,0.0,0.0,0.0,_406-1797412_n,PQ,1.0,1.0,1.0,119.99994404998696,1000000.0,0.95,1.05,0,0,ab,False,False,False,47.6698836263953,-117.395667358159
695,0.0,0.0,0.0,0.0,0.0,0.0,_406-92179_n,PQ,1.0,1.0,1.0,119.99994404998696,1000000.0,0.95,1.05,0,0,ab,False,False,False,47.6702995360488,-117.395820457532
696,0.0,0.0,0.0,0.0,0.0,0.0,_409-23044_n_sec,PQ,1.0,1.0,1.0,119.99994404998696,1000000.0,0.95,1.05,0,0,ab,False,False,False,47.6700735117503,-117.397357324854
697,0.0,0.0,0.0,0.0,0.0,0.0,_406-92312_n,PQ,1.0,1.0,1.0,119.99994404998696,1000000.0,0.95,1.05,0,0,ab,False,False,False,47.6703717884693,-117.397501236829
698,0.0,0.0,0.0,0.0,0.0,0.0,_500-3243138_n,PQ,1.0,1.0,1.0,119.99994404998696,1000000.0,0.95,1.05,0,0,ab,False,False,False,47.670067412636,-117.39733942748
699,0.0,0.0,0.0,0.0,0.0,0.0,_500-3458844_n,PQ,1.0,1.0,1.0,119.99994404998696,1000000.0,0.95,1.05,0,0,ab,False,False,False,47.6700584875404,-117.39756409895
700,0.0,0.0,0.0,0.0,0.0,0.0,_406-92304_n,PQ,1.0,1.0,1.0,119.99994404998696,1000000.0,0.95,1.05,0,0,ab,False,False,False,47.6699102868779,-117.39762511848
701,0.0,0.0,0.0,0.0,0.0,0.0,_500-3458845_n,PQ,1.0,1.0,1.0,119.99994404998696,1000000.0,0.95,1.05,0,0,ab,False,False,False,47.6700210526564,-117.397358376448
702,0.0,0.0,0.0,0.0,0.0,0.0,_406-2525652_n,PQ,1.0,1.0,1.0,119.99994404998696,1000000.0,0.95,1.05,0,0,ab,False,False,False,47.6699999755844,-117.397477184596
703,0.0,0.0,0.0,0.0,0.0,0.0,_500-3458843_n,PQ,1.0,1.0,1.0,119.99994404998696,1000000.0,0.95,1.05,0,0,ab,False,False,False,47.670055240549,-117.397077594411
704,0.0,0.0,0.0,0.0,0.0,0.0,_406-92306_n,PQ,1.0,1.0,1.0,119.99994404998696,1000000.0,0.95,1.05,0,0,ab,False,False,False,47.6698523914229,-117.397242459287
705,0.0,0.0,0.0,0.0,0.0,0.0,_406-92313_n,PQ,1.0,1.0,1.0,119.99994404998696,1000000.0,0.95,1.05,0,0,ab,False,False,False,47.6703112822668,-117.397225719611
706,0.0,0.0,0.0,0.0,0.0,0.0,_402-1616327_sn,PQ,1.0,1.0,1.0,7621.02355330306,1000000.0,0.95,1.05,0,0,abc,False,False,False,47.6683208828113,-117.39791726571
707,0.0,0.0,0.0,0.0,0.0,0.0,_402-1616327_ln,PQ,1.0,1.0,1.0,7621.02355330306,1000000.0,0.95,1.05,0,0,abc,False,False,False,47.6683208828113,-117.39791726571
708,0.0,0.0,0.0,0.0,0.0,0.0,_500-3137445_n,PQ,1.0,1.0,1.0,7621.02355330306,1000000.0,0.95,1.05,0,0,b,False,False,False,47.6683140805537,-117.397877947016
709,0.0,0.0,0.0,0.0,0.0,0.0,_395-2277693_sn,PQ,1.0,1.0,1.0,7621.02355330306,1000000.0,0.95,1.05,0,0,b,False,False,False,47.6682786988039,-117.397195588439
710,0.0,0.0,0.0,0.0,0.0,0.0,_391-1850027_n,PQ,1.0,1.0,1.0,7621.02355330306,1000000.0,0.95,1.05,0,0,abc,False,False,False,47.6682786988039,-117.397195588439
711,0.0,0.0,0.0,0.0,0.0,0.0,_395-2277692_sn,PQ,1.0,1.0,1.0,7621.02355330306,1000000.0,0.95,1.05,0,0,a,False,False,False,47.6682976881451,-117.39718519386
712,0.0,0.0,0.0,0.0,0.0,0.0,_500-3137443_n,PQ,1.0,1.0,1.0,7621.02355330306,1000000.0,0.95,1.05,0,0,a,False,False,False,47.6683208828113,-117.39791726571
713,0.0,0.0,0.0,0.0,0.0,0.0,_391-1850027_ln,PQ,1.0,1.0,1.0,119.99994404998696,1000000.0,0.95,1.05,0,0,abc,False,False,False,47.6682759703828,-117.397142099073
714,0.0,0.0,0.0,0.0,0.0,0.0,_406-2232195_n,PQ,1.0,1.0,1.0,119.99994404998696,1000000.0,0.95,1.05,0,0,abc,False,False,False,47.6682113564024,-117.397144437651
715,0.0,0.0,0.0,0.0,0.0,0.0,_395-2277694_sn,PQ,1.0,1.0,1.0,7621.02355330306,1000000.0,0.95,1.05,0,0,c,False,False,False,47.6682593783048,-117.39718936037
716,0.0,0.0,0.0,0.0,0.0,0.0,_500-3137447_n,PQ,1.0,1.0,1.0,7621.02355330306,1000000.0,0.95,1.05,0,0,c,False,False,False,47.6683208828113,-117.39791726571
717,0.0,0.0,0.0,0.0,0.0,0.0,_402-36889_sn,PQ,1.0,1.0,1.0,7621.02355330306,1000000.0,0.95,1.05,0,0,b,False,False,False,47.6679219464609,-117.398169096544
718,0.0,0.0,0.0,0.0,0.0,0.0,_402-36889_ln,PQ,1.0,1.0,1.0,7621.02355330306,1000000.0,0.95,1.05,0,0,b,False,False,False,47.6679219464609,-117.398169096544
719,0.0,0.0,0.0,0.0,0.0,0.0,_409-23014_n,PQ,1.0,1.0,1.0,7621.02355330306,1000000.0,0.95,1.05,0,0,b,False,False,False,47.667929373837,-117.398539242643
720,0.0,0.0,0.0,0.0,0.0,0.0,_409-23014_n_sec,PQ,1.0,1.0,1.0,119.99994404998696,1000000.0,0.95,1.05,0,0,ab,False,False,False,47.667929373837,-117.398539242643
721,0.0,0.0,0.0,0.0,0.0,0.0,_406-92261_n,PQ,1.0,1.0,1.0,119.99994404998696,1000000.0,0.95,1.05,0,0,ab,False,False,False,47.6676118921095,-117.39868529378
722,0.0,0.0,0.0,0.0,0.0,0.0,_500-3097377_n,PQ,1.0,1.0,1.0,119.99994404998696,1000000.0,0.95,1.05,0,0,ab,False,False,False,47.6677319350694,-117.398560425731
723,0.0,0.0,0.0,0.0,0.0,0.0,_406-92266_n,PQ,1.0,1.0,1.0,119.99994404998696,1000000.0,0.95,1.05,0,0,ab,False,False,False,47.6677896582067,-117.398489072349
724,0.0,0.0,0.0,0.0,0.0,0.0,_406-92260_n,PQ,1.0,1.0,1.0,119.99994404998696,1000000.0,0.95,1.05,0,0,ab,False,False,False,47.6675664329457,-117.398455497804
725,0.0,0.0,0.0,0.0,0.0,0.0,_406-92271_n,PQ,1.0,1.0,1.0,119.99994404998696,1000000.0,0.95,1.05,0,0,ab,False,False,False,47.6681914697846,-117.398502457918
726,0.0,0.0,0.0,0.0,0.0,0.0,_500-4530134_n,PQ,1.0,1.0,1.0,119.99994404998696,1000000.0,0.95,1.05,0,0,ab,False,False,False,47.6679148062502,-117.398529702099
727,0.0,0.0,0.0,0.0,0.0,0.0,_406-3408325_n,PQ,1.0,1.0,1.0,119.99994404998696,1000000.0,0.95,1.05,0,0,ab,False,False,False,47.6678333182691,-117.397998388132
728,0.0,0.0,0.0,0.0,0.0,0.0,_406-92267_n,PQ,1.0,1.0,1.0,119.99994404998696,1000000.0,0.95,1.05,0,0,ab,False,False,False,47.6679953359055,-117.398497183034
729,0.0,0.0,0.0,0.0,0.0,0.0,_500-3441489_n,PQ,1.0,1.0,1.0,119.99994404998696,1000000.0,0.95,1.05,0,0,ab,False,False,False,47.6678641868911,-117.398944692962
730,0.0,0.0,0.0,0.0,0.0,0.0,_406-2292992_n,PQ,1.0,1.0,1.0,119.99994404998696,1000000.0,0.95,1.05,0,0,ab,False,False,False,47.6678094033254,-117.399001128923
731,0.0,0.0,0.0,0.0,0.0,0.0,_406-92262_n,PQ,1.0,1.0,1.0,119.99994404998696,1000000.0,0.95,1.05,0,0,ab,False,False,False,47.6676187687565,-117.398913248393
732,0.0,0.0,0.0,0.0,0.0,0.0,_406-3360933_n,PQ,1.0,1.0,1.0,119.99994404998696,1000000.0,0.95,1.05,0,0,ab,False,False,False,47.6678596704045,-117.398389511967
733,0.0,0.0,0.0,0.0,0.0,0.0,_500-15212_n,PQ,1.0,1.0,1.0,7621.02355330306,1000000.0,0.95,1.05,0,0,b,False,False,False,47.6679300232848,-117.398571697565
734,0.0,0.0,0.0,0.0,0.0,0.0,_402-708672_sn,PQ,1.0,1.0,1.0,7621.02355330306,1000000.0,0.95,1.05,0,0,b,False,False,False,47.6679021193479,-117.39864156754
735,0.0,0.0,0.0,0.0,0.0,0.0,_402-708672_ln,PQ,1.0,1.0,1.0,7621.02355330306,1000000.0,0.95,1.05,0,0,b,False,False,False,47.6679021193479,-117.39864156754
736,0.0,0.0,0.0,0.0,0.0,0.0,_500-1328763_n,PQ,1.0,1.0,1.0,7621.02355330306,1000000.0,0.95,1.05,0,0,b,False,False,False,47.6679021193479,-117.39864156754
737,0.0,0.0,0.0,0.0,0.0,0.0,_395-1100672_sn,PQ,1.0,1.0,1.0,7621.02355330306,1000000.0,0.95,1.05,0,0,b,False,False,False,47.6679048125135,-117.399809140523
738,0.0,0.0,0.0,0.0,0.0,0.0,_391-828099_n,PQ,1.0,1.0,1.0,7621.02355330306,1000000.0,0.95,1.05,0,0,b,False,False,False,47.6679048125135,-117.399809140523
739,0.0,0.0,0.0,0.0,0.0,0.0,_391-828099_ln,PQ,1.0,1.0,1.0,119.99994404998696,1000000.0,0.95,1.05,0,0,ab,False,False,False,47.6679240183735,-117.399854169173
740,0.0,0.0,0.0,0.0,0.0,0.0,_500-3172147_n,PQ,1.0,1.0,1.0,119.99994404998696,1000000.0,0.95,1.05,0,0,ab,False,False,False,47.6680098162512,-117.399925510536
741,0.0,0.0,0.0,0.0,0.0,0.0,_406-1073029_n,PQ,1.0,1.0,1.0,119.99994404998696,1000000.0,0.95,1.05,0,0,ab,False,False,False,47.6680602943651,-117.399967479532
742,0.0,0.0,0.0,0.0,0.0,0.0,_409-23087_n_sec,PQ,1.0,1.0,1.0,119.99994404998696,1000000.0,0.95,1.05,0,0,abc,False,False,False,47.6641588763314,-117.397981877579
743,0.0,0.0,0.0,0.0,0.0,0.0,_406-2094166_n,PQ,1.0,1.0,1.0,119.99994404998696,1000000.0,0.95,1.05,0,0,abc,False,False,False,47.6641793083293,-117.398000995033
744,0.0,0.0,0.0,0.0,0.0,0.0,_406-92761_n,PQ,1.0,1.0,1.0,119.99994404998696,1000000.0,0.95,1.05,0,0,abc,False,False,False,47.6641702894452,-117.397481109719
745,0.0,0.0,0.0,0.0,0.0,0.0,_402-2071494_sn,PQ,1.0,1.0,1.0,7621.02355330306,1000000.0,0.95,1.05,0,0,abc,False,False,False,47.6633346182245,-117.398048727447
746,0.0,0.0,0.0,0.0,0.0,0.0,_402-2071494_ln,PQ,1.0,1.0,1.0,7621.02355330306,1000000.0,0.95,1.05,0,0,abc,False,False,False,47.6633346182245,-117.398048727447
747,0.0,0.0,0.0,0.0,0.0,0.0,_500-4034324_n,PQ,1.0,1.0,1.0,7621.02355330306,1000000.0,0.95,1.05,0,0,a,False,False,False,47.6633205796301,-117.398083585301
748,0.0,0.0,0.0,0.0,0.0,0.0,_395-2803886_sn,PQ,1.0,1.0,1.0,7621.02355330306,1000000.0,0.95,1.05,0,0,a,False,False,False,47.6634055990053,-117.398475838559
749,0.0,0.0,0.0,0.0,0.0,0.0,_391-2327239_n,PQ,1.0,1.0,1.0,7621.02355330306,1000000.0,0.95,1.05,0,0,abc,False,False,False,47.6634218853837,-117.398457993647
750,0.0,0.0,0.0,0.0,0.0,0.0,_395-2803887_sn,PQ,1.0,1.0,1.0,7621.02355330306,1000000.0,0.95,1.05,0,0,b,False,False,False,47.6634218853837,-117.398457993647
751,0.0,0.0,0.0,0.0,0.0,0.0,_500-4034326_n,PQ,1.0,1.0,1.0,7621.02355330306,1000000.0,0.95,1.05,0,0,b,False,False,False,47.6633416780957,-117.398087940167
752,0.0,0.0,0.0,0.0,0.0,0.0,_391-2327239_ln,PQ,1.0,1.0,1.0,277.1281292110204,1000000.0,0.95,1.05,0,0,abc,False,False,False,47.6634347550853,-117.398507526088
753,0.0,0.0,0.0,0.0,0.0,0.0,_406-2961635_n,PQ,1.0,1.0,1.0,277.1281292110204,1000000.0,0.95,1.05,0,0,abc,False,False,False,47.6634736156166,-117.398515535427
754,0.0,0.0,0.0,0.0,0.0,0.0,_395-2803888_sn,PQ,1.0,1.0,1.0,7621.02355330306,1000000.0,0.95,1.05,0,0,c,False,False,False,47.6634416081127,-117.39845600814
755,0.0,0.0,0.0,0.0,0.0,0.0,_500-4034328_n,PQ,1.0,1.0,1.0,7621.02355330306,1000000.0,0.95,1.05,0,0,c,False,False,False,47.66335795049,-117.398070034023
756,0.0,0.0,0.0,0.0,0.0,0.0,_402-36567_sn,PQ,1.0,1.0,1.0,7621.02355330306,1000000.0,0.95,1.05,0,0,abc,False,False,False,47.6631015391652,-117.397892196039
757,0.0,0.0,0.0,0.0,0.0,0.0,_402-36567_ln,PQ,1.0,1.0,1.0,7621.02355330306,1000000.0,0.95,1.05,0,0,abc,False,False,False,47.6631015391652,-117.397892196039
758,0.0,0.0,0.0,0.0,0.0,0.0,_500-15177_n,PQ,1.0,1.0,1.0,7621.02355330306,1000000.0,0.95,1.05,0,0,abc,False,False,False,47.6631246420363,-117.39721352624
759,0.0,0.0,0.0,0.0,0.0,0.0,_409-23064_n,PQ,1.0,1.0,1.0,7621.02355330306,1000000.0,0.95,1.05,0,0,abc,False,False,False,47.6631176748919,-117.396886295237
760,0.0,0.0,0.0,0.0,0.0,0.0,_500-15178_n,PQ,1.0,1.0,1.0,7621.02355330306,1000000.0,0.95,1.05,0,0,abc,False,False,False,47.6631140531831,-117.39636490011
761,0.0,0.0,0.0,0.0,0.0,0.0,_500-15179_n,PQ,1.0,1.0,1.0,7621.02355330306,1000000.0,0.95,1.05,0,0,abc,False,False,False,47.6631280065888,-117.395069615869
762,0.0,0.0,0.0,0.0,0.0,0.0,_403-144444_sn,PQ,1.0,1.0,1.0,7621.02355330306,1000000.0,0.95,1.05,0,0,abc,False,False,False,47.6631554014538,-117.395071420905
763,0.0,0.0,0.0,0.0,0.0,0.0,_403-144444_ln,PQ,1.0,1.0,1.0,7621.02355330306,1000000.0,0.95,1.05,0,0,abc,False,False,False,47.6631554014538,-117.395071420905
764,0.0,0.0,0.0,0.0,0.0,0.0,_409-1378451_n,PQ,1.0,1.0,1.0,7621.02355330306,1000000.0,0.95,1.05,0,0,abc,False,False,False,47.6632722847594,-117.395094632389
765,0.0,0.0,0.0,0.0,0.0,0.0,_409-1378451_n_sec,PQ,1.0,1.0,1.0,277.1281292110204,1000000.0,0.95,1.05,0,0,abc,False,False,False,47.6632722847594,-117.395094632389
766,0.0,0.0,0.0,0.0,0.0,0.0,_406-2287571_n,PQ,1.0,1.0,1.0,277.1281292110204,1000000.0,0.95,1.05,0,0,abc,False,False,False,47.6632840633212,-117.394878621718
767,0.0,0.0,0.0,0.0,0.0,0.0,_402-36896_sn,PQ,1.0,1.0,1.0,7621.02355330306,1000000.0,0.95,1.05,0,0,abc,False,False,False,47.6634629169443,-117.395089740484
768,0.0,0.0,0.0,0.0,0.0,0.0,_402-36896_ln,PQ,1.0,1.0,1.0,7621.02355330306,1000000.0,0.95,1.05,0,0,abc,False,False,False,47.6634629169443,-117.395089740484
769,0.0,0.0,0.0,0.0,0.0,0.0,_500-15183_n,PQ,1.0,1.0,1.0,7621.02355330306,1000000.0,0.95,1.05,0,0,abc,False,False,False,47.6637900344002,-117.39510139481
770,0.0,0.0,0.0,0.0,0.0,0.0,_500-15187_n,PQ,1.0,1.0,1.0,7621.02355330306,1000000.0,0.95,1.05,0,0,abc,False,False,False,47.6641875357893,-117.39512710439
771,0.0,0.0,0.0,0.0,0.0,0.0,_403-142226_sn,PQ,1.0,1.0,1.0,7621.02355330306,1000000.0,0.95,1.05,0,0,bc,False,False,False,47.6641891119212,-117.395167623775
772,0.0,0.0,0.0,0.0,0.0,0.0,_403-142226_ln,PQ,1.0,1.0,1.0,7621.02355330306,1000000.0,0.95,1.05,0,0,bc,False,False,False,47.6641891119212,-117.395167623775
773,0.0,0.0,0.0,0.0,0.0,0.0,_409-1365332_n,PQ,1.0,1.0,1.0,7621.02355330306,1000000.0,0.95,1.05,0,0,bc,False,False,False,47.6641826548767,-117.395312926539
774,0.0,0.0,0.0,0.0,0.0,0.0,_403-142227_sn,PQ,1.0,1.0,1.0,7621.02355330306,1000000.0,0.95,1.05,0,0,bc,False,False,False,47.6641803748316,-117.39534696976
775,0.0,0.0,0.0,0.0,0.0,0.0,_403-142227_ln,PQ,1.0,1.0,1.0,7621.02355330306,1000000.0,0.95,1.05,0,0,bc,False,False,False,47.6641803748316,-117.39534696976
776,0.0,0.0,0.0,0.0,0.0,0.0,_409-23112_n,PQ,1.0,1.0,1.0,7621.02355330306,1000000.0,0.95,1.05,0,0,bc,False,False,False,47.6641781108299,-117.395895051155
777,0.0,0.0,0.0,0.0,0.0,0.0,_500-15186_n,PQ,1.0,1.0,1.0,7621.02355330306,1000000.0,0.95,1.05,0,0,bc,False,False,False,47.6641779658348,-117.39592752266
778,0.0,0.0,0.0,0.0,0.0,0.0,_409-23112_n_sec,PQ,1.0,1.0,1.0,119.99994404998696,1000000.0,0.95,1.05,0,0,bc,False,False,False,47.6641781108299,-117.395895051155
779,0.0,0.0,0.0,0.0,0.0,0.0,_406-92253_n,PQ,1.0,1.0,1.0,119.99994404998696,1000000.0,0.95,1.05,0,0,bc,False,False,False,47.6640374856332,-117.396032048916
780,0.0,0.0,0.0,0.0,0.0,0.0,_409-1365332_n_sec,PQ,1.0,1.0,1.0,119.99994404998696,1000000.0,0.95,1.05,0,0,ab,False,False,False,47.6641826548767,-117.395312926539
781,0.0,0.0,0.0,0.0,0.0,0.0,_500-3175212_n,PQ,1.0,1.0,1.0,119.99994404998696,1000000.0,0.95,1.05,0,0,ab,False,False,False,47.6641479971108,-117.395139515172
782,0.0,0.0,0.0,0.0,0.0,0.0,_406-92254_n,PQ,1.0,1.0,1.0,119.99994404998696,1000000.0,0.95,1.05,0,0,ab,False,False,False,47.6640835541098,-117.395052284316
783,0.0,0.0,0.0,0.0,0.0,0.0,_406-92255_n,PQ,1.0,1.0,1.0,119.99994404998696,1000000.0,0.95,1.05,0,0,ab,False,False,False,47.6640850734425,-117.39513496237
784,0.0,0.0,0.0,0.0,0.0,0.0,_500-3175214_n,PQ,1.0,1.0,1.0,7621.02355330306,1000000.0,0.95,1.05,0,0,abc,False,False,False,47.6646226485262,-117.395128532308
785,0.0,0.0,0.0,0.0,0.0,0.0,_500-15191_n,PQ,1.0,1.0,1.0,7621.02355330306,1000000.0,0.95,1.05,0,0,abc,False,False,False,47.6652855109817,-117.39510852616
786,0.0,0.0,0.0,0.0,0.0,0.0,_403-142228_sn,PQ,1.0,1.0,1.0,7621.02355330306,1000000.0,0.95,1.05,0,0,abc,False,False,False,47.665284655643,-117.395149089517
787,0.0,0.0,0.0,0.0,0.0,0.0,_403-142228_ln,PQ,1.0,1.0,1.0,7621.02355330306,1000000.0,0.95,1.05,0,0,abc,False,False,False,47.665284655643,-117.395149089517
788,0.0,0.0,0.0,0.0,0.0,0.0,_409-150372_n,PQ,1.0,1.0,1.0,7621.02355330306,1000000.0,0.95,1.05,0,0,abc,False,False,False,47.6652740669959,-117.395753048421
789,0.0,0.0,0.0,0.0,0.0,0.0,_500-142435_n,PQ,1.0,1.0,1.0,7621.02355330306,1000000.0,0.95,1.05,0,0,abc,False,False,False,47.6652719328651,-117.395874759238
790,0.0,0.0,0.0,0.0,0.0,0.0,_409-150372_n_sec,PQ,1.0,1.0,1.0,119.99994404998696,1000000.0,0.95,1.05,0,0,abc,False,False,False,47.6652740669959,-117.395753048421
791,0.0,0.0,0.0,0.0,0.0,0.0,_406-2076023_n,PQ,1.0,1.0,1.0,119.99994404998696,1000000.0,0.95,1.05,0,0,abc,False,False,False,47.6654173606972,-117.395883620955
792,0.0,0.0,0.0,0.0,0.0,0.0,_406-398445_n,PQ,1.0,1.0,1.0,119.99994404998696,1000000.0,0.95,1.05,0,0,abc,False,False,False,47.6652242059278,-117.396177340783
793,0.0,0.0,0.0,0.0,0.0,0.0,_409-23127_n,PQ,1.0,1.0,1.0,7621.02355330306,1000000.0,0.95,1.05,0,0,abc,False,False,False,47.6658110875423,-117.39513392226
794,0.0,0.0,0.0,0.0,0.0,0.0,_409-23127_n_sec,PQ,1.0,1.0,1.0,119.99994404998696,1000000.0,0.95,1.05,0,0,abc,False,False,False,47.6658110875423,-117.39513392226
795,0.0,0.0,0.0,0.0,0.0,0.0,_406-92757_n,PQ,1.0,1.0,1.0,119.99994404998696,1000000.0,0.95,1.05,0,0,abc,False,False,False,47.6659206043649,-117.395008450919
796,0.0,0.0,0.0,0.0,0.0,0.0,_500-15197_n,PQ,1.0,1.0,1.0,7621.02355330306,1000000.0,0.95,1.05,0,0,abc,False,False,False,47.6661837967308,-117.39515366717
797,0.0,0.0,0.0,0.0,0.0,0.0,_403-1490489_sn,PQ,1.0,1.0,1.0,7621.02355330306,1000000.0,0.95,1.05,0,0,abc,False,False,False,47.6661955307647,-117.396304025869
798,0.0,0.0,0.0,0.0,0.0,0.0,_403-1490489_ln,PQ,1.0,1.0,1.0,7621.02355330306,1000000.0,0.95,1.05,0,0,ac,False,False,False,47.6661955307647,-117.396304025869
799,0.0,0.0,0.0,0.0,0.0,0.0,_403-1490490_sn,PQ,1.0,1.0,1.0,7621.02355330306,1000000.0,0.95,1.05,0,0,ac,False,False,False,47.6661375446296,-117.396424072735
800,0.0,0.0,0.0,0.0,0.0,0.0,_403-1490490_ln,PQ,1.0,1.0,1.0,7621.02355330306,1000000.0,0.95,1.05,0,0,ac,False,False,False,47.6661375446296,-117.396424072735
801,0.0,0.0,0.0,0.0,0.0,0.0,_409-22382_n,PQ,1.0,1.0,1.0,7621.02355330306,1000000.0,0.95,1.05,0,0,ac,False,False,False,47.6659112766048,-117.396418005893
802,0.0,0.0,0.0,0.0,0.0,0.0,_500-15196_n,PQ,1.0,1.0,1.0,7621.02355330306,1000000.0,0.95,1.05,0,0,ac,False,False,False,47.6658893460774,-117.396417417308
803,0.0,0.0,0.0,0.0,0.0,0.0,_409-22382_n_sec,PQ,1.0,1.0,1.0,119.99994404998696,1000000.0,0.95,1.05,0,0,ac,False,False,False,47.6659112766048,-117.396418005893
804,0.0,0.0,0.0,0.0,0.0,0.0,_406-2099747_n,PQ,1.0,1.0,1.0,119.99994404998696,1000000.0,0.95,1.05,0,0,ac,False,False,False,47.6661760243093,-117.396679798559
805,0.0,0.0,0.0,0.0,0.0,0.0,_403-142232_sn,PQ,1.0,1.0,1.0,7621.02355330306,1000000.0,0.95,1.05,0,0,abc,False,False,False,47.6662059738683,-117.395126871752
806,0.0,0.0,0.0,0.0,0.0,0.0,_403-142232_ln,PQ,1.0,1.0,1.0,7621.02355330306,1000000.0,0.95,1.05,0,0,abc,False,False,False,47.6662059738683,-117.395126871752
807,0.0,0.0,0.0,0.0,0.0,0.0,_409-23037_n,PQ,1.0,1.0,1.0,7621.02355330306,1000000.0,0.95,1.05,0,0,abc,False,False,False,47.6661834166903,-117.394216315709
808,0.0,0.0,0.0,0.0,0.0,0.0,_409-23037_n_sec,PQ,1.0,1.0,1.0,119.99994404998696,1000000.0,0.95,1.05,0,0,abc,False,False,False,47.6661755154516,-117.393381327938
809,0.0,0.0,0.0,0.0,0.0,0.0,_406-92758_n,PQ,1.0,1.0,1.0,119.99994404998696,1000000.0,0.95,1.05,0,0,abc,False,False,False,47.665861753143,-117.393438084277
810,0.0,0.0,0.0,0.0,0.0,0.0,_500-15198_n,PQ,1.0,1.0,1.0,7621.02355330306,1000000.0,0.95,1.05,0,0,abc,False,False,False,47.6661359299759,-117.393133718413
811,0.0,0.0,0.0,0.0,0.0,0.0,_402-2389656_sn,PQ,1.0,1.0,1.0,7621.02355330306,1000000.0,0.95,1.05,0,0,abc,False,False,False,47.6661594025267,-117.393060364024
812,0.0,0.0,0.0,0.0,0.0,0.0,_402-2389656_ln,PQ,1.0,1.0,1.0,7621.02355330306,1000000.0,0.95,1.05,0,0,abc,False,False,False,47.6661594025267,-117.393060364024
813,0.0,0.0,0.0,0.0,0.0,0.0,_500-4573650_n,PQ,1.0,1.0,1.0,7621.02355330306,1000000.0,0.95,1.05,0,0,b,False,False,False,47.6661594025267,-117.393060364024
814,0.0,0.0,0.0,0.0,0.0,0.0,_395-3133232_sn,PQ,1.0,1.0,1.0,7621.02355330306,1000000.0,0.95,1.05,0,0,b,False,False,False,47.6666323125539,-117.392926284263
815,0.0,0.0,0.0,0.0,0.0,0.0,_391-2625460_n,PQ,1.0,1.0,1.0,7621.02355330306,1000000.0,0.95,1.05,0,0,abc,False,False,False,47.6666371936212,-117.392897924636
816,0.0,0.0,0.0,0.0,0.0,0.0,_391-2625460_ln,PQ,1.0,1.0,1.0,119.99994404998696,1000000.0,0.95,1.05,0,0,abc,False,False,False,47.6666686190304,-117.392924574042
817,0.0,0.0,0.0,0.0,0.0,0.0,_406-3508645_n,PQ,1.0,1.0,1.0,119.99994404998696,1000000.0,0.95,1.05,0,0,abc,False,False,False,47.6667114792161,-117.392899257021
818,0.0,0.0,0.0,0.0,0.0,0.0,_395-3133233_sn,PQ,1.0,1.0,1.0,7621.02355330306,1000000.0,0.95,1.05,0,0,c,False,False,False,47.6666371936212,-117.392897924636
819,0.0,0.0,0.0,0.0,0.0,0.0,_500-4573652_n,PQ,1.0,1.0,1.0,7621.02355330306,1000000.0,0.95,1.05,0,0,c,False,False,False,47.6661594025267,-117.393060364024
820,0.0,0.0,0.0,0.0,0.0,0.0,_395-3133231_sn,PQ,1.0,1.0,1.0,7621.02355330306,1000000.0,0.95,1.05,0,0,a,False,False,False,47.6666386823184,-117.392954759188
821,0.0,0.0,0.0,0.0,0.0,0.0,_500-4573504_n,PQ,1.0,1.0,1.0,7621.02355330306,1000000.0,0.95,1.05,0,0,a,False,False,False,47.6661594025267,-117.393060364024
822,0.0,0.0,0.0,0.0,0.0,0.0,_403-142230_sn,PQ,1.0,1.0,1.0,7621.02355330306,1000000.0,0.95,1.05,0,0,b,False,False,False,47.6661616392913,-117.393147835203
823,0.0,0.0,0.0,0.0,0.0,0.0,_403-142230_ln,PQ,1.0,1.0,1.0,7621.02355330306,1000000.0,0.95,1.05,0,0,b,False,False,False,47.6661616392913,-117.393147835203
824,0.0,0.0,0.0,0.0,0.0,0.0,_409-23121_n,PQ,1.0,1.0,1.0,7621.02355330306,1000000.0,0.95,1.05,0,0,b,False,False,False,47.6665369933267,-117.393285935433
825,0.0,0.0,0.0,0.0,0.0,0.0,_409-23121_n_sec,PQ,1.0,1.0,1.0,119.99994404998696,1000000.0,0.95,1.05,0,0,ab,False,False,False,47.6665369933267,-117.393285935433
826,0.0,0.0,0.0,0.0,0.0,0.0,_406-92759_n,PQ,1.0,1.0,1.0,119.99994404998696,1000000.0,0.95,1.05,0,0,ab,False,False,False,47.6667539377795,-117.393405669038
827,0.0,0.0,0.0,0.0,0.0,0.0,_500-4481426_n,PQ,1.0,1.0,1.0,119.99994404998696,1000000.0,0.95,1.05,0,0,ab,False,False,False,47.6665339664228,-117.393122556518
828,0.0,0.0,0.0,0.0,0.0,0.0,_406-3326696_n,PQ,1.0,1.0,1.0,119.99994404998696,1000000.0,0.95,1.05,0,0,ab,False,False,False,47.6665301222429,-117.392967690483
829,0.0,0.0,0.0,0.0,0.0,0.0,_406-92635_n,PQ,1.0,1.0,1.0,119.99994404998696,1000000.0,0.95,1.05,0,0,ab,False,False,False,47.6671180395081,-117.393463076376
830,0.0,0.0,0.0,0.0,0.0,0.0,_500-15199_n,PQ,1.0,1.0,1.0,7621.02355330306,1000000.0,0.95,1.05,0,0,b,False,False,False,47.6665582723457,-117.393293765572
831,0.0,0.0,0.0,0.0,0.0,0.0,_403-142229_sn,PQ,1.0,1.0,1.0,7621.02355330306,1000000.0,0.95,1.05,0,0,b,False,False,False,47.666108525522,-117.39313460757
832,0.0,0.0,0.0,0.0,0.0,0.0,_403-142229_ln,PQ,1.0,1.0,1.0,7621.02355330306,1000000.0,0.95,1.05,0,0,b,False,False,False,47.666108525522,-117.39313460757
833,0.0,0.0,0.0,0.0,0.0,0.0,_500-3953557_n,PQ,1.0,1.0,1.0,7621.02355330306,1000000.0,0.95,1.05,0,0,b,False,False,False,47.6654572855351,-117.393149123868
834,0.0,0.0,0.0,0.0,0.0,0.0,_500-15189_n,PQ,1.0,1.0,1.0,7621.02355330306,1000000.0,0.95,1.05,0,0,b,False,False,False,47.6654346643077,-117.39314632419
835,0.0,0.0,0.0,0.0,0.0,0.0,_402-2033094_sn,PQ,1.0,1.0,1.0,7621.02355330306,1000000.0,0.95,1.05,0,0,b,False,False,False,47.6654599250433,-117.393068050912
836,0.0,0.0,0.0,0.0,0.0,0.0,_402-2033094_ln,PQ,1.0,1.0,1.0,7621.02355330306,1000000.0,0.95,1.05,0,0,b,False,False,False,47.6654599250433,-117.393068050912
837,0.0,0.0,0.0,0.0,0.0,0.0,_500-3953559_n,PQ,1.0,1.0,1.0,7621.02355330306,1000000.0,0.95,1.05,0,0,b,False,False,False,47.6654599250433,-117.393068050912
838,0.0,0.0,0.0,0.0,0.0,0.0,_395-2769676_sn,PQ,1.0,1.0,1.0,7621.02355330306,1000000.0,0.95,1.05,0,0,b,False,False,False,47.6660033950229,-117.392497410614
839,0.0,0.0,0.0,0.0,0.0,0.0,_391-33247_n,PQ,1.0,1.0,1.0,7621.02355330306,1000000.0,0.95,1.05,0,0,b,False,False,False,47.6660033950229,-117.392497410614
840,0.0,0.0,0.0,0.0,0.0,0.0,_395-219033_ln,PQ,1.0,1.0,1.0,7621.02355330306,1000000.0,0.95,1.05,0,0,b,False,False,False,47.6660662470866,-117.392447704214
841,0.0,0.0,0.0,0.0,0.0,0.0,_395-219034_sn,PQ,1.0,1.0,1.0,7621.02355330306,1000000.0,0.95,1.05,0,0,b,False,False,False,47.6666597990674,-117.391956071825
842,0.0,0.0,0.0,0.0,0.0,0.0,_391-33244_n,PQ,1.0,1.0,1.0,7621.02355330306,1000000.0,0.95,1.05,0,0,b,False,False,False,47.6666597990674,-117.391956071825
843,0.0,0.0,0.0,0.0,0.0,0.0,_391-33244_ln,PQ,1.0,1.0,1.0,119.99994404998696,1000000.0,0.95,1.05,0,0,ab,False,False,False,47.6666898931942,-117.391929457114
844,0.0,0.0,0.0,0.0,0.0,0.0,_406-92640_n,PQ,1.0,1.0,1.0,119.99994404998696,1000000.0,0.95,1.05,0,0,ab,False,False,False,47.6668742770494,-117.391944393434
845,0.0,0.0,0.0,0.0,0.0,0.0,_391-33247_ln,PQ,1.0,1.0,1.0,119.99994404998696,1000000.0,0.95,1.05,0,0,ab,False,False,False,0.0,0.0
846,0.0,0.0,0.0,0.0,0.0,0.0,_403-142231_sn,PQ,1.0,1.0,1.0,7621.02355330306,1000000.0,0.95,1.05,0,0,abc,False,False,False,47.6662111987452,-117.395154579944
847,0.0,0.0,0.0,0.0,0.0,0.0,_403-142231_ln,PQ,1.0,1.0,1.0,7621.02355330306,1000000.0,0.95,1.05,0,0,abc,False,False,False,47.6662111987452,-117.395154579944
848,0.0,0.0,0.0,0.0,0.0,0.0,_409-1446292_n,PQ,1.0,1.0,1.0,7621.02355330306,1000000.0,0.95,1.05,0,0,abc,False,False,False,47.6665177770908,-117.395173985481
849,0.0,0.0,0.0,0.0,0.0,0.0,_409-1446292_n_sec,PQ,1.0,1.0,1.0,119.99994404998696,1000000.0,0.95,1.05,0,0,bc,False,False,False,47.6665177770908,-117.395173985481
850,0.0,0.0,0.0,0.0,0.0,0.0,_406-92641_n,PQ,1.0,1.0,1.0,119.99994404998696,1000000.0,0.95,1.05,0,0,bc,False,False,False,47.6664517367543,-117.395119189246
851,0.0,0.0,0.0,0.0,0.0,0.0,_500-3340973_n,PQ,1.0,1.0,1.0,7621.02355330306,1000000.0,0.95,1.05,0,0,abc,False,False,False,47.6665381953994,-117.395175999977
852,0.0,0.0,0.0,0.0,0.0,0.0,_403-144445_sn,PQ,1.0,1.0,1.0,7621.02355330306,1000000.0,0.95,1.05,0,0,abc,False,False,False,47.6638061789247,-117.395134201628
853,0.0,0.0,0.0,0.0,0.0,0.0,_403-144445_ln,PQ,1.0,1.0,1.0,7621.02355330306,1000000.0,0.95,1.05,0,0,abc,False,False,False,47.6638061789247,-117.395134201628
854,0.0,0.0,0.0,0.0,0.0,0.0,_409-23017_n,PQ,1.0,1.0,1.0,7621.02355330306,1000000.0,0.95,1.05,0,0,abc,False,False,False,47.6638073345135,-117.395269205509
855,0.0,0.0,0.0,0.0,0.0,0.0,_500-15184_n,PQ,1.0,1.0,1.0,7621.02355330306,1000000.0,0.95,1.05,0,0,abc,False,False,False,47.6638076099858,-117.395301665799
856,0.0,0.0,0.0,0.0,0.0,0.0,_409-23017_n_sec,PQ,1.0,1.0,1.0,277.1281292110204,1000000.0,0.95,1.05,0,0,abc,False,False,False,47.6638073345135,-117.395269205509
857,0.0,0.0,0.0,0.0,0.0,0.0,_406-92632_n,PQ,1.0,1.0,1.0,277.1281292110204,1000000.0,0.95,1.05,0,0,abc,False,False,False,47.6637504073465,-117.395479404661
858,0.0,0.0,0.0,0.0,0.0,0.0,_500-2177604_n,PQ,1.0,1.0,1.0,7621.02355330306,1000000.0,0.95,1.05,0,0,abc,False,False,False,47.6631260125832,-117.394911379234
859,0.0,0.0,0.0,0.0,0.0,0.0,_500-15180_n,PQ,1.0,1.0,1.0,7621.02355330306,1000000.0,0.95,1.05,0,0,abc,False,False,False,47.6631272537614,-117.394147472545
860,0.0,0.0,0.0,0.0,0.0,0.0,_402-36898_sn,PQ,1.0,1.0,1.0,7621.02355330306,1000000.0,0.95,1.05,0,0,ac,False,False,False,47.6631937946421,-117.394106937837
861,0.0,0.0,0.0,0.0,0.0,0.0,_402-36898_ln,PQ,1.0,1.0,1.0,7621.02355330306,1000000.0,0.95,1.05,0,0,ac,False,False,False,47.6631937946421,-117.394106937837
862,0.0,0.0,0.0,0.0,0.0,0.0,_409-23078_n,PQ,1.0,1.0,1.0,7621.02355330306,1000000.0,0.95,1.05,0,0,ac,False,False,False,47.6635807817336,-117.393871152401
863,0.0,0.0,0.0,0.0,0.0,0.0,_409-23078_n_sec,PQ,1.0,1.0,1.0,119.99994404998696,1000000.0,0.95,1.05,0,0,ac,False,False,False,47.6636011659795,-117.393859150641
864,0.0,0.0,0.0,0.0,0.0,0.0,_406-92663_n,PQ,1.0,1.0,1.0,119.99994404998696,1000000.0,0.95,1.05,0,0,ac,False,False,False,47.6634264546006,-117.394186963106
865,0.0,0.0,0.0,0.0,0.0,0.0,_500-3352178_n,PQ,1.0,1.0,1.0,119.99994404998696,1000000.0,0.95,1.05,0,0,ac,False,False,False,47.6636019069323,-117.393821190817
866,0.0,0.0,0.0,0.0,0.0,0.0,_406-2083082_n,PQ,1.0,1.0,1.0,119.99994404998696,1000000.0,0.95,1.05,0,0,ac,False,False,False,47.6635759338511,-117.393852171417
867,0.0,0.0,0.0,0.0,0.0,0.0,_500-3352179_n,PQ,1.0,1.0,1.0,119.99994404998696,1000000.0,0.95,1.05,0,0,ac,False,False,False,47.6636093042502,-117.393459129312
868,0.0,0.0,0.0,0.0,0.0,0.0,_406-2083083_n,PQ,1.0,1.0,1.0,119.99994404998696,1000000.0,0.95,1.05,0,0,ac,False,False,False,47.6636158088929,-117.393430110665
869,0.0,0.0,0.0,0.0,0.0,0.0,_500-3352177_n,PQ,1.0,1.0,1.0,119.99994404998696,1000000.0,0.95,1.05,0,0,ac,False,False,False,47.6638177604318,-117.393396582899
870,0.0,0.0,0.0,0.0,0.0,0.0,_406-2083084_n,PQ,1.0,1.0,1.0,119.99994404998696,1000000.0,0.95,1.05,0,0,ac,False,False,False,47.663812340173,-117.3933745339
871,0.0,0.0,0.0,0.0,0.0,0.0,_406-2083087_n,PQ,1.0,1.0,1.0,119.99994404998696,1000000.0,0.95,1.05,0,0,ac,False,False,False,47.6638187786459,-117.393409517423
872,0.0,0.0,0.0,0.0,0.0,0.0,_409-23071_n,PQ,1.0,1.0,1.0,7621.02355330306,1000000.0,0.95,1.05,0,0,ac,False,False,False,47.6638912110601,-117.393688275036
873,0.0,0.0,0.0,0.0,0.0,0.0,_409-23071_n_sec,PQ,1.0,1.0,1.0,119.99994404998696,1000000.0,0.95,1.05,0,0,ac,False,False,False,47.6638912110601,-117.393688275036
874,0.0,0.0,0.0,0.0,0.0,0.0,_406-92662_n,PQ,1.0,1.0,1.0,119.99994404998696,1000000.0,0.95,1.05,0,0,ac,False,False,False,47.6640744459244,-117.394150080235
875,0.0,0.0,0.0,0.0,0.0,0.0,_500-15185_n,PQ,1.0,1.0,1.0,7621.02355330306,1000000.0,0.95,1.05,0,0,ac,False,False,False,47.6639115725956,-117.393676274635
876,0.0,0.0,0.0,0.0,0.0,0.0,_409-1470612_n,PQ,1.0,1.0,1.0,7621.02355330306,1000000.0,0.95,1.05,0,0,a,False,False,False,47.663988533801,-117.39363938944
877,0.0,0.0,0.0,0.0,0.0,0.0,_409-1470612_n_sec,PQ,1.0,1.0,1.0,119.99994404998696,1000000.0,0.95,1.05,0,0,ab,False,False,False,47.663988533801,-117.39363938944
878,0.0,0.0,0.0,0.0,0.0,0.0,_406-2457139_n,PQ,1.0,1.0,1.0,119.99994404998696,1000000.0,0.95,1.05,0,0,ab,False,False,False,47.664095700239,-117.393520157263
879,0.0,0.0,0.0,0.0,0.0,0.0,_500-3409121_n,PQ,1.0,1.0,1.0,7621.02355330306,1000000.0,0.95,1.05,0,0,a,False,False,False,47.6640088564796,-117.393628337112
880,0.0,0.0,0.0,0.0,0.0,0.0,_409-748548_n,PQ,1.0,1.0,1.0,7621.02355330306,1000000.0,0.95,1.05,0,0,abc,False,False,False,47.6631259636088,-117.394025369555
881,0.0,0.0,0.0,0.0,0.0,0.0,_403-666121_sn,PQ,1.0,1.0,1.0,7621.02355330306,1000000.0,0.95,1.05,0,0,abc,False,False,False,47.6631241228074,-117.393964439287
882,0.0,0.0,0.0,0.0,0.0,0.0,_403-666121_ln,PQ,1.0,1.0,1.0,7621.02355330306,1000000.0,0.95,1.05,0,0,abc,False,False,False,47.6631241228074,-117.393964439287
883,0.0,0.0,0.0,0.0,0.0,0.0,_409-748547_n,PQ,1.0,1.0,1.0,7621.02355330306,1000000.0,0.95,1.05,0,0,abc,False,False,False,47.6631238534297,-117.393916766453
884,0.0,0.0,0.0,0.0,0.0,0.0,_409-748547_n_sec,PQ,1.0,1.0,1.0,119.99994404998696,1000000.0,0.95,1.05,0,0,abc,False,False,False,47.6631238534297,-117.393916766453
885,0.0,0.0,0.0,0.0,0.0,0.0,_406-92661_n,PQ,1.0,1.0,1.0,119.99994404998696,1000000.0,0.95,1.05,0,0,abc,False,False,False,47.6628417692281,-117.394061414964
886,0.0,0.0,0.0,0.0,0.0,0.0,_406-92664_n,PQ,1.0,1.0,1.0,119.99994404998696,1000000.0,0.95,1.05,0,0,abc,False,False,False,47.6632771559583,-117.393786683658
887,0.0,0.0,0.0,0.0,0.0,0.0,_500-1287167_n,PQ,1.0,1.0,1.0,7621.02355330306,1000000.0,0.95,1.05,0,0,abc,False,False,False,47.6631209725566,-117.393410180683
888,0.0,0.0,0.0,0.0,0.0,0.0,_402-922103_sn,PQ,1.0,1.0,1.0,7621.02355330306,1000000.0,0.95,1.05,0,0,abc,False,False,False,47.6631066941126,-117.3916367598
889,0.0,0.0,0.0,0.0,0.0,0.0,_402-922103_ln,PQ,1.0,1.0,1.0,7621.02355330306,1000000.0,0.95,1.05,0,0,abc,False,False,False,47.6631066941126,-117.3916367598
890,0.0,0.0,0.0,0.0,0.0,0.0,_500-2131651_n,PQ,1.0,1.0,1.0,7621.02355330306,1000000.0,0.95,1.05,0,0,c,False,False,False,47.6631066941126,-117.3916367598
891,0.0,0.0,0.0,0.0,0.0,0.0,_395-1523388_sn,PQ,1.0,1.0,1.0,7621.02355330306,1000000.0,0.95,1.05,0,0,c,False,False,False,47.6630581343858,-117.391504191216
892,0.0,0.0,0.0,0.0,0.0,0.0,_391-1172438_n,PQ,1.0,1.0,1.0,7621.02355330306,1000000.0,0.95,1.05,0,0,abc,False,False,False,47.6630451892822,-117.39152573047
893,0.0,0.0,0.0,0.0,0.0,0.0,_395-1522794_sn,PQ,1.0,1.0,1.0,7621.02355330306,1000000.0,0.95,1.05,0,0,a,False,False,False,47.663027390674,-117.391538268517
894,0.0,0.0,0.0,0.0,0.0,0.0,_500-2131167_n,PQ,1.0,1.0,1.0,7621.02355330306,1000000.0,0.95,1.05,0,0,a,False,False,False,47.6630793147756,-117.39163471995
895,0.0,0.0,0.0,0.0,0.0,0.0,_395-1522791_ln,PQ,1.0,1.0,1.0,7621.02355330306,1000000.0,0.95,1.05,0,0,a,False,False,False,47.6630549308987,-117.391423426903
896,0.0,0.0,0.0,0.0,0.0,0.0,_395-1522788_sn,PQ,1.0,1.0,1.0,7621.02355330306,1000000.0,0.95,1.05,0,0,a,False,False,False,47.6633647838482,-117.391389672056
897,0.0,0.0,0.0,0.0,0.0,0.0,_391-809851_n,PQ,1.0,1.0,1.0,7621.02355330306,1000000.0,0.95,1.05,0,0,abc,False,False,False,47.6634225251567,-117.391295378419
898,0.0,0.0,0.0,0.0,0.0,0.0,_395-1695811_ln,PQ,1.0,1.0,1.0,7621.02355330306,1000000.0,0.95,1.05,0,0,a,False,False,False,47.6634028159749,-117.391294732147
899,0.0,0.0,0.0,0.0,0.0,0.0,_411-1709878-0_n,PQ,1.0,1.0,1.0,7621.02355330306,1000000.0,0.95,1.05,0,0,a,False,False,False,47.6634255580557,-117.391163328811
900,0.0,0.0,0.0,0.0,0.0,0.0,_395-1522755_ln,PQ,1.0,1.0,1.0,7621.02355330306,1000000.0,0.95,1.05,0,0,b,False,False,False,47.6634534519966,-117.391327894487
901,0.0,0.0,0.0,0.0,0.0,0.0,_395-1522756_sn,PQ,1.0,1.0,1.0,7621.02355330306,1000000.0,0.95,1.05,0,0,b,False,False,False,47.6636567786961,-117.390942384792
902,0.0,0.0,0.0,0.0,0.0,0.0,_391-987477_n,PQ,1.0,1.0,1.0,7621.02355330306,1000000.0,0.95,1.05,0,0,b,False,False,False,47.6636567786961,-117.390942384792
903,0.0,0.0,0.0,0.0,0.0,0.0,_391-987477_ln,PQ,1.0,1.0,1.0,119.99994404998696,1000000.0,0.95,1.05,0,0,ab,False,False,False,47.6636720711056,-117.390945090557
904,0.0,0.0,0.0,0.0,0.0,0.0,_500-2131378_n,PQ,1.0,1.0,1.0,119.99994404998696,1000000.0,0.95,1.05,0,0,ab,False,False,False,47.6637102405082,-117.391086291603
905,0.0,0.0,0.0,0.0,0.0,0.0,_500-1287208_n,PQ,1.0,1.0,1.0,119.99994404998696,1000000.0,0.95,1.05,0,0,ab,False,False,False,47.6631126842852,-117.391801059183
906,0.0,0.0,0.0,0.0,0.0,0.0,_500-2239731_n,PQ,1.0,1.0,1.0,119.99994404998696,1000000.0,0.95,1.05,0,0,ab,False,False,False,47.6629033598907,-117.391937853853
907,0.0,0.0,0.0,0.0,0.0,0.0,_500-1287209_n,PQ,1.0,1.0,1.0,119.99994404998696,1000000.0,0.95,1.05,0,0,ab,False,False,False,47.6634237401982,-117.391587115075
908,0.0,0.0,0.0,0.0,0.0,0.0,_406-1221842_n,PQ,1.0,1.0,1.0,119.99994404998696,1000000.0,0.95,1.05,0,0,ab,False,False,False,47.6637204790889,-117.390948176804
909,0.0,0.0,0.0,0.0,0.0,0.0,_395-1695813_ln,PQ,1.0,1.0,1.0,7621.02355330306,1000000.0,0.95,1.05,0,0,b,False,False,False,47.6634225251567,-117.391295378419
910,0.0,0.0,0.0,0.0,0.0,0.0,_411-1709879-0_n,PQ,1.0,1.0,1.0,7621.02355330306,1000000.0,0.95,1.05,0,0,b,False,False,False,47.6634443360046,-117.391169270294
911,0.0,0.0,0.0,0.0,0.0,0.0,_395-1695815_ln,PQ,1.0,1.0,1.0,7621.02355330306,1000000.0,0.95,1.05,0,0,c,False,False,False,47.6634402865066,-117.391307176193
912,0.0,0.0,0.0,0.0,0.0,0.0,_411-1709880-0_n,PQ,1.0,1.0,1.0,7621.02355330306,1000000.0,0.95,1.05,0,0,c,False,False,False,47.6634631144609,-117.391175228577
913,0.0,0.0,0.0,0.0,0.0,0.0,_395-1522790_sn,PQ,1.0,1.0,1.0,7621.02355330306,1000000.0,0.95,1.05,0,0,c,False,False,False,47.6633901184119,-117.391432369445
914,0.0,0.0,0.0,0.0,0.0,0.0,_395-1522793_ln,PQ,1.0,1.0,1.0,7621.02355330306,1000000.0,0.95,1.05,0,0,c,False,False,False,47.6630642821168,-117.39147854187
915,0.0,0.0,0.0,0.0,0.0,0.0,_395-1522789_sn,PQ,1.0,1.0,1.0,7621.02355330306,1000000.0,0.95,1.05,0,0,b,False,False,False,47.6633746086266,-117.391414953326
916,0.0,0.0,0.0,0.0,0.0,0.0,_395-1522792_ln,PQ,1.0,1.0,1.0,7621.02355330306,1000000.0,0.95,1.05,0,0,b,False,False,False,47.6630634118154,-117.391449756257
917,0.0,0.0,0.0,0.0,0.0,0.0,_395-1566094_ln,PQ,1.0,1.0,1.0,7621.02355330306,1000000.0,0.95,1.05,0,0,c,False,False,False,47.6629787773111,-117.391418594035
918,0.0,0.0,0.0,0.0,0.0,0.0,_395-1566097_sn,PQ,1.0,1.0,1.0,7621.02355330306,1000000.0,0.95,1.05,0,0,c,False,False,False,47.6629308950335,-117.391445678832
919,0.0,0.0,0.0,0.0,0.0,0.0,_391-1214037_n,PQ,1.0,1.0,1.0,7621.02355330306,1000000.0,0.95,1.05,0,0,abc,False,False,False,47.6628938884338,-117.391460987085
920,0.0,0.0,0.0,0.0,0.0,0.0,_391-1214037_ln,PQ,1.0,1.0,1.0,119.99994404998696,1000000.0,0.95,1.05,0,0,abc,False,False,False,47.662920158474,-117.391497025572
921,0.0,0.0,0.0,0.0,0.0,0.0,_406-1448211_n,PQ,1.0,1.0,1.0,119.99994404998696,1000000.0,0.95,1.05,0,0,abc,False,False,False,47.6628356899956,-117.391660114451
922,0.0,0.0,0.0,0.0,0.0,0.0,_395-1566096_sn,PQ,1.0,1.0,1.0,7621.02355330306,1000000.0,0.95,1.05,0,0,b,False,False,False,47.6629111347105,-117.391445221004
923,0.0,0.0,0.0,0.0,0.0,0.0,_395-1566093_ln,PQ,1.0,1.0,1.0,7621.02355330306,1000000.0,0.95,1.05,0,0,b,False,False,False,47.6629943874917,-117.391401354472
924,0.0,0.0,0.0,0.0,0.0,0.0,_395-1566095_sn,PQ,1.0,1.0,1.0,7621.02355330306,1000000.0,0.95,1.05,0,0,a,False,False,False,47.6628938884338,-117.391460987085
925,0.0,0.0,0.0,0.0,0.0,0.0,_395-1566092_ln,PQ,1.0,1.0,1.0,7621.02355330306,1000000.0,0.95,1.05,0,0,a,False,False,False,47.6630135139295,-117.391394382633
926,0.0,0.0,0.0,0.0,0.0,0.0,_395-1522795_sn,PQ,1.0,1.0,1.0,7621.02355330306,1000000.0,0.95,1.05,0,0,b,False,False,False,47.6630451892822,-117.39152573047
927,0.0,0.0,0.0,0.0,0.0,0.0,_500-2131649_n,PQ,1.0,1.0,1.0,7621.02355330306,1000000.0,0.95,1.05,0,0,b,False,False,False,47.6630885625874,-117.391606324205
928,0.0,0.0,0.0,0.0,0.0,0.0,_409-748548_n_sec,PQ,1.0,1.0,1.0,277.1281292110204,1000000.0,0.95,1.05,0,0,abc,False,False,False,47.6631259636088,-117.394025369555
929,0.0,0.0,0.0,0.0,0.0,0.0,_406-1358181_n,PQ,1.0,1.0,1.0,277.1281292110204,1000000.0,0.95,1.05,0,0,abc,False,False,False,47.6629443514043,-117.394103055039
930,0.0,0.0,0.0,0.0,0.0,0.0,_402-956022_sn,PQ,1.0,1.0,1.0,7621.02355330306,1000000.0,0.95,1.05,0,0,abc,False,False,False,47.6630896855477,-117.394972159865
931,0.0,0.0,0.0,0.0,0.0,0.0,_402-956022_ln,PQ,1.0,1.0,1.0,7621.02355330306,1000000.0,0.95,1.05,0,0,abc,False,False,False,47.6630896855477,-117.394972159865
932,0.0,0.0,0.0,0.0,0.0,0.0,_500-2177606_n,PQ,1.0,1.0,1.0,7621.02355330306,1000000.0,0.95,1.05,0,0,a,False,False,False,47.6630896855477,-117.394972159865
933,0.0,0.0,0.0,0.0,0.0,0.0,_395-1556524_sn,PQ,1.0,1.0,1.0,7621.02355330306,1000000.0,0.95,1.05,0,0,a,False,False,False,47.662295752889,-117.395039359929
934,0.0,0.0,0.0,0.0,0.0,0.0,_391-1204452_n,PQ,1.0,1.0,1.0,7621.02355330306,1000000.0,0.95,1.05,0,0,abc,False,False,False,47.6622979383038,-117.395069185544
935,0.0,0.0,0.0,0.0,0.0,0.0,_395-1556526_sn,PQ,1.0,1.0,1.0,7621.02355330306,1000000.0,0.95,1.05,0,0,c,False,False,False,47.6622891465946,-117.395095396047
936,0.0,0.0,0.0,0.0,0.0,0.0,_500-2177610_n,PQ,1.0,1.0,1.0,7621.02355330306,1000000.0,0.95,1.05,0,0,c,False,False,False,47.6630896855477,-117.394972159865
937,0.0,0.0,0.0,0.0,0.0,0.0,_395-1556525_sn,PQ,1.0,1.0,1.0,7621.02355330306,1000000.0,0.95,1.05,0,0,b,False,False,False,47.6622979383038,-117.395069185544
938,0.0,0.0,0.0,0.0,0.0,0.0,_500-2177608_n,PQ,1.0,1.0,1.0,7621.02355330306,1000000.0,0.95,1.05,0,0,b,False,False,False,47.6630705199582,-117.395001177671
939,0.0,0.0,0.0,0.0,0.0,0.0,_391-1204452_ln,PQ,1.0,1.0,1.0,119.99994404998696,1000000.0,0.95,1.05,0,0,abc,False,False,False,47.6622635587401,-117.395059698147
940,0.0,0.0,0.0,0.0,0.0,0.0,_406-1440515_n,PQ,1.0,1.0,1.0,119.99994404998696,1000000.0,0.95,1.05,0,0,abc,False,False,False,47.662318412128,-117.394721784338
941,0.0,0.0,0.0,0.0,0.0,0.0,_402-36895_sn,PQ,1.0,1.0,1.0,7621.02355330306,1000000.0,0.95,1.05,0,0,abc,False,False,False,47.6630633036359,-117.396393819169
942,0.0,0.0,0.0,0.0,0.0,0.0,_402-36895_ln,PQ,1.0,1.0,1.0,7621.02355330306,1000000.0,0.95,1.05,0,0,abc,False,False,False,47.6630633036359,-117.396393819169
943,0.0,0.0,0.0,0.0,0.0,0.0,_409-23027_n,PQ,1.0,1.0,1.0,7621.02355330306,1000000.0,0.95,1.05,0,0,abc,False,False,False,47.6630323240388,-117.396411468147
944,0.0,0.0,0.0,0.0,0.0,0.0,_409-23067_n,PQ,1.0,1.0,1.0,7621.02355330306,1000000.0,0.95,1.05,0,0,abc,False,False,False,47.6630192372606,-117.396418930458
945,0.0,0.0,0.0,0.0,0.0,0.0,_500-15174_n,PQ,1.0,1.0,1.0,7621.02355330306,1000000.0,0.95,1.05,0,0,abc,False,False,False,47.6623617159672,-117.396184331718
946,0.0,0.0,0.0,0.0,0.0,0.0,_409-23067_n_sec,PQ,1.0,1.0,1.0,119.99994404998696,1000000.0,0.95,1.05,0,0,abc,False,False,False,47.6623632164884,-117.396216710048
947,0.0,0.0,0.0,0.0,0.0,0.0,_500-2846049_n,PQ,1.0,1.0,1.0,119.99994404998696,1000000.0,0.95,1.05,0,0,abc,False,False,False,47.662348363108,-117.396687927762
948,0.0,0.0,0.0,0.0,0.0,0.0,_406-92631_n,PQ,1.0,1.0,1.0,119.99994404998696,1000000.0,0.95,1.05,0,0,abc,False,False,False,47.6623049876005,-117.39676793535
949,0.0,0.0,0.0,0.0,0.0,0.0,_500-2846050_n,PQ,1.0,1.0,1.0,119.99994404998696,1000000.0,0.95,1.05,0,0,abc,False,False,False,47.6627762855033,-117.396687673523
950,0.0,0.0,0.0,0.0,0.0,0.0,_500-3369137_n,PQ,1.0,1.0,1.0,119.99994404998696,1000000.0,0.95,1.05,0,0,abc,False,False,False,47.6623386355496,-117.396367126276
951,0.0,0.0,0.0,0.0,0.0,0.0,_406-92768_n,PQ,1.0,1.0,1.0,119.99994404998696,1000000.0,0.95,1.05,0,0,abc,False,False,False,47.6622974203083,-117.395709280456
952,0.0,0.0,0.0,0.0,0.0,0.0,_406-92769_n,PQ,1.0,1.0,1.0,119.99994404998696,1000000.0,0.95,1.05,0,0,abc,False,False,False,47.6622371693166,-117.395707023964
953,0.0,0.0,0.0,0.0,0.0,0.0,_409-23027_n_sec,PQ,1.0,1.0,1.0,119.99994404998696,1000000.0,0.95,1.05,0,0,abc,False,False,False,47.6630323240388,-117.396411468147
954,0.0,0.0,0.0,0.0,0.0,0.0,_406-92756_n,PQ,1.0,1.0,1.0,119.99994404998696,1000000.0,0.95,1.05,0,0,abc,False,False,False,47.6628298366383,-117.396148700409
955,0.0,0.0,0.0,0.0,0.0,0.0,_409-23064_n_sec,PQ,1.0,1.0,1.0,119.99994404998696,1000000.0,0.95,1.05,0,0,ac,False,False,False,47.6631176748919,-117.396886295237
956,0.0,0.0,0.0,0.0,0.0,0.0,_406-92629_n,PQ,1.0,1.0,1.0,119.99994404998696,1000000.0,0.95,1.05,0,0,ac,False,False,False,47.6630371550719,-117.396941297414
957,0.0,0.0,0.0,0.0,0.0,0.0,_500-2251159_n,PQ,1.0,1.0,1.0,119.99994404998696,1000000.0,0.95,1.05,0,0,ac,False,False,False,47.6633110559576,-117.396336435998
958,0.0,0.0,0.0,0.0,0.0,0.0,_402-36888_sn,PQ,1.0,1.0,1.0,7621.02355330306,1000000.0,0.95,1.05,0,0,abc,False,False,False,47.6630596842759,-117.397213514488
959,0.0,0.0,0.0,0.0,0.0,0.0,_402-36888_ln,PQ,1.0,1.0,1.0,7621.02355330306,1000000.0,0.95,1.05,0,0,abc,False,False,False,47.6630596842759,-117.397213514488
960,0.0,0.0,0.0,0.0,0.0,0.0,_409-23095_n,PQ,1.0,1.0,1.0,7621.02355330306,1000000.0,0.95,1.05,0,0,abc,False,False,False,47.6628836592871,-117.397213477903
961,0.0,0.0,0.0,0.0,0.0,0.0,_409-176291_n,PQ,1.0,1.0,1.0,7621.02355330306,1000000.0,0.95,1.05,0,0,abc,False,False,False,47.6628594107449,-117.39721346618
962,0.0,0.0,0.0,0.0,0.0,0.0,_500-204024_n,PQ,1.0,1.0,1.0,7621.02355330306,1000000.0,0.95,1.05,0,0,abc,False,False,False,47.6624902309633,-117.397183327192
963,0.0,0.0,0.0,0.0,0.0,0.0,_409-176291_n_sec,PQ,1.0,1.0,1.0,119.99994404998696,1000000.0,0.95,1.05,0,0,abc,False,False,False,47.6625720222994,-117.397196058035
964,0.0,0.0,0.0,0.0,0.0,0.0,_500-344999_n,PQ,1.0,1.0,1.0,119.99994404998696,1000000.0,0.95,1.05,0,0,abc,False,False,False,47.6624305653643,-117.397207618166
965,0.0,0.0,0.0,0.0,0.0,0.0,_406-92627_n,PQ,1.0,1.0,1.0,119.99994404998696,1000000.0,0.95,1.05,0,0,abc,False,False,False,47.6627005826256,-117.397183196837
966,0.0,0.0,0.0,0.0,0.0,0.0,_406-1853781_n,PQ,1.0,1.0,1.0,119.99994404998696,1000000.0,0.95,1.05,0,0,abc,False,False,False,47.6623254235903,-117.397226889918
967,0.0,0.0,0.0,0.0,0.0,0.0,_409-23095_n_sec,PQ,1.0,1.0,1.0,119.99994404998696,1000000.0,0.95,1.05,0,0,abc,False,False,False,47.6628836592871,-117.397213477903
968,0.0,0.0,0.0,0.0,0.0,0.0,_406-92628_n,PQ,1.0,1.0,1.0,119.99994404998696,1000000.0,0.95,1.05,0,0,abc,False,False,False,47.6628999364527,-117.396958063915
969,0.0,0.0,0.0,0.0,0.0,0.0,_396-164547_sn,PQ,1.0,1.0,1.0,7621.02355330306,1000000.0,0.95,1.05,0,0,abc,False,False,False,47.6617006176689,-117.398088622479
970,0.0,0.0,0.0,0.0,0.0,0.0,_396-164547_ln,PQ,1.0,1.0,1.0,7621.02355330306,1000000.0,0.95,1.05,0,0,abc,False,False,False,47.6617006176689,-117.398088622479
971,0.0,0.0,0.0,0.0,0.0,0.0,_500-3093433_n,PQ,1.0,1.0,1.0,7621.02355330306,1000000.0,0.95,1.05,0,0,c,False,False,False,47.6617006176689,-117.398088622479
972,0.0,0.0,0.0,0.0,0.0,0.0,_411-2255922-0_n,PQ,1.0,1.0,1.0,7621.02355330306,1000000.0,0.95,1.05,0,0,c,False,False,False,47.6617574824381,-117.398153468529
973,0.0,0.0,0.0,0.0,0.0,0.0,_500-3093431_n,PQ,1.0,1.0,1.0,7621.02355330306,1000000.0,0.95,1.05,0,0,b,False,False,False,47.6617163975761,-117.398121806336
974,0.0,0.0,0.0,0.0,0.0,0.0,_411-2255921-0_n,PQ,1.0,1.0,1.0,7621.02355330306,1000000.0,0.95,1.05,0,0,b,False,False,False,47.6617386662266,-117.398163950959
975,0.0,0.0,0.0,0.0,0.0,0.0,_500-3093429_n,PQ,1.0,1.0,1.0,7621.02355330306,1000000.0,0.95,1.05,0,0,a,False,False,False,47.6617006176689,-117.398088622479
976,0.0,0.0,0.0,0.0,0.0,0.0,_411-2255920-0_n,PQ,1.0,1.0,1.0,7621.02355330306,1000000.0,0.95,1.05,0,0,a,False,False,False,47.6617198386686,-117.398174434132
977,0.0,0.0,0.0,0.0,0.0,0.0,_389-160652-0_n,PQ,1.0,1.0,1.0,7621.02355330306,1000000.0,0.95,1.05,0,0,b,False,False,False,47.6616662814477,-117.397984122118
978,0.0,0.0,0.0,0.0,0.0,0.0,_403-40080_ln,PQ,1.0,1.0,1.0,7621.02355330306,1000000.0,0.95,1.05,0,0,b,False,False,False,47.6616662814477,-117.397984122118
979,0.0,0.0,0.0,0.0,0.0,0.0,_403-1269049_sn,PQ,1.0,1.0,1.0,7621.02355330306,1000000.0,0.95,1.05,0,0,abc,False,False,False,47.6612673773184,-117.398158259616
980,0.0,0.0,0.0,0.0,0.0,0.0,_403-1269049_ln,PQ,1.0,1.0,1.0,7621.02355330306,1000000.0,0.95,1.05,0,0,abc,False,False,False,47.6612673773184,-117.398158259616
981,0.0,0.0,0.0,0.0,0.0,0.0,_409-1333350_n,PQ,1.0,1.0,1.0,7621.02355330306,1000000.0,0.95,1.05,0,0,abc,False,False,False,47.6612722488259,-117.398133734462
982,0.0,0.0,0.0,0.0,0.0,0.0,_409-1333350_n_sec,PQ,1.0,1.0,1.0,119.99994404998696,1000000.0,0.95,1.05,0,0,ab,False,False,False,47.6612722488259,-117.398133734462
983,0.0,0.0,0.0,0.0,0.0,0.0,_500-3105238_n,PQ,1.0,1.0,1.0,119.99994404998696,1000000.0,0.95,1.05,0,0,ab,False,False,False,47.6612725119933,-117.398209748513
984,0.0,0.0,0.0,0.0,0.0,0.0,_406-2022164_n,PQ,1.0,1.0,1.0,119.99994404998696,1000000.0,0.95,1.05,0,0,ab,False,False,False,47.6612507056568,-117.398102069899
985,0.0,0.0,0.0,0.0,0.0,0.0,_500-4536981_n,PQ,1.0,1.0,1.0,7621.02355330306,1000000.0,0.95,1.05,0,0,abc,False,False,False,47.6612898578301,-117.398045081339
986,0.0,0.0,0.0,0.0,0.0,0.0,_402-2365640_sn,PQ,1.0,1.0,1.0,7621.02355330306,1000000.0,0.95,1.05,0,0,abc,False,False,False,47.6612351621719,-117.398039402799
987,0.0,0.0,0.0,0.0,0.0,0.0,_402-2365640_ln,PQ,1.0,1.0,1.0,7621.02355330306,1000000.0,0.95,1.05,0,0,abc,False,False,False,47.6612351621719,-117.398039402799
988,0.0,0.0,0.0,0.0,0.0,0.0,_500-4537019_n,PQ,1.0,1.0,1.0,7621.02355330306,1000000.0,0.95,1.05,0,0,c,False,False,False,47.6612351621719,-117.398039402799
989,0.0,0.0,0.0,0.0,0.0,0.0,_395-3109884_sn,PQ,1.0,1.0,1.0,7621.02355330306,1000000.0,0.95,1.05,0,0,c,False,False,False,47.6611288976239,-117.396939612582
990,0.0,0.0,0.0,0.0,0.0,0.0,_391-2602718_n,PQ,1.0,1.0,1.0,7621.02355330306,1000000.0,0.95,1.05,0,0,abc,False,False,False,47.6611394996632,-117.396798977047
991,0.0,0.0,0.0,0.0,0.0,0.0,_395-3109894_ln,PQ,1.0,1.0,1.0,7621.02355330306,1000000.0,0.95,1.05,0,0,a,False,False,False,47.6611766102108,-117.396813570643
992,0.0,0.0,0.0,0.0,0.0,0.0,_395-3109897_sn,PQ,1.0,1.0,1.0,7621.02355330306,1000000.0,0.95,1.05,0,0,a,False,False,False,47.6611940209745,-117.396763219952
993,0.0,0.0,0.0,0.0,0.0,0.0,_391-2602721_n,PQ,1.0,1.0,1.0,7621.02355330306,1000000.0,0.95,1.05,0,0,abc,False,False,False,47.6611866675751,-117.396735271214
994,0.0,0.0,0.0,0.0,0.0,0.0,_395-3109899_sn,PQ,1.0,1.0,1.0,7621.02355330306,1000000.0,0.95,1.05,0,0,c,False,False,False,47.6611905540091,-117.396706580067
995,0.0,0.0,0.0,0.0,0.0,0.0,_395-3109896_ln,PQ,1.0,1.0,1.0,7621.02355330306,1000000.0,0.95,1.05,0,0,c,False,False,False,47.6611394996632,-117.396798977047
996,0.0,0.0,0.0,0.0,0.0,0.0,_395-3109898_sn,PQ,1.0,1.0,1.0,7621.02355330306,1000000.0,0.95,1.05,0,0,b,False,False,False,47.6611866675751,-117.396735271214
997,0.0,0.0,0.0,0.0,0.0,0.0,_395-3109895_ln,PQ,1.0,1.0,1.0,7621.02355330306,1000000.0,0.95,1.05,0,0,b,False,False,False,47.6611589397317,-117.396800667543
998,0.0,0.0,0.0,0.0,0.0,0.0,_391-2602721_ln,PQ,1.0,1.0,1.0,277.1281292110204,1000000.0,0.95,1.05,0,0,abc,False,False,False,47.6612228686165,-117.396730845824
999,0.0,0.0,0.0,0.0,0.0,0.0,_406-2057957_n,PQ,1.0,1.0,1.0,277.1281292110204,1000000.0,0.95,1.05,0,0,abc,False,False,False,47.6612524098209,-117.396832559149
1000,0.0,0.0,0.0,0.0,0.0,0.0,_395-3109851_sn,PQ,1.0,1.0,1.0,7621.02355330306,1000000.0,0.95,1.05,0,0,b,False,False,False,47.661148111483,-117.396944307054
1001,0.0,0.0,0.0,0.0,0.0,0.0,_500-4537017_n,PQ,1.0,1.0,1.0,7621.02355330306,1000000.0,0.95,1.05,0,0,b,False,False,False,47.6612351621719,-117.398039402799
1002,0.0,0.0,0.0,0.0,0.0,0.0,_395-3109889_ln,PQ,1.0,1.0,1.0,7621.02355330306,1000000.0,0.95,1.05,0,0,c,False,False,False,47.6611009804979,-117.396842692991
1003,0.0,0.0,0.0,0.0,0.0,0.0,_395-3109890_sn,PQ,1.0,1.0,1.0,7621.02355330306,1000000.0,0.95,1.05,0,0,c,False,False,False,47.6607565796673,-117.396554170647
1004,0.0,0.0,0.0,0.0,0.0,0.0,_391-1713300_n,PQ,1.0,1.0,1.0,7621.02355330306,1000000.0,0.95,1.05,0,0,abc,False,False,False,47.6607659317193,-117.396528388973
1005,0.0,0.0,0.0,0.0,0.0,0.0,_391-1713300_ln,PQ,1.0,1.0,1.0,277.1281292110204,1000000.0,0.95,1.05,0,0,abc,False,False,False,47.6607307187429,-117.39651644982
1006,0.0,0.0,0.0,0.0,0.0,0.0,_406-1943459_n,PQ,1.0,1.0,1.0,277.1281292110204,1000000.0,0.95,1.05,0,0,abc,False,False,False,47.6607305818012,-117.396656061868
1007,0.0,0.0,0.0,0.0,0.0,0.0,_395-3109888_sn,PQ,1.0,1.0,1.0,7621.02355330306,1000000.0,0.95,1.05,0,0,b,False,False,False,47.6607659317193,-117.396528388973
1008,0.0,0.0,0.0,0.0,0.0,0.0,_395-3109887_ln,PQ,1.0,1.0,1.0,7621.02355330306,1000000.0,0.95,1.05,0,0,b,False,False,False,47.661111994754,-117.396818920453
1009,0.0,0.0,0.0,0.0,0.0,0.0,_395-3109886_sn,PQ,1.0,1.0,1.0,7621.02355330306,1000000.0,0.95,1.05,0,0,a,False,False,False,47.6607643816006,-117.396498484315
1010,0.0,0.0,0.0,0.0,0.0,0.0,_395-3109885_ln,PQ,1.0,1.0,1.0,7621.02355330306,1000000.0,0.95,1.05,0,0,a,False,False,False,47.6611285831661,-117.396803181322
1011,0.0,0.0,0.0,0.0,0.0,0.0,_395-3109850_sn,PQ,1.0,1.0,1.0,7621.02355330306,1000000.0,0.95,1.05,0,0,a,False,False,False,47.6611672690604,-117.396937486911
1012,0.0,0.0,0.0,0.0,0.0,0.0,_500-4537015_n,PQ,1.0,1.0,1.0,7621.02355330306,1000000.0,0.95,1.05,0,0,a,False,False,False,47.661219915133,-117.398005678164
1013,0.0,0.0,0.0,0.0,0.0,0.0,_409-23055_n_sec,PQ,1.0,1.0,1.0,119.99994404998696,1000000.0,0.95,1.05,0,0,bc,False,False,False,47.6579977335032,-117.398932305661
1014,0.0,0.0,0.0,0.0,0.0,0.0,_406-92373_n,PQ,1.0,1.0,1.0,119.99994404998696,1000000.0,0.95,1.05,0,0,bc,False,False,False,47.6579811200124,-117.399169157449
1015,0.0,0.0,0.0,0.0,0.0,0.0,_409-23073_n_sec,PQ,1.0,1.0,1.0,119.99994404998696,1000000.0,0.95,1.05,0,0,abc,False,False,False,47.6573997502143,-117.398925206061
1016,0.0,0.0,0.0,0.0,0.0,0.0,_406-92372_n,PQ,1.0,1.0,1.0,119.99994404998696,1000000.0,0.95,1.05,0,0,abc,False,False,False,47.6574603414326,-117.398794862911
1017,0.0,0.0,0.0,0.0,0.0,0.0,_409-1200484_ln,PQ,1.0,1.0,1.0,119.99994404998696,1000000.0,0.95,1.05,0,0,ab,False,False,False,0.0,0.0
1018,0.0,0.0,0.0,0.0,0.0,0.0,_389-3110002-0_n,PQ,1.0,1.0,1.0,7621.02355330306,1000000.0,0.95,1.05,0,0,abc,False,False,False,47.6555338627465,-117.399027484979
1019,0.0,0.0,0.0,0.0,0.0,0.0,_390-197500_ln,PQ,1.0,1.0,1.0,7621.02355330306,1000000.0,0.95,1.05,0,0,abc,False,False,False,47.6555338627465,-117.399027484979
1020,0.0,0.0,0.0,0.0,0.0,0.0,_402-36901_sn,PQ,1.0,1.0,1.0,7621.02355330306,1000000.0,0.95,1.05,0,0,abc,False,False,False,47.6552230227383,-117.39901762596
1021,0.0,0.0,0.0,0.0,0.0,0.0,_402-36901_ln,PQ,1.0,1.0,1.0,7621.02355330306,1000000.0,0.95,1.05,0,0,abc,False,False,False,47.6552230227383,-117.39901762596
1022,0.0,0.0,0.0,0.0,0.0,0.0,_500-15124_n,PQ,1.0,1.0,1.0,7621.02355330306,1000000.0,0.95,1.05,0,0,abc,False,False,False,47.6551874249053,-117.399069479146
1023,0.0,0.0,0.0,0.0,0.0,0.0,_409-22705_n,PQ,1.0,1.0,1.0,7621.02355330306,1000000.0,0.95,1.05,0,0,abc,False,False,False,47.6551769743346,-117.399383997527
1024,0.0,0.0,0.0,0.0,0.0,0.0,_409-23013_n,PQ,1.0,1.0,1.0,7621.02355330306,1000000.0,0.95,1.05,0,0,abc,False,False,False,47.6551758596201,-117.399416005832
1025,0.0,0.0,0.0,0.0,0.0,0.0,_409-23011_n,PQ,1.0,1.0,1.0,7621.02355330306,1000000.0,0.95,1.05,0,0,abc,False,False,False,47.6551402989377,-117.40045350486
1026,0.0,0.0,0.0,0.0,0.0,0.0,_403-141578_sn,PQ,1.0,1.0,1.0,7621.02355330306,1000000.0,0.95,1.05,0,0,abc,False,False,False,47.6551297201475,-117.40112769032
1027,0.0,0.0,0.0,0.0,0.0,0.0,_403-141578_ln,PQ,1.0,1.0,1.0,7621.02355330306,1000000.0,0.95,1.05,0,0,abc,False,False,False,47.6551297201475,-117.40112769032
1028,0.0,0.0,0.0,0.0,0.0,0.0,_409-23043_n,PQ,1.0,1.0,1.0,7621.02355330306,1000000.0,0.95,1.05,0,0,abc,False,False,False,47.6551302760876,-117.401516370382
1029,0.0,0.0,0.0,0.0,0.0,0.0,_409-23043_n_sec,PQ,1.0,1.0,1.0,119.99994404998696,1000000.0,0.95,1.05,0,0,abc,False,False,False,47.6551302760876,-117.401516370382
1030,0.0,0.0,0.0,0.0,0.0,0.0,_406-2950467_n,PQ,1.0,1.0,1.0,119.99994404998696,1000000.0,0.95,1.05,0,0,abc,False,False,False,47.6552608108041,-117.401446378399
1031,0.0,0.0,0.0,0.0,0.0,0.0,_406-92396_n,PQ,1.0,1.0,1.0,119.99994404998696,1000000.0,0.95,1.05,0,0,abc,False,False,False,47.6554002786867,-117.401745973122
1032,0.0,0.0,0.0,0.0,0.0,0.0,_409-23092_n,PQ,1.0,1.0,1.0,7621.02355330306,1000000.0,0.95,1.05,0,0,abc,False,False,False,47.6551279560128,-117.4016818666
1033,0.0,0.0,0.0,0.0,0.0,0.0,_500-15123_n,PQ,1.0,1.0,1.0,7621.02355330306,1000000.0,0.95,1.05,0,0,abc,False,False,False,47.6551255878833,-117.401983415935
1034,0.0,0.0,0.0,0.0,0.0,0.0,_409-1392532_n,PQ,1.0,1.0,1.0,7621.02355330306,1000000.0,0.95,1.05,0,0,abc,False,False,False,47.6551299356481,-117.40244141832
1035,0.0,0.0,0.0,0.0,0.0,0.0,_409-23081_n,PQ,1.0,1.0,1.0,7621.02355330306,1000000.0,0.95,1.05,0,0,abc,False,False,False,47.6550878837847,-117.403330199028
1036,0.0,0.0,0.0,0.0,0.0,0.0,_403-40075_sn,PQ,1.0,1.0,1.0,7621.02355330306,1000000.0,0.95,1.05,0,0,abc,False,False,False,47.6550859181165,-117.403362534601
1037,0.0,0.0,0.0,0.0,0.0,0.0,_403-40075_ln,PQ,1.0,1.0,1.0,7621.02355330306,1000000.0,0.95,1.05,0,0,a,False,False,False,47.6550859181165,-117.403362534601
1038,0.0,0.0,0.0,0.0,0.0,0.0,_409-425303_n,PQ,1.0,1.0,1.0,7621.02355330306,1000000.0,0.95,1.05,0,0,a,False,False,False,47.6551062039247,-117.403933913652
1039,0.0,0.0,0.0,0.0,0.0,0.0,_409-425303_n_sec,PQ,1.0,1.0,1.0,119.99994404998696,1000000.0,0.95,1.05,0,0,ab,False,False,False,47.6551062039247,-117.403933913652
1040,0.0,0.0,0.0,0.0,0.0,0.0,_406-92333_n,PQ,1.0,1.0,1.0,119.99994404998696,1000000.0,0.95,1.05,0,0,ab,False,False,False,47.6552147828209,-117.404359019981
1041,0.0,0.0,0.0,0.0,0.0,0.0,_406-92409_n,PQ,1.0,1.0,1.0,119.99994404998696,1000000.0,0.95,1.05,0,0,ab,False,False,False,47.6548342788204,-117.404142170823
1042,0.0,0.0,0.0,0.0,0.0,0.0,_406-92334_n,PQ,1.0,1.0,1.0,119.99994404998696,1000000.0,0.95,1.05,0,0,ab,False,False,False,47.6553954533988,-117.4046629991
1043,0.0,0.0,0.0,0.0,0.0,0.0,_406-793986_n,PQ,1.0,1.0,1.0,119.99994404998696,1000000.0,0.95,1.05,0,0,ab,False,False,False,47.6551439021173,-117.403903948745
1044,0.0,0.0,0.0,0.0,0.0,0.0,_500-805235_n,PQ,1.0,1.0,1.0,7621.02355330306,1000000.0,0.95,1.05,0,0,a,False,False,False,47.6551081752302,-117.403989155769
1045,0.0,0.0,0.0,0.0,0.0,0.0,_409-23081_n_sec,PQ,1.0,1.0,1.0,119.99994404998696,1000000.0,0.95,1.05,0,0,abc,False,False,False,47.6550878837847,-117.403330199028
1046,0.0,0.0,0.0,0.0,0.0,0.0,_500-3255554_n,PQ,1.0,1.0,1.0,119.99994404998696,1000000.0,0.95,1.05,0,0,abc,False,False,False,47.6555303352522,-117.403513083941
1047,0.0,0.0,0.0,0.0,0.0,0.0,_500-3255553_n,PQ,1.0,1.0,1.0,119.99994404998696,1000000.0,0.95,1.05,0,0,abc,False,False,False,47.6555355246704,-117.403513174657
1048,0.0,0.0,0.0,0.0,0.0,0.0,_406-2075832_n,PQ,1.0,1.0,1.0,119.99994404998696,1000000.0,0.95,1.05,0,0,abc,False,False,False,47.6555599610907,-117.404002532812
1049,0.0,0.0,0.0,0.0,0.0,0.0,_406-2095731_n,PQ,1.0,1.0,1.0,119.99994404998696,1000000.0,0.95,1.05,0,0,abc,False,False,False,47.655544136997,-117.403513797633
1050,0.0,0.0,0.0,0.0,0.0,0.0,_406-1855459_n,PQ,1.0,1.0,1.0,119.99994404998696,1000000.0,0.95,1.05,0,0,abc,False,False,False,47.6550438008565,-117.403276948101
1051,0.0,0.0,0.0,0.0,0.0,0.0,_406-1855460_n,PQ,1.0,1.0,1.0,119.99994404998696,1000000.0,0.95,1.05,0,0,abc,False,False,False,47.655163733247,-117.403315800445
1052,0.0,0.0,0.0,0.0,0.0,0.0,_406-92398_n,PQ,1.0,1.0,1.0,119.99994404998696,1000000.0,0.95,1.05,0,0,abc,False,False,False,47.6549029453915,-117.402824122719
1053,0.0,0.0,0.0,0.0,0.0,0.0,_500-2741537_n,PQ,1.0,1.0,1.0,119.99994404998696,1000000.0,0.95,1.05,0,0,abc,False,False,False,47.6550856911147,-117.403728500842
1054,0.0,0.0,0.0,0.0,0.0,0.0,_406-92408_n,PQ,1.0,1.0,1.0,119.99994404998696,1000000.0,0.95,1.05,0,0,abc,False,False,False,47.6550045672579,-117.403857117508
1055,0.0,0.0,0.0,0.0,0.0,0.0,_409-1392532_n_sec,PQ,1.0,1.0,1.0,119.99994404998696,1000000.0,0.95,1.05,0,0,abc,False,False,False,47.6551136308961,-117.402876086588
1056,0.0,0.0,0.0,0.0,0.0,0.0,_406-92399_n,PQ,1.0,1.0,1.0,119.99994404998696,1000000.0,0.95,1.05,0,0,abc,False,False,False,47.6551623740321,-117.402899107771
1057,0.0,0.0,0.0,0.0,0.0,0.0,_409-23045_n,PQ,1.0,1.0,1.0,7621.02355330306,1000000.0,0.95,1.05,0,0,abc,False,False,False,47.6553833537704,-117.401989433195
1058,0.0,0.0,0.0,0.0,0.0,0.0,_409-23045_n_sec,PQ,1.0,1.0,1.0,119.99994404998696,1000000.0,0.95,1.05,0,0,abc,False,False,False,47.6553833537704,-117.401989433195
1059,0.0,0.0,0.0,0.0,0.0,0.0,_500-3269002_n,PQ,1.0,1.0,1.0,119.99994404998696,1000000.0,0.95,1.05,0,0,abc,False,False,False,47.6555023816759,-117.402207752822
1060,0.0,0.0,0.0,0.0,0.0,0.0,_406-92410_n,PQ,1.0,1.0,1.0,119.99994404998696,1000000.0,0.95,1.05,0,0,abc,False,False,False,47.655774434814,-117.401521560241
1061,0.0,0.0,0.0,0.0,0.0,0.0,_500-15127_n,PQ,1.0,1.0,1.0,7621.02355330306,1000000.0,0.95,1.05,0,0,abc,False,False,False,47.6554052840319,-117.401989945158
1062,0.0,0.0,0.0,0.0,0.0,0.0,_409-23012_n,PQ,1.0,1.0,1.0,7621.02355330306,1000000.0,0.95,1.05,0,0,abc,False,False,False,47.6545008139964,-117.401986968128
1063,0.0,0.0,0.0,0.0,0.0,0.0,_389-159681-13_n,PQ,1.0,1.0,1.0,7621.02355330306,1000000.0,0.95,1.05,0,0,abc,False,False,False,47.6541281138626,-117.4019776265
1064,0.0,0.0,0.0,0.0,0.0,0.0,_402-39768_ln,PQ,1.0,1.0,1.0,7621.02355330306,1000000.0,0.95,1.05,0,0,abc,False,False,False,47.6541281138626,-117.4019776265
1065,0.0,0.0,0.0,0.0,0.0,0.0,_409-23012_n_sec,PQ,1.0,1.0,1.0,119.99994404998696,1000000.0,0.95,1.05,0,0,bc,False,False,False,47.6541460720873,-117.401981286238
1066,0.0,0.0,0.0,0.0,0.0,0.0,_406-92412_n,PQ,1.0,1.0,1.0,119.99994404998696,1000000.0,0.95,1.05,0,0,bc,False,False,False,47.6543388433779,-117.401772846683
1067,0.0,0.0,0.0,0.0,0.0,0.0,_406-92411_n,PQ,1.0,1.0,1.0,119.99994404998696,1000000.0,0.95,1.05,0,0,bc,False,False,False,47.6537868804928,-117.402348032247
1068,0.0,0.0,0.0,0.0,0.0,0.0,_409-23092_n_sec,PQ,1.0,1.0,1.0,119.99994404998696,1000000.0,0.95,1.05,0,0,abc,False,False,False,47.6551279560128,-117.4016818666
1069,0.0,0.0,0.0,0.0,0.0,0.0,_406-92397_n,PQ,1.0,1.0,1.0,119.99994404998696,1000000.0,0.95,1.05,0,0,abc,False,False,False,47.6548562427691,-117.40173450483
1070,0.0,0.0,0.0,0.0,0.0,0.0,_406-1833573_n,PQ,1.0,1.0,1.0,119.99994404998696,1000000.0,0.95,1.05,0,0,abc,False,False,False,47.6551177382721,-117.401661576988
1071,0.0,0.0,0.0,0.0,0.0,0.0,_409-23011_n_sec,PQ,1.0,1.0,1.0,119.99994404998696,1000000.0,0.95,1.05,0,0,bc,False,False,False,47.6551302507584,-117.401094391489
1072,0.0,0.0,0.0,0.0,0.0,0.0,_500-2790009_n,PQ,1.0,1.0,1.0,119.99994404998696,1000000.0,0.95,1.05,0,0,bc,False,False,False,47.6550911786945,-117.401075166659
1073,0.0,0.0,0.0,0.0,0.0,0.0,_406-92394_n,PQ,1.0,1.0,1.0,119.99994404998696,1000000.0,0.95,1.05,0,0,bc,False,False,False,47.6554265540605,-117.400845000217
1074,0.0,0.0,0.0,0.0,0.0,0.0,_409-23013_n_sec,PQ,1.0,1.0,1.0,119.99994404998696,1000000.0,0.95,1.05,0,0,bc,False,False,False,47.6551412298836,-117.400421424632
1075,0.0,0.0,0.0,0.0,0.0,0.0,_406-92390_n,PQ,1.0,1.0,1.0,119.99994404998696,1000000.0,0.95,1.05,0,0,bc,False,False,False,47.655410452931,-117.400083835931
1076,0.0,0.0,0.0,0.0,0.0,0.0,_406-92392_n,PQ,1.0,1.0,1.0,119.99994404998696,1000000.0,0.95,1.05,0,0,bc,False,False,False,47.6549161298318,-117.400422920044
1077,0.0,0.0,0.0,0.0,0.0,0.0,_406-92391_n,PQ,1.0,1.0,1.0,119.99994404998696,1000000.0,0.95,1.05,0,0,bc,False,False,False,47.6554115700166,-117.400330810691
1078,0.0,0.0,0.0,0.0,0.0,0.0,_409-22705_n_sec,PQ,1.0,1.0,1.0,119.99994404998696,1000000.0,0.95,1.05,0,0,bc,False,False,False,47.6551769743346,-117.399383997527
1079,0.0,0.0,0.0,0.0,0.0,0.0,_500-328384_n,PQ,1.0,1.0,1.0,119.99994404998696,1000000.0,0.95,1.05,0,0,bc,False,False,False,47.6548617214189,-117.399588479703
1080,0.0,0.0,0.0,0.0,0.0,0.0,_406-92386_n,PQ,1.0,1.0,1.0,119.99994404998696,1000000.0,0.95,1.05,0,0,bc,False,False,False,47.6554085364084,-117.399470084691
1081,0.0,0.0,0.0,0.0,0.0,0.0,_406-92387_n,PQ,1.0,1.0,1.0,119.99994404998696,1000000.0,0.95,1.05,0,0,bc,False,False,False,47.6554280595378,-117.399278043843
1082,0.0,0.0,0.0,0.0,0.0,0.0,_406-92389_n,PQ,1.0,1.0,1.0,119.99994404998696,1000000.0,0.95,1.05,0,0,bc,False,False,False,47.6554072737647,-117.399707844974
1083,0.0,0.0,0.0,0.0,0.0,0.0,_409-23080_n,PQ,1.0,1.0,1.0,7621.02355330306,1000000.0,0.95,1.05,0,0,abc,False,False,False,47.6551890606839,-117.398947740051
1084,0.0,0.0,0.0,0.0,0.0,0.0,_409-23096_n,PQ,1.0,1.0,1.0,7621.02355330306,1000000.0,0.95,1.05,0,0,abc,False,False,False,47.6551566442354,-117.398638982609
1085,0.0,0.0,0.0,0.0,0.0,0.0,_409-23096_n_sec,PQ,1.0,1.0,1.0,119.99994404998696,1000000.0,0.95,1.05,0,0,abc,False,False,False,47.6551566442354,-117.398638982609
1086,0.0,0.0,0.0,0.0,0.0,0.0,_406-92383_n,PQ,1.0,1.0,1.0,119.99994404998696,1000000.0,0.95,1.05,0,0,abc,False,False,False,47.6555086389164,-117.398853106634
1087,0.0,0.0,0.0,0.0,0.0,0.0,_500-4154619_n,PQ,1.0,1.0,1.0,119.99994404998696,1000000.0,0.95,1.05,0,0,abc,False,False,False,47.6551590544221,-117.397986027495
1088,0.0,0.0,0.0,0.0,0.0,0.0,_406-92384_n,PQ,1.0,1.0,1.0,119.99994404998696,1000000.0,0.95,1.05,0,0,abc,False,False,False,47.6553507638472,-117.398183842811
1089,0.0,0.0,0.0,0.0,0.0,0.0,_500-4154620_n,PQ,1.0,1.0,1.0,119.99994404998696,1000000.0,0.95,1.05,0,0,abc,False,False,False,47.6551574633262,-117.397806849388
1090,0.0,0.0,0.0,0.0,0.0,0.0,_500-4154621_n,PQ,1.0,1.0,1.0,119.99994404998696,1000000.0,0.95,1.05,0,0,abc,False,False,False,47.6553947892055,-117.397573931329
1091,0.0,0.0,0.0,0.0,0.0,0.0,_500-4154622_n,PQ,1.0,1.0,1.0,119.99994404998696,1000000.0,0.95,1.05,0,0,abc,False,False,False,47.6557466794137,-117.397182154085
1092,0.0,0.0,0.0,0.0,0.0,0.0,_406-2101999_n,PQ,1.0,1.0,1.0,119.99994404998696,1000000.0,0.95,1.05,0,0,abc,False,False,False,47.6557432665567,-117.397160397104
1093,0.0,0.0,0.0,0.0,0.0,0.0,_406-2102000_n,PQ,1.0,1.0,1.0,119.99994404998696,1000000.0,0.95,1.05,0,0,abc,False,False,False,47.6557518105384,-117.397176429513
1094,0.0,0.0,0.0,0.0,0.0,0.0,_406-2101998_n,PQ,1.0,1.0,1.0,119.99994404998696,1000000.0,0.95,1.05,0,0,abc,False,False,False,47.6553946325909,-117.397554195904
1095,0.0,0.0,0.0,0.0,0.0,0.0,_406-2094678_n,PQ,1.0,1.0,1.0,119.99994404998696,1000000.0,0.95,1.05,0,0,abc,False,False,False,47.6549561215658,-117.397811003207
1096,0.0,0.0,0.0,0.0,0.0,0.0,_500-15125_n,PQ,1.0,1.0,1.0,7621.02355330306,1000000.0,0.95,1.05,0,0,abc,False,False,False,47.6551507157331,-117.398005561025
1097,0.0,0.0,0.0,0.0,0.0,0.0,_409-23080_n_sec,PQ,1.0,1.0,1.0,119.99994404998696,1000000.0,0.95,1.05,0,0,abc,False,False,False,47.655156744404,-117.398757208182
1098,0.0,0.0,0.0,0.0,0.0,0.0,_500-2944324_n,PQ,1.0,1.0,1.0,119.99994404998696,1000000.0,0.95,1.05,0,0,abc,False,False,False,47.6551708072162,-117.398937690311
1099,0.0,0.0,0.0,0.0,0.0,0.0,_500-2944325_n,PQ,1.0,1.0,1.0,119.99994404998696,1000000.0,0.95,1.05,0,0,abc,False,False,False,47.6554646539805,-117.398932923339
1100,0.0,0.0,0.0,0.0,0.0,0.0,_500-940329_n,PQ,1.0,1.0,1.0,119.99994404998696,1000000.0,0.95,1.05,0,0,abc,False,False,False,47.654757304621,-117.398928678049
1101,0.0,0.0,0.0,0.0,0.0,0.0,_406-898949_n,PQ,1.0,1.0,1.0,119.99994404998696,1000000.0,0.95,1.05,0,0,abc,False,False,False,47.6547320759474,-117.398863027606
1102,0.0,0.0,0.0,0.0,0.0,0.0,_406-92385_n,PQ,1.0,1.0,1.0,119.99994404998696,1000000.0,0.95,1.05,0,0,abc,False,False,False,47.6549638769994,-117.398785217022
