id,name,Pb_max_a,hmax_a,bmin_a,bmax_a,nc_a,nd_a,Pb_max_b,hmax_b,bmin_b,bmax_b,nc_b,nd_b,Pb_max_c,hmax_c,bmin_c,bmax_c,nc_c,nd_c,phases
9,l2801909,0.0,0.0,0.0,0.0,0.0,0.0,0.0,0.0,0.0,0.0,0.0,0.0,0.0016279999999999999,0.0016279999999999999,0.0009767999999999999,0.0030931999999999995,0.95,0.95,c
14,l2823592,0.000708,0.000708,0.00042479999999999997,0.0013452,0.95,0.95,0.0,0.0,0.0,0.0,0.0,0.0,0.0,0.0,0.0,0.0,0.0,0.0,a
21,l3160863,0.0,0.0,0.0,0.0,0.0,0.0,0.0,0.0,0.0,0.0,0.0,0.0,0.00244,0.00244,0.001464,0.004636,0.95,0.95,c
22,l2730108,0.0,0.0,0.0,0.0,0.0,0.0,0.0,0.0,0.0,0.0,0.0,0.0,0.00244,0.00244,0.001464,0.004636,0.95,0.95,c
23,l2786204,0.0,0.0,0.0,0.0,0.0,0.0,0.0,0.0,0.0,0.0,0.0,0.0,0.006104,0.006104,0.0036623999999999997,0.0115976,0.95,0.95,c
25,l2936216,0.0,0.0,0.0,0.0,0.0,0.0,0.0,0.0,0.0,0.0,0.0,0.0,0.0016279999999999999,0.0016279999999999999,0.0009767999999999999,0.0030931999999999995,0.95,0.95,c
28,l2992556,0.0,0.0,0.0,0.0,0.0,0.0,0.0,0.0,0.0,0.0,0.0,0.0,0.00244,0.00244,0.001464,0.004636,0.95,0.95,c
32,l3253570,0.0,0.0,0.0,0.0,0.0,0.0,0.0,0.0,0.0,0.0,0.0,0.0,0.004068,0.004068,0.0024408,0.007729199999999999,0.95,0.95,c
33,l2937757,0.0,0.0,0.0,0.0,0.0,0.0,0.0,0.0,0.0,0.0,0.0,0.0,0.004068,0.004068,0.0024408,0.007729199999999999,0.95,0.95,c
34,l3067448,0.0,0.0,0.0,0.0,0.0,0.0,0.0,0.0,0.0,0.0,0.0,0.0,0.004068,0.004068,0.0024408,0.007729199999999999,0.95,0.95,c
35,l2763407,0.0,0.0,0.0,0.0,0.0,0.0,0.0,0.0,0.0,0.0,0.0,0.0,0.004068,0.004068,0.0024408,0.007729199999999999,0.95,0.95,c
36,l2861157,0.0,0.0,0.0,0.0,0.0,0.0,0.0,0.0,0.0,0.0,0.0,0.0,0.004068,0.004068,0.0024408,0.007729199999999999,0.95,0.95,c
39,l2806553,0.0,0.0,0.0,0.0,0.0,0.0,0.0,0.0,0.0,0.0,0.0,0.0,0.004068,0.004068,0.0024408,0.007729199999999999,0.95,0.95,c
41,l3254873,0.0,0.0,0.0,0.0,0.0,0.0,0.0,0.0,0.0,0.0,0.0,0.0,0.00244,0.00244,0.001464,0.004636,0.95,0.95,c
45,l3179637,0.0,0.0,0.0,0.0,0.0,0.0,0.0,0.0,0.0,0.0,0.0,0.0,0.006104,0.006104,0.0036623999999999997,0.0115976,0.95,0.95,c
48,l3048890,0.0,0.0,0.0,0.0,0.0,0.0,0.0,0.0,0.0,0.0,0.0,0.0,0.004068,0.004068,0.0024408,0.007729199999999999,0.95,0.95,c
50,l3048889,0.0,0.0,0.0,0.0,0.0,0.0,0.0,0.0,0.0,0.0,0.0,0.0,0.004068,0.004068,0.0024408,0.007729199999999999,0.95,0.95,c
52,l2952007,0.0,0.0,0.0,0.0,0.0,0.0,0.0,0.0,0.0,0.0,0.0,0.0,0.004068,0.004068,0.0024408,0.007729199999999999,0.95,0.95,c
53,l2861158,0.0,0.0,0.0,0.0,0.0,0.0,0.0,0.0,0.0,0.0,0.0,0.0,0.004068,0.004068,0.0024408,0.007729199999999999,0.95,0.95,c
54,l3064514,0.0,0.0,0.0,0.0,0.0,0.0,0.0,0.0,0.0,0.0,0.0,0.0,0.00244,0.00244,0.001464,0.004636,0.95,0.95,c
55,l3048888,0.0,0.0,0.0,0.0,0.0,0.0,0.0,0.0,0.0,0.0,0.0,0.0,0.00244,0.00244,0.001464,0.004636,0.95,0.95,c
58,l2764411,0.0,0.0,0.0,0.0,0.0,0.0,0.0,0.0,0.0,0.0,0.0,0.0,0.00244,0.00244,0.001464,0.004636,0.95,0.95,c
59,l2767343,0.0,0.0,0.0,0.0,0.0,0.0,0.0,0.0,0.0,0.0,0.0,0.0,0.006104,0.006104,0.0036623999999999997,0.0115976,0.95,0.95,c
60,l2804957,0.0,0.0,0.0,0.0,0.0,0.0,0.0,0.0,0.0,0.0,0.0,0.0,0.0016279999999999999,0.0016279999999999999,0.0009767999999999999,0.0030931999999999995,0.95,0.95,c
61,l3048937,0.0,0.0,0.0,0.0,0.0,0.0,0.0,0.0,0.0,0.0,0.0,0.0,0.00244,0.00244,0.001464,0.004636,0.95,0.95,c
62,l3176661,0.0,0.0,0.0,0.0,0.0,0.0,0.0,0.0,0.0,0.0,0.0,0.0,0.0016279999999999999,0.0016279999999999999,0.0009767999999999999,0.0030931999999999995,0.95,0.95,c
63,l2970804,0.0,0.0,0.0,0.0,0.0,0.0,0.0,0.0,0.0,0.0,0.0,0.0,0.004068,0.004068,0.0024408,0.007729199999999999,0.95,0.95,c
64,l2891575,0.0,0.0,0.0,0.0,0.0,0.0,0.0,0.0,0.0,0.0,0.0,0.0,0.00244,0.00244,0.001464,0.004636,0.95,0.95,c
65,l2745811,0.0,0.0,0.0,0.0,0.0,0.0,0.0,0.0,0.0,0.0,0.0,0.0,0.004068,0.004068,0.0024408,0.007729199999999999,0.95,0.95,c
67,l3027124,0.0,0.0,0.0,0.0,0.0,0.0,0.0,0.0,0.0,0.0,0.0,0.0,0.004068,0.004068,0.0024408,0.007729199999999999,0.95,0.95,c
70,l3142050,0.0,0.0,0.0,0.0,0.0,0.0,0.0,0.0,0.0,0.0,0.0,0.0,0.00244,0.00244,0.001464,0.004636,0.95,0.95,c
74,l2936270,0.003548,0.003548,0.0021288,0.0067412,0.95,0.95,0.0,0.0,0.0,0.0,0.0,0.0,0.0,0.0,0.0,0.0,0.0,0.0,a
75,l3086078,0.003548,0.003548,0.0021288,0.0067412,0.95,0.95,0.0,0.0,0.0,0.0,0.0,0.0,0.0,0.0,0.0,0.0,0.0,0.0,a
78,l3217056,0.007096,0.007096,0.0042576,0.0134824,0.95,0.95,0.0,0.0,0.0,0.0,0.0,0.0,0.0,0.0,0.0,0.0,0.0,0.0,a
79,l3217057,0.0014199999999999998,0.0014199999999999998,0.000852,0.002698,0.95,0.95,0.0,0.0,0.0,0.0,0.0,0.0,0.0,0.0,0.0,0.0,0.0,0.0,a
83,l2823611,0.002128,0.002128,0.0012768,0.004043199999999999,0.95,0.95,0.0,0.0,0.0,0.0,0.0,0.0,0.0,0.0,0.0,0.0,0.0,0.0,a
84,l3030204,0.003548,0.003548,0.0021288,0.0067412,0.95,0.95,0.0,0.0,0.0,0.0,0.0,0.0,0.0,0.0,0.0,0.0,0.0,0.0,a
91,l3086098,0.007096,0.007096,0.0042576,0.0134824,0.95,0.95,0.0,0.0,0.0,0.0,0.0,0.0,0.0,0.0,0.0,0.0,0.0,0.0,a
92,l2973833,0.0,0.0,0.0,0.0,0.0,0.0,0.002336,0.002336,0.0014016,0.0044383999999999995,0.95,0.95,0.0,0.0,0.0,0.0,0.0,0.0,b
95,l2786266,0.002128,0.002128,0.0012768,0.004043199999999999,0.95,0.95,0.0,0.0,0.0,0.0,0.0,0.0,0.0,0.0,0.0,0.0,0.0,0.0,a
98,l2917333,0.003548,0.003548,0.0021288,0.0067412,0.95,0.95,0.0,0.0,0.0,0.0,0.0,0.0,0.0,0.0,0.0,0.0,0.0,0.0,a
99,l2842383,0.002128,0.002128,0.0012768,0.004043199999999999,0.95,0.95,0.0,0.0,0.0,0.0,0.0,0.0,0.0,0.0,0.0,0.0,0.0,0.0,a
104,l2842384,0.0,0.0,0.0,0.0,0.0,0.0,0.0,0.0,0.0,0.0,0.0,0.0,0.0016279999999999999,0.0016279999999999999,0.0009767999999999999,0.0030931999999999995,0.95,0.95,c
107,l2805034,0.0014199999999999998,0.0014199999999999998,0.000852,0.002698,0.95,0.95,0.0,0.0,0.0,0.0,0.0,0.0,0.0,0.0,0.0,0.0,0.0,0.0,a
114,l3048965,0.0,0.0,0.0,0.0,0.0,0.0,0.005836,0.005836,0.0035016,0.0110884,0.95,0.95,0.0,0.0,0.0,0.0,0.0,0.0,b
116,l2955077,0.0,0.0,0.0,0.0,0.0,0.0,0.0,0.0,0.0,0.0,0.0,0.0,0.004068,0.004068,0.0024408,0.007729199999999999,0.95,0.95,c
121,l3160872,0.0,0.0,0.0,0.0,0.0,0.0,0.0,0.0,0.0,0.0,0.0,0.0,0.006104,0.006104,0.0036623999999999997,0.0115976,0.95,0.95,c
126,l2711225,0.0,0.0,0.0,0.0,0.0,0.0,0.0,0.0,0.0,0.0,0.0,0.0,0.00244,0.00244,0.001464,0.004636,0.95,0.95,c
127,l3030200,0.0,0.0,0.0,0.0,0.0,0.0,0.0,0.0,0.0,0.0,0.0,0.0,0.00244,0.00244,0.001464,0.004636,0.95,0.95,c
130,l3048962,0.00532,0.00532,0.003192,0.010108,0.95,0.95,0.0,0.0,0.0,0.0,0.0,0.0,0.0,0.0,0.0,0.0,0.0,0.0,a
139,l3251799,0.00532,0.00532,0.003192,0.010108,0.95,0.95,0.0,0.0,0.0,0.0,0.0,0.0,0.0,0.0,0.0,0.0,0.0,0.0,a
141,l3214071,0.0,0.0,0.0,0.0,0.0,0.0,0.0,0.0,0.0,0.0,0.0,0.0,0.004068,0.004068,0.0024408,0.007729199999999999,0.95,0.95,c
145,l3236004,0.0,0.0,0.0,0.0,0.0,0.0,0.0,0.0,0.0,0.0,0.0,0.0,0.00244,0.00244,0.001464,0.004636,0.95,0.95,c
147,l2936211,0.0,0.0,0.0,0.0,0.0,0.0,0.0,0.0,0.0,0.0,0.0,0.0,0.00244,0.00244,0.001464,0.004636,0.95,0.95,c
148,l2842329,0.0,0.0,0.0,0.0,0.0,0.0,0.0,0.0,0.0,0.0,0.0,0.0,0.00244,0.00244,0.001464,0.004636,0.95,0.95,c
149,l3214069,0.0,0.0,0.0,0.0,0.0,0.0,0.0,0.0,0.0,0.0,0.0,0.0,0.004068,0.004068,0.0024408,0.007729199999999999,0.95,0.95,c
155,l2861197,0.0,0.0,0.0,0.0,0.0,0.0,0.0,0.0,0.0,0.0,0.0,0.0,0.00244,0.00244,0.001464,0.004636,0.95,0.95,c
156,l3160896,0.0,0.0,0.0,0.0,0.0,0.0,0.0,0.0,0.0,0.0,0.0,0.0,0.00244,0.00244,0.001464,0.004636,0.95,0.95,c
159,l2917255,0.0,0.0,0.0,0.0,0.0,0.0,0.0,0.0,0.0,0.0,0.0,0.0,0.004068,0.004068,0.0024408,0.007729199999999999,0.95,0.95,c
160,l3104796,0.0,0.0,0.0,0.0,0.0,0.0,0.0,0.0,0.0,0.0,0.0,0.0,0.004068,0.004068,0.0024408,0.007729199999999999,0.95,0.95,c
161,l3123452,0.0,0.0,0.0,0.0,0.0,0.0,0.0,0.0,0.0,0.0,0.0,0.0,0.004068,0.004068,0.0024408,0.007729199999999999,0.95,0.95,c
165,l2767341,0.0,0.0,0.0,0.0,0.0,0.0,0.0,0.0,0.0,0.0,0.0,0.0,0.006104,0.006104,0.0036623999999999997,0.0115976,0.95,0.95,c
168,l3030126,0.0,0.0,0.0,0.0,0.0,0.0,0.0,0.0,0.0,0.0,0.0,0.0,0.004068,0.004068,0.0024408,0.007729199999999999,0.95,0.95,c
169,l3254870,0.0,0.0,0.0,0.0,0.0,0.0,0.0,0.0,0.0,0.0,0.0,0.0,0.004068,0.004068,0.0024408,0.007729199999999999,0.95,0.95,c
172,l3150961,0.0,0.0,0.0,0.0,0.0,0.0,0.0,0.0,0.0,0.0,0.0,0.0,0.006104,0.006104,0.0036623999999999997,0.0115976,0.95,0.95,c
175,l3048887,0.0,0.0,0.0,0.0,0.0,0.0,0.005836,0.005836,0.0035016,0.0110884,0.95,0.95,0.0,0.0,0.0,0.0,0.0,0.0,b
177,l2955005,0.0,0.0,0.0,0.0,0.0,0.0,0.002336,0.002336,0.0014016,0.0044383999999999995,0.95,0.95,0.0,0.0,0.0,0.0,0.0,0.0,b
179,l3216988,0.0,0.0,0.0,0.0,0.0,0.0,0.003892,0.003892,0.0023352,0.007394799999999999,0.95,0.95,0.0,0.0,0.0,0.0,0.0,0.0,b
180,l3179607,0.0,0.0,0.0,0.0,0.0,0.0,0.003892,0.003892,0.0023352,0.007394799999999999,0.95,0.95,0.0,0.0,0.0,0.0,0.0,0.0,b
184,l3067478,0.00532,0.00532,0.003192,0.010108,0.95,0.95,0.0,0.0,0.0,0.0,0.0,0.0,0.0,0.0,0.0,0.0,0.0,0.0,a
190,l2859403,0.003548,0.003548,0.0021288,0.0067412,0.95,0.95,0.0,0.0,0.0,0.0,0.0,0.0,0.0,0.0,0.0,0.0,0.0,0.0,a
191,l2973791,0.007096,0.007096,0.0042576,0.0134824,0.95,0.95,0.0,0.0,0.0,0.0,0.0,0.0,0.0,0.0,0.0,0.0,0.0,0.0,a
192,l3179650,0.0,0.0,0.0,0.0,0.0,0.0,0.002336,0.002336,0.0014016,0.0044383999999999995,0.95,0.95,0.0,0.0,0.0,0.0,0.0,0.0,b
193,l3232902,0.003548,0.003548,0.0021288,0.0067412,0.95,0.95,0.0,0.0,0.0,0.0,0.0,0.0,0.0,0.0,0.0,0.0,0.0,0.0,a
195,l2933135,0.003548,0.003548,0.0021288,0.0067412,0.95,0.95,0.0,0.0,0.0,0.0,0.0,0.0,0.0,0.0,0.0,0.0,0.0,0.0,a
197,l2730106,0.0,0.0,0.0,0.0,0.0,0.0,0.0,0.0,0.0,0.0,0.0,0.0,0.004068,0.004068,0.0024408,0.007729199999999999,0.95,0.95,c
201,l3142049,0.0,0.0,0.0,0.0,0.0,0.0,0.0,0.0,0.0,0.0,0.0,0.0,0.0016279999999999999,0.0016279999999999999,0.0009767999999999999,0.0030931999999999995,0.95,0.95,c
204,l3104830,0.0,0.0,0.0,0.0,0.0,0.0,0.0,0.0,0.0,0.0,0.0,0.0,0.0016279999999999999,0.0016279999999999999,0.0009767999999999999,0.0030931999999999995,0.95,0.95,c
208,l2955047,0.003548,0.003548,0.0021288,0.0067412,0.95,0.95,0.0,0.0,0.0,0.0,0.0,0.0,0.0,0.0,0.0,0.0,0.0,0.0,a
209,l3179646,0.0,0.0,0.0,0.0,0.0,0.0,0.005836,0.005836,0.0035016,0.0110884,0.95,0.95,0.0,0.0,0.0,0.0,0.0,0.0,b
210,l2674027,0.0,0.0,0.0,0.0,0.0,0.0,0.003892,0.003892,0.0023352,0.007394799999999999,0.95,0.95,0.0,0.0,0.0,0.0,0.0,0.0,b
211,l2692633,0.0,0.0,0.0,0.0,0.0,0.0,0.0,0.0,0.0,0.0,0.0,0.0,0.004068,0.004068,0.0024408,0.007729199999999999,0.95,0.95,c
221,l2955006,0.0,0.0,0.0,0.0,0.0,0.0,0.0,0.0,0.0,0.0,0.0,0.0,0.004068,0.004068,0.0024408,0.007729199999999999,0.95,0.95,c
222,l2692600,0.0,0.0,0.0,0.0,0.0,0.0,0.0,0.0,0.0,0.0,0.0,0.0,0.004068,0.004068,0.0024408,0.007729199999999999,0.95,0.95,c
223,l3235945,0.0,0.0,0.0,0.0,0.0,0.0,0.0,0.0,0.0,0.0,0.0,0.0,0.004068,0.004068,0.0024408,0.007729199999999999,0.95,0.95,c
224,l2842330,0.0,0.0,0.0,0.0,0.0,0.0,0.0,0.0,0.0,0.0,0.0,0.0,0.004068,0.004068,0.0024408,0.007729199999999999,0.95,0.95,c
225,l3086002,0.0,0.0,0.0,0.0,0.0,0.0,0.0,0.0,0.0,0.0,0.0,0.0,0.004068,0.004068,0.0024408,0.007729199999999999,0.95,0.95,c
227,l2730107,0.0,0.0,0.0,0.0,0.0,0.0,0.0,0.0,0.0,0.0,0.0,0.0,0.004068,0.004068,0.0024408,0.007729199999999999,0.95,0.95,c
228,l3179608,0.0,0.0,0.0,0.0,0.0,0.0,0.0,0.0,0.0,0.0,0.0,0.0,0.006104,0.006104,0.0036623999999999997,0.0115976,0.95,0.95,c
232,l2936213,0.0,0.0,0.0,0.0,0.0,0.0,0.005836,0.005836,0.0035016,0.0110884,0.95,0.95,0.0,0.0,0.0,0.0,0.0,0.0,b
234,l3141394,0.0,0.0,0.0,0.0,0.0,0.0,0.003892,0.003892,0.0023352,0.007394799999999999,0.95,0.95,0.0,0.0,0.0,0.0,0.0,0.0,b
243,l3097861,0.0,0.0,0.0,0.0,0.0,0.0,0.0,0.0,0.0,0.0,0.0,0.0,0.0016279999999999999,0.0016279999999999999,0.0009767999999999999,0.0030931999999999995,0.95,0.95,c
244,l2804277,0.0,0.0,0.0,0.0,0.0,0.0,0.0,0.0,0.0,0.0,0.0,0.0,0.004068,0.004068,0.0024408,0.007729199999999999,0.95,0.95,c
246,l3197625,0.0,0.0,0.0,0.0,0.0,0.0,0.0,0.0,0.0,0.0,0.0,0.0,0.00244,0.00244,0.001464,0.004636,0.95,0.95,c
255,l3160098,0.002128,0.002128,0.0012768,0.004043199999999999,0.95,0.95,0.0,0.0,0.0,0.0,0.0,0.0,0.0,0.0,0.0,0.0,0.0,0.0,a
257,l3118855,0.0,0.0,0.0,0.0,0.0,0.0,0.0,0.0,0.0,0.0,0.0,0.0,0.006104,0.006104,0.0036623999999999997,0.0115976,0.95,0.95,c
258,l3231255,0.0,0.0,0.0,0.0,0.0,0.0,0.0,0.0,0.0,0.0,0.0,0.0,0.004068,0.004068,0.0024408,0.007729199999999999,0.95,0.95,c
269,l3066814,0.0,0.0,0.0,0.0,0.0,0.0,0.001556,0.001556,0.0009335999999999999,0.0029564,0.95,0.95,0.0,0.0,0.0,0.0,0.0,0.0,b
281,l2820535,0.0,0.0,0.0,0.0,0.0,0.0,0.003892,0.003892,0.0023352,0.007394799999999999,0.95,0.95,0.0,0.0,0.0,0.0,0.0,0.0,b
283,l2748144,0.003548,0.003548,0.0021288,0.0067412,0.95,0.95,0.0,0.0,0.0,0.0,0.0,0.0,0.0,0.0,0.0,0.0,0.0,0.0,a
287,l2783231,0.0,0.0,0.0,0.0,0.0,0.0,0.003892,0.003892,0.0023352,0.007394799999999999,0.95,0.95,0.0,0.0,0.0,0.0,0.0,0.0,b
288,l3254227,0.0,0.0,0.0,0.0,0.0,0.0,0.001556,0.001556,0.0009335999999999999,0.0029564,0.95,0.95,0.0,0.0,0.0,0.0,0.0,0.0,b
293,l2691966,0.0,0.0,0.0,0.0,0.0,0.0,0.0077800000000000005,0.0077800000000000005,0.004668,0.014782,0.95,0.95,0.0,0.0,0.0,0.0,0.0,0.0,b
297,l3082983,0.0,0.0,0.0,0.0,0.0,0.0,0.003892,0.003892,0.0023352,0.007394799999999999,0.95,0.95,0.0,0.0,0.0,0.0,0.0,0.0,b
299,l2804270,0.0,0.0,0.0,0.0,0.0,0.0,0.002336,0.002336,0.0014016,0.0044383999999999995,0.95,0.95,0.0,0.0,0.0,0.0,0.0,0.0,b
300,l3104145,0.0,0.0,0.0,0.0,0.0,0.0,0.002336,0.002336,0.0014016,0.0044383999999999995,0.95,0.95,0.0,0.0,0.0,0.0,0.0,0.0,b
303,l2916619,0.0,0.0,0.0,0.0,0.0,0.0,0.003892,0.003892,0.0023352,0.007394799999999999,0.95,0.95,0.0,0.0,0.0,0.0,0.0,0.0,b
307,l2804269,0.0,0.0,0.0,0.0,0.0,0.0,0.003892,0.003892,0.0023352,0.007394799999999999,0.95,0.95,0.0,0.0,0.0,0.0,0.0,0.0,b
308,l2989564,0.0,0.0,0.0,0.0,0.0,0.0,0.002336,0.002336,0.0014016,0.0044383999999999995,0.95,0.95,0.0,0.0,0.0,0.0,0.0,0.0,b
309,l2897789,0.0,0.0,0.0,0.0,0.0,0.0,0.002336,0.002336,0.0014016,0.0044383999999999995,0.95,0.95,0.0,0.0,0.0,0.0,0.0,0.0,b
311,l2935547,0.0,0.0,0.0,0.0,0.0,0.0,0.002336,0.002336,0.0014016,0.0044383999999999995,0.95,0.95,0.0,0.0,0.0,0.0,0.0,0.0,b
312,l3160113,0.0,0.0,0.0,0.0,0.0,0.0,0.003892,0.003892,0.0023352,0.007394799999999999,0.95,0.95,0.0,0.0,0.0,0.0,0.0,0.0,b
314,l2954361,0.0,0.0,0.0,0.0,0.0,0.0,0.003892,0.003892,0.0023352,0.007394799999999999,0.95,0.95,0.0,0.0,0.0,0.0,0.0,0.0,b
316,l3254228,0.0,0.0,0.0,0.0,0.0,0.0,0.003892,0.003892,0.0023352,0.007394799999999999,0.95,0.95,0.0,0.0,0.0,0.0,0.0,0.0,b
317,l2897791,0.0,0.0,0.0,0.0,0.0,0.0,0.005836,0.005836,0.0035016,0.0110884,0.95,0.95,0.0,0.0,0.0,0.0,0.0,0.0,b
320,l3197653,0.0,0.0,0.0,0.0,0.0,0.0,0.003892,0.003892,0.0023352,0.007394799999999999,0.95,0.95,0.0,0.0,0.0,0.0,0.0,0.0,b
321,l2785535,0.0,0.0,0.0,0.0,0.0,0.0,0.005836,0.005836,0.0035016,0.0110884,0.95,0.95,0.0,0.0,0.0,0.0,0.0,0.0,b
322,l2726974,0.0,0.0,0.0,0.0,0.0,0.0,0.003892,0.003892,0.0023352,0.007394799999999999,0.95,0.95,0.0,0.0,0.0,0.0,0.0,0.0,b
323,l2916618,0.0,0.0,0.0,0.0,0.0,0.0,0.005836,0.005836,0.0035016,0.0110884,0.95,0.95,0.0,0.0,0.0,0.0,0.0,0.0,b
329,l3102793,0.0,0.0,0.0,0.0,0.0,0.0,0.003892,0.003892,0.0023352,0.007394799999999999,0.95,0.95,0.0,0.0,0.0,0.0,0.0,0.0,b
330,l2991929,0.0,0.0,0.0,0.0,0.0,0.0,0.003892,0.003892,0.0023352,0.007394799999999999,0.95,0.95,0.0,0.0,0.0,0.0,0.0,0.0,b
331,l2916617,0.0,0.0,0.0,0.0,0.0,0.0,0.003892,0.003892,0.0023352,0.007394799999999999,0.95,0.95,0.0,0.0,0.0,0.0,0.0,0.0,b
332,l2801902,0.0,0.0,0.0,0.0,0.0,0.0,0.005836,0.005836,0.0035016,0.0110884,0.95,0.95,0.0,0.0,0.0,0.0,0.0,0.0,b
333,l3122835,0.0,0.0,0.0,0.0,0.0,0.0,0.002336,0.002336,0.0014016,0.0044383999999999995,0.95,0.95,0.0,0.0,0.0,0.0,0.0,0.0,b
334,l2973171,0.0,0.0,0.0,0.0,0.0,0.0,0.003892,0.003892,0.0023352,0.007394799999999999,0.95,0.95,0.0,0.0,0.0,0.0,0.0,0.0,b
336,l3235273,0.0,0.0,0.0,0.0,0.0,0.0,0.003892,0.003892,0.0023352,0.007394799999999999,0.95,0.95,0.0,0.0,0.0,0.0,0.0,0.0,b
337,l3176660,0.0,0.0,0.0,0.0,0.0,0.0,0.002336,0.002336,0.0014016,0.0044383999999999995,0.95,0.95,0.0,0.0,0.0,0.0,0.0,0.0,b
339,l3085410,0.0,0.0,0.0,0.0,0.0,0.0,0.002336,0.002336,0.0014016,0.0044383999999999995,0.95,0.95,0.0,0.0,0.0,0.0,0.0,0.0,b
340,l2860499,0.0,0.0,0.0,0.0,0.0,0.0,0.0077800000000000005,0.0077800000000000005,0.004668,0.014782,0.95,0.95,0.0,0.0,0.0,0.0,0.0,0.0,b
343,l3254229,0.0,0.0,0.0,0.0,0.0,0.0,0.003892,0.003892,0.0023352,0.007394799999999999,0.95,0.95,0.0,0.0,0.0,0.0,0.0,0.0,b
345,l3178988,0.0,0.0,0.0,0.0,0.0,0.0,0.001556,0.001556,0.0009335999999999999,0.0029564,0.95,0.95,0.0,0.0,0.0,0.0,0.0,0.0,b
347,l3066826,0.0,0.0,0.0,0.0,0.0,0.0,0.005836,0.005836,0.0035016,0.0110884,0.95,0.95,0.0,0.0,0.0,0.0,0.0,0.0,b
349,l2710530,0.0,0.0,0.0,0.0,0.0,0.0,0.002336,0.002336,0.0014016,0.0044383999999999995,0.95,0.95,0.0,0.0,0.0,0.0,0.0,0.0,b
351,l2822873,0.0,0.0,0.0,0.0,0.0,0.0,0.001556,0.001556,0.0009335999999999999,0.0029564,0.95,0.95,0.0,0.0,0.0,0.0,0.0,0.0,b
352,l2785536,0.0,0.0,0.0,0.0,0.0,0.0,0.002336,0.002336,0.0014016,0.0044383999999999995,0.95,0.95,0.0,0.0,0.0,0.0,0.0,0.0,b
354,l3160115,0.0,0.0,0.0,0.0,0.0,0.0,0.0077800000000000005,0.0077800000000000005,0.004668,0.014782,0.95,0.95,0.0,0.0,0.0,0.0,0.0,0.0,b
355,l2935567,0.0,0.0,0.0,0.0,0.0,0.0,0.002336,0.002336,0.0014016,0.0044383999999999995,0.95,0.95,0.0,0.0,0.0,0.0,0.0,0.0,b
357,l2804272,0.0,0.0,0.0,0.0,0.0,0.0,0.002336,0.002336,0.0014016,0.0044383999999999995,0.95,0.95,0.0,0.0,0.0,0.0,0.0,0.0,b
358,l2841641,0.0,0.0,0.0,0.0,0.0,0.0,0.002336,0.002336,0.0014016,0.0044383999999999995,0.95,0.95,0.0,0.0,0.0,0.0,0.0,0.0,b
364,l2673331,0.0,0.0,0.0,0.0,0.0,0.0,0.0077800000000000005,0.0077800000000000005,0.004668,0.014782,0.95,0.95,0.0,0.0,0.0,0.0,0.0,0.0,b
367,l2691965,0.0,0.0,0.0,0.0,0.0,0.0,0.00078,0.00078,0.00046800000000000005,0.001482,0.95,0.95,0.0,0.0,0.0,0.0,0.0,0.0,b
368,l2785534,0.0,0.0,0.0,0.0,0.0,0.0,0.003892,0.003892,0.0023352,0.007394799999999999,0.95,0.95,0.0,0.0,0.0,0.0,0.0,0.0,b
374,l3008237,0.0,0.0,0.0,0.0,0.0,0.0,0.0,0.0,0.0,0.0,0.0,0.0,0.004068,0.004068,0.0024408,0.007729199999999999,0.95,0.95,c
379,l3197652,0.003548,0.003548,0.0021288,0.0067412,0.95,0.95,0.0,0.0,0.0,0.0,0.0,0.0,0.0,0.0,0.0,0.0,0.0,0.0,a
380,l2748143,0.003548,0.003548,0.0021288,0.0067412,0.95,0.95,0.0,0.0,0.0,0.0,0.0,0.0,0.0,0.0,0.0,0.0,0.0,0.0,a
381,l3251854,0.003548,0.003548,0.0021288,0.0067412,0.95,0.95,0.0,0.0,0.0,0.0,0.0,0.0,0.0,0.0,0.0,0.0,0.0,0.0,a
383,l2729424,0.002128,0.002128,0.0012768,0.004043199999999999,0.95,0.95,0.0,0.0,0.0,0.0,0.0,0.0,0.0,0.0,0.0,0.0,0.0,0.0,a
384,l3104144,0.0014199999999999998,0.0014199999999999998,0.000852,0.002698,0.95,0.95,0.0,0.0,0.0,0.0,0.0,0.0,0.0,0.0,0.0,0.0,0.0,0.0,a
389,l3160114,0.002128,0.002128,0.0012768,0.004043199999999999,0.95,0.95,0.0,0.0,0.0,0.0,0.0,0.0,0.0,0.0,0.0,0.0,0.0,0.0,a
393,l2729423,0.0,0.0,0.0,0.0,0.0,0.0,0.0,0.0,0.0,0.0,0.0,0.0,0.00244,0.00244,0.001464,0.004636,0.95,0.95,c
395,l2897790,0.0,0.0,0.0,0.0,0.0,0.0,0.0,0.0,0.0,0.0,0.0,0.0,0.004068,0.004068,0.0024408,0.007729199999999999,0.95,0.95,c
396,l2935566,0.0,0.0,0.0,0.0,0.0,0.0,0.0,0.0,0.0,0.0,0.0,0.0,0.004068,0.004068,0.0024408,0.007729199999999999,0.95,0.95,c
400,l2766738,0.0,0.0,0.0,0.0,0.0,0.0,0.0,0.0,0.0,0.0,0.0,0.0,0.004068,0.004068,0.0024408,0.007729199999999999,0.95,0.95,c
407,l2916620,0.0015346666666666666,0.0015346666666666666,0.0009207999999999999,0.0029158666666666668,0.95,0.95,0.0015346666666666666,0.0015346666666666666,0.0009207999999999999,0.0029158666666666668,0.95,0.95,0.0015346666666666666,0.0015346666666666666,0.0009207999999999999,0.0029158666666666668,0.95,0.95,abc
413,l2897792,0.002128,0.002128,0.0012768,0.004043199999999999,0.95,0.95,0.0,0.0,0.0,0.0,0.0,0.0,0.0,0.0,0.0,0.0,0.0,0.0,a
414,l2785538,0.003548,0.003548,0.0021288,0.0067412,0.95,0.95,0.0,0.0,0.0,0.0,0.0,0.0,0.0,0.0,0.0,0.0,0.0,0.0,a
415,l2897793,0.0014199999999999998,0.0014199999999999998,0.000852,0.002698,0.95,0.95,0.0,0.0,0.0,0.0,0.0,0.0,0.0,0.0,0.0,0.0,0.0,0.0,a
418,l3254230,0.000708,0.000708,0.00042479999999999997,0.0013452,0.95,0.95,0.0,0.0,0.0,0.0,0.0,0.0,0.0,0.0,0.0,0.0,0.0,0.0,a
424,l2973150,0.002128,0.002128,0.0012768,0.004043199999999999,0.95,0.95,0.0,0.0,0.0,0.0,0.0,0.0,0.0,0.0,0.0,0.0,0.0,0.0,a
426,l3066804,0.00532,0.00532,0.003192,0.010108,0.95,0.95,0.0,0.0,0.0,0.0,0.0,0.0,0.0,0.0,0.0,0.0,0.0,0.0,a
427,l2820533,0.003548,0.003548,0.0021288,0.0067412,0.95,0.95,0.0,0.0,0.0,0.0,0.0,0.0,0.0,0.0,0.0,0.0,0.0,0.0,a
428,l3254231,0.0014199999999999998,0.0014199999999999998,0.000852,0.002698,0.95,0.95,0.0,0.0,0.0,0.0,0.0,0.0,0.0,0.0,0.0,0.0,0.0,0.0,a
434,l2691967,0.0,0.0,0.0,0.0,0.0,0.0,0.002336,0.002336,0.0014016,0.0044383999999999995,0.95,0.95,0.0,0.0,0.0,0.0,0.0,0.0,b
439,l2764403,0.003548,0.003548,0.0021288,0.0067412,0.95,0.95,0.0,0.0,0.0,0.0,0.0,0.0,0.0,0.0,0.0,0.0,0.0,0.0,a
442,l2785537,0.002128,0.002128,0.0012768,0.004043199999999999,0.95,0.95,0.0,0.0,0.0,0.0,0.0,0.0,0.0,0.0,0.0,0.0,0.0,0.0,a
443,l2748157,0.00532,0.00532,0.003192,0.010108,0.95,0.95,0.0,0.0,0.0,0.0,0.0,0.0,0.0,0.0,0.0,0.0,0.0,0.0,a
445,l2841632,0.0,0.0,0.0,0.0,0.0,0.0,0.003892,0.003892,0.0023352,0.007394799999999999,0.95,0.95,0.0,0.0,0.0,0.0,0.0,0.0,b
453,l3104129,0.00532,0.00532,0.003192,0.010108,0.95,0.95,0.0,0.0,0.0,0.0,0.0,0.0,0.0,0.0,0.0,0.0,0.0,0.0,a
455,l3178979,0.0,0.0,0.0,0.0,0.0,0.0,0.0,0.0,0.0,0.0,0.0,0.0,0.006104,0.006104,0.0036623999999999997,0.0115976,0.95,0.95,c
459,l3029505,0.0,0.0,0.0,0.0,0.0,0.0,0.0,0.0,0.0,0.0,0.0,0.0,0.004068,0.004068,0.0024408,0.007729199999999999,0.95,0.95,c
460,l2673318,0.0,0.0,0.0,0.0,0.0,0.0,0.0,0.0,0.0,0.0,0.0,0.0,0.004068,0.004068,0.0024408,0.007729199999999999,0.95,0.95,c
464,l3085401,0.00532,0.00532,0.003192,0.010108,0.95,0.95,0.0,0.0,0.0,0.0,0.0,0.0,0.0,0.0,0.0,0.0,0.0,0.0,a
469,l2858166,0.0014199999999999998,0.0014199999999999998,0.000852,0.002698,0.95,0.95,0.0,0.0,0.0,0.0,0.0,0.0,0.0,0.0,0.0,0.0,0.0,0.0,a
472,l3066815,0.0,0.0,0.0,0.0,0.0,0.0,0.0,0.0,0.0,0.0,0.0,0.0,0.004068,0.004068,0.0024408,0.007729199999999999,0.95,0.95,c
476,l3103822,0.0,0.0,0.0,0.0,0.0,0.0,0.0,0.0,0.0,0.0,0.0,0.0,0.006104,0.006104,0.0036623999999999997,0.0115976,0.95,0.95,c
481,l2785521,0.0,0.0,0.0,0.0,0.0,0.0,0.0,0.0,0.0,0.0,0.0,0.0,0.006104,0.006104,0.0036623999999999997,0.0115976,0.95,0.95,c
484,l2879070,0.0,0.0,0.0,0.0,0.0,0.0,0.002336,0.002336,0.0014016,0.0044383999999999995,0.95,0.95,0.0,0.0,0.0,0.0,0.0,0.0,b
485,l3216345,0.0,0.0,0.0,0.0,0.0,0.0,0.005836,0.005836,0.0035016,0.0110884,0.95,0.95,0.0,0.0,0.0,0.0,0.0,0.0,b
489,l3649297,0.00532,0.00532,0.003192,0.010108,0.95,0.95,0.0,0.0,0.0,0.0,0.0,0.0,0.0,0.0,0.0,0.0,0.0,0.0,a
490,l3649298,0.00532,0.00532,0.003192,0.010108,0.95,0.95,0.0,0.0,0.0,0.0,0.0,0.0,0.0,0.0,0.0,0.0,0.0,0.0,a
491,l3649299,0.003548,0.003548,0.0021288,0.0067412,0.95,0.95,0.0,0.0,0.0,0.0,0.0,0.0,0.0,0.0,0.0,0.0,0.0,0.0,a
493,l3649306,0.00532,0.00532,0.003192,0.010108,0.95,0.95,0.0,0.0,0.0,0.0,0.0,0.0,0.0,0.0,0.0,0.0,0.0,0.0,a
494,l3649300,0.00532,0.00532,0.003192,0.010108,0.95,0.95,0.0,0.0,0.0,0.0,0.0,0.0,0.0,0.0,0.0,0.0,0.0,0.0,a
495,l3649301,0.00532,0.00532,0.003192,0.010108,0.95,0.95,0.0,0.0,0.0,0.0,0.0,0.0,0.0,0.0,0.0,0.0,0.0,0.0,a
496,l3649302,0.00532,0.00532,0.003192,0.010108,0.95,0.95,0.0,0.0,0.0,0.0,0.0,0.0,0.0,0.0,0.0,0.0,0.0,0.0,a
497,l3649304,0.00532,0.00532,0.003192,0.010108,0.95,0.95,0.0,0.0,0.0,0.0,0.0,0.0,0.0,0.0,0.0,0.0,0.0,0.0,a
498,l3649305,0.002128,0.002128,0.0012768,0.004043199999999999,0.95,0.95,0.0,0.0,0.0,0.0,0.0,0.0,0.0,0.0,0.0,0.0,0.0,0.0,a
499,l3235254,0.0,0.0,0.0,0.0,0.0,0.0,0.0,0.0,0.0,0.0,0.0,0.0,0.004068,0.004068,0.0024408,0.007729199999999999,0.95,0.95,c
508,l2804262,0.002128,0.002128,0.0012768,0.004043199999999999,0.95,0.95,0.0,0.0,0.0,0.0,0.0,0.0,0.0,0.0,0.0,0.0,0.0,0.0,a
509,l2841639,0.003548,0.003548,0.0021288,0.0067412,0.95,0.95,0.0,0.0,0.0,0.0,0.0,0.0,0.0,0.0,0.0,0.0,0.0,0.0,a
511,l2729413,0.002128,0.002128,0.0012768,0.004043199999999999,0.95,0.95,0.0,0.0,0.0,0.0,0.0,0.0,0.0,0.0,0.0,0.0,0.0,0.0,a
513,l2916598,0.0014199999999999998,0.0014199999999999998,0.000852,0.002698,0.95,0.95,0.0,0.0,0.0,0.0,0.0,0.0,0.0,0.0,0.0,0.0,0.0,0.0,a
514,l3048212,0.0014199999999999998,0.0014199999999999998,0.000852,0.002698,0.95,0.95,0.0,0.0,0.0,0.0,0.0,0.0,0.0,0.0,0.0,0.0,0.0,0.0,a
515,l3120376,0.003548,0.003548,0.0021288,0.0067412,0.95,0.95,0.0,0.0,0.0,0.0,0.0,0.0,0.0,0.0,0.0,0.0,0.0,0.0,a
517,l2916599,0.003548,0.003548,0.0021288,0.0067412,0.95,0.95,0.0,0.0,0.0,0.0,0.0,0.0,0.0,0.0,0.0,0.0,0.0,0.0,a
518,l3235249,0.0014199999999999998,0.0014199999999999998,0.000852,0.002698,0.95,0.95,0.0,0.0,0.0,0.0,0.0,0.0,0.0,0.0,0.0,0.0,0.0,0.0,a
519,l2954348,0.003548,0.003548,0.0021288,0.0067412,0.95,0.95,0.0,0.0,0.0,0.0,0.0,0.0,0.0,0.0,0.0,0.0,0.0,0.0,a
520,l2841615,0.002128,0.002128,0.0012768,0.004043199999999999,0.95,0.95,0.0,0.0,0.0,0.0,0.0,0.0,0.0,0.0,0.0,0.0,0.0,0.0,a
522,l3216336,0.003548,0.003548,0.0021288,0.0067412,0.95,0.95,0.0,0.0,0.0,0.0,0.0,0.0,0.0,0.0,0.0,0.0,0.0,0.0,a
523,l2691936,0.002128,0.002128,0.0012768,0.004043199999999999,0.95,0.95,0.0,0.0,0.0,0.0,0.0,0.0,0.0,0.0,0.0,0.0,0.0,0.0,a
525,l3197618,0.002128,0.002128,0.0012768,0.004043199999999999,0.95,0.95,0.0,0.0,0.0,0.0,0.0,0.0,0.0,0.0,0.0,0.0,0.0,0.0,a
527,l3270814,0.003548,0.003548,0.0021288,0.0067412,0.95,0.95,0.0,0.0,0.0,0.0,0.0,0.0,0.0,0.0,0.0,0.0,0.0,0.0,a
528,l3141389,0.002128,0.002128,0.0012768,0.004043199999999999,0.95,0.95,0.0,0.0,0.0,0.0,0.0,0.0,0.0,0.0,0.0,0.0,0.0,0.0,a
529,l2860477,0.002128,0.002128,0.0012768,0.004043199999999999,0.95,0.95,0.0,0.0,0.0,0.0,0.0,0.0,0.0,0.0,0.0,0.0,0.0,0.0,a
530,l3216337,0.002128,0.002128,0.0012768,0.004043199999999999,0.95,0.95,0.0,0.0,0.0,0.0,0.0,0.0,0.0,0.0,0.0,0.0,0.0,0.0,a
531,l2691973,0.002128,0.002128,0.0012768,0.004043199999999999,0.95,0.95,0.0,0.0,0.0,0.0,0.0,0.0,0.0,0.0,0.0,0.0,0.0,0.0,a
533,l2954357,0.00532,0.00532,0.003192,0.010108,0.95,0.95,0.0,0.0,0.0,0.0,0.0,0.0,0.0,0.0,0.0,0.0,0.0,0.0,a
534,l2973165,0.003548,0.003548,0.0021288,0.0067412,0.95,0.95,0.0,0.0,0.0,0.0,0.0,0.0,0.0,0.0,0.0,0.0,0.0,0.0,a
536,l3197646,0.0,0.0,0.0,0.0,0.0,0.0,0.003892,0.003892,0.0023352,0.007394799999999999,0.95,0.95,0.0,0.0,0.0,0.0,0.0,0.0,b
539,l2822871,0.0,0.0,0.0,0.0,0.0,0.0,0.003892,0.003892,0.0023352,0.007394799999999999,0.95,0.95,0.0,0.0,0.0,0.0,0.0,0.0,b
547,l2820528,0.0,0.0,0.0,0.0,0.0,0.0,0.0,0.0,0.0,0.0,0.0,0.0,0.004068,0.004068,0.0024408,0.007729199999999999,0.95,0.95,c
548,l2745799,0.0,0.0,0.0,0.0,0.0,0.0,0.0,0.0,0.0,0.0,0.0,0.0,0.004068,0.004068,0.0024408,0.007729199999999999,0.95,0.95,c
549,l3120484,0.0,0.0,0.0,0.0,0.0,0.0,0.0,0.0,0.0,0.0,0.0,0.0,0.00244,0.00244,0.001464,0.004636,0.95,0.95,c
556,l3085398,0.0,0.0,0.0,0.0,0.0,0.0,0.003892,0.003892,0.0023352,0.007394799999999999,0.95,0.95,0.0,0.0,0.0,0.0,0.0,0.0,b
558,l3160102,0.0,0.0,0.0,0.0,0.0,0.0,0.003892,0.003892,0.0023352,0.007394799999999999,0.95,0.95,0.0,0.0,0.0,0.0,0.0,0.0,b
564,l3122818,0.0,0.0,0.0,0.0,0.0,0.0,0.0,0.0,0.0,0.0,0.0,0.0,0.004068,0.004068,0.0024408,0.007729199999999999,0.95,0.95,c
565,l2876814,0.0014199999999999998,0.0014199999999999998,0.000852,0.002698,0.95,0.95,0.0,0.0,0.0,0.0,0.0,0.0,0.0,0.0,0.0,0.0,0.0,0.0,a
570,l2746587,0.0,0.0,0.0,0.0,0.0,0.0,0.0,0.0,0.0,0.0,0.0,0.0,0.004068,0.004068,0.0024408,0.007729199999999999,0.95,0.95,c
572,l2991933,0.0,0.0,0.0,0.0,0.0,0.0,0.0,0.0,0.0,0.0,0.0,0.0,0.008136,0.008136,0.0048816,0.015458399999999997,0.95,0.95,c
573,l3122837,0.0,0.0,0.0,0.0,0.0,0.0,0.0,0.0,0.0,0.0,0.0,0.0,0.006104,0.006104,0.0036623999999999997,0.0115976,0.95,0.95,c
574,l3048222,0.0,0.0,0.0,0.0,0.0,0.0,0.0,0.0,0.0,0.0,0.0,0.0,0.006104,0.006104,0.0036623999999999997,0.0115976,0.95,0.95,c
576,l2673323,0.0,0.0,0.0,0.0,0.0,0.0,0.0,0.0,0.0,0.0,0.0,0.0,0.004068,0.004068,0.0024408,0.007729199999999999,0.95,0.95,c
578,l2710525,0.0,0.0,0.0,0.0,0.0,0.0,0.0,0.0,0.0,0.0,0.0,0.0,0.004068,0.004068,0.0024408,0.007729199999999999,0.95,0.95,c
582,l2689691,0.003548,0.003548,0.0021288,0.0067412,0.95,0.95,0.0,0.0,0.0,0.0,0.0,0.0,0.0,0.0,0.0,0.0,0.0,0.0,a
585,l2766730,0.0,0.0,0.0,0.0,0.0,0.0,0.002336,0.002336,0.0014016,0.0044383999999999995,0.95,0.95,0.0,0.0,0.0,0.0,0.0,0.0,b
586,l2673322,0.0,0.0,0.0,0.0,0.0,0.0,0.001556,0.001556,0.0009335999999999999,0.0029564,0.95,0.95,0.0,0.0,0.0,0.0,0.0,0.0,b
587,l2859391,0.0,0.0,0.0,0.0,0.0,0.0,0.003892,0.003892,0.0023352,0.007394799999999999,0.95,0.95,0.0,0.0,0.0,0.0,0.0,0.0,b
592,l3101789,0.003548,0.003548,0.0021288,0.0067412,0.95,0.95,0.0,0.0,0.0,0.0,0.0,0.0,0.0,0.0,0.0,0.0,0.0,0.0,a
596,l3010563,0.002128,0.002128,0.0012768,0.004043199999999999,0.95,0.95,0.0,0.0,0.0,0.0,0.0,0.0,0.0,0.0,0.0,0.0,0.0,0.0,a
597,l2841623,0.002128,0.002128,0.0012768,0.004043199999999999,0.95,0.95,0.0,0.0,0.0,0.0,0.0,0.0,0.0,0.0,0.0,0.0,0.0,0.0,a
600,l3156034,0.0014199999999999998,0.0014199999999999998,0.000852,0.002698,0.95,0.95,0.0,0.0,0.0,0.0,0.0,0.0,0.0,0.0,0.0,0.0,0.0,0.0,a
601,l3066821,0.003548,0.003548,0.0021288,0.0067412,0.95,0.95,0.0,0.0,0.0,0.0,0.0,0.0,0.0,0.0,0.0,0.0,0.0,0.0,a
603,l2748140,0.003548,0.003548,0.0021288,0.0067412,0.95,0.95,0.0,0.0,0.0,0.0,0.0,0.0,0.0,0.0,0.0,0.0,0.0,0.0,a
604,l3141412,0.002128,0.002128,0.0012768,0.004043199999999999,0.95,0.95,0.0,0.0,0.0,0.0,0.0,0.0,0.0,0.0,0.0,0.0,0.0,0.0,a
606,l3029500,0.003548,0.003548,0.0021288,0.0067412,0.95,0.95,0.0,0.0,0.0,0.0,0.0,0.0,0.0,0.0,0.0,0.0,0.0,0.0,a
608,l3178976,0.002128,0.002128,0.0012768,0.004043199999999999,0.95,0.95,0.0,0.0,0.0,0.0,0.0,0.0,0.0,0.0,0.0,0.0,0.0,0.0,a
610,l2973169,0.002128,0.002128,0.0012768,0.004043199999999999,0.95,0.95,0.0,0.0,0.0,0.0,0.0,0.0,0.0,0.0,0.0,0.0,0.0,0.0,a
611,l3216346,0.002128,0.002128,0.0012768,0.004043199999999999,0.95,0.95,0.0,0.0,0.0,0.0,0.0,0.0,0.0,0.0,0.0,0.0,0.0,0.0,a
612,l2858163,0.002128,0.002128,0.0012768,0.004043199999999999,0.95,0.95,0.0,0.0,0.0,0.0,0.0,0.0,0.0,0.0,0.0,0.0,0.0,0.0,a
613,l2766747,0.003548,0.003548,0.0021288,0.0067412,0.95,0.95,0.0,0.0,0.0,0.0,0.0,0.0,0.0,0.0,0.0,0.0,0.0,0.0,a
616,l3065696,0.003548,0.003548,0.0021288,0.0067412,0.95,0.95,0.0,0.0,0.0,0.0,0.0,0.0,0.0,0.0,0.0,0.0,0.0,0.0,a
617,l3047058,0.00532,0.00532,0.003192,0.010108,0.95,0.95,0.0,0.0,0.0,0.0,0.0,0.0,0.0,0.0,0.0,0.0,0.0,0.0,a
618,l3178982,0.003548,0.003548,0.0021288,0.0067412,0.95,0.95,0.0,0.0,0.0,0.0,0.0,0.0,0.0,0.0,0.0,0.0,0.0,0.0,a
620,l2914323,0.0,0.0,0.0,0.0,0.0,0.0,0.001556,0.001556,0.0009335999999999999,0.0029564,0.95,0.95,0.0,0.0,0.0,0.0,0.0,0.0,b
623,l2710542,0.0,0.0,0.0,0.0,0.0,0.0,0.003892,0.003892,0.0023352,0.007394799999999999,0.95,0.95,0.0,0.0,0.0,0.0,0.0,0.0,b
624,l2729430,0.0,0.0,0.0,0.0,0.0,0.0,0.003892,0.003892,0.0023352,0.007394799999999999,0.95,0.95,0.0,0.0,0.0,0.0,0.0,0.0,b
625,l2766742,0.0,0.0,0.0,0.0,0.0,0.0,0.002336,0.002336,0.0014016,0.0044383999999999995,0.95,0.95,0.0,0.0,0.0,0.0,0.0,0.0,b
627,l3254234,0.0,0.0,0.0,0.0,0.0,0.0,0.003892,0.003892,0.0023352,0.007394799999999999,0.95,0.95,0.0,0.0,0.0,0.0,0.0,0.0,b
628,l3104114,0.0,0.0,0.0,0.0,0.0,0.0,0.003892,0.003892,0.0023352,0.007394799999999999,0.95,0.95,0.0,0.0,0.0,0.0,0.0,0.0,b
630,l2691939,0.0,0.0,0.0,0.0,0.0,0.0,0.003892,0.003892,0.0023352,0.007394799999999999,0.95,0.95,0.0,0.0,0.0,0.0,0.0,0.0,b
631,l2860478,0.0,0.0,0.0,0.0,0.0,0.0,0.002336,0.002336,0.0014016,0.0044383999999999995,0.95,0.95,0.0,0.0,0.0,0.0,0.0,0.0,b
632,l2822858,0.0,0.0,0.0,0.0,0.0,0.0,0.003892,0.003892,0.0023352,0.007394799999999999,0.95,0.95,0.0,0.0,0.0,0.0,0.0,0.0,b
633,l2822857,0.0,0.0,0.0,0.0,0.0,0.0,0.002336,0.002336,0.0014016,0.0044383999999999995,0.95,0.95,0.0,0.0,0.0,0.0,0.0,0.0,b
634,l2954338,0.0,0.0,0.0,0.0,0.0,0.0,0.003892,0.003892,0.0023352,0.007394799999999999,0.95,0.95,0.0,0.0,0.0,0.0,0.0,0.0,b
636,l2766715,0.0,0.0,0.0,0.0,0.0,0.0,0.002336,0.002336,0.0014016,0.0044383999999999995,0.95,0.95,0.0,0.0,0.0,0.0,0.0,0.0,b
637,l3254206,0.0,0.0,0.0,0.0,0.0,0.0,0.003892,0.003892,0.0023352,0.007394799999999999,0.95,0.95,0.0,0.0,0.0,0.0,0.0,0.0,b
641,l2801896,0.0,0.0,0.0,0.0,0.0,0.0,0.002336,0.002336,0.0014016,0.0044383999999999995,0.95,0.95,0.0,0.0,0.0,0.0,0.0,0.0,b
643,l2673326,0.0,0.0,0.0,0.0,0.0,0.0,0.002336,0.002336,0.0014016,0.0044383999999999995,0.95,0.95,0.0,0.0,0.0,0.0,0.0,0.0,b
644,l2691938,0.0,0.0,0.0,0.0,0.0,0.0,0.003892,0.003892,0.0023352,0.007394799999999999,0.95,0.95,0.0,0.0,0.0,0.0,0.0,0.0,b
646,l2991901,0.0,0.0,0.0,0.0,0.0,0.0,0.003892,0.003892,0.0023352,0.007394799999999999,0.95,0.95,0.0,0.0,0.0,0.0,0.0,0.0,b
648,l3231269,0.0,0.0,0.0,0.0,0.0,0.0,0.002336,0.002336,0.0014016,0.0044383999999999995,0.95,0.95,0.0,0.0,0.0,0.0,0.0,0.0,b
649,l2911069,0.0,0.0,0.0,0.0,0.0,0.0,0.002336,0.002336,0.0014016,0.0044383999999999995,0.95,0.95,0.0,0.0,0.0,0.0,0.0,0.0,b
650,l2948732,0.0,0.0,0.0,0.0,0.0,0.0,0.002336,0.002336,0.0014016,0.0044383999999999995,0.95,0.95,0.0,0.0,0.0,0.0,0.0,0.0,b
651,l3216338,0.0,0.0,0.0,0.0,0.0,0.0,0.003892,0.003892,0.0023352,0.007394799999999999,0.95,0.95,0.0,0.0,0.0,0.0,0.0,0.0,b
652,l2973146,0.0,0.0,0.0,0.0,0.0,0.0,0.003892,0.003892,0.0023352,0.007394799999999999,0.95,0.95,0.0,0.0,0.0,0.0,0.0,0.0,b
653,l2804245,0.0,0.0,0.0,0.0,0.0,0.0,0.003892,0.003892,0.0023352,0.007394799999999999,0.95,0.95,0.0,0.0,0.0,0.0,0.0,0.0,b
655,l3251806,0.0,0.0,0.0,0.0,0.0,0.0,0.002336,0.002336,0.0014016,0.0044383999999999995,0.95,0.95,0.0,0.0,0.0,0.0,0.0,0.0,b
656,l3160108,0.0,0.0,0.0,0.0,0.0,0.0,0.005836,0.005836,0.0035016,0.0110884,0.95,0.95,0.0,0.0,0.0,0.0,0.0,0.0,b
657,l3029510,0.0,0.0,0.0,0.0,0.0,0.0,0.002336,0.002336,0.0014016,0.0044383999999999995,0.95,0.95,0.0,0.0,0.0,0.0,0.0,0.0,b
658,l2729409,0.0,0.0,0.0,0.0,0.0,0.0,0.003892,0.003892,0.0023352,0.007394799999999999,0.95,0.95,0.0,0.0,0.0,0.0,0.0,0.0,b
659,l2841624,0.0,0.0,0.0,0.0,0.0,0.0,0.002336,0.002336,0.0014016,0.0044383999999999995,0.95,0.95,0.0,0.0,0.0,0.0,0.0,0.0,b
661,l2748139,0.0,0.0,0.0,0.0,0.0,0.0,0.002336,0.002336,0.0014016,0.0044383999999999995,0.95,0.95,0.0,0.0,0.0,0.0,0.0,0.0,b
662,l2991927,0.0,0.0,0.0,0.0,0.0,0.0,0.003892,0.003892,0.0023352,0.007394799999999999,0.95,0.95,0.0,0.0,0.0,0.0,0.0,0.0,b
663,l2860479,0.0,0.0,0.0,0.0,0.0,0.0,0.001556,0.001556,0.0009335999999999999,0.0029564,0.95,0.95,0.0,0.0,0.0,0.0,0.0,0.0,b
665,l3178969,0.0,0.0,0.0,0.0,0.0,0.0,0.002336,0.002336,0.0014016,0.0044383999999999995,0.95,0.95,0.0,0.0,0.0,0.0,0.0,0.0,b
666,l2729401,0.0,0.0,0.0,0.0,0.0,0.0,0.002336,0.002336,0.0014016,0.0044383999999999995,0.95,0.95,0.0,0.0,0.0,0.0,0.0,0.0,b
669,l3315860,0.0,0.0,0.0,0.0,0.0,0.0,0.002336,0.002336,0.0014016,0.0044383999999999995,0.95,0.95,0.0,0.0,0.0,0.0,0.0,0.0,b
671,l3177881,0.0,0.0,0.0,0.0,0.0,0.0,0.0,0.0,0.0,0.0,0.0,0.0,0.004068,0.004068,0.0024408,0.007729199999999999,0.95,0.95,c
673,l2685805,0.003548,0.003548,0.0021288,0.0067412,0.95,0.95,0.0,0.0,0.0,0.0,0.0,0.0,0.0,0.0,0.0,0.0,0.0,0.0,a
675,l3122817,0.0,0.0,0.0,0.0,0.0,0.0,0.0,0.0,0.0,0.0,0.0,0.0,0.00244,0.00244,0.001464,0.004636,0.95,0.95,c
676,l2673314,0.0,0.0,0.0,0.0,0.0,0.0,0.0,0.0,0.0,0.0,0.0,0.0,0.0016279999999999999,0.0016279999999999999,0.0009767999999999999,0.0030931999999999995,0.95,0.95,c
679,l3197634,0.0,0.0,0.0,0.0,0.0,0.0,0.005836,0.005836,0.0035016,0.0110884,0.95,0.95,0.0,0.0,0.0,0.0,0.0,0.0,b
684,l3122816,0.0,0.0,0.0,0.0,0.0,0.0,0.003892,0.003892,0.0023352,0.007394799999999999,0.95,0.95,0.0,0.0,0.0,0.0,0.0,0.0,b
685,l3160103,0.0,0.0,0.0,0.0,0.0,0.0,0.0,0.0,0.0,0.0,0.0,0.0,0.00244,0.00244,0.001464,0.004636,0.95,0.95,c
688,l2804256,0.0,0.0,0.0,0.0,0.0,0.0,0.001556,0.001556,0.0009335999999999999,0.0029564,0.95,0.95,0.0,0.0,0.0,0.0,0.0,0.0,b
691,l3632979,0.002128,0.002128,0.0012768,0.004043199999999999,0.95,0.95,0.0,0.0,0.0,0.0,0.0,0.0,0.0,0.0,0.0,0.0,0.0,0.0,a
700,l2916608,0.0,0.0,0.0,0.0,0.0,0.0,0.0,0.0,0.0,0.0,0.0,0.0,0.0016279999999999999,0.0016279999999999999,0.0009767999999999999,0.0030931999999999995,0.95,0.95,c
702,l2673313,0.0,0.0,0.0,0.0,0.0,0.0,0.003892,0.003892,0.0023352,0.007394799999999999,0.95,0.95,0.0,0.0,0.0,0.0,0.0,0.0,b
706,l2804257,0.0,0.0,0.0,0.0,0.0,0.0,0.002336,0.002336,0.0014016,0.0044383999999999995,0.95,0.95,0.0,0.0,0.0,0.0,0.0,0.0,b
707,l2860485,0.0,0.0,0.0,0.0,0.0,0.0,0.002336,0.002336,0.0014016,0.0044383999999999995,0.95,0.95,0.0,0.0,0.0,0.0,0.0,0.0,b
708,l2860506,0.0,0.0,0.0,0.0,0.0,0.0,0.002336,0.002336,0.0014016,0.0044383999999999995,0.95,0.95,0.0,0.0,0.0,0.0,0.0,0.0,b
710,l2785522,0.0,0.0,0.0,0.0,0.0,0.0,0.003892,0.003892,0.0023352,0.007394799999999999,0.95,0.95,0.0,0.0,0.0,0.0,0.0,0.0,b
713,l3122815,0.0,0.0,0.0,0.0,0.0,0.0,0.002336,0.002336,0.0014016,0.0044383999999999995,0.95,0.95,0.0,0.0,0.0,0.0,0.0,0.0,b
714,l3254213,0.0,0.0,0.0,0.0,0.0,0.0,0.003892,0.003892,0.0023352,0.007394799999999999,0.95,0.95,0.0,0.0,0.0,0.0,0.0,0.0,b
722,l3215340,0.003548,0.003548,0.0021288,0.0067412,0.95,0.95,0.0,0.0,0.0,0.0,0.0,0.0,0.0,0.0,0.0,0.0,0.0,0.0,a
724,l2726983,0.00532,0.00532,0.003192,0.010108,0.95,0.95,0.0,0.0,0.0,0.0,0.0,0.0,0.0,0.0,0.0,0.0,0.0,0.0,a
726,l2764412,0.003548,0.003548,0.0021288,0.0067412,0.95,0.95,0.0,0.0,0.0,0.0,0.0,0.0,0.0,0.0,0.0,0.0,0.0,0.0,a
728,l3251808,0.002128,0.002128,0.0012768,0.004043199999999999,0.95,0.95,0.0,0.0,0.0,0.0,0.0,0.0,0.0,0.0,0.0,0.0,0.0,0.0,a
731,l3101788,0.003548,0.003548,0.0021288,0.0067412,0.95,0.95,0.0,0.0,0.0,0.0,0.0,0.0,0.0,0.0,0.0,0.0,0.0,0.0,a
732,l3101787,0.003548,0.003548,0.0021288,0.0067412,0.95,0.95,0.0,0.0,0.0,0.0,0.0,0.0,0.0,0.0,0.0,0.0,0.0,0.0,a
733,l3027132,0.002128,0.002128,0.0012768,0.004043199999999999,0.95,0.95,0.0,0.0,0.0,0.0,0.0,0.0,0.0,0.0,0.0,0.0,0.0,0.0,a
735,l3195327,0.002128,0.002128,0.0012768,0.004043199999999999,0.95,0.95,0.0,0.0,0.0,0.0,0.0,0.0,0.0,0.0,0.0,0.0,0.0,0.0,a
736,l3139103,0.003548,0.003548,0.0021288,0.0067412,0.95,0.95,0.0,0.0,0.0,0.0,0.0,0.0,0.0,0.0,0.0,0.0,0.0,0.0,a
737,l2876812,0.002128,0.002128,0.0012768,0.004043199999999999,0.95,0.95,0.0,0.0,0.0,0.0,0.0,0.0,0.0,0.0,0.0,0.0,0.0,0.0,a
738,l2970811,0.003548,0.003548,0.0021288,0.0067412,0.95,0.95,0.0,0.0,0.0,0.0,0.0,0.0,0.0,0.0,0.0,0.0,0.0,0.0,a
746,l3120504,0.002128,0.002128,0.0012768,0.004043199999999999,0.95,0.95,0.0,0.0,0.0,0.0,0.0,0.0,0.0,0.0,0.0,0.0,0.0,0.0,a
751,l2989571,0.002128,0.002128,0.0012768,0.004043199999999999,0.95,0.95,0.0,0.0,0.0,0.0,0.0,0.0,0.0,0.0,0.0,0.0,0.0,0.0,a
752,l3177894,0.003548,0.003548,0.0021288,0.0067412,0.95,0.95,0.0,0.0,0.0,0.0,0.0,0.0,0.0,0.0,0.0,0.0,0.0,0.0,a
753,l3082993,0.003548,0.003548,0.0021288,0.0067412,0.95,0.95,0.0,0.0,0.0,0.0,0.0,0.0,0.0,0.0,0.0,0.0,0.0,0.0,a
755,l3312692,0.003548,0.003548,0.0021288,0.0067412,0.95,0.95,0.0,0.0,0.0,0.0,0.0,0.0,0.0,0.0,0.0,0.0,0.0,0.0,a
757,l3120503,0.002128,0.002128,0.0012768,0.004043199999999999,0.95,0.95,0.0,0.0,0.0,0.0,0.0,0.0,0.0,0.0,0.0,0.0,0.0,0.0,a
758,l3251807,0.003548,0.003548,0.0021288,0.0067412,0.95,0.95,0.0,0.0,0.0,0.0,0.0,0.0,0.0,0.0,0.0,0.0,0.0,0.0,a
759,l2858175,0.002128,0.002128,0.0012768,0.004043199999999999,0.95,0.95,0.0,0.0,0.0,0.0,0.0,0.0,0.0,0.0,0.0,0.0,0.0,0.0,a
762,l3008248,0.002128,0.002128,0.0012768,0.004043199999999999,0.95,0.95,0.0,0.0,0.0,0.0,0.0,0.0,0.0,0.0,0.0,0.0,0.0,0.0,a
763,l3140238,0.003548,0.003548,0.0021288,0.0067412,0.95,0.95,0.0,0.0,0.0,0.0,0.0,0.0,0.0,0.0,0.0,0.0,0.0,0.0,a
775,l3010564,0.0,0.0,0.0,0.0,0.0,0.0,0.0,0.0,0.0,0.0,0.0,0.0,0.00244,0.00244,0.001464,0.004636,0.95,0.95,c
776,l2710515,0.0,0.0,0.0,0.0,0.0,0.0,0.0,0.0,0.0,0.0,0.0,0.0,0.006104,0.006104,0.0036623999999999997,0.0115976,0.95,0.95,c
779,l2766746,0.0,0.0,0.0,0.0,0.0,0.0,0.0,0.0,0.0,0.0,0.0,0.0,0.004068,0.004068,0.0024408,0.007729199999999999,0.95,0.95,c
782,l3235241,0.0,0.0,0.0,0.0,0.0,0.0,0.0,0.0,0.0,0.0,0.0,0.0,0.004068,0.004068,0.0024408,0.007729199999999999,0.95,0.95,c
783,l2691941,0.0,0.0,0.0,0.0,0.0,0.0,0.0,0.0,0.0,0.0,0.0,0.0,0.004068,0.004068,0.0024408,0.007729199999999999,0.95,0.95,c
784,l3235267,0.0,0.0,0.0,0.0,0.0,0.0,0.0,0.0,0.0,0.0,0.0,0.0,0.004068,0.004068,0.0024408,0.007729199999999999,0.95,0.95,c
786,l3235268,0.0,0.0,0.0,0.0,0.0,0.0,0.0,0.0,0.0,0.0,0.0,0.0,0.004068,0.004068,0.0024408,0.007729199999999999,0.95,0.95,c
788,l2841645,0.0,0.0,0.0,0.0,0.0,0.0,0.0,0.0,0.0,0.0,0.0,0.0,0.004068,0.004068,0.0024408,0.007729199999999999,0.95,0.95,c
789,l3066829,0.0,0.0,0.0,0.0,0.0,0.0,0.0,0.0,0.0,0.0,0.0,0.0,0.004068,0.004068,0.0024408,0.007729199999999999,0.95,0.95,c
790,l3104118,0.0,0.0,0.0,0.0,0.0,0.0,0.0,0.0,0.0,0.0,0.0,0.0,0.006104,0.006104,0.0036623999999999997,0.0115976,0.95,0.95,c
791,l2748126,0.0,0.0,0.0,0.0,0.0,0.0,0.0,0.0,0.0,0.0,0.0,0.0,0.004068,0.004068,0.0024408,0.007729199999999999,0.95,0.95,c
792,l2879089,0.0,0.0,0.0,0.0,0.0,0.0,0.0,0.0,0.0,0.0,0.0,0.0,0.006104,0.006104,0.0036623999999999997,0.0115976,0.95,0.95,c
794,l2916607,0.0,0.0,0.0,0.0,0.0,0.0,0.0,0.0,0.0,0.0,0.0,0.0,0.004068,0.004068,0.0024408,0.007729199999999999,0.95,0.95,c
795,l3235248,0.0,0.0,0.0,0.0,0.0,0.0,0.0,0.0,0.0,0.0,0.0,0.0,0.00244,0.00244,0.001464,0.004636,0.95,0.95,c
798,l2766744,0.0,0.0,0.0,0.0,0.0,0.0,0.003892,0.003892,0.0023352,0.007394799999999999,0.95,0.95,0.0,0.0,0.0,0.0,0.0,0.0,b
800,l2731712,0.0,0.0,0.0,0.0,0.0,0.0,0.003892,0.003892,0.0023352,0.007394799999999999,0.95,0.95,0.0,0.0,0.0,0.0,0.0,0.0,b
802,l2785543,0.0,0.0,0.0,0.0,0.0,0.0,0.003892,0.003892,0.0023352,0.007394799999999999,0.95,0.95,0.0,0.0,0.0,0.0,0.0,0.0,b
803,l3010580,0.0,0.0,0.0,0.0,0.0,0.0,0.002336,0.002336,0.0014016,0.0044383999999999995,0.95,0.95,0.0,0.0,0.0,0.0,0.0,0.0,b
804,l3216361,0.0,0.0,0.0,0.0,0.0,0.0,0.003892,0.003892,0.0023352,0.007394799999999999,0.95,0.95,0.0,0.0,0.0,0.0,0.0,0.0,b
805,l2729434,0.0,0.0,0.0,0.0,0.0,0.0,0.002336,0.002336,0.0014016,0.0044383999999999995,0.95,0.95,0.0,0.0,0.0,0.0,0.0,0.0,b
806,l2748152,0.0,0.0,0.0,0.0,0.0,0.0,0.002336,0.002336,0.0014016,0.0044383999999999995,0.95,0.95,0.0,0.0,0.0,0.0,0.0,0.0,b
808,l2710516,0.003548,0.003548,0.0021288,0.0067412,0.95,0.95,0.0,0.0,0.0,0.0,0.0,0.0,0.0,0.0,0.0,0.0,0.0,0.0,a
809,l2691944,0.003548,0.003548,0.0021288,0.0067412,0.95,0.95,0.0,0.0,0.0,0.0,0.0,0.0,0.0,0.0,0.0,0.0,0.0,0.0,a
810,l2673312,0.003548,0.003548,0.0021288,0.0067412,0.95,0.95,0.0,0.0,0.0,0.0,0.0,0.0,0.0,0.0,0.0,0.0,0.0,0.0,a
811,l3235247,0.002128,0.002128,0.0012768,0.004043199999999999,0.95,0.95,0.0,0.0,0.0,0.0,0.0,0.0,0.0,0.0,0.0,0.0,0.0,0.0,a
819,l2935556,0.0,0.0,0.0,0.0,0.0,0.0,0.003892,0.003892,0.0023352,0.007394799999999999,0.95,0.95,0.0,0.0,0.0,0.0,0.0,0.0,b
821,l3104124,0.0,0.0,0.0,0.0,0.0,0.0,0.002336,0.002336,0.0014016,0.0044383999999999995,0.95,0.95,0.0,0.0,0.0,0.0,0.0,0.0,b
824,l2954347,0.0,0.0,0.0,0.0,0.0,0.0,0.003892,0.003892,0.0023352,0.007394799999999999,0.95,0.95,0.0,0.0,0.0,0.0,0.0,0.0,b
826,l2764399,0.0,0.0,0.0,0.0,0.0,0.0,0.002336,0.002336,0.0014016,0.0044383999999999995,0.95,0.95,0.0,0.0,0.0,0.0,0.0,0.0,b
827,l3008232,0.0,0.0,0.0,0.0,0.0,0.0,0.001556,0.001556,0.0009335999999999999,0.0029564,0.95,0.95,0.0,0.0,0.0,0.0,0.0,0.0,b
829,l2766720,0.003548,0.003548,0.0021288,0.0067412,0.95,0.95,0.0,0.0,0.0,0.0,0.0,0.0,0.0,0.0,0.0,0.0,0.0,0.0,a
830,l2729408,0.0,0.0,0.0,0.0,0.0,0.0,0.003892,0.003892,0.0023352,0.007394799999999999,0.95,0.95,0.0,0.0,0.0,0.0,0.0,0.0,b
832,l2991909,0.003548,0.003548,0.0021288,0.0067412,0.95,0.95,0.0,0.0,0.0,0.0,0.0,0.0,0.0,0.0,0.0,0.0,0.0,0.0,a
834,l2710536,0.003548,0.003548,0.0021288,0.0067412,0.95,0.95,0.0,0.0,0.0,0.0,0.0,0.0,0.0,0.0,0.0,0.0,0.0,0.0,a
838,l3197638,0.003548,0.003548,0.0021288,0.0067412,0.95,0.95,0.0,0.0,0.0,0.0,0.0,0.0,0.0,0.0,0.0,0.0,0.0,0.0,a
841,l2935557,0.00532,0.00532,0.003192,0.010108,0.95,0.95,0.0,0.0,0.0,0.0,0.0,0.0,0.0,0.0,0.0,0.0,0.0,0.0,a
843,l2673311,0.003548,0.003548,0.0021288,0.0067412,0.95,0.95,0.0,0.0,0.0,0.0,0.0,0.0,0.0,0.0,0.0,0.0,0.0,0.0,a
844,l2766748,0.002128,0.002128,0.0012768,0.004043199999999999,0.95,0.95,0.0,0.0,0.0,0.0,0.0,0.0,0.0,0.0,0.0,0.0,0.0,0.0,a
847,l2876813,0.003548,0.003548,0.0021288,0.0067412,0.95,0.95,0.0,0.0,0.0,0.0,0.0,0.0,0.0,0.0,0.0,0.0,0.0,0.0,a
848,l2785531,0.002128,0.002128,0.0012768,0.004043199999999999,0.95,0.95,0.0,0.0,0.0,0.0,0.0,0.0,0.0,0.0,0.0,0.0,0.0,0.0,a
849,l3216358,0.003548,0.003548,0.0021288,0.0067412,0.95,0.95,0.0,0.0,0.0,0.0,0.0,0.0,0.0,0.0,0.0,0.0,0.0,0.0,a
851,l2952013,0.0014199999999999998,0.0014199999999999998,0.000852,0.002698,0.95,0.95,0.0,0.0,0.0,0.0,0.0,0.0,0.0,0.0,0.0,0.0,0.0,0.0,a
853,l3141403,0.003548,0.003548,0.0021288,0.0067412,0.95,0.95,0.0,0.0,0.0,0.0,0.0,0.0,0.0,0.0,0.0,0.0,0.0,0.0,a
855,l2857591,0.002128,0.002128,0.0012768,0.004043199999999999,0.95,0.95,0.0,0.0,0.0,0.0,0.0,0.0,0.0,0.0,0.0,0.0,0.0,0.0,a
856,l3027133,0.003548,0.003548,0.0021288,0.0067412,0.95,0.95,0.0,0.0,0.0,0.0,0.0,0.0,0.0,0.0,0.0,0.0,0.0,0.0,a
859,l3122847,0.002128,0.002128,0.0012768,0.004043199999999999,0.95,0.95,0.0,0.0,0.0,0.0,0.0,0.0,0.0,0.0,0.0,0.0,0.0,0.0,a
860,l2785546,0.003548,0.003548,0.0021288,0.0067412,0.95,0.95,0.0,0.0,0.0,0.0,0.0,0.0,0.0,0.0,0.0,0.0,0.0,0.0,a
862,l2914324,0.000708,0.000708,0.00042479999999999997,0.0013452,0.95,0.95,0.0,0.0,0.0,0.0,0.0,0.0,0.0,0.0,0.0,0.0,0.0,0.0,a
864,l3010585,0.00532,0.00532,0.003192,0.010108,0.95,0.95,0.0,0.0,0.0,0.0,0.0,0.0,0.0,0.0,0.0,0.0,0.0,0.0,a
866,l2952014,0.002128,0.002128,0.0012768,0.004043199999999999,0.95,0.95,0.0,0.0,0.0,0.0,0.0,0.0,0.0,0.0,0.0,0.0,0.0,0.0,a
867,l3120502,0.002128,0.002128,0.0012768,0.004043199999999999,0.95,0.95,0.0,0.0,0.0,0.0,0.0,0.0,0.0,0.0,0.0,0.0,0.0,0.0,a
869,l2821010,0.00532,0.00532,0.003192,0.010108,0.95,0.95,0.0,0.0,0.0,0.0,0.0,0.0,0.0,0.0,0.0,0.0,0.0,0.0,a
872,l3233353,0.002128,0.002128,0.0012768,0.004043199999999999,0.95,0.95,0.0,0.0,0.0,0.0,0.0,0.0,0.0,0.0,0.0,0.0,0.0,0.0,a
873,l3195751,0.003548,0.003548,0.0021288,0.0067412,0.95,0.95,0.0,0.0,0.0,0.0,0.0,0.0,0.0,0.0,0.0,0.0,0.0,0.0,a
874,l2895461,0.003548,0.003548,0.0021288,0.0067412,0.95,0.95,0.0,0.0,0.0,0.0,0.0,0.0,0.0,0.0,0.0,0.0,0.0,0.0,a
876,l2879087,0.002128,0.002128,0.0012768,0.004043199999999999,0.95,0.95,0.0,0.0,0.0,0.0,0.0,0.0,0.0,0.0,0.0,0.0,0.0,0.0,a
877,l2785529,0.0,0.0,0.0,0.0,0.0,0.0,0.0,0.0,0.0,0.0,0.0,0.0,0.004068,0.004068,0.0024408,0.007729199999999999,0.95,0.95,c
880,l3342743,0.0,0.0,0.0,0.0,0.0,0.0,0.0,0.0,0.0,0.0,0.0,0.0,0.0016279999999999999,0.0016279999999999999,0.0009767999999999999,0.0030931999999999995,0.95,0.95,c
883,l3197661,0.0,0.0,0.0,0.0,0.0,0.0,0.0,0.0,0.0,0.0,0.0,0.0,0.00244,0.00244,0.001464,0.004636,0.95,0.95,c
884,l3122848,0.0,0.0,0.0,0.0,0.0,0.0,0.0,0.0,0.0,0.0,0.0,0.0,0.00244,0.00244,0.001464,0.004636,0.95,0.95,c
891,l3645812,0.0,0.0,0.0,0.0,0.0,0.0,0.0,0.0,0.0,0.0,0.0,0.0,0.006104,0.006104,0.0036623999999999997,0.0115976,0.95,0.95,c
896,l3645809,0.0,0.0,0.0,0.0,0.0,0.0,0.0,0.0,0.0,0.0,0.0,0.0,0.008136,0.008136,0.0048816,0.015458399999999997,0.95,0.95,c
897,l3645810,0.0,0.0,0.0,0.0,0.0,0.0,0.0,0.0,0.0,0.0,0.0,0.0,0.012208,0.012208,0.007324799999999999,0.0231952,0.95,0.95,c
899,l3645811,0.0,0.0,0.0,0.0,0.0,0.0,0.0,0.0,0.0,0.0,0.0,0.0,0.012208,0.012208,0.007324799999999999,0.0231952,0.95,0.95,c
903,l3029506,0.0,0.0,0.0,0.0,0.0,0.0,0.001556,0.001556,0.0009335999999999999,0.0029564,0.95,0.95,0.0,0.0,0.0,0.0,0.0,0.0,b
905,l2973160,0.0,0.0,0.0,0.0,0.0,0.0,0.002336,0.002336,0.0014016,0.0044383999999999995,0.95,0.95,0.0,0.0,0.0,0.0,0.0,0.0,b
910,l3253995,0.0,0.0,0.0,0.0,0.0,0.0,0.0,0.0,0.0,0.0,0.0,0.0,0.00244,0.00244,0.001464,0.004636,0.95,0.95,c
915,l2972930,0.003548,0.003548,0.0021288,0.0067412,0.95,0.95,0.0,0.0,0.0,0.0,0.0,0.0,0.0,0.0,0.0,0.0,0.0,0.0,a
921,l2729206,0.0,0.0,0.0,0.0,0.0,0.0,0.0,0.0,0.0,0.0,0.0,0.0,0.006104,0.006104,0.0036623999999999997,0.0115976,0.95,0.95,c
922,l2729207,0.0,0.0,0.0,0.0,0.0,0.0,0.0,0.0,0.0,0.0,0.0,0.0,0.008136,0.008136,0.0048816,0.015458399999999997,0.95,0.95,c
925,l2878848,0.0,0.0,0.0,0.0,0.0,0.0,0.0,0.0,0.0,0.0,0.0,0.0,0.006104,0.006104,0.0036623999999999997,0.0115976,0.95,0.95,c
926,l2766499,0.0,0.0,0.0,0.0,0.0,0.0,0.0,0.0,0.0,0.0,0.0,0.0,0.008136,0.008136,0.0048816,0.015458399999999997,0.95,0.95,c
928,l2897554,0.0,0.0,0.0,0.0,0.0,0.0,0.0,0.0,0.0,0.0,0.0,0.0,0.008136,0.008136,0.0048816,0.015458399999999997,0.95,0.95,c
930,l3216123,0.002128,0.002128,0.0012768,0.004043199999999999,0.95,0.95,0.0,0.0,0.0,0.0,0.0,0.0,0.0,0.0,0.0,0.0,0.0,0.0,a
934,l3104123,0.0,0.0,0.0,0.0,0.0,0.0,0.0,0.0,0.0,0.0,0.0,0.0,0.00244,0.00244,0.001464,0.004636,0.95,0.95,c
935,l2973153,0.002128,0.002128,0.0012768,0.004043199999999999,0.95,0.95,0.0,0.0,0.0,0.0,0.0,0.0,0.0,0.0,0.0,0.0,0.0,0.0,a
939,l2822866,0.0,0.0,0.0,0.0,0.0,0.0,0.003892,0.003892,0.0023352,0.007394799999999999,0.95,0.95,0.0,0.0,0.0,0.0,0.0,0.0,b
945,l2929261,0.002128,0.002128,0.0012768,0.004043199999999999,0.95,0.95,0.0,0.0,0.0,0.0,0.0,0.0,0.0,0.0,0.0,0.0,0.0,0.0,a
948,l3159645,0.003548,0.003548,0.0021288,0.0067412,0.95,0.95,0.0,0.0,0.0,0.0,0.0,0.0,0.0,0.0,0.0,0.0,0.0,0.0,a
949,l2983432,0.003548,0.003548,0.0021288,0.0067412,0.95,0.95,0.0,0.0,0.0,0.0,0.0,0.0,0.0,0.0,0.0,0.0,0.0,0.0,a
950,l2935554,0.0014199999999999998,0.0014199999999999998,0.000852,0.002698,0.95,0.95,0.0,0.0,0.0,0.0,0.0,0.0,0.0,0.0,0.0,0.0,0.0,0.0,a
953,l2954345,0.0,0.0,0.0,0.0,0.0,0.0,0.0,0.0,0.0,0.0,0.0,0.0,0.00244,0.00244,0.001464,0.004636,0.95,0.95,c
954,l2895449,0.0,0.0,0.0,0.0,0.0,0.0,0.0,0.0,0.0,0.0,0.0,0.0,0.004068,0.004068,0.0024408,0.007729199999999999,0.95,0.95,c
960,l3176656,0.003548,0.003548,0.0021288,0.0067412,0.95,0.95,0.0,0.0,0.0,0.0,0.0,0.0,0.0,0.0,0.0,0.0,0.0,0.0,a
961,l2841621,0.0,0.0,0.0,0.0,0.0,0.0,0.0,0.0,0.0,0.0,0.0,0.0,0.004068,0.004068,0.0024408,0.007729199999999999,0.95,0.95,c
966,l2973155,0.002128,0.002128,0.0012768,0.004043199999999999,0.95,0.95,0.0,0.0,0.0,0.0,0.0,0.0,0.0,0.0,0.0,0.0,0.0,0.0,a
967,l3784018,0.0014199999999999998,0.0014199999999999998,0.000852,0.002698,0.95,0.95,0.0,0.0,0.0,0.0,0.0,0.0,0.0,0.0,0.0,0.0,0.0,0.0,a
969,l2876797,0.002128,0.002128,0.0012768,0.004043199999999999,0.95,0.95,0.0,0.0,0.0,0.0,0.0,0.0,0.0,0.0,0.0,0.0,0.0,0.0,a
973,l2876796,0.002128,0.002128,0.0012768,0.004043199999999999,0.95,0.95,0.0,0.0,0.0,0.0,0.0,0.0,0.0,0.0,0.0,0.0,0.0,0.0,a
977,l2973154,0.002128,0.002128,0.0012768,0.004043199999999999,0.95,0.95,0.0,0.0,0.0,0.0,0.0,0.0,0.0,0.0,0.0,0.0,0.0,0.0,a
978,l2879069,0.0014199999999999998,0.0014199999999999998,0.000852,0.002698,0.95,0.95,0.0,0.0,0.0,0.0,0.0,0.0,0.0,0.0,0.0,0.0,0.0,0.0,a
979,l3197633,0.003548,0.003548,0.0021288,0.0067412,0.95,0.95,0.0,0.0,0.0,0.0,0.0,0.0,0.0,0.0,0.0,0.0,0.0,0.0,a
980,l3066812,0.003548,0.003548,0.0021288,0.0067412,0.95,0.95,0.0,0.0,0.0,0.0,0.0,0.0,0.0,0.0,0.0,0.0,0.0,0.0,a
981,l2841622,0.002128,0.002128,0.0012768,0.004043199999999999,0.95,0.95,0.0,0.0,0.0,0.0,0.0,0.0,0.0,0.0,0.0,0.0,0.0,0.0,a
982,l2804254,0.003548,0.003548,0.0021288,0.0067412,0.95,0.95,0.0,0.0,0.0,0.0,0.0,0.0,0.0,0.0,0.0,0.0,0.0,0.0,a
987,l3178971,0.002128,0.002128,0.0012768,0.004043199999999999,0.95,0.95,0.0,0.0,0.0,0.0,0.0,0.0,0.0,0.0,0.0,0.0,0.0,0.0,a
988,l2879067,0.003548,0.003548,0.0021288,0.0067412,0.95,0.95,0.0,0.0,0.0,0.0,0.0,0.0,0.0,0.0,0.0,0.0,0.0,0.0,a
994,l3197632,0.0,0.0,0.0,0.0,0.0,0.0,0.002336,0.002336,0.0014016,0.0044383999999999995,0.95,0.95,0.0,0.0,0.0,0.0,0.0,0.0,b
995,l2710514,0.0,0.0,0.0,0.0,0.0,0.0,0.003892,0.003892,0.0023352,0.007394799999999999,0.95,0.95,0.0,0.0,0.0,0.0,0.0,0.0,b
997,l3157710,0.0,0.0,0.0,0.0,0.0,0.0,0.002336,0.002336,0.0014016,0.0044383999999999995,0.95,0.95,0.0,0.0,0.0,0.0,0.0,0.0,b
1003,l3048203,0.0,0.0,0.0,0.0,0.0,0.0,0.003892,0.003892,0.0023352,0.007394799999999999,0.95,0.95,0.0,0.0,0.0,0.0,0.0,0.0,b
1004,l2860500,0.0,0.0,0.0,0.0,0.0,0.0,0.002336,0.002336,0.0014016,0.0044383999999999995,0.95,0.95,0.0,0.0,0.0,0.0,0.0,0.0,b
1006,l3010562,0.0,0.0,0.0,0.0,0.0,0.0,0.002336,0.002336,0.0014016,0.0044383999999999995,0.95,0.95,0.0,0.0,0.0,0.0,0.0,0.0,b
1008,l3160117,0.0,0.0,0.0,0.0,0.0,0.0,0.003892,0.003892,0.0023352,0.007394799999999999,0.95,0.95,0.0,0.0,0.0,0.0,0.0,0.0,b
1009,l3215549,0.0,0.0,0.0,0.0,0.0,0.0,0.003892,0.003892,0.0023352,0.007394799999999999,0.95,0.95,0.0,0.0,0.0,0.0,0.0,0.0,b
1010,l2897800,0.0,0.0,0.0,0.0,0.0,0.0,0.001556,0.001556,0.0009335999999999999,0.0029564,0.95,0.95,0.0,0.0,0.0,0.0,0.0,0.0,b
1012,l2989432,0.0,0.0,0.0,0.0,0.0,0.0,0.003892,0.003892,0.0023352,0.007394799999999999,0.95,0.95,0.0,0.0,0.0,0.0,0.0,0.0,b
1013,l3066830,0.0,0.0,0.0,0.0,0.0,0.0,0.003892,0.003892,0.0023352,0.007394799999999999,0.95,0.95,0.0,0.0,0.0,0.0,0.0,0.0,b
1014,l3197660,0.0,0.0,0.0,0.0,0.0,0.0,0.003892,0.003892,0.0023352,0.007394799999999999,0.95,0.95,0.0,0.0,0.0,0.0,0.0,0.0,b
1017,l2935568,0.0,0.0,0.0,0.0,0.0,0.0,0.002336,0.002336,0.0014016,0.0044383999999999995,0.95,0.95,0.0,0.0,0.0,0.0,0.0,0.0,b
1018,l3235246,0.0,0.0,0.0,0.0,0.0,0.0,0.002336,0.002336,0.0014016,0.0044383999999999995,0.95,0.95,0.0,0.0,0.0,0.0,0.0,0.0,b
1019,l2710512,0.0,0.0,0.0,0.0,0.0,0.0,0.003892,0.003892,0.0023352,0.007394799999999999,0.95,0.95,0.0,0.0,0.0,0.0,0.0,0.0,b
1021,l2710513,0.0,0.0,0.0,0.0,0.0,0.0,0.001556,0.001556,0.0009335999999999999,0.0029564,0.95,0.95,0.0,0.0,0.0,0.0,0.0,0.0,b
1026,l2710504,0.0,0.0,0.0,0.0,0.0,0.0,0.005836,0.005836,0.0035016,0.0110884,0.95,0.95,0.0,0.0,0.0,0.0,0.0,0.0,b
1028,l3159037,0.0,0.0,0.0,0.0,0.0,0.0,0.005836,0.005836,0.0035016,0.0110884,0.95,0.95,0.0,0.0,0.0,0.0,0.0,0.0,b
1030,l2690941,0.0,0.0,0.0,0.0,0.0,0.0,0.003892,0.003892,0.0023352,0.007394799999999999,0.95,0.95,0.0,0.0,0.0,0.0,0.0,0.0,b
1031,l3234185,0.0,0.0,0.0,0.0,0.0,0.0,0.003892,0.003892,0.0023352,0.007394799999999999,0.95,0.95,0.0,0.0,0.0,0.0,0.0,0.0,b
1032,l3065750,0.0,0.0,0.0,0.0,0.0,0.0,0.003892,0.003892,0.0023352,0.007394799999999999,0.95,0.95,0.0,0.0,0.0,0.0,0.0,0.0,b
1033,l2748124,0.0,0.0,0.0,0.0,0.0,0.0,0.003892,0.003892,0.0023352,0.007394799999999999,0.95,0.95,0.0,0.0,0.0,0.0,0.0,0.0,b
1034,l2726975,0.0,0.0,0.0,0.0,0.0,0.0,0.002336,0.002336,0.0014016,0.0044383999999999995,0.95,0.95,0.0,0.0,0.0,0.0,0.0,0.0,b
1035,l2954346,0.0,0.0,0.0,0.0,0.0,0.0,0.003892,0.003892,0.0023352,0.007394799999999999,0.95,0.95,0.0,0.0,0.0,0.0,0.0,0.0,b
1037,l2710505,0.0,0.0,0.0,0.0,0.0,0.0,0.002336,0.002336,0.0014016,0.0044383999999999995,0.95,0.95,0.0,0.0,0.0,0.0,0.0,0.0,b
1038,l3178974,0.0,0.0,0.0,0.0,0.0,0.0,0.002336,0.002336,0.0014016,0.0044383999999999995,0.95,0.95,0.0,0.0,0.0,0.0,0.0,0.0,b
1041,l3448661,0.0,0.0,0.0,0.0,0.0,0.0,0.002336,0.002336,0.0014016,0.0044383999999999995,0.95,0.95,0.0,0.0,0.0,0.0,0.0,0.0,b
1042,l2691943,0.0,0.0,0.0,0.0,0.0,0.0,0.002336,0.002336,0.0014016,0.0044383999999999995,0.95,0.95,0.0,0.0,0.0,0.0,0.0,0.0,b
1043,l3216344,0.0,0.0,0.0,0.0,0.0,0.0,0.0077800000000000005,0.0077800000000000005,0.004668,0.014782,0.95,0.95,0.0,0.0,0.0,0.0,0.0,0.0,b
1044,l2860501,0.0,0.0,0.0,0.0,0.0,0.0,0.003892,0.003892,0.0023352,0.007394799999999999,0.95,0.95,0.0,0.0,0.0,0.0,0.0,0.0,b
1048,l2879068,0.0,0.0,0.0,0.0,0.0,0.0,0.003892,0.003892,0.0023352,0.007394799999999999,0.95,0.95,0.0,0.0,0.0,0.0,0.0,0.0,b
1050,l2973152,0.0,0.0,0.0,0.0,0.0,0.0,0.003892,0.003892,0.0023352,0.007394799999999999,0.95,0.95,0.0,0.0,0.0,0.0,0.0,0.0,b
1052,l3178975,0.0,0.0,0.0,0.0,0.0,0.0,0.003892,0.003892,0.0023352,0.007394799999999999,0.95,0.95,0.0,0.0,0.0,0.0,0.0,0.0,b
1053,l2748131,0.0,0.0,0.0,0.0,0.0,0.0,0.002336,0.002336,0.0014016,0.0044383999999999995,0.95,0.95,0.0,0.0,0.0,0.0,0.0,0.0,b
1054,l2729427,0.0,0.0,0.0,0.0,0.0,0.0,0.002336,0.002336,0.0014016,0.0044383999999999995,0.95,0.95,0.0,0.0,0.0,0.0,0.0,0.0,b
1058,l2860483,0.0,0.0,0.0,0.0,0.0,0.0,0.003892,0.003892,0.0023352,0.007394799999999999,0.95,0.95,0.0,0.0,0.0,0.0,0.0,0.0,b
1059,l3141397,0.0,0.0,0.0,0.0,0.0,0.0,0.003892,0.003892,0.0023352,0.007394799999999999,0.95,0.95,0.0,0.0,0.0,0.0,0.0,0.0,b
1060,l2879066,0.0,0.0,0.0,0.0,0.0,0.0,0.002336,0.002336,0.0014016,0.0044383999999999995,0.95,0.95,0.0,0.0,0.0,0.0,0.0,0.0,b
1061,l3048207,0.0,0.0,0.0,0.0,0.0,0.0,0.002336,0.002336,0.0014016,0.0044383999999999995,0.95,0.95,0.0,0.0,0.0,0.0,0.0,0.0,b
1063,l2935553,0.0,0.0,0.0,0.0,0.0,0.0,0.003892,0.003892,0.0023352,0.007394799999999999,0.95,0.95,0.0,0.0,0.0,0.0,0.0,0.0,b
1068,l2897765,0.0,0.0,0.0,0.0,0.0,0.0,0.002336,0.002336,0.0014016,0.0044383999999999995,0.95,0.95,0.0,0.0,0.0,0.0,0.0,0.0,b
1070,l2916603,0.0,0.0,0.0,0.0,0.0,0.0,0.002336,0.002336,0.0014016,0.0044383999999999995,0.95,0.95,0.0,0.0,0.0,0.0,0.0,0.0,b
1072,l2684420,0.0,0.0,0.0,0.0,0.0,0.0,0.002336,0.002336,0.0014016,0.0044383999999999995,0.95,0.95,0.0,0.0,0.0,0.0,0.0,0.0,b
1075,l3197624,0.0,0.0,0.0,0.0,0.0,0.0,0.00078,0.00078,0.00046800000000000005,0.001482,0.95,0.95,0.0,0.0,0.0,0.0,0.0,0.0,b
1077,l2860480,0.0,0.0,0.0,0.0,0.0,0.0,0.003892,0.003892,0.0023352,0.007394799999999999,0.95,0.95,0.0,0.0,0.0,0.0,0.0,0.0,b
1078,l2710508,0.0,0.0,0.0,0.0,0.0,0.0,0.002336,0.002336,0.0014016,0.0044383999999999995,0.95,0.95,0.0,0.0,0.0,0.0,0.0,0.0,b
1079,l2822860,0.0,0.0,0.0,0.0,0.0,0.0,0.003892,0.003892,0.0023352,0.007394799999999999,0.95,0.95,0.0,0.0,0.0,0.0,0.0,0.0,b
1082,l3048199,0.0,0.0,0.0,0.0,0.0,0.0,0.002336,0.002336,0.0014016,0.0044383999999999995,0.95,0.95,0.0,0.0,0.0,0.0,0.0,0.0,b
1084,l3254203,0.0,0.0,0.0,0.0,0.0,0.0,0.002336,0.002336,0.0014016,0.0044383999999999995,0.95,0.95,0.0,0.0,0.0,0.0,0.0,0.0,b
1085,l3122810,0.0,0.0,0.0,0.0,0.0,0.0,0.003892,0.003892,0.0023352,0.007394799999999999,0.95,0.95,0.0,0.0,0.0,0.0,0.0,0.0,b
1086,l2785512,0.0,0.0,0.0,0.0,0.0,0.0,0.003892,0.003892,0.0023352,0.007394799999999999,0.95,0.95,0.0,0.0,0.0,0.0,0.0,0.0,b
1088,l2973149,0.0,0.0,0.0,0.0,0.0,0.0,0.002336,0.002336,0.0014016,0.0044383999999999995,0.95,0.95,0.0,0.0,0.0,0.0,0.0,0.0,b
1089,l2804248,0.0,0.0,0.0,0.0,0.0,0.0,0.001556,0.001556,0.0009335999999999999,0.0029564,0.95,0.95,0.0,0.0,0.0,0.0,0.0,0.0,b
1091,l3160100,0.0,0.0,0.0,0.0,0.0,0.0,0.002336,0.002336,0.0014016,0.0044383999999999995,0.95,0.95,0.0,0.0,0.0,0.0,0.0,0.0,b
1092,l3085390,0.0,0.0,0.0,0.0,0.0,0.0,0.002336,0.002336,0.0014016,0.0044383999999999995,0.95,0.95,0.0,0.0,0.0,0.0,0.0,0.0,b
1094,l2673343,0.0,0.0,0.0,0.0,0.0,0.0,0.002336,0.002336,0.0014016,0.0044383999999999995,0.95,0.95,0.0,0.0,0.0,0.0,0.0,0.0,b
1096,l3085397,0.0,0.0,0.0,0.0,0.0,0.0,0.003892,0.003892,0.0023352,0.007394799999999999,0.95,0.95,0.0,0.0,0.0,0.0,0.0,0.0,b
1098,l3066811,0.0,0.0,0.0,0.0,0.0,0.0,0.003892,0.003892,0.0023352,0.007394799999999999,0.95,0.95,0.0,0.0,0.0,0.0,0.0,0.0,b
1099,l2860484,0.0,0.0,0.0,0.0,0.0,0.0,0.002336,0.002336,0.0014016,0.0044383999999999995,0.95,0.95,0.0,0.0,0.0,0.0,0.0,0.0,b
1101,l2991908,0.002128,0.002128,0.0012768,0.004043199999999999,0.95,0.95,0.0,0.0,0.0,0.0,0.0,0.0,0.0,0.0,0.0,0.0,0.0,0.0,a
1102,l3178973,0.003548,0.003548,0.0021288,0.0067412,0.95,0.95,0.0,0.0,0.0,0.0,0.0,0.0,0.0,0.0,0.0,0.0,0.0,0.0,a
1104,l3122814,0.0,0.0,0.0,0.0,0.0,0.0,0.0,0.0,0.0,0.0,0.0,0.0,0.00244,0.00244,0.001464,0.004636,0.95,0.95,c
1107,l2860481,0.0,0.0,0.0,0.0,0.0,0.0,0.0,0.0,0.0,0.0,0.0,0.0,0.0016279999999999999,0.0016279999999999999,0.0009767999999999999,0.0030931999999999995,0.95,0.95,c
1110,l2804255,0.0,0.0,0.0,0.0,0.0,0.0,0.003892,0.003892,0.0023352,0.007394799999999999,0.95,0.95,0.0,0.0,0.0,0.0,0.0,0.0,b
1112,l2935555,0.002128,0.002128,0.0012768,0.004043199999999999,0.95,0.95,0.0,0.0,0.0,0.0,0.0,0.0,0.0,0.0,0.0,0.0,0.0,0.0,a
1113,l2897773,0.0014199999999999998,0.0014199999999999998,0.000852,0.002698,0.95,0.95,0.0,0.0,0.0,0.0,0.0,0.0,0.0,0.0,0.0,0.0,0.0,0.0,a
1114,l3197631,0.002128,0.002128,0.0012768,0.004043199999999999,0.95,0.95,0.0,0.0,0.0,0.0,0.0,0.0,0.0,0.0,0.0,0.0,0.0,0.0,a
1115,l2748127,0.002128,0.002128,0.0012768,0.004043199999999999,0.95,0.95,0.0,0.0,0.0,0.0,0.0,0.0,0.0,0.0,0.0,0.0,0.0,0.0,a
1117,l3178972,0.0,0.0,0.0,0.0,0.0,0.0,0.0,0.0,0.0,0.0,0.0,0.0,0.008136,0.008136,0.0048816,0.015458399999999997,0.95,0.95,c
1120,l2710511,0.003548,0.003548,0.0021288,0.0067412,0.95,0.95,0.0,0.0,0.0,0.0,0.0,0.0,0.0,0.0,0.0,0.0,0.0,0.0,a
1121,l2766719,0.003548,0.003548,0.0021288,0.0067412,0.95,0.95,0.0,0.0,0.0,0.0,0.0,0.0,0.0,0.0,0.0,0.0,0.0,0.0,a
1123,l2685809,0.002128,0.002128,0.0012768,0.004043199999999999,0.95,0.95,0.0,0.0,0.0,0.0,0.0,0.0,0.0,0.0,0.0,0.0,0.0,0.0,a
1124,l2954353,0.003548,0.003548,0.0021288,0.0067412,0.95,0.95,0.0,0.0,0.0,0.0,0.0,0.0,0.0,0.0,0.0,0.0,0.0,0.0,a
1127,l2897777,0.0,0.0,0.0,0.0,0.0,0.0,0.0,0.0,0.0,0.0,0.0,0.0,0.004068,0.004068,0.0024408,0.007729199999999999,0.95,0.95,c
1132,l3157708,0.0,0.0,0.0,0.0,0.0,0.0,0.0,0.0,0.0,0.0,0.0,0.0,0.00244,0.00244,0.001464,0.004636,0.95,0.95,c
1135,l3197640,0.0,0.0,0.0,0.0,0.0,0.0,0.0,0.0,0.0,0.0,0.0,0.0,0.0016279999999999999,0.0016279999999999999,0.0009767999999999999,0.0030931999999999995,0.95,0.95,c
1137,l2820531,0.0,0.0,0.0,0.0,0.0,0.0,0.003892,0.003892,0.0023352,0.007394799999999999,0.95,0.95,0.0,0.0,0.0,0.0,0.0,0.0,b
1140,l3160109,0.0,0.0,0.0,0.0,0.0,0.0,0.003892,0.003892,0.0023352,0.007394799999999999,0.95,0.95,0.0,0.0,0.0,0.0,0.0,0.0,b
1142,l3104136,0.0,0.0,0.0,0.0,0.0,0.0,0.002336,0.002336,0.0014016,0.0044383999999999995,0.95,0.95,0.0,0.0,0.0,0.0,0.0,0.0,b
1143,l2822872,0.0,0.0,0.0,0.0,0.0,0.0,0.003892,0.003892,0.0023352,0.007394799999999999,0.95,0.95,0.0,0.0,0.0,0.0,0.0,0.0,b
1145,l2726973,0.003548,0.003548,0.0021288,0.0067412,0.95,0.95,0.0,0.0,0.0,0.0,0.0,0.0,0.0,0.0,0.0,0.0,0.0,0.0,a
1147,l3122821,0.0,0.0,0.0,0.0,0.0,0.0,0.003892,0.003892,0.0023352,0.007394799999999999,0.95,0.95,0.0,0.0,0.0,0.0,0.0,0.0,b
1149,l3177665,0.00532,0.00532,0.003192,0.010108,0.95,0.95,0.0,0.0,0.0,0.0,0.0,0.0,0.0,0.0,0.0,0.0,0.0,0.0,a
1152,l2860482,0.003548,0.003548,0.0021288,0.0067412,0.95,0.95,0.0,0.0,0.0,0.0,0.0,0.0,0.0,0.0,0.0,0.0,0.0,0.0,a
1153,l3254204,0.002128,0.002128,0.0012768,0.004043199999999999,0.95,0.95,0.0,0.0,0.0,0.0,0.0,0.0,0.0,0.0,0.0,0.0,0.0,0.0,a
1155,l3010560,0.0,0.0,0.0,0.0,0.0,0.0,0.003892,0.003892,0.0023352,0.007394799999999999,0.95,0.95,0.0,0.0,0.0,0.0,0.0,0.0,b
1161,l2673308,0.0,0.0,0.0,0.0,0.0,0.0,0.005836,0.005836,0.0035016,0.0110884,0.95,0.95,0.0,0.0,0.0,0.0,0.0,0.0,b
1162,l2991939,0.0,0.0,0.0,0.0,0.0,0.0,0.003892,0.003892,0.0023352,0.007394799999999999,0.95,0.95,0.0,0.0,0.0,0.0,0.0,0.0,b
1163,l3216367,0.0,0.0,0.0,0.0,0.0,0.0,0.003892,0.003892,0.0023352,0.007394799999999999,0.95,0.95,0.0,0.0,0.0,0.0,0.0,0.0,b
1169,l3216342,0.0,0.0,0.0,0.0,0.0,0.0,0.003892,0.003892,0.0023352,0.007394799999999999,0.95,0.95,0.0,0.0,0.0,0.0,0.0,0.0,b
1170,l2879063,0.0,0.0,0.0,0.0,0.0,0.0,0.003892,0.003892,0.0023352,0.007394799999999999,0.95,0.95,0.0,0.0,0.0,0.0,0.0,0.0,b
1172,l2876798,0.0,0.0,0.0,0.0,0.0,0.0,0.003892,0.003892,0.0023352,0.007394799999999999,0.95,0.95,0.0,0.0,0.0,0.0,0.0,0.0,b
1176,l2925506,0.0,0.0,0.0,0.0,0.0,0.0,0.0,0.0,0.0,0.0,0.0,0.0,0.004068,0.004068,0.0024408,0.007729199999999999,0.95,0.95,c
1181,l2710543,0.0,0.0,0.0,0.0,0.0,0.0,0.0,0.0,0.0,0.0,0.0,0.0,0.004068,0.004068,0.0024408,0.007729199999999999,0.95,0.95,c
1183,l3066810,0.0,0.0,0.0,0.0,0.0,0.0,0.0,0.0,0.0,0.0,0.0,0.0,0.004068,0.004068,0.0024408,0.007729199999999999,0.95,0.95,c
1184,l2897769,0.0,0.0,0.0,0.0,0.0,0.0,0.0,0.0,0.0,0.0,0.0,0.0,0.004068,0.004068,0.0024408,0.007729199999999999,0.95,0.95,c
1185,l3778577,0.0,0.0,0.0,0.0,0.0,0.0,0.0,0.0,0.0,0.0,0.0,0.0,0.004068,0.004068,0.0024408,0.007729199999999999,0.95,0.95,c
1186,l3141395,0.0,0.0,0.0,0.0,0.0,0.0,0.0,0.0,0.0,0.0,0.0,0.0,0.004068,0.004068,0.0024408,0.007729199999999999,0.95,0.95,c
1187,l2766749,0.0,0.0,0.0,0.0,0.0,0.0,0.003892,0.003892,0.0023352,0.007394799999999999,0.95,0.95,0.0,0.0,0.0,0.0,0.0,0.0,b
1192,l2935549,0.0,0.0,0.0,0.0,0.0,0.0,0.005836,0.005836,0.0035016,0.0110884,0.95,0.95,0.0,0.0,0.0,0.0,0.0,0.0,b
1200,l3122812,0.0,0.0,0.0,0.0,0.0,0.0,0.005836,0.005836,0.0035016,0.0110884,0.95,0.95,0.0,0.0,0.0,0.0,0.0,0.0,b
1203,l2766741,0.003548,0.003548,0.0021288,0.0067412,0.95,0.95,0.0,0.0,0.0,0.0,0.0,0.0,0.0,0.0,0.0,0.0,0.0,0.0,a
1205,l2822877,0.0,0.0,0.0,0.0,0.0,0.0,0.002336,0.002336,0.0014016,0.0044383999999999995,0.95,0.95,0.0,0.0,0.0,0.0,0.0,0.0,b
1211,l2973156,0.0,0.0,0.0,0.0,0.0,0.0,0.002336,0.002336,0.0014016,0.0044383999999999995,0.95,0.95,0.0,0.0,0.0,0.0,0.0,0.0,b
1213,l3029501,0.0,0.0,0.0,0.0,0.0,0.0,0.002336,0.002336,0.0014016,0.0044383999999999995,0.95,0.95,0.0,0.0,0.0,0.0,0.0,0.0,b
1215,l3197636,0.0,0.0,0.0,0.0,0.0,0.0,0.003892,0.003892,0.0023352,0.007394799999999999,0.95,0.95,0.0,0.0,0.0,0.0,0.0,0.0,b
1217,l2691949,0.0,0.0,0.0,0.0,0.0,0.0,0.003892,0.003892,0.0023352,0.007394799999999999,0.95,0.95,0.0,0.0,0.0,0.0,0.0,0.0,b
1218,l3104127,0.0,0.0,0.0,0.0,0.0,0.0,0.003892,0.003892,0.0023352,0.007394799999999999,0.95,0.95,0.0,0.0,0.0,0.0,0.0,0.0,b
1219,l3235252,0.0,0.0,0.0,0.0,0.0,0.0,0.003892,0.003892,0.0023352,0.007394799999999999,0.95,0.95,0.0,0.0,0.0,0.0,0.0,0.0,b
1221,l2897774,0.0,0.0,0.0,0.0,0.0,0.0,0.002336,0.002336,0.0014016,0.0044383999999999995,0.95,0.95,0.0,0.0,0.0,0.0,0.0,0.0,b
1222,l2822867,0.0,0.0,0.0,0.0,0.0,0.0,0.002336,0.002336,0.0014016,0.0044383999999999995,0.95,0.95,0.0,0.0,0.0,0.0,0.0,0.0,b
1224,l3066813,0.0,0.0,0.0,0.0,0.0,0.0,0.002336,0.002336,0.0014016,0.0044383999999999995,0.95,0.95,0.0,0.0,0.0,0.0,0.0,0.0,b
1225,l2991910,0.0,0.0,0.0,0.0,0.0,0.0,0.002336,0.002336,0.0014016,0.0044383999999999995,0.95,0.95,0.0,0.0,0.0,0.0,0.0,0.0,b
1226,l2879072,0.0,0.0,0.0,0.0,0.0,0.0,0.002336,0.002336,0.0014016,0.0044383999999999995,0.95,0.95,0.0,0.0,0.0,0.0,0.0,0.0,b
1228,l2804258,0.0,0.0,0.0,0.0,0.0,0.0,0.003892,0.003892,0.0023352,0.007394799999999999,0.95,0.95,0.0,0.0,0.0,0.0,0.0,0.0,b
1229,l3197635,0.0,0.0,0.0,0.0,0.0,0.0,0.002336,0.002336,0.0014016,0.0044383999999999995,0.95,0.95,0.0,0.0,0.0,0.0,0.0,0.0,b
1233,l2766722,0.0,0.0,0.0,0.0,0.0,0.0,0.003892,0.003892,0.0023352,0.007394799999999999,0.95,0.95,0.0,0.0,0.0,0.0,0.0,0.0,b
1234,l2879071,0.0,0.0,0.0,0.0,0.0,0.0,0.003892,0.003892,0.0023352,0.007394799999999999,0.95,0.95,0.0,0.0,0.0,0.0,0.0,0.0,b
1235,l3029504,0.0,0.0,0.0,0.0,0.0,0.0,0.003892,0.003892,0.0023352,0.007394799999999999,0.95,0.95,0.0,0.0,0.0,0.0,0.0,0.0,b
1236,l3046854,0.0,0.0,0.0,0.0,0.0,0.0,0.005836,0.005836,0.0035016,0.0110884,0.95,0.95,0.0,0.0,0.0,0.0,0.0,0.0,b
1238,l2691948,0.0,0.0,0.0,0.0,0.0,0.0,0.002336,0.002336,0.0014016,0.0044383999999999995,0.95,0.95,0.0,0.0,0.0,0.0,0.0,0.0,b
1239,l2785547,0.0,0.0,0.0,0.0,0.0,0.0,0.003892,0.003892,0.0023352,0.007394799999999999,0.95,0.95,0.0,0.0,0.0,0.0,0.0,0.0,b
1241,l2710546,0.0,0.0,0.0,0.0,0.0,0.0,0.003892,0.003892,0.0023352,0.007394799999999999,0.95,0.95,0.0,0.0,0.0,0.0,0.0,0.0,b
1243,l3254214,0.0,0.0,0.0,0.0,0.0,0.0,0.003892,0.003892,0.0023352,0.007394799999999999,0.95,0.95,0.0,0.0,0.0,0.0,0.0,0.0,b
1244,l3214112,0.0,0.0,0.0,0.0,0.0,0.0,0.002336,0.002336,0.0014016,0.0044383999999999995,0.95,0.95,0.0,0.0,0.0,0.0,0.0,0.0,b
1245,l3160104,0.0,0.0,0.0,0.0,0.0,0.0,0.003892,0.003892,0.0023352,0.007394799999999999,0.95,0.95,0.0,0.0,0.0,0.0,0.0,0.0,b
1247,l3216349,0.0,0.0,0.0,0.0,0.0,0.0,0.002336,0.002336,0.0014016,0.0044383999999999995,0.95,0.95,0.0,0.0,0.0,0.0,0.0,0.0,b
1248,l2973180,0.0,0.0,0.0,0.0,0.0,0.0,0.003892,0.003892,0.0023352,0.007394799999999999,0.95,0.95,0.0,0.0,0.0,0.0,0.0,0.0,b
1249,l2879077,0.0,0.0,0.0,0.0,0.0,0.0,0.002336,0.002336,0.0014016,0.0044383999999999995,0.95,0.95,0.0,0.0,0.0,0.0,0.0,0.0,b
1253,l2841634,0.0,0.0,0.0,0.0,0.0,0.0,0.005836,0.005836,0.0035016,0.0110884,0.95,0.95,0.0,0.0,0.0,0.0,0.0,0.0,b
1254,l2991915,0.0,0.0,0.0,0.0,0.0,0.0,0.003892,0.003892,0.0023352,0.007394799999999999,0.95,0.95,0.0,0.0,0.0,0.0,0.0,0.0,b
1255,l2673320,0.0,0.0,0.0,0.0,0.0,0.0,0.003892,0.003892,0.0023352,0.007394799999999999,0.95,0.95,0.0,0.0,0.0,0.0,0.0,0.0,b
1256,l3048209,0.0,0.0,0.0,0.0,0.0,0.0,0.003892,0.003892,0.0023352,0.007394799999999999,0.95,0.95,0.0,0.0,0.0,0.0,0.0,0.0,b
1260,l3029183,0.0,0.0,0.0,0.0,0.0,0.0,0.002336,0.002336,0.0014016,0.0044383999999999995,0.95,0.95,0.0,0.0,0.0,0.0,0.0,0.0,b
1261,l2991916,0.0,0.0,0.0,0.0,0.0,0.0,0.003892,0.003892,0.0023352,0.007394799999999999,0.95,0.95,0.0,0.0,0.0,0.0,0.0,0.0,b
1262,l3139086,0.0,0.0,0.0,0.0,0.0,0.0,0.003892,0.003892,0.0023352,0.007394799999999999,0.95,0.95,0.0,0.0,0.0,0.0,0.0,0.0,b
1263,l3029520,0.0,0.0,0.0,0.0,0.0,0.0,0.002336,0.002336,0.0014016,0.0044383999999999995,0.95,0.95,0.0,0.0,0.0,0.0,0.0,0.0,b
1264,l2913406,0.0,0.0,0.0,0.0,0.0,0.0,0.005836,0.005836,0.0035016,0.0110884,0.95,0.95,0.0,0.0,0.0,0.0,0.0,0.0,b
1265,l2954349,0.0,0.0,0.0,0.0,0.0,0.0,0.003892,0.003892,0.0023352,0.007394799999999999,0.95,0.95,0.0,0.0,0.0,0.0,0.0,0.0,b
1266,l3235250,0.0,0.0,0.0,0.0,0.0,0.0,0.001556,0.001556,0.0009335999999999999,0.0029564,0.95,0.95,0.0,0.0,0.0,0.0,0.0,0.0,b
1267,l2879061,0.0,0.0,0.0,0.0,0.0,0.0,0.001556,0.001556,0.0009335999999999999,0.0029564,0.95,0.95,0.0,0.0,0.0,0.0,0.0,0.0,b
1268,l3085391,0.0,0.0,0.0,0.0,0.0,0.0,0.0077800000000000005,0.0077800000000000005,0.004668,0.014782,0.95,0.95,0.0,0.0,0.0,0.0,0.0,0.0,b
1270,l3181545,0.0,0.0,0.0,0.0,0.0,0.0,0.0,0.0,0.0,0.0,0.0,0.0,0.00244,0.00244,0.001464,0.004636,0.95,0.95,c
1272,l3125349,0.0,0.0,0.0,0.0,0.0,0.0,0.0,0.0,0.0,0.0,0.0,0.0,0.004068,0.004068,0.0024408,0.007729199999999999,0.95,0.95,c
1274,l3143999,0.003548,0.003548,0.0021288,0.0067412,0.95,0.95,0.0,0.0,0.0,0.0,0.0,0.0,0.0,0.0,0.0,0.0,0.0,0.0,a
1279,l3159448,0.003548,0.003548,0.0021288,0.0067412,0.95,0.95,0.0,0.0,0.0,0.0,0.0,0.0,0.0,0.0,0.0,0.0,0.0,0.0,a
1284,l3232301,0.0,0.0,0.0,0.0,0.0,0.0,0.0,0.0,0.0,0.0,0.0,0.0,0.012208,0.012208,0.007324799999999999,0.0231952,0.95,0.95,c
1286,l2763811,0.0,0.0,0.0,0.0,0.0,0.0,0.0,0.0,0.0,0.0,0.0,0.0,0.012208,0.012208,0.007324799999999999,0.0231952,0.95,0.95,c
1287,l2763812,0.0,0.0,0.0,0.0,0.0,0.0,0.0,0.0,0.0,0.0,0.0,0.0,0.012208,0.012208,0.007324799999999999,0.0231952,0.95,0.95,c
1288,l2951995,0.0,0.0,0.0,0.0,0.0,0.0,0.0,0.0,0.0,0.0,0.0,0.0,0.012208,0.012208,0.007324799999999999,0.0231952,0.95,0.95,c
1289,l3101194,0.0,0.0,0.0,0.0,0.0,0.0,0.0,0.0,0.0,0.0,0.0,0.0,0.012208,0.012208,0.007324799999999999,0.0231952,0.95,0.95,c
1290,l2862616,0.0,0.0,0.0,0.0,0.0,0.0,0.0,0.0,0.0,0.0,0.0,0.0,0.012208,0.012208,0.007324799999999999,0.0231952,0.95,0.95,c
1293,l2970258,0.0,0.0,0.0,0.0,0.0,0.0,0.0,0.0,0.0,0.0,0.0,0.0,0.006104,0.006104,0.0036623999999999997,0.0115976,0.95,0.95,c
1301,l2821770,0.00532,0.00532,0.003192,0.010108,0.95,0.95,0.0,0.0,0.0,0.0,0.0,0.0,0.0,0.0,0.0,0.0,0.0,0.0,a
1304,l2915534,0.00532,0.00532,0.003192,0.010108,0.95,0.95,0.0,0.0,0.0,0.0,0.0,0.0,0.0,0.0,0.0,0.0,0.0,0.0,a
1310,l2803194,0.0,0.0,0.0,0.0,0.0,0.0,0.0,0.0,0.0,0.0,0.0,0.0,0.006104,0.006104,0.0036623999999999997,0.0115976,0.95,0.95,c
1311,l3047073,0.0,0.0,0.0,0.0,0.0,0.0,0.0,0.0,0.0,0.0,0.0,0.0,0.004068,0.004068,0.0024408,0.007729199999999999,0.95,0.95,c
1313,l2690868,0.0,0.0,0.0,0.0,0.0,0.0,0.0,0.0,0.0,0.0,0.0,0.0,0.008136,0.008136,0.0048816,0.015458399999999997,0.95,0.95,c
1323,l3235243,0.0,0.0,0.0,0.0,0.0,0.0,0.0,0.0,0.0,0.0,0.0,0.0,0.004068,0.004068,0.0024408,0.007729199999999999,0.95,0.95,c
1327,l3254207,0.002128,0.002128,0.0012768,0.004043199999999999,0.95,0.95,0.0,0.0,0.0,0.0,0.0,0.0,0.0,0.0,0.0,0.0,0.0,0.0,a
1329,l2897801,0.00532,0.00532,0.003192,0.010108,0.95,0.95,0.0,0.0,0.0,0.0,0.0,0.0,0.0,0.0,0.0,0.0,0.0,0.0,a
1331,l2785514,0.003548,0.003548,0.0021288,0.0067412,0.95,0.95,0.0,0.0,0.0,0.0,0.0,0.0,0.0,0.0,0.0,0.0,0.0,0.0,a
1332,l3235244,0.003548,0.003548,0.0021288,0.0067412,0.95,0.95,0.0,0.0,0.0,0.0,0.0,0.0,0.0,0.0,0.0,0.0,0.0,0.0,a
1334,l3010559,0.002128,0.002128,0.0012768,0.004043199999999999,0.95,0.95,0.0,0.0,0.0,0.0,0.0,0.0,0.0,0.0,0.0,0.0,0.0,0.0,a
1335,l2785513,0.003548,0.003548,0.0021288,0.0067412,0.95,0.95,0.0,0.0,0.0,0.0,0.0,0.0,0.0,0.0,0.0,0.0,0.0,0.0,a
1336,l3160101,0.003548,0.003548,0.0021288,0.0067412,0.95,0.95,0.0,0.0,0.0,0.0,0.0,0.0,0.0,0.0,0.0,0.0,0.0,0.0,a
1337,l3066805,0.003548,0.003548,0.0021288,0.0067412,0.95,0.95,0.0,0.0,0.0,0.0,0.0,0.0,0.0,0.0,0.0,0.0,0.0,0.0,a
1338,l2841618,0.003548,0.003548,0.0021288,0.0067412,0.95,0.95,0.0,0.0,0.0,0.0,0.0,0.0,0.0,0.0,0.0,0.0,0.0,0.0,a
1339,l2991905,0.00532,0.00532,0.003192,0.010108,0.95,0.95,0.0,0.0,0.0,0.0,0.0,0.0,0.0,0.0,0.0,0.0,0.0,0.0,a
1342,l3122811,0.003548,0.003548,0.0021288,0.0067412,0.95,0.95,0.0,0.0,0.0,0.0,0.0,0.0,0.0,0.0,0.0,0.0,0.0,0.0,a
1345,l2822861,0.003548,0.003548,0.0021288,0.0067412,0.95,0.95,0.0,0.0,0.0,0.0,0.0,0.0,0.0,0.0,0.0,0.0,0.0,0.0,a
1346,l2841616,0.003548,0.003548,0.0021288,0.0067412,0.95,0.95,0.0,0.0,0.0,0.0,0.0,0.0,0.0,0.0,0.0,0.0,0.0,0.0,a
1349,l2973178,0.0,0.0,0.0,0.0,0.0,0.0,0.002336,0.002336,0.0014016,0.0044383999999999995,0.95,0.95,0.0,0.0,0.0,0.0,0.0,0.0,b
1351,l3029518,0.0,0.0,0.0,0.0,0.0,0.0,0.003892,0.003892,0.0023352,0.007394799999999999,0.95,0.95,0.0,0.0,0.0,0.0,0.0,0.0,b
1352,l2897807,0.0,0.0,0.0,0.0,0.0,0.0,0.002336,0.002336,0.0014016,0.0044383999999999995,0.95,0.95,0.0,0.0,0.0,0.0,0.0,0.0,b
1354,l3160123,0.002128,0.002128,0.0012768,0.004043199999999999,0.95,0.95,0.0,0.0,0.0,0.0,0.0,0.0,0.0,0.0,0.0,0.0,0.0,0.0,a
1355,l2897805,0.003548,0.003548,0.0021288,0.0067412,0.95,0.95,0.0,0.0,0.0,0.0,0.0,0.0,0.0,0.0,0.0,0.0,0.0,0.0,a
1359,l3048227,0.003548,0.003548,0.0021288,0.0067412,0.95,0.95,0.0,0.0,0.0,0.0,0.0,0.0,0.0,0.0,0.0,0.0,0.0,0.0,a
1364,l3010561,0.002128,0.002128,0.0012768,0.004043199999999999,0.95,0.95,0.0,0.0,0.0,0.0,0.0,0.0,0.0,0.0,0.0,0.0,0.0,0.0,a
1367,l3141396,0.0,0.0,0.0,0.0,0.0,0.0,0.0,0.0,0.0,0.0,0.0,0.0,0.00244,0.00244,0.001464,0.004636,0.95,0.95,c
1368,l3066808,0.0,0.0,0.0,0.0,0.0,0.0,0.0,0.0,0.0,0.0,0.0,0.0,0.00244,0.00244,0.001464,0.004636,0.95,0.95,c
1372,l2785517,0.0,0.0,0.0,0.0,0.0,0.0,0.0,0.0,0.0,0.0,0.0,0.0,0.0016279999999999999,0.0016279999999999999,0.0009767999999999999,0.0030931999999999995,0.95,0.95,c
1373,l3066809,0.0,0.0,0.0,0.0,0.0,0.0,0.0,0.0,0.0,0.0,0.0,0.0,0.004068,0.004068,0.0024408,0.007729199999999999,0.95,0.95,c
1376,l2748125,0.0,0.0,0.0,0.0,0.0,0.0,0.0,0.0,0.0,0.0,0.0,0.0,0.004068,0.004068,0.0024408,0.007729199999999999,0.95,0.95,c
1377,l2673303,0.0,0.0,0.0,0.0,0.0,0.0,0.0,0.0,0.0,0.0,0.0,0.0,0.00244,0.00244,0.001464,0.004636,0.95,0.95,c
1379,l2933120,0.0,0.0,0.0,0.0,0.0,0.0,0.0,0.0,0.0,0.0,0.0,0.0,0.006104,0.006104,0.0036623999999999997,0.0115976,0.95,0.95,c
1380,l3104117,0.0,0.0,0.0,0.0,0.0,0.0,0.0,0.0,0.0,0.0,0.0,0.0,0.006104,0.006104,0.0036623999999999997,0.0115976,0.95,0.95,c
1382,l2745806,0.0,0.0,0.0,0.0,0.0,0.0,0.0,0.0,0.0,0.0,0.0,0.0,0.004068,0.004068,0.0024408,0.007729199999999999,0.95,0.95,c
1383,l2954344,0.0,0.0,0.0,0.0,0.0,0.0,0.0,0.0,0.0,0.0,0.0,0.0,0.004068,0.004068,0.0024408,0.007729199999999999,0.95,0.95,c
1384,l2897767,0.0,0.0,0.0,0.0,0.0,0.0,0.0,0.0,0.0,0.0,0.0,0.0,0.004068,0.004068,0.0024408,0.007729199999999999,0.95,0.95,c
1385,l3254208,0.0,0.0,0.0,0.0,0.0,0.0,0.0,0.0,0.0,0.0,0.0,0.0,0.004068,0.004068,0.0024408,0.007729199999999999,0.95,0.95,c
1388,l3104119,0.003548,0.003548,0.0021288,0.0067412,0.95,0.95,0.0,0.0,0.0,0.0,0.0,0.0,0.0,0.0,0.0,0.0,0.0,0.0,a
1392,l3254209,0.0,0.0,0.0,0.0,0.0,0.0,0.0,0.0,0.0,0.0,0.0,0.0,0.006104,0.006104,0.0036623999999999997,0.0115976,0.95,0.95,c
1393,l2766716,0.0,0.0,0.0,0.0,0.0,0.0,0.0,0.0,0.0,0.0,0.0,0.0,0.00244,0.00244,0.001464,0.004636,0.95,0.95,c
1394,l3235245,0.0,0.0,0.0,0.0,0.0,0.0,0.0,0.0,0.0,0.0,0.0,0.0,0.00244,0.00244,0.001464,0.004636,0.95,0.95,c
1396,l3729297,0.003548,0.003548,0.0021288,0.0067412,0.95,0.95,0.0,0.0,0.0,0.0,0.0,0.0,0.0,0.0,0.0,0.0,0.0,0.0,a
1397,l3729298,0.00532,0.00532,0.003192,0.010108,0.95,0.95,0.0,0.0,0.0,0.0,0.0,0.0,0.0,0.0,0.0,0.0,0.0,0.0,a
1398,l3727707,0.003548,0.003548,0.0021288,0.0067412,0.95,0.95,0.0,0.0,0.0,0.0,0.0,0.0,0.0,0.0,0.0,0.0,0.0,0.0,a
1399,l3727708,0.002128,0.002128,0.0012768,0.004043199999999999,0.95,0.95,0.0,0.0,0.0,0.0,0.0,0.0,0.0,0.0,0.0,0.0,0.0,0.0,a
1401,l3727711,0.002128,0.002128,0.0012768,0.004043199999999999,0.95,0.95,0.0,0.0,0.0,0.0,0.0,0.0,0.0,0.0,0.0,0.0,0.0,0.0,a
1402,l3727712,0.003548,0.003548,0.0021288,0.0067412,0.95,0.95,0.0,0.0,0.0,0.0,0.0,0.0,0.0,0.0,0.0,0.0,0.0,0.0,a
1403,l3728037,0.003548,0.003548,0.0021288,0.0067412,0.95,0.95,0.0,0.0,0.0,0.0,0.0,0.0,0.0,0.0,0.0,0.0,0.0,0.0,a
1405,l3728038,0.003548,0.003548,0.0021288,0.0067412,0.95,0.95,0.0,0.0,0.0,0.0,0.0,0.0,0.0,0.0,0.0,0.0,0.0,0.0,a
1406,l3728039,0.00532,0.00532,0.003192,0.010108,0.95,0.95,0.0,0.0,0.0,0.0,0.0,0.0,0.0,0.0,0.0,0.0,0.0,0.0,a
1407,l3728040,0.00532,0.00532,0.003192,0.010108,0.95,0.95,0.0,0.0,0.0,0.0,0.0,0.0,0.0,0.0,0.0,0.0,0.0,0.0,a
1408,l3728041,0.003548,0.003548,0.0021288,0.0067412,0.95,0.95,0.0,0.0,0.0,0.0,0.0,0.0,0.0,0.0,0.0,0.0,0.0,0.0,a
1409,l3728042,0.00532,0.00532,0.003192,0.010108,0.95,0.95,0.0,0.0,0.0,0.0,0.0,0.0,0.0,0.0,0.0,0.0,0.0,0.0,a
1410,l3728043,0.00532,0.00532,0.003192,0.010108,0.95,0.95,0.0,0.0,0.0,0.0,0.0,0.0,0.0,0.0,0.0,0.0,0.0,0.0,a
1411,l3727709,0.00532,0.00532,0.003192,0.010108,0.95,0.95,0.0,0.0,0.0,0.0,0.0,0.0,0.0,0.0,0.0,0.0,0.0,0.0,a
1412,l3727710,0.00532,0.00532,0.003192,0.010108,0.95,0.95,0.0,0.0,0.0,0.0,0.0,0.0,0.0,0.0,0.0,0.0,0.0,0.0,a
1417,l2991914,0.0,0.0,0.0,0.0,0.0,0.0,0.0,0.0,0.0,0.0,0.0,0.0,0.00244,0.00244,0.001464,0.004636,0.95,0.95,c
1419,l2841635,0.002128,0.002128,0.0012768,0.004043199999999999,0.95,0.95,0.0,0.0,0.0,0.0,0.0,0.0,0.0,0.0,0.0,0.0,0.0,0.0,a
1420,l2822869,0.003548,0.003548,0.0021288,0.0067412,0.95,0.95,0.0,0.0,0.0,0.0,0.0,0.0,0.0,0.0,0.0,0.0,0.0,0.0,a
1423,l2729410,0.0,0.0,0.0,0.0,0.0,0.0,0.0,0.0,0.0,0.0,0.0,0.0,0.004068,0.004068,0.0024408,0.007729199999999999,0.95,0.95,c
1426,l3254217,0.0,0.0,0.0,0.0,0.0,0.0,0.0,0.0,0.0,0.0,0.0,0.0,0.004068,0.004068,0.0024408,0.007729199999999999,0.95,0.95,c
1432,l2822870,0.0,0.0,0.0,0.0,0.0,0.0,0.0,0.0,0.0,0.0,0.0,0.0,0.00244,0.00244,0.001464,0.004636,0.95,0.95,c
1433,l2766725,0.0,0.0,0.0,0.0,0.0,0.0,0.0,0.0,0.0,0.0,0.0,0.0,0.00244,0.00244,0.001464,0.004636,0.95,0.95,c
1439,l2766724,0.0,0.0,0.0,0.0,0.0,0.0,0.0,0.0,0.0,0.0,0.0,0.0,0.00244,0.00244,0.001464,0.004636,0.95,0.95,c
1446,l2729429,0.003548,0.003548,0.0021288,0.0067412,0.95,0.95,0.0,0.0,0.0,0.0,0.0,0.0,0.0,0.0,0.0,0.0,0.0,0.0,a
1447,l3197647,0.0014199999999999998,0.0014199999999999998,0.000852,0.002698,0.95,0.95,0.0,0.0,0.0,0.0,0.0,0.0,0.0,0.0,0.0,0.0,0.0,0.0,a
1449,l2841633,0.003548,0.003548,0.0021288,0.0067412,0.95,0.95,0.0,0.0,0.0,0.0,0.0,0.0,0.0,0.0,0.0,0.0,0.0,0.0,a
1458,l2729414,0.0038360000000000004,0.0038360000000000004,0.0023015999999999996,0.0072884,0.95,0.95,0.0038360000000000004,0.0038360000000000004,0.0023015999999999996,0.0072884,0.95,0.95,0.0038360000000000004,0.0038360000000000004,0.0023015999999999996,0.0072884,0.95,0.95,abc
1462,l2973167,0.0,0.0,0.0,0.0,0.0,0.0,0.002336,0.002336,0.0014016,0.0044383999999999995,0.95,0.95,0.0,0.0,0.0,0.0,0.0,0.0,b
1466,l3189188,0.0,0.0,0.0,0.0,0.0,0.0,0.0,0.0,0.0,0.0,0.0,0.0,0.008136,0.008136,0.0048816,0.015458399999999997,0.95,0.95,c
1468,l3189189,0.0,0.0,0.0,0.0,0.0,0.0,0.002336,0.002336,0.0014016,0.0044383999999999995,0.95,0.95,0.0,0.0,0.0,0.0,0.0,0.0,b
1470,l2851933,0.004514666666666667,0.004514666666666667,0.0027088,0.008577866666666666,0.95,0.95,0.004514666666666667,0.004514666666666667,0.0027088,0.008577866666666666,0.95,0.95,0.004514666666666667,0.004514666666666667,0.0027088,0.008577866666666666,0.95,0.95,abc
1471,l3207907,0.008968,0.008968,0.0053808,0.017039199999999997,0.95,0.95,0.008968,0.008968,0.0053808,0.017039199999999997,0.95,0.95,0.008968,0.008968,0.0053808,0.017039199999999997,0.95,0.95,abc
1474,l3226771,0.002128,0.002128,0.0012768,0.004043199999999999,0.95,0.95,0.0,0.0,0.0,0.0,0.0,0.0,0.0,0.0,0.0,0.0,0.0,0.0,a
1475,l3189190,0.003548,0.003548,0.0021288,0.0067412,0.95,0.95,0.0,0.0,0.0,0.0,0.0,0.0,0.0,0.0,0.0,0.0,0.0,0.0,a
1482,l2710532,0.0,0.0,0.0,0.0,0.0,0.0,0.0,0.0,0.0,0.0,0.0,0.0,0.0016279999999999999,0.0016279999999999999,0.0009767999999999999,0.0030931999999999995,0.95,0.95,c
1485,l2973166,0.0,0.0,0.0,0.0,0.0,0.0,0.0,0.0,0.0,0.0,0.0,0.0,0.004068,0.004068,0.0024408,0.007729199999999999,0.95,0.95,c
1490,l2785530,0.0014199999999999998,0.0014199999999999998,0.000852,0.002698,0.95,0.95,0.0,0.0,0.0,0.0,0.0,0.0,0.0,0.0,0.0,0.0,0.0,0.0,a
1491,l2822868,0.002128,0.002128,0.0012768,0.004043199999999999,0.95,0.95,0.0,0.0,0.0,0.0,0.0,0.0,0.0,0.0,0.0,0.0,0.0,0.0,a
1492,l2766723,0.003548,0.003548,0.0021288,0.0067412,0.95,0.95,0.0,0.0,0.0,0.0,0.0,0.0,0.0,0.0,0.0,0.0,0.0,0.0,a
1493,l3122822,0.003548,0.003548,0.0021288,0.0067412,0.95,0.95,0.0,0.0,0.0,0.0,0.0,0.0,0.0,0.0,0.0,0.0,0.0,0.0,a
1494,l2860504,0.002128,0.002128,0.0012768,0.004043199999999999,0.95,0.95,0.0,0.0,0.0,0.0,0.0,0.0,0.0,0.0,0.0,0.0,0.0,0.0,a
1495,l2860493,0.003548,0.003548,0.0021288,0.0067412,0.95,0.95,0.0,0.0,0.0,0.0,0.0,0.0,0.0,0.0,0.0,0.0,0.0,0.0,a
1496,l3085403,0.003548,0.003548,0.0021288,0.0067412,0.95,0.95,0.0,0.0,0.0,0.0,0.0,0.0,0.0,0.0,0.0,0.0,0.0,0.0,a
1499,l2879078,0.002128,0.002128,0.0012768,0.004043199999999999,0.95,0.95,0.0,0.0,0.0,0.0,0.0,0.0,0.0,0.0,0.0,0.0,0.0,0.0,a
1501,l3048221,0.003548,0.003548,0.0021288,0.0067412,0.95,0.95,0.0,0.0,0.0,0.0,0.0,0.0,0.0,0.0,0.0,0.0,0.0,0.0,a
1504,l2691952,0.002128,0.002128,0.0012768,0.004043199999999999,0.95,0.95,0.0,0.0,0.0,0.0,0.0,0.0,0.0,0.0,0.0,0.0,0.0,0.0,a
1506,l3197642,0.0,0.0,0.0,0.0,0.0,0.0,0.0,0.0,0.0,0.0,0.0,0.0,0.00244,0.00244,0.001464,0.004636,0.95,0.95,c
1510,l2841631,0.0,0.0,0.0,0.0,0.0,0.0,0.0,0.0,0.0,0.0,0.0,0.0,0.004068,0.004068,0.0024408,0.007729199999999999,0.95,0.95,c
1512,l3141402,0.0,0.0,0.0,0.0,0.0,0.0,0.0,0.0,0.0,0.0,0.0,0.0,0.004068,0.004068,0.0024408,0.007729199999999999,0.95,0.95,c
1513,l2673319,0.0,0.0,0.0,0.0,0.0,0.0,0.0,0.0,0.0,0.0,0.0,0.0,0.00244,0.00244,0.001464,0.004636,0.95,0.95,c
1515,l3172805,0.003548,0.003548,0.0021288,0.0067412,0.95,0.95,0.0,0.0,0.0,0.0,0.0,0.0,0.0,0.0,0.0,0.0,0.0,0.0,a
1518,l2710518,0.003548,0.003548,0.0021288,0.0067412,0.95,0.95,0.0,0.0,0.0,0.0,0.0,0.0,0.0,0.0,0.0,0.0,0.0,0.0,a
1523,l3141411,0.0,0.0,0.0,0.0,0.0,0.0,0.0,0.0,0.0,0.0,0.0,0.0,0.012208,0.012208,0.007324799999999999,0.0231952,0.95,0.95,c
1527,l2879092,0.0,0.0,0.0,0.0,0.0,0.0,0.0,0.0,0.0,0.0,0.0,0.0,0.004068,0.004068,0.0024408,0.007729199999999999,0.95,0.95,c
1529,l3216350,0.003548,0.003548,0.0021288,0.0067412,0.95,0.95,0.0,0.0,0.0,0.0,0.0,0.0,0.0,0.0,0.0,0.0,0.0,0.0,a
1531,l3216351,0.003548,0.003548,0.0021288,0.0067412,0.95,0.95,0.0,0.0,0.0,0.0,0.0,0.0,0.0,0.0,0.0,0.0,0.0,0.0,a
1532,l2879081,0.002128,0.002128,0.0012768,0.004043199999999999,0.95,0.95,0.0,0.0,0.0,0.0,0.0,0.0,0.0,0.0,0.0,0.0,0.0,0.0,a
1534,l3066816,0.002128,0.002128,0.0012768,0.004043199999999999,0.95,0.95,0.0,0.0,0.0,0.0,0.0,0.0,0.0,0.0,0.0,0.0,0.0,0.0,a
1539,l3066817,0.007096,0.007096,0.0042576,0.0134824,0.95,0.95,0.0,0.0,0.0,0.0,0.0,0.0,0.0,0.0,0.0,0.0,0.0,0.0,a
1541,l3216368,0.0,0.0,0.0,0.0,0.0,0.0,0.0,0.0,0.0,0.0,0.0,0.0,0.00244,0.00244,0.001464,0.004636,0.95,0.95,c
1545,l2814529,0.007670666666666667,0.007670666666666667,0.0046023999999999995,0.014574266666666667,0.95,0.95,0.007670666666666667,0.007670666666666667,0.0046023999999999995,0.014574266666666667,0.95,0.95,0.007670666666666667,0.007670666666666667,0.0046023999999999995,0.014574266666666667,0.95,0.95,abc
1546,l2916610,0.0,0.0,0.0,0.0,0.0,0.0,0.003892,0.003892,0.0023352,0.007394799999999999,0.95,0.95,0.0,0.0,0.0,0.0,0.0,0.0,b
1548,l2935560,0.0,0.0,0.0,0.0,0.0,0.0,0.0,0.0,0.0,0.0,0.0,0.0,0.00244,0.00244,0.001464,0.004636,0.95,0.95,c
1552,l3122827,0.003548,0.003548,0.0021288,0.0067412,0.95,0.95,0.0,0.0,0.0,0.0,0.0,0.0,0.0,0.0,0.0,0.0,0.0,0.0,a
1553,l2954355,0.002128,0.002128,0.0012768,0.004043199999999999,0.95,0.95,0.0,0.0,0.0,0.0,0.0,0.0,0.0,0.0,0.0,0.0,0.0,0.0,a
1559,l2729428,0.002128,0.002128,0.0012768,0.004043199999999999,0.95,0.95,0.0,0.0,0.0,0.0,0.0,0.0,0.0,0.0,0.0,0.0,0.0,0.0,a
1563,l2673317,0.002128,0.002128,0.0012768,0.004043199999999999,0.95,0.95,0.0,0.0,0.0,0.0,0.0,0.0,0.0,0.0,0.0,0.0,0.0,0.0,a
1564,l2710517,0.002128,0.002128,0.0012768,0.004043199999999999,0.95,0.95,0.0,0.0,0.0,0.0,0.0,0.0,0.0,0.0,0.0,0.0,0.0,0.0,a
1566,l3178978,0.002128,0.002128,0.0012768,0.004043199999999999,0.95,0.95,0.0,0.0,0.0,0.0,0.0,0.0,0.0,0.0,0.0,0.0,0.0,0.0,a
1570,l2916234,0.0014199999999999998,0.0014199999999999998,0.000852,0.002698,0.95,0.95,0.0,0.0,0.0,0.0,0.0,0.0,0.0,0.0,0.0,0.0,0.0,0.0,a
1573,l2820556,0.003548,0.003548,0.0021288,0.0067412,0.95,0.95,0.0,0.0,0.0,0.0,0.0,0.0,0.0,0.0,0.0,0.0,0.0,0.0,a
1576,l2841648,0.002128,0.002128,0.0012768,0.004043199999999999,0.95,0.95,0.0,0.0,0.0,0.0,0.0,0.0,0.0,0.0,0.0,0.0,0.0,0.0,a
1577,l2710544,0.002128,0.002128,0.0012768,0.004043199999999999,0.95,0.95,0.0,0.0,0.0,0.0,0.0,0.0,0.0,0.0,0.0,0.0,0.0,0.0,a
1578,l3082992,0.002128,0.002128,0.0012768,0.004043199999999999,0.95,0.95,0.0,0.0,0.0,0.0,0.0,0.0,0.0,0.0,0.0,0.0,0.0,0.0,a
1580,l2691947,0.0014199999999999998,0.0014199999999999998,0.000852,0.002698,0.95,0.95,0.0,0.0,0.0,0.0,0.0,0.0,0.0,0.0,0.0,0.0,0.0,0.0,a
1581,l3216348,0.002128,0.002128,0.0012768,0.004043199999999999,0.95,0.95,0.0,0.0,0.0,0.0,0.0,0.0,0.0,0.0,0.0,0.0,0.0,0.0,a
1582,l2841627,0.002128,0.002128,0.0012768,0.004043199999999999,0.95,0.95,0.0,0.0,0.0,0.0,0.0,0.0,0.0,0.0,0.0,0.0,0.0,0.0,a
1583,l3254216,0.003548,0.003548,0.0021288,0.0067412,0.95,0.95,0.0,0.0,0.0,0.0,0.0,0.0,0.0,0.0,0.0,0.0,0.0,0.0,a
1587,l3091052,0.00532,0.00532,0.003192,0.010108,0.95,0.95,0.0,0.0,0.0,0.0,0.0,0.0,0.0,0.0,0.0,0.0,0.0,0.0,a
1588,l2748132,0.002128,0.002128,0.0012768,0.004043199999999999,0.95,0.95,0.0,0.0,0.0,0.0,0.0,0.0,0.0,0.0,0.0,0.0,0.0,0.0,a
1592,l2973157,0.003548,0.003548,0.0021288,0.0067412,0.95,0.95,0.0,0.0,0.0,0.0,0.0,0.0,0.0,0.0,0.0,0.0,0.0,0.0,a
1593,l2879075,0.002128,0.002128,0.0012768,0.004043199999999999,0.95,0.95,0.0,0.0,0.0,0.0,0.0,0.0,0.0,0.0,0.0,0.0,0.0,0.0,a
1600,l2879074,0.002128,0.002128,0.0012768,0.004043199999999999,0.95,0.95,0.0,0.0,0.0,0.0,0.0,0.0,0.0,0.0,0.0,0.0,0.0,0.0,a
1601,l3122820,0.003548,0.003548,0.0021288,0.0067412,0.95,0.95,0.0,0.0,0.0,0.0,0.0,0.0,0.0,0.0,0.0,0.0,0.0,0.0,a
1602,l3141398,0.002128,0.002128,0.0012768,0.004043199999999999,0.95,0.95,0.0,0.0,0.0,0.0,0.0,0.0,0.0,0.0,0.0,0.0,0.0,0.0,a
1604,l3197639,0.003548,0.003548,0.0021288,0.0067412,0.95,0.95,0.0,0.0,0.0,0.0,0.0,0.0,0.0,0.0,0.0,0.0,0.0,0.0,a
1605,l2973159,0.002128,0.002128,0.0012768,0.004043199999999999,0.95,0.95,0.0,0.0,0.0,0.0,0.0,0.0,0.0,0.0,0.0,0.0,0.0,0.0,a
1606,l3160106,0.003548,0.003548,0.0021288,0.0067412,0.95,0.95,0.0,0.0,0.0,0.0,0.0,0.0,0.0,0.0,0.0,0.0,0.0,0.0,a
1608,l3235258,0.003468,0.003468,0.0020808,0.0065892,0.95,0.95,0.003468,0.003468,0.0020808,0.0065892,0.95,0.95,0.003468,0.003468,0.0020808,0.0065892,0.95,0.95,abc
1610,l3197641,0.002128,0.002128,0.0012768,0.004043199999999999,0.95,0.95,0.0,0.0,0.0,0.0,0.0,0.0,0.0,0.0,0.0,0.0,0.0,0.0,a
1611,l2973161,0.00532,0.00532,0.003192,0.010108,0.95,0.95,0.0,0.0,0.0,0.0,0.0,0.0,0.0,0.0,0.0,0.0,0.0,0.0,a
1613,l3010568,0.003548,0.003548,0.0021288,0.0067412,0.95,0.95,0.0,0.0,0.0,0.0,0.0,0.0,0.0,0.0,0.0,0.0,0.0,0.0,a
1618,l3141401,0.003548,0.003548,0.0021288,0.0067412,0.95,0.95,0.0,0.0,0.0,0.0,0.0,0.0,0.0,0.0,0.0,0.0,0.0,0.0,a
1619,l3197654,0.003548,0.003548,0.0021288,0.0067412,0.95,0.95,0.0,0.0,0.0,0.0,0.0,0.0,0.0,0.0,0.0,0.0,0.0,0.0,a
1621,l3235242,0.0,0.0,0.0,0.0,0.0,0.0,0.0,0.0,0.0,0.0,0.0,0.0,0.004068,0.004068,0.0024408,0.007729199999999999,0.95,0.95,c
1623,l3141393,0.0,0.0,0.0,0.0,0.0,0.0,0.0,0.0,0.0,0.0,0.0,0.0,0.004068,0.004068,0.0024408,0.007729199999999999,0.95,0.95,c
1627,l2973148,0.003548,0.003548,0.0021288,0.0067412,0.95,0.95,0.0,0.0,0.0,0.0,0.0,0.0,0.0,0.0,0.0,0.0,0.0,0.0,a
1629,l2916602,0.003548,0.003548,0.0021288,0.0067412,0.95,0.95,0.0,0.0,0.0,0.0,0.0,0.0,0.0,0.0,0.0,0.0,0.0,0.0,a
1633,l3157167,0.002128,0.002128,0.0012768,0.004043199999999999,0.95,0.95,0.0,0.0,0.0,0.0,0.0,0.0,0.0,0.0,0.0,0.0,0.0,0.0,a
1634,l2785511,0.003548,0.003548,0.0021288,0.0067412,0.95,0.95,0.0,0.0,0.0,0.0,0.0,0.0,0.0,0.0,0.0,0.0,0.0,0.0,a
1635,l3010557,0.002128,0.002128,0.0012768,0.004043199999999999,0.95,0.95,0.0,0.0,0.0,0.0,0.0,0.0,0.0,0.0,0.0,0.0,0.0,0.0,a
1638,l3157718,0.002128,0.002128,0.0012768,0.004043199999999999,0.95,0.95,0.0,0.0,0.0,0.0,0.0,0.0,0.0,0.0,0.0,0.0,0.0,0.0,a
1641,l3027122,0.003548,0.003548,0.0021288,0.0067412,0.95,0.95,0.0,0.0,0.0,0.0,0.0,0.0,0.0,0.0,0.0,0.0,0.0,0.0,a
1646,l3108449,0.002128,0.002128,0.0012768,0.004043199999999999,0.95,0.95,0.0,0.0,0.0,0.0,0.0,0.0,0.0,0.0,0.0,0.0,0.0,0.0,a
1647,l3065665,0.003548,0.003548,0.0021288,0.0067412,0.95,0.95,0.0,0.0,0.0,0.0,0.0,0.0,0.0,0.0,0.0,0.0,0.0,0.0,a
1648,l3235946,0.003548,0.003548,0.0021288,0.0067412,0.95,0.95,0.0,0.0,0.0,0.0,0.0,0.0,0.0,0.0,0.0,0.0,0.0,0.0,a
1650,l2767342,0.003548,0.003548,0.0021288,0.0067412,0.95,0.95,0.0,0.0,0.0,0.0,0.0,0.0,0.0,0.0,0.0,0.0,0.0,0.0,a
1651,l2748780,0.003548,0.003548,0.0021288,0.0067412,0.95,0.95,0.0,0.0,0.0,0.0,0.0,0.0,0.0,0.0,0.0,0.0,0.0,0.0,a
1652,l2823544,0.003548,0.003548,0.0021288,0.0067412,0.95,0.95,0.0,0.0,0.0,0.0,0.0,0.0,0.0,0.0,0.0,0.0,0.0,0.0,a
1657,l2823545,0.003548,0.003548,0.0021288,0.0067412,0.95,0.95,0.0,0.0,0.0,0.0,0.0,0.0,0.0,0.0,0.0,0.0,0.0,0.0,a
1660,l2748781,0.00532,0.00532,0.003192,0.010108,0.95,0.95,0.0,0.0,0.0,0.0,0.0,0.0,0.0,0.0,0.0,0.0,0.0,0.0,a
1661,l3101782,0.00532,0.00532,0.003192,0.010108,0.95,0.95,0.0,0.0,0.0,0.0,0.0,0.0,0.0,0.0,0.0,0.0,0.0,0.0,a
1662,l3195321,0.002128,0.002128,0.0012768,0.004043199999999999,0.95,0.95,0.0,0.0,0.0,0.0,0.0,0.0,0.0,0.0,0.0,0.0,0.0,0.0,a
1663,l3011229,0.002128,0.002128,0.0012768,0.004043199999999999,0.95,0.95,0.0,0.0,0.0,0.0,0.0,0.0,0.0,0.0,0.0,0.0,0.0,0.0,a
1667,l2936214,0.003548,0.003548,0.0021288,0.0067412,0.95,0.95,0.0,0.0,0.0,0.0,0.0,0.0,0.0,0.0,0.0,0.0,0.0,0.0,a
1670,l2804956,0.003548,0.003548,0.0021288,0.0067412,0.95,0.95,0.0,0.0,0.0,0.0,0.0,0.0,0.0,0.0,0.0,0.0,0.0,0.0,a
1674,l2936212,0.003548,0.003548,0.0021288,0.0067412,0.95,0.95,0.0,0.0,0.0,0.0,0.0,0.0,0.0,0.0,0.0,0.0,0.0,0.0,a
1676,l3067447,0.003548,0.003548,0.0021288,0.0067412,0.95,0.95,0.0,0.0,0.0,0.0,0.0,0.0,0.0,0.0,0.0,0.0,0.0,0.0,a
1677,l2730149,0.0,0.0,0.0,0.0,0.0,0.0,0.0,0.0,0.0,0.0,0.0,0.0,0.00244,0.00244,0.001464,0.004636,0.95,0.95,c
1680,l2989566,0.0,0.0,0.0,0.0,0.0,0.0,0.002336,0.002336,0.0014016,0.0044383999999999995,0.95,0.95,0.0,0.0,0.0,0.0,0.0,0.0,b
1685,l3233412,0.007096,0.007096,0.0042576,0.0134824,0.95,0.95,0.0,0.0,0.0,0.0,0.0,0.0,0.0,0.0,0.0,0.0,0.0,0.0,a
1688,l2821087,0.01064,0.01064,0.006384,0.020216,0.95,0.95,0.0,0.0,0.0,0.0,0.0,0.0,0.0,0.0,0.0,0.0,0.0,0.0,a
1689,l2990098,0.007096,0.007096,0.0042576,0.0134824,0.95,0.95,0.0,0.0,0.0,0.0,0.0,0.0,0.0,0.0,0.0,0.0,0.0,0.0,a
1691,l3027671,0.00532,0.00532,0.003192,0.010108,0.95,0.95,0.0,0.0,0.0,0.0,0.0,0.0,0.0,0.0,0.0,0.0,0.0,0.0,a
1693,l2802481,0.01064,0.01064,0.006384,0.020216,0.95,0.95,0.0,0.0,0.0,0.0,0.0,0.0,0.0,0.0,0.0,0.0,0.0,0.0,a
1694,l3214549,0.007096,0.007096,0.0042576,0.0134824,0.95,0.95,0.0,0.0,0.0,0.0,0.0,0.0,0.0,0.0,0.0,0.0,0.0,0.0,a
1702,l2708744,0.0,0.0,0.0,0.0,0.0,0.0,0.011672,0.011672,0.0070032,0.0221768,0.95,0.95,0.0,0.0,0.0,0.0,0.0,0.0,b
1703,l2690187,0.0,0.0,0.0,0.0,0.0,0.0,0.011672,0.011672,0.0070032,0.0221768,0.95,0.95,0.0,0.0,0.0,0.0,0.0,0.0,b
1705,l3027670,0.0,0.0,0.0,0.0,0.0,0.0,0.011672,0.011672,0.0070032,0.0221768,0.95,0.95,0.0,0.0,0.0,0.0,0.0,0.0,b
1707,l2802480,0.0,0.0,0.0,0.0,0.0,0.0,0.011672,0.011672,0.0070032,0.0221768,0.95,0.95,0.0,0.0,0.0,0.0,0.0,0.0,b
1708,l3252336,0.0,0.0,0.0,0.0,0.0,0.0,0.005836,0.005836,0.0035016,0.0110884,0.95,0.95,0.0,0.0,0.0,0.0,0.0,0.0,b
1709,l3233413,0.0,0.0,0.0,0.0,0.0,0.0,0.0077800000000000005,0.0077800000000000005,0.004668,0.014782,0.95,0.95,0.0,0.0,0.0,0.0,0.0,0.0,b
1711,l3102286,0.0,0.0,0.0,0.0,0.0,0.0,0.011672,0.011672,0.0070032,0.0221768,0.95,0.95,0.0,0.0,0.0,0.0,0.0,0.0,b
1715,l2952003,0.0,0.0,0.0,0.0,0.0,0.0,0.003892,0.003892,0.0023352,0.007394799999999999,0.95,0.95,0.0,0.0,0.0,0.0,0.0,0.0,b
1719,l2803199,0.007670666666666667,0.007670666666666667,0.0046023999999999995,0.014574266666666667,0.95,0.95,0.007670666666666667,0.007670666666666667,0.0046023999999999995,0.014574266666666667,0.95,0.95,0.007670666666666667,0.007670666666666667,0.0046023999999999995,0.014574266666666667,0.95,0.95,abc
1720,l3254237,0.003548,0.003548,0.0021288,0.0067412,0.95,0.95,0.0,0.0,0.0,0.0,0.0,0.0,0.0,0.0,0.0,0.0,0.0,0.0,a
1724,l3215203,0.007670666666666667,0.007670666666666667,0.0046023999999999995,0.014574266666666667,0.95,0.95,0.007670666666666667,0.007670666666666667,0.0046023999999999995,0.014574266666666667,0.95,0.95,0.007670666666666667,0.007670666666666667,0.0046023999999999995,0.014574266666666667,0.95,0.95,abc
1727,l2728247,0.0023133333333333335,0.0023133333333333335,0.0013880000000000001,0.0043953333333333336,0.95,0.95,0.0023133333333333335,0.0023133333333333335,0.0013880000000000001,0.0043953333333333336,0.95,0.95,0.0023133333333333335,0.0023133333333333335,0.0013880000000000001,0.0043953333333333336,0.95,0.95,abc
1728,l2896685,0.0023013333333333336,0.0023013333333333336,0.0013808,0.004372533333333333,0.95,0.95,0.0023013333333333336,0.0023013333333333336,0.0013808,0.004372533333333333,0.95,0.95,0.0023013333333333336,0.0023013333333333336,0.0013808,0.004372533333333333,0.95,0.95,abc
1733,l2990826,0.0038360000000000004,0.0038360000000000004,0.0023015999999999996,0.0072884,0.95,0.95,0.0038360000000000004,0.0038360000000000004,0.0023015999999999996,0.0072884,0.95,0.95,0.0038360000000000004,0.0038360000000000004,0.0023015999999999996,0.0072884,0.95,0.95,abc
1736,l2915542,0.007670666666666667,0.007670666666666667,0.0046023999999999995,0.014574266666666667,0.95,0.95,0.007670666666666667,0.007670666666666667,0.0046023999999999995,0.014574266666666667,0.95,0.95,0.007670666666666667,0.007670666666666667,0.0046023999999999995,0.014574266666666667,0.95,0.95,abc
1739,l2767340,0.011506666666666669,0.011506666666666669,0.006904,0.02186266666666667,0.95,0.95,0.011506666666666669,0.011506666666666669,0.006904,0.02186266666666667,0.95,0.95,0.011506666666666669,0.011506666666666669,0.006904,0.02186266666666667,0.95,0.95,abc
1742,l3160793,0.0,0.0,0.0,0.0,0.0,0.0,0.0,0.0,0.0,0.0,0.0,0.0,0.00244,0.00244,0.001464,0.004636,0.95,0.95,c
1743,l2898457,0.0014199999999999998,0.0014199999999999998,0.000852,0.002698,0.95,0.95,0.0,0.0,0.0,0.0,0.0,0.0,0.0,0.0,0.0,0.0,0.0,0.0,a
1746,l3254869,0.0,0.0,0.0,0.0,0.0,0.0,0.002336,0.002336,0.0014016,0.0044383999999999995,0.95,0.95,0.0,0.0,0.0,0.0,0.0,0.0,b
1747,l2798067,0.0,0.0,0.0,0.0,0.0,0.0,0.001556,0.001556,0.0009335999999999999,0.0029564,0.95,0.95,0.0,0.0,0.0,0.0,0.0,0.0,b
1749,l3029055,0.0,0.0,0.0,0.0,0.0,0.0,0.005836,0.005836,0.0035016,0.0110884,0.95,0.95,0.0,0.0,0.0,0.0,0.0,0.0,b
1753,l3552667,0.0,0.0,0.0,0.0,0.0,0.0,0.0,0.0,0.0,0.0,0.0,0.0,0.004068,0.004068,0.0024408,0.007729199999999999,0.95,0.95,c
1754,l3160862,0.0,0.0,0.0,0.0,0.0,0.0,0.0,0.0,0.0,0.0,0.0,0.0,0.00244,0.00244,0.001464,0.004636,0.95,0.95,c
1755,l3104850,0.0,0.0,0.0,0.0,0.0,0.0,0.0,0.0,0.0,0.0,0.0,0.0,0.004068,0.004068,0.0024408,0.007729199999999999,0.95,0.95,c
1757,l3160861,0.0,0.0,0.0,0.0,0.0,0.0,0.0,0.0,0.0,0.0,0.0,0.0,0.0016279999999999999,0.0016279999999999999,0.0009767999999999999,0.0030931999999999995,0.95,0.95,c
1760,l3198348,0.007096,0.007096,0.0042576,0.0134824,0.95,0.95,0.0,0.0,0.0,0.0,0.0,0.0,0.0,0.0,0.0,0.0,0.0,0.0,a
1761,l3081380,0.002128,0.002128,0.0012768,0.004043199999999999,0.95,0.95,0.0,0.0,0.0,0.0,0.0,0.0,0.0,0.0,0.0,0.0,0.0,0.0,a
1765,l3067507,0.0,0.0,0.0,0.0,0.0,0.0,0.0,0.0,0.0,0.0,0.0,0.0,0.006104,0.006104,0.0036623999999999997,0.0115976,0.95,0.95,c
1770,l2767408,0.0,0.0,0.0,0.0,0.0,0.0,0.0,0.0,0.0,0.0,0.0,0.0,0.00244,0.00244,0.001464,0.004636,0.95,0.95,c
1771,l3217053,0.0,0.0,0.0,0.0,0.0,0.0,0.0,0.0,0.0,0.0,0.0,0.0,0.0016279999999999999,0.0016279999999999999,0.0009767999999999999,0.0030931999999999995,0.95,0.95,c
1773,l3217052,0.0,0.0,0.0,0.0,0.0,0.0,0.0,0.0,0.0,0.0,0.0,0.0,0.004068,0.004068,0.0024408,0.007729199999999999,0.95,0.95,c
1774,l3086074,0.0,0.0,0.0,0.0,0.0,0.0,0.0,0.0,0.0,0.0,0.0,0.0,0.00244,0.00244,0.001464,0.004636,0.95,0.95,c
1775,l3104853,0.0,0.0,0.0,0.0,0.0,0.0,0.0,0.0,0.0,0.0,0.0,0.0,0.004068,0.004068,0.0024408,0.007729199999999999,0.95,0.95,c
1776,l3160865,0.003548,0.003548,0.0021288,0.0067412,0.95,0.95,0.0,0.0,0.0,0.0,0.0,0.0,0.0,0.0,0.0,0.0,0.0,0.0,a
1778,l2674047,0.0,0.0,0.0,0.0,0.0,0.0,0.0,0.0,0.0,0.0,0.0,0.0,0.00244,0.00244,0.001464,0.004636,0.95,0.95,c
1779,l2692655,0.0,0.0,0.0,0.0,0.0,0.0,0.0,0.0,0.0,0.0,0.0,0.0,0.004068,0.004068,0.0024408,0.007729199999999999,0.95,0.95,c
1781,l2711226,0.0,0.0,0.0,0.0,0.0,0.0,0.003892,0.003892,0.0023352,0.007394799999999999,0.95,0.95,0.0,0.0,0.0,0.0,0.0,0.0,b
1783,l2861219,0.0,0.0,0.0,0.0,0.0,0.0,0.003892,0.003892,0.0023352,0.007394799999999999,0.95,0.95,0.0,0.0,0.0,0.0,0.0,0.0,b
1787,l3160864,0.0,0.0,0.0,0.0,0.0,0.0,0.002336,0.002336,0.0014016,0.0044383999999999995,0.95,0.95,0.0,0.0,0.0,0.0,0.0,0.0,b
1789,l3048963,0.0,0.0,0.0,0.0,0.0,0.0,0.002336,0.002336,0.0014016,0.0044383999999999995,0.95,0.95,0.0,0.0,0.0,0.0,0.0,0.0,b
1790,l3254915,0.0,0.0,0.0,0.0,0.0,0.0,0.00078,0.00078,0.00046800000000000005,0.001482,0.95,0.95,0.0,0.0,0.0,0.0,0.0,0.0,b
1792,l2955074,0.00532,0.00532,0.003192,0.010108,0.95,0.95,0.0,0.0,0.0,0.0,0.0,0.0,0.0,0.0,0.0,0.0,0.0,0.0,a
1793,l3030199,0.0,0.0,0.0,0.0,0.0,0.0,0.0,0.0,0.0,0.0,0.0,0.0,0.004068,0.004068,0.0024408,0.007729199999999999,0.95,0.95,c
1795,l2730163,0.0,0.0,0.0,0.0,0.0,0.0,0.0,0.0,0.0,0.0,0.0,0.0,0.004068,0.004068,0.0024408,0.007729199999999999,0.95,0.95,c
1796,l2992624,0.002128,0.002128,0.0012768,0.004043199999999999,0.95,0.95,0.0,0.0,0.0,0.0,0.0,0.0,0.0,0.0,0.0,0.0,0.0,0.0,a
1800,l2805031,0.0,0.0,0.0,0.0,0.0,0.0,0.0,0.0,0.0,0.0,0.0,0.0,0.006104,0.006104,0.0036623999999999997,0.0115976,0.95,0.95,c
1802,l2917328,0.0,0.0,0.0,0.0,0.0,0.0,0.003892,0.003892,0.0023352,0.007394799999999999,0.95,0.95,0.0,0.0,0.0,0.0,0.0,0.0,b
1803,l2861218,0.0,0.0,0.0,0.0,0.0,0.0,0.0,0.0,0.0,0.0,0.0,0.0,0.004068,0.004068,0.0024408,0.007729199999999999,0.95,0.95,c
1808,l2955081,0.002128,0.002128,0.0012768,0.004043199999999999,0.95,0.95,0.0,0.0,0.0,0.0,0.0,0.0,0.0,0.0,0.0,0.0,0.0,0.0,a
1811,l3179682,0.0,0.0,0.0,0.0,0.0,0.0,0.0,0.0,0.0,0.0,0.0,0.0,0.00244,0.00244,0.001464,0.004636,0.95,0.95,c
1812,l2786274,0.0,0.0,0.0,0.0,0.0,0.0,0.0,0.0,0.0,0.0,0.0,0.0,0.004068,0.004068,0.0024408,0.007729199999999999,0.95,0.95,c
1819,l2767414,0.0,0.0,0.0,0.0,0.0,0.0,0.0,0.0,0.0,0.0,0.0,0.0,0.00244,0.00244,0.001464,0.004636,0.95,0.95,c
1822,l2692664,0.0,0.0,0.0,0.0,0.0,0.0,0.0,0.0,0.0,0.0,0.0,0.0,0.00244,0.00244,0.001464,0.004636,0.95,0.95,c
1826,l2804250,0.0,0.0,0.0,0.0,0.0,0.0,0.0,0.0,0.0,0.0,0.0,0.0,0.004068,0.004068,0.0024408,0.007729199999999999,0.95,0.95,c
1830,l3198356,0.0,0.0,0.0,0.0,0.0,0.0,0.0,0.0,0.0,0.0,0.0,0.0,0.00244,0.00244,0.001464,0.004636,0.95,0.95,c
1836,l2842390,0.0,0.0,0.0,0.0,0.0,0.0,0.0,0.0,0.0,0.0,0.0,0.0,0.00244,0.00244,0.001464,0.004636,0.95,0.95,c
1837,l2674052,0.0,0.0,0.0,0.0,0.0,0.0,0.0,0.0,0.0,0.0,0.0,0.0,0.00244,0.00244,0.001464,0.004636,0.95,0.95,c
1839,l3048968,0.0,0.0,0.0,0.0,0.0,0.0,0.0,0.0,0.0,0.0,0.0,0.0,0.006104,0.006104,0.0036623999999999997,0.0115976,0.95,0.95,c
1841,l3048205,0.0,0.0,0.0,0.0,0.0,0.0,0.0,0.0,0.0,0.0,0.0,0.0,0.004068,0.004068,0.0024408,0.007729199999999999,0.95,0.95,c
1843,l3048228,0.0,0.0,0.0,0.0,0.0,0.0,0.0,0.0,0.0,0.0,0.0,0.0,0.004068,0.004068,0.0024408,0.007729199999999999,0.95,0.95,c
1844,l2991940,0.0,0.0,0.0,0.0,0.0,0.0,0.0,0.0,0.0,0.0,0.0,0.0,0.00244,0.00244,0.001464,0.004636,0.95,0.95,c
1848,l3197626,0.0,0.0,0.0,0.0,0.0,0.0,0.0,0.0,0.0,0.0,0.0,0.0,0.00244,0.00244,0.001464,0.004636,0.95,0.95,c
1849,l2991640,0.0,0.0,0.0,0.0,0.0,0.0,0.0,0.0,0.0,0.0,0.0,0.0,0.0016279999999999999,0.0016279999999999999,0.0009767999999999999,0.0030931999999999995,0.95,0.95,c
1852,l3066807,0.0,0.0,0.0,0.0,0.0,0.0,0.0,0.0,0.0,0.0,0.0,0.0,0.0016279999999999999,0.0016279999999999999,0.0009767999999999999,0.0030931999999999995,0.95,0.95,c
1854,l2748128,0.0,0.0,0.0,0.0,0.0,0.0,0.0,0.0,0.0,0.0,0.0,0.0,0.004068,0.004068,0.0024408,0.007729199999999999,0.95,0.95,c
1856,l2879062,0.0,0.0,0.0,0.0,0.0,0.0,0.0,0.0,0.0,0.0,0.0,0.0,0.00244,0.00244,0.001464,0.004636,0.95,0.95,c
1858,l2673307,0.0,0.0,0.0,0.0,0.0,0.0,0.0,0.0,0.0,0.0,0.0,0.0,0.00244,0.00244,0.001464,0.004636,0.95,0.95,c
1865,l2804282,0.0,0.0,0.0,0.0,0.0,0.0,0.0,0.0,0.0,0.0,0.0,0.0,0.00244,0.00244,0.001464,0.004636,0.95,0.95,c
1866,l3104154,0.0,0.0,0.0,0.0,0.0,0.0,0.0,0.0,0.0,0.0,0.0,0.0,0.006104,0.006104,0.0036623999999999997,0.0115976,0.95,0.95,c
1867,l3104155,0.0,0.0,0.0,0.0,0.0,0.0,0.0,0.0,0.0,0.0,0.0,0.0,0.004068,0.004068,0.0024408,0.007729199999999999,0.95,0.95,c
1871,l2897806,0.0,0.0,0.0,0.0,0.0,0.0,0.0,0.0,0.0,0.0,0.0,0.0,0.00244,0.00244,0.001464,0.004636,0.95,0.95,c
1872,l2935551,0.0,0.0,0.0,0.0,0.0,0.0,0.0,0.0,0.0,0.0,0.0,0.0,0.00244,0.00244,0.001464,0.004636,0.95,0.95,c
1876,l2822863,0.0,0.0,0.0,0.0,0.0,0.0,0.0,0.0,0.0,0.0,0.0,0.0,0.0016279999999999999,0.0016279999999999999,0.0009767999999999999,0.0030931999999999995,0.95,0.95,c
1879,l2841619,0.0,0.0,0.0,0.0,0.0,0.0,0.0,0.0,0.0,0.0,0.0,0.0,0.006104,0.006104,0.0036623999999999997,0.0115976,0.95,0.95,c
1880,l2785515,0.0,0.0,0.0,0.0,0.0,0.0,0.0,0.0,0.0,0.0,0.0,0.0,0.004068,0.004068,0.0024408,0.007729199999999999,0.95,0.95,c
1881,l2673306,0.0,0.0,0.0,0.0,0.0,0.0,0.0,0.0,0.0,0.0,0.0,0.0,0.004068,0.004068,0.0024408,0.007729199999999999,0.95,0.95,c
1882,l2729406,0.0,0.0,0.0,0.0,0.0,0.0,0.0,0.0,0.0,0.0,0.0,0.0,0.00244,0.00244,0.001464,0.004636,0.95,0.95,c
1883,l2897768,0.0,0.0,0.0,0.0,0.0,0.0,0.0,0.0,0.0,0.0,0.0,0.0,0.004068,0.004068,0.0024408,0.007729199999999999,0.95,0.95,c
1884,l3029497,0.0,0.0,0.0,0.0,0.0,0.0,0.0,0.0,0.0,0.0,0.0,0.0,0.0016279999999999999,0.0016279999999999999,0.0009767999999999999,0.0030931999999999995,0.95,0.95,c
1885,l3085392,0.0,0.0,0.0,0.0,0.0,0.0,0.0,0.0,0.0,0.0,0.0,0.0,0.00244,0.00244,0.001464,0.004636,0.95,0.95,c
1886,l3197627,0.0,0.0,0.0,0.0,0.0,0.0,0.0,0.0,0.0,0.0,0.0,0.0,0.004068,0.004068,0.0024408,0.007729199999999999,0.95,0.95,c
1887,l3216343,0.0,0.0,0.0,0.0,0.0,0.0,0.0,0.0,0.0,0.0,0.0,0.0,0.004068,0.004068,0.0024408,0.007729199999999999,0.95,0.95,c
1888,l3082981,0.0,0.0,0.0,0.0,0.0,0.0,0.0,0.0,0.0,0.0,0.0,0.0,0.00244,0.00244,0.001464,0.004636,0.95,0.95,c
1890,l3085393,0.0,0.0,0.0,0.0,0.0,0.0,0.0,0.0,0.0,0.0,0.0,0.0,0.004068,0.004068,0.0024408,0.007729199999999999,0.95,0.95,c
1891,l2897770,0.0,0.0,0.0,0.0,0.0,0.0,0.0,0.0,0.0,0.0,0.0,0.0,0.004068,0.004068,0.0024408,0.007729199999999999,0.95,0.95,c
1892,l2935550,0.0,0.0,0.0,0.0,0.0,0.0,0.0,0.0,0.0,0.0,0.0,0.0,0.004068,0.004068,0.0024408,0.007729199999999999,0.95,0.95,c
1894,l2822862,0.0,0.0,0.0,0.0,0.0,0.0,0.0,0.0,0.0,0.0,0.0,0.0,0.00244,0.00244,0.001464,0.004636,0.95,0.95,c
1895,l3066806,0.0,0.0,0.0,0.0,0.0,0.0,0.0,0.0,0.0,0.0,0.0,0.0,0.00244,0.00244,0.001464,0.004636,0.95,0.95,c
1896,l2710509,0.0,0.0,0.0,0.0,0.0,0.0,0.0,0.0,0.0,0.0,0.0,0.0,0.00244,0.00244,0.001464,0.004636,0.95,0.95,c
1898,l2897766,0.0,0.0,0.0,0.0,0.0,0.0,0.0,0.0,0.0,0.0,0.0,0.0,0.004068,0.004068,0.0024408,0.007729199999999999,0.95,0.95,c
1899,l3085394,0.0,0.0,0.0,0.0,0.0,0.0,0.0,0.0,0.0,0.0,0.0,0.0,0.00244,0.00244,0.001464,0.004636,0.95,0.95,c
1900,l2916605,0.0,0.0,0.0,0.0,0.0,0.0,0.0,0.0,0.0,0.0,0.0,0.0,0.00244,0.00244,0.001464,0.004636,0.95,0.95,c
1901,l2822865,0.0,0.0,0.0,0.0,0.0,0.0,0.0,0.0,0.0,0.0,0.0,0.0,0.0016279999999999999,0.0016279999999999999,0.0009767999999999999,0.0030931999999999995,0.95,0.95,c
1902,l2916606,0.0,0.0,0.0,0.0,0.0,0.0,0.0,0.0,0.0,0.0,0.0,0.0,0.00244,0.00244,0.001464,0.004636,0.95,0.95,c
1903,l2822864,0.0,0.0,0.0,0.0,0.0,0.0,0.0,0.0,0.0,0.0,0.0,0.0,0.00244,0.00244,0.001464,0.004636,0.95,0.95,c
1904,l3045895,0.0,0.0,0.0,0.0,0.0,0.0,0.0,0.0,0.0,0.0,0.0,0.0,0.004068,0.004068,0.0024408,0.007729199999999999,0.95,0.95,c
1906,l2935552,0.0,0.0,0.0,0.0,0.0,0.0,0.0,0.0,0.0,0.0,0.0,0.0,0.00244,0.00244,0.001464,0.004636,0.95,0.95,c
1907,l3160878,0.0,0.0,0.0,0.0,0.0,0.0,0.0,0.0,0.0,0.0,0.0,0.0,0.00244,0.00244,0.001464,0.004636,0.95,0.95,c
1908,l2917336,0.0,0.0,0.0,0.0,0.0,0.0,0.0,0.0,0.0,0.0,0.0,0.0,0.00244,0.00244,0.001464,0.004636,0.95,0.95,c
1909,l2875754,0.0,0.0,0.0,0.0,0.0,0.0,0.0,0.0,0.0,0.0,0.0,0.0,0.008136,0.008136,0.0048816,0.015458399999999997,0.95,0.95,c
1911,l2898526,0.0,0.0,0.0,0.0,0.0,0.0,0.0,0.0,0.0,0.0,0.0,0.0,0.00244,0.00244,0.001464,0.004636,0.95,0.95,c
1912,l2879773,0.003548,0.003548,0.0021288,0.0067412,0.95,0.95,0.0,0.0,0.0,0.0,0.0,0.0,0.0,0.0,0.0,0.0,0.0,0.0,a
1915,l3011298,0.0,0.0,0.0,0.0,0.0,0.0,0.0,0.0,0.0,0.0,0.0,0.0,0.0016279999999999999,0.0016279999999999999,0.0009767999999999999,0.0030931999999999995,0.95,0.95,c
1917,l2936279,0.0,0.0,0.0,0.0,0.0,0.0,0.0,0.0,0.0,0.0,0.0,0.0,0.004068,0.004068,0.0024408,0.007729199999999999,0.95,0.95,c
1918,l3179678,0.0,0.0,0.0,0.0,0.0,0.0,0.002336,0.002336,0.0014016,0.0044383999999999995,0.95,0.95,0.0,0.0,0.0,0.0,0.0,0.0,b
1919,l2804249,0.0,0.0,0.0,0.0,0.0,0.0,0.0,0.0,0.0,0.0,0.0,0.0,0.00244,0.00244,0.001464,0.004636,0.95,0.95,c
1921,l2688693,0.0,0.0,0.0,0.0,0.0,0.0,0.0,0.0,0.0,0.0,0.0,0.0,0.00244,0.00244,0.001464,0.004636,0.95,0.95,c
1922,l2688692,0.0,0.0,0.0,0.0,0.0,0.0,0.002336,0.002336,0.0014016,0.0044383999999999995,0.95,0.95,0.0,0.0,0.0,0.0,0.0,0.0,b
1925,l3029498,0.0,0.0,0.0,0.0,0.0,0.0,0.0,0.0,0.0,0.0,0.0,0.0,0.0016279999999999999,0.0016279999999999999,0.0009767999999999999,0.0030931999999999995,0.95,0.95,c
1928,l3047289,0.007670666666666667,0.007670666666666667,0.0046023999999999995,0.014574266666666667,0.95,0.95,0.007670666666666667,0.007670666666666667,0.0046023999999999995,0.014574266666666667,0.95,0.95,0.007670666666666667,0.007670666666666667,0.0046023999999999995,0.014574266666666667,0.95,0.95,abc
1929,l3215385,0.0064013333333333335,0.0064013333333333335,0.0038407999999999992,0.012162533333333333,0.95,0.95,0.0064013333333333335,0.0064013333333333335,0.0038407999999999992,0.012162533333333333,0.95,0.95,0.0064013333333333335,0.0064013333333333335,0.0038407999999999992,0.012162533333333333,0.95,0.95,abc
1930,l3141400,0.0014199999999999998,0.0014199999999999998,0.000852,0.002698,0.95,0.95,0.0,0.0,0.0,0.0,0.0,0.0,0.0,0.0,0.0,0.0,0.0,0.0,a
1934,l2673316,0.0014199999999999998,0.0014199999999999998,0.000852,0.002698,0.95,0.95,0.0,0.0,0.0,0.0,0.0,0.0,0.0,0.0,0.0,0.0,0.0,0.0,a
1936,l2841628,0.003548,0.003548,0.0021288,0.0067412,0.95,0.95,0.0,0.0,0.0,0.0,0.0,0.0,0.0,0.0,0.0,0.0,0.0,0.0,a
1937,l3160107,0.003548,0.003548,0.0021288,0.0067412,0.95,0.95,0.0,0.0,0.0,0.0,0.0,0.0,0.0,0.0,0.0,0.0,0.0,0.0,a
1938,l3104125,0.0,0.0,0.0,0.0,0.0,0.0,0.003892,0.003892,0.0023352,0.007394799999999999,0.95,0.95,0.0,0.0,0.0,0.0,0.0,0.0,b
1940,l3029502,0.007096,0.007096,0.0042576,0.0134824,0.95,0.95,0.0,0.0,0.0,0.0,0.0,0.0,0.0,0.0,0.0,0.0,0.0,0.0,a
1952,l3048196,0.0,0.0,0.0,0.0,0.0,0.0,0.002336,0.002336,0.0014016,0.0044383999999999995,0.95,0.95,0.0,0.0,0.0,0.0,0.0,0.0,b
1967,l3195318,0.0,0.0,0.0,0.0,0.0,0.0,0.002336,0.002336,0.0014016,0.0044383999999999995,0.95,0.95,0.0,0.0,0.0,0.0,0.0,0.0,b
1969,l3142078,0.0,0.0,0.0,0.0,0.0,0.0,0.001556,0.001556,0.0009335999999999999,0.0029564,0.95,0.95,0.0,0.0,0.0,0.0,0.0,0.0,b
1970,l2879752,0.0,0.0,0.0,0.0,0.0,0.0,0.002336,0.002336,0.0014016,0.0044383999999999995,0.95,0.95,0.0,0.0,0.0,0.0,0.0,0.0,b
1972,l2785516,0.0,0.0,0.0,0.0,0.0,0.0,0.002336,0.002336,0.0014016,0.0044383999999999995,0.95,0.95,0.0,0.0,0.0,0.0,0.0,0.0,b
1975,l2729405,0.0,0.0,0.0,0.0,0.0,0.0,0.003892,0.003892,0.0023352,0.007394799999999999,0.95,0.95,0.0,0.0,0.0,0.0,0.0,0.0,b
1977,l2786273,0.0,0.0,0.0,0.0,0.0,0.0,0.003892,0.003892,0.0023352,0.007394799999999999,0.95,0.95,0.0,0.0,0.0,0.0,0.0,0.0,b
1979,l3179699,0.0,0.0,0.0,0.0,0.0,0.0,0.005836,0.005836,0.0035016,0.0110884,0.95,0.95,0.0,0.0,0.0,0.0,0.0,0.0,b
1980,l2805036,0.0,0.0,0.0,0.0,0.0,0.0,0.001556,0.001556,0.0009335999999999999,0.0029564,0.95,0.95,0.0,0.0,0.0,0.0,0.0,0.0,b
1981,l2673305,0.0,0.0,0.0,0.0,0.0,0.0,0.001556,0.001556,0.0009335999999999999,0.0029564,0.95,0.95,0.0,0.0,0.0,0.0,0.0,0.0,b
1982,l2691946,0.0,0.0,0.0,0.0,0.0,0.0,0.002336,0.002336,0.0014016,0.0044383999999999995,0.95,0.95,0.0,0.0,0.0,0.0,0.0,0.0,b
1984,l2973158,0.0,0.0,0.0,0.0,0.0,0.0,0.0,0.0,0.0,0.0,0.0,0.0,0.00244,0.00244,0.001464,0.004636,0.95,0.95,c
1985,l3048208,0.002128,0.002128,0.0012768,0.004043199999999999,0.95,0.95,0.0,0.0,0.0,0.0,0.0,0.0,0.0,0.0,0.0,0.0,0.0,0.0,a
1988,l2691951,0.0,0.0,0.0,0.0,0.0,0.0,0.0,0.0,0.0,0.0,0.0,0.0,0.004068,0.004068,0.0024408,0.007729199999999999,0.95,0.95,c
1991,l2879076,0.0,0.0,0.0,0.0,0.0,0.0,0.0,0.0,0.0,0.0,0.0,0.0,0.0016279999999999999,0.0016279999999999999,0.0009767999999999999,0.0030931999999999995,0.95,0.95,c
1994,l3029503,0.0,0.0,0.0,0.0,0.0,0.0,0.0,0.0,0.0,0.0,0.0,0.0,0.00244,0.00244,0.001464,0.004636,0.95,0.95,c
1996,l3104126,0.0,0.0,0.0,0.0,0.0,0.0,0.0,0.0,0.0,0.0,0.0,0.0,0.0016279999999999999,0.0016279999999999999,0.0009767999999999999,0.0030931999999999995,0.95,0.95,c
1997,l2879073,0.0,0.0,0.0,0.0,0.0,0.0,0.0,0.0,0.0,0.0,0.0,0.0,0.00244,0.00244,0.001464,0.004636,0.95,0.95,c
2000,l3010567,0.0,0.0,0.0,0.0,0.0,0.0,0.0,0.0,0.0,0.0,0.0,0.0,0.00244,0.00244,0.001464,0.004636,0.95,0.95,c
2003,l2841626,0.0,0.0,0.0,0.0,0.0,0.0,0.0,0.0,0.0,0.0,0.0,0.0,0.0016279999999999999,0.0016279999999999999,0.0009767999999999999,0.0030931999999999995,0.95,0.95,c
2004,l3235266,0.0,0.0,0.0,0.0,0.0,0.0,0.0,0.0,0.0,0.0,0.0,0.0,0.004068,0.004068,0.0024408,0.007729199999999999,0.95,0.95,c
2008,l2954351,0.0,0.0,0.0,0.0,0.0,0.0,0.0,0.0,0.0,0.0,0.0,0.0,0.00244,0.00244,0.001464,0.004636,0.95,0.95,c
2009,l2860486,0.0,0.0,0.0,0.0,0.0,0.0,0.0,0.0,0.0,0.0,0.0,0.0,0.00244,0.00244,0.001464,0.004636,0.95,0.95,c
2010,l3141399,0.0,0.0,0.0,0.0,0.0,0.0,0.0,0.0,0.0,0.0,0.0,0.0,0.006104,0.006104,0.0036623999999999997,0.0115976,0.95,0.95,c
2012,l3085400,0.0,0.0,0.0,0.0,0.0,0.0,0.0,0.0,0.0,0.0,0.0,0.0,0.004068,0.004068,0.0024408,0.007729199999999999,0.95,0.95,c
2018,l2897776,0.0,0.0,0.0,0.0,0.0,0.0,0.0,0.0,0.0,0.0,0.0,0.0,0.004068,0.004068,0.0024408,0.007729199999999999,0.95,0.95,c
2019,l3254215,0.0,0.0,0.0,0.0,0.0,0.0,0.0,0.0,0.0,0.0,0.0,0.0,0.00244,0.00244,0.001464,0.004636,0.95,0.95,c
2020,l3122819,0.0,0.0,0.0,0.0,0.0,0.0,0.0,0.0,0.0,0.0,0.0,0.0,0.006104,0.006104,0.0036623999999999997,0.0115976,0.95,0.95,c
2022,l2748133,0.0,0.0,0.0,0.0,0.0,0.0,0.0,0.0,0.0,0.0,0.0,0.0,0.00244,0.00244,0.001464,0.004636,0.95,0.95,c
2023,l3085399,0.0,0.0,0.0,0.0,0.0,0.0,0.0,0.0,0.0,0.0,0.0,0.0,0.00244,0.00244,0.001464,0.004636,0.95,0.95,c
2024,l2954350,0.0,0.0,0.0,0.0,0.0,0.0,0.0,0.0,0.0,0.0,0.0,0.0,0.00244,0.00244,0.001464,0.004636,0.95,0.95,c
2026,l2841625,0.0,0.0,0.0,0.0,0.0,0.0,0.0,0.0,0.0,0.0,0.0,0.0,0.0016279999999999999,0.0016279999999999999,0.0009767999999999999,0.0030931999999999995,0.95,0.95,c
2027,l3010566,0.0,0.0,0.0,0.0,0.0,0.0,0.0,0.0,0.0,0.0,0.0,0.0,0.00244,0.00244,0.001464,0.004636,0.95,0.95,c
2028,l3178977,0.0,0.0,0.0,0.0,0.0,0.0,0.0,0.0,0.0,0.0,0.0,0.0,0.00244,0.00244,0.001464,0.004636,0.95,0.95,c
2029,l3160105,0.0,0.0,0.0,0.0,0.0,0.0,0.0,0.0,0.0,0.0,0.0,0.0,0.00244,0.00244,0.001464,0.004636,0.95,0.95,c
2030,l3235251,0.0,0.0,0.0,0.0,0.0,0.0,0.0,0.0,0.0,0.0,0.0,0.0,0.00244,0.00244,0.001464,0.004636,0.95,0.95,c
2031,l2691945,0.0,0.0,0.0,0.0,0.0,0.0,0.0,0.0,0.0,0.0,0.0,0.0,0.004068,0.004068,0.0024408,0.007729199999999999,0.95,0.95,c
2032,l2785524,0.0,0.0,0.0,0.0,0.0,0.0,0.0,0.0,0.0,0.0,0.0,0.0,0.00244,0.00244,0.001464,0.004636,0.95,0.95,c
2034,l3010565,0.0,0.0,0.0,0.0,0.0,0.0,0.0,0.0,0.0,0.0,0.0,0.0,0.0016279999999999999,0.0016279999999999999,0.0009767999999999999,0.0030931999999999995,0.95,0.95,c
2035,l2897775,0.0,0.0,0.0,0.0,0.0,0.0,0.0,0.0,0.0,0.0,0.0,0.0,0.004068,0.004068,0.0024408,0.007729199999999999,0.95,0.95,c
2036,l2691950,0.0,0.0,0.0,0.0,0.0,0.0,0.0,0.0,0.0,0.0,0.0,0.0,0.004068,0.004068,0.0024408,0.007729199999999999,0.95,0.95,c
2037,l2916609,0.0,0.0,0.0,0.0,0.0,0.0,0.0,0.0,0.0,0.0,0.0,0.0,0.00244,0.00244,0.001464,0.004636,0.95,0.95,c
2040,l2727795,0.0,0.0,0.0,0.0,0.0,0.0,0.0,0.0,0.0,0.0,0.0,0.0,0.00244,0.00244,0.001464,0.004636,0.95,0.95,c
2041,l2972704,0.0,0.0,0.0,0.0,0.0,0.0,0.0,0.0,0.0,0.0,0.0,0.0,0.00244,0.00244,0.001464,0.004636,0.95,0.95,c
2042,l3263051,0.0,0.0,0.0,0.0,0.0,0.0,0.0,0.0,0.0,0.0,0.0,0.0,0.004068,0.004068,0.0024408,0.007729199999999999,0.95,0.95,c
2044,l2785525,0.0,0.0,0.0,0.0,0.0,0.0,0.0,0.0,0.0,0.0,0.0,0.0,0.004068,0.004068,0.0024408,0.007729199999999999,0.95,0.95,c
2048,l3216347,0.0,0.0,0.0,0.0,0.0,0.0,0.0,0.0,0.0,0.0,0.0,0.0,0.00244,0.00244,0.001464,0.004636,0.95,0.95,c
2049,l2785523,0.0,0.0,0.0,0.0,0.0,0.0,0.0,0.0,0.0,0.0,0.0,0.0,0.00244,0.00244,0.001464,0.004636,0.95,0.95,c
2050,l3141388,0.0,0.0,0.0,0.0,0.0,0.0,0.0,0.0,0.0,0.0,0.0,0.0,0.0016279999999999999,0.0016279999999999999,0.0009767999999999999,0.0030931999999999995,0.95,0.95,c
2051,l3626914,0.0,0.0,0.0,0.0,0.0,0.0,0.0,0.0,0.0,0.0,0.0,0.0,0.00244,0.00244,0.001464,0.004636,0.95,0.95,c
2057,l3066801,0.0,0.0,0.0,0.0,0.0,0.0,0.0,0.0,0.0,0.0,0.0,0.0,0.0016279999999999999,0.0016279999999999999,0.0009767999999999999,0.0030931999999999995,0.95,0.95,c
2058,l2879055,0.0,0.0,0.0,0.0,0.0,0.0,0.0,0.0,0.0,0.0,0.0,0.0,0.0016279999999999999,0.0016279999999999999,0.0009767999999999999,0.0030931999999999995,0.95,0.95,c
2059,l2973144,0.0,0.0,0.0,0.0,0.0,0.0,0.0,0.0,0.0,0.0,0.0,0.0,0.004068,0.004068,0.0024408,0.007729199999999999,0.95,0.95,c
2060,l2724120,0.0,0.0,0.0,0.0,0.0,0.0,0.0,0.0,0.0,0.0,0.0,0.0,0.004068,0.004068,0.0024408,0.007729199999999999,0.95,0.95,c
2063,l2785518,0.0,0.0,0.0,0.0,0.0,0.0,0.0,0.0,0.0,0.0,0.0,0.0,0.00244,0.00244,0.001464,0.004636,0.95,0.95,c
2064,l2766717,0.0,0.0,0.0,0.0,0.0,0.0,0.0,0.0,0.0,0.0,0.0,0.0,0.0016279999999999999,0.0016279999999999999,0.0009767999999999999,0.0030931999999999995,0.95,0.95,c
2065,l2673309,0.0,0.0,0.0,0.0,0.0,0.0,0.0,0.0,0.0,0.0,0.0,0.0,0.004068,0.004068,0.0024408,0.007729199999999999,0.95,0.95,c
2066,l2841629,0.0,0.0,0.0,0.0,0.0,0.0,0.0,0.0,0.0,0.0,0.0,0.0,0.006104,0.006104,0.0036623999999999997,0.0115976,0.95,0.95,c
2067,l2841630,0.0,0.0,0.0,0.0,0.0,0.0,0.0,0.0,0.0,0.0,0.0,0.0,0.004068,0.004068,0.0024408,0.007729199999999999,0.95,0.95,c
2068,l2954352,0.0,0.0,0.0,0.0,0.0,0.0,0.0,0.0,0.0,0.0,0.0,0.0,0.004068,0.004068,0.0024408,0.007729199999999999,0.95,0.95,c
2077,l3010556,0.002128,0.002128,0.0012768,0.004043199999999999,0.95,0.95,0.0,0.0,0.0,0.0,0.0,0.0,0.0,0.0,0.0,0.0,0.0,0.0,a
2078,l2766718,0.0,0.0,0.0,0.0,0.0,0.0,0.0,0.0,0.0,0.0,0.0,0.0,0.006104,0.006104,0.0036623999999999997,0.0115976,0.95,0.95,c
2079,l3048206,0.003548,0.003548,0.0021288,0.0067412,0.95,0.95,0.0,0.0,0.0,0.0,0.0,0.0,0.0,0.0,0.0,0.0,0.0,0.0,a
2081,l2710510,0.0,0.0,0.0,0.0,0.0,0.0,0.0,0.0,0.0,0.0,0.0,0.0,0.0016279999999999999,0.0016279999999999999,0.0009767999999999999,0.0030931999999999995,0.95,0.95,c
2082,l3197628,0.0,0.0,0.0,0.0,0.0,0.0,0.0,0.0,0.0,0.0,0.0,0.0,0.004068,0.004068,0.0024408,0.007729199999999999,0.95,0.95,c
2085,l3104120,0.0,0.0,0.0,0.0,0.0,0.0,0.002336,0.002336,0.0014016,0.0044383999999999995,0.95,0.95,0.0,0.0,0.0,0.0,0.0,0.0,b
2086,l2804251,0.0014199999999999998,0.0014199999999999998,0.000852,0.002698,0.95,0.95,0.0,0.0,0.0,0.0,0.0,0.0,0.0,0.0,0.0,0.0,0.0,0.0,a
2087,l3197630,0.003548,0.003548,0.0021288,0.0067412,0.95,0.95,0.0,0.0,0.0,0.0,0.0,0.0,0.0,0.0,0.0,0.0,0.0,0.0,a
2088,l3235256,0.002128,0.002128,0.0012768,0.004043199999999999,0.95,0.95,0.0,0.0,0.0,0.0,0.0,0.0,0.0,0.0,0.0,0.0,0.0,0.0,a
2092,l2710520,0.002128,0.002128,0.0012768,0.004043199999999999,0.95,0.95,0.0,0.0,0.0,0.0,0.0,0.0,0.0,0.0,0.0,0.0,0.0,0.0,a
2096,l3085396,0.003548,0.003548,0.0021288,0.0067412,0.95,0.95,0.0,0.0,0.0,0.0,0.0,0.0,0.0,0.0,0.0,0.0,0.0,0.0,a
2097,l3122813,0.002128,0.002128,0.0012768,0.004043199999999999,0.95,0.95,0.0,0.0,0.0,0.0,0.0,0.0,0.0,0.0,0.0,0.0,0.0,0.0,a
2099,l2710521,0.003548,0.003548,0.0021288,0.0067412,0.95,0.95,0.0,0.0,0.0,0.0,0.0,0.0,0.0,0.0,0.0,0.0,0.0,0.0,a
2101,l3254218,0.003548,0.003548,0.0021288,0.0067412,0.95,0.95,0.0,0.0,0.0,0.0,0.0,0.0,0.0,0.0,0.0,0.0,0.0,0.0,a
2102,l2860490,0.003548,0.003548,0.0021288,0.0067412,0.95,0.95,0.0,0.0,0.0,0.0,0.0,0.0,0.0,0.0,0.0,0.0,0.0,0.0,a
2103,l3104134,0.0,0.0,0.0,0.0,0.0,0.0,0.0,0.0,0.0,0.0,0.0,0.0,0.004068,0.004068,0.0024408,0.007729199999999999,0.95,0.95,c
2106,l2991922,0.002128,0.002128,0.0012768,0.004043199999999999,0.95,0.95,0.0,0.0,0.0,0.0,0.0,0.0,0.0,0.0,0.0,0.0,0.0,0.0,a
2110,l3122826,0.003548,0.003548,0.0021288,0.0067412,0.95,0.95,0.0,0.0,0.0,0.0,0.0,0.0,0.0,0.0,0.0,0.0,0.0,0.0,a
2112,l2729411,0.0014199999999999998,0.0014199999999999998,0.000852,0.002698,0.95,0.95,0.0,0.0,0.0,0.0,0.0,0.0,0.0,0.0,0.0,0.0,0.0,0.0,a
2113,l2897781,0.0014199999999999998,0.0014199999999999998,0.000852,0.002698,0.95,0.95,0.0,0.0,0.0,0.0,0.0,0.0,0.0,0.0,0.0,0.0,0.0,0.0,a
2114,l3197644,0.002128,0.002128,0.0012768,0.004043199999999999,0.95,0.95,0.0,0.0,0.0,0.0,0.0,0.0,0.0,0.0,0.0,0.0,0.0,0.0,a
2115,l2860491,0.003628,0.003628,0.0021768,0.0068932,0.95,0.95,0.003628,0.003628,0.0021768,0.0068932,0.95,0.95,0.0,0.0,0.0,0.0,0.0,0.0,ab
2120,l2897780,0.0,0.0,0.0,0.0,0.0,0.0,0.003892,0.003892,0.0023352,0.007394799999999999,0.95,0.95,0.0,0.0,0.0,0.0,0.0,0.0,b
2121,l3235255,0.0,0.0,0.0,0.0,0.0,0.0,0.00078,0.00078,0.00046800000000000005,0.001482,0.95,0.95,0.0,0.0,0.0,0.0,0.0,0.0,b
2123,l3216370,0.0015346666666666666,0.0015346666666666666,0.0009207999999999999,0.0029158666666666668,0.95,0.95,0.0015346666666666666,0.0015346666666666666,0.0009207999999999999,0.0029158666666666668,0.95,0.95,0.0015346666666666666,0.0015346666666666666,0.0009207999999999999,0.0029158666666666668,0.95,0.95,abc
2128,l2748158,0.002128,0.002128,0.0012768,0.004043199999999999,0.95,0.95,0.0,0.0,0.0,0.0,0.0,0.0,0.0,0.0,0.0,0.0,0.0,0.0,a
2130,l3104133,0.003548,0.003548,0.0021288,0.0067412,0.95,0.95,0.0,0.0,0.0,0.0,0.0,0.0,0.0,0.0,0.0,0.0,0.0,0.0,a
2132,l3010569,0.00532,0.00532,0.003192,0.010108,0.95,0.95,0.0,0.0,0.0,0.0,0.0,0.0,0.0,0.0,0.0,0.0,0.0,0.0,a
2134,l2710519,0.0014199999999999998,0.0014199999999999998,0.000852,0.002698,0.95,0.95,0.0,0.0,0.0,0.0,0.0,0.0,0.0,0.0,0.0,0.0,0.0,0.0,a
2136,l3029499,0.0014199999999999998,0.0014199999999999998,0.000852,0.002698,0.95,0.95,0.0,0.0,0.0,0.0,0.0,0.0,0.0,0.0,0.0,0.0,0.0,0.0,a
2137,l2897772,0.002128,0.002128,0.0012768,0.004043199999999999,0.95,0.95,0.0,0.0,0.0,0.0,0.0,0.0,0.0,0.0,0.0,0.0,0.0,0.0,a
2139,l3066819,0.003548,0.003548,0.0021288,0.0067412,0.95,0.95,0.0,0.0,0.0,0.0,0.0,0.0,0.0,0.0,0.0,0.0,0.0,0.0,a
2140,l2954354,0.003548,0.003548,0.0021288,0.0067412,0.95,0.95,0.0,0.0,0.0,0.0,0.0,0.0,0.0,0.0,0.0,0.0,0.0,0.0,a
2141,l2673321,0.003548,0.003548,0.0021288,0.0067412,0.95,0.95,0.0,0.0,0.0,0.0,0.0,0.0,0.0,0.0,0.0,0.0,0.0,0.0,a
2146,l2673346,0.0,0.0,0.0,0.0,0.0,0.0,0.0,0.0,0.0,0.0,0.0,0.0,0.004068,0.004068,0.0024408,0.007729199999999999,0.95,0.95,c
2147,l3254238,0.0,0.0,0.0,0.0,0.0,0.0,0.003892,0.003892,0.0023352,0.007394799999999999,0.95,0.95,0.0,0.0,0.0,0.0,0.0,0.0,b
2149,l3027116,0.002128,0.002128,0.0012768,0.004043199999999999,0.95,0.95,0.0,0.0,0.0,0.0,0.0,0.0,0.0,0.0,0.0,0.0,0.0,0.0,a
2152,l3104157,0.0,0.0,0.0,0.0,0.0,0.0,0.0,0.0,0.0,0.0,0.0,0.0,0.004068,0.004068,0.0024408,0.007729199999999999,0.95,0.95,c
2154,l2763153,0.003548,0.003548,0.0021288,0.0067412,0.95,0.95,0.0,0.0,0.0,0.0,0.0,0.0,0.0,0.0,0.0,0.0,0.0,0.0,a
2157,l2766750,0.0,0.0,0.0,0.0,0.0,0.0,0.0,0.0,0.0,0.0,0.0,0.0,0.006104,0.006104,0.0036623999999999997,0.0115976,0.95,0.95,c
2158,l2691954,0.0,0.0,0.0,0.0,0.0,0.0,0.003892,0.003892,0.0023352,0.007394799999999999,0.95,0.95,0.0,0.0,0.0,0.0,0.0,0.0,b
2159,l3122849,0.0,0.0,0.0,0.0,0.0,0.0,0.002336,0.002336,0.0014016,0.0044383999999999995,0.95,0.95,0.0,0.0,0.0,0.0,0.0,0.0,b
2161,l3178997,0.0,0.0,0.0,0.0,0.0,0.0,0.0,0.0,0.0,0.0,0.0,0.0,0.00244,0.00244,0.001464,0.004636,0.95,0.95,c
2163,l2897779,0.0,0.0,0.0,0.0,0.0,0.0,0.0,0.0,0.0,0.0,0.0,0.0,0.004068,0.004068,0.0024408,0.007729199999999999,0.95,0.95,c
2164,l2804261,0.0,0.0,0.0,0.0,0.0,0.0,0.0,0.0,0.0,0.0,0.0,0.0,0.00244,0.00244,0.001464,0.004636,0.95,0.95,c
2165,l3178980,0.0,0.0,0.0,0.0,0.0,0.0,0.0,0.0,0.0,0.0,0.0,0.0,0.00244,0.00244,0.001464,0.004636,0.95,0.95,c
2168,l3235275,0.0,0.0,0.0,0.0,0.0,0.0,0.003892,0.003892,0.0023352,0.007394799999999999,0.95,0.95,0.0,0.0,0.0,0.0,0.0,0.0,b
2171,l2729412,0.003548,0.003548,0.0021288,0.0067412,0.95,0.95,0.0,0.0,0.0,0.0,0.0,0.0,0.0,0.0,0.0,0.0,0.0,0.0,a
2173,l2973162,0.0,0.0,0.0,0.0,0.0,0.0,0.002336,0.002336,0.0014016,0.0044383999999999995,0.95,0.95,0.0,0.0,0.0,0.0,0.0,0.0,b
2177,l2766726,0.0,0.0,0.0,0.0,0.0,0.0,0.002336,0.002336,0.0014016,0.0044383999999999995,0.95,0.95,0.0,0.0,0.0,0.0,0.0,0.0,b
2183,l3197643,0.0,0.0,0.0,0.0,0.0,0.0,0.003892,0.003892,0.0023352,0.007394799999999999,0.95,0.95,0.0,0.0,0.0,0.0,0.0,0.0,b
2185,l2766727,0.0,0.0,0.0,0.0,0.0,0.0,0.002336,0.002336,0.0014016,0.0044383999999999995,0.95,0.95,0.0,0.0,0.0,0.0,0.0,0.0,b
2186,l3029507,0.0,0.0,0.0,0.0,0.0,0.0,0.003892,0.003892,0.0023352,0.007394799999999999,0.95,0.95,0.0,0.0,0.0,0.0,0.0,0.0,b
2187,l2841636,0.0,0.0,0.0,0.0,0.0,0.0,0.002336,0.002336,0.0014016,0.0044383999999999995,0.95,0.95,0.0,0.0,0.0,0.0,0.0,0.0,b
2191,l3104130,0.0,0.0,0.0,0.0,0.0,0.0,0.003892,0.003892,0.0023352,0.007394799999999999,0.95,0.95,0.0,0.0,0.0,0.0,0.0,0.0,b
2192,l2763072,0.0,0.0,0.0,0.0,0.0,0.0,0.003892,0.003892,0.0023352,0.007394799999999999,0.95,0.95,0.0,0.0,0.0,0.0,0.0,0.0,b
2195,l2973163,0.0,0.0,0.0,0.0,0.0,0.0,0.001556,0.001556,0.0009335999999999999,0.0029564,0.95,0.95,0.0,0.0,0.0,0.0,0.0,0.0,b
2197,l2804260,0.0,0.0,0.0,0.0,0.0,0.0,0.003892,0.003892,0.0023352,0.007394799999999999,0.95,0.95,0.0,0.0,0.0,0.0,0.0,0.0,b
2198,l2860488,0.0,0.0,0.0,0.0,0.0,0.0,0.003892,0.003892,0.0023352,0.007394799999999999,0.95,0.95,0.0,0.0,0.0,0.0,0.0,0.0,b
2200,l2991918,0.0,0.0,0.0,0.0,0.0,0.0,0.003892,0.003892,0.0023352,0.007394799999999999,0.95,0.95,0.0,0.0,0.0,0.0,0.0,0.0,b
2201,l2897764,0.0,0.0,0.0,0.0,0.0,0.0,0.003892,0.003892,0.0023352,0.007394799999999999,0.95,0.95,0.0,0.0,0.0,0.0,0.0,0.0,b
2202,l2991902,0.0,0.0,0.0,0.0,0.0,0.0,0.003892,0.003892,0.0023352,0.007394799999999999,0.95,0.95,0.0,0.0,0.0,0.0,0.0,0.0,b
2204,l2710537,0.0,0.0,0.0,0.0,0.0,0.0,0.003892,0.003892,0.0023352,0.007394799999999999,0.95,0.95,0.0,0.0,0.0,0.0,0.0,0.0,b
2208,l3104115,0.0,0.0,0.0,0.0,0.0,0.0,0.001556,0.001556,0.0009335999999999999,0.0029564,0.95,0.95,0.0,0.0,0.0,0.0,0.0,0.0,b
2210,l2804247,0.0,0.0,0.0,0.0,0.0,0.0,0.003892,0.003892,0.0023352,0.007394799999999999,0.95,0.95,0.0,0.0,0.0,0.0,0.0,0.0,b
2211,l3029495,0.0,0.0,0.0,0.0,0.0,0.0,0.002336,0.002336,0.0014016,0.0044383999999999995,0.95,0.95,0.0,0.0,0.0,0.0,0.0,0.0,b
2214,l2801895,0.0,0.0,0.0,0.0,0.0,0.0,0.003892,0.003892,0.0023352,0.007394799999999999,0.95,0.95,0.0,0.0,0.0,0.0,0.0,0.0,b
2215,l2954339,0.0,0.0,0.0,0.0,0.0,0.0,0.003892,0.003892,0.0023352,0.007394799999999999,0.95,0.95,0.0,0.0,0.0,0.0,0.0,0.0,b
2216,l3048200,0.0,0.0,0.0,0.0,0.0,0.0,0.001556,0.001556,0.0009335999999999999,0.0029564,0.95,0.95,0.0,0.0,0.0,0.0,0.0,0.0,b
2218,l3225319,0.0,0.0,0.0,0.0,0.0,0.0,0.005836,0.005836,0.0035016,0.0110884,0.95,0.95,0.0,0.0,0.0,0.0,0.0,0.0,b
2219,l3048201,0.0,0.0,0.0,0.0,0.0,0.0,0.003892,0.003892,0.0023352,0.007394799999999999,0.95,0.95,0.0,0.0,0.0,0.0,0.0,0.0,b
2220,l3216339,0.0,0.0,0.0,0.0,0.0,0.0,0.003892,0.003892,0.0023352,0.007394799999999999,0.95,0.95,0.0,0.0,0.0,0.0,0.0,0.0,b
2221,l3085389,0.0,0.0,0.0,0.0,0.0,0.0,0.003892,0.003892,0.0023352,0.007394799999999999,0.95,0.95,0.0,0.0,0.0,0.0,0.0,0.0,b
2222,l2673300,0.0,0.0,0.0,0.0,0.0,0.0,0.003892,0.003892,0.0023352,0.007394799999999999,0.95,0.95,0.0,0.0,0.0,0.0,0.0,0.0,b
2224,l3141390,0.0,0.0,0.0,0.0,0.0,0.0,0.003892,0.003892,0.0023352,0.007394799999999999,0.95,0.95,0.0,0.0,0.0,0.0,0.0,0.0,b
2226,l3085388,0.0,0.0,0.0,0.0,0.0,0.0,0.001556,0.001556,0.0009335999999999999,0.0029564,0.95,0.95,0.0,0.0,0.0,0.0,0.0,0.0,b
2227,l2822859,0.0,0.0,0.0,0.0,0.0,0.0,0.003892,0.003892,0.0023352,0.007394799999999999,0.95,0.95,0.0,0.0,0.0,0.0,0.0,0.0,b
2228,l2879079,0.0,0.0,0.0,0.0,0.0,0.0,0.002336,0.002336,0.0014016,0.0044383999999999995,0.95,0.95,0.0,0.0,0.0,0.0,0.0,0.0,b
2229,l2991917,0.0,0.0,0.0,0.0,0.0,0.0,0.001556,0.001556,0.0009335999999999999,0.0029564,0.95,0.95,0.0,0.0,0.0,0.0,0.0,0.0,b
2230,l3122823,0.0,0.0,0.0,0.0,0.0,0.0,0.003892,0.003892,0.0023352,0.007394799999999999,0.95,0.95,0.0,0.0,0.0,0.0,0.0,0.0,b
2231,l3104135,0.002128,0.002128,0.0012768,0.004043199999999999,0.95,0.95,0.0,0.0,0.0,0.0,0.0,0.0,0.0,0.0,0.0,0.0,0.0,0.0,a
2232,l2785526,0.0,0.0,0.0,0.0,0.0,0.0,0.002336,0.002336,0.0014016,0.0044383999999999995,0.95,0.95,0.0,0.0,0.0,0.0,0.0,0.0,b
2233,l3214055,0.0,0.0,0.0,0.0,0.0,0.0,0.0,0.0,0.0,0.0,0.0,0.0,0.00244,0.00244,0.001464,0.004636,0.95,0.95,c
2236,l2804259,0.003548,0.003548,0.0021288,0.0067412,0.95,0.95,0.0,0.0,0.0,0.0,0.0,0.0,0.0,0.0,0.0,0.0,0.0,0.0,a
2241,l3010570,0.002128,0.002128,0.0012768,0.004043199999999999,0.95,0.95,0.0,0.0,0.0,0.0,0.0,0.0,0.0,0.0,0.0,0.0,0.0,0.0,a
2242,l2991919,0.002128,0.002128,0.0012768,0.004043199999999999,0.95,0.95,0.0,0.0,0.0,0.0,0.0,0.0,0.0,0.0,0.0,0.0,0.0,0.0,a
2245,l3122824,0.002128,0.002128,0.0012768,0.004043199999999999,0.95,0.95,0.0,0.0,0.0,0.0,0.0,0.0,0.0,0.0,0.0,0.0,0.0,0.0,a
2246,l2860489,0.002128,0.002128,0.0012768,0.004043199999999999,0.95,0.95,0.0,0.0,0.0,0.0,0.0,0.0,0.0,0.0,0.0,0.0,0.0,0.0,a
2247,l3104131,0.003548,0.003548,0.0021288,0.0067412,0.95,0.95,0.0,0.0,0.0,0.0,0.0,0.0,0.0,0.0,0.0,0.0,0.0,0.0,a
2249,l3048210,0.00532,0.00532,0.003192,0.010108,0.95,0.95,0.0,0.0,0.0,0.0,0.0,0.0,0.0,0.0,0.0,0.0,0.0,0.0,a
2251,l2897778,0.0014199999999999998,0.0014199999999999998,0.000852,0.002698,0.95,0.95,0.0,0.0,0.0,0.0,0.0,0.0,0.0,0.0,0.0,0.0,0.0,0.0,a
2254,l3085402,0.00532,0.00532,0.003192,0.010108,0.95,0.95,0.0,0.0,0.0,0.0,0.0,0.0,0.0,0.0,0.0,0.0,0.0,0.0,a
2257,l2804252,0.003548,0.003548,0.0021288,0.0067412,0.95,0.95,0.0,0.0,0.0,0.0,0.0,0.0,0.0,0.0,0.0,0.0,0.0,0.0,a
2258,l3195310,0.003548,0.003548,0.0021288,0.0067412,0.95,0.95,0.0,0.0,0.0,0.0,0.0,0.0,0.0,0.0,0.0,0.0,0.0,0.0,a
2259,l2935559,0.003548,0.003548,0.0021288,0.0067412,0.95,0.95,0.0,0.0,0.0,0.0,0.0,0.0,0.0,0.0,0.0,0.0,0.0,0.0,a
2260,l3048214,0.003548,0.003548,0.0021288,0.0067412,0.95,0.95,0.0,0.0,0.0,0.0,0.0,0.0,0.0,0.0,0.0,0.0,0.0,0.0,a
2261,l3104132,0.002128,0.002128,0.0012768,0.004043199999999999,0.95,0.95,0.0,0.0,0.0,0.0,0.0,0.0,0.0,0.0,0.0,0.0,0.0,0.0,a
2262,l2973164,0.0014199999999999998,0.0014199999999999998,0.000852,0.002698,0.95,0.95,0.0,0.0,0.0,0.0,0.0,0.0,0.0,0.0,0.0,0.0,0.0,0.0,a
2263,l3122825,0.00532,0.00532,0.003192,0.010108,0.95,0.95,0.0,0.0,0.0,0.0,0.0,0.0,0.0,0.0,0.0,0.0,0.0,0.0,a
2264,l2991920,0.002128,0.002128,0.0012768,0.004043199999999999,0.95,0.95,0.0,0.0,0.0,0.0,0.0,0.0,0.0,0.0,0.0,0.0,0.0,0.0,a
2265,l2748135,0.003548,0.003548,0.0021288,0.0067412,0.95,0.95,0.0,0.0,0.0,0.0,0.0,0.0,0.0,0.0,0.0,0.0,0.0,0.0,a
2266,l3048230,0.0,0.0,0.0,0.0,0.0,0.0,0.0,0.0,0.0,0.0,0.0,0.0,0.004068,0.004068,0.0024408,0.007729199999999999,0.95,0.95,c
2267,l2991943,0.0,0.0,0.0,0.0,0.0,0.0,0.0,0.0,0.0,0.0,0.0,0.0,0.004068,0.004068,0.0024408,0.007729199999999999,0.95,0.95,c
2269,l2991921,0.0,0.0,0.0,0.0,0.0,0.0,0.0,0.0,0.0,0.0,0.0,0.0,0.004068,0.004068,0.0024408,0.007729199999999999,0.95,0.95,c
2271,l2841637,0.0,0.0,0.0,0.0,0.0,0.0,0.0,0.0,0.0,0.0,0.0,0.0,0.004068,0.004068,0.0024408,0.007729199999999999,0.95,0.95,c
2272,l3254205,0.0,0.0,0.0,0.0,0.0,0.0,0.0,0.0,0.0,0.0,0.0,0.0,0.004068,0.004068,0.0024408,0.007729199999999999,0.95,0.95,c
2277,293471,0.0038360000000000004,0.0038360000000000004,0.0023015999999999996,0.0072884,0.95,0.95,0.0038360000000000004,0.0038360000000000004,0.0023015999999999996,0.0072884,0.95,0.95,0.0038360000000000004,0.0038360000000000004,0.0023015999999999996,0.0072884,0.95,0.95,abc
2279,l2785527,0.002128,0.002128,0.0012768,0.004043199999999999,0.95,0.95,0.0,0.0,0.0,0.0,0.0,0.0,0.0,0.0,0.0,0.0,0.0,0.0,a
2280,l2766729,0.003548,0.003548,0.0021288,0.0067412,0.95,0.95,0.0,0.0,0.0,0.0,0.0,0.0,0.0,0.0,0.0,0.0,0.0,0.0,a
2284,l2691953,0.002128,0.002128,0.0012768,0.004043199999999999,0.95,0.95,0.0,0.0,0.0,0.0,0.0,0.0,0.0,0.0,0.0,0.0,0.0,0.0,a
2286,l3048211,0.003548,0.003548,0.0021288,0.0067412,0.95,0.95,0.0,0.0,0.0,0.0,0.0,0.0,0.0,0.0,0.0,0.0,0.0,0.0,a
2288,l2991923,0.003548,0.003548,0.0021288,0.0067412,0.95,0.95,0.0,0.0,0.0,0.0,0.0,0.0,0.0,0.0,0.0,0.0,0.0,0.0,a
2290,l3197645,0.003548,0.003548,0.0021288,0.0067412,0.95,0.95,0.0,0.0,0.0,0.0,0.0,0.0,0.0,0.0,0.0,0.0,0.0,0.0,a
2291,l3254219,0.0,0.0,0.0,0.0,0.0,0.0,0.0,0.0,0.0,0.0,0.0,0.0,0.004068,0.004068,0.0024408,0.007729199999999999,0.95,0.95,c
2292,l3254220,0.0,0.0,0.0,0.0,0.0,0.0,0.0,0.0,0.0,0.0,0.0,0.0,0.004068,0.004068,0.0024408,0.007729199999999999,0.95,0.95,c
2295,l3066818,0.0,0.0,0.0,0.0,0.0,0.0,0.003892,0.003892,0.0023352,0.007394799999999999,0.95,0.95,0.0,0.0,0.0,0.0,0.0,0.0,b
2296,l3178981,0.0,0.0,0.0,0.0,0.0,0.0,0.003892,0.003892,0.0023352,0.007394799999999999,0.95,0.95,0.0,0.0,0.0,0.0,0.0,0.0,b
2298,l2785528,0.0,0.0,0.0,0.0,0.0,0.0,0.002336,0.002336,0.0014016,0.0044383999999999995,0.95,0.95,0.0,0.0,0.0,0.0,0.0,0.0,b
2299,l2841620,0.0,0.0,0.0,0.0,0.0,0.0,0.002336,0.002336,0.0014016,0.0044383999999999995,0.95,0.95,0.0,0.0,0.0,0.0,0.0,0.0,b
2300,l2785520,0.0,0.0,0.0,0.0,0.0,0.0,0.001556,0.001556,0.0009335999999999999,0.0029564,0.95,0.95,0.0,0.0,0.0,0.0,0.0,0.0,b
2302,l3254211,0.0,0.0,0.0,0.0,0.0,0.0,0.003892,0.003892,0.0023352,0.007394799999999999,0.95,0.95,0.0,0.0,0.0,0.0,0.0,0.0,b
2304,l3119793,0.0,0.0,0.0,0.0,0.0,0.0,0.002336,0.002336,0.0014016,0.0044383999999999995,0.95,0.95,0.0,0.0,0.0,0.0,0.0,0.0,b
2308,l2916625,0.0,0.0,0.0,0.0,0.0,0.0,0.005836,0.005836,0.0035016,0.0110884,0.95,0.95,0.0,0.0,0.0,0.0,0.0,0.0,b
2309,l3139598,0.0,0.0,0.0,0.0,0.0,0.0,0.005836,0.005836,0.0035016,0.0110884,0.95,0.95,0.0,0.0,0.0,0.0,0.0,0.0,b
2311,l2729407,0.0,0.0,0.0,0.0,0.0,0.0,0.002336,0.002336,0.0014016,0.0044383999999999995,0.95,0.95,0.0,0.0,0.0,0.0,0.0,0.0,b
2312,l2691942,0.0,0.0,0.0,0.0,0.0,0.0,0.002336,0.002336,0.0014016,0.0044383999999999995,0.95,0.95,0.0,0.0,0.0,0.0,0.0,0.0,b
2314,l2689678,0.0,0.0,0.0,0.0,0.0,0.0,0.00078,0.00078,0.00046800000000000005,0.001482,0.95,0.95,0.0,0.0,0.0,0.0,0.0,0.0,b
2321,l0247162,0.0,0.0,0.0,0.0,0.0,0.0,0.002336,0.002336,0.0014016,0.0044383999999999995,0.95,0.95,0.0,0.0,0.0,0.0,0.0,0.0,b
2322,l2766732,0.0,0.0,0.0,0.0,0.0,0.0,0.001556,0.001556,0.0009335999999999999,0.0029564,0.95,0.95,0.0,0.0,0.0,0.0,0.0,0.0,b
2325,l3048231,0.0,0.0,0.0,0.0,0.0,0.0,0.0077800000000000005,0.0077800000000000005,0.004668,0.014782,0.95,0.95,0.0,0.0,0.0,0.0,0.0,0.0,b
2331,l0247171,0.0,0.0,0.0,0.0,0.0,0.0,0.002336,0.002336,0.0014016,0.0044383999999999995,0.95,0.95,0.0,0.0,0.0,0.0,0.0,0.0,b
2333,l2897784,0.0,0.0,0.0,0.0,0.0,0.0,0.005836,0.005836,0.0035016,0.0110884,0.95,0.95,0.0,0.0,0.0,0.0,0.0,0.0,b
2335,l2691959,0.0,0.0,0.0,0.0,0.0,0.0,0.015560000000000001,0.015560000000000001,0.009336,0.029564,0.95,0.95,0.0,0.0,0.0,0.0,0.0,0.0,b
2340,l0247160,0.0,0.0,0.0,0.0,0.0,0.0,0.002336,0.002336,0.0014016,0.0044383999999999995,0.95,0.95,0.0,0.0,0.0,0.0,0.0,0.0,b
2341,l3197629,0.0,0.0,0.0,0.0,0.0,0.0,0.002336,0.002336,0.0014016,0.0044383999999999995,0.95,0.95,0.0,0.0,0.0,0.0,0.0,0.0,b
2342,l2879065,0.0,0.0,0.0,0.0,0.0,0.0,0.001556,0.001556,0.0009335999999999999,0.0029564,0.95,0.95,0.0,0.0,0.0,0.0,0.0,0.0,b
2343,l2748130,0.0,0.0,0.0,0.0,0.0,0.0,0.003892,0.003892,0.0023352,0.007394799999999999,0.95,0.95,0.0,0.0,0.0,0.0,0.0,0.0,b
2344,l3254212,0.0,0.0,0.0,0.0,0.0,0.0,0.005836,0.005836,0.0035016,0.0110884,0.95,0.95,0.0,0.0,0.0,0.0,0.0,0.0,b
2345,l2841638,0.0,0.0,0.0,0.0,0.0,0.0,0.0,0.0,0.0,0.0,0.0,0.0,0.00244,0.00244,0.001464,0.004636,0.95,0.95,c
2346,l2860492,0.0,0.0,0.0,0.0,0.0,0.0,0.0,0.0,0.0,0.0,0.0,0.0,0.00244,0.00244,0.001464,0.004636,0.95,0.95,c
2347,l3254210,0.0,0.0,0.0,0.0,0.0,0.0,0.0,0.0,0.0,0.0,0.0,0.0,0.00244,0.00244,0.001464,0.004636,0.95,0.95,c
2348,l3085395,0.002128,0.002128,0.0012768,0.004043199999999999,0.95,0.95,0.0,0.0,0.0,0.0,0.0,0.0,0.0,0.0,0.0,0.0,0.0,0.0,a
2351,l2991907,0.003548,0.003548,0.0021288,0.0067412,0.95,0.95,0.0,0.0,0.0,0.0,0.0,0.0,0.0,0.0,0.0,0.0,0.0,0.0,a
2353,l3235253,0.003548,0.003548,0.0021288,0.0067412,0.95,0.95,0.0,0.0,0.0,0.0,0.0,0.0,0.0,0.0,0.0,0.0,0.0,0.0,a
2355,l3195315,0.003548,0.003548,0.0021288,0.0067412,0.95,0.95,0.0,0.0,0.0,0.0,0.0,0.0,0.0,0.0,0.0,0.0,0.0,0.0,a
2357,l2748146,0.002128,0.002128,0.0012768,0.004043199999999999,0.95,0.95,0.0,0.0,0.0,0.0,0.0,0.0,0.0,0.0,0.0,0.0,0.0,0.0,a
2358,l2804253,0.002128,0.002128,0.0012768,0.004043199999999999,0.95,0.95,0.0,0.0,0.0,0.0,0.0,0.0,0.0,0.0,0.0,0.0,0.0,0.0,a
2359,l2973151,0.002128,0.002128,0.0012768,0.004043199999999999,0.95,0.95,0.0,0.0,0.0,0.0,0.0,0.0,0.0,0.0,0.0,0.0,0.0,0.0,a
2361,l2748129,0.00532,0.00532,0.003192,0.010108,0.95,0.95,0.0,0.0,0.0,0.0,0.0,0.0,0.0,0.0,0.0,0.0,0.0,0.0,a
2362,l2785519,0.003548,0.003548,0.0021288,0.0067412,0.95,0.95,0.0,0.0,0.0,0.0,0.0,0.0,0.0,0.0,0.0,0.0,0.0,0.0,a
2363,l3104122,0.003548,0.003548,0.0021288,0.0067412,0.95,0.95,0.0,0.0,0.0,0.0,0.0,0.0,0.0,0.0,0.0,0.0,0.0,0.0,a
2364,l2804283,0.003548,0.003548,0.0021288,0.0067412,0.95,0.95,0.0,0.0,0.0,0.0,0.0,0.0,0.0,0.0,0.0,0.0,0.0,0.0,a
2365,l2916627,0.003548,0.003548,0.0021288,0.0067412,0.95,0.95,0.0,0.0,0.0,0.0,0.0,0.0,0.0,0.0,0.0,0.0,0.0,0.0,a
2366,l2673310,0.003548,0.003548,0.0021288,0.0067412,0.95,0.95,0.0,0.0,0.0,0.0,0.0,0.0,0.0,0.0,0.0,0.0,0.0,0.0,a
2367,l3104121,0.003548,0.003548,0.0021288,0.0067412,0.95,0.95,0.0,0.0,0.0,0.0,0.0,0.0,0.0,0.0,0.0,0.0,0.0,0.0,a
2368,l3104113,0.003548,0.003548,0.0021288,0.0067412,0.95,0.95,0.0,0.0,0.0,0.0,0.0,0.0,0.0,0.0,0.0,0.0,0.0,0.0,a
2369,l2991913,0.002128,0.002128,0.0012768,0.004043199999999999,0.95,0.95,0.0,0.0,0.0,0.0,0.0,0.0,0.0,0.0,0.0,0.0,0.0,0.0,a
2370,l2879064,0.003548,0.003548,0.0021288,0.0067412,0.95,0.95,0.0,0.0,0.0,0.0,0.0,0.0,0.0,0.0,0.0,0.0,0.0,0.0,a
2371,l3197637,0.0,0.0,0.0,0.0,0.0,0.0,0.0,0.0,0.0,0.0,0.0,0.0,0.0016279999999999999,0.0016279999999999999,0.0009767999999999999,0.0030931999999999995,0.95,0.95,c
2372,l2860487,0.0,0.0,0.0,0.0,0.0,0.0,0.0,0.0,0.0,0.0,0.0,0.0,0.00244,0.00244,0.001464,0.004636,0.95,0.95,c
2373,l2991911,0.0,0.0,0.0,0.0,0.0,0.0,0.0,0.0,0.0,0.0,0.0,0.0,0.00244,0.00244,0.001464,0.004636,0.95,0.95,c
2378,l2991912,0.002128,0.002128,0.0012768,0.004043199999999999,0.95,0.95,0.0,0.0,0.0,0.0,0.0,0.0,0.0,0.0,0.0,0.0,0.0,0.0,a
2379,l3104128,0.002128,0.002128,0.0012768,0.004043199999999999,0.95,0.95,0.0,0.0,0.0,0.0,0.0,0.0,0.0,0.0,0.0,0.0,0.0,0.0,a
2380,l2673315,0.0014199999999999998,0.0014199999999999998,0.000852,0.002698,0.95,0.95,0.0,0.0,0.0,0.0,0.0,0.0,0.0,0.0,0.0,0.0,0.0,0.0,a
2382,l2766721,0.003548,0.003548,0.0021288,0.0067412,0.95,0.95,0.0,0.0,0.0,0.0,0.0,0.0,0.0,0.0,0.0,0.0,0.0,0.0,a
2383,l2991906,0.0014199999999999998,0.0014199999999999998,0.000852,0.002698,0.95,0.95,0.0,0.0,0.0,0.0,0.0,0.0,0.0,0.0,0.0,0.0,0.0,0.0,a
2384,l2879054,0.003548,0.003548,0.0021288,0.0067412,0.95,0.95,0.0,0.0,0.0,0.0,0.0,0.0,0.0,0.0,0.0,0.0,0.0,0.0,a
2387,l2711234,0.0,0.0,0.0,0.0,0.0,0.0,0.003892,0.003892,0.0023352,0.007394799999999999,0.95,0.95,0.0,0.0,0.0,0.0,0.0,0.0,b
2388,l3198355,0.0,0.0,0.0,0.0,0.0,0.0,0.001556,0.001556,0.0009335999999999999,0.0029564,0.95,0.95,0.0,0.0,0.0,0.0,0.0,0.0,b
2392,l3236011,0.0,0.0,0.0,0.0,0.0,0.0,0.002336,0.002336,0.0014016,0.0044383999999999995,0.95,0.95,0.0,0.0,0.0,0.0,0.0,0.0,b
2393,l3198358,0.0,0.0,0.0,0.0,0.0,0.0,0.005836,0.005836,0.0035016,0.0110884,0.95,0.95,0.0,0.0,0.0,0.0,0.0,0.0,b
2394,l3104859,0.0,0.0,0.0,0.0,0.0,0.0,0.002336,0.002336,0.0014016,0.0044383999999999995,0.95,0.95,0.0,0.0,0.0,0.0,0.0,0.0,b
2396,l2897771,0.0,0.0,0.0,0.0,0.0,0.0,0.002336,0.002336,0.0014016,0.0044383999999999995,0.95,0.95,0.0,0.0,0.0,0.0,0.0,0.0,b
2400,l2989565,0.003548,0.003548,0.0021288,0.0067412,0.95,0.95,0.0,0.0,0.0,0.0,0.0,0.0,0.0,0.0,0.0,0.0,0.0,0.0,a
2402,l2674051,0.002128,0.002128,0.0012768,0.004043199999999999,0.95,0.95,0.0,0.0,0.0,0.0,0.0,0.0,0.0,0.0,0.0,0.0,0.0,0.0,a
2405,l2879767,0.0,0.0,0.0,0.0,0.0,0.0,0.001556,0.001556,0.0009335999999999999,0.0029564,0.95,0.95,0.0,0.0,0.0,0.0,0.0,0.0,b
2406,l2767407,0.0,0.0,0.0,0.0,0.0,0.0,0.001556,0.001556,0.0009335999999999999,0.0029564,0.95,0.95,0.0,0.0,0.0,0.0,0.0,0.0,b
2408,l3068944,0.0,0.0,0.0,0.0,0.0,0.0,0.005836,0.005836,0.0035016,0.0110884,0.95,0.95,0.0,0.0,0.0,0.0,0.0,0.0,b
2410,l2711224,0.0,0.0,0.0,0.0,0.0,0.0,0.001556,0.001556,0.0009335999999999999,0.0029564,0.95,0.95,0.0,0.0,0.0,0.0,0.0,0.0,b
2412,l2917310,0.0,0.0,0.0,0.0,0.0,0.0,0.002336,0.002336,0.0014016,0.0044383999999999995,0.95,0.95,0.0,0.0,0.0,0.0,0.0,0.0,b
2413,l3142098,0.0,0.0,0.0,0.0,0.0,0.0,0.003892,0.003892,0.0023352,0.007394799999999999,0.95,0.95,0.0,0.0,0.0,0.0,0.0,0.0,b
2414,l3142079,0.0,0.0,0.0,0.0,0.0,0.0,0.002336,0.002336,0.0014016,0.0044383999999999995,0.95,0.95,0.0,0.0,0.0,0.0,0.0,0.0,b
2416,l2955055,0.0,0.0,0.0,0.0,0.0,0.0,0.003892,0.003892,0.0023352,0.007394799999999999,0.95,0.95,0.0,0.0,0.0,0.0,0.0,0.0,b
2417,l2879753,0.0,0.0,0.0,0.0,0.0,0.0,0.003892,0.003892,0.0023352,0.007394799999999999,0.95,0.95,0.0,0.0,0.0,0.0,0.0,0.0,b
2418,l2748839,0.0,0.0,0.0,0.0,0.0,0.0,0.001556,0.001556,0.0009335999999999999,0.0029564,0.95,0.95,0.0,0.0,0.0,0.0,0.0,0.0,b
2421,l2692654,0.002128,0.002128,0.0012768,0.004043199999999999,0.95,0.95,0.0,0.0,0.0,0.0,0.0,0.0,0.0,0.0,0.0,0.0,0.0,0.0,a
2423,l2842379,0.00532,0.00532,0.003192,0.010108,0.95,0.95,0.0,0.0,0.0,0.0,0.0,0.0,0.0,0.0,0.0,0.0,0.0,0.0,a
2425,l2936271,0.002128,0.002128,0.0012768,0.004043199999999999,0.95,0.95,0.0,0.0,0.0,0.0,0.0,0.0,0.0,0.0,0.0,0.0,0.0,0.0,a
2427,l2917359,0.002128,0.002128,0.0012768,0.004043199999999999,0.95,0.95,0.0,0.0,0.0,0.0,0.0,0.0,0.0,0.0,0.0,0.0,0.0,0.0,a
2431,l3160868,0.0,0.0,0.0,0.0,0.0,0.0,0.003892,0.003892,0.0023352,0.007394799999999999,0.95,0.95,0.0,0.0,0.0,0.0,0.0,0.0,b
2432,l3082988,0.0,0.0,0.0,0.0,0.0,0.0,0.002336,0.002336,0.0014016,0.0044383999999999995,0.95,0.95,0.0,0.0,0.0,0.0,0.0,0.0,b
2434,l2767409,0.0,0.0,0.0,0.0,0.0,0.0,0.003892,0.003892,0.0023352,0.007394799999999999,0.95,0.95,0.0,0.0,0.0,0.0,0.0,0.0,b
2439,l3217064,0.0,0.0,0.0,0.0,0.0,0.0,0.003892,0.003892,0.0023352,0.007394799999999999,0.95,0.95,0.0,0.0,0.0,0.0,0.0,0.0,b
2442,l2879794,0.00532,0.00532,0.003192,0.010108,0.95,0.95,0.0,0.0,0.0,0.0,0.0,0.0,0.0,0.0,0.0,0.0,0.0,0.0,a
2444,l2992657,0.003548,0.003548,0.0021288,0.0067412,0.95,0.95,0.0,0.0,0.0,0.0,0.0,0.0,0.0,0.0,0.0,0.0,0.0,0.0,a
2445,l2917330,0.003548,0.003548,0.0021288,0.0067412,0.95,0.95,0.0,0.0,0.0,0.0,0.0,0.0,0.0,0.0,0.0,0.0,0.0,0.0,a
2446,l2861222,0.00532,0.00532,0.003192,0.010108,0.95,0.95,0.0,0.0,0.0,0.0,0.0,0.0,0.0,0.0,0.0,0.0,0.0,0.0,a
2448,l2955078,0.003548,0.003548,0.0021288,0.0067412,0.95,0.95,0.0,0.0,0.0,0.0,0.0,0.0,0.0,0.0,0.0,0.0,0.0,0.0,a
2449,l2692660,0.007096,0.007096,0.0042576,0.0134824,0.95,0.95,0.0,0.0,0.0,0.0,0.0,0.0,0.0,0.0,0.0,0.0,0.0,0.0,a
2450,l2955076,0.002128,0.002128,0.0012768,0.004043199999999999,0.95,0.95,0.0,0.0,0.0,0.0,0.0,0.0,0.0,0.0,0.0,0.0,0.0,0.0,a
2452,l3160871,0.0,0.0,0.0,0.0,0.0,0.0,0.0,0.0,0.0,0.0,0.0,0.0,0.004068,0.004068,0.0024408,0.007729199999999999,0.95,0.95,c
2453,l3030203,0.0,0.0,0.0,0.0,0.0,0.0,0.0,0.0,0.0,0.0,0.0,0.0,0.004068,0.004068,0.0024408,0.007729199999999999,0.95,0.95,c
2454,l3179673,0.0,0.0,0.0,0.0,0.0,0.0,0.0,0.0,0.0,0.0,0.0,0.0,0.00244,0.00244,0.001464,0.004636,0.95,0.95,c
2456,l2839305,0.002128,0.002128,0.0012768,0.004043199999999999,0.95,0.95,0.0,0.0,0.0,0.0,0.0,0.0,0.0,0.0,0.0,0.0,0.0,0.0,a
2460,l2898522,0.003548,0.003548,0.0021288,0.0067412,0.95,0.95,0.0,0.0,0.0,0.0,0.0,0.0,0.0,0.0,0.0,0.0,0.0,0.0,a
2464,l2692661,0.003548,0.003548,0.0021288,0.0067412,0.95,0.95,0.0,0.0,0.0,0.0,0.0,0.0,0.0,0.0,0.0,0.0,0.0,0.0,a
2466,l2992656,0.00532,0.00532,0.003192,0.010108,0.95,0.95,0.0,0.0,0.0,0.0,0.0,0.0,0.0,0.0,0.0,0.0,0.0,0.0,a
2469,l2730187,0.00532,0.00532,0.003192,0.010108,0.95,0.95,0.0,0.0,0.0,0.0,0.0,0.0,0.0,0.0,0.0,0.0,0.0,0.0,a
2470,l3104856,0.002128,0.002128,0.0012768,0.004043199999999999,0.95,0.95,0.0,0.0,0.0,0.0,0.0,0.0,0.0,0.0,0.0,0.0,0.0,0.0,a
2475,l3030205,0.0,0.0,0.0,0.0,0.0,0.0,0.0,0.0,0.0,0.0,0.0,0.0,0.004068,0.004068,0.0024408,0.007729199999999999,0.95,0.95,c
2476,l3067506,0.0,0.0,0.0,0.0,0.0,0.0,0.0,0.0,0.0,0.0,0.0,0.0,0.0016279999999999999,0.0016279999999999999,0.0009767999999999999,0.0030931999999999995,0.95,0.95,c
2478,l3048966,0.0,0.0,0.0,0.0,0.0,0.0,0.0,0.0,0.0,0.0,0.0,0.0,0.00244,0.00244,0.001464,0.004636,0.95,0.95,c
2479,l2898515,0.0,0.0,0.0,0.0,0.0,0.0,0.0,0.0,0.0,0.0,0.0,0.0,0.004068,0.004068,0.0024408,0.007729199999999999,0.95,0.95,c
2481,l3048946,0.0,0.0,0.0,0.0,0.0,0.0,0.0,0.0,0.0,0.0,0.0,0.0,0.00244,0.00244,0.001464,0.004636,0.95,0.95,c
2482,l3198347,0.0,0.0,0.0,0.0,0.0,0.0,0.0,0.0,0.0,0.0,0.0,0.0,0.00244,0.00244,0.001464,0.004636,0.95,0.95,c
2488,l3086079,0.0,0.0,0.0,0.0,0.0,0.0,0.001556,0.001556,0.0009335999999999999,0.0029564,0.95,0.95,0.0,0.0,0.0,0.0,0.0,0.0,b
2489,l2936276,0.0,0.0,0.0,0.0,0.0,0.0,0.001556,0.001556,0.0009335999999999999,0.0029564,0.95,0.95,0.0,0.0,0.0,0.0,0.0,0.0,b
2491,l2936275,0.0,0.0,0.0,0.0,0.0,0.0,0.001556,0.001556,0.0009335999999999999,0.0029564,0.95,0.95,0.0,0.0,0.0,0.0,0.0,0.0,b
2492,l3179674,0.0,0.0,0.0,0.0,0.0,0.0,0.003892,0.003892,0.0023352,0.007394799999999999,0.95,0.95,0.0,0.0,0.0,0.0,0.0,0.0,b
2496,l3142099,0.0,0.0,0.0,0.0,0.0,0.0,0.003892,0.003892,0.0023352,0.007394799999999999,0.95,0.95,0.0,0.0,0.0,0.0,0.0,0.0,b
2500,l3086075,0.0,0.0,0.0,0.0,0.0,0.0,0.002336,0.002336,0.0014016,0.0044383999999999995,0.95,0.95,0.0,0.0,0.0,0.0,0.0,0.0,b
2502,l2748840,0.0,0.0,0.0,0.0,0.0,0.0,0.002336,0.002336,0.0014016,0.0044383999999999995,0.95,0.95,0.0,0.0,0.0,0.0,0.0,0.0,b
2506,l3123509,0.0,0.0,0.0,0.0,0.0,0.0,0.0,0.0,0.0,0.0,0.0,0.0,0.00244,0.00244,0.001464,0.004636,0.95,0.95,c
2510,l3011293,0.007670666666666667,0.007670666666666667,0.0046023999999999995,0.014574266666666667,0.95,0.95,0.007670666666666667,0.007670666666666667,0.0046023999999999995,0.014574266666666667,0.95,0.95,0.007670666666666667,0.007670666666666667,0.0046023999999999995,0.014574266666666667,0.95,0.95,abc
2513,l3139366,0.003548,0.003548,0.0021288,0.0067412,0.95,0.95,0.0,0.0,0.0,0.0,0.0,0.0,0.0,0.0,0.0,0.0,0.0,0.0,a
2518,l3234149,0.038352,0.038352,0.0230112,0.0728688,0.95,0.95,0.038352,0.038352,0.0230112,0.0728688,0.95,0.95,0.038352,0.038352,0.0230112,0.0728688,0.95,0.95,abc
2519,l2861223,0.0,0.0,0.0,0.0,0.0,0.0,0.003892,0.003892,0.0023352,0.007394799999999999,0.95,0.95,0.0,0.0,0.0,0.0,0.0,0.0,b
2521,l2936268,0.0,0.0,0.0,0.0,0.0,0.0,0.0,0.0,0.0,0.0,0.0,0.0,0.00244,0.00244,0.001464,0.004636,0.95,0.95,c
