fb,tb,from_name,to_name,raa,rab,rac,rbb,rbc,rcc,xaa,xab,xac,xbb,xbc,xcc,type,name,status,s_base,v_ln_base,z_base,phases
1,2,sourcebus,hvmv_sub_hsb,0.0,0.0,0.0,0.0,0.0,0.0,0.0033568937543126745,0.0,0.0,0.0033568937543126745,0.0,0.0033568937543126745,reactor,hvmv_sub_hsb,,1000000.0,66395.28095680696,4408.333333333334,abc
2,3,hvmv_sub_hsb,regxfmr_hvmv_sub_lsb,0.0014662254545454545,0.0,0.0,0.0014662254545454545,0.0,0.0014662254545454545,0.01692,0.0,0.0,0.01692,0.0,0.01692,transformer,hvmv_sub,,1000000.0,7199.557856794634,51.833633333333346,abc
3,4,regxfmr_hvmv_sub_lsb,_hvmv_sub_lsb,3.636810286803952e-07,0.0,0.0,3.636810286803952e-07,0.0,3.636810286803952e-07,3.636810286803952e-05,0.0,0.0,3.636810286803952e-05,0.0,3.636810286803952e-05,transformer,feeder_rega,,1000000.0,7199.557856794634,51.833633333333346,abc
4,5,_hvmv_sub_lsb,hvmv_sub_48332,1.9292492840877443e-08,0.0,0.0,1.9292492840877443e-08,0.0,1.9292492840877443e-08,1.9292492840877444e-07,0.0,0.0,1.9292492840877444e-07,0.0,1.9292492840877444e-07,line,hvmv_sub_connector,,1000000.0,7199.557856794634,51.833633333333346,abc
5,6,hvmv_sub_48332,d5710794-3_int,3.679701909892481e-05,1.5048780908663535e-05,1.5048780908663535e-05,3.679701909892481e-05,1.5048780908663535e-05,3.679701909892481e-05,8.073096004074572e-05,3.550962338996108e-05,3.550962338996108e-05,8.073096004074572e-05,3.550962338996108e-05,8.073096004074572e-05,line,ln5710794-3,,1000000.0,7199.557856794634,51.833633333333346,abc
6,7,d5710794-3_int,e192860,1.9292492840877444e-05,0.0,0.0,1.9292492840877444e-05,0.0,1.9292492840877444e-05,1.9292492840877444e-05,0.0,0.0,1.9292492840877444e-05,0.0,1.9292492840877444e-05,switch,a8735_48332_sw,CLOSED,1000000.0,7199.557856794634,51.833633333333346,abc
7,8,e192860,m1209817,3.7094836580367034e-05,1.5170578547133792e-05,1.5170578547133792e-05,3.7094836580367034e-05,1.5170578547133792e-05,3.7094836580367034e-05,8.138435783715718e-05,3.5797021305986004e-05,3.5797021305986004e-05,8.138435783715718e-05,3.5797021305986004e-05,8.138435783715718e-05,line,ln5815900-1,,1000000.0,7199.557856794634,51.833633333333346,abc
8,9,m1209817,l2801909,4.780854529330696e-05,1.9552136050659493e-05,1.9552136050659493e-05,4.780854529330696e-05,1.9552136050659493e-05,4.780854529330696e-05,0.00010488973982658619,4.61358957806675e-05,4.61358957806675e-05,0.00010488973982658619,4.61358957806675e-05,0.00010488973982658619,line,ln5742828-1,,1000000.0,7199.557856794634,51.833633333333346,abc
9,10,l2801909,m1209814,0.0001311496245127841,5.3635919807538035e-05,5.3635919807538035e-05,0.0001311496245127841,5.3635919807538035e-05,0.0001311496245127841,0.0002877362176386117,0.0001265611695790828,0.0001265611695790828,0.0002877362176386117,0.0001265611695790828,0.0002877362176386117,line,ln5742828-2,,1000000.0,7199.557856794634,51.833633333333346,abc
10,11,m1209814,m1209811,0.00020247912072534615,8.28073577966429e-05,8.28073577966429e-05,0.00020247912072534615,8.28073577966429e-05,0.00020247912072534615,0.0004442298372163761,0.000195395102574969,0.000195395102574969,0.0004442298372163761,0.000195395102574969,0.0004442298372163761,line,ln5473414-1,,1000000.0,7199.557856794634,51.833633333333346,abc
11,12,m1209811,m1209807,0.0002321193115666853,9.492922932278838e-05,9.492922932278838e-05,0.0002321193115666853,9.492922932278838e-05,0.0002321193115666853,0.0005092590466743278,0.00022399828945684553,0.00022399828945684553,0.0005092590466743278,0.00022399828945684553,0.0005092590466743278,line,ln5714974-1,,1000000.0,7199.557856794634,51.833633333333346,abc
12,13,m1209807,m1209805,8.360521980773096e-05,3.419180864419431e-05,3.419180864419431e-05,8.360521980773096e-05,3.419180864419431e-05,8.360521980773096e-05,0.00018342599006050764,8.068017305494694e-05,8.068017305494694e-05,0.00018342599006050764,8.068017305494694e-05,0.00018342599006050764,line,ln5896798-1,,1000000.0,7199.557856794634,51.833633333333346,abc
13,14,m1209805,l2823592,0.00019985036166350148,8.173228106075262e-05,8.173228106075262e-05,0.00019985036166350148,8.173228106075262e-05,0.00019985036166350148,0.00043846246127192824,0.00019285831436345382,0.00019285831436345382,0.00043846246127192824,0.00019285831436345382,0.00043846246127192824,line,ln5775442-1,,1000000.0,7199.557856794634,51.833633333333346,abc
14,15,l2823592,l2823592_cap,1.9292492840877444e-05,0.0,0.0,1.9292492840877444e-05,0.0,1.9292492840877444e-05,1.9292492840877444e-05,0.0,0.0,1.9292492840877444e-05,0.0,1.9292492840877444e-05,line,cap_1a,,1000000.0,7199.557856794634,51.833633333333346,abc
15,16,l2823592_cap,r20185,8.540144320708107e-05,3.4926405442026344e-05,3.4926405442026344e-05,8.540144320708107e-05,3.4926405442026344e-05,8.540144320708107e-05,0.00018736682122097038,8.2413553040529e-05,8.2413553040529e-05,0.00018736682122097038,8.2413553040529e-05,0.00018736682122097038,line,ln5513564-2,,1000000.0,7199.557856794634,51.833633333333346,abc
16,17,r20185,d5513564-1_int,4.0288938819003594e-05,1.6476862207228363e-05,1.6476862207228363e-05,4.0288938819003594e-05,1.6476862207228363e-05,4.0288938819003594e-05,8.839207059508978e-05,3.8879373364398526e-05,3.8879373364398526e-05,8.839207059508978e-05,3.8879373364398526e-05,8.839207059508978e-05,line,ln5513564-1,,1000000.0,7199.557856794634,51.833633333333346,abc
17,18,d5513564-1_int,e192201,1.9292492840877444e-05,0.0,0.0,1.9292492840877444e-05,0.0,1.9292492840877444e-05,1.9292492840877444e-05,0.0,0.0,1.9292492840877444e-05,0.0,1.9292492840877444e-05,switch,xj171_48332_sw,CLOSED,1000000.0,7199.557856794634,51.833633333333346,abc
18,19,e192201,m1209800,0.00010541946902172263,4.31131252385034e-05,4.31131252385034e-05,0.00010541946902172263,4.31131252385034e-05,0.00010541946902172263,0.00023128544511253626,0.00010173121993570453,0.00010173121993570453,0.00023128544511253626,0.00010173121993570453,0.00023128544511253626,line,ln6321409-1,,1000000.0,7199.557856794634,51.833633333333346,abc
19,20,m1209800,p829957,0.0,0.0,0.0,0.0,0.0,1.12901467708547e-05,0.0,0.0,0.0,0.0,0.0,2.3475718975259945e-05,line,ln5958865-1,,1000000.0,7199.557856794634,51.833633333333346,c
20,21,p829957,l3160863,0.0,0.0,0.0,0.0,0.0,0.00018457111579418508,0.0,0.0,0.0,0.0,0.0,0.00038378063042721934,line,ln5746703-1,,1000000.0,7199.557856794634,51.833633333333346,c
21,22,l3160863,l2730108,0.0,0.0,0.0,0.0,0.0,0.0003477297812424236,0.0,0.0,0.0,0.0,0.0,0.0007230381313420048,line,ln6201670-1,,1000000.0,7199.557856794634,51.833633333333346,c
22,23,l2730108,l2786204,0.0,0.0,0.0,0.0,0.0,9.439437086216219e-05,0.0,0.0,0.0,0.0,0.0,0.00019627519182718552,line,ln5896731-1,,1000000.0,7199.557856794634,51.833633333333346,c
23,24,l2786204,m1209819,0.0,0.0,0.0,0.0,0.0,8.061419108185224e-05,0.0,0.0,0.0,0.0,0.0,0.00016762192145640308,line,ln5589094-1,,1000000.0,7199.557856794634,51.833633333333346,c
24,25,m1209819,l2936216,0.0,0.0,0.0,0.0,0.0,5.5921085395647214e-05,0.0,0.0,0.0,0.0,0.0,0.00011627729135715609,line,ln5952392-1,,1000000.0,7199.557856794634,51.833633333333346,c
25,26,l2936216,226-23745,0.0,0.0,0.0,0.0,0.0,0.00010479835586803675,0.0,0.0,0.0,0.0,0.0,0.00021790830547733158,line,ln5473351-1,,1000000.0,7199.557856794634,51.833633333333346,c
26,27,226-23745,m1209822,0.0,0.0,0.0,0.0,0.0,0.0005829822271125117,0.0,0.0,0.0,0.0,0.0,0.001212200975685671,line,ln6109068-1,,1000000.0,7199.557856794634,51.833633333333346,c
27,28,m1209822,l2992556,0.0,0.0,0.0,0.0,0.0,0.00011534117976166052,0.0,0.0,0.0,0.0,0.0,0.00023983010826303893,line,ln5866186-1,,1000000.0,7199.557856794634,51.833633333333346,c
27,29,m1209822,m1209823,0.0,0.0,0.0,0.0,0.0,6.376199138397268e-05,0.0,0.0,0.0,0.0,0.0,0.0001325809682915018,line,ln6078692-1,,1000000.0,7199.557856794634,51.833633333333346,c
29,30,m1209823,m1209824,0.0,0.0,0.0,0.0,0.0,0.0001030914302232334,0.0,0.0,0.0,0.0,0.0,0.0002143590773262405,line,ln5624291-1,,1000000.0,7199.557856794634,51.833633333333346,c
30,31,m1209824,m1209828,0.0,0.0,0.0,0.0,0.0,0.00028109845023405005,0.0,0.0,0.0,0.0,0.0,0.0005844909154866627,line,ln6139544-1,,1000000.0,7199.557856794634,51.833633333333346,c
31,32,m1209828,l3253570,0.0,0.0,0.0,0.0,0.0,4.495152981108148e-05,0.0,0.0,0.0,0.0,0.0,9.346818095200733e-05,line,ln5873976-1,,1000000.0,7199.557856794634,51.833633333333346,c
32,33,l3253570,l2937757,0.0,0.0,0.0,0.0,0.0,9.926117752373136e-05,0.0,0.0,0.0,0.0,0.0,0.0002063947932648621,line,ln6359077-2,,1000000.0,7199.557856794634,51.833633333333346,c
33,34,l2937757,l3067448,0.0,0.0,0.0,0.0,0.0,9.047059510266499e-05,0.0,0.0,0.0,0.0,0.0,0.00018811644429967924,line,ln6359077-1,,1000000.0,7199.557856794634,51.833633333333346,c
34,35,l3067448,l2763407,0.0,0.0,0.0,0.0,0.0,0.0002847866805915592,0.0,0.0,0.0,0.0,0.0,0.0005921598910231386,line,ln6073916-1,,1000000.0,7199.557856794634,51.833633333333346,c
31,36,m1209828,l2861157,0.0,0.0,0.0,0.0,0.0,8.245582327819324e-05,0.0,0.0,0.0,0.0,0.0,0.00017145124633362248,line,ln5775370-1,,1000000.0,7199.557856794634,51.833633333333346,c
36,37,l2861157,p901951,0.0,0.0,0.0,0.0,0.0,0.00013578502079409185,0.0,0.0,0.0,0.0,0.0,0.00028233919840978404,line,ln5594152-1,,1000000.0,7199.557856794634,51.833633333333346,c
37,38,p901951,m1186078,0.0,0.0,0.0,0.0,0.0,0.00019631947184871594,0.0,0.0,0.0,0.0,0.0,0.00040820910870612313,line,ln6078691-1,,1000000.0,7199.557856794634,51.833633333333346,c
38,39,m1186078,l2806553,0.0,0.0,0.0,0.0,0.0,9.263653232875178e-05,0.0,0.0,0.0,0.0,0.0,0.0001926200999801287,line,ln6254100-1,,1000000.0,7199.557856794634,51.833633333333346,c
39,40,l2806553,m1166391,0.0,0.0,0.0,0.0,0.0,0.0007037095876615503,0.0,0.0,0.0,0.0,0.0,0.0014632306253790166,line,ln6435650-1,,1000000.0,7199.557856794634,51.833633333333346,c
40,41,m1166391,l3254873,0.0,0.0,0.0,0.0,0.0,0.00011880572909867401,0.0,0.0,0.0,0.0,0.0,0.00024703398153965665,line,ln6048523-1,,1000000.0,7199.557856794634,51.833633333333346,c
41,42,l3254873,m1166393,0.0,0.0,0.0,0.0,0.0,3.7956039611346294e-05,0.0,0.0,0.0,0.0,0.0,7.892238581255797e-05,line,ln6381766-1,,1000000.0,7199.557856794634,51.833633333333346,c
42,43,m1166393,m1166395,0.0,0.0,0.0,0.0,0.0,7.345925626153931e-05,0.0,0.0,0.0,0.0,0.0,0.0001527445914679593,line,ln5717630-1,,1000000.0,7199.557856794634,51.833633333333346,c
43,44,m1166395,m1166400,0.0,0.0,0.0,0.0,0.0,9.047735924357992e-05,0.0,0.0,0.0,0.0,0.0,0.00018813050904785755,line,ln5960126-1,,1000000.0,7199.557856794634,51.833633333333346,c
44,45,m1166400,l3179637,0.0,0.0,0.0,0.0,0.0,8.250379105201319e-05,0.0,0.0,0.0,0.0,0.0,0.00017155098622194468,line,ln6103754-1,,1000000.0,7199.557856794634,51.833633333333346,c
43,46,m1166395,m1166396,0.0,0.0,0.0,0.0,0.0,8.65684936871748e-06,0.0,0.0,0.0,0.0,0.0,1.8000276445988412e-05,line,ln6142227-1,,1000000.0,7199.557856794634,51.833633333333346,c
46,47,m1166396,m1166399,0.0,0.0,0.0,0.0,0.0,7.522634415620744e-05,0.0,0.0,0.0,0.0,0.0,0.00015641891560756236,line,ln6324073-1,,1000000.0,7199.557856794634,51.833633333333346,c
47,48,m1166399,l3048890,0.0,0.0,0.0,0.0,0.0,9.34897864642584e-05,0.0,0.0,0.0,0.0,0.0,0.00019439428013085452,line,ln6200441-1,,1000000.0,7199.557856794634,51.833633333333346,c
48,49,l3048890,m1166402,0.0,0.0,0.0,0.0,0.0,6.938006751086326e-05,0.0,0.0,0.0,0.0,0.0,0.0001442626921001743,line,ln6048525-1,,1000000.0,7199.557856794634,51.833633333333346,c
49,50,m1166402,l3048889,0.0,0.0,0.0,0.0,0.0,0.00010475453609593255,0.0,0.0,0.0,0.0,0.0,0.00021781719057188732,line,ln5866187-1,,1000000.0,7199.557856794634,51.833633333333346,c
50,51,l3048889,m1166407,0.0,0.0,0.0,0.0,0.0,9.78771693925887e-05,0.0,0.0,0.0,0.0,0.0,0.00020351701084045167,line,ln6137018-1,,1000000.0,7199.557856794634,51.833633333333346,c
51,52,m1166407,l2952007,0.0,0.0,0.0,0.0,0.0,0.0001683993808395964,0.0,0.0,0.0,0.0,0.0,0.00035015457464233316,line,ln5985365-1,,1000000.0,7199.557856794634,51.833633333333346,c
52,53,l2952007,l2861158,0.0,0.0,0.0,0.0,0.0,0.00014160102944741794,0.0,0.0,0.0,0.0,0.0,0.0002944324853682518,line,ln5894230-1,,1000000.0,7199.557856794634,51.833633333333346,c
51,54,m1166407,l3064514,0.0,0.0,0.0,0.0,0.0,0.0004190270714831875,0.0,0.0,0.0,0.0,0.0,0.0008712873244978002,line,ln6318771-1,,1000000.0,7199.557856794634,51.833633333333346,c
54,55,l3064514,l3048888,0.0,0.0,0.0,0.0,0.0,6.974864437440553e-05,0.0,0.0,0.0,0.0,0.0,0.00014502907778540184,line,ln5591715-1,,1000000.0,7199.557856794634,51.833633333333346,c
55,56,l3048888,m1149249,0.0,0.0,0.0,0.0,0.0,0.00012371881165961095,0.0,0.0,0.0,0.0,0.0,0.0002572498049336048,line,ln5591716-1,,1000000.0,7199.557856794634,51.833633333333346,c
56,57,m1149249,m1142880,0.0,0.0,0.0,0.0,0.0,0.00025981083157718056,0.0,0.0,0.0,0.0,0.0,0.0005402273497966891,line,ln6258463-1,,1000000.0,7199.557856794634,51.833633333333346,c
57,58,m1142880,l2764411,0.0,0.0,0.0,0.0,0.0,0.00013667792096380148,0.0,0.0,0.0,0.0,0.0,0.0002841958149695596,line,ln5803293-1,,1000000.0,7199.557856794634,51.833633333333346,c
58,59,l2764411,l2767343,0.0,0.0,0.0,0.0,0.0,6.145759348016634e-05,0.0,0.0,0.0,0.0,0.0,0.0001277894098915183,line,ln5803293-2,,1000000.0,7199.557856794634,51.833633333333346,c
59,60,l2767343,l2804957,0.0,0.0,0.0,0.0,0.0,7.552615393222804e-05,0.0,0.0,0.0,0.0,0.0,0.00015704231317632242,line,ln6048524-1,,1000000.0,7199.557856794634,51.833633333333346,c
60,61,l2804957,l3048937,0.0,0.0,0.0,0.0,0.0,6.67365024896962e-05,0.0,0.0,0.0,0.0,0.0,0.00013876590000443725,line,ln5957460-1,,1000000.0,7199.557856794634,51.833633333333346,c
61,62,l3048937,l3176661,0.0,0.0,0.0,0.0,0.0,0.00012104934260830643,0.0,0.0,0.0,0.0,0.0,0.00025169915032003027,line,ln5651998-1,,1000000.0,7199.557856794634,51.833633333333346,c
62,63,l3176661,l2970804,0.0,0.0,0.0,0.0,0.0,8.620496335390984e-05,0.0,0.0,0.0,0.0,0.0,0.0001792468720772677,line,ln6348954-1,,1000000.0,7199.557856794634,51.833633333333346,c
57,64,m1142880,l2891575,0.0,0.0,0.0,0.0,0.0,0.00011068676600585588,0.0,0.0,0.0,0.0,0.0,0.00023015213759148653,line,ln5591718-1,,1000000.0,7199.557856794634,51.833633333333346,c
42,65,m1166393,l2745811,0.0,0.0,0.0,0.0,0.0,0.00013827911452602524,0.0,0.0,0.0,0.0,0.0,0.0002875251933075628,line,ln5894226-3,,1000000.0,7199.557856794634,51.833633333333346,c
65,66,l2745811,m4122657,0.0,0.0,0.0,0.0,0.0,6.091080248410137e-05,0.0,0.0,0.0,0.0,0.0,0.0001266524617169418,line,ln6228316-5,,1000000.0,7199.557856794634,51.833633333333346,c
66,67,m4122657,l3027124,0.0,0.0,0.0,0.0,0.0,0.00024704877193636816,0.0,0.0,0.0,0.0,0.0,0.0005136910671642414,line,ln6258460-3,,1000000.0,7199.557856794634,51.833633333333346,c
40,68,m1166391,m1166394,0.0,0.0,0.0,0.0,0.0,9.662582682158108e-05,0.0,0.0,0.0,0.0,0.0,0.00020091508128763238,line,ln6200442-1,,1000000.0,7199.557856794634,51.833633333333346,c
68,69,m1166394,m1166398,0.0,0.0,0.0,0.0,0.0,7.382951604781707e-05,0.0,0.0,0.0,0.0,0.0,0.0001535144764718403,line,ln6230698-1,,1000000.0,7199.557856794634,51.833633333333346,c
69,70,m1166398,l3142050,0.0,0.0,0.0,0.0,0.0,7.85687126312452e-05,0.0,0.0,0.0,0.0,0.0,0.000163368736953934,line,ln6048526-1,,1000000.0,7199.557856794634,51.833633333333346,c
19,71,m1209800,m1209797,0.00014275906702019078,5.838380322428996e-05,5.838380322428996e-05,0.00014275906702019078,5.838380322428996e-05,0.00014275906702019078,0.00031320679819409395,0.00013776443933572084,0.00013776443933572084,0.00031320679819409395,0.00013776443933572084,0.00031320679819409395,line,ln5654466-1,,1000000.0,7199.557856794634,51.833633333333346,abc
71,72,m1209797,m1209791,0.0001260891033402378,5.1566331664961365e-05,5.1566331664961365e-05,0.0001260891033402378,5.1566331664961365e-05,0.0001260891033402378,0.000276633667960121,0.00012167769789049449,0.00012167769789049449,0.000276633667960121,0.00012167769789049449,0.000276633667960121,line,ln6291242-1,,1000000.0,7199.557856794634,51.833633333333346,abc
72,73,m1209791,p903354,3.7704641838085814e-06,0.0,0.0,0.0,0.0,0.0,7.839965182195085e-06,0.0,0.0,0.0,0.0,0.0,line,ln5686244-1,,1000000.0,7199.557856794634,51.833633333333346,a
73,74,p903354,l2936270,5.022102385259506e-05,0.0,0.0,0.0,0.0,0.0,0.00010442509442453386,0.0,0.0,0.0,0.0,0.0,line,ln5686246-1,,1000000.0,7199.557856794634,51.833633333333346,a
74,75,l2936270,l3086078,6.780765147983065e-05,0.0,0.0,0.0,0.0,0.0,0.00014099315118047543,0.0,0.0,0.0,0.0,0.0,line,ln6351517-1,,1000000.0,7199.557856794634,51.833633333333346,a
75,76,l3086078,m4118755,8.253809179239475e-05,0.0,0.0,0.0,0.0,0.0,0.0001716223081062553,0.0,0.0,0.0,0.0,0.0,line,ln6015889-3,,1000000.0,7199.557856794634,51.833633333333346,a
76,77,m4118755,m1209782,4.938127561962663e-05,0.0,0.0,0.0,0.0,0.0,0.00010267899723667191,0.0,0.0,0.0,0.0,0.0,line,ln6015889-4,,1000000.0,7199.557856794634,51.833633333333346,a
77,78,m1209782,l3217056,8.244195259320041e-05,0.0,0.0,0.0,0.0,0.0,0.00017142240487482706,0.0,0.0,0.0,0.0,0.0,line,ln5927382-1,,1000000.0,7199.557856794634,51.833633333333346,a
77,79,m1209782,l3217057,4.3362539676619226e-05,0.0,0.0,0.0,0.0,0.0,9.016417732759102e-05,0.0,0.0,0.0,0.0,0.0,line,ln6048633-1,,1000000.0,7199.557856794634,51.833633333333346,a
72,80,m1209791,m1209790,0.00010458793488140575,4.27730548903575e-05,4.27730548903575e-05,0.00010458793488140575,4.27730548903575e-05,0.00010458793488140575,0.00022946109762194295,0.00010092877819228055,0.00010092877819228055,0.00022946109762194295,0.00010092877819228055,0.00022946109762194295,line,ln5654472-1,,1000000.0,7199.557856794634,51.833633333333346,abc
80,81,m1209790,m1209788,0.0001119200162674299,4.5771637087630954e-05,4.5771637087630954e-05,0.0001119200162674299,4.5771637087630954e-05,0.0001119200162674299,0.0002455473454725985,0.00010800433635046483,0.00010800433635046483,0.0002455473454725985,0.00010800433635046483,0.0002455473454725985,line,ln5594242-1,,1000000.0,7199.557856794634,51.833633333333346,abc
81,82,m1209788,m1209787,0.00020297422103666269,8.300983767939596e-05,8.300983767939596e-05,0.00020297422103666269,8.300983767939596e-05,0.00020297422103666269,0.0004453160644279228,0.00019587288110229582,0.00019587288110229582,0.0004453160644279228,0.00019587288110229582,0.0004453160644279228,line,ln6351519-1,,1000000.0,7199.557856794634,51.833633333333346,abc
82,83,m1209787,l2823611,0.0002354308853517888,9.628355501479401e-05,9.628355501479401e-05,0.0002354308853517888,9.628355501479401e-05,0.0002354308853517888,0.0005165244865785341,0.00022719400315367945,0.00022719400315367945,0.0005165244865785341,0.00022719400315367945,0.0005165244865785341,line,ln6261021-1,,1000000.0,7199.557856794634,51.833633333333346,abc
83,84,l2823611,l3030204,0.00015806617295205356,6.464391040566318e-05,6.464391040566318e-05,0.00015806617295205356,6.464391040566318e-05,0.00015806617295205356,0.0003467898814868595,0.0001525360045369512,0.0001525360045369512,0.0003467898814868595,0.0001525360045369512,0.0003467898814868595,line,ln5473440-1,,1000000.0,7199.557856794634,51.833633333333346,abc
84,85,l3030204,m1186072,0.0001272247386143745,5.203076946049824e-05,5.203076946049824e-05,0.0001272247386143745,5.203076946049824e-05,0.0001272247386143745,0.0002791251992901648,0.0001227736013598635,0.0001227736013598635,0.0002791251992901648,0.0001227736013598635,0.0002791251992901648,line,ln5866268-1,,1000000.0,7199.557856794634,51.833633333333346,abc
85,86,m1186072,m1186067,7.984503792325313e-05,3.265401686806954e-05,3.265401686806954e-05,7.984503792325313e-05,3.265401686806954e-05,7.984503792325313e-05,0.00017517632471001772,7.705154644699805e-05,7.705154644699805e-05,0.00017517632471001772,7.705154644699805e-05,0.00017517632471001772,line,ln6048634-1,,1000000.0,7199.557856794634,51.833633333333346,abc
86,87,m1186067,m3032980,9.492845605395203e-05,3.882264303293417e-05,3.882264303293417e-05,9.492845605395203e-05,3.882264303293417e-05,9.492845605395203e-05,0.00020826864730043356,9.160724988086884e-05,9.160724988086884e-05,0.00020826864730043356,9.160724988086884e-05,0.00020826864730043356,line,ln6504019-5,,1000000.0,7199.557856794634,51.833633333333346,abc
87,88,m3032980,m3032977,0.000487403149538041,0.00019933199458009547,0.00019933199458009547,0.000487403149538041,0.00019933199458009547,0.000487403149538041,0.0010693399941800977,0.00047035066162961115,0.00047035066162961115,0.0010693399941800977,0.00047035066162961115,0.0010693399941800977,line,ln6504020-2,,1000000.0,7199.557856794634,51.833633333333346,abc
88,89,m3032977,m1166366,0.0005823872288842055,0.00023817738572574156,0.00023817738572574156,0.0005823872288842055,0.00023817738572574156,0.0005823872288842055,0.0012777306764140911,0.0005620115887432162,0.0005620115887432162,0.0012777306764140911,0.0005620115887432162,0.0012777306764140911,line,ln6504018-1,,1000000.0,7199.557856794634,51.833633333333346,abc
89,90,m1166366,m1166368,7.794110450550442e-05,3.1875370184995676e-05,3.1875370184995676e-05,7.794110450550442e-05,3.1875370184995676e-05,7.794110450550442e-05,0.00017099918274492295,7.521422483020997e-05,7.521422483020997e-05,0.00017099918274492295,7.521422483020997e-05,0.00017099918274492295,line,ln5957526-1,,1000000.0,7199.557856794634,51.833633333333346,abc
90,91,m1166368,l3086098,5.528287611197105e-05,0.0,0.0,0.0,0.0,0.0,0.00011495025619144325,0.0,0.0,0.0,0.0,0.0,line,ln5988007-1,,1000000.0,7199.557856794634,51.833633333333346,a
90,92,m1166368,l2973833,0.00019895690543270158,8.136688659679773e-05,8.136688659679773e-05,0.00019895690543270158,8.136688659679773e-05,0.00019895690543270158,0.0004365022595753464,0.0001919961169613809,0.0001919961169613809,0.0004365022595753464,0.0001919961169613809,0.0004365022595753464,line,ln5715052-1,,1000000.0,7199.557856794634,51.833633333333346,abc
92,93,l2973833,m1166373,7.838227786462968e-05,3.205579570279011e-05,3.205579570279011e-05,7.838227786462968e-05,3.205579570279011e-05,7.838227786462968e-05,0.00017196709671455274,7.56399631159691e-05,7.56399631159691e-05,0.00017196709671455274,7.56399631159691e-05,0.00017196709671455274,line,ln5866308-1,,1000000.0,7199.557856794634,51.833633333333346,abc
93,94,m1166373,m1166374,1.769683818936095e-05,7.237429748638102e-06,7.237429748638102e-06,1.769683818936095e-05,7.237429748638102e-06,1.769683818936095e-05,3.882604547047637e-05,1.7077689298904375e-05,1.7077689298904375e-05,3.882604547047637e-05,1.7077689298904375e-05,3.882604547047637e-05,line,ln6412354-1,,1000000.0,7199.557856794634,51.833633333333346,abc
94,95,m1166374,l2786266,0.00012807138078300504,5.237701849957133e-05,5.237701849957133e-05,0.00012807138078300504,5.237701849957133e-05,0.00012807138078300504,0.0002809826930969531,0.00012359062255588228,0.00012359062255588228,0.0002809826930969531,0.00012359062255588228,0.0002809826930969531,line,ln6412355-1,,1000000.0,7199.557856794634,51.833633333333346,abc
95,96,l2786266,m1166375,6.543894412958378e-05,2.676239427038683e-05,2.676239427038683e-05,6.543894412958378e-05,2.676239427038683e-05,6.543894412958378e-05,0.00014357002042560523,6.314947020113709e-05,6.314947020113709e-05,0.00014357002042560523,6.314947020113709e-05,0.00014357002042560523,line,ln5745355-1,,1000000.0,7199.557856794634,51.833633333333346,abc
96,97,m1166375,p895080,1.0922837694186976e-05,0.0,0.0,0.0,0.0,0.0,2.271196941239568e-05,0.0,0.0,0.0,0.0,0.0,line,ln5589096-1,,1000000.0,7199.557856794634,51.833633333333346,a
97,98,p895080,l2917333,9.374681262938027e-05,0.0,0.0,0.0,0.0,0.0,0.00019492871729488378,0.0,0.0,0.0,0.0,0.0,line,ln6195470-1,,1000000.0,7199.557856794634,51.833633333333346,a
96,99,m1166375,l2842383,0.00018332901327259185,7.497558830849202e-05,7.497558830849202e-05,0.00018332901327259185,7.497558830849202e-05,0.00018332901327259185,0.00040221538611673617,0.00017691498869138372,0.00017691498869138372,0.00040221538611673617,0.00017691498869138372,0.00040221538611673617,line,ln5896834-1,,1000000.0,7199.557856794634,51.833633333333346,abc
99,100,l2842383,d6023352-1_int,0.00010026311031768942,4.100434267068546e-05,4.100434267068546e-05,0.00010026311031768942,4.100434267068546e-05,0.00010026311031768942,0.00021997263231724053,9.675526372709096e-05,9.675526372709096e-05,0.00021997263231724053,9.675526372709096e-05,0.00021997263231724053,line,ln6023352-1,,1000000.0,7199.557856794634,51.833633333333346,abc
100,101,d6023352-1_int,e184626,1.9292492840877444e-05,0.0,0.0,1.9292492840877444e-05,0.0,1.9292492840877444e-05,1.9292492840877444e-05,0.0,0.0,1.9292492840877444e-05,0.0,1.9292492840877444e-05,switch,l9407_48332_sw,CLOSED,1000000.0,7199.557856794634,51.833633333333346,abc
101,102,e184626,m1166377,1.9533927101386537e-05,7.98873920858335e-06,7.98873920858335e-06,1.9533927101386537e-05,7.98873920858335e-06,1.9533927101386537e-05,4.2856533677940115e-05,1.8850505059456243e-05,1.8850505059456243e-05,4.2856533677940115e-05,1.8850505059456243e-05,4.2856533677940115e-05,line,ln6326450-1,,1000000.0,7199.557856794634,51.833633333333346,abc
102,103,m1166377,m1166376,6.391520102584612e-05,2.613923302823325e-05,2.613923302823325e-05,6.391520102584612e-05,2.613923302823325e-05,6.391520102584612e-05,0.00014022699844631122,6.167903740299896e-05,6.167903740299896e-05,0.00014022699844631122,6.167903740299896e-05,0.00014022699844631122,line,ln5992960-1,,1000000.0,7199.557856794634,51.833633333333346,abc
103,104,m1166376,l2842384,9.933782309941607e-06,4.062593037082096e-06,4.062593037082096e-06,9.933782309941607e-06,4.062593037082096e-06,9.933782309941607e-06,2.1794259490459534e-05,9.586234898961999e-06,9.586234898961999e-06,2.1794259490459534e-05,9.586234898961999e-06,2.1794259490459534e-05,line,ln5508630-1,,1000000.0,7199.557856794634,51.833633333333346,abc
104,105,l2842384,m1149236,0.0001283097317018743,5.247449625307629e-05,5.247449625307629e-05,0.0001283097317018743,5.247449625307629e-05,0.0001283097317018743,0.0002815056240021761,0.00012382063443105472,0.00012382063443105472,0.0002815056240021761,0.00012382063443105472,0.0002815056240021761,line,ln5805762-1,,1000000.0,7199.557856794634,51.833633333333346,abc
105,106,m1149236,p829974,4.793775200014918e-06,0.0,0.0,0.0,0.0,0.0,9.967746364168951e-06,0.0,0.0,0.0,0.0,0.0,line,ln6232159-1,,1000000.0,7199.557856794634,51.833633333333346,a
106,107,p829974,l2805034,7.403479905260997e-05,0.0,0.0,0.0,0.0,0.0,0.00015394132354732348,0.0,0.0,0.0,0.0,0.0,line,ln5989328-1,,1000000.0,7199.557856794634,51.833633333333346,a
105,108,m1149236,m1149235,7.868124643394342e-05,3.217806409866435e-05,3.217806409866435e-05,7.868124643394342e-05,3.217806409866435e-05,7.868124643394342e-05,0.00017262301994457906,7.59284718474298e-05,7.59284718474298e-05,0.00017262301994457906,7.59284718474298e-05,0.00017262301994457906,line,ln6018336-1,,1000000.0,7199.557856794634,51.833633333333346,abc
108,109,m1149235,d5563942-4_int,5.894278161991341e-05,2.4105675635317838e-05,2.4105675635317838e-05,5.894278161991341e-05,2.4105675635317838e-05,5.894278161991341e-05,0.0001293177399738522,5.688058511622761e-05,5.688058511622761e-05,0.0001293177399738522,5.688058511622761e-05,0.0001293177399738522,line,ln5563942-4,,1000000.0,7199.557856794634,51.833633333333346,abc
109,110,d5563942-4_int,q16483,1.9292492840877444e-05,0.0,0.0,1.9292492840877444e-05,0.0,1.9292492840877444e-05,1.9292492840877444e-05,0.0,0.0,1.9292492840877444e-05,0.0,1.9292492840877444e-05,switch,2002200004868472_sw,CLOSED,1000000.0,7199.557856794634,51.833633333333346,abc
110,111,q16483,q16483_cap,1.9292492840877444e-05,0.0,0.0,1.9292492840877444e-05,0.0,1.9292492840877444e-05,1.9292492840877444e-05,0.0,0.0,1.9292492840877444e-05,0.0,1.9292492840877444e-05,line,cap_2a,,1000000.0,7199.557856794634,51.833633333333346,abc
111,112,q16483_cap,r42247,9.957510244635234e-06,4.072296988634788e-06,4.072296988634788e-06,9.957510244635234e-06,4.072296988634788e-06,9.957510244635234e-06,2.1846317483049935e-05,9.609132678331764e-06,9.609132678331764e-06,2.1846317483049935e-05,9.609132678331764e-06,2.1846317483049935e-05,line,ln5563942-5,,1000000.0,7199.557856794634,51.833633333333346,abc
112,113,r42247,m1149233,7.525314961392501e-05,3.077608428504269e-05,3.077608428504269e-05,7.525314961392501e-05,3.077608428504269e-05,7.525314961392501e-05,0.00016510193388462698,7.262031183870959e-05,7.262031183870959e-05,0.00016510193388462698,7.262031183870959e-05,0.00016510193388462698,line,ln5563942-3,,1000000.0,7199.557856794634,51.833633333333346,abc
113,114,m1149233,l3048965,0.00018439297250112365,7.541071293863885e-05,7.541071293863885e-05,0.00018439297250112365,7.541071293863885e-05,0.00018439297250112365,0.0004045496635138445,0.00017794172380288472,0.00017794172380288472,0.0004045496635138445,0.00017794172380288472,0.0004045496635138445,line,ln5896833-1,,1000000.0,7199.557856794634,51.833633333333346,abc
114,115,l3048965,m1142843,9.719950320030296e-05,3.975142725990649e-05,3.975142725990649e-05,9.719950320030296e-05,3.975142725990649e-05,9.719950320030296e-05,0.00021325121982702347,9.379884123371631e-05,9.379884123371631e-05,0.00021325121982702347,9.379884123371631e-05,0.00021325121982702347,line,ln5805761-1,,1000000.0,7199.557856794634,51.833633333333346,abc
115,116,m1142843,l2955077,0.00014141184740667085,5.783283433343466e-05,5.783283433343466e-05,0.00014141184740667085,5.783283433343466e-05,0.00014141184740667085,0.00031025106059772,0.00013646435410405984,0.00013646435410405984,0.00031025106059772,0.00013646435410405984,0.00031025106059772,line,ln6381853-1,,1000000.0,7199.557856794634,51.833633333333346,abc
116,117,l2955077,m1142851,0.00011409688625081904,4.666190592594635e-05,4.666190592594635e-05,0.00011409688625081904,4.666190592594635e-05,0.00011409688625081904,0.00025032329765422575,0.0001101050454614732,0.0001101050454614732,0.00025032329765422575,0.0001101050454614732,0.00025032329765422575,line,ln6413954-1,,1000000.0,7199.557856794634,51.833633333333346,abc
117,118,m1142851,196-31070,2.623281928271796e-05,1.0728367668611552e-05,1.0728367668611552e-05,2.623281928271796e-05,1.0728367668611552e-05,2.623281928271796e-05,5.75535936640881e-05,2.531502703199788e-05,2.531502703199788e-05,5.75535936640881e-05,2.531502703199788e-05,5.75535936640881e-05,line,ln5558790-1,,1000000.0,7199.557856794634,51.833633333333346,abc
118,119,196-31070,d5861005-2_int,1.1626209011008931e-05,4.754740369991422e-06,4.754740369991422e-06,1.1626209011008931e-05,4.754740369991422e-06,1.1626209011008931e-05,2.5507365489846035e-05,1.121944966041997e-05,1.121944966041997e-05,2.5507365489846035e-05,1.121944966041997e-05,2.5507365489846035e-05,line,ln5861005-2,,1000000.0,7199.557856794634,51.833633333333346,abc
119,120,d5861005-2_int,q1301,1.9292492840877444e-05,0.0,0.0,1.9292492840877444e-05,0.0,1.9292492840877444e-05,1.9292492840877444e-05,0.0,0.0,1.9292492840877444e-05,0.0,1.9292492840877444e-05,switch,ln3693186_sw,CLOSED,1000000.0,7199.557856794634,51.833633333333346,abc
120,121,q1301,l3160872,2.6747177597042832e-05,1.0938723446616696e-05,1.0938723446616696e-05,2.6747177597042832e-05,1.0938723446616696e-05,2.6747177597042832e-05,5.8682072044599085e-05,2.5811389793885436e-05,2.5811389793885436e-05,5.8682072044599085e-05,2.5811389793885436e-05,5.8682072044599085e-05,line,ln5861005-3,,1000000.0,7199.557856794634,51.833633333333346,abc
121,122,l3160872,m1142860,0.0001098608298730103,4.492949699969577e-05,4.492949699969577e-05,0.0001098608298730103,4.492949699969577e-05,0.0001098608298730103,0.00024102958564870032,0.00010601719350177393,0.00010601719350177393,0.00024102958564870032,0.00010601719350177393,0.00024102958564870032,line,ln6321420-1,,1000000.0,7199.557856794634,51.833633333333346,abc
122,123,m1142860,m1142863,9.576055059231163e-05,3.916294256560569e-05,3.916294256560569e-05,9.576055059231163e-05,3.916294256560569e-05,9.576055059231163e-05,0.00021009422427844466,9.241023241601817e-05,9.241023241601817e-05,0.00021009422427844466,9.241023241601817e-05,0.00021009422427844466,line,ln6139646-1,,1000000.0,7199.557856794634,51.833633333333346,abc
123,124,m1142863,n1141480,0.0,0.0,0.0,0.0,0.0,5.153026612707706e-06,0.0,0.0,0.0,0.0,0.0,1.071474154297499e-05,line,ln5528574-2,,1000000.0,7199.557856794634,51.833633333333346,c
124,125,n1141480,p895113,0.0,0.0,0.0,0.0,0.0,6.974741239439771e-06,0.0,0.0,0.0,0.0,0.0,1.4502651611662695e-05,line,ln5528574-3,,1000000.0,7199.557856794634,51.833633333333346,c
125,126,p895113,l2711225,0.0,0.0,0.0,0.0,0.0,7.705811491766284e-05,0.0,0.0,0.0,0.0,0.0,0.00016022773550120926,line,ln6407206-1,,1000000.0,7199.557856794634,51.833633333333346,c
126,127,l2711225,l3030200,0.0,0.0,0.0,0.0,0.0,0.00011068747431043806,0.0,0.0,0.0,0.0,0.0,0.00023015361037653152,line,ln6018330-1,,1000000.0,7199.557856794634,51.833633333333346,c
123,128,m1142863,m1142865,0.00012713413398893504,5.199371512319216e-05,5.199371512319216e-05,0.00012713413398893504,5.199371512319216e-05,0.00012713413398893504,0.00027892641692749034,0.0001226861666652733,0.0001226861666652733,0.00027892641692749034,0.0001226861666652733,0.00027892641692749034,line,ln5836178-1,,1000000.0,7199.557856794634,51.833633333333346,abc
128,129,m1142865,p895112,9.768385147610075e-06,0.0,0.0,0.0,0.0,0.0,2.0311504289685777e-05,0.0,0.0,0.0,0.0,0.0,line,ln5800724-1,,1000000.0,7199.557856794634,51.833633333333346,a
129,130,p895112,l3048962,2.8650147143842892e-05,0.0,0.0,0.0,0.0,0.0,5.9572547337025046e-05,0.0,0.0,0.0,0.0,0.0,line,ln5589097-1,,1000000.0,7199.557856794634,51.833633333333346,a
128,131,m1142865,l3030197,0.00011652908948565564,4.765659773801947e-05,4.765659773801947e-05,0.00011652908948565564,4.765659773801947e-05,0.00011652908948565564,0.00025565943919424254,0.00011245215462933009,0.00011245215462933009,0.00025565943919424254,0.00011245215462933009,0.00025565943919424254,line,ln5533786-1,,1000000.0,7199.557856794634,51.833633333333346,abc
131,132,l3030197,m1142868,0.00013354382480873094,5.4615069656831516e-05,5.4615069656831516e-05,0.00013354382480873094,5.4615069656831516e-05,0.00013354382480873094,0.00029298898248627495,0.00012887160539456683,0.00012887160539456683,0.00029298898248627495,0.00012887160539456683,0.00029298898248627495,line,ln6381844-1,,1000000.0,7199.557856794634,51.833633333333346,abc
132,133,m1142868,m1142869,0.00010216172752697887,4.1780815197854116e-05,4.1780815197854116e-05,0.00010216172752697887,4.1780815197854116e-05,0.00010216172752697887,0.00022413811076656142,9.858745513048476e-05,9.858745513048476e-05,0.00022413811076656142,9.858745513048476e-05,0.00022413811076656142,line,ln6048626-1,,1000000.0,7199.557856794634,51.833633333333346,abc
133,134,m1142869,m1142871,5.651286162845356e-05,2.311191759533222e-05,2.311191759533222e-05,5.651286162845356e-05,2.311191759533222e-05,5.651286162845356e-05,0.00012398660776432802,5.4535679309251576e-05,5.4535679309251576e-05,0.00012398660776432802,5.4535679309251576e-05,0.00012398660776432802,line,ln5715002-1,,1000000.0,7199.557856794634,51.833633333333346,abc
134,135,m1142871,m1142874,7.223206837773924e-05,2.954056057296128e-05,2.954056057296128e-05,7.223206837773924e-05,2.954056057296128e-05,7.223206837773924e-05,0.00015847382121325336,6.970492739849092e-05,6.970492739849092e-05,0.00015847382121325336,6.970492739849092e-05,0.00015847382121325336,line,ln6139641-1,,1000000.0,7199.557856794634,51.833633333333346,abc
135,136,m1142874,m1142875,0.00010405040524395671,4.255322279678119e-05,4.255322279678119e-05,0.00010405040524395671,4.255322279678119e-05,0.00010405040524395671,0.0002282817824289119,0.0001004100547887504,0.0001004100547887504,0.0002282817824289119,0.0001004100547887504,0.0002282817824289119,line,ln5987954-1,,1000000.0,7199.557856794634,51.833633333333346,abc
136,137,m1142875,m1125944,0.0004965162629926897,0.0002030589608163037,0.0002030589608163037,0.0004965162629926897,0.0002030589608163037,0.0004965162629926897,0.0010893337441133777,0.00047914493993282345,0.00047914493993282345,0.0010893337441133777,0.00047914493993282345,0.0010893337441133777,line,ln6318761-1,,1000000.0,7199.557856794634,51.833633333333346,abc
137,138,m1125944,p901941,9.806309095317132e-06,0.0,0.0,0.0,0.0,0.0,2.039035994646976e-05,0.0,0.0,0.0,0.0,0.0,line,ln5651987-1,,1000000.0,7199.557856794634,51.833633333333346,a
138,139,p901941,l3251799,5.489441189086364e-05,0.0,0.0,0.0,0.0,0.0,0.00011414251851789922,0.0,0.0,0.0,0.0,0.0,line,ln5651988-1,,1000000.0,7199.557856794634,51.833633333333346,a
137,140,m1125944,m1125947,0.00032846498776534396,0.00013433146918120716,0.00013433146918120716,0.00032846498776534396,0.00013433146918120716,0.00032846498776534396,0.0007206370095028388,0.0003169731760330647,0.0003169731760330647,0.0007206370095028388,0.0003169731760330647,0.0007206370095028388,line,ln6348948-1,,1000000.0,7199.557856794634,51.833633333333346,abc
140,141,m1125947,l3214071,0.00011115417554496463,4.54584332052097e-05,4.54584332052097e-05,0.00011115417554496463,4.54584332052097e-05,0.00011115417554496463,0.00024386712630602132,0.00010726528964784126,0.00010726528964784126,0.00024386712630602132,0.00010726528964784126,0.00024386712630602132,line,ln5561442-1,,1000000.0,7199.557856794634,51.833633333333346,abc
141,142,l3214071,m1125952,0.00010209747296896668,4.1754537178884444e-05,4.1754537178884444e-05,0.00010209747296896668,4.1754537178884444e-05,0.00010209747296896668,0.00022399713923456388,9.85254486089791e-05,9.85254486089791e-05,0.00022399713923456388,9.85254486089791e-05,0.00022399713923456388,line,ln5561442-2,,1000000.0,7199.557856794634,51.833633333333346,abc
142,143,m1125952,p901936,0.0,0.0,0.0,0.0,0.0,6.148093843829842e-06,0.0,0.0,0.0,0.0,0.0,1.2783795130446187e-05,line,ln5591708-1,,1000000.0,7199.557856794634,51.833633333333346,c
143,144,p901936,m1125955,0.0,0.0,0.0,0.0,0.0,3.9898286865220715e-05,0.0,0.0,0.0,0.0,0.0,8.296092061975201e-05,line,ln6258453-1,,1000000.0,7199.557856794634,51.833633333333346,c
144,145,m1125955,l3236004,0.0,0.0,0.0,0.0,0.0,0.00012628671229555582,0.0,0.0,0.0,0.0,0.0,0.00026258926729041433,line,ln5625527-1,,1000000.0,7199.557856794634,51.833633333333346,c
144,146,m1125955,m1125957,0.0,0.0,0.0,0.0,0.0,7.63818653139628e-06,0.0,0.0,0.0,0.0,0.0,1.588216027045502e-05,line,ln5740283-1,,1000000.0,7199.557856794634,51.833633333333346,c
146,147,m1125957,l2936211,0.0,0.0,0.0,0.0,0.0,4.236411219484903e-05,0.0,0.0,0.0,0.0,0.0,8.808813673618607e-05,line,ln5982822-1,,1000000.0,7199.557856794634,51.833633333333346,c
147,148,l2936211,l2842329,0.0,0.0,0.0,0.0,0.0,9.045410156468547e-05,0.0,0.0,0.0,0.0,0.0,0.00018808214911553563,line,ln6018241-1,,1000000.0,7199.557856794634,51.833633333333346,c
142,149,m1125952,l3214069,2.417488621094796e-05,9.886740148770831e-06,9.886740148770831e-06,2.417488621094796e-05,9.886740148770831e-06,2.417488621094796e-05,5.30385835721851e-05,2.3329093656692658e-05,2.3329093656692658e-05,5.30385835721851e-05,2.3329093656692658e-05,5.30385835721851e-05,line,ln6137009-2,,1000000.0,7199.557856794634,51.833633333333346,abc
149,150,l3214069,m1125960,9.579455690867378e-05,3.917685004009619e-05,3.917685004009619e-05,9.579455690867378e-05,3.917685004009619e-05,9.579455690867378e-05,0.00021016883256559922,9.244304897334996e-05,9.244304897334996e-05,0.00021016883256559922,9.244304897334996e-05,0.00021016883256559922,line,ln6137009-1,,1000000.0,7199.557856794634,51.833633333333346,abc
150,151,m1125960,m1125962,2.3816477584374094e-05,9.740162707739946e-06,9.740162707739946e-06,2.3816477584374094e-05,9.740162707739946e-06,2.3816477584374094e-05,5.2252251602402284e-05,2.298322446236645e-05,2.298322446236645e-05,5.2252251602402284e-05,2.298322446236645e-05,5.2252251602402284e-05,line,ln6286109-1,,1000000.0,7199.557856794634,51.833633333333346,abc
151,152,m1125962,p903490,0.0,0.0,0.0,0.0,0.0,6.48133940060797e-06,0.0,0.0,0.0,0.0,0.0,1.3476716064022775e-05,line,ln6289479-1,,1000000.0,7199.557856794634,51.833633333333346,c
152,153,p903490,m1125961,0.0,0.0,0.0,0.0,0.0,2.8022051062083876e-06,0.0,0.0,0.0,0.0,0.0,5.826654065667785e-06,line,ln6137794-1,,1000000.0,7199.557856794634,51.833633333333346,c
153,154,m1125961,m1125959,0.0,0.0,0.0,0.0,0.0,7.4448585442270735e-06,0.0,0.0,0.0,0.0,0.0,1.5480171386789398e-05,line,ln5864458-1,,1000000.0,7199.557856794634,51.833633333333346,c
154,155,m1125959,l2861197,0.0,0.0,0.0,0.0,0.0,7.710547621267787e-05,0.0,0.0,0.0,0.0,0.0,0.00016032621433187844,line,ln5924709-1,,1000000.0,7199.557856794634,51.833633333333346,c
155,156,l2861197,l3160896,0.0,0.0,0.0,0.0,0.0,8.235740922399806e-05,0.0,0.0,0.0,0.0,0.0,0.000171246612972658,line,ln6292461-1,,1000000.0,7199.557856794634,51.833633333333346,c
154,157,m1125959,m1125974,0.0,0.0,0.0,0.0,0.0,7.252662389735364e-05,0.0,0.0,0.0,0.0,0.0,0.00015080535934518705,line,ln5651995-1,,1000000.0,7199.557856794634,51.833633333333346,c
157,158,m1125974,m1125979,0.0,0.0,0.0,0.0,0.0,4.482923145782435e-05,0.0,0.0,0.0,0.0,0.0,9.321388472092443e-05,line,ln6260930-1,,1000000.0,7199.557856794634,51.833633333333346,c
158,159,m1125979,l2917255,0.0,0.0,0.0,0.0,0.0,0.00010168946047257603,0.0,0.0,0.0,0.0,0.0,0.00021144394712056325,line,ln5957413-1,,1000000.0,7199.557856794634,51.833633333333346,c
157,160,m1125974,l3104796,0.0,0.0,0.0,0.0,0.0,7.369623841405418e-07,0.0,0.0,0.0,0.0,0.0,1.53237350909223e-06,line,ln5927299-1,,1000000.0,7199.557856794634,51.833633333333346,c
151,161,m1125962,l3123452,0.00023360330616735967,9.553613472333591e-05,9.553613472333591e-05,0.00023360330616735967,9.553613472333591e-05,0.00023360330616735967,0.0005125148622741089,0.0002254303644094664,0.0002254303644094664,0.0005125148622741089,0.0002254303644094664,0.0005125148622741089,line,ln6381820-1,,1000000.0,7199.557856794634,51.833633333333346,abc
161,162,l3123452,d6198039-1_int,0.00012597925017797317,5.152140530376346e-05,5.152140530376346e-05,0.00012597925017797317,5.152140530376346e-05,0.00012597925017797317,0.0002763926551968509,0.00012157168809633899,0.00012157168809633899,0.0002763926551968509,0.00012157168809633899,0.0002763926551968509,line,ln6198039-1,,1000000.0,7199.557856794634,51.833633333333346,abc
162,163,d6198039-1_int,e206217,1.9292492840877444e-05,0.0,0.0,1.9292492840877444e-05,0.0,1.9292492840877444e-05,1.9292492840877444e-05,0.0,0.0,1.9292492840877444e-05,0.0,1.9292492840877444e-05,switch,a8869_48332_sw,CLOSED,1000000.0,7199.557856794634,51.833633333333346,abc
163,164,e206217,m1125969,0.00010593814959527558,4.3325248679589585e-05,4.3325248679589585e-05,0.00010593814959527558,4.3325248679589585e-05,0.00010593814959527558,0.00023242340633012406,0.00010223175373647354,0.00010223175373647354,0.00023242340633012406,0.00010223175373647354,0.00023242340633012406,line,ln6318767-1,,1000000.0,7199.557856794634,51.833633333333346,abc
164,165,m1125969,l2767341,4.940413862041952e-05,2.0204681691231348e-05,2.0204681691231348e-05,4.940413862041952e-05,2.0204681691231348e-05,4.940413862041952e-05,0.00010839039787679683,4.76756650205883e-05,4.76756650205883e-05,0.00010839039787679683,4.76756650205883e-05,0.00010839039787679683,line,ln5927296-1,,1000000.0,7199.557856794634,51.833633333333346,abc
165,166,l2767341,m1125968,5.5518601906484106e-05,2.2705297790559386e-05,2.2705297790559386e-05,5.5518601906484106e-05,2.2705297790559386e-05,5.5518601906484106e-05,0.00012180524786480332,5.357620516858744e-05,5.357620516858744e-05,0.00012180524786480332,5.357620516858744e-05,0.00012180524786480332,line,ln6260929-1,,1000000.0,7199.557856794634,51.833633333333346,abc
166,167,m1125968,p895107,0.0,0.0,0.0,0.0,0.0,9.456944853695378e-06,0.0,0.0,0.0,0.0,0.0,1.9663923264752802e-05,line,ln5861084-1,,1000000.0,7199.557856794634,51.833633333333346,c
167,168,p895107,l3030126,0.0,0.0,0.0,0.0,0.0,9.8042937282035e-05,0.0,0.0,0.0,0.0,0.0,0.00020386169372781763,line,ln5740282-1,,1000000.0,7199.557856794634,51.833633333333346,c
168,169,l3030126,l3254870,0.0,0.0,0.0,0.0,0.0,5.3694584211409695e-05,0.0,0.0,0.0,0.0,0.0,0.00011164770441200016,line,ln6260928-1,,1000000.0,7199.557856794634,51.833633333333346,c
169,170,l3254870,m1125943,0.0,0.0,0.0,0.0,0.0,0.0005348328229611532,0.0,0.0,0.0,0.0,0.0,0.0011120834215364666,line,ln6030576-1,,1000000.0,7199.557856794634,51.833633333333346,c
170,171,m1125943,221-703009,0.0,0.0,0.0,0.0,0.0,9.627742064858786e-05,0.0,0.0,0.0,0.0,0.0,5.434277597963741e-05,line,ln8976560-2,,1000000.0,7199.557856794634,51.833633333333346,c
171,172,221-703009,l3150961,0.0,0.0,0.0,0.0,0.0,0.000628953239646407,0.0,0.0,0.0,0.0,0.0,0.00035500603125342676,line,ln8976560-3,,1000000.0,7199.557856794634,51.833633333333346,c
166,173,m1125968,m1125976,7.569585838795783e-05,3.0957137737466434e-05,3.0957137737466434e-05,7.569585838795783e-05,3.0957137737466434e-05,7.569585838795783e-05,0.00016607321648363447,7.304753182071613e-05,7.304753182071613e-05,0.00016607321648363447,7.304753182071613e-05,0.00016607321648363447,line,ln5624288-1,,1000000.0,7199.557856794634,51.833633333333346,abc
173,174,m1125976,p895106,0.0,0.0,0.0,8.852884131217244e-06,0.0,0.0,0.0,0.0,0.0,1.8407893555599994e-05,0.0,0.0,line,ln6255845-1,,1000000.0,7199.557856794634,51.833633333333346,b
174,175,p895106,l3048887,0.0,0.0,0.0,4.4939025381846653e-05,0.0,0.0,0.0,0.0,0.0,9.34421803629432e-05,0.0,0.0,line,ln5952393-1,,1000000.0,7199.557856794634,51.833633333333346,b
175,176,l3048887,m1125966,0.0,0.0,0.0,3.3864977527461246e-05,0.0,0.0,0.0,0.0,0.0,7.041579810020391e-05,0.0,0.0,line,ln5775368-1,,1000000.0,7199.557856794634,51.833633333333346,b
176,177,m1125966,l2955005,0.0,0.0,0.0,7.618788049458234e-05,0.0,0.0,0.0,0.0,0.0,0.0001584182480628729,0.0,0.0,line,ln5896728-1,,1000000.0,7199.557856794634,51.833633333333346,b
177,178,l2955005,m1108372,0.0,0.0,0.0,3.587297849723056e-05,0.0,0.0,0.0,0.0,0.0,7.459105528906905e-05,0.0,0.0,line,ln5533708-1,,1000000.0,7199.557856794634,51.833633333333346,b
178,179,m1108372,l3216988,0.0,0.0,0.0,8.909930512299284e-05,0.0,0.0,0.0,0.0,0.0,0.00018526510685918854,0.0,0.0,line,ln5624289-1,,1000000.0,7199.557856794634,51.833633333333346,b
178,180,m1108372,l3179607,0.0,0.0,0.0,7.534642360269297e-05,0.0,0.0,0.0,0.0,0.0,0.0001566685980428409,0.0,0.0,line,ln6230694-1,,1000000.0,7199.557856794634,51.833633333333346,b
173,181,m1125976,m1125987,0.0003273875657311306,0.00013389083870254113,0.00013389083870254113,0.0003273875657311306,0.00013389083870254113,0.0003273875657311306,0.0007182731953319882,0.0003159334491311625,0.0003159334491311625,0.0007182731953319882,0.0003159334491311625,0.0007182731953319882,line,ln5745257-1,,1000000.0,7199.557856794634,51.833633333333346,abc
181,182,m1125987,m1125989,0.00012767928769029624,5.2216665210297764e-05,5.2216665210297764e-05,0.00012767928769029624,5.2216665210297764e-05,0.00012767928769029624,0.0002801224589645461,0.0001232122473940665,0.0001232122473940665,0.0002801224589645461,0.0001232122473940665,0.0002801224589645461,line,ln6413700-1,,1000000.0,7199.557856794634,51.833633333333346,abc
182,183,m1125989,m1125990,9.28203749303058e-06,3.7960506595138634e-06,3.7960506595138634e-06,9.28203749303058e-06,3.7960506595138634e-06,9.28203749303058e-06,2.036436146993361e-05,8.957292295414366e-06,8.957292295414366e-06,2.036436146993361e-05,8.957292295414366e-06,2.036436146993361e-05,line,ln5807070-1,,1000000.0,7199.557856794634,51.833633333333346,abc
183,184,m1125990,l3067478,0.0001205472078219482,4.9299877111965215e-05,4.9299877111965215e-05,0.0001205472078219482,4.9299877111965215e-05,0.0001205472078219482,0.0002644750052044714,0.00011632969341785157,0.00011632969341785157,0.0002644750052044714,0.00011632969341785157,0.0002644750052044714,line,ln5654433-1,,1000000.0,7199.557856794634,51.833633333333346,abc
184,185,l3067478,m1125994,0.0001981628062602852,8.104212592981768e-05,8.104212592981768e-05,0.0001981628062602852,8.104212592981768e-05,0.0001981628062602852,0.00043476004267499404,0.00019122980047060818,0.00019122980047060818,0.00043476004267499404,0.00019122980047060818,0.00043476004267499404,line,ln6170256-1,,1000000.0,7199.557856794634,51.833633333333346,abc
185,186,m1125994,m1125997,0.0002015709351135587,8.243593949617003e-05,8.243593949617003e-05,0.0002015709351135587,8.243593949617003e-05,0.0002015709351135587,0.00044223731993834107,0.00019451869112011567,0.00019451869112011567,0.00044223731993834107,0.00019451869112011567,0.00044223731993834107,line,ln5775438-1,,1000000.0,7199.557856794634,51.833633333333346,abc
186,187,m1125997,d5535139-1_int,6.325101007132432e-06,2.586760058623452e-06,2.586760058623452e-06,6.325101007132432e-06,2.586760058623452e-06,6.325101007132432e-06,1.3876979417482469e-05,6.103808410755178e-06,6.103808410755178e-06,1.3876979417482469e-05,6.103808410755178e-06,1.3876979417482469e-05,line,ln5535139-1,,1000000.0,7199.557856794634,51.833633333333346,abc
187,188,d5535139-1_int,e183473,1.9292492840877444e-05,0.0,0.0,1.9292492840877444e-05,0.0,1.9292492840877444e-05,1.9292492840877444e-05,0.0,0.0,1.9292492840877444e-05,0.0,1.9292492840877444e-05,switch,l5437_48332_sw,CLOSED,1000000.0,7199.557856794634,51.833633333333346,abc
188,189,e183473,r20703,1.2198322401992521e-05,4.988716091032265e-06,4.988716091032265e-06,1.2198322401992521e-05,4.988716091032265e-06,1.2198322401992521e-05,2.6762555840512813e-05,1.1771546855998903e-05,1.1771546855998903e-05,2.6762555840512813e-05,1.1771546855998903e-05,2.6762555840512813e-05,line,ln5576174-3,,1000000.0,7199.557856794634,51.833633333333346,abc
189,190,r20703,l2859403,8.096396917059639e-05,3.311162326134443e-05,3.311162326134443e-05,8.096396917059639e-05,3.311162326134443e-05,8.096396917059639e-05,0.00017763120817693013,7.81313303035545e-05,7.81313303035545e-05,0.00017763120817693013,7.81313303035545e-05,0.00017763120817693013,line,ln5576174-4,,1000000.0,7199.557856794634,51.833633333333346,abc
190,191,l2859403,l2973791,7.186279635937793e-05,2.9389540358930367e-05,2.9389540358930367e-05,7.186279635937793e-05,2.9389540358930367e-05,7.186279635937793e-05,0.00015766365546373038,6.93485748834894e-05,6.93485748834894e-05,0.00015766365546373038,6.93485748834894e-05,0.00015766365546373038,line,ln5576174-2,,1000000.0,7199.557856794634,51.833633333333346,abc
191,192,l2973791,l3179650,0.00012231810728812495,5.002411724690978e-05,5.002411724690978e-05,0.00012231810728812495,5.002411724690978e-05,0.00012231810728812495,0.0002683602768254074,0.00011803863546384617,0.00011803863546384617,0.0002683602768254074,0.00011803863546384617,0.0002683602768254074,line,ln5684838-1,,1000000.0,7199.557856794634,51.833633333333346,abc
192,193,l3179650,l3232902,8.064771156437032e-05,3.2982284213145996e-05,3.2982284213145996e-05,8.064771156437032e-05,3.2982284213145996e-05,8.064771156437032e-05,0.00017693735359859648,7.7826137416568e-05,7.7826137416568e-05,0.00017693735359859648,7.7826137416568e-05,0.00017693735359859648,line,ln5591710-2,,1000000.0,7199.557856794634,51.833633333333346,abc
193,194,l3232902,m4122658,7.363809760072125e-05,3.011558067638191e-05,3.011558067638191e-05,7.363809760072125e-05,3.011558067638191e-05,7.363809760072125e-05,0.00016155858437603895,7.106176470232647e-05,7.106176470232647e-05,0.00016155858437603895,7.106176470232647e-05,0.00016155858437603895,line,ln5591710-3,,1000000.0,7199.557856794634,51.833633333333346,abc
194,195,m4122658,l2933135,3.1601546126099573e-06,1.2924001880374956e-06,1.2924001880374956e-06,3.1601546126099573e-06,1.2924001880374956e-06,3.1601546126099573e-06,6.933233234662949e-06,3.0495921380519338e-06,3.0495921380519338e-06,6.933233234662949e-06,3.0495921380519338e-06,6.933233234662949e-06,line,ln5591731-3,,1000000.0,7199.557856794634,51.833633333333346,abc
195,196,l2933135,m1108484,0.00014219646525004024,5.815371744600828e-05,5.815371744600828e-05,0.00014219646525004024,5.815371744600828e-05,0.00014219646525004024,0.0003119724759001394,0.0001372215209834798,0.0001372215209834798,0.0003119724759001394,0.0001372215209834798,0.0003119724759001394,line,ln5591731-1,,1000000.0,7199.557856794634,51.833633333333346,abc
196,197,m1108484,l2730106,0.0001966531583032637,8.042472914304668e-05,8.042472914304668e-05,0.0001966531583032637,8.042472914304668e-05,0.0001966531583032637,0.00043144794479646085,0.0001897729696805613,0.0001897729696805613,0.00043144794479646085,0.0001897729696805613,0.00043144794479646085,line,ln5503480-1,,1000000.0,7199.557856794634,51.833633333333346,abc
197,198,l2730106,n1142099,4.234987077759676e-05,1.731971617398997e-05,1.731971617398997e-05,4.234987077759676e-05,1.731971617398997e-05,4.234987077759676e-05,9.291366010614728e-05,4.0868200706233855e-05,4.0868200706233855e-05,9.291366010614728e-05,4.0868200706233855e-05,9.291366010614728e-05,line,ln5920279-5,,1000000.0,7199.557856794634,51.833633333333346,abc
198,199,n1142099,n1142100,6.602600651700405e-05,2.7002483643503e-05,2.7002483643503e-05,6.602600651700405e-05,2.7002483643503e-05,6.602600651700405e-05,0.00014485800818387544,6.371599338138878e-05,6.371599338138878e-05,0.00014485800818387544,6.371599338138878e-05,0.00014485800818387544,line,ln5920279-4,,1000000.0,7199.557856794634,51.833633333333346,abc
199,200,n1142100,m1108490,2.5166718803556745e-05,1.0292367336780676e-05,1.0292367336780676e-05,2.5166718803556745e-05,1.0292367336780676e-05,2.5166718803556745e-05,5.5214618462015314e-05,2.428622558454645e-05,2.428622558454645e-05,5.5214618462015314e-05,2.428622558454645e-05,5.5214618462015314e-05,line,ln5920279-2,,1000000.0,7199.557856794634,51.833633333333346,abc
200,201,m1108490,l3142049,8.351662579959338e-05,3.4155576583801084e-05,3.4155576583801084e-05,8.351662579959338e-05,3.4155576583801084e-05,8.351662579959338e-05,0.00018323161889931177,8.059467863337124e-05,8.059467863337124e-05,0.00018323161889931177,8.059467863337124e-05,0.00018323161889931177,line,ln5927298-1,,1000000.0,7199.557856794634,51.833633333333346,abc
201,202,l3142049,m1108493,0.00016030066927201055,6.555774653651515e-05,6.555774653651515e-05,0.00016030066927201055,6.555774653651515e-05,0.00016030066927201055,0.0003516922631888303,0.00015469232384571406,0.00015469232384571406,0.0003516922631888303,0.00015469232384571406,0.0003516922631888303,line,ln5889821-1,,1000000.0,7199.557856794634,51.833633333333346,abc
202,203,m1108493,n1142103,7.044032437625758e-05,2.8807795702790113e-05,2.8807795702790113e-05,7.044032437625758e-05,2.8807795702790113e-05,7.044032437625758e-05,0.0001545428176447853,6.797587009271328e-05,6.797587009271328e-05,0.0001545428176447853,6.797587009271328e-05,0.0001545428176447853,line,ln6321372-3,,1000000.0,7199.557856794634,51.833633333333346,abc
203,204,n1142103,l3104830,2.118246857735227e-05,8.662938915466074e-06,8.662938915466074e-06,2.118246857735227e-05,8.662938915466074e-06,2.118246857735227e-05,4.647335752076032e-05,2.0441369982424536e-05,2.0441369982424536e-05,4.647335752076032e-05,2.0441369982424536e-05,4.647335752076032e-05,line,ln6321372-2,,1000000.0,7199.557856794634,51.833633333333346,abc
204,205,l3104830,n1142104,0.00014099445309962826,5.766213367253817e-05,5.766213367253817e-05,0.00014099445309962826,5.766213367253817e-05,0.00014099445309962826,0.0003093353167698707,0.0001360615629266454,0.0001360615629266454,0.0003093353167698707,0.0001360615629266454,0.0003093353167698707,line,ln5563901-2,,1000000.0,7199.557856794634,51.833633333333346,abc
205,206,n1142104,m1108500,8.610895520218847e-05,3.521575477698196e-05,3.521575477698196e-05,8.610895520218847e-05,3.521575477698196e-05,8.610895520218847e-05,0.00018891906985425802,8.30963117287424e-05,8.30963117287424e-05,0.00018891906985425802,8.30963117287424e-05,0.00018891906985425802,line,ln5563901-3,,1000000.0,7199.557856794634,51.833633333333346,abc
206,207,m1108500,m1108505,4.814162809347081e-05,1.9688356054530852e-05,1.9688356054530852e-05,4.814162809347081e-05,1.9688356054530852e-05,4.814162809347081e-05,0.00010562050810316852,4.6457325208407146e-05,4.6457325208407146e-05,0.00010562050810316852,4.6457325208407146e-05,0.00010562050810316852,line,ln5503544-1,,1000000.0,7199.557856794634,51.833633333333346,abc
207,208,m1108505,l2955047,0.00010329781149819705,4.224543649586589e-05,4.224543649586589e-05,0.00010329781149819705,4.224543649586589e-05,0.00010329781149819705,0.00022663062651727409,9.968379159863381e-05,9.968379159863381e-05,0.00022663062651727409,9.968379159863381e-05,0.00022663062651727409,line,ln5624342-1,,1000000.0,7199.557856794634,51.833633333333346,abc
208,209,l2955047,l3179646,9.02167845562308e-05,3.689572303182807e-05,3.689572303182807e-05,9.02167845562308e-05,3.689572303182807e-05,9.02167845562308e-05,0.00019793145769317087,8.706042286829207e-05,8.706042286829207e-05,0.00019793145769317087,8.706042286829207e-05,0.00019793145769317087,line,ln5594212-1,,1000000.0,7199.557856794634,51.833633333333346,abc
209,210,l3179646,l2674027,0.00014646990169188724,5.990141359953537e-05,5.990141359953537e-05,0.00014646990169188724,5.990141359953537e-05,0.00014646990169188724,0.00032134819803936816,0.00014134544521285727,0.00014134544521285727,0.00032134819803936816,0.00014134544521285727,0.00032134819803936816,line,ln5805728-1,,1000000.0,7199.557856794634,51.833633333333346,abc
210,211,l2674027,l2692633,0.00012851626677916326,5.2558962364847996e-05,5.2558962364847996e-05,0.00012851626677916326,5.2558962364847996e-05,0.00012851626677916326,0.0002819587524207255,0.00012401994358682167,0.00012401994358682167,0.0002819587524207255,0.00012401994358682167,0.0002819587524207255,line,ln5684836-1,,1000000.0,7199.557856794634,51.833633333333346,abc
211,212,l2692633,regxfmr_190-8581,7.567289342762641e-05,3.0947745817548284e-05,3.0947745817548284e-05,7.567289342762641e-05,3.0947745817548284e-05,7.567289342762641e-05,0.00016602283242154862,7.30253703219724e-05,7.30253703219724e-05,0.00016602283242154862,7.30253703219724e-05,0.00016602283242154862,line,ln5587291-1,,1000000.0,7199.557856794634,51.833633333333346,abc
212,213,regxfmr_190-8581,190-8581,1.0001228288710867e-05,0.0,0.0,1.0001228288710867e-05,0.0,1.0001228288710867e-05,0.00010001228288710867,0.0,0.0,0.00010001228288710867,0.0,0.00010001228288710867,transformer,vreg3_a,,1000000.0,7199.557856794634,51.833633333333346,abc
213,214,190-8581,d5587291-3_int,1.5811655387203538e-05,6.4664514559079656e-06,6.4664514559079656e-06,1.5811655387203538e-05,6.4664514559079656e-06,1.5811655387203538e-05,3.469004148979201e-05,1.5258462280925703e-05,1.5258462280925703e-05,3.469004148979201e-05,1.5258462280925703e-05,3.469004148979201e-05,line,ln5587291-3,,1000000.0,7199.557856794634,51.833633333333346,abc
214,215,d5587291-3_int,q14734,1.9292492840877444e-05,0.0,0.0,1.9292492840877444e-05,0.0,1.9292492840877444e-05,1.9292492840877444e-05,0.0,0.0,1.9292492840877444e-05,0.0,1.9292492840877444e-05,switch,2002200004641085_sw,CLOSED,1000000.0,7199.557856794634,51.833633333333346,abc
215,216,q14734,m1108529,0.00010504142942452416,4.295851937062739e-05,4.295851937062739e-05,0.00010504142942452416,4.295851937062739e-05,0.00010504142942452416,0.00023045604370006858,0.00010136640658800044,0.00010136640658800044,0.00023045604370006858,0.00010136640658800044,0.00023045604370006858,line,ln5587291-4,,1000000.0,7199.557856794634,51.833633333333346,abc
216,217,m1108529,p829796,0.0,0.0,0.0,0.0,0.0,6.823118181309561e-06,0.0,0.0,0.0,0.0,0.0,1.4187380218378154e-05,line,ln5563852-1,,1000000.0,7199.557856794634,51.833633333333346,c
217,218,p829796,n1142107,0.0,0.0,0.0,0.0,0.0,3.0121518434941524e-05,0.0,0.0,0.0,0.0,0.0,6.263198488368875e-05,line,ln5712584-2,,1000000.0,7199.557856794634,51.833633333333346,c
218,219,n1142107,l3101827,0.0,0.0,0.0,0.0,0.0,0.00012440254377948937,0.0,0.0,0.0,0.0,0.0,0.00025867149620355885,line,ln5712584-3,,1000000.0,7199.557856794634,51.833633333333346,c
219,220,l3101827,m1108540,0.0,0.0,0.0,0.0,0.0,0.00016842886555640512,0.0,0.0,0.0,0.0,0.0,0.00035021588251900787,line,ln5591811-1,,1000000.0,7199.557856794634,51.833633333333346,c
220,221,m1108540,l2955006,0.0,0.0,0.0,0.0,0.0,2.7490686111784557e-05,0.0,0.0,0.0,0.0,0.0,5.716166801864168e-05,line,ln6078689-1,,1000000.0,7199.557856794634,51.833633333333346,c
221,222,l2955006,l2692600,0.0,0.0,0.0,0.0,0.0,6.703435407769343e-05,0.0,0.0,0.0,0.0,0.0,0.00013938522589258324,line,ln5714915-1,,1000000.0,7199.557856794634,51.833633333333346,c
220,223,m1108540,l3235945,0.0,0.0,0.0,0.0,0.0,9.56981022360642e-05,0.0,0.0,0.0,0.0,0.0,0.00019898605395981625,line,ln6018243-1,,1000000.0,7199.557856794634,51.833633333333346,c
223,224,l3235945,l2842330,0.0,0.0,0.0,0.0,0.0,3.578868801402436e-05,0.0,0.0,0.0,0.0,0.0,7.441578921536787e-05,line,ln6200439-1,,1000000.0,7199.557856794634,51.833633333333346,c
224,225,l2842330,l3086002,0.0,0.0,0.0,0.0,0.0,6.394065645922305e-05,0.0,0.0,0.0,0.0,0.0,0.0001329524684307293,line,ln5927297-1,,1000000.0,7199.557856794634,51.833633333333346,c
225,226,l3086002,m1126031,0.0,0.0,0.0,0.0,0.0,9.624872009100911e-05,0.0,0.0,0.0,0.0,0.0,0.00020013095936164993,line,ln6048520-1,,1000000.0,7199.557856794634,51.833633333333346,c
226,227,m1126031,l2730107,0.0,0.0,0.0,0.0,0.0,0.00014869616008653322,0.0,0.0,0.0,0.0,0.0,0.0003091854639040673,line,ln5957412-1,,1000000.0,7199.557856794634,51.833633333333346,c
226,228,m1126031,l3179608,0.0,0.0,0.0,0.0,0.0,3.727461591540627e-05,0.0,0.0,0.0,0.0,0.0,7.750549447237925e-05,line,ln5896727-1,,1000000.0,7199.557856794634,51.833633333333346,c
216,229,m1108529,m1108532,4.696916747362874e-05,1.9208857893426962e-05,1.9208857893426962e-05,4.696916747362874e-05,1.9208857893426962e-05,4.696916747362874e-05,0.00010304818366581797,4.532588478008808e-05,4.532588478008808e-05,0.00010304818366581797,4.532588478008808e-05,0.00010304818366581797,line,ln5473349-1,,1000000.0,7199.557856794634,51.833633333333346,abc
229,230,m1108532,p895082,0.0,0.0,0.0,1.220948919266705e-05,0.0,0.0,0.0,0.0,0.0,2.5387317183373207e-05,0.0,0.0,line,ln5830952-1,,1000000.0,7199.557856794634,51.833633333333346,b
230,231,p895082,n1142106,0.0,0.0,0.0,1.8740529643236787e-05,0.0,0.0,0.0,0.0,0.0,3.896737715473028e-05,0.0,0.0,line,ln6043468-2,,1000000.0,7199.557856794634,51.833633333333346,b
231,232,n1142106,l2936213,0.0,0.0,0.0,2.9306061804143892e-05,0.0,0.0,0.0,0.0,0.0,6.093639747551299e-05,0.0,0.0,line,ln6043468-3,,1000000.0,7199.557856794634,51.833633333333346,b
232,233,l2936213,m1108527,0.0,0.0,0.0,9.723962813076964e-05,0.0,0.0,0.0,0.0,0.0,0.00020219136469949687,0.0,0.0,line,ln5533709-1,,1000000.0,7199.557856794634,51.833633333333346,b
233,234,m1108527,l3141394,0.0,0.0,0.0,4.323118554297755e-06,0.0,0.0,0.0,0.0,0.0,8.989105131867403e-06,0.0,0.0,line,ln5804787-1,,1000000.0,7199.557856794634,51.833633333333346,b
229,235,m1108532,m1108535,0.0001760412449831479,7.199512872272758e-05,7.199512872272758e-05,0.0001760412449831479,7.199512872272758e-05,0.0001760412449831479,0.00038622635915290515,0.0001698821932734794,0.0001698821932734794,0.00038622635915290515,0.0001698821932734794,0.00038622635915290515,line,ln5563853-1,,1000000.0,7199.557856794634,51.833633333333346,abc
235,236,m1108535,m1108534,0.000576517172980992,0.0002357767242761936,0.0002357767242761936,0.000576517172980992,0.0002357767242761936,0.000576517172980992,0.0012648520449335015,0.0005563469050404209,0.0005563469050404209,0.0012648520449335015,0.0005563469050404209,0.0012648520449335015,line,ln6167731-2,,1000000.0,7199.557856794634,51.833633333333346,abc
236,237,m1108534,m1108526,0.00024338327436046977,9.953582280231164e-05,9.953582280231164e-05,0.00024338327436046977,9.953582280231164e-05,0.00024338327436046977,0.0005339716606977835,0.0002348681665958203,0.0002348681665958203,0.0005339716606977835,0.0002348681665958203,0.0005339716606977835,line,ln6167731-1,,1000000.0,7199.557856794634,51.833633333333346,abc
237,238,m1108526,p895075,0.0,0.0,0.0,0.0,0.0,1.0763765688815947e-05,0.0,0.0,0.0,0.0,0.0,2.2381209346055226e-05,line,ln6437384-1,,1000000.0,7199.557856794634,51.833633333333346,c
238,239,p895075,m1108524,0.0,0.0,0.0,0.0,0.0,6.059744876074671e-06,0.0,0.0,0.0,0.0,0.0,1.2600090207838023e-05,line,ln5589095-1,,1000000.0,7199.557856794634,51.833633333333346,c
239,240,m1108524,m1108520,0.0,0.0,0.0,0.0,0.0,4.2008967382182343e-05,0.0,0.0,0.0,0.0,0.0,8.734968045329639e-05,line,ln5649361-1,,1000000.0,7199.557856794634,51.833633333333346,c
240,241,m1108520,m1108514,0.0,0.0,0.0,0.0,0.0,0.00010913945170735343,0.0,0.0,0.0,0.0,0.0,0.00022693479096391078,line,ln5524067-1,,1000000.0,7199.557856794634,51.833633333333346,c
241,242,m1108514,m1108508,0.0,0.0,0.0,0.0,0.0,0.00010913956136588275,0.0,0.0,0.0,0.0,0.0,0.00022693501897802515,line,ln5735714-1,,1000000.0,7199.557856794634,51.833633333333346,c
242,243,m1108508,l3097861,0.0,0.0,0.0,0.0,0.0,0.00010231786874545419,0.0,0.0,0.0,0.0,0.0,0.00021275060294313405,line,ln5675121-1,,1000000.0,7199.557856794634,51.833633333333346,c
240,244,m1108520,l2804277,0.0,0.0,0.0,0.0,0.0,6.030530613006097e-05,0.0,0.0,0.0,0.0,0.0,0.00012539344688423023,line,ln5649361-2,,1000000.0,7199.557856794634,51.833633333333346,c
239,245,m1108524,n1136031,0.0,0.0,0.0,0.0,0.0,3.948748027824919e-05,0.0,0.0,0.0,0.0,0.0,8.210672623373883e-05,line,ln5679770-2,,1000000.0,7199.557856794634,51.833633333333346,c
245,246,n1136031,l3197625,0.0,0.0,0.0,0.0,0.0,6.58742306186009e-05,0.0,0.0,0.0,0.0,0.0,0.00013697296918281496,line,ln5679770-3,,1000000.0,7199.557856794634,51.833633333333346,c
237,247,m1108526,m1089199,0.0001899511006302856,7.768380610015754e-05,7.768380610015754e-05,0.0001899511006302856,7.768380610015754e-05,0.0001899511006302856,0.000416743939867872,0.00018330539296557122,0.00018330539296557122,0.000416743939867872,0.00018330539296557122,0.000416743939867872,line,ln6380805-1,,1000000.0,7199.557856794634,51.833633333333346,abc
247,248,m1089199,m1089197,0.00015383533433439923,6.29136353731714e-05,6.29136353731714e-05,0.00015383533433439923,6.29136353731714e-05,0.00015383533433439923,0.00033750761700607505,0.00014845318778669445,0.00014845318778669445,0.00033750761700607505,0.00014845318778669445,0.00033750761700607505,line,ln6350529-1,,1000000.0,7199.557856794634,51.833633333333346,abc
248,249,m1089197,m1089196,0.00017875623908028814,7.310547277604173e-05,7.310547277604173e-05,0.00017875623908028814,7.310547277604173e-05,0.00017875623908028814,0.0003921829307811079,0.0001725021994657265,0.0001725021994657265,0.0003921829307811079,0.0001725021994657265,0.0003921829307811079,line,ln6290198-1,,1000000.0,7199.557856794634,51.833633333333346,abc
249,250,m1089196,m1089198,0.0002023123455105403,8.273915217210952e-05,8.273915217210952e-05,0.0002023123455105403,8.273915217210952e-05,0.0002023123455105403,0.00044386394009938193,0.00019523416222671377,0.00019523416222671377,0.00044386394009938193,0.00019523416222671377,0.00044386394009938193,line,ln5653452-1,,1000000.0,7199.557856794634,51.833633333333346,abc
250,251,m1089198,m1089201,0.0003351936643453509,0.00013708327848906327,0.00013708327848906327,0.0003351936643453509,0.00013708327848906327,0.0003351936643453509,0.0007353994150837711,0.00032346644035500757,0.00032346644035500757,0.0007353994150837711,0.00032346644035500757,0.0007353994150837711,line,ln6290199-1,,1000000.0,7199.557856794634,51.833633333333346,abc
251,252,m1089201,m1089202,7.595983426462479e-06,3.1065095263114196e-06,3.1065095263114196e-06,7.595983426462479e-06,3.1065095263114196e-06,7.595983426462479e-06,1.6665236736250395e-05,7.33022721283285e-06,7.33022721283285e-06,1.6665236736250395e-05,7.33022721283285e-06,1.6665236736250395e-05,line,ln5679696-1,,1000000.0,7199.557856794634,51.833633333333346,abc
252,253,m1089202,m1089203,0.0001192969105645047,4.878854630423356e-05,4.878854630423356e-05,0.0001192969105645047,4.878854630423356e-05,0.0001192969105645047,0.00026173191077993754,0.00011512313957668412,0.00011512313957668412,0.00026173191077993754,0.00011512313957668412,0.00026173191077993754,line,ln5679695-1,,1000000.0,7199.557856794634,51.833633333333346,abc
253,254,m1089203,m1089207,0.0001056096900789641,4.31909194480546e-05,4.31909194480546e-05,0.0001056096900789641,4.31909194480546e-05,0.0001056096900789641,0.00023170278132473825,0.00010191478584046779,0.00010191478584046779,0.00023170278132473825,0.00010191478584046779,0.00023170278132473825,line,ln5986921-1,,1000000.0,7199.557856794634,51.833633333333346,abc
254,255,m1089207,l3160098,4.48741477894983e-05,1.8352063158476875e-05,1.8352063158476875e-05,4.48741477894983e-05,1.8352063158476875e-05,4.48741477894983e-05,9.845180725963641e-05,4.3304162319960835e-05,4.3304162319960835e-05,9.845180725963641e-05,4.3304162319960835e-05,9.845180725963641e-05,line,ln6290200-1,,1000000.0,7199.557856794634,51.833633333333346,abc
255,256,l3160098,m1089213,0.00020139692773482327,8.236477615242088e-05,8.236477615242088e-05,0.00020139692773482327,8.236477615242088e-05,0.00020139692773482327,0.0004418555557877799,0.0001943507716354053,0.0001943507716354053,0.0004418555557877799,0.0001943507716354053,0.0004418555557877799,line,ln6259984-1,,1000000.0,7199.557856794634,51.833633333333346,abc
256,257,m1089213,l3118855,0.0001524801915255795,6.235942615380355e-05,6.235942615380355e-05,0.0001524801915255795,6.235942615380355e-05,0.0001524801915255795,0.00033453449628523035,0.00014714545656391696,0.00014714545656391696,0.00033453449628523035,0.00014714545656391696,0.00033453449628523035,line,ln5799408-1,,1000000.0,7199.557856794634,51.833633333333346,abc
257,258,l3118855,l3231255,9.558030499887776e-05,3.908922799546493e-05,3.908922799546493e-05,9.558030499887776e-05,3.908922799546493e-05,9.558030499887776e-05,0.00020969877377301346,9.223629296936543e-05,9.223629296936543e-05,0.00020969877377301346,9.223629296936543e-05,0.00020969877377301346,line,ln5769126-1,,1000000.0,7199.557856794634,51.833633333333346,abc
258,259,l3231255,n1144663,4.870006284979698e-05,1.9916737660039243e-05,1.9916737660039243e-05,4.870006284979698e-05,1.9916737660039243e-05,4.870006284979698e-05,0.00010684568816129036,4.699622233569065e-05,4.699622233569065e-05,0.00010684568816129036,4.699622233569065e-05,0.00010684568816129036,line,ln5527264-8,,1000000.0,7199.557856794634,51.833633333333346,abc
259,260,n1144663,m1089215,4.821222120772289e-05,1.9717226336310575e-05,1.9717226336310575e-05,4.821222120772289e-05,1.9717226336310575e-05,4.821222120772289e-05,0.00010577538613474261,4.652544852280597e-05,4.652544852280597e-05,0.00010577538613474261,4.652544852280597e-05,0.00010577538613474261,line,ln5527264-7,,1000000.0,7199.557856794634,51.833633333333346,abc
260,261,m1089215,n1134474,8.645550838098038e-05,3.535748372646071e-05,3.535748372646071e-05,8.645550838098038e-05,3.535748372646071e-05,8.645550838098038e-05,0.00018967939151927734,8.343074025487955e-05,8.343074025487955e-05,0.00018967939151927734,8.343074025487955e-05,0.00018967939151927734,line,ln6108125-3,,1000000.0,7199.557856794634,51.833633333333346,abc
261,262,n1134474,m1069496,0.00010754368052146317,4.398185847413097e-05,4.398185847413097e-05,0.00010754368052146317,4.398185847413097e-05,0.00010754368052146317,0.0002359458670136314,0.00010378111289452343,0.00010378111289452343,0.0002359458670136314,0.00010378111289452343,0.0002359458670136314,line,ln6108125-2,,1000000.0,7199.557856794634,51.833633333333346,abc
262,263,m1069496,n1134475,0.00011273797590110404,4.6106155905206925e-05,4.6106155905206925e-05,0.00011273797590110404,4.6106155905206925e-05,0.00011273797590110404,0.0002473419111227008,0.00010879367851054235,0.00010879367851054235,0.0002473419111227008,0.00010879367851054235,0.0002473419111227008,line,ln6047557-2,,1000000.0,7199.557856794634,51.833633333333346,abc
263,264,n1134475,m1069497,6.309260864213643e-05,2.5802819566960678e-05,2.5802819566960678e-05,6.309260864213643e-05,2.5802819566960678e-05,6.309260864213643e-05,0.0001384222687566438,6.088522457619215e-05,6.088522457619215e-05,0.0001384222687566438,6.088522457619215e-05,0.0001384222687566438,line,ln6047557-3,,1000000.0,7199.557856794634,51.833633333333346,abc
264,265,m1069497,m1069495,2.8926783307363478e-05,1.183011110803859e-05,1.183011110803859e-05,2.8926783307363478e-05,1.183011110803859e-05,2.8926783307363478e-05,6.346402628473532e-05,2.791473891855288e-05,2.791473891855288e-05,6.346402628473532e-05,2.791473891855288e-05,6.346402628473532e-05,line,ln6138595-1,,1000000.0,7199.557856794634,51.833633333333346,abc
265,266,m1069495,m1069498,2.1240982841899934e-05,8.686869341592226e-06,8.686869341592226e-06,2.1240982841899934e-05,8.686869341592226e-06,2.1240982841899934e-05,4.6601735114073275e-05,2.04978370427438e-05,2.04978370427438e-05,4.6601735114073275e-05,2.04978370427438e-05,4.6601735114073275e-05,line,ln6320324-1,,1000000.0,7199.557856794634,51.833633333333346,abc
266,267,m1069498,m1069499,0.0001860017238228202,7.60686397699305e-05,7.60686397699305e-05,0.0001860017238228202,7.60686397699305e-05,0.0001860017238228202,0.0004080791895963302,0.00017949419068635612,0.00017949419068635612,0.0004080791895963302,0.00017949419068635612,0.0004080791895963302,line,ln5761784-1,,1000000.0,7199.557856794634,51.833633333333346,abc
267,268,m1069499,n1134476,6.398955410804692e-05,2.6169641014296354e-05,2.6169641014296354e-05,6.398955410804692e-05,2.6169641014296354e-05,6.398955410804692e-05,0.00014039012567387067,6.175078913755482e-05,6.175078913755482e-05,0.00014039012567387067,6.175078913755482e-05,0.00014039012567387067,line,ln6247127-3,,1000000.0,7199.557856794634,51.833633333333346,abc
268,269,n1134476,l3066814,7.55431593875019e-05,3.089468882559519e-05,3.089468882559519e-05,7.55431593875019e-05,3.089468882559519e-05,7.55431593875019e-05,0.00016573820193066402,7.290017521056147e-05,7.290017521056147e-05,0.00016573820193066402,7.290017521056147e-05,0.00016573820193066402,line,ln6247127-2,,1000000.0,7199.557856794634,51.833633333333346,abc
269,270,l3066814,n1134477,2.7013270112263e-05,1.10475466084119e-05,1.10475466084119e-05,2.7013270112263e-05,1.10475466084119e-05,2.7013270112263e-05,5.926586673067486e-05,2.6068172686460334e-05,2.6068172686460334e-05,5.926586673067486e-05,2.6068172686460334e-05,5.926586673067486e-05,line,ln5534969-3,,1000000.0,7199.557856794634,51.833633333333346,abc
270,271,n1134477,d5534969-2_int,4.280805676108624e-05,1.7507099300389882e-05,1.7507099300389882e-05,4.280805676108624e-05,1.7507099300389882e-05,4.280805676108624e-05,9.391889898772288e-05,4.131035640565424e-05,4.131035640565424e-05,9.391889898772288e-05,4.131035640565424e-05,9.391889898772288e-05,line,ln5534969-2,,1000000.0,7199.557856794634,51.833633333333346,abc
271,272,d5534969-2_int,e182729,1.9292492840877444e-05,0.0,0.0,1.9292492840877444e-05,0.0,1.9292492840877444e-05,1.9292492840877444e-05,0.0,0.0,1.9292492840877444e-05,0.0,1.9292492840877444e-05,switch,v7173_48332_sw,CLOSED,1000000.0,7199.557856794634,51.833633333333346,abc
272,273,e182729,m1069503,1.4428945159802926e-05,5.900968061278095e-06,5.900968061278095e-06,1.4428945159802926e-05,5.900968061278095e-06,1.4428945159802926e-05,3.165643912607579e-05,1.392412812466037e-05,1.392412812466037e-05,3.165643912607579e-05,1.392412812466037e-05,3.165643912607579e-05,line,ln5863714-2,,1000000.0,7199.557856794634,51.833633333333346,abc
273,274,m1069503,n1134479,5.361537277276205e-05,2.1926939136686647e-05,2.1926939136686647e-05,5.361537277276205e-05,2.1926939136686647e-05,5.361537277276205e-05,0.00011762965106632819,5.173956319545417e-05,5.173956319545417e-05,0.00011762965106632819,5.173956319545417e-05,0.00011762965106632819,line,ln5682346-2,,1000000.0,7199.557856794634,51.833633333333346,abc
274,275,n1134479,d5682346-3_int,0.00011994472123569697,4.905347974449017e-05,4.905347974449017e-05,0.00011994472123569697,4.905347974449017e-05,0.00011994472123569697,0.0002631531774664969,0.00011574828567616006,0.00011574828567616006,0.0002631531774664969,0.00011574828567616006,0.0002631531774664969,line,ln5682346-3,,1000000.0,7199.557856794634,51.833633333333346,abc
275,276,d5682346-3_int,e206211,1.9292492840877444e-05,0.0,0.0,1.9292492840877444e-05,0.0,1.9292492840877444e-05,1.9292492840877444e-05,0.0,0.0,1.9292492840877444e-05,0.0,1.9292492840877444e-05,switch,g9343_48332_sw,CLOSED,1000000.0,7199.557856794634,51.833633333333346,abc
276,277,e206211,n1134480,0.00028330078665782623,0.00011586078367392074,0.00011586078367392074,0.00028330078665782623,0.00011586078367392074,0.00028330078665782623,0.00062154883866267,0.00027338910832027335,0.00027338910832027335,0.00062154883866267,0.00027338910832027335,0.00062154883866267,line,ln5833624-2,,1000000.0,7199.557856794634,51.833633333333346,abc
277,278,n1134480,m1069519,3.6057632571901494e-05,1.474639592954123e-05,1.474639592954123e-05,3.6057632571901494e-05,1.474639592954123e-05,3.6057632571901494e-05,7.91087801568994e-05,3.479610534537099e-05,3.479610534537099e-05,7.91087801568994e-05,3.479610534537099e-05,7.91087801568994e-05,line,ln5833624-3,,1000000.0,7199.557856794634,51.833633333333346,abc
278,279,m1069519,p901927,0.0,0.0,0.0,9.218825833162378e-06,0.0,0.0,0.0,0.0,0.0,1.9168799922058324e-05,0.0,0.0,line,ln6348946-1,,1000000.0,7199.557856794634,51.833633333333346,b
279,280,p901927,n1136353,0.0,0.0,0.0,1.8282587792096377e-05,0.0,0.0,0.0,0.0,0.0,3.8015173926324536e-05,0.0,0.0,line,ln5621848-2,,1000000.0,7199.557856794634,51.833633333333346,b
280,281,n1136353,l2820535,0.0,0.0,0.0,1.1867229257194007e-05,0.0,0.0,0.0,0.0,0.0,2.467565255892409e-05,0.0,0.0,line,ln5621848-3,,1000000.0,7199.557856794634,51.833633333333346,b
278,282,m1069519,n1136354,0.000286370007221823,0.00011711599480131613,0.00011711599480131613,0.000286370007221823,0.00011711599480131613,0.000286370007221823,0.0006282825667954332,0.0002763509478658965,0.0002763509478658965,0.0006282825667954332,0.0002763509478658965,0.0006282825667954332,line,ln5561439-3,,1000000.0,7199.557856794634,51.833633333333346,abc
282,283,n1136354,l2748144,2.10923618731467e-05,8.62608821170809e-06,8.62608821170809e-06,2.10923618731467e-05,8.62608821170809e-06,2.10923618731467e-05,4.627566757427127e-05,2.0354415788590287e-05,2.0354415788590287e-05,4.627566757427127e-05,2.0354415788590287e-05,4.627566757427127e-05,line,ln5561439-2,,1000000.0,7199.557856794634,51.833633333333346,abc
283,284,l2748144,m1069533,0.00022360129918219112,9.144564001880365e-05,9.144564001880365e-05,0.00022360129918219112,9.144564001880365e-05,0.00022360129918219112,0.0004905709209978848,0.00021577829177194468,0.00021577829177194468,0.0004905709209978848,0.00021577829177194468,0.0004905709209978848,line,ln5532768-1,,1000000.0,7199.557856794634,51.833633333333346,abc
284,285,m1069533,196-29521,0.0,0.0,0.0,2.0819836631170618e-05,0.0,0.0,0.0,0.0,0.0,4.3290901684813383e-05,0.0,0.0,line,ln5898408-1,,1000000.0,7199.557856794634,51.833633333333346,b
285,286,196-29521,n1136355,0.0,0.0,0.0,1.1467861845172598e-05,0.0,0.0,0.0,0.0,0.0,2.384524376772095e-05,0.0,0.0,line,ln5985355-4,,1000000.0,7199.557856794634,51.833633333333346,b
286,287,n1136355,l2783231,0.0,0.0,0.0,8.10743563156226e-05,0.0,0.0,0.0,0.0,0.0,0.00016857874778731182,0.0,0.0,line,ln5985355-3,,1000000.0,7199.557856794634,51.833633333333346,b
287,288,l2783231,l3254227,0.0,0.0,0.0,0.000170014986665672,0.0,0.0,0.0,0.0,0.0,0.0003535139205496559,0.0,0.0,line,ln5985355-1,,1000000.0,7199.557856794634,51.833633333333346,b
288,289,l3254227,m1069550,0.0,0.0,0.0,5.30985442270752e-05,0.0,0.0,0.0,0.0,0.0,0.00011040835230664256,0.0,0.0,line,ln6108164-1,,1000000.0,7199.557856794634,51.833633333333346,b
289,290,m1069550,m1069551,0.0,0.0,0.0,4.641861211092668e-06,0.0,0.0,0.0,0.0,0.0,9.651870035478891e-06,0.0,0.0,line,ln5956482-1,,1000000.0,7199.557856794634,51.833633333333346,b
290,291,m1069551,m1069560,0.0,0.0,0.0,0.0001363098599429328,0.0,0.0,0.0,0.0,0.0,0.00028343050188133954,0.0,0.0,line,ln5773046-2,,1000000.0,7199.557856794634,51.833633333333346,b
291,292,m1069560,m1069567,0.0,0.0,0.0,9.111529214300366e-05,0.0,0.0,0.0,0.0,0.0,0.00018945696952493514,0.0,0.0,line,ln5773046-1,,1000000.0,7199.557856794634,51.833633333333346,b
292,293,m1069567,l2691966,0.0,0.0,0.0,9.180752615579715e-05,0.0,0.0,0.0,0.0,0.0,0.0001908963388687782,0.0,0.0,line,ln5472385-1,,1000000.0,7199.557856794634,51.833633333333346,b
292,294,m1069567,m1069582,0.0,0.0,0.0,0.00017115167564946566,0.0,0.0,0.0,0.0,0.0,0.00035587744971250963,0.0,0.0,line,ln5774480-1,,1000000.0,7199.557856794634,51.833633333333346,b
294,295,m1069582,d6231996-1_int,0.0,0.0,0.0,2.7617233173570055e-05,0.0,0.0,0.0,0.0,0.0,5.742479863331979e-05,0.0,0.0,line,ln6231996-1,,1000000.0,7199.557856794634,51.833633333333346,b
295,296,d6231996-1_int,e206614,0.0,0.0,0.0,1.9292492840877444e-05,0.0,0.0,0.0,0.0,0.0,1.9292492840877444e-05,0.0,0.0,switch,l5659_48332_sw,CLOSED,1000000.0,7199.557856794634,51.833633333333346,b
296,297,e206614,l3082983,0.0,0.0,0.0,2.601484231924059e-05,0.0,0.0,0.0,0.0,0.0,5.409293075345543e-05,0.0,0.0,line,ln6228303-2,,1000000.0,7199.557856794634,51.833633333333346,b
297,298,l3082983,m1069588,0.0,0.0,0.0,2.5862170791294448e-05,0.0,0.0,0.0,0.0,0.0,5.377547926603638e-05,0.0,0.0,line,ln6228303-1,,1000000.0,7199.557856794634,51.833633333333346,b
298,299,m1069588,l2804270,0.0,0.0,0.0,1.2808050204211034e-05,0.0,0.0,0.0,0.0,0.0,2.6631911286687078e-05,0.0,0.0,line,ln6077796-1,,1000000.0,7199.557856794634,51.833633333333346,b
299,300,l2804270,l3104145,0.0,0.0,0.0,9.948336584547097e-05,0.0,0.0,0.0,0.0,0.0,0.00020685679174075515,0.0,0.0,line,ln5593244-1,,1000000.0,7199.557856794634,51.833633333333346,b
298,301,m1069588,m1069590,0.0,0.0,0.0,0.00012357715074317897,0.0,0.0,0.0,0.0,0.0,0.00025695524792461,0.0,0.0,line,ln5803283-1,,1000000.0,7199.557856794634,51.833633333333346,b
301,302,m1069590,m1069595,0.0,0.0,0.0,0.00015142505734693493,0.0,0.0,0.0,0.0,0.0,0.0003148596882075923,0.0,0.0,line,ln5591702-1,,1000000.0,7199.557856794634,51.833633333333346,b
302,303,m1069595,l2916619,0.0,0.0,0.0,5.603049327688777e-05,0.0,0.0,0.0,0.0,0.0,0.00011650478429642527,0.0,0.0,line,ln6228304-1,,1000000.0,7199.557856794634,51.833633333333346,b
303,304,l2916619,l2727008,0.0,0.0,0.0,0.00010718720762387869,0.0,0.0,0.0,0.0,0.0,0.00022287546964551327,0.0,0.0,line,ln6228396-1,,1000000.0,7199.557856794634,51.833633333333346,b
304,305,l2727008,m1069629,0.0,0.0,0.0,0.00020945525447119593,0.0,0.0,0.0,0.0,0.0,0.0004355224774004522,0.0,0.0,line,ln6440071-1,,1000000.0,7199.557856794634,51.833633333333346,b
305,306,m1069629,m1069640,0.0,0.0,0.0,0.0001637069916637138,0.0,0.0,0.0,0.0,0.0,0.00034039764128696346,0.0,0.0,line,ln5894218-1,,1000000.0,7199.557856794634,51.833633333333346,b
306,307,m1069640,l2804269,0.0,0.0,0.0,0.00011317770649558938,0.0,0.0,0.0,0.0,0.0,0.00023533157592013932,0.0,0.0,line,ln6106559-1,,1000000.0,7199.557856794634,51.833633333333346,b
307,308,l2804269,l2989564,0.0,0.0,0.0,6.94569582812704e-05,0.0,0.0,0.0,0.0,0.0,0.0001444225718745036,0.0,0.0,line,ln5591703-1,,1000000.0,7199.557856794634,51.833633333333346,b
308,309,l2989564,l2897789,0.0,0.0,0.0,0.0001190143488558587,0.0,0.0,0.0,0.0,0.0,0.00024746776675890617,0.0,0.0,line,ln6076245-1,,1000000.0,7199.557856794634,51.833633333333346,b
309,310,l2897789,m1069662,0.0,0.0,0.0,6.846151172115401e-05,0.0,0.0,0.0,0.0,0.0,0.00014235272954433057,0.0,0.0,line,ln6350554-1,,1000000.0,7199.557856794634,51.833633333333346,b
310,311,m1069662,l2935547,0.0,0.0,0.0,6.845396878088807e-05,0.0,0.0,0.0,0.0,0.0,0.0001423370454306052,0.0,0.0,line,ln6350555-1,,1000000.0,7199.557856794634,51.833633333333346,b
306,312,m1069640,l3160113,0.0,0.0,0.0,0.00010534243561291283,0.0,0.0,0.0,0.0,0.0,0.00021903961611926355,0.0,0.0,line,ln6015793-1,,1000000.0,7199.557856794634,51.833633333333346,b
305,313,m1069629,m1069632,0.0,0.0,0.0,0.00010968864623934652,0.0,0.0,0.0,0.0,0.0,0.00022807673683560668,0.0,0.0,line,ln5986945-1,,1000000.0,7199.557856794634,51.833633333333346,b
313,314,m1069632,l2954361,0.0,0.0,0.0,9.363654874023235e-05,0.0,0.0,0.0,0.0,0.0,0.00019469944444951764,0.0,0.0,line,ln5593245-1,,1000000.0,7199.557856794634,51.833633333333346,b
314,315,l2954361,m1069627,0.0,0.0,0.0,6.0637220118983224e-05,0.0,0.0,0.0,0.0,0.0,0.00012608359907498925,0.0,0.0,line,ln6320354-1,,1000000.0,7199.557856794634,51.833633333333346,b
315,316,m1069627,l3254228,0.0,0.0,0.0,5.558165420264447e-05,0.0,0.0,0.0,0.0,0.0,0.00011557150856618833,0.0,0.0,line,ln6380834-1,,1000000.0,7199.557856794634,51.833633333333346,b
315,317,m1069627,l2897791,0.0,0.0,0.0,0.00015503664982003315,0.0,0.0,0.0,0.0,0.0,0.0003223693097982068,0.0,0.0,line,ln6077797-1,,1000000.0,7199.557856794634,51.833633333333346,b
317,318,l2897791,m1069613,0.0,0.0,0.0,3.232591335484231e-06,0.0,0.0,0.0,0.0,0.0,6.7215606044723835e-06,0.0,0.0,line,ln5683842-1,,1000000.0,7199.557856794634,51.833633333333346,b
318,319,m1069613,m1069597,0.0,0.0,0.0,0.00011062491523843269,0.0,0.0,0.0,0.0,0.0,0.00023002353065094795,0.0,0.0,line,ln6290227-1,,1000000.0,7199.557856794634,51.833633333333346,b
319,320,m1069597,l3197653,0.0,0.0,0.0,0.00011377025419145482,0.0,0.0,0.0,0.0,0.0,0.00023656366647395607,0.0,0.0,line,ln6108165-1,,1000000.0,7199.557856794634,51.833633333333346,b
319,321,m1069597,l2785535,0.0,0.0,0.0,3.803636448406407e-05,0.0,0.0,0.0,0.0,0.0,7.908940615134701e-05,0.0,0.0,line,ln6169266-1,,1000000.0,7199.557856794634,51.833633333333346,b
313,322,m1069632,l2726974,0.0,0.0,0.0,4.144638220100333e-05,0.0,0.0,0.0,0.0,0.0,8.617989126622416e-05,0.0,0.0,line,ln5985349-1,,1000000.0,7199.557856794634,51.833633333333346,b
322,323,l2726974,l2916618,0.0,0.0,0.0,9.976197571846849e-05,0.0,0.0,0.0,0.0,0.0,0.00020743610813185,0.0,0.0,line,ln5985349-2,,1000000.0,7199.557856794634,51.833633333333346,b
302,324,m1069595,m1069607,0.0,0.0,0.0,0.00015742599727718614,0.0,0.0,0.0,0.0,0.0,0.00032733750468325263,0.0,0.0,line,ln6046049-1,,1000000.0,7199.557856794634,51.833633333333346,b
324,325,m1069607,m1069619,0.0,0.0,0.0,3.671757072788646e-05,0.0,0.0,0.0,0.0,0.0,7.634722465143288e-05,0.0,0.0,line,ln5744350-1,,1000000.0,7199.557856794634,51.833633333333346,b
325,326,m1069619,m1069620,0.0,0.0,0.0,3.0009399302512072e-06,0.0,0.0,0.0,0.0,0.0,6.2398854411775095e-06,0.0,0.0,line,ln6290226-1,,1000000.0,7199.557856794634,51.833633333333346,b
326,327,m1069620,m1069610,0.0,0.0,0.0,2.2276622218906768e-05,0.0,0.0,0.0,0.0,0.0,4.6320011027588894e-05,0.0,0.0,line,ln6074369-1,,1000000.0,7199.557856794634,51.833633333333346,b
327,328,m1069610,m1069600,0.0,0.0,0.0,6.821175099308106e-05,0.0,0.0,0.0,0.0,0.0,0.00014183339947871683,0.0,0.0,line,ln5650048-1,,1000000.0,7199.557856794634,51.833633333333346,b
328,329,m1069600,l3102793,0.0,0.0,0.0,6.480163145036459e-05,0.0,0.0,0.0,0.0,0.0,0.00013474270263644773,0.0,0.0,line,ln5831676-1,,1000000.0,7199.557856794634,51.833633333333346,b
327,330,m1069610,l2991929,0.0,0.0,0.0,5.12614539079838e-05,0.0,0.0,0.0,0.0,0.0,0.00010658847140177322,0.0,0.0,line,ln6074369-2,,1000000.0,7199.557856794634,51.833633333333346,b
324,331,m1069607,l2916617,0.0,0.0,0.0,4.2947966654855364e-05,0.0,0.0,0.0,0.0,0.0,8.930215135475098e-05,0.0,0.0,line,ln5895801-1,,1000000.0,7199.557856794634,51.833633333333346,b
301,332,m1069590,l2801902,0.0,0.0,0.0,1.0921087633576395e-05,0.0,0.0,0.0,0.0,0.0,2.270833049326402e-05,0.0,0.0,line,ln5744352-1,,1000000.0,7199.557856794634,51.833633333333346,b
301,333,m1069590,l3122835,0.0,0.0,0.0,0.00012113825553421233,0.0,0.0,0.0,0.0,0.0,0.0002518840278866553,0.0,0.0,line,ln5926320-1,,1000000.0,7199.557856794634,51.833633333333346,b
294,334,m1069582,l2973171,0.0,0.0,0.0,2.9345366554148557e-05,0.0,0.0,0.0,0.0,0.0,6.1018124248798544e-05,0.0,0.0,line,ln5895802-1,,1000000.0,7199.557856794634,51.833633333333346,b
294,335,m1069582,l2933165,0.0,0.0,0.0,7.057912198578914e-05,0.0,0.0,0.0,0.0,0.0,0.00014675589847389946,0.0,0.0,line,ln5833720-1,,1000000.0,7199.557856794634,51.833633333333346,b
335,336,l2933165,l3235273,0.0,0.0,0.0,0.00014350145651890114,0.0,0.0,0.0,0.0,0.0,0.0002983840630375772,0.0,0.0,line,ln5863825-1,,1000000.0,7199.557856794634,51.833633333333346,b
291,337,m1069560,l3176660,0.0,0.0,0.0,9.859499300647133e-05,0.0,0.0,0.0,0.0,0.0,0.00020500958890655934,0.0,0.0,line,ln6198036-1,,1000000.0,7199.557856794634,51.833633333333346,b
290,338,m1069551,m1069555,0.0,0.0,0.0,6.31498819492363e-05,0.0,0.0,0.0,0.0,0.0,0.0001313082028116879,0.0,0.0,line,ln5562947-1,,1000000.0,7199.557856794634,51.833633333333346,b
338,339,m1069555,l3085410,0.0,0.0,0.0,5.413769530594355e-05,0.0,0.0,0.0,0.0,0.0,0.00011256906989477227,0.0,0.0,line,ln5502557-1,,1000000.0,7199.557856794634,51.833633333333346,b
339,340,l3085410,l2860499,0.0,0.0,0.0,8.767207250890507e-05,0.0,0.0,0.0,0.0,0.0,0.00018229744732024055,0.0,0.0,line,ln5472388-1,,1000000.0,7199.557856794634,51.833633333333346,b
338,341,m1069555,m1069557,0.0,0.0,0.0,5.069811902053299e-05,0.0,0.0,0.0,0.0,0.0,0.00010541712334269445,0.0,0.0,line,ln5593246-1,,1000000.0,7199.557856794634,51.833633333333346,b
341,342,m1069557,m1069558,0.0,0.0,0.0,7.903492586859624e-05,0.0,0.0,0.0,0.0,0.0,0.00016433813896125354,0.0,0.0,line,ln5502556-1,,1000000.0,7199.557856794634,51.833633333333346,b
342,343,m1069558,l3254229,0.0,0.0,0.0,4.32496171276179e-05,0.0,0.0,0.0,0.0,0.0,8.992937630328825e-05,0.0,0.0,line,ln6017312-1,,1000000.0,7199.557856794634,51.833633333333346,b
343,344,l3254229,m1069565,0.0,0.0,0.0,4.9740364782454624e-05,0.0,0.0,0.0,0.0,0.0,0.00010342565504765565,0.0,0.0,line,ln6229816-1,,1000000.0,7199.557856794634,51.833633333333346,b
344,345,m1069565,l3178988,0.0,0.0,0.0,2.0106222562055906e-05,0.0,0.0,0.0,0.0,0.0,4.1807076568688653e-05,0.0,0.0,line,ln5472386-1,,1000000.0,7199.557856794634,51.833633333333346,b
344,346,m1069565,m1069572,0.0,0.0,0.0,9.113712202308796e-05,0.0,0.0,0.0,0.0,0.0,0.0001895023606204208,0.0,0.0,line,ln5472387-1,,1000000.0,7199.557856794634,51.833633333333346,b
346,347,m1069572,l3066826,0.0,0.0,0.0,9.565967811118775e-05,0.0,0.0,0.0,0.0,0.0,0.00019890615827946974,0.0,0.0,line,ln5653477-1,,1000000.0,7199.557856794634,51.833633333333346,b
346,348,m1069572,m1069574,0.0,0.0,0.0,4.432457954905726e-05,0.0,0.0,0.0,0.0,0.0,9.216455678648803e-05,0.0,0.0,line,ln6320353-1,,1000000.0,7199.557856794634,51.833633333333346,b
348,349,m1069574,l2710530,0.0,0.0,0.0,5.6221255478264096e-05,0.0,0.0,0.0,0.0,0.0,0.00011690143811514914,0.0,0.0,line,ln5835159-1,,1000000.0,7199.557856794634,51.833633333333346,b
344,350,m1069565,l2989596,0.0,0.0,0.0,0.00011522796292497341,0.0,0.0,0.0,0.0,0.0,0.00023959469532330675,0.0,0.0,line,ln5501089-1,,1000000.0,7199.557856794634,51.833633333333346,b
350,351,l2989596,l2822873,0.0,0.0,0.0,9.91573969153876e-05,0.0,0.0,0.0,0.0,0.0,0.00020617900117234043,0.0,0.0,line,ln6046143-1,,1000000.0,7199.557856794634,51.833633333333346,b
344,352,m1069565,l2785536,0.0,0.0,0.0,0.0002070205330001305,0.0,0.0,0.0,0.0,0.0,0.00043045993585889207,0.0,0.0,line,ln5804819-1,,1000000.0,7199.557856794634,51.833633333333346,b
341,353,m1069557,m1069554,0.0,0.0,0.0,6.073790119542715e-05,0.0,0.0,0.0,0.0,0.0,0.0001262929462787675,0.0,0.0,line,ln6260016-1,,1000000.0,7199.557856794634,51.833633333333346,b
353,354,m1069554,l3160115,0.0,0.0,0.0,3.72860315921001e-05,0.0,0.0,0.0,0.0,0.0,7.752923120702193e-05,0.0,0.0,line,ln5653478-1,,1000000.0,7199.557856794634,51.833633333333346,b
354,355,l3160115,l2935567,0.0,0.0,0.0,8.994390518640084e-05,0.0,0.0,0.0,0.0,0.0,0.00018702129250827481,0.0,0.0,line,ln6320355-1,,1000000.0,7199.557856794634,51.833633333333346,b
289,356,m1069550,m1069544,0.0,0.0,0.0,0.00010403902650081124,0.0,0.0,0.0,0.0,0.0,0.00021632942406892816,0.0,0.0,line,ln5895803-1,,1000000.0,7199.557856794634,51.833633333333346,b
356,357,m1069544,l2804272,0.0,0.0,0.0,1.764530613006098e-05,0.0,0.0,0.0,0.0,0.0,3.669006757388541e-05,0.0,0.0,line,ln6229817-1,,1000000.0,7199.557856794634,51.833633333333346,b
357,358,l2804272,l2841641,0.0,0.0,0.0,8.89161552376867e-05,0.0,0.0,0.0,0.0,0.0,0.00018488428140801754,0.0,0.0,line,ln6229818-1,,1000000.0,7199.557856794634,51.833633333333346,b
356,359,m1069544,m1069543,0.0,0.0,0.0,3.5738609872997512e-06,0.0,0.0,0.0,0.0,0.0,7.431166121868103e-06,0.0,0.0,line,ln5623415-1,,1000000.0,7199.557856794634,51.833633333333346,b
359,360,m1069543,m1069535,0.0,0.0,0.0,7.560442774286193e-05,0.0,0.0,0.0,0.0,0.0,0.00015720506872050257,0.0,0.0,line,ln5956483-1,,1000000.0,7199.557856794634,51.833633333333346,b
360,361,m1069535,l2804271,0.0,0.0,0.0,0.00011347136756121666,0.0,0.0,0.0,0.0,0.0,0.0002359421884117712,0.0,0.0,line,ln5714062-1,,1000000.0,7199.557856794634,51.833633333333346,b
360,362,m1069535,m1069530,0.0,0.0,0.0,9.858325842487083e-05,0.0,0.0,0.0,0.0,0.0,0.0002049851890696452,0.0,0.0,line,ln5986946-1,,1000000.0,7199.557856794634,51.833633333333346,b
362,363,m1069530,m1069526,0.0,0.0,0.0,2.9936009772290703e-05,0.0,0.0,0.0,0.0,0.0,6.224625480238377e-05,0.0,0.0,line,ln6199546-1,,1000000.0,7199.557856794634,51.833633333333346,b
363,364,m1069526,l2673331,0.0,0.0,0.0,4.308297085097256e-05,0.0,0.0,0.0,0.0,0.0,8.958286697633259e-05,0.0,0.0,line,ln5562946-1,,1000000.0,7199.557856794634,51.833633333333346,b
284,365,m1069533,p895117,0.0,0.0,0.0,9.59271777848231e-06,0.0,0.0,0.0,0.0,0.0,1.994623731180977e-05,0.0,0.0,line,ln6407207-1,,1000000.0,7199.557856794634,51.833633333333346,b
365,366,p895117,m1069532,0.0,0.0,0.0,5.797513287704443e-06,0.0,0.0,0.0,0.0,0.0,1.2054829353399238e-05,0.0,0.0,line,ln6409780-1,,1000000.0,7199.557856794634,51.833633333333346,b
366,367,m1069532,l2691965,0.0,0.0,0.0,7.69402342365864e-05,0.0,0.0,0.0,0.0,0.0,0.0001599826249815917,0.0,0.0,line,ln5924702-1,,1000000.0,7199.557856794634,51.833633333333346,b
366,368,m1069532,l2785534,0.0,0.0,0.0,6.55479125715671e-05,0.0,0.0,0.0,0.0,0.0,0.00013629445269191365,0.0,0.0,line,ln6046046-1,,1000000.0,7199.557856794634,51.833633333333346,b
284,369,m1069533,n1136356,0.00022481906684784447,9.194366728424069e-05,9.194366728424069e-05,0.00022481906684784447,9.194366728424069e-05,0.00022481906684784447,0.0004932426470007569,0.00021695345411505655,0.00021695345411505655,0.0004932426470007569,0.00021695345411505655,0.0004932426470007569,line,ln6047595-2,,1000000.0,7199.557856794634,51.833633333333346,abc
369,370,n1136356,m1069549,4.88619175425994e-05,1.9982930951525015e-05,1.9982930951525015e-05,4.88619175425994e-05,1.9982930951525015e-05,4.88619175425994e-05,0.00010720078988031578,4.715241431335766e-05,4.715241431335766e-05,0.00010720078988031578,4.715241431335766e-05,0.00010720078988031578,line,ln6047595-3,,1000000.0,7199.557856794634,51.833633333333346,abc
370,371,m1069549,m1069556,0.00011205463296482522,4.582669092719072e-05,4.582669092719072e-05,0.00011205463296482522,4.582669092719072e-05,0.00011205463296482522,0.0002458426882879777,0.00010813424329248253,0.00010813424329248253,0.0002458426882879777,0.00010813424329248253,0.0002458426882879777,line,ln5894212-1,,1000000.0,7199.557856794634,51.833633333333346,abc
371,372,m1069556,p901932,0.0,0.0,0.0,0.0,0.0,7.223812685328507e-06,0.0,0.0,0.0,0.0,0.0,1.502054844570031e-05,line,ln6258445-1,,1000000.0,7199.557856794634,51.833633333333346,c
372,373,p901932,n1136359,0.0,0.0,0.0,0.0,0.0,5.569779377482702e-06,0.0,0.0,0.0,0.0,0.0,1.1581299878007134e-05,line,ln6439986-2,,1000000.0,7199.557856794634,51.833633333333346,c
373,374,n1136359,l3008237,0.0,0.0,0.0,0.0,0.0,3.2225657484940594e-05,0.0,0.0,0.0,0.0,0.0,6.70071429773075e-05,line,ln6439986-3,,1000000.0,7199.557856794634,51.833633333333346,c
371,375,m1069556,m1069564,0.00017136767297938455,7.008379017227544e-05,7.008379017227544e-05,0.00017136767297938455,7.008379017227544e-05,0.00017136767297938455,0.00037597275807535506,0.00016537213279022817,0.00016537213279022817,0.00037597275807535506,0.00016537213279022817,0.00037597275807535506,line,ln5894212-2,,1000000.0,7199.557856794634,51.833633333333346,abc
375,376,m1069564,p901933,7.316908300852276e-06,0.0,0.0,0.0,0.0,0.0,1.5214123122116974e-05,0.0,0.0,0.0,0.0,0.0,line,ln6076243-1,,1000000.0,7199.557856794634,51.833633333333346,a
376,377,p901933,m1069563,9.232208649596238e-06,0.0,0.0,0.0,0.0,0.0,1.9196626950712175e-05,0.0,0.0,0.0,0.0,0.0,line,ln6288699-1,,1000000.0,7199.557856794634,51.833633333333346,a
377,378,m1069563,n1136362,2.1357706122601216e-05,0.0,0.0,0.0,0.0,0.0,4.440929928251218e-05,0.0,0.0,0.0,0.0,0.0,line,ln6409781-2,,1000000.0,7199.557856794634,51.833633333333346,a
378,379,n1136362,l3197652,3.064075940396486e-05,0.0,0.0,0.0,0.0,0.0,6.371164800203727e-05,0.0,0.0,0.0,0.0,0.0,line,ln6409781-3,,1000000.0,7199.557856794634,51.833633333333346,a
379,380,l3197652,l2748143,3.415826821581096e-05,0.0,0.0,0.0,0.0,0.0,7.102564046253106e-05,0.0,0.0,0.0,0.0,0.0,line,ln6138622-1,,1000000.0,7199.557856794634,51.833633333333346,a
380,381,l2748143,l3251854,7.503337647563455e-05,0.0,0.0,0.0,0.0,0.0,0.00015601767591312974,0.0,0.0,0.0,0.0,0.0,line,ln5531956-1,,1000000.0,7199.557856794634,51.833633333333346,a
377,382,m1069563,n1136360,4.342070345573561e-05,0.0,0.0,0.0,0.0,0.0,9.028511787520197e-05,0.0,0.0,0.0,0.0,0.0,line,ln5924705-2,,1000000.0,7199.557856794634,51.833633333333346,a
382,383,n1136360,l2729424,5.005476249976688e-05,0.0,0.0,0.0,0.0,0.0,0.00010407938547365318,0.0,0.0,0.0,0.0,0.0,line,ln5924705-3,,1000000.0,7199.557856794634,51.833633333333346,a
375,384,m1069564,l3104144,4.29586404580295e-05,0.0,0.0,0.0,0.0,0.0,8.93243455041096e-05,0.0,0.0,0.0,0.0,0.0,line,ln6041764-1,,1000000.0,7199.557856794634,51.833633333333346,a
375,385,m1069564,n1136363,6.801642866375688e-05,2.781650139645491e-05,2.781650139645491e-05,6.801642866375688e-05,2.781650139645491e-05,6.801642866375688e-05,0.000149224902425002,6.563677779678444e-05,6.563677779678444e-05,0.000149224902425002,6.563677779678444e-05,0.000149224902425002,line,ln6290240-3,,1000000.0,7199.557856794634,51.833633333333346,abc
385,386,n1136363,r18245,0.0001062673985912621,4.345990078256777e-05,4.345990078256777e-05,0.0001062673985912621,4.345990078256777e-05,0.0001062673985912621,0.0002331457634174464,0.00010254948349109232,0.00010254948349109232,0.0002331457634174464,0.00010254948349109232,0.0002331457634174464,line,ln6290240-2,,1000000.0,7199.557856794634,51.833633333333346,abc
386,387,r18245,e182746,6.068324162754038e-05,2.481746702430658e-05,2.481746702430658e-05,6.068324162754038e-05,2.481746702430658e-05,6.068324162754038e-05,0.00013313622882890063,5.856015267114208e-05,5.856015267114208e-05,0.00013313622882890063,5.856015267114208e-05,0.00013313622882890063,line,ln6231998-1,,1000000.0,7199.557856794634,51.833633333333346,abc
375,388,m1069564,n1136361,2.4004522854851638e-05,0.0,0.0,0.0,0.0,0.0,4.991285269474323e-05,0.0,0.0,0.0,0.0,0.0,line,ln5472384-2,,1000000.0,7199.557856794634,51.833633333333346,a
388,389,n1136361,l3160114,5.583008224389697e-05,0.0,0.0,0.0,0.0,0.0,0.00011608806756230989,0.0,0.0,0.0,0.0,0.0,line,ln5472384-3,,1000000.0,7199.557856794634,51.833633333333346,a
370,390,m1069549,p901931,0.0,0.0,0.0,0.0,0.0,6.2332761418101115e-06,0.0,0.0,0.0,0.0,0.0,1.2960915563832747e-05,line,ln5894211-1,,1000000.0,7199.557856794634,51.833633333333346,c
390,391,p901931,m1069548,0.0,0.0,0.0,0.0,0.0,5.432457805710449e-06,0.0,0.0,0.0,0.0,0.0,1.1295765713253104e-05,line,ln5621849-1,,1000000.0,7199.557856794634,51.833633333333346,c
391,392,m1069548,n1136358,0.0,0.0,0.0,0.0,0.0,2.3051224333749832e-05,0.0,0.0,0.0,0.0,0.0,4.793064921810741e-05,line,ln5561440-2,,1000000.0,7199.557856794634,51.833633333333346,c
392,393,n1136358,l2729423,0.0,0.0,0.0,0.0,0.0,2.126600026109173e-05,0.0,0.0,0.0,0.0,0.0,4.421861433599419e-05,line,ln5561440-3,,1000000.0,7199.557856794634,51.833633333333346,c
391,394,m1069548,n1136357,0.0,0.0,0.0,0.0,0.0,2.088207679826933e-05,0.0,0.0,0.0,0.0,0.0,4.342031830812553e-05,line,ln5651985-2,,1000000.0,7199.557856794634,51.833633333333346,c
394,395,n1136357,l2897790,0.0,0.0,0.0,0.0,0.0,4.474023572853918e-05,0.0,0.0,0.0,0.0,0.0,9.302883498037628e-05,line,ln5651985-3,,1000000.0,7199.557856794634,51.833633333333346,c
395,396,l2897790,l2935566,0.0,0.0,0.0,0.0,0.0,7.881277223475875e-05,0.0,0.0,0.0,0.0,0.0,0.00016387621261227422,line,ln5744351-1,,1000000.0,7199.557856794634,51.833633333333346,c
273,397,m1069503,n1134478,4.569646376065987e-05,1.868836357603073e-05,1.868836357603073e-05,4.569646376065987e-05,1.868836357603073e-05,4.569646376065987e-05,0.00010025593051294233,4.409770840490311e-05,4.409770840490311e-05,0.00010025593051294233,4.409770840490311e-05,0.00010025593051294233,line,ln5863714-4,,1000000.0,7199.557856794634,51.833633333333346,abc
397,398,n1134478,m1069505,2.128509714863385e-05,8.704910654536395e-06,8.704910654536395e-06,2.128509714863385e-05,8.704910654536395e-06,2.128509714863385e-05,4.6698519865158326e-05,2.0540407948121196e-05,2.0540407948121196e-05,4.6698519865158326e-05,2.0540407948121196e-05,4.6698519865158326e-05,line,ln5863714-3,,1000000.0,7199.557856794634,51.833633333333346,abc
398,399,m1069505,m1069509,5.9313447060434976e-05,2.4257265713574622e-05,2.4257265713574622e-05,5.9313447060434976e-05,2.4257265713574622e-05,5.9313447060434976e-05,0.00013013096282722474,5.723828230254615e-05,5.723828230254615e-05,0.00013013096282722474,5.723828230254615e-05,0.00013013096282722474,line,ln5653479-1,,1000000.0,7199.557856794634,51.833633333333346,abc
399,400,m1069509,l2766738,0.00012822768450600599,5.244094162541818e-05,5.244094162541818e-05,0.00012822768450600599,5.244094162541818e-05,0.00012822768450600599,0.00028132561624466475,0.00012374145777227012,0.00012374145777227012,0.00028132561624466475,0.00012374145777227012,0.00028132561624466475,line,ln6077798-1,,1000000.0,7199.557856794634,51.833633333333346,abc
400,401,l2766738,m1069513,0.0001049994279698702,4.294134214528658e-05,4.294134214528658e-05,0.0001049994279698702,4.294134214528658e-05,0.0001049994279698702,0.0002303638944488424,0.00010132587461358743,0.00010132587461358743,0.0002303638944488424,0.00010132587461358743,0.0002303638944488424,line,ln5623418-1,,1000000.0,7199.557856794634,51.833633333333346,abc
401,402,m1069513,m1069516,0.00016671756007071331,6.81820456267455e-05,6.81820456267455e-05,0.00016671756007071331,6.81820456267455e-05,0.00016671756007071331,0.00036577062516872887,0.00016088471065247851,0.00016088471065247851,0.00036577062516872887,0.00016088471065247851,0.00036577062516872887,line,ln5895804-1,,1000000.0,7199.557856794634,51.833633333333346,abc
402,403,m1069516,n1136365,9.733630279953358e-05,3.980737383513531e-05,3.980737383513531e-05,9.733630279953358e-05,3.980737383513531e-05,9.733630279953358e-05,0.0002135513518281887,9.393085470566406e-05,9.393085470566406e-05,0.0002135513518281887,9.393085470566406e-05,0.0002135513518281887,line,ln5714063-3,,1000000.0,7199.557856794634,51.833633333333346,abc
403,404,n1136365,m1069517,5.6458467046814486e-05,2.3089671985178194e-05,2.3089671985178194e-05,5.6458467046814486e-05,2.3089671985178194e-05,5.6458467046814486e-05,0.00012386726856500506,5.448318779891305e-05,5.448318779891305e-05,0.00012386726856500506,5.448318779891305e-05,0.00012386726856500506,line,ln5714063-2,,1000000.0,7199.557856794634,51.833633333333346,abc
404,405,m1069517,m1069518,4.646663052882649e-05,1.900333667007713e-05,1.900333667007713e-05,4.646663052882649e-05,1.900333667007713e-05,4.646663052882649e-05,0.00010194564082394376,4.484092980040629e-05,4.484092980040629e-05,0.00010194564082394376,4.484092980040629e-05,0.00010194564082394376,line,ln6229819-1,,1000000.0,7199.557856794634,51.833633333333346,abc
405,406,m1069518,n1136366,3.116405132574794e-05,1.274508077316593e-05,1.274508077316593e-05,3.116405132574794e-05,1.274508077316593e-05,3.116405132574794e-05,6.837248896501563e-05,3.0073732953957176e-05,3.0073732953957176e-05,6.837248896501563e-05,3.0073732953957176e-05,6.837248896501563e-05,line,ln5472390-2,,1000000.0,7199.557856794634,51.833633333333346,abc
406,407,n1136366,l2916620,8.983269606799698e-06,3.6738643364765055e-06,3.6738643364765055e-06,8.983269606799698e-06,3.6738643364765055e-06,8.983269606799698e-06,1.9708878529320406e-05,8.668977225855284e-06,8.668977225855284e-06,1.9708878529320406e-05,8.668977225855284e-06,1.9708878529320406e-05,line,ln5472390-3,,1000000.0,7199.557856794634,51.833633333333346,abc
404,408,m1069517,n1136367,5.432559020301487e-05,2.2217394906396017e-05,2.2217394906396017e-05,5.432559020301487e-05,2.2217394906396017e-05,5.432559020301487e-05,0.00011918783529934552,5.242493266534148e-05,5.242493266534148e-05,0.00011918783529934552,5.242493266534148e-05,0.00011918783529934552,line,ln6350556-2,,1000000.0,7199.557856794634,51.833633333333346,abc
408,409,n1136367,m1069515,7.288645804622349e-05,2.9808184608577797e-05,2.9808184608577797e-05,7.288645804622349e-05,2.9808184608577797e-05,7.288645804622349e-05,0.00015990952191595028,7.033642231974219e-05,7.033642231974219e-05,0.00015990952191595028,7.033642231974219e-05,0.00015990952191595028,line,ln6350556-3,,1000000.0,7199.557856794634,51.833633333333346,abc
409,410,m1069515,m1069514,8.667355244374785e-05,3.544665663800013e-05,3.544665663800013e-05,8.667355244374785e-05,3.544665663800013e-05,8.667355244374785e-05,0.0001901577701203015,8.364115573800536e-05,8.364115573800536e-05,0.0001901577701203015,8.364115573800536e-05,0.0001901577701203015,line,ln5835160-1,,1000000.0,7199.557856794634,51.833633333333346,abc
410,411,m1069514,p827548,8.10907256485332e-06,0.0,0.0,0.0,0.0,0.0,1.6861278471057076e-05,0.0,0.0,0.0,0.0,0.0,line,ln6171506-1,,1000000.0,7199.557856794634,51.833633333333346,a
411,412,p827548,n1136368,8.591641707539955e-06,0.0,0.0,0.0,0.0,0.0,1.7864689481539974e-05,0.0,0.0,0.0,0.0,0.0,line,ln5776669-2,,1000000.0,7199.557856794634,51.833633333333346,a
412,413,n1136368,l2897792,7.902701926484025e-06,0.0,0.0,0.0,0.0,0.0,1.643216986782713e-05,0.0,0.0,0.0,0.0,0.0,line,ln5776669-3,,1000000.0,7199.557856794634,51.833633333333346,a
413,414,l2897792,l2785538,0.00010553135599858264,0.0,0.0,0.0,0.0,0.0,0.00021943244023153562,0.0,0.0,0.0,0.0,0.0,line,ln6260017-1,,1000000.0,7199.557856794634,51.833633333333346,a
414,415,l2785538,l2897793,7.321903246862235e-05,0.0,0.0,0.0,0.0,0.0,0.00015224509165027335,0.0,0.0,0.0,0.0,0.0,line,ln6047596-1,,1000000.0,7199.557856794634,51.833633333333346,a
415,416,l2897793,m1069521,2.8630125510527585e-05,0.0,0.0,0.0,0.0,0.0,5.9530916147752185e-05,0.0,0.0,0.0,0.0,0.0,line,ln6290229-1,,1000000.0,7199.557856794634,51.833633333333346,a
416,417,m1069521,m1069524,0.00010982976222002571,0.0,0.0,0.0,0.0,0.0,0.00022837016075405344,0.0,0.0,0.0,0.0,0.0,line,ln5985347-1,,1000000.0,7199.557856794634,51.833633333333346,a
417,418,m1069524,l3254230,1.3222110740195071e-06,0.0,0.0,0.0,0.0,0.0,2.7492871642543544e-06,0.0,0.0,0.0,0.0,0.0,line,ln5985347-2,,1000000.0,7199.557856794634,51.833633333333346,a
418,419,l3254230,m1047711,0.00010591620148822287,0.0,0.0,0.0,0.0,0.0,0.00022023265343930478,0.0,0.0,0.0,0.0,0.0,line,ln5472389-1,,1000000.0,7199.557856794634,51.833633333333346,a
419,420,m1047711,m1047718,9.734852016933662e-05,0.0,0.0,0.0,0.0,0.0,0.00020241778504175855,0.0,0.0,0.0,0.0,0.0,line,ln5683841-1,,1000000.0,7199.557856794634,51.833633333333346,a
420,421,m1047718,m1047721,6.0935745323660494e-05,0.0,0.0,0.0,0.0,0.0,0.00012670432562126647,0.0,0.0,0.0,0.0,0.0,line,ln5683807-1,,1000000.0,7199.557856794634,51.833633333333346,a
421,422,m1047721,m1047723,0.0001066905417653531,0.0,0.0,0.0,0.0,0.0,0.00022184274718795835,0.0,0.0,0.0,0.0,0.0,line,ln5986924-1,,1000000.0,7199.557856794634,51.833633333333346,a
422,423,m1047723,m1047729,0.0001034052818858283,0.0,0.0,0.0,0.0,0.0,0.00021501167233501536,0.0,0.0,0.0,0.0,0.0,line,ln6320325-1,,1000000.0,7199.557856794634,51.833633333333346,a
423,424,m1047729,l2973150,8.194088137110459e-05,0.0,0.0,0.0,0.0,0.0,0.00017038052229922777,0.0,0.0,0.0,0.0,0.0,line,ln5835130-1,,1000000.0,7199.557856794634,51.833633333333346,a
424,425,l2973150,m1047733,0.00010603120419238727,0.0,0.0,0.0,0.0,0.0,0.00022047177975175698,0.0,0.0,0.0,0.0,0.0,line,ln5774450-1,,1000000.0,7199.557856794634,51.833633333333346,a
425,426,m1047733,l3066804,0.00011610359747114002,0.0,0.0,0.0,0.0,0.0,0.0002414154112934394,0.0,0.0,0.0,0.0,0.0,line,ln6411363-1,,1000000.0,7199.557856794634,51.833633333333346,a
417,427,m1069524,l2820533,6.821170287760391e-05,0.0,0.0,0.0,0.0,0.0,0.00014183329943170744,0.0,0.0,0.0,0.0,0.0,line,ln6198028-1,,1000000.0,7199.557856794634,51.833633333333346,a
416,428,m1069521,l3254231,5.584277354021745e-05,0.0,0.0,0.0,0.0,0.0,0.00011611445670603832,0.0,0.0,0.0,0.0,0.0,line,ln6380835-1,,1000000.0,7199.557856794634,51.833633333333346,a
410,429,m1069514,n1136657,2.3182091854130733e-05,9.480719630561613e-06,9.480719630561613e-06,2.3182091854130733e-05,9.480719630561613e-06,2.3182091854130733e-05,5.0860438616110884e-05,2.2371033613310272e-05,2.2371033613310272e-05,5.0860438616110884e-05,2.2371033613310272e-05,5.0860438616110884e-05,line,ln6290228-2,,1000000.0,7199.557856794634,51.833633333333346,abc
429,430,n1136657,d6290228-6_int,0.00010078405330901615,4.1217391366866644e-05,4.1217391366866644e-05,0.00010078405330901615,4.1217391366866644e-05,0.00010078405330901615,0.00022111555717491016,9.725798079175103e-05,9.725798079175103e-05,0.00022111555717491016,9.725798079175103e-05,0.00022111555717491016,line,ln6290228-6,,1000000.0,7199.557856794634,51.833633333333346,abc
430,431,d6290228-6_int,q16642,1.9292492840877444e-05,0.0,0.0,1.9292492840877444e-05,0.0,1.9292492840877444e-05,1.9292492840877444e-05,0.0,0.0,1.9292492840877444e-05,0.0,1.9292492840877444e-05,switch,2002200004991174_sw,CLOSED,1000000.0,7199.557856794634,51.833633333333346,abc
431,432,q16642,q16642_cap,1.9292492840877444e-05,0.0,0.0,1.9292492840877444e-05,0.0,1.9292492840877444e-05,1.9292492840877444e-05,0.0,0.0,1.9292492840877444e-05,0.0,1.9292492840877444e-05,line,cap_3a,,1000000.0,7199.557856794634,51.833633333333346,abc
432,433,q16642_cap,r42246,8.597168608027343e-06,3.5159616182285725e-06,3.5159616182285725e-06,8.597168608027343e-06,3.5159616182285725e-06,8.597168608027343e-06,1.8861790774201303e-05,8.296384516102477e-06,8.296384516102477e-06,1.8861790774201303e-05,8.296384516102477e-06,1.8861790774201303e-05,line,ln6290228-7,,1000000.0,7199.557856794634,51.833633333333346,abc
433,434,r42246,l2691967,8.03651100257297e-05,3.286670939910955e-05,3.286670939910955e-05,8.03651100257297e-05,3.286670939910955e-05,8.03651100257297e-05,0.00017631733887778136,7.755342309208499e-05,7.755342309208499e-05,0.00017631733887778136,7.755342309208499e-05,0.00017631733887778136,line,ln6290228-5,,1000000.0,7199.557856794634,51.833633333333346,abc
434,435,l2691967,m1069504,8.65708083850318e-05,3.5404637668335e-05,3.5404637668335e-05,8.65708083850318e-05,3.5404637668335e-05,8.65708083850318e-05,0.00018993235440180727,8.354200632536529e-05,8.354200632536529e-05,0.00018993235440180727,8.354200632536529e-05,0.00018993235440180727,line,ln5653480-1,,1000000.0,7199.557856794634,51.833633333333346,abc
435,436,m1069504,m1069500,0.00020199731093517774,8.261031330365282e-05,8.261031330365282e-05,0.00020199731093517774,8.261031330365282e-05,0.00020199731093517774,0.00044317276879426407,0.00019493014958112782,0.00019493014958112782,0.00044317276879426407,0.00019493014958112782,0.00044317276879426407,line,ln6290230-1,,1000000.0,7199.557856794634,51.833633333333346,abc
436,437,m1069500,p827549,5.116499132802446e-06,0.0,0.0,0.0,0.0,0.0,1.06387895761375e-05,0.0,0.0,0.0,0.0,0.0,line,ln6413568-1,,1000000.0,7199.557856794634,51.833633333333346,a
437,438,p827549,n1140518,2.469051192629753e-05,0.0,0.0,0.0,0.0,0.0,5.1339236867439336e-05,0.0,0.0,0.0,0.0,0.0,line,ln5651977-3,,1000000.0,7199.557856794634,51.833633333333346,a
438,439,n1140518,l2764403,4.4981599746368015e-05,0.0,0.0,0.0,0.0,0.0,9.353070567951693e-05,0.0,0.0,0.0,0.0,0.0,line,ln5651977-4,,1000000.0,7199.557856794634,51.833633333333346,a
439,440,l2764403,m1047623,6.586300964174483e-05,0.0,0.0,0.0,0.0,0.0,0.00013694963728955908,0.0,0.0,0.0,0.0,0.0,line,ln5651977-2,,1000000.0,7199.557856794634,51.833633333333346,a
440,441,m1047623,l3008279,6.622000074597639e-05,0.0,0.0,0.0,0.0,0.0,0.00013769193258559917,0.0,0.0,0.0,0.0,0.0,line,ln6167816-1,,1000000.0,7199.557856794634,51.833633333333346,a
441,442,l3008279,l2785537,0.000103697529699185,0.0,0.0,0.0,0.0,0.0,0.00021561934623658122,0.0,0.0,0.0,0.0,0.0,line,ln5712578-1,,1000000.0,7199.557856794634,51.833633333333346,a
440,443,m1047623,l2748157,7.07872952761045e-05,0.0,0.0,0.0,0.0,0.0,0.000147188755349969,0.0,0.0,0.0,0.0,0.0,line,ln5956497-1,,1000000.0,7199.557856794634,51.833633333333346,a
436,444,m1069500,m1047574,0.00039755657604554034,0.00016258767580123312,0.00016258767580123312,0.00039755657604554034,0.00016258767580123312,0.00039755657604554034,0.0008722207624586093,0.0003836474974678603,0.0003836474974678603,0.0008722207624586093,0.0003836474974678603,0.0008722207624586093,line,ln5623416-1,,1000000.0,7199.557856794634,51.833633333333346,abc
444,445,m1047574,l2841632,2.276375850171927e-05,9.309634930730295e-06,9.309634930730295e-06,2.276375850171927e-05,9.309634930730295e-06,2.276375850171927e-05,4.9942634566102176e-05,2.1967336244356138e-05,2.1967336244356138e-05,4.9942634566102176e-05,2.1967336244356138e-05,4.9942634566102176e-05,line,ln6380817-1,,1000000.0,7199.557856794634,51.833633333333346,abc
445,446,l2841632,regxfmr_190-8593,4.7568927799131674e-05,1.9454140309155743e-05,1.9454140309155743e-05,4.7568927799131674e-05,1.9454140309155743e-05,4.7568927799131674e-05,0.00010436403011365203,4.5904661643115885e-05,4.5904661643115885e-05,0.00010436403011365203,4.5904661643115885e-05,0.00010436403011365203,line,ln5860423-1,,1000000.0,7199.557856794634,51.833633333333346,abc
446,447,regxfmr_190-8593,190-8593,1.0001228288710867e-05,0.0,0.0,1.0001228288710867e-05,0.0,1.0001228288710867e-05,0.00010001228288710867,0.0,0.0,0.00010001228288710867,0.0,0.00010001228288710867,transformer,vreg2_a,,1000000.0,7199.557856794634,51.833633333333346,abc
447,448,190-8593,d5860423-3_int,1.5198977508168753e-05,6.215886182009229e-06,6.215886182009229e-06,1.5198977508168753e-05,6.215886182009229e-06,1.5198977508168753e-05,3.3345854526243894e-05,1.4667219803229434e-05,1.4667219803229434e-05,3.3345854526243894e-05,1.4667219803229434e-05,3.3345854526243894e-05,line,ln5860423-3,,1000000.0,7199.557856794634,51.833633333333346,abc
448,449,d5860423-3_int,q14733,1.9292492840877444e-05,0.0,0.0,1.9292492840877444e-05,0.0,1.9292492840877444e-05,1.9292492840877444e-05,0.0,0.0,1.9292492840877444e-05,0.0,1.9292492840877444e-05,switch,ln4641075_sw,CLOSED,1000000.0,7199.557856794634,51.833633333333346,abc
449,450,q14733,m1047568,2.832861708710366e-05,1.1585480629372549e-05,1.1585480629372549e-05,2.832861708710366e-05,1.1585480629372549e-05,2.832861708710366e-05,6.215167723016392e-05,2.7337500388743722e-05,2.7337500388743722e-05,6.215167723016392e-05,2.7337500388743722e-05,6.215167723016392e-05,line,ln5860423-4,,1000000.0,7199.557856794634,51.833633333333346,abc
450,451,m1047568,m1047558,0.0001714525051263368,7.011848375411325e-05,7.011848375411325e-05,0.0001714525051263368,7.011848375411325e-05,0.0001714525051263368,0.00037615887588689185,0.00016545399696464778,0.00016545399696464778,0.00037615887588689185,0.00016545399696464778,0.00037615887588689185,line,ln5804800-1,,1000000.0,7199.557856794634,51.833633333333346,abc
451,452,m1047558,n1136659,1.821561776169784e-05,0.0,0.0,0.0,0.0,0.0,3.787592244932344e-05,0.0,0.0,0.0,0.0,0.0,line,ln5714052-2,,1000000.0,7199.557856794634,51.833633333333346,a
452,453,n1136659,l3104129,0.00010393475019115643,0.0,0.0,0.0,0.0,0.0,0.0002161126012595425,0.0,0.0,0.0,0.0,0.0,line,ln5714052-3,,1000000.0,7199.557856794634,51.833633333333346,a
451,454,m1047558,n1137996,0.0,0.0,0.0,0.0,0.0,6.800742246507897e-06,0.0,0.0,0.0,0.0,0.0,1.4140853705669867e-05,line,ln5562931-2,,1000000.0,7199.557856794634,51.833633333333346,c
454,455,n1137996,l3178979,0.0,0.0,0.0,0.0,0.0,8.152793868074074e-06,0.0,0.0,0.0,0.0,0.0,1.6952188629133333e-05,line,ln5562931-3,,1000000.0,7199.557856794634,51.833633333333346,c
451,456,m1047558,m1047550,0.0001038109941125742,4.245531145093046e-05,4.245531145093046e-05,0.0001038109941125742,4.245531145093046e-05,0.0001038109941125742,0.00022775652546641202,0.00010017901979409764,0.00010017901979409764,0.00022775652546641202,0.00010017901979409764,0.00022775652546641202,line,ln5956470-1,,1000000.0,7199.557856794634,51.833633333333346,abc
456,457,m1047550,m1047534,0.00018883605051803545,7.722778696457697e-05,7.722778696457697e-05,0.00018883605051803545,7.722778696457697e-05,0.00018883605051803545,0.0004142975714320623,0.00018222935445711243,0.00018222935445711243,0.0004142975714320623,0.00018222935445711243,0.0004142975714320623,line,ln6350542-1,,1000000.0,7199.557856794634,51.833633333333346,abc
457,458,m1047534,n1136661,0.0,0.0,0.0,0.0,0.0,8.846467988288168e-06,0.0,0.0,0.0,0.0,0.0,1.8394552403233674e-05,line,ln6047574-2,,1000000.0,7199.557856794634,51.833633333333346,c
458,459,n1136661,l3029505,0.0,0.0,0.0,0.0,0.0,3.0428163965610482e-05,0.0,0.0,0.0,0.0,0.0,6.326959610780386e-05,line,ln6047574-3,,1000000.0,7199.557856794634,51.833633333333346,c
459,460,l3029505,l2673318,0.0,0.0,0.0,0.0,0.0,0.000111424422148039,0.0,0.0,0.0,0.0,0.0,0.0002316859536388535,line,ln6411385-1,,1000000.0,7199.557856794634,51.833633333333346,c
457,461,m1047534,n1136663,0.00021722175436926717,8.883661421895299e-05,8.883661421895299e-05,0.00021722175436926717,8.883661421895299e-05,0.00021722175436926717,0.0004765744943855629,0.00020962194434887512,0.00020962194434887512,0.0004765744943855629,0.00020962194434887512,0.0004765744943855629,line,ln6077781-2,,1000000.0,7199.557856794634,51.833633333333346,abc
461,462,n1136663,m1047522,8.956837183578996e-05,3.663054337306082e-05,3.663054337306082e-05,8.956837183578996e-05,3.663054337306082e-05,8.956837183578996e-05,0.00019650887013837213,8.643469578311121e-05,8.643469578311121e-05,0.00019650887013837213,8.643469578311121e-05,0.00019650887013837213,line,ln6077781-3,,1000000.0,7199.557856794634,51.833633333333346,abc
462,463,m1047522,n1136664,1.0074755412991177e-05,0.0,0.0,0.0,0.0,0.0,2.0948543151840273e-05,0.0,0.0,0.0,0.0,0.0,line,ln6411386-2,,1000000.0,7199.557856794634,51.833633333333346,a
463,464,n1136664,l3085401,9.101443091326157e-06,0.0,0.0,0.0,0.0,0.0,1.892472477265404e-05,0.0,0.0,0.0,0.0,0.0,line,ln6411386-3,,1000000.0,7199.557856794634,51.833633333333346,a
462,465,m1047522,m1047521,0.0001951445705587555,7.980776594862143e-05,7.980776594862143e-05,0.0001951445705587555,7.980776594862143e-05,0.0001951445705587555,0.0004281381729752045,0.00018831716200999474,0.00018831716200999474,0.0004281381729752045,0.00018831716200999474,0.0004281381729752045,line,ln5562932-1,,1000000.0,7199.557856794634,51.833633333333346,abc
465,466,m1047521,m1047526,7.949430258474384e-05,3.251057755164115e-05,3.251057755164115e-05,7.949430258474384e-05,3.251057755164115e-05,7.949430258474384e-05,0.000174406827579776,7.671308207991079e-05,7.671308207991079e-05,0.000174406827579776,7.671308207991079e-05,0.000174406827579776,line,ln6259996-1,,1000000.0,7199.557856794634,51.833633333333346,abc
466,467,m1047526,n1136666,2.1159431674028884e-05,8.653517573210178e-06,8.653517573210178e-06,2.1159431674028884e-05,8.653517573210178e-06,2.1159431674028884e-05,4.642281561907358e-05,2.041913905771606e-05,2.041913905771606e-05,4.642281561907358e-05,2.041913905771606e-05,4.642281561907358e-05,line,ln6422809-3,,1000000.0,7199.557856794634,51.833633333333346,abc
467,468,n1136666,m1047528,5.636797980204612e-05,2.3052665652738962e-05,2.3052665652738962e-05,5.636797980204612e-05,2.3052665652738962e-05,5.636797980204612e-05,0.00012366874373010055,5.4395866378265316e-05,5.4395866378265316e-05,0.00012366874373010055,5.4395866378265316e-05,0.00012366874373010055,line,ln6422809-4,,1000000.0,7199.557856794634,51.833633333333346,abc
468,469,m1047528,l2858166,9.150499198396916e-06,3.7422557863009106e-06,3.7422557863009106e-06,9.150499198396916e-06,3.7422557863009106e-06,9.150499198396916e-06,2.0075772528004654e-05,8.83035605388779e-06,8.83035605388779e-06,2.0075772528004654e-05,8.83035605388779e-06,2.0075772528004654e-05,line,ln6422809-2,,1000000.0,7199.557856794634,51.833633333333346,abc
469,470,l2858166,n1136667,0.00016823094717008057,6.880097160080738e-05,6.880097160080738e-05,0.00016823094717008057,6.880097160080738e-05,0.00016823094717008057,0.0003690909265528366,0.00016234514976569265,0.00016234514976569265,0.0003690909265528366,0.00016234514976569265,0.0003690909265528366,line,ln5863704-2,,1000000.0,7199.557856794634,51.833633333333346,abc
470,471,n1136667,196-29519,6.65766922558004e-05,2.7227696153527055e-05,2.7227696153527055e-05,6.65766922558004e-05,2.7227696153527055e-05,6.65766922558004e-05,0.00014606618725550782,6.424741260147047e-05,6.424741260147047e-05,0.00014606618725550782,6.424741260147047e-05,0.00014606618725550782,line,ln5863704-3,,1000000.0,7199.557856794634,51.833633333333346,abc
471,472,196-29519,l3066815,6.477227492831228e-05,2.6489748306279873e-05,2.6489748306279873e-05,6.477227492831228e-05,2.6489748306279873e-05,6.477227492831228e-05,0.00014210737899523408,6.250612536390464e-05,6.250612536390464e-05,0.00014210737899523408,6.250612536390464e-05,0.00014210737899523408,line,ln6383460-1,,1000000.0,7199.557856794634,51.833633333333346,abc
472,473,l3066815,m1047548,8.40478679981916e-05,3.437283731991258e-05,3.437283731991258e-05,8.40478679981916e-05,3.437283731991258e-05,8.40478679981916e-05,0.0001843971397419564,8.110733457298316e-05,8.110733457298316e-05,0.0001843971397419564,8.110733457298316e-05,0.0001843971397419564,line,ln5835144-1,,1000000.0,7199.557856794634,51.833633333333346,abc
473,474,m1047548,m1047552,3.6651374298155165e-05,1.4989216934435732e-05,1.4989216934435732e-05,3.6651374298155165e-05,1.4989216934435732e-05,3.6651374298155165e-05,8.041142207601368e-05,3.53690741783488e-05,3.53690741783488e-05,8.041142207601368e-05,3.53690741783488e-05,8.041142207601368e-05,line,ln6169252-1,,1000000.0,7199.557856794634,51.833633333333346,abc
474,475,m1047552,n1136669,5.425890283593211e-05,2.2190121947847226e-05,2.2190121947847226e-05,5.425890283593211e-05,2.2190121947847226e-05,5.425890283593211e-05,0.00011904152629663235,5.2360578450028254e-05,5.2360578450028254e-05,0.00011904152629663235,5.2360578450028254e-05,0.00011904152629663235,line,ln6350544-2,,1000000.0,7199.557856794634,51.833633333333346,abc
475,476,n1136669,l3103822,0.00011467608413327504,4.6898778972983384e-05,4.6898778972983384e-05,0.00011467608413327504,4.6898778972983384e-05,0.00011467608413327504,0.00025159403105191023,0.00011066397928757966,0.00011066397928757966,0.00025159403105191023,0.00011066397928757966,0.00025159403105191023,line,ln6350544-3,,1000000.0,7199.557856794634,51.833633333333346,abc
476,477,l3103822,m1047577,0.00022165463541368556,9.064951801565125e-05,9.064951801565125e-05,0.00022165463541368556,9.064951801565125e-05,0.00022165463541368556,0.000486300030617186,0.00021389973478610087,0.00021389973478610087,0.000486300030617186,0.00021389973478610087,0.000486300030617186,line,ln6163390-1,,1000000.0,7199.557856794634,51.833633333333346,abc
477,478,m1047577,m1047592,0.00019501497851137826,7.975476702707179e-05,7.975476702707179e-05,0.00019501497851137826,7.975476702707179e-05,0.00019501497851137826,0.00042785385400984804,0.00018819210392351425,0.00018819210392351425,0.00042785385400984804,0.00018819210392351425,0.00042785385400984804,line,ln5619489-1,,1000000.0,7199.557856794634,51.833633333333346,abc
478,479,m1047592,p827512,0.0,0.0,0.0,0.0,0.0,4.091103485574681e-06,0.0,0.0,0.0,0.0,0.0,8.506673799315628e-06,line,ln5565092-1,,1000000.0,7199.557856794634,51.833633333333346,c
479,480,p827512,n1136994,0.0,0.0,0.0,0.0,0.0,1.7990113947893542e-05,0.0,0.0,0.0,0.0,0.0,3.7407030036482093e-05,line,ln6201696-2,,1000000.0,7199.557856794634,51.833633333333346,c
480,481,n1136994,l2785521,0.0,0.0,0.0,0.0,0.0,4.366759963447156e-05,0.0,0.0,0.0,0.0,0.0,9.079849165374604e-05,line,ln6201696-3,,1000000.0,7199.557856794634,51.833633333333346,c
478,482,m1047592,m3763619,7.590229312370535e-05,3.10415628128197e-05,3.10415628128197e-05,7.590229312370535e-05,3.10415628128197e-05,7.590229312370535e-05,0.00016652612475747726,7.324674414553227e-05,7.324674414553227e-05,0.00016652612475747726,7.324674414553227e-05,0.00016652612475747726,line,ln5532748-5,,1000000.0,7199.557856794634,51.833633333333346,abc
482,483,m3763619,m1026830,7.967080146288537e-05,3.258275983740283e-05,3.258275983740283e-05,7.967080146288537e-05,3.258275983740283e-05,7.967080146288537e-05,0.0001747940579649378,7.688340589539995e-05,7.688340589539995e-05,0.0001747940579649378,7.688340589539995e-05,0.0001747940579649378,line,ln5532748-6,,1000000.0,7199.557856794634,51.833633333333346,abc
483,484,m1026830,l2879070,9.934829269798431e-05,4.063021209523541e-05,4.063021209523541e-05,9.934829269798431e-05,4.063021209523541e-05,9.934829269798431e-05,0.00021796556472020412,9.587245229448831e-05,9.587245229448831e-05,0.00021796556472020412,9.587245229448831e-05,0.00021796556472020412,line,ln5502528-1,,1000000.0,7199.557856794634,51.833633333333346,abc
484,485,l2879070,l3216345,0.00016906765741934603,6.914315880872707e-05,6.914315880872707e-05,0.00016906765741934603,6.914315880872707e-05,0.00016906765741934603,0.0003709266301873493,0.00016315258652457954,0.00016315258652457954,0.0003709266301873493,0.00016315258652457954,0.0003709266301873493,line,ln6169248-1,,1000000.0,7199.557856794634,51.833633333333346,abc
485,486,l3216345,m3768670,0.00014351634084690175,5.8693503525703e-05,5.8693503525703e-05,0.00014351634084690175,5.8693503525703e-05,0.00014351634084690175,0.00031486822198713955,0.0001384952188675435,0.0001384952188675435,0.00031486822198713955,0.0001384952188675435,0.00031486822198713955,line,ln5653460-5,,1000000.0,7199.557856794634,51.833633333333346,abc
486,487,m3768670,p1123251,5.001279349508588e-06,0.0,0.0,0.0,0.0,0.0,1.0399211888805787e-05,0.0,0.0,0.0,0.0,0.0,line,ln6900590-2,,1000000.0,7199.557856794634,51.833633333333346,a
487,488,p1123251,n1140528,7.071310121034668e-06,0.0,0.0,0.0,0.0,0.0,1.4703448286151396e-05,0.0,0.0,0.0,0.0,0.0,line,ln6900591-28,,1000000.0,7199.557856794634,51.833633333333346,a
488,489,n1140528,l3649297,5.512035769567892e-05,0.0,0.0,0.0,0.0,0.0,0.00011461232996722202,0.0,0.0,0.0,0.0,0.0,line,ln6900591-29,,1000000.0,7199.557856794634,51.833633333333346,a
489,490,l3649297,l3649298,7.12261789224371e-05,0.0,0.0,0.0,0.0,0.0,0.00014810133065596402,0.0,0.0,0.0,0.0,0.0,line,ln6900591-6,,1000000.0,7199.557856794634,51.833633333333346,a
490,491,l3649298,l3649299,7.233345256522629e-05,0.0,0.0,0.0,0.0,0.0,0.00015040369619597052,0.0,0.0,0.0,0.0,0.0,line,ln6900591-8,,1000000.0,7199.557856794634,51.833633333333346,a
491,492,l3649299,m3772794,4.340450196751272e-06,0.0,0.0,0.0,0.0,0.0,9.025142995313852e-06,0.0,0.0,0.0,0.0,0.0,line,ln6900591-26,,1000000.0,7199.557856794634,51.833633333333346,a
492,493,m3772794,l3649306,8.26471035601723e-05,0.0,0.0,0.0,0.0,0.0,0.0001718489774027031,0.0,0.0,0.0,0.0,0.0,line,ln6900592-3,,1000000.0,7199.557856794634,51.833633333333346,a
492,494,m3772794,l3649300,6.821783368456388e-05,0.0,0.0,0.0,0.0,0.0,0.00014184604728204142,0.0,0.0,0.0,0.0,0.0,line,ln6900591-27,,1000000.0,7199.557856794634,51.833633333333346,a
494,495,l3649300,l3649301,6.845218738926911e-05,0.0,0.0,0.0,0.0,0.0,0.0001423333413645837,0.0,0.0,0.0,0.0,0.0,line,ln6900591-12,,1000000.0,7199.557856794634,51.833633333333346,a
495,496,l3649301,l3649302,7.056246284105106e-05,0.0,0.0,0.0,0.0,0.0,0.0001467212589419096,0.0,0.0,0.0,0.0,0.0,line,ln6900591-14,,1000000.0,7199.557856794634,51.833633333333346,a
496,497,l3649302,l3649304,7.022687864829078e-05,0.0,0.0,0.0,0.0,0.0,0.00014602347525834254,0.0,0.0,0.0,0.0,0.0,line,ln6900591-20,,1000000.0,7199.557856794634,51.833633333333346,a
497,498,l3649304,l3649305,7.506865071520484e-05,0.0,0.0,0.0,0.0,0.0,0.0001560910220043742,0.0,0.0,0.0,0.0,0.0,line,ln6900591-22,,1000000.0,7199.557856794634,51.833633333333346,a
486,499,m3768670,l3235254,0.0001407072112380056,5.7544661117716944e-05,5.7544661117716944e-05,0.0001407072112380056,5.7544661117716944e-05,0.0001407072112380056,0.00030870512139479574,0.00013578437062743688,0.00013578437062743688,0.00030870512139479574,0.00013578437062743688,0.00030870512139479574,line,ln5653460-6,,1000000.0,7199.557856794634,51.833633333333346,abc
499,500,l3235254,m1026855,0.00019165639566073238,7.838121616016361e-05,7.838121616016361e-05,0.00019165639566073238,7.838121616016361e-05,0.00019165639566073238,0.00042048527838745616,0.00018495102583972179,0.00018495102583972179,0.00042048527838745616,0.00018495102583972179,0.00042048527838745616,line,ln6411383-1,,1000000.0,7199.557856794634,51.833633333333346,abc
500,501,m1026855,m1026861,7.009332628685746e-05,2.866588479938055e-05,2.866588479938055e-05,7.009332628685746e-05,2.866588479938055e-05,7.009332628685746e-05,0.00015378151986644449,6.76410122217942e-05,6.76410122217942e-05,0.00015378151986644449,6.76410122217942e-05,0.00015378151986644449,line,ln5623410-1,,1000000.0,7199.557856794634,51.833633333333346,abc
501,502,m1026861,m1026858,0.00030849154956659393,0.0001261629842656858,0.0001261629842656858,0.00030849154956659393,0.0001261629842656858,0.00030849154956659393,0.000676816208780785,0.0002976985367930346,0.0002976985367930346,0.000676816208780785,0.0002976985367930346,0.000676816208780785,line,ln6169257-1,,1000000.0,7199.557856794634,51.833633333333346,abc
502,503,m1026858,m1026854,9.237813567895741e-05,3.7779645162182296e-05,3.7779645162182296e-05,9.237813567895741e-05,3.7779645162182296e-05,9.237813567895741e-05,0.00020267336221140836,8.914615606790699e-05,8.914615606790699e-05,0.00020267336221140836,8.914615606790699e-05,0.00020267336221140836,line,ln5804804-1,,1000000.0,7199.557856794634,51.833633333333346,abc
503,504,m1026854,p901894,6.6294354823669814e-06,0.0,0.0,0.0,0.0,0.0,1.3784653778852723e-05,0.0,0.0,0.0,0.0,0.0,line,ln5682327-1,,1000000.0,7199.557856794634,51.833633333333346,a
504,505,p901894,m1026857,8.38236511814401e-06,0.0,0.0,0.0,0.0,0.0,1.742953850427875e-05,0.0,0.0,0.0,0.0,0.0,line,ln5682325-1,,1000000.0,7199.557856794634,51.833633333333346,a
505,506,m1026857,m1026859,9.556019096995577e-06,0.0,0.0,0.0,0.0,0.0,1.9869929363752872e-05,0.0,0.0,0.0,0.0,0.0,line,ln6228278-1,,1000000.0,7199.557856794634,51.833633333333346,a
506,507,m1026859,n1138593,1.9090652542847016e-05,0.0,0.0,0.0,0.0,0.0,3.969539132185086e-05,0.0,0.0,0.0,0.0,0.0,line,ln6411394-2,,1000000.0,7199.557856794634,51.833633333333346,a
507,508,n1138593,l2804262,4.594344715689747e-05,0.0,0.0,0.0,0.0,0.0,9.553068495037646e-05,0.0,0.0,0.0,0.0,0.0,line,ln6411394-3,,1000000.0,7199.557856794634,51.833633333333346,a
508,509,l2804262,l2841639,8.356126853285091e-05,0.0,0.0,0.0,0.0,0.0,0.00017374981008727277,0.0,0.0,0.0,0.0,0.0,line,ln6320343-1,,1000000.0,7199.557856794634,51.833633333333346,a
509,510,l2841639,m1026877,4.9600972007235964e-05,0.0,0.0,0.0,0.0,0.0,0.00010313581420814925,0.0,0.0,0.0,0.0,0.0,line,ln5804806-1,,1000000.0,7199.557856794634,51.833633333333346,a
510,511,m1026877,l2729413,0.00013716879953749463,0.0,0.0,0.0,0.0,0.0,0.00028521650386589397,0.0,0.0,0.0,0.0,0.0,line,ln6138615-1,,1000000.0,7199.557856794634,51.833633333333346,a
510,512,m1026877,m1026906,0.00025536756867645136,0.0,0.0,0.0,0.0,0.0,0.0005309884272824143,0.0,0.0,0.0,0.0,0.0,line,ln5593240-1,,1000000.0,7199.557856794634,51.833633333333346,a
512,513,m1026906,l2916598,0.00013881851140411404,0.0,0.0,0.0,0.0,0.0,0.0002886467668161405,0.0,0.0,0.0,0.0,0.0,line,ln6260001-1,,1000000.0,7199.557856794634,51.833633333333346,a
512,514,m1026906,l3048212,0.0001094672143376662,0.0,0.0,0.0,0.0,0.0,0.00022761631119176798,0.0,0.0,0.0,0.0,0.0,line,ln6411393-1,,1000000.0,7199.557856794634,51.833633333333346,a
512,515,m1026906,l3120376,0.00011954096715838942,0.0,0.0,0.0,0.0,0.0,0.00024856276964313386,0.0,0.0,0.0,0.0,0.0,line,ln5772710-1,,1000000.0,7199.557856794634,51.833633333333346,a
515,516,l3120376,m1026925,9.995995747934575e-05,0.0,0.0,0.0,0.0,0.0,0.0002078477736553293,0.0,0.0,0.0,0.0,0.0,line,ln5772710-2,,1000000.0,7199.557856794634,51.833633333333346,a
516,517,m1026925,l2916599,1.7429613397735957e-05,0.0,0.0,0.0,0.0,0.0,3.624157544425787e-05,0.0,0.0,0.0,0.0,0.0,line,ln5986927-1,,1000000.0,7199.557856794634,51.833633333333346,a
516,518,m1026925,l3235249,0.00012343760466981216,0.0,0.0,0.0,0.0,0.0,0.0002566650883306784,0.0,0.0,0.0,0.0,0.0,line,ln5926304-1,,1000000.0,7199.557856794634,51.833633333333346,a
518,519,l3235249,l2954348,0.00010480846795098932,0.0,0.0,0.0,0.0,0.0,0.00021792933163602263,0.0,0.0,0.0,0.0,0.0,line,ln6350539-1,,1000000.0,7199.557856794634,51.833633333333346,a
519,520,l2954348,l2841615,8.724796255198522e-05,0.0,0.0,0.0,0.0,0.0,0.00018141559109947268,0.0,0.0,0.0,0.0,0.0,line,ln5562926-1,,1000000.0,7199.557856794634,51.833633333333346,a
520,521,l2841615,m1026931,4.5145456444303526e-05,0.0,0.0,0.0,0.0,0.0,9.387141460660352e-05,0.0,0.0,0.0,0.0,0.0,line,ln6199504-1,,1000000.0,7199.557856794634,51.833633333333346,a
521,522,m1026931,l3216336,5.503781167826037e-05,0.0,0.0,0.0,0.0,0.0,0.00011444069117927932,0.0,0.0,0.0,0.0,0.0,line,ln5714039-1,,1000000.0,7199.557856794634,51.833633333333346,a
522,523,l3216336,l2691936,7.491409261296879e-05,0.0,0.0,0.0,0.0,0.0,0.00015576964774351783,0.0,0.0,0.0,0.0,0.0,line,ln5926286-1,,1000000.0,7199.557856794634,51.833633333333346,a
523,524,l2691936,m1026941,8.187479308479884e-05,0.0,0.0,0.0,0.0,0.0,0.00017024310424184036,0.0,0.0,0.0,0.0,0.0,line,ln5623388-1,,1000000.0,7199.557856794634,51.833633333333346,a
524,525,m1026941,l3197618,0.00013048310922959285,0.0,0.0,0.0,0.0,0.0,0.0002713148788463603,0.0,0.0,0.0,0.0,0.0,line,ln6077770-1,,1000000.0,7199.557856794634,51.833633333333346,a
524,526,m1026941,m1026942,2.406748922996587e-05,0.0,0.0,0.0,0.0,0.0,5.0043779329894545e-05,0.0,0.0,0.0,0.0,0.0,line,ln6228279-1,,1000000.0,7199.557856794634,51.833633333333346,a
526,527,m1026942,l3270814,3.4106352734935934e-05,0.0,0.0,0.0,0.0,0.0,7.091769206609092e-05,0.0,0.0,0.0,0.0,0.0,line,ln5621826-1,,1000000.0,7199.557856794634,51.833633333333346,a
526,528,m1026942,l3141389,4.7552223942112224e-06,0.0,0.0,0.0,0.0,0.0,9.887583116239195e-06,0.0,0.0,0.0,0.0,0.0,line,ln6228279-2,,1000000.0,7199.557856794634,51.833633333333346,a
528,529,l3141389,l2860477,8.4896515544283e-05,0.0,0.0,0.0,0.0,0.0,0.00017652620301104361,0.0,0.0,0.0,0.0,0.0,line,ln5895767-1,,1000000.0,7199.557856794634,51.833633333333346,a
521,530,m1026931,l3216337,6.303284496745676e-05,0.0,0.0,0.0,0.0,0.0,0.0001310648466047463,0.0,0.0,0.0,0.0,0.0,line,ln5472342-1,,1000000.0,7199.557856794634,51.833633333333346,a
512,531,m1026906,l2691973,0.00020593999365920064,0.0,0.0,0.0,0.0,0.0,0.00042821315922930334,0.0,0.0,0.0,0.0,0.0,line,ln5683857-1,,1000000.0,7199.557856794634,51.833633333333346,a
531,532,l2691973,m1026890,3.809779899666175e-05,0.0,0.0,0.0,0.0,0.0,7.921714756892081e-05,0.0,0.0,0.0,0.0,0.0,line,ln5865270-1,,1000000.0,7199.557856794634,51.833633333333346,a
532,533,m1026890,l2954357,5.7486355718841486e-05,0.0,0.0,0.0,0.0,0.0,0.00011953197413262558,0.0,0.0,0.0,0.0,0.0,line,ln5744371-1,,1000000.0,7199.557856794634,51.833633333333346,a
505,534,m1026857,l2973165,9.336280972007234e-05,0.0,0.0,0.0,0.0,0.0,0.00019413025607311593,0.0,0.0,0.0,0.0,0.0,line,ln5651961-1,,1000000.0,7199.557856794634,51.833633333333346,a
503,535,m1026854,m1026852,0.0002484450696812686,0.00010160593202997528,0.00010160593202997528,0.0002484450696812686,0.00010160593202997528,0.0002484450696812686,0.0005450770057986802,0.0002397528678547841,0.0002397528678547841,0.0005450770057986802,0.0002397528678547841,0.0005450770057986802,line,ln6380822-1,,1000000.0,7199.557856794634,51.833633333333346,abc
535,536,m1026852,l3197646,0.00019544760201387892,7.99316959323064e-05,7.99316959323064e-05,0.00019544760201387892,7.99316959323064e-05,0.00019544760201387892,0.0004288030099890096,0.00018860959148146408,0.00018860959148146408,0.0004288030099890096,0.00018860959148146408,0.0004288030099890096,line,ln5895788-1,,1000000.0,7199.557856794634,51.833633333333346,abc
536,537,l3197646,m1026851,0.00018686295337969094,7.642085457511813e-05,7.642085457511813e-05,0.00018686295337969094,7.642085457511813e-05,0.00018686295337969094,0.0004099686874590435,0.0001803252889102249,0.0001803252889102249,0.0004099686874590435,0.0001803252889102249,0.0004099686874590435,line,ln6320342-1,,1000000.0,7199.557856794634,51.833633333333346,abc
537,538,m1026851,l3235257,5.687581212970468e-05,2.3260352515001494e-05,2.3260352515001494e-05,5.687581212970468e-05,2.3260352515001494e-05,5.687581212970468e-05,0.00012478290439733785,5.4885931474351583e-05,5.4885931474351583e-05,0.00012478290439733785,5.4885931474351583e-05,0.00012478290439733785,line,ln5502542-1,,1000000.0,7199.557856794634,51.833633333333346,abc
538,539,l3235257,l2822871,0.00020916328731216332,8.55409639686972e-05,8.55409639686972e-05,0.00020916328731216332,8.55409639686972e-05,0.00020916328731216332,0.0004588945899284183,0.00020184541414872836,0.00020184541414872836,0.0004588945899284183,0.00020184541414872836,0.0004588945899284183,line,ln5804805-1,,1000000.0,7199.557856794634,51.833633333333346,abc
539,540,l2822871,m1026872,0.00011386774214168528,4.656819345740116e-05,4.656819345740116e-05,0.00011386774214168528,4.656819345740116e-05,0.00011386774214168528,0.00024982056606424777,0.00010988391828278804,0.00010988391828278804,0.00024982056606424777,0.00010988391828278804,0.00024982056606424777,line,ln6077784-1,,1000000.0,7199.557856794634,51.833633333333346,abc
540,541,m1026872,d5502543-2_int,0.000172685528492761,7.062275010369707e-05,7.062275010369707e-05,0.000172685528492761,7.062275010369707e-05,0.000172685528492761,0.00037886407219250807,0.00016664388126628202,0.00016664388126628202,0.00037886407219250807,0.00016664388126628202,0.00037886407219250807,line,ln5502543-2,,1000000.0,7199.557856794634,51.833633333333346,abc
541,542,d5502543-2_int,q14413,1.9292492840877444e-05,0.0,0.0,1.9292492840877444e-05,0.0,1.9292492840877444e-05,1.9292492840877444e-05,0.0,0.0,1.9292492840877444e-05,0.0,1.9292492840877444e-05,switch,ln4625713_sw,CLOSED,1000000.0,7199.557856794634,51.833633333333346,abc
542,543,q14413,m1026886,0.00019738544329968495,8.072420982772436e-05,8.072420982772436e-05,0.00019738544329968495,8.072420982772436e-05,0.00019738544329968495,0.00043305454425022604,0.0001904796346516322,0.0001904796346516322,0.00043305454425022604,0.0001904796346516322,0.00043305454425022604,line,ln5532758-3,,1000000.0,7199.557856794634,51.833633333333346,abc
543,544,m1026886,p895409,0.0,0.0,0.0,0.0,0.0,1.0826776822513566e-05,0.0,0.0,0.0,0.0,0.0,2.2512229048191998e-05,line,ln6225673-1,,1000000.0,7199.557856794634,51.833633333333346,c
544,545,p895409,n1137998,0.0,0.0,0.0,0.0,0.0,1.3511825217731857e-05,0.0,0.0,0.0,0.0,0.0,2.80952779527321e-05,line,ln6318740-2,,1000000.0,7199.557856794634,51.833633333333346,c
545,546,n1137998,m1026895,0.0,0.0,0.0,0.0,0.0,2.6665378116782598e-05,0.0,0.0,0.0,0.0,0.0,5.5445596566965195e-05,line,ln6318740-3,,1000000.0,7199.557856794634,51.833633333333346,c
546,547,m1026895,l2820528,0.0,0.0,0.0,0.0,0.0,6.821161447940172e-05,0.0,0.0,0.0,0.0,0.0,0.00014183311562441115,line,ln5863691-1,,1000000.0,7199.557856794634,51.833633333333346,c
547,548,l2820528,l2745799,0.0,0.0,0.0,0.0,0.0,3.4105078234273876e-05,0.0,0.0,0.0,0.0,0.0,7.091504198367982e-05,line,ln5863691-2,,1000000.0,7199.557856794634,51.833633333333346,c
543,549,m1026886,l3120484,3.4411828716103868e-06,1.4073315820037037e-06,1.4073315820037037e-06,3.4411828716103868e-06,1.4073315820037037e-06,3.4411828716103868e-06,7.549796252626187e-06,3.3207882263060854e-06,3.3207882263060854e-06,7.549796252626187e-06,3.3207882263060854e-06,7.549796252626187e-06,line,ln5526906-2,,1000000.0,7199.557856794634,51.833633333333346,abc
549,550,l3120484,m1026896,0.00019593384197776336,8.013055222188415e-05,8.013055222188415e-05,0.00019593384197776336,8.013055222188415e-05,0.00019593384197776336,0.0004298697980075998,0.00018907881965313383,0.00018907881965313383,0.0004298697980075998,0.00018907881965313383,0.0004298697980075998,line,ln5526906-1,,1000000.0,7199.557856794634,51.833633333333346,abc
550,551,m1026896,p827525,2.731087555120258e-05,1.1169257528413007e-05,1.1169257528413007e-05,2.731087555120258e-05,1.1169257528413007e-05,2.731087555120258e-05,5.991879931563095e-05,2.6355365978589184e-05,2.6355365978589184e-05,5.991879931563095e-05,2.6355365978589184e-05,5.991879931563095e-05,line,ln6201697-1,,1000000.0,7199.557856794634,51.833633333333346,abc
551,552,p827525,m1026902,0.00018760825816442207,7.672565992865627e-05,7.672565992865627e-05,0.00018760825816442207,7.672565992865627e-05,0.00018760825816442207,0.000411603851726903,0.0001810445181539142,0.0001810445181539142,0.000411603851726903,0.0001810445181539142,0.000411603851726903,line,ln5686079-1,,1000000.0,7199.557856794634,51.833633333333346,abc
552,553,m1026902,m1026905,0.00018818520120205082,7.696161081768651e-05,7.696161081768651e-05,0.00018818520120205082,7.696161081768651e-05,0.00018818520120205082,0.0004128696380992006,0.00018160127602412585,0.00018160127602412585,0.0004128696380992006,0.00018160127602412585,0.0004128696380992006,line,ln5985039-1,,1000000.0,7199.557856794634,51.833633333333346,abc
553,554,m1026905,m1026907,0.00023888634512083195,9.769672538229672e-05,9.769672538229672e-05,0.00023888634512083195,9.769672538229672e-05,0.00023888634512083195,0.0005241056056845972,0.00023052856877998773,0.00023052856877998773,0.0005241056056845972,0.00023052856877998773,0.0005241056056845972,line,ln6350537-1,,1000000.0,7199.557856794634,51.833633333333346,abc
554,555,m1026907,p875742,0.0,0.0,0.0,9.217940508382908e-05,0.0,0.0,0.0,0.0,0.0,0.00019166959057085838,0.0,0.0,line,ln5916435-1,,1000000.0,7199.557856794634,51.833633333333346,b
554,556,m1026907,l3085398,0.00010618050281638235,4.342436324419983e-05,4.342436324419983e-05,0.00010618050281638235,4.342436324419983e-05,0.00010618050281638235,0.0002329551181015672,0.00010246562788768424,0.00010246562788768424,0.0002329551181015672,0.00010246562788768424,0.0002329551181015672,line,ln6138604-1,,1000000.0,7199.557856794634,51.833633333333346,abc
556,557,l3085398,m1026891,0.00016226608933581725,6.63615392528274e-05,6.63615392528274e-05,0.00016226608933581725,6.63615392528274e-05,0.00016226608933581725,0.0003560043040149606,0.00015658898091136446,0.00015658898091136446,0.0003560043040149606,0.00015658898091136446,0.0003560043040149606,line,ln5653457-1,,1000000.0,7199.557856794634,51.833633333333346,abc
557,558,m1026891,l3160102,0.0001652283874678538,6.757302259215213e-05,6.757302259215213e-05,0.0001652283874678538,6.757302259215213e-05,0.0001652283874678538,0.0003625034492713546,0.00015944763885739565,0.00015944763885739565,0.0003625034492713546,0.00015944763885739565,0.0003625034492713546,line,ln6017292-1,,1000000.0,7199.557856794634,51.833633333333346,abc
558,559,l3160102,p827514,0.00011600585946447891,4.7442613721206705e-05,4.7442613721206705e-05,0.00011600585946447891,4.7442613721206705e-05,0.00011600585946447891,0.0002545114966987329,0.000111947230549791,0.000111947230549791,0.0002545114966987329,0.000111947230549791,0.0002545114966987329,line,ln6231993-1,,1000000.0,7199.557856794634,51.833633333333346,abc
559,560,p827514,m1026876,1.1536721395181629e-05,4.718142853192485e-06,4.718142853192485e-06,1.1536721395181629e-05,4.718142853192485e-06,1.1536721395181629e-05,2.5311033794659703e-05,1.1133092895282275e-05,1.1133092895282275e-05,2.5311033794659703e-05,1.1133092895282275e-05,2.5311033794659703e-05,line,ln6352699-1,,1000000.0,7199.557856794634,51.833633333333346,abc
560,561,m1026876,m1026866,0.0001990238313475998,8.139425711362434e-05,8.139425711362434e-05,0.0001990238313475998,8.139425711362434e-05,0.0001990238313475998,0.0004366490919409469,0.0001920607013785772,0.0001920607013785772,0.0004366490919409469,0.0001920607013785772,0.0004366490919409469,line,ln5894238-2,,1000000.0,7199.557856794634,51.833633333333346,abc
561,562,m1026866,m1026844,0.0002546584072503759,0.0001041469844869064,0.0001041469844869064,0.0002546584072503759,0.0001041469844869064,0.0002546584072503759,0.0005587087813961204,0.00024574882302932005,0.00024574882302932005,0.0005587087813961204,0.00024574882302932005,0.0005587087813961204,line,ln5894238-1,,1000000.0,7199.557856794634,51.833633333333346,abc
562,563,m1026844,n1147861,0.0,0.0,0.0,0.0,0.0,8.494436135096324e-06,0.0,0.0,0.0,0.0,0.0,1.766256892918304e-05,line,ln6440004-2,,1000000.0,7199.557856794634,51.833633333333346,c
563,564,n1147861,l3122818,0.0,0.0,0.0,0.0,0.0,6.848489136718821e-05,0.0,0.0,0.0,0.0,0.0,0.00014240134308418788,line,ln6440004-3,,1000000.0,7199.557856794634,51.833633333333346,c
562,565,m1026844,l2876814,5.623365276985531e-06,2.299773027680223e-06,2.299773027680223e-06,5.623365276985531e-06,2.299773027680223e-06,5.623365276985531e-06,1.2337403642679877e-05,5.426623896710565e-06,5.426623896710565e-06,1.2337403642679877e-05,5.426623896710565e-06,1.2337403642679877e-05,line,ln6001653-3,,1000000.0,7199.557856794634,51.833633333333346,abc
565,566,l2876814,m1026834,0.00015118855923277604,6.183119066449126e-05,6.183119066449126e-05,0.00015118855923277604,6.183119066449126e-05,0.00015118855923277604,0.0003317007147026157,0.00014589901385200982,0.00014589901385200982,0.0003317007147026157,0.00014589901385200982,0.0003317007147026157,line,ln6001653-2,,1000000.0,7199.557856794634,51.833633333333346,abc
566,567,m1026834,m1026829,0.00010223983679065517,4.1812759339656514e-05,4.1812759339656514e-05,0.00010223983679065517,4.1812759339656514e-05,0.00010223983679065517,0.00022430947888275882,9.866283163119954e-05,9.866283163119954e-05,0.00022430947888275882,9.866283163119954e-05,0.00022430947888275882,line,ln6001653-1,,1000000.0,7199.557856794634,51.833633333333346,abc
567,568,m1026829,m1026824,0.00025947694059648516,0.00010611760749937772,0.00010611760749937772,0.00025947694059648516,0.00010611760749937772,0.00025947694059648516,0.0005692804209621936,0.0002503987731775186,0.0002503987731775186,0.0005692804209621936,0.0002503987731775186,0.0005692804209621936,line,ln5531256-1,,1000000.0,7199.557856794634,51.833633333333346,abc
568,569,m1026824,p859694,0.0,0.0,0.0,0.0,0.0,7.551086328117713e-06,0.0,0.0,0.0,0.0,0.0,1.5701051916741313e-05,line,ln5852082-1,,1000000.0,7199.557856794634,51.833633333333346,c
569,570,p859694,l2746587,0.0,0.0,0.0,0.0,0.0,1.800909158725126e-05,0.0,0.0,0.0,0.0,0.0,3.7446490438319e-05,line,ln5943422-1,,1000000.0,7199.557856794634,51.833633333333346,c
570,571,l2746587,n1147858,0.0,0.0,0.0,0.0,0.0,2.5537293970645826e-05,0.0,0.0,0.0,0.0,0.0,5.3099959532067e-05,line,ln5943422-3,,1000000.0,7199.557856794634,51.833633333333346,c
571,572,n1147858,l2991933,0.0,0.0,0.0,0.0,0.0,5.9179163387478775e-05,0.0,0.0,0.0,0.0,0.0,0.00012305184662982655,line,ln5943422-4,,1000000.0,7199.557856794634,51.833633333333346,c
572,573,l2991933,l3122837,0.0,0.0,0.0,0.0,0.0,9.317981984670184e-05,0.0,0.0,0.0,0.0,0.0,0.00019374976333641798,line,ln5653486-1,,1000000.0,7199.557856794634,51.833633333333346,c
573,574,l3122837,l3048222,0.0,0.0,0.0,0.0,0.0,0.0001687156338001902,0.0,0.0,0.0,0.0,0.0,0.0003508121626948782,line,ln5744359-1,,1000000.0,7199.557856794634,51.833633333333346,c
568,575,m1026824,m1009807,0.0003599630495772048,0.00014721314935154701,0.00014721314935154701,0.0003599630495772048,0.00014721314935154701,0.0003599630495772048,0.0007897423020445539,0.00034736923364430685,0.00034736923364430685,0.0007897423020445539,0.00034736923364430685,0.0007897423020445539,line,ln5985378-1,,1000000.0,7199.557856794634,51.833633333333346,abc
575,576,m1009807,l2673323,0.0,0.0,0.0,0.0,0.0,0.00011216659890714456,0.0,0.0,0.0,0.0,0.0,0.00023322916945175233,line,ln5894237-1,,1000000.0,7199.557856794634,51.833633333333346,c
576,577,l2673323,m1009809,0.0,0.0,0.0,0.0,0.0,8.005200760895917e-05,0.0,0.0,0.0,0.0,0.0,0.0001664529675455254,line,ln6199535-1,,1000000.0,7199.557856794634,51.833633333333346,c
577,578,m1009809,l2710525,0.0,0.0,0.0,0.0,0.0,0.00010106280785513137,0.0,0.0,0.0,0.0,0.0,0.0002101409418504973,line,ln6077787-1,,1000000.0,7199.557856794634,51.833633333333346,c
575,579,m1009807,m1009805,0.0001167196607916738,4.7734535187899186e-05,4.7734535187899186e-05,0.0001167196607916738,4.7734535187899186e-05,0.0001167196607916738,0.0002560775438360806,0.00011263605852892168,0.00011263605852892168,0.0002560775438360806,0.00011263605852892168,0.0002560775438360806,line,ln5742836-1,,1000000.0,7199.557856794634,51.833633333333346,abc
579,580,m1009805,m1009784,0.0004856168997092618,0.00019860147664740182,0.00019860147664740182,0.0004856168997092618,0.00019860147664740182,0.0004856168997092618,0.001065421044572732,0.0004686269062751404,0.0004686269062751404,0.001065421044572732,0.0004686269062751404,0.001065421044572732,line,ln5621886-1,,1000000.0,7199.557856794634,51.833633333333346,abc
580,581,m1009784,m1009770,0.00011512320604189423,4.708163725354639e-05,4.708163725354639e-05,0.00011512320604189423,4.708163725354639e-05,0.00011512320604189423,0.00025257499586433255,0.0001110954580044231,0.0001110954580044231,0.00025257499586433255,0.0001110954580044231,0.00025257499586433255,line,ln5501004-1,,1000000.0,7199.557856794634,51.833633333333346,abc
581,582,m1009770,l2689691,0.00010542992726087108,4.311740231728557e-05,4.311740231728557e-05,0.00010542992726087108,4.311740231728557e-05,0.00010542992726087108,0.00023130839000610277,0.00010174131227857843,0.00010174131227857843,0.00023130839000610277,0.00010174131227857843,0.00023130839000610277,line,ln5742835-1,,1000000.0,7199.557856794634,51.833633333333346,abc
582,583,l2689691,m1009763,0.00015748413521465138,6.440587595055713e-05,6.440587595055713e-05,0.00015748413521465138,6.440587595055713e-05,0.00015748413521465138,0.000345512917578612,0.00015197433021223666,0.00015197433021223666,0.000345512917578612,0.00015197433021223666,0.000345512917578612,line,ln5712507-1,,1000000.0,7199.557856794634,51.833633333333346,abc
583,584,m1009763,e182733,0.00015654631098340898,6.402233642120391e-05,6.402233642120391e-05,0.00015654631098340898,6.402233642120391e-05,0.00015654631098340898,0.00034345537453866814,0.00015106931708691072,0.00015106931708691072,0.00034345537453866814,0.00015106931708691072,0.00034345537453866814,line,ln6019480-1,,1000000.0,7199.557856794634,51.833633333333346,abc
583,585,m1009763,l2766730,0.0,0.0,0.0,2.785607168833106e-05,0.0,0.0,0.0,0.0,0.0,5.792141802780561e-05,0.0,0.0,line,ln6138616-1,,1000000.0,7199.557856794634,51.833633333333346,b
583,586,m1009763,l2673322,0.0,0.0,0.0,3.600337144029391e-05,0.0,0.0,0.0,0.0,0.0,7.486218268447318e-05,0.0,0.0,line,ln5502549-1,,1000000.0,7199.557856794634,51.833633333333346,b
586,587,l2673322,l2859391,0.0,0.0,0.0,5.525261371477592e-05,0.0,0.0,0.0,0.0,0.0,0.00011488733127589613,0.0,0.0,line,ln5818176-1,,1000000.0,7199.557856794634,51.833633333333346,b
581,588,m1009770,n1147857,9.001169317991084e-06,0.0,0.0,0.0,0.0,0.0,1.871622447844353e-05,0.0,0.0,0.0,0.0,0.0,line,ln5531255-2,,1000000.0,7199.557856794634,51.833633333333346,a
588,589,n1147857,m1009742,6.126664888756269e-05,0.0,0.0,0.0,0.0,0.0,0.00012739237682482863,0.0,0.0,0.0,0.0,0.0,line,ln5531255-3,,1000000.0,7199.557856794634,51.833633333333346,a
589,590,m1009742,p901972,1.338801738124988e-05,0.0,0.0,0.0,0.0,0.0,2.7837843037564404e-05,0.0,0.0,0.0,0.0,0.0,line,ln6076268-1,,1000000.0,7199.557856794634,51.833633333333346,a
590,591,p901972,m1009726,0.0001007999686689916,0.0,0.0,0.0,0.0,0.0,0.00020959441761173083,0.0,0.0,0.0,0.0,0.0,line,ln5954983-1,,1000000.0,7199.557856794634,51.833633333333346,a
591,592,m1009726,l3101789,4.376822588165084e-05,0.0,0.0,0.0,0.0,0.0,9.100772485046707e-05,0.0,0.0,0.0,0.0,0.0,line,ln6409800-1,,1000000.0,7199.557856794634,51.833633333333346,a
591,593,m1009726,m1009724,8.13925708211335e-05,0.0,0.0,0.0,0.0,0.0,0.00016924041450049483,0.0,0.0,0.0,0.0,0.0,line,ln5833652-1,,1000000.0,7199.557856794634,51.833633333333346,a
593,594,m1009724,m1009720,5.095547192331362e-05,0.0,0.0,0.0,0.0,0.0,0.00010595223989571762,0.0,0.0,0.0,0.0,0.0,line,ln5744344-1,,1000000.0,7199.557856794634,51.833633333333346,a
594,595,m1009720,m1009715,3.1961552749855464e-05,0.0,0.0,0.0,0.0,0.0,6.645798726952704e-05,0.0,0.0,0.0,0.0,0.0,line,ln5714057-1,,1000000.0,7199.557856794634,51.833633333333346,a
595,596,m1009715,l3010563,5.761632121743345e-05,0.0,0.0,0.0,0.0,0.0,0.00011980221273831851,0.0,0.0,0.0,0.0,0.0,line,ln5804808-1,,1000000.0,7199.557856794634,51.833633333333346,a
596,597,l3010563,l2841623,6.88489330672684e-05,0.0,0.0,0.0,0.0,0.0,0.00014315829875711326,0.0,0.0,0.0,0.0,0.0,line,ln6259990-1,,1000000.0,7199.557856794634,51.833633333333346,a
595,598,m1009715,m1009705,8.99282206598161e-05,0.0,0.0,0.0,0.0,0.0,0.00018698867950989347,0.0,0.0,0.0,0.0,0.0,line,ln6380825-1,,1000000.0,7199.557856794634,51.833633333333346,a
598,599,m1009705,m1009698,5.289517912758061e-05,0.0,0.0,0.0,0.0,0.0,0.00010998549315148656,0.0,0.0,0.0,0.0,0.0,line,ln5894192-1,,1000000.0,7199.557856794634,51.833633333333346,a
599,600,m1009698,l3156034,5.6491511161671725e-05,0.0,0.0,0.0,0.0,0.0,0.00011746338355340705,0.0,0.0,0.0,0.0,0.0,line,ln5773028-1,,1000000.0,7199.557856794634,51.833633333333346,a
600,601,l3156034,l3066821,6.654374069860688e-05,0.0,0.0,0.0,0.0,0.0,0.00013836508841813774,0.0,0.0,0.0,0.0,0.0,line,ln5739003-1,,1000000.0,7199.557856794634,51.833633333333346,a
601,602,l3066821,m1009691,7.103292926278882e-05,0.0,0.0,0.0,0.0,0.0,0.00014769950463952293,0.0,0.0,0.0,0.0,0.0,line,ln5804812-1,,1000000.0,7199.557856794634,51.833633333333346,a
602,603,m1009691,l2748140,3.3570207567930473e-05,0.0,0.0,0.0,0.0,0.0,6.980287987400714e-05,0.0,0.0,0.0,0.0,0.0,line,ln5562940-1,,1000000.0,7199.557856794634,51.833633333333346,a
603,604,l2748140,l3141412,8.757410827847296e-05,0.0,0.0,0.0,0.0,0.0,0.00018209374928248,0.0,0.0,0.0,0.0,0.0,line,ln5774487-1,,1000000.0,7199.557856794634,51.833633333333346,a
599,605,m1009698,m1026767,9.035201171182929e-05,0.0,0.0,0.0,0.0,0.0,0.00018786987262838986,0.0,0.0,0.0,0.0,0.0,line,ln6258429-1,,1000000.0,7199.557856794634,51.833633333333346,a
605,606,m1026767,l3029500,0.00016545657111952404,0.0,0.0,0.0,0.0,0.0,0.0003440355599485275,0.0,0.0,0.0,0.0,0.0,line,ln6318742-1,,1000000.0,7199.557856794634,51.833633333333346,a
606,607,l3029500,m1026764,0.00010209907312433559,0.0,0.0,0.0,0.0,0.0,0.0002122956589447392,0.0,0.0,0.0,0.0,0.0,line,ln5835137-1,,1000000.0,7199.557856794634,51.833633333333346,a
607,608,m1026764,l3178976,0.0001024029816676302,0.0,0.0,0.0,0.0,0.0,0.00021292757912269315,0.0,0.0,0.0,0.0,0.0,line,ln5774459-1,,1000000.0,7199.557856794634,51.833633333333346,a
608,609,l3178976,m1026779,0.00010134135394714754,0.0,0.0,0.0,0.0,0.0,0.0002107201256211378,0.0,0.0,0.0,0.0,0.0,line,ln6108153-1,,1000000.0,7199.557856794634,51.833633333333346,a
609,610,m1026779,l2973169,0.00010224931202327444,0.0,0.0,0.0,0.0,0.0,0.00021260805224149822,0.0,0.0,0.0,0.0,0.0,line,ln5956474-1,,1000000.0,7199.557856794634,51.833633333333346,a
605,611,m1026767,l3216346,4.93472512634975e-05,0.0,0.0,0.0,0.0,0.0,0.00010260825004099652,0.0,0.0,0.0,0.0,0.0,line,ln5500957-1,,1000000.0,7199.557856794634,51.833633333333346,a
611,612,l3216346,l2858163,0.00014698806064788049,0.0,0.0,0.0,0.0,0.0,0.0003056337950712825,0.0,0.0,0.0,0.0,0.0,line,ln5621834-1,,1000000.0,7199.557856794634,51.833633333333346,a
612,613,l2858163,l2766747,0.00018053805412058705,0.0,0.0,0.0,0.0,0.0,0.00037539464356797927,0.0,0.0,0.0,0.0,0.0,line,ln5833611-1,,1000000.0,7199.557856794634,51.833633333333346,a
613,614,l2766747,m1026732,3.971929057645325e-05,0.0,0.0,0.0,0.0,0.0,8.25887317848321e-05,0.0,0.0,0.0,0.0,0.0,line,ln6153057-1,,1000000.0,7199.557856794634,51.833633333333346,a
614,615,m1026732,m1026734,7.549040860856752e-05,0.0,0.0,0.0,0.0,0.0,0.00015696798755505592,0.0,0.0,0.0,0.0,0.0,line,ln5758684-1,,1000000.0,7199.557856794634,51.833633333333346,a
615,616,m1026734,l3065696,7.507088193058688e-05,0.0,0.0,0.0,0.0,0.0,0.0001560956613935996,0.0,0.0,0.0,0.0,0.0,line,ln6061814-1,,1000000.0,7199.557856794634,51.833633333333346,a
614,617,m1026732,l3047058,9.084710542511328e-05,0.0,0.0,0.0,0.0,0.0,0.00018889932610808037,0.0,0.0,0.0,0.0,0.0,line,ln6153057-2,,1000000.0,7199.557856794634,51.833633333333346,a
594,618,m1009720,l3178982,0.0001089141347606348,0.0,0.0,0.0,0.0,0.0,0.00022646628710573373,0.0,0.0,0.0,0.0,0.0,line,ln5804809-1,,1000000.0,7199.557856794634,51.833633333333346,a
581,619,m1009770,m1009771,0.0,0.0,0.0,9.61203222618004e-06,0.0,0.0,0.0,0.0,0.0,1.9986398042712287e-05,0.0,0.0,line,ln5863746-1,,1000000.0,7199.557856794634,51.833633333333346,b
619,620,m1009771,l2914323,0.0,0.0,0.0,8.353940620279367e-05,0.0,0.0,0.0,0.0,0.0,0.00017370435151822265,0.0,0.0,line,ln6167753-1,,1000000.0,7199.557856794634,51.833633333333346,b
567,621,m1026829,n1147859,0.0,0.0,0.0,1.1661597135450659e-05,0.0,0.0,0.0,0.0,0.0,2.4248079560954303e-05,0.0,0.0,line,ln6167754-2,,1000000.0,7199.557856794634,51.833633333333346,b
621,622,n1147859,p827573,0.0,0.0,0.0,7.577868745454205e-06,0.0,0.0,0.0,0.0,0.0,1.575674087416857e-05,0.0,0.0,line,ln6167754-3,,1000000.0,7199.557856794634,51.833633333333346,b
622,623,p827573,l2710542,0.0,0.0,0.0,2.3563704518751976e-05,0.0,0.0,0.0,0.0,0.0,4.8996254568301514e-05,0.0,0.0,line,ln6383061-1,,1000000.0,7199.557856794634,51.833633333333346,b
623,624,l2710542,l2729430,0.0,0.0,0.0,3.957745510154603e-05,0.0,0.0,0.0,0.0,0.0,8.229381181459398e-05,0.0,0.0,line,ln6229831-1,,1000000.0,7199.557856794634,51.833633333333346,b
624,625,l2729430,l2766742,0.0,0.0,0.0,0.00012156571119524064,0.0,0.0,0.0,0.0,0.0,0.0002527728408645866,0.0,0.0,line,ln6017316-1,,1000000.0,7199.557856794634,51.833633333333346,b
625,626,l2766742,m1009820,0.0,0.0,0.0,0.00010096870405251671,0.0,0.0,0.0,0.0,0.0,0.00020994527084023304,0.0,0.0,line,ln5562952-1,,1000000.0,7199.557856794634,51.833633333333346,b
626,627,m1009820,l3254234,0.0,0.0,0.0,8.933552302269632e-05,0.0,0.0,0.0,0.0,0.0,0.00018575627718167543,0.0,0.0,line,ln5774489-1,,1000000.0,7199.557856794634,51.833633333333346,b
627,628,l3254234,l3104114,0.0,0.0,0.0,9.271208929337386e-05,0.0,0.0,0.0,0.0,0.0,0.00019277720635829115,0.0,0.0,line,ln6077802-1,,1000000.0,7199.557856794634,51.833633333333346,b
628,629,l3104114,m1009824,0.0,0.0,0.0,6.21529818541243e-05,0.0,0.0,0.0,0.0,0.0,0.0001292353381311619,0.0,0.0,line,ln5593215-1,,1000000.0,7199.557856794634,51.833633333333346,b
629,630,m1009824,l2691939,0.0,0.0,0.0,7.408884727998357e-05,0.0,0.0,0.0,0.0,0.0,0.000154053706585621,0.0,0.0,line,ln6350528-1,,1000000.0,7199.557856794634,51.833633333333346,b
630,631,l2691939,l2860478,0.0,0.0,0.0,6.966963987989779e-05,0.0,0.0,0.0,0.0,0.0,0.00014486480292268402,0.0,0.0,line,ln5714041-1,,1000000.0,7199.557856794634,51.833633333333346,b
631,632,l2860478,l2822858,0.0,0.0,0.0,7.121015870647693e-05,0.0,0.0,0.0,0.0,0.0,0.00014806801965519168,0.0,0.0,line,ln5744325-1,,1000000.0,7199.557856794634,51.833633333333346,b
629,633,m1009824,l2822857,0.0,0.0,0.0,6.0020999608362384e-05,0.0,0.0,0.0,0.0,0.0,0.0001248022853925604,0.0,0.0,line,ln5865225-1,,1000000.0,7199.557856794634,51.833633333333346,b
629,634,m1009824,l2954338,0.0,0.0,0.0,3.4369033028104654e-05,0.0,0.0,0.0,0.0,0.0,7.146388591705898e-05,0.0,0.0,line,ln6077771-1,,1000000.0,7199.557856794634,51.833633333333346,b
634,635,l2954338,m1009828,0.0,0.0,0.0,9.974382051808059e-05,0.0,0.0,0.0,0.0,0.0,0.000207398357835871,0.0,0.0,line,ln5774447-1,,1000000.0,7199.557856794634,51.833633333333346,b
635,636,m1009828,l2766715,0.0,0.0,0.0,7.635573413401464e-05,0.0,0.0,0.0,0.0,0.0,0.00015876726787176148,0.0,0.0,line,ln5865226-1,,1000000.0,7199.557856794634,51.833633333333346,b
635,637,m1009828,l3254206,0.0,0.0,0.0,4.628919266705208e-05,0.0,0.0,0.0,0.0,0.0,9.624959716631864e-05,0.0,0.0,line,ln6138591-1,,1000000.0,7199.557856794634,51.833633333333346,b
637,638,l3254206,m1009827,0.0,0.0,0.0,5.540287387404187e-05,0.0,0.0,0.0,0.0,0.0,0.00011519976877947327,0.0,0.0,line,ln6259982-1,,1000000.0,7199.557856794634,51.833633333333346,b
638,639,m1009827,m1009832,0.0,0.0,0.0,9.750854777046305e-05,0.0,0.0,0.0,0.0,0.0,0.00020275053208823864,0.0,0.0,line,ln5623390-1,,1000000.0,7199.557856794634,51.833633333333346,b
639,640,m1009832,m1009838,0.0,0.0,0.0,0.00010672691818503941,0.0,0.0,0.0,0.0,0.0,0.0002219183850537199,0.0,0.0,line,ln5744326-1,,1000000.0,7199.557856794634,51.833633333333346,b
640,641,m1009838,l2801896,0.0,0.0,0.0,5.289431416795657e-05,0.0,0.0,0.0,0.0,0.0,0.00010998369463199245,0.0,0.0,line,ln5472343-1,,1000000.0,7199.557856794634,51.833633333333346,b
641,642,l2801896,m1009839,0.0,0.0,0.0,8.470905652636092e-05,0.0,0.0,0.0,0.0,0.0,0.000176136417535847,0.0,0.0,line,ln5532734-1,,1000000.0,7199.557856794634,51.833633333333346,b
642,643,m1009839,l2673326,0.0,0.0,0.0,7.264539303631039e-05,0.0,0.0,0.0,0.0,0.0,0.00015105231724446607,0.0,0.0,line,ln5647725-1,,1000000.0,7199.557856794634,51.833633333333346,b
643,644,l2673326,l2691938,0.0,0.0,0.0,4.953982842543033e-05,0.0,0.0,0.0,0.0,0.0,0.00010300867772598098,0.0,0.0,line,ln6320348-1,,1000000.0,7199.557856794634,51.833633333333346,b
644,645,l2691938,m1009840,0.0,0.0,0.0,4.95158702747058e-05,0.0,0.0,0.0,0.0,0.0,0.00010295886129533652,0.0,0.0,line,ln6169242-1,,1000000.0,7199.557856794634,51.833633333333346,b
645,646,m1009840,l2991901,0.0,0.0,0.0,6.135139814624867e-05,0.0,0.0,0.0,0.0,0.0,0.00012756859683513085,0.0,0.0,line,ln5502521-1,,1000000.0,7199.557856794634,51.833633333333346,b
646,647,l2991901,m3037537,0.0,0.0,0.0,0.00052182233080323,0.0,0.0,0.0,0.0,0.0,0.001085030570601199,0.0,0.0,line,ln6506316-3,,1000000.0,7199.557856794634,51.833633333333346,b
647,648,m3037537,l3231269,0.0,0.0,0.0,0.00019099381585572814,0.0,0.0,0.0,0.0,0.0,0.0003971354171069106,0.0,0.0,line,ln5951197-2,,1000000.0,7199.557856794634,51.833633333333346,b
647,649,m3037537,l2911069,0.0,0.0,0.0,3.2454784506070377e-06,0.0,0.0,0.0,0.0,0.0,6.748356916262219e-06,0.0,0.0,line,ln6506316-6,,1000000.0,7199.557856794634,51.833633333333346,b
649,650,l2911069,l2948732,0.0,0.0,0.0,0.0002474335167191958,0.0,0.0,0.0,0.0,0.0,0.0005144910709712932,0.0,0.0,line,ln6506317-2,,1000000.0,7199.557856794634,51.833633333333346,b
645,651,m1009840,l3216338,0.0,0.0,0.0,0.00010418808936797148,0.0,0.0,0.0,0.0,0.0,0.00021663937203064414,0.0,0.0,line,ln6017282-1,,1000000.0,7199.557856794634,51.833633333333346,b
651,652,l3216338,l2973146,0.0,0.0,0.0,6.555021651964714e-05,0.0,0.0,0.0,0.0,0.0,0.0001362992433149904,0.0,0.0,line,ln6380800-1,,1000000.0,7199.557856794634,51.833633333333346,b
640,653,m1009838,l2804245,0.0,0.0,0.0,4.56750981891423e-05,0.0,0.0,0.0,0.0,0.0,9.497270416569934e-05,0.0,0.0,line,ln6108121-1,,1000000.0,7199.557856794634,51.833633333333346,b
640,654,m1009838,m1009843,0.0,0.0,0.0,9.604326700359931e-05,0.0,0.0,0.0,0.0,0.0,0.000199703758631622,0.0,0.0,line,ln6350551-1,,1000000.0,7199.557856794634,51.833633333333346,b
654,655,m1009843,l3251806,0.0,0.0,0.0,3.979070065832416e-05,0.0,0.0,0.0,0.0,0.0,8.273721550679126e-05,0.0,0.0,line,ln6167749-1,,1000000.0,7199.557856794634,51.833633333333346,b
654,656,m1009843,l3160108,0.0,0.0,0.0,6.383665317692695e-05,0.0,0.0,0.0,0.0,0.0,0.00013273621332995496,0.0,0.0,line,ln6350552-1,,1000000.0,7199.557856794634,51.833633333333346,b
656,657,l3160108,l3029510,0.0,0.0,0.0,6.562447660431546e-05,0.0,0.0,0.0,0.0,0.0,0.00013645365307724902,0.0,0.0,line,ln6108156-1,,1000000.0,7199.557856794634,51.833633333333346,b
657,658,l3029510,l2729409,0.0,0.0,0.0,0.00012101108520915311,0.0,0.0,0.0,0.0,0.0,0.00025161960131420456,0.0,0.0,line,ln5804811-1,,1000000.0,7199.557856794634,51.833633333333346,b
658,659,l2729409,l2841624,0.0,0.0,0.0,9.708539340929857e-05,0.0,0.0,0.0,0.0,0.0,0.00020187066284761048,0.0,0.0,line,ln5835138-1,,1000000.0,7199.557856794634,51.833633333333346,b
654,660,m1009843,m1009855,0.0,0.0,0.0,9.258921467335558e-05,0.0,0.0,0.0,0.0,0.0,0.00019252171188977035,0.0,0.0,line,ln5502550-1,,1000000.0,7199.557856794634,51.833633333333346,b
660,661,m1009855,l2748139,0.0,0.0,0.0,7.331744092799461e-05,0.0,0.0,0.0,0.0,0.0,0.00015244971337786465,0.0,0.0,line,ln5774474-1,,1000000.0,7199.557856794634,51.833633333333346,b
660,662,m1009855,l2991927,0.0,0.0,0.0,0.00013102737360362542,0.0,0.0,0.0,0.0,0.0,0.00027244657338960736,0.0,0.0,line,ln6138618-1,,1000000.0,7199.557856794634,51.833633333333346,b
639,663,m1009832,l2860479,0.0,0.0,0.0,4.033507692881519e-05,0.0,0.0,0.0,0.0,0.0,8.386914271750193e-05,0.0,0.0,line,ln6199505-1,,1000000.0,7199.557856794634,51.833633333333346,b
639,664,m1009832,m1009834,0.0,0.0,0.0,5.282204472128456e-05,0.0,0.0,0.0,0.0,0.0,0.00010983342402391237,0.0,0.0,line,ln5472344-1,,1000000.0,7199.557856794634,51.833633333333346,b
664,665,m1009834,l3178969,0.0,0.0,0.0,3.410604054381678e-07,0.0,0.0,0.0,0.0,0.0,7.091704292386729e-07,0.0,0.0,line,ln6259981-1,,1000000.0,7199.557856794634,51.833633333333346,b
665,666,l3178969,l2729401,0.0,0.0,0.0,8.572526435538313e-05,0.0,0.0,0.0,0.0,0.0,0.00017824942898722767,0.0,0.0,line,ln6259981-2,,1000000.0,7199.557856794634,51.833633333333346,b
638,667,m1009827,m3019248,0.0,0.0,0.0,0.00017052976632289584,0.0,0.0,0.0,0.0,0.0,0.0003545843072162282,0.0,0.0,line,ln6495087-1,,1000000.0,7199.557856794634,51.833633333333346,b
667,668,m3019248,m3021569,0.0,0.0,0.0,0.00010231786091270209,0.0,0.0,0.0,0.0,0.0,0.0002127505866564116,0.0,0.0,line,ln6495088-1,,1000000.0,7199.557856794634,51.833633333333346,b
668,669,m3021569,l3315860,0.0,0.0,0.0,0.00017735039257007514,0.0,0.0,0.0,0.0,0.0,0.0003687665059301907,0.0,0.0,line,ln6496337-2,,1000000.0,7199.557856794634,51.833633333333346,b
566,670,m1026834,n1147860,0.0,0.0,0.0,0.0,0.0,9.977255552861751e-06,0.0,0.0,0.0,0.0,0.0,2.0745810684053913e-05,line,ln5487004-6,,1000000.0,7199.557856794634,51.833633333333346,c
670,671,n1147860,l3177881,0.0,0.0,0.0,0.0,0.0,2.0718660972380223e-05,0.0,0.0,0.0,0.0,0.0,4.308052609084577e-05,line,ln5487004-7,,1000000.0,7199.557856794634,51.833633333333346,c
561,672,m1026866,n1147862,1.2553089647712647e-05,0.0,0.0,0.0,0.0,0.0,2.6101769164036987e-05,0.0,0.0,0.0,0.0,0.0,line,ln6341781-2,,1000000.0,7199.557856794634,51.833633333333346,a
672,673,n1147862,l2685805,9.999756140318158e-05,0.0,0.0,0.0,0.0,0.0,0.00020792596388316718,0.0,0.0,0.0,0.0,0.0,line,ln6341781-3,,1000000.0,7199.557856794634,51.833633333333346,a
557,674,m1026891,n1147863,0.0,0.0,0.0,0.0,0.0,1.0554921019749724e-05,0.0,0.0,0.0,0.0,0.0,2.194695646520373e-05,line,ln6169249-2,,1000000.0,7199.557856794634,51.833633333333346,c
674,675,n1147863,l3122817,0.0,0.0,0.0,0.0,0.0,4.91838197721042e-06,0.0,0.0,0.0,0.0,0.0,1.0226842525027182e-05,line,ln6169249-3,,1000000.0,7199.557856794634,51.833633333333346,c
675,676,l3122817,l2673314,0.0,0.0,0.0,0.0,0.0,6.241052498088435e-05,0.0,0.0,0.0,0.0,0.0,0.0001297708502188733,line,ln5623400-1,,1000000.0,7199.557856794634,51.833633333333346,c
554,677,m1026907,m1026915,0.00014014399416595007,5.731432370102031e-05,5.731432370102031e-05,0.00014014399416595007,5.731432370102031e-05,0.00014014399416595007,0.00030746944915688583,0.0001352408585004974,0.0001352408585004974,0.00030746944915688583,0.0001352408585004974,0.00030746944915688583,line,ln5774458-1,,1000000.0,7199.557856794634,51.833633333333346,abc
677,678,m1026915,m1026916,0.0,0.0,0.0,3.411702877603923e-06,0.0,0.0,0.0,0.0,0.0,7.0939890868798815e-06,0.0,0.0,line,ln5502529-1,,1000000.0,7199.557856794634,51.833633333333346,b
678,679,m1026916,l3197634,0.0,0.0,0.0,1.2087356446168476e-05,0.0,0.0,0.0,0.0,0.0,2.513336530013652e-05,0.0,0.0,line,ln6320337-1,,1000000.0,7199.557856794634,51.833633333333346,b
677,680,m1026915,m1026920,7.733218470118176e-05,3.162634184110828e-05,3.162634184110828e-05,7.733218470118176e-05,3.162634184110828e-05,7.733218470118176e-05,0.0001696632408236865,7.462660894567169e-05,7.462660894567169e-05,0.0001696632408236865,7.462660894567169e-05,0.0001696632408236865,line,ln5774457-1,,1000000.0,7199.557856794634,51.833633333333346,abc
680,681,m1026920,m1026926,0.00017781518498735365,7.272061233857803e-05,7.272061233857803e-05,0.00017781518498735365,7.272061233857803e-05,0.00017781518498735365,0.00039011830157381714,0.00017159406947998368,0.00017159406947998368,0.00039011830157381714,0.00017159406947998368,0.00039011830157381714,line,ln6047565-1,,1000000.0,7199.557856794634,51.833633333333346,abc
681,682,m1026926,m1026927,2.6629802605644067e-05,1.0890720902579972e-05,1.0890720902579972e-05,2.6629802605644067e-05,1.0890720902579972e-05,2.6629802605644067e-05,5.842455673568447e-05,2.569812133241672e-05,2.569812133241672e-05,5.842455673568447e-05,2.569812133241672e-05,5.842455673568447e-05,line,ln5926301-1,,1000000.0,7199.557856794634,51.833633333333346,abc
682,683,m1026927,196-29518,9.732906116942083e-06,3.980441224455931e-06,3.980441224455931e-06,9.732906116942083e-06,3.980441224455931e-06,9.732906116942083e-06,2.1353546402625315e-05,9.392386643421355e-06,9.392386643421355e-06,2.1353546402625315e-05,9.392386643421355e-06,2.1353546402625315e-05,line,ln6292826-1,,1000000.0,7199.557856794634,51.833633333333346,abc
683,684,196-29518,l3122816,0.00017122119136802412,7.002388396980331e-05,7.002388396980331e-05,0.00017122119136802412,7.002388396980331e-05,0.00017122119136802412,0.0003756513841868438,0.00016523077604502608,0.00016523077604502608,0.0003756513841868438,0.00016523077604502608,0.0003756513841868438,line,ln5959087-1,,1000000.0,7199.557856794634,51.833633333333346,abc
684,685,l3122816,l3160103,0.0009634796701498185,0.0003940317672759446,0.0003940317672759446,0.0009634796701498185,0.0003940317672759446,0.0009634796701498185,0.002113829887736984,0.0009297709724509632,0.0009297709724509632,0.002113829887736984,0.0009297709724509632,0.002113829887736984,line,ln6290209-1,,1000000.0,7199.557856794634,51.833633333333346,abc
685,686,l3160103,m1026950,4.552076950808641e-05,1.8616510355888595e-05,1.8616510355888595e-05,4.552076950808641e-05,1.8616510355888595e-05,4.552076950808641e-05,9.987046543910675e-05,4.392816106401956e-05,4.392816106401956e-05,9.987046543910675e-05,4.392816106401956e-05,9.987046543910675e-05,line,ln5744335-1,,1000000.0,7199.557856794634,51.833633333333346,abc
686,687,m1026950,m1026954,0.00019954297576412728,8.160657025136179e-05,8.160657025136179e-05,0.00019954297576412728,8.160657025136179e-05,0.00019954297576412728,0.0004377880708085933,0.00019256168279411885,0.00019256168279411885,0.0004377880708085933,0.00019256168279411885,0.0004377880708085933,line,ln6350538-1,,1000000.0,7199.557856794634,51.833633333333346,abc
687,688,m1026954,l2804256,0.00039898292159080723,0.00016317100461797954,0.00016317100461797954,0.00039898292159080723,0.00016317100461797954,0.00039898292159080723,0.0008753500986939623,0.00038502394029873776,0.00038502394029873776,0.0008753500986939623,0.00038502394029873776,0.0008753500986939623,line,ln5683818-1,,1000000.0,7199.557856794634,51.833633333333346,abc
688,689,l2804256,m1026960,0.00010216463364520714,4.1782003705444745e-05,4.1782003705444745e-05,0.00010216463364520714,4.1782003705444745e-05,0.00010216463364520714,0.0002241444866557042,9.859025957406034e-05,9.859025957406034e-05,0.0002241444866557042,9.859025957406034e-05,0.0002241444866557042,line,ln6169250-1,,1000000.0,7199.557856794634,51.833633333333346,abc
689,690,m1026960,m3729981,2.8990174744969314e-05,0.0,0.0,0.0,0.0,0.0,6.027957024557412e-05,0.0,0.0,0.0,0.0,0.0,line,ln6879074-1,,1000000.0,7199.557856794634,51.833633333333346,a
690,691,m3729981,l3632979,3.75165170362358e-05,0.0,0.0,0.0,0.0,0.0,7.800848197534546e-05,0.0,0.0,0.0,0.0,0.0,line,ln6879075-2,,1000000.0,7199.557856794634,51.833633333333346,a
689,692,m1026960,m1026970,0.00015039061868323583,6.150485899952984e-05,6.150485899952984e-05,0.00015039061868323583,6.150485899952984e-05,0.00015039061868323583,0.00032995006999830866,0.00014512899038011997,0.00014512899038011997,0.00032995006999830866,0.00014512899038011997,0.00032995006999830866,line,ln6017293-1,,1000000.0,7199.557856794634,51.833633333333346,abc
692,693,m1026970,m1026977,0.00011838886883870119,4.84171868484362e-05,4.84171868484362e-05,0.00011838886883870119,4.84171868484362e-05,0.00011838886883870119,0.00025973970918110435,0.00011424686697376027,0.00011424686697376027,0.00025973970918110435,0.00011424686697376027,0.00025973970918110435,line,ln6380813-1,,1000000.0,7199.557856794634,51.833633333333346,abc
693,694,m1026977,m1026978,0.00011320689085658018,4.6297926831291606e-05,4.6297926831291606e-05,0.00011320689085658018,4.6297926831291606e-05,0.00011320689085658018,0.0002483706888731833,0.00010924618781370395,0.00010924618781370395,0.0002483706888731833,0.00010924618781370395,0.0002483706888731833,line,ln6199517-1,,1000000.0,7199.557856794634,51.833633333333346,abc
694,695,m1026978,m1026979,8.633219619950747e-06,3.530705306528769e-06,3.530705306528769e-06,8.633219619950747e-06,3.530705306528769e-06,8.633219619950747e-06,1.894088502896124e-05,8.331174232432095e-06,8.331174232432095e-06,1.894088502896124e-05,8.331174232432095e-06,1.894088502896124e-05,line,ln6169251-1,,1000000.0,7199.557856794634,51.833633333333346,abc
695,696,m1026979,m1026984,0.0001339209291470338,5.476929303431678e-05,5.476929303431678e-05,0.0001339209291470338,5.476929303431678e-05,0.0001339209291470338,0.00029381633198393055,0.00012923551620472933,0.00012923551620472933,0.00029381633198393055,0.00012923551620472933,0.00029381633198393055,line,ln6290210-1,,1000000.0,7199.557856794634,51.833633333333346,abc
696,697,m1026984,m1026986,0.00013632353162714805,5.575187910295047e-05,5.575187910295047e-05,0.00013632353162714805,5.575187910295047e-05,0.00013632353162714805,0.00029908753083551277,0.00013155406024209504,0.00013155406024209504,0.00029908753083551277,0.00013155406024209504,0.00029908753083551277,line,ln5593229-1,,1000000.0,7199.557856794634,51.833633333333346,abc
697,698,m1026986,m1026997,0.00028786948849813713,0.00011772923374720005,0.00011772923374720005,0.00028786948849813713,0.00011772923374720005,0.00028786948849813713,0.0006315723594461509,0.00027779796767092666,0.00027779796767092666,0.0006315723594461509,0.00027779796767092666,0.0006315723594461509,line,ln6260021-1,,1000000.0,7199.557856794634,51.833633333333346,abc
698,699,m1026997,m1027000,0.0001141888104621902,4.6699499930868514e-05,4.6699499930868514e-05,0.0001141888104621902,4.6699499930868514e-05,0.0001141888104621902,0.0002505249751274751,0.0001101937535744166,0.0001101937535744166,0.0002505249751274751,0.0001101937535744166,0.0002505249751274751,line,ln5653488-1,,1000000.0,7199.557856794634,51.833633333333346,abc
699,700,m1027000,l2916608,0.00012655702813295608,5.175769764676598e-05,5.175769764676598e-05,0.00012655702813295608,5.175769764676598e-05,0.00012655702813295608,0.00027766027333925395,0.00012212925167314143,0.00012212925167314143,0.00027766027333925395,0.00012212925167314143,0.00027766027333925395,line,ln6017294-1,,1000000.0,7199.557856794634,51.833633333333346,abc
700,701,l2916608,m1027002,0.0001638882182675469,6.70249370903962e-05,6.70249370903962e-05,0.0001638882182675469,6.70249370903962e-05,0.0001638882182675469,0.0003595631799558716,0.00015815435737027885,0.00015815435737027885,0.0003595631799558716,0.00015815435737027885,0.0003595631799558716,line,ln6108131-1,,1000000.0,7199.557856794634,51.833633333333346,abc
701,702,m1027002,l2673313,0.0001735734394334694,7.098587672482917e-05,7.098587672482917e-05,0.0001735734394334694,7.098587672482917e-05,0.0001735734394334694,0.0003808121077787973,0.00016750072738807296,0.00016750072738807296,0.0003808121077787973,0.00016750072738807296,0.0003808121077787973,line,ln6199518-1,,1000000.0,7199.557856794634,51.833633333333346,abc
702,703,l2673313,m1027011,0.00012400595803625566,5.071439316428388e-05,5.071439316428388e-05,0.00012400595803625566,5.071439316428388e-05,0.00012400595803625566,0.0002720633433954401,0.00011966743436854705,0.00011966743436854705,0.0002720633433954401,0.00011966743436854705,0.0002720633433954401,line,ln6047566-1,,1000000.0,7199.557856794634,51.833633333333346,abc
703,704,m1027011,m1027013,0.00019141917311089505,7.828419987279808e-05,7.828419987279808e-05,0.00019141917311089505,7.828419987279808e-05,0.00019141917311089505,0.00041996482307176346,0.00018472210285599633,0.00018472210285599633,0.00041996482307176346,0.00018472210285599633,0.00041996482307176346,line,ln5683819-1,,1000000.0,7199.557856794634,51.833633333333346,abc
704,705,m1027013,p901905,0.0,0.0,0.0,1.1282818671789036e-05,0.0,0.0,0.0,0.0,0.0,2.3460481583064787e-05,0.0,0.0,line,ln5863699-1,,1000000.0,7199.557856794634,51.833633333333346,b
705,706,p901905,l2804257,0.0,0.0,0.0,2.887010872605882e-05,0.0,0.0,0.0,0.0,0.0,6.0029915730391266e-05,0.0,0.0,line,ln5682333-1,,1000000.0,7199.557856794634,51.833633333333346,b
706,707,l2804257,l2860485,0.0,0.0,0.0,6.649396691594709e-05,0.0,0.0,0.0,0.0,0.0,0.00013826159327695207,0.0,0.0,line,ln5895776-1,,1000000.0,7199.557856794634,51.833633333333346,b
707,708,l2860485,l2860506,0.0,0.0,0.0,0.00023315976949329548,0.0,0.0,0.0,0.0,0.0,0.0004848115207050247,0.0,0.0,line,ln5744361-1,,1000000.0,7199.557856794634,51.833633333333346,b
708,709,l2860506,m1027019,0.0,0.0,0.0,0.00028010534678577414,0.0,0.0,0.0,0.0,0.0,0.0005824259452131787,0.0,0.0,line,ln5653489-1,,1000000.0,7199.557856794634,51.833633333333346,b
709,710,m1027019,l2785522,0.0,0.0,0.0,6.757498181682549e-05,0.0,0.0,0.0,0.0,0.0,0.00014050935874326126,0.0,0.0,line,ln5593228-1,,1000000.0,7199.557856794634,51.833633333333346,b
709,711,m1027019,l2801949,0.0,0.0,0.0,0.0002297369239663564,0.0,0.0,0.0,0.0,0.0,0.0004776943625921135,0.0,0.0,line,ln5924800-1,,1000000.0,7199.557856794634,51.833633333333346,b
704,712,m1027013,m1027023,0.00018671931730298655,7.636211210353114e-05,7.636211210353114e-05,0.00018671931730298655,7.636211210353114e-05,0.00018671931730298655,0.0004096535565421164,0.00018018667814462806,0.00018018667814462806,0.0004096535565421164,0.00018018667814462806,0.0004096535565421164,line,ln5744336-1,,1000000.0,7199.557856794634,51.833633333333346,abc
712,713,m1027023,l3122815,0.0,0.0,0.0,8.419322504242739e-05,0.0,0.0,0.0,0.0,0.0,0.00017506384379511626,0.0,0.0,line,ln5865237-1,,1000000.0,7199.557856794634,51.833633333333346,b
712,714,m1027023,l3254213,8.401146673749149e-05,3.435795039128387e-05,3.435795039128387e-05,8.401146673749149e-05,3.435795039128387e-05,8.401146673749149e-05,0.00018431727705756038,8.107220686182524e-05,8.107220686182524e-05,0.00018431727705756038,8.107220686182524e-05,0.00018431727705756038,line,ln5926302-1,,1000000.0,7199.557856794634,51.833633333333346,abc
714,715,l3254213,m1027039,0.00012090496706835773,4.9446188977684325e-05,4.9446188977684325e-05,0.00012090496706835773,4.9446188977684325e-05,0.00012090496706835773,0.00026525991246417215,0.00011667493595149609,0.00011667493595149609,0.00026525991246417215,0.00011667493595149609,0.00026525991246417215,line,ln5532750-1,,1000000.0,7199.557856794634,51.833633333333346,abc
715,716,m1027039,m1027043,5.120923183338486e-05,2.0942905953598958e-05,2.0942905953598958e-05,5.120923183338486e-05,2.0942905953598958e-05,5.120923183338486e-05,0.00011235068899858454,4.9417604496822835e-05,4.9417604496822835e-05,0.00011235068899858454,4.9417604496822835e-05,0.00011235068899858454,line,ln5472354-1,,1000000.0,7199.557856794634,51.833633333333346,abc
716,717,m1027043,m1027055,8.363848018886059e-05,3.420541105549868e-05,3.420541105549868e-05,8.363848018886059e-05,3.420541105549868e-05,8.363848018886059e-05,0.00018349896180022105,8.071226977464438e-05,8.071226977464438e-05,0.00018349896180022105,8.071226977464438e-05,0.00018349896180022105,line,ln5956466-1,,1000000.0,7199.557856794634,51.833633333333346,abc
717,718,m1027055,m1027056,7.510457843009267e-06,0.0,0.0,0.0,0.0,0.0,1.5616572687360646e-05,0.0,0.0,0.0,0.0,0.0,line,ln6228328-1,,1000000.0,7199.557856794634,51.833633333333346,a
718,719,m1027056,n1144667,3.553327091997538e-05,0.0,0.0,0.0,0.0,0.0,7.388469780946604e-05,0.0,0.0,0.0,0.0,0.0,line,ln5712587-3,,1000000.0,7199.557856794634,51.833633333333346,a
719,720,n1144667,l3083019,0.00010522875440592303,0.0,0.0,0.0,0.0,0.0,0.00021880323760955716,0.0,0.0,0.0,0.0,0.0,line,ln5712587-2,,1000000.0,7199.557856794634,51.833633333333346,a
720,721,l3083019,m1027080,3.2138964584770886e-05,0.0,0.0,0.0,0.0,0.0,6.682688153316153e-05,0.0,0.0,0.0,0.0,0.0,line,ln6106658-1,,1000000.0,7199.557856794634,51.833633333333346,a
721,722,m1027080,l3215340,7.401781093228398e-05,0.0,0.0,0.0,0.0,0.0,0.00015390599997299048,0.0,0.0,0.0,0.0,0.0,line,ln6392977-2,,1000000.0,7199.557856794634,51.833633333333346,a
722,723,l3215340,m1027087,3.886452695772178e-05,0.0,0.0,0.0,0.0,0.0,8.081141295002149e-05,0.0,0.0,0.0,0.0,0.0,line,ln6392977-1,,1000000.0,7199.557856794634,51.833633333333346,a
723,724,m1027087,l2726983,0.00010129499412543591,0.0,0.0,0.0,0.0,0.0,0.00021062372916426844,0.0,0.0,0.0,0.0,0.0,line,ln6015811-1,,1000000.0,7199.557856794634,51.833633333333346,a
723,725,m1027087,m1027091,2.592537214897148e-05,0.0,0.0,0.0,0.0,0.0,5.390689450286138e-05,0.0,0.0,0.0,0.0,0.0,line,ln5924721-1,,1000000.0,7199.557856794634,51.833633333333346,a
725,726,m1027091,l2764412,4.422455642378918e-05,0.0,0.0,0.0,0.0,0.0,9.195657766739612e-05,0.0,0.0,0.0,0.0,0.0,line,ln6409798-1,,1000000.0,7199.557856794634,51.833633333333346,a
726,727,l2764412,n1134470,0.00016105154323865645,0.0,0.0,0.0,0.0,0.0,0.0003348761399065857,0.0,0.0,0.0,0.0,0.0,line,ln6409797-4,,1000000.0,7199.557856794634,51.833633333333346,a
727,728,n1134470,l3251808,0.000100755384644076,0.0,0.0,0.0,0.0,0.0,0.00020950171358750976,0.0,0.0,0.0,0.0,0.0,line,ln6409797-3,,1000000.0,7199.557856794634,51.833633333333346,a
728,729,l3251808,m1027100,6.65486171462673e-05,0.0,0.0,0.0,0.0,0.0,0.0001383752280662041,0.0,0.0,0.0,0.0,0.0,line,ln6409797-1,,1000000.0,7199.557856794634,51.833633333333346,a
729,730,m1027100,m1027109,0.00019052530538408454,0.0,0.0,0.0,0.0,0.0,0.00039616123843656196,0.0,0.0,0.0,0.0,0.0,line,ln6379374-1,,1000000.0,7199.557856794634,51.833633333333346,a
730,731,m1027109,l3101788,7.495382480744482e-05,0.0,0.0,0.0,0.0,0.0,0.00015585226330651458,0.0,0.0,0.0,0.0,0.0,line,ln6379372-1,,1000000.0,7199.557856794634,51.833633333333346,a
731,732,l3101788,l3101787,6.138879841853005e-05,0.0,0.0,0.0,0.0,0.0,0.00012764636360818488,0.0,0.0,0.0,0.0,0.0,line,ln6198050-1,,1000000.0,7199.557856794634,51.833633333333346,a
732,733,l3101787,l3027132,4.3524911508550746e-05,0.0,0.0,0.0,0.0,0.0,9.050179875743482e-05,0.0,0.0,0.0,0.0,0.0,line,ln5621885-1,,1000000.0,7199.557856794634,51.833633333333346,a
730,734,m1027109,m1027114,7.003225266220324e-05,0.0,0.0,0.0,0.0,0.0,0.00014561878743209842,0.0,0.0,0.0,0.0,0.0,line,ln6379373-1,,1000000.0,7199.557856794634,51.833633333333346,a
734,735,m1027114,l3195327,8.185415042613901e-05,0.0,0.0,0.0,0.0,0.0,0.0001702001817481442,0.0,0.0,0.0,0.0,0.0,line,ln5501003-1,,1000000.0,7199.557856794634,51.833633333333346,a
735,736,l3195327,l3139103,7.711773111281027e-05,0.0,0.0,0.0,0.0,0.0,0.0001603516960724986,0.0,0.0,0.0,0.0,0.0,line,ln6258471-1,,1000000.0,7199.557856794634,51.833633333333346,a
734,737,m1027114,l2876812,6.980864996922846e-05,0.0,0.0,0.0,0.0,0.0,0.00014515384803946469,0.0,0.0,0.0,0.0,0.0,line,ln5803300-1,,1000000.0,7199.557856794634,51.833633333333346,a
737,738,l2876812,l2970811,7.97962671341452e-05,0.0,0.0,0.0,0.0,0.0,0.00016592120373065363,0.0,0.0,0.0,0.0,0.0,line,ln6106582-1,,1000000.0,7199.557856794634,51.833633333333346,a
738,739,l2970811,m1027121,6.726141772812888e-05,0.0,0.0,0.0,0.0,0.0,0.000139857361689868,0.0,0.0,0.0,0.0,0.0,line,ln5924720-2,,1000000.0,7199.557856794634,51.833633333333346,a
739,740,m1027121,n1134469,9.786710430614869e-06,0.0,0.0,0.0,0.0,0.0,2.034960824020954e-05,0.0,0.0,0.0,0.0,0.0,line,ln6106583-4,,1000000.0,7199.557856794634,51.833633333333346,a
740,741,n1134469,m1010017,0.0003587687249398556,0.0,0.0,0.0,0.0,0.0,0.0007459915211680445,0.0,0.0,0.0,0.0,0.0,line,ln6106583-5,,1000000.0,7199.557856794634,51.833633333333346,a
741,742,m1010017,m1010016,0.00020231627161000352,0.0,0.0,0.0,0.0,0.0,0.0004206783164856279,0.0,0.0,0.0,0.0,0.0,line,ln5768778-1,,1000000.0,7199.557856794634,51.833633333333346,a
742,743,m1010016,m1010015,9.106289215046341e-05,0.0,0.0,0.0,0.0,0.0,0.00018934801367837738,0.0,0.0,0.0,0.0,0.0,line,ln6076267-1,,1000000.0,7199.557856794634,51.833633333333346,a
743,744,m1010015,m1010014,9.106259674381305e-05,0.0,0.0,0.0,0.0,0.0,0.0001893473994362733,0.0,0.0,0.0,0.0,0.0,line,ln6409799-1,,1000000.0,7199.557856794634,51.833633333333346,a
744,745,m1010014,m1010011,6.540729005426977e-05,0.0,0.0,0.0,0.0,0.0,0.0001360020548369816,0.0,0.0,0.0,0.0,0.0,line,ln6440003-1,,1000000.0,7199.557856794634,51.833633333333346,a
745,746,m1010011,l3120504,9.174430913261594e-05,0.0,0.0,0.0,0.0,0.0,0.0001907648910585083,0.0,0.0,0.0,0.0,0.0,line,ln6198052-1,,1000000.0,7199.557856794634,51.833633333333346,a
745,747,m1010011,m1010008,9.072163592622292e-05,0.0,0.0,0.0,0.0,0.0,0.0001886384360810773,0.0,0.0,0.0,0.0,0.0,line,ln6106584-1,,1000000.0,7199.557856794634,51.833633333333346,a
747,748,m1010008,m1010007,2.5463449021838457e-06,0.0,0.0,0.0,0.0,0.0,5.294641296609859e-06,0.0,0.0,0.0,0.0,0.0,line,ln6344714-1,,1000000.0,7199.557856794634,51.833633333333346,a
748,749,m1010007,m1010004,0.00017888398948173287,0.0,0.0,0.0,0.0,0.0,0.00037195532985339626,0.0,0.0,0.0,0.0,0.0,line,ln6102293-1,,1000000.0,7199.557856794634,51.833633333333346,a
749,750,m1010004,m1010003,1.875798437179463e-05,0.0,0.0,0.0,0.0,0.0,3.900367095238676e-05,0.0,0.0,0.0,0.0,0.0,line,ln6198053-1,,1000000.0,7199.557856794634,51.833633333333346,a
750,751,m1010003,l2989571,6.650679025008857e-05,0.0,0.0,0.0,0.0,0.0,0.0001382882569682876,0.0,0.0,0.0,0.0,0.0,line,ln5803302-1,,1000000.0,7199.557856794634,51.833633333333346,a
749,752,m1010004,l3177894,0.00027898724380373357,0.0,0.0,0.0,0.0,0.0,0.0005801010621160391,0.0,0.0,0.0,0.0,0.0,line,ln5486878-1,,1000000.0,7199.557856794634,51.833633333333346,a
752,753,l3177894,l3082993,0.0001029996314876634,0.0,0.0,0.0,0.0,0.0,0.00021416819926572768,0.0,0.0,0.0,0.0,0.0,line,ln5486878-2,,1000000.0,7199.557856794634,51.833633333333346,a
753,754,l3082993,m3016088,6.821154398463288e-05,0.0,0.0,0.0,0.0,0.0,0.00014183296904390905,0.0,0.0,0.0,0.0,0.0,line,ln6492183-1,,1000000.0,7199.557856794634,51.833633333333346,a
754,755,m3016088,l3312692,5.218230469405642e-05,0.0,0.0,0.0,0.0,0.0,0.00010850320596729662,0.0,0.0,0.0,0.0,0.0,line,ln6492184-2,,1000000.0,7199.557856794634,51.833633333333346,a
744,756,m1010014,m1010013,1.4363245370284027e-05,0.0,0.0,0.0,0.0,0.0,2.986564468372851e-05,0.0,0.0,0.0,0.0,0.0,line,ln5803301-1,,1000000.0,7199.557856794634,51.833633333333346,a
756,757,m1010013,l3120503,6.135148542548627e-05,0.0,0.0,0.0,0.0,0.0,0.00012756877831575247,0.0,0.0,0.0,0.0,0.0,line,ln6379375-1,,1000000.0,7199.557856794634,51.833633333333346,a
742,758,m1010016,l3251807,0.00015813087782771672,0.0,0.0,0.0,0.0,0.0,0.00032880317010383853,0.0,0.0,0.0,0.0,0.0,line,ln5768778-2,,1000000.0,7199.557856794634,51.833633333333346,a
741,759,m1010017,l2858175,9.557931519367411e-05,0.0,0.0,0.0,0.0,0.0,0.00019873905883374302,0.0,0.0,0.0,0.0,0.0,line,ln6106583-2,,1000000.0,7199.557856794634,51.833633333333346,a
759,760,l2858175,m1027110,5.172798716920609e-06,0.0,0.0,0.0,0.0,0.0,1.0755853883803885e-05,0.0,0.0,0.0,0.0,0.0,line,ln6106583-3,,1000000.0,7199.557856794634,51.833633333333346,a
739,761,m1027121,m1027123,3.4827893549169156e-05,0.0,0.0,0.0,0.0,0.0,7.241799934534139e-05,0.0,0.0,0.0,0.0,0.0,line,ln5924720-1,,1000000.0,7199.557856794634,51.833633333333346,a
761,762,m1027123,l3008248,2.7865618694168324e-05,0.0,0.0,0.0,0.0,0.0,5.7941269215805166e-05,0.0,0.0,0.0,0.0,0.0,line,ln6076266-1,,1000000.0,7199.557856794634,51.833633333333346,a
729,763,m1027100,l3140238,7.844356539415526e-05,0.0,0.0,0.0,0.0,0.0,0.00016310851700922625,0.0,0.0,0.0,0.0,0.0,line,ln6122719-1,,1000000.0,7199.557856794634,51.833633333333346,a
725,764,m1027091,m1027092,3.087612800954849e-05,0.0,0.0,0.0,0.0,0.0,6.420105237847496e-05,0.0,0.0,0.0,0.0,0.0,line,ln6348967-1,,1000000.0,7199.557856794634,51.833633333333346,a
764,765,m1027092,l2689727,8.444637847112138e-05,0.0,0.0,0.0,0.0,0.0,0.00017559022833822823,0.0,0.0,0.0,0.0,0.0,line,ln5894313-1,,1000000.0,7199.557856794634,51.833633333333346,a
721,766,m1027080,n1134471,2.4958284627291544e-05,0.0,0.0,0.0,0.0,0.0,5.189601941467862e-05,0.0,0.0,0.0,0.0,0.0,line,ln6137084-3,,1000000.0,7199.557856794634,51.833633333333346,a
766,767,n1134471,l2839331,8.310155759870198e-05,0.0,0.0,0.0,0.0,0.0,0.00017279392838626651,0.0,0.0,0.0,0.0,0.0,line,ln6137084-2,,1000000.0,7199.557856794634,51.833633333333346,a
717,768,m1027055,n1147865,1.8770779731821483e-05,0.0,0.0,0.0,0.0,0.0,3.9030276476856394e-05,0.0,0.0,0.0,0.0,0.0,line,ln6379450-2,,1000000.0,7199.557856794634,51.833633333333346,a
768,769,n1147865,l2895489,0.0001349173085171854,0.0,0.0,0.0,0.0,0.0,0.0002805349552960786,0.0,0.0,0.0,0.0,0.0,line,ln6379450-3,,1000000.0,7199.557856794634,51.833633333333346,a
716,770,m1027043,d6019477-1_int,0.0,0.0,0.0,0.0,0.0,1.0234715876242516e-05,0.0,0.0,0.0,0.0,0.0,2.1281150597842192e-05,line,ln6019477-1,,1000000.0,7199.557856794634,51.833633333333346,c
770,771,d6019477-1_int,e182727,0.0,0.0,0.0,0.0,0.0,1.9292492840877444e-05,0.0,0.0,0.0,0.0,0.0,1.9292492840877444e-05,switch,v9287_48332_sw,CLOSED,1000000.0,7199.557856794634,51.833633333333346,c
771,772,e182727,m1027042,0.0,0.0,0.0,0.0,0.0,6.84321366628746e-06,0.0,0.0,0.0,0.0,0.0,1.422916496817703e-05,line,ln6439975-1,,1000000.0,7199.557856794634,51.833633333333346,c
772,773,m1027042,n1144666,0.0,0.0,0.0,0.0,0.0,2.621970011749128e-05,0.0,0.0,0.0,0.0,0.0,5.451889369257669e-05,line,ln6318745-3,,1000000.0,7199.557856794634,51.833633333333346,c
773,774,n1144666,m1027041,0.0,0.0,0.0,0.0,0.0,3.5089752522332665e-05,0.0,0.0,0.0,0.0,0.0,7.29624854171262e-05,line,ln6318745-2,,1000000.0,7199.557856794634,51.833633333333346,c
774,775,m1027041,l3010564,0.0,0.0,0.0,0.0,0.0,7.883501165588107e-05,0.0,0.0,0.0,0.0,0.0,0.00016392245527067684,line,ln5774456-1,,1000000.0,7199.557856794634,51.833633333333346,c
775,776,l3010564,l2710515,0.0,0.0,0.0,0.0,0.0,0.00013829220641166704,0.0,0.0,0.0,0.0,0.0,0.0002875524154008111,line,ln5865238-1,,1000000.0,7199.557856794634,51.833633333333346,c
776,777,l2710515,m1027027,0.0,0.0,0.0,0.0,0.0,0.0001551284608642136,0.0,0.0,0.0,0.0,0.0,0.0003225602134521407,line,ln5895775-1,,1000000.0,7199.557856794634,51.833633333333346,c
777,778,m1027027,l3270853,0.0,0.0,0.0,0.0,0.0,4.824723298707595e-05,0.0,0.0,0.0,0.0,0.0,0.00010032097065933377,line,ln6137083-1,,1000000.0,7199.557856794634,51.833633333333346,c
777,779,m1027027,l2766746,0.0,0.0,0.0,0.0,0.0,0.00013114376829973328,0.0,0.0,0.0,0.0,0.0,0.00027268859408530747,line,ln6077807-1,,1000000.0,7199.557856794634,51.833633333333346,c
779,780,l2766746,m1027073,0.0,0.0,0.0,0.0,0.0,0.00012362270379142498,0.0,0.0,0.0,0.0,0.0,0.0002570499668490664,line,ln6077809-1,,1000000.0,7199.557856794634,51.833633333333346,c
780,781,m1027073,m1027071,0.0,0.0,0.0,0.0,0.0,0.00010722615430521622,0.0,0.0,0.0,0.0,0.0,0.0002229564518829151,line,ln6077808-1,,1000000.0,7199.557856794634,51.833633333333346,c
781,782,m1027071,l3235241,0.0,0.0,0.0,0.0,0.0,1.6487053579754196e-05,0.0,0.0,0.0,0.0,0.0,3.428170106410959e-05,line,ln5714043-1,,1000000.0,7199.557856794634,51.833633333333346,c
782,783,l3235241,l2691941,0.0,0.0,0.0,0.0,0.0,0.00017253477182447175,0.0,0.0,0.0,0.0,0.0,0.0003587533358970912,line,ln5683805-1,,1000000.0,7199.557856794634,51.833633333333346,c
781,784,m1027071,l3235267,0.0,0.0,0.0,0.0,0.0,7.440397680013427e-05,0.0,0.0,0.0,0.0,0.0,0.0001547089586568309,line,ln5562957-1,,1000000.0,7199.557856794634,51.833633333333346,c
784,785,l3235267,m1027068,0.0,0.0,0.0,0.0,0.0,7.151655806493722e-05,0.0,0.0,0.0,0.0,0.0,0.0001487051190108867,line,ln6380842-1,,1000000.0,7199.557856794634,51.833633333333346,c
785,786,m1027068,l3235268,0.0,0.0,0.0,0.0,0.0,0.00010177354394733405,0.0,0.0,0.0,0.0,0.0,0.00021161878275945665,line,ln5956494-1,,1000000.0,7199.557856794634,51.833633333333346,c
785,787,m1027068,m1027066,0.0,0.0,0.0,0.0,0.0,0.00014693009828238934,0.0,0.0,0.0,0.0,0.0,0.0003055132733251061,line,ln6138629-1,,1000000.0,7199.557856794634,51.833633333333346,c
787,788,m1027066,l2841645,0.0,0.0,0.0,0.0,0.0,1.3710626060685176e-05,0.0,0.0,0.0,0.0,0.0,2.8508646602045384e-05,line,ln6229827-1,,1000000.0,7199.557856794634,51.833633333333346,c
788,789,l2841645,l3066829,0.0,0.0,0.0,0.0,0.0,3.358807743234926e-05,0.0,0.0,0.0,0.0,0.0,6.98400368679538e-05,line,ln6077810-1,,1000000.0,7199.557856794634,51.833633333333346,c
780,790,m1027073,l3104118,0.0,0.0,0.0,0.0,0.0,9.14076988493314e-05,0.0,0.0,0.0,0.0,0.0,0.00019006497381429942,line,ln5804827-1,,1000000.0,7199.557856794634,51.833633333333346,c
790,791,l3104118,l2748126,0.0,0.0,0.0,0.0,0.0,8.926644374405548e-05,0.0,0.0,0.0,0.0,0.0,0.0001856126399229843,line,ln5774448-1,,1000000.0,7199.557856794634,51.833633333333346,c
780,792,m1027073,l2879089,0.0,0.0,0.0,0.0,0.0,5.1788024095037387e-05,0.0,0.0,0.0,0.0,0.0,0.00010768337423899153,line,ln6320362-1,,1000000.0,7199.557856794634,51.833633333333346,c
777,793,m1027027,m1027014,0.0,0.0,0.0,0.0,0.0,0.00018801769455996714,0.0,0.0,0.0,0.0,0.0,0.00039094713730917303,line,ln6290201-1,,1000000.0,7199.557856794634,51.833633333333346,c
774,794,m1027041,l2916607,0.0,0.0,0.0,0.0,0.0,7.818632886369146e-05,0.0,0.0,0.0,0.0,0.0,0.00016257364243036534,line,ln5623399-1,,1000000.0,7199.557856794634,51.833633333333346,c
772,795,m1027042,l3235248,0.0,0.0,0.0,0.0,0.0,7.733433020644896e-05,0.0,0.0,0.0,0.0,0.0,0.0001608020728085818,line,ln5531226-1,,1000000.0,7199.557856794634,51.833633333333346,c
715,796,m1027039,d5806920-1_int,0.0,0.0,0.0,5.116805729098672e-06,0.0,0.0,0.0,0.0,0.0,1.0639427084987929e-05,0.0,0.0,line,ln5806920-1,,1000000.0,7199.557856794634,51.833633333333346,b
796,797,d5806920-1_int,e182726,0.0,0.0,0.0,1.9292492840877444e-05,0.0,0.0,0.0,0.0,0.0,1.9292492840877444e-05,0.0,0.0,switch,v7313_48332_sw,CLOSED,1000000.0,7199.557856794634,51.833633333333346,b
797,798,e182726,l2766744,0.0,0.0,0.0,8.376653699110422e-05,0.0,0.0,0.0,0.0,0.0,0.00017417662691598566,0.0,0.0,line,ln5958705-1,,1000000.0,7199.557856794634,51.833633333333346,b
798,799,l2766744,m1027038,0.0,0.0,0.0,5.975042054418976e-05,0.0,0.0,0.0,0.0,0.0,0.00012423966754533252,0.0,0.0,line,ln5895810-1,,1000000.0,7199.557856794634,51.833633333333346,b
799,800,m1027038,l2731712,0.0,0.0,0.0,6.654982115216053e-05,0.0,0.0,0.0,0.0,0.0,0.00013837773156811307,0.0,0.0,line,ln5829253-1,,1000000.0,7199.557856794634,51.833633333333346,b
799,801,m1027038,m1027036,0.0,0.0,0.0,0.00011622070830458212,0.0,0.0,0.0,0.0,0.0,0.00024165892106090697,0.0,0.0,line,ln5472396-1,,1000000.0,7199.557856794634,51.833633333333346,b
801,802,m1027036,l2785543,0.0,0.0,0.0,8.984641204005893e-05,0.0,0.0,0.0,0.0,0.0,0.00018681857400053628,0.0,0.0,line,ln5714070-1,,1000000.0,7199.557856794634,51.833633333333346,b
801,803,m1027036,l3010580,0.0,0.0,0.0,2.400454635310792e-05,0.0,0.0,0.0,0.0,0.0,4.991290155491061e-05,0.0,0.0,line,ln5744364-1,,1000000.0,7199.557856794634,51.833633333333346,b
698,804,m1026997,l3216361,0.0,0.0,0.0,2.3629678670670067e-05,0.0,0.0,0.0,0.0,0.0,4.913343530487603e-05,0.0,0.0,line,ln5744360-1,,1000000.0,7199.557856794634,51.833633333333346,b
804,805,l3216361,l2729434,0.0,0.0,0.0,0.00010461972659965311,0.0,0.0,0.0,0.0,0.0,0.0002175368797916925,0.0,0.0,line,ln5683846-1,,1000000.0,7199.557856794634,51.833633333333346,b
695,806,m1026979,l2748152,0.0,0.0,0.0,8.619093041905221e-05,0.0,0.0,0.0,0.0,0.0,0.00017921769325064994,0.0,0.0,line,ln5865240-1,,1000000.0,7199.557856794634,51.833633333333346,b
689,807,m1026960,m1026961,1.2234125435929952e-05,0.0,0.0,0.0,0.0,0.0,2.5438543578847447e-05,0.0,0.0,0.0,0.0,0.0,line,ln5776666-1,,1000000.0,7199.557856794634,51.833633333333346,a
807,808,m1026961,l2710516,9.596873501053689e-05,0.0,0.0,0.0,0.0,0.0,0.0001995487834874267,0.0,0.0,0.0,0.0,0.0,line,ln6262263-1,,1000000.0,7199.557856794634,51.833633333333346,a
808,809,l2710516,l2691944,9.569629287033065e-05,0.0,0.0,0.0,0.0,0.0,0.00019898229172692888,0.0,0.0,0.0,0.0,0.0,line,ln6411374-1,,1000000.0,7199.557856794634,51.833633333333346,a
809,810,l2691944,l2673312,0.000101432313459279,0.0,0.0,0.0,0.0,0.0,0.00021090925867567323,0.0,0.0,0.0,0.0,0.0,line,ln5472355-1,,1000000.0,7199.557856794634,51.833633333333346,a
810,811,l2673312,l3235247,0.00018603152123235296,0.0,0.0,0.0,0.0,0.0,0.0003868172665624443,0.0,0.0,0.0,0.0,0.0,line,ln6350536-1,,1000000.0,7199.557856794634,51.833633333333346,a
687,812,m1026954,d5655682-1_int,0.0,0.0,0.0,5.117725517987355e-06,0.0,0.0,0.0,0.0,0.0,1.0641339611539222e-05,0.0,0.0,line,ln5655682-1,,1000000.0,7199.557856794634,51.833633333333346,b
812,813,d5655682-1_int,e182725,0.0,0.0,0.0,1.9292492840877444e-05,0.0,0.0,0.0,0.0,0.0,1.9292492840877444e-05,0.0,0.0,switch,l5491_48332_sw,CLOSED,1000000.0,7199.557856794634,51.833633333333346,b
813,814,e182725,m1026948,0.0,0.0,0.0,0.00013920119729210568,0.0,0.0,0.0,0.0,0.0,0.0002894424895418611,0.0,0.0,line,ln6292464-1,,1000000.0,7199.557856794634,51.833633333333346,b
814,815,m1026948,m1026947,0.0,0.0,0.0,5.470896589022957e-05,0.0,0.0,0.0,0.0,0.0,0.00011375691873037388,0.0,0.0,line,ln6199516-1,,1000000.0,7199.557856794634,51.833633333333346,b
815,816,m1026947,m1026946,0.0,0.0,0.0,0.0001551416646463139,0.0,0.0,0.0,0.0,0.0,0.00032258766821285266,0.0,0.0,line,ln6077775-1,,1000000.0,7199.557856794634,51.833633333333346,b
816,817,m1026946,m1026940,0.0,0.0,0.0,0.00014386509762966,0.0,0.0,0.0,0.0,0.0,0.00029914018576098264,0.0,0.0,line,ln6138603-1,,1000000.0,7199.557856794634,51.833633333333346,b
817,818,m1026940,m1026935,0.0,0.0,0.0,0.00012852016560675853,0.0,0.0,0.0,0.0,0.0,0.00026723330986508755,0.0,0.0,line,ln6017291-1,,1000000.0,7199.557856794634,51.833633333333346,b
818,819,m1026935,l2935556,0.0,0.0,0.0,0.00010234982077917232,0.0,0.0,0.0,0.0,0.0,0.00021281704113738245,0.0,0.0,line,ln5865239-1,,1000000.0,7199.557856794634,51.833633333333346,b
817,820,m1026940,m1026939,0.0,0.0,0.0,7.364230991589115e-05,0.0,0.0,0.0,0.0,0.0,0.00015312521682511157,0.0,0.0,line,ln5562925-1,,1000000.0,7199.557856794634,51.833633333333346,b
820,821,m1026939,l3104124,0.0,0.0,0.0,2.7500016038492374e-05,0.0,0.0,0.0,0.0,0.0,5.7181067831761726e-05,0.0,0.0,line,ln5623398-1,,1000000.0,7199.557856794634,51.833633333333346,b
814,822,m1026948,m1026949,0.0,0.0,0.0,1.01009403032394e-05,0.0,0.0,0.0,0.0,0.0,2.1002989665011583e-05,0.0,0.0,line,ln5593227-1,,1000000.0,7199.557856794634,51.833633333333346,b
822,823,m1026949,m1026951,0.0,0.0,0.0,9.754324574327219e-05,0.0,0.0,0.0,0.0,0.0,0.00020282267994204528,0.0,0.0,line,ln6259991-1,,1000000.0,7199.557856794634,51.833633333333346,b
823,824,m1026951,l2954347,0.0,0.0,0.0,7.450160869808469e-05,0.0,0.0,0.0,0.0,0.0,0.00015491196567222438,0.0,0.0,line,ln6047564-1,,1000000.0,7199.557856794634,51.833633333333346,b
824,825,l2954347,m1026953,0.0,0.0,0.0,3.4106003617985484e-05,0.0,0.0,0.0,0.0,0.0,7.09169661436043e-05,0.0,0.0,line,ln5500962-1,,1000000.0,7199.557856794634,51.833633333333346,b
825,826,m1026953,l2764399,0.0,0.0,0.0,3.410600585591465e-05,0.0,0.0,0.0,0.0,0.0,7.091697079695356e-05,0.0,0.0,line,ln5651966-1,,1000000.0,7199.557856794634,51.833633333333346,b
825,827,m1026953,l3008232,0.0,0.0,0.0,3.410544637362227e-05,0.0,0.0,0.0,0.0,0.0,7.091580745963527e-05,0.0,0.0,line,ln5500962-2,,1000000.0,7199.557856794634,51.833633333333346,b
681,828,m1026926,n1138000,6.4975308181496045e-06,0.0,0.0,0.0,0.0,0.0,1.3510383046014523e-05,0.0,0.0,0.0,0.0,0.0,line,ln5532749-2,,1000000.0,7199.557856794634,51.833633333333346,a
828,829,n1138000,l2766720,5.593604147628726e-05,0.0,0.0,0.0,0.0,0.0,0.00011630838969034903,0.0,0.0,0.0,0.0,0.0,line,ln5532749-3,,1000000.0,7199.557856794634,51.833633333333346,a
680,830,m1026920,l2729408,0.0,0.0,0.0,2.7119831036347697e-05,0.0,0.0,0.0,0.0,0.0,5.6390545223853994e-05,0.0,0.0,line,ln6320338-1,,1000000.0,7199.557856794634,51.833633333333346,b
553,831,m1026905,p827515,6.176400290930791e-06,0.0,0.0,0.0,0.0,0.0,1.2842653018728506e-05,0.0,0.0,0.0,0.0,0.0,line,ln6383058-1,,1000000.0,7199.557856794634,51.833633333333346,a
831,832,p827515,l2991909,7.338152962458736e-05,0.0,0.0,0.0,0.0,0.0,0.00015258297366767647,0.0,0.0,0.0,0.0,0.0,line,ln5534968-1,,1000000.0,7199.557856794634,51.833633333333346,a
552,833,m1026902,n1147864,1.183187780906734e-05,0.0,0.0,0.0,0.0,0.0,2.4602145927129676e-05,0.0,0.0,0.0,0.0,0.0,line,ln6411373-2,,1000000.0,7199.557856794634,51.833633333333346,a
833,834,n1147864,l2710536,7.683762294623374e-05,0.0,0.0,0.0,0.0,0.0,0.0001597692642640653,0.0,0.0,0.0,0.0,0.0,line,ln6411373-3,,1000000.0,7199.557856794634,51.833633333333346,a
550,835,m1026896,p860847,3.498052591335483e-05,0.0,0.0,0.0,0.0,0.0,7.273536939914815e-05,0.0,0.0,0.0,0.0,0.0,line,ln5695520-1,,1000000.0,7199.557856794634,51.833633333333346,a
835,836,p860847,m1026880,8.48950832696145e-05,0.0,0.0,0.0,0.0,0.0,0.00017652322486750877,0.0,0.0,0.0,0.0,0.0,line,ln5472401-1,,1000000.0,7199.557856794634,51.833633333333346,a
836,837,m1026880,m1026874,8.221393894183247e-05,0.0,0.0,0.0,0.0,0.0,0.0001709482937307758,0.0,0.0,0.0,0.0,0.0,line,ln6290241-1,,1000000.0,7199.557856794634,51.833633333333346,a
837,838,m1026874,l3197638,0.00011646561608325093,0.0,0.0,0.0,0.0,0.0,0.00024216816033862176,0.0,0.0,0.0,0.0,0.0,line,ln6229799-1,,1000000.0,7199.557856794634,51.833633333333346,a
838,839,l3197638,m1026849,6.851031871841255e-05,0.0,0.0,0.0,0.0,0.0,0.0001424542144386302,0.0,0.0,0.0,0.0,0.0,line,ln6290213-1,,1000000.0,7199.557856794634,51.833633333333346,a
839,840,m1026849,m1026848,1.3226452322783981e-06,0.0,0.0,0.0,0.0,0.0,2.750189914013359e-06,0.0,0.0,0.0,0.0,0.0,line,ln6077780-1,,1000000.0,7199.557856794634,51.833633333333346,a
840,841,m1026848,l2935557,6.714591932265343e-05,0.0,0.0,0.0,0.0,0.0,0.00013961720466055177,0.0,0.0,0.0,0.0,0.0,line,ln5683825-1,,1000000.0,7199.557856794634,51.833633333333346,a
840,842,m1026848,m1026847,7.601054474925867e-05,0.0,0.0,0.0,0.0,0.0,0.00015804951201311371,0.0,0.0,0.0,0.0,0.0,line,ln5653461-1,,1000000.0,7199.557856794634,51.833633333333346,a
842,843,m1026847,l2673311,6.798866638070904e-05,0.0,0.0,0.0,0.0,0.0,0.0001413695373364398,0.0,0.0,0.0,0.0,0.0,line,ln5804799-1,,1000000.0,7199.557856794634,51.833633333333346,a
836,844,m1026880,l2766748,3.867602170791294e-05,0.0,0.0,0.0,0.0,0.0,8.041945203403965e-05,0.0,0.0,0.0,0.0,0.0,line,ln5623425-1,,1000000.0,7199.557856794634,51.833633333333346,a
537,845,m1026851,p827536,7.52499543089461e-06,0.0,0.0,0.0,0.0,0.0,1.5646800844239484e-05,0.0,0.0,0.0,0.0,0.0,line,ln6019479-1,,1000000.0,7199.557856794634,51.833633333333346,a
845,846,p827536,n1137999,1.4028305701124559e-05,0.0,0.0,0.0,0.0,0.0,2.9169201164752097e-05,0.0,0.0,0.0,0.0,0.0,line,ln6440002-3,,1000000.0,7199.557856794634,51.833633333333346,a
846,847,n1137999,l2876813,9.029828798418527e-05,0.0,0.0,0.0,0.0,0.0,0.00018775816432573694,0.0,0.0,0.0,0.0,0.0,line,ln6440002-2,,1000000.0,7199.557856794634,51.833633333333346,a
847,848,l2876813,l2785531,8.940420059305122e-05,0.0,0.0,0.0,0.0,0.0,0.000185899079164172,0.0,0.0,0.0,0.0,0.0,line,ln6015809-1,,1000000.0,7199.557856794634,51.833633333333346,a
848,849,l2785531,l3216358,0.0001023150758098506,0.0,0.0,0.0,0.0,0.0,0.00021274479556324105,0.0,0.0,0.0,0.0,0.0,line,ln5956488-1,,1000000.0,7199.557856794634,51.833633333333346,a
849,850,l3216358,m1026826,5.12236362619123e-05,0.0,0.0,0.0,0.0,0.0,0.00010650983677907971,0.0,0.0,0.0,0.0,0.0,line,ln6350560-1,,1000000.0,7199.557856794634,51.833633333333346,a
850,851,m1026826,l2952013,9.353808433263084e-05,0.0,0.0,0.0,0.0,0.0,0.0001944947063881945,0.0,0.0,0.0,0.0,0.0,line,ln6258470-1,,1000000.0,7199.557856794634,51.833633333333346,a
850,852,m1026826,m1026820,6.765560657205197e-05,0.0,0.0,0.0,0.0,0.0,0.00014067700263085291,0.0,0.0,0.0,0.0,0.0,line,ln5683843-1,,1000000.0,7199.557856794634,51.833633333333346,a
852,853,m1026820,l3141403,6.627912012084816e-05,0.0,0.0,0.0,0.0,0.0,0.00013781486011334978,0.0,0.0,0.0,0.0,0.0,line,ln5774486-1,,1000000.0,7199.557856794634,51.833633333333346,a
853,854,l3141403,m3037538,6.676561011543983e-05,0.0,0.0,0.0,0.0,0.0,0.00013882642379175938,0.0,0.0,0.0,0.0,0.0,line,ln6167751-3,,1000000.0,7199.557856794634,51.833633333333346,a
854,855,m3037538,l2857591,8.089947334066874e-05,0.0,0.0,0.0,0.0,0.0,0.00016821511180835605,0.0,0.0,0.0,0.0,0.0,line,ln5501001-2,,1000000.0,7199.557856794634,51.833633333333346,a
854,856,m3037538,l3027133,2.8232975886313194e-06,0.0,0.0,0.0,0.0,0.0,5.870511882567881e-06,0.0,0.0,0.0,0.0,0.0,line,ln6167751-6,,1000000.0,7199.557856794634,51.833633333333346,a
856,857,l3027133,m3037453,6.748725499337945e-05,0.0,0.0,0.0,0.0,0.0,0.00014032694745175103,0.0,0.0,0.0,0.0,0.0,line,ln5528079-3,,1000000.0,7199.557856794634,51.833633333333346,a
857,858,m3037453,m1026812,7.662472538744147e-06,0.0,0.0,0.0,0.0,0.0,1.5932658416768002e-05,0.0,0.0,0.0,0.0,0.0,line,ln5679261-2,,1000000.0,7199.557856794634,51.833633333333346,a
858,859,m1026812,l3122847,9.712409279946287e-05,0.0,0.0,0.0,0.0,0.0,0.00020195113088991763,0.0,0.0,0.0,0.0,0.0,line,ln6255312-1,,1000000.0,7199.557856794634,51.833633333333346,a
857,860,m3037453,l2785546,3.82922772794241e-06,0.0,0.0,0.0,0.0,0.0,7.962152827411287e-06,0.0,0.0,0.0,0.0,0.0,line,ln6436903-4,,1000000.0,7199.557856794634,51.833633333333346,a
860,861,l2785546,m1026810,0.00013325086813002366,0.0,0.0,0.0,0.0,0.0,0.00027706990856001467,0.0,0.0,0.0,0.0,0.0,line,ln6376200-2,,1000000.0,7199.557856794634,51.833633333333346,a
861,862,m1026810,l2914324,0.00015164544861155142,0.0,0.0,0.0,0.0,0.0,0.00031531795004401895,0.0,0.0,0.0,0.0,0.0,line,ln6260002-1,,1000000.0,7199.557856794634,51.833633333333346,a
862,863,l2914324,m1026805,0.00011999842225993544,0.0,0.0,0.0,0.0,0.0,0.00024951396076807267,0.0,0.0,0.0,0.0,0.0,line,ln6047585-1,,1000000.0,7199.557856794634,51.833633333333346,a
863,864,m1026805,l3010585,9.419464463549729e-05,0.0,0.0,0.0,0.0,0.0,0.00019585989901794776,0.0,0.0,0.0,0.0,0.0,line,ln5683859-1,,1000000.0,7199.557856794634,51.833633333333346,a
864,865,l3010585,m1026798,6.491511571958746e-05,0.0,0.0,0.0,0.0,0.0,0.00013497867165141806,0.0,0.0,0.0,0.0,0.0,line,ln6320366-1,,1000000.0,7199.557856794634,51.833633333333346,a
865,866,m1026798,l2952014,2.745901941403554e-05,0.0,0.0,0.0,0.0,0.0,5.709582312642562e-05,0.0,0.0,0.0,0.0,0.0,line,ln5803299-1,,1000000.0,7199.557856794634,51.833633333333346,a
863,867,m1026805,l3120502,0.00010129093899778071,0.0,0.0,0.0,0.0,0.0,0.00021061529729538537,0.0,0.0,0.0,0.0,0.0,line,ln6106580-1,,1000000.0,7199.557856794634,51.833633333333346,a
867,868,l3120502,m1026792,0.0001414280375226124,0.0,0.0,0.0,0.0,0.0,0.00029407278146943196,0.0,0.0,0.0,0.0,0.0,line,ln6198049-1,,1000000.0,7199.557856794634,51.833633333333346,a
868,869,m1026792,l2821010,0.00019340460267432531,0.0,0.0,0.0,0.0,0.0,0.00040214819107799366,0.0,0.0,0.0,0.0,0.0,line,ln5652982-1,,1000000.0,7199.557856794634,51.833633333333346,a
869,870,l2821010,m1026773,0.00012196200369258311,0.0,0.0,0.0,0.0,0.0,0.0002535968559538883,0.0,0.0,0.0,0.0,0.0,line,ln6349988-1,,1000000.0,7199.557856794634,51.833633333333346,a
870,871,m1026773,m1026777,3.452847988661158e-05,0.0,0.0,0.0,0.0,0.0,7.179542541940271e-05,0.0,0.0,0.0,0.0,0.0,line,ln5652983-1,,1000000.0,7199.557856794634,51.833633333333346,a
871,872,m1026777,l3233353,6.895177374536095e-05,0.0,0.0,0.0,0.0,0.0,0.00014337213644294018,0.0,0.0,0.0,0.0,0.0,line,ln5773980-1,,1000000.0,7199.557856794634,51.833633333333346,a
870,873,m1026773,l3195751,0.00013189532086309465,0.0,0.0,0.0,0.0,0.0,0.00027425130510498646,0.0,0.0,0.0,0.0,0.0,line,ln6199040-1,,1000000.0,7199.557856794634,51.833633333333346,a
868,874,m1026792,l2895461,6.126020812741276e-05,0.0,0.0,0.0,0.0,0.0,0.00012737898448562032,0.0,0.0,0.0,0.0,0.0,line,ln5501000-1,,1000000.0,7199.557856794634,51.833633333333346,a
852,875,m1026820,m1026823,0.00010045195837451743,0.0,0.0,0.0,0.0,0.0,0.00020887079620632415,0.0,0.0,0.0,0.0,0.0,line,ln6411406-1,,1000000.0,7199.557856794634,51.833633333333346,a
875,876,m1026823,l2879087,7.302917998545344e-05,0.0,0.0,0.0,0.0,0.0,0.00015185032941802905,0.0,0.0,0.0,0.0,0.0,line,ln6047598-1,,1000000.0,7199.557856794634,51.833633333333346,a
535,877,m1026852,l2785529,0.0,0.0,0.0,0.0,0.0,9.042579959344286e-06,0.0,0.0,0.0,0.0,0.0,1.8802330053395185e-05,line,ln5774469-1,,1000000.0,7199.557856794634,51.833633333333346,c
483,878,m1026830,p827511,0.0,0.0,0.0,0.0,0.0,3.086045019675127e-06,0.0,0.0,0.0,0.0,0.0,6.416845334014143e-06,line,ln5928545-1,,1000000.0,7199.557856794634,51.833633333333346,c
878,879,p827511,n1140527,0.0,0.0,0.0,0.0,0.0,1.330053337311874e-05,0.0,0.0,0.0,0.0,0.0,2.765593663445034e-05,line,ln6140775-4,,1000000.0,7199.557856794634,51.833633333333346,c
879,880,n1140527,l3342743,0.0,0.0,0.0,0.0,0.0,0.00015779272673019896,0.0,0.0,0.0,0.0,0.0,0.0003281000490286551,line,ln6140775-5,,1000000.0,7199.557856794634,51.833633333333346,c
880,881,l3342743,m1026883,0.0,0.0,0.0,0.0,0.0,0.00031601729546259854,0.0,0.0,0.0,0.0,0.0,0.000657098031599817,line,ln6140775-3,,1000000.0,7199.557856794634,51.833633333333346,c
881,882,m1026883,m1026898,0.0,0.0,0.0,0.0,0.0,6.895824024169634e-05,0.0,0.0,0.0,0.0,0.0,0.00014338558229566513,line,ln5653491-1,,1000000.0,7199.557856794634,51.833633333333346,c
882,883,m1026898,l3197661,0.0,0.0,0.0,0.0,0.0,3.2566692154193316e-06,0.0,0.0,0.0,0.0,0.0,6.771625989302954e-06,line,ln6229832-1,,1000000.0,7199.557856794634,51.833633333333346,c
883,884,l3197661,l3122848,0.0,0.0,0.0,0.0,0.0,7.603534212342178e-05,0.0,0.0,0.0,0.0,0.0,0.00015810107344973564,line,ln6229832-2,,1000000.0,7199.557856794634,51.833633333333346,c
482,885,m3763619,m3763624,2.7236829173335954e-05,1.1138974974421358e-05,1.1138974974421358e-05,2.7236829173335954e-05,1.1138974974421358e-05,2.7236829173335954e-05,5.97563449832123e-05,2.628391021788298e-05,2.628391021788298e-05,5.97563449832123e-05,2.628391021788298e-05,5.97563449832123e-05,line,ln6896673-6,,1000000.0,7199.557856794634,51.833633333333346,abc
885,886,m3763624,m3763618,1.0329472552248887e-05,4.2244174432430896e-06,4.2244174432430896e-06,1.0329472552248887e-05,4.2244174432430896e-06,1.0329472552248887e-05,2.2662385602912903e-05,9.968081359014642e-06,9.968081359014642e-06,2.2662385602912903e-05,9.968081359014642e-06,2.2662385602912903e-05,line,ln6896673-7,,1000000.0,7199.557856794634,51.833633333333346,abc
886,887,m3763618,p1121282,0.0,0.0,0.0,0.0,0.0,7.000969791034005e-05,0.0,0.0,0.0,0.0,0.0,3.9516236562154935e-05,line,ln81354561-2,,1000000.0,7199.557856794634,51.833633333333346,c
887,888,p1121282,221-559681,0.0,0.0,0.0,0.0,0.0,5.7268829844869045e-05,0.0,0.0,0.0,0.0,0.0,3.232478778419931e-05,line,ln81354562-4,,1000000.0,7199.557856794634,51.833633333333346,c
888,889,221-559681,n1140526,0.0,0.0,0.0,0.0,0.0,0.00024551517540052816,0.0,0.0,0.0,0.0,0.0,0.00013857845470424928,line,ln81354562-6,,1000000.0,7199.557856794634,51.833633333333346,c
889,890,n1140526,m3763620,0.0,0.0,0.0,0.0,0.0,0.009002267746538313,0.0,0.0,0.0,0.0,0.0,0.005081235207208703,line,ln81354562-7,,1000000.0,7199.557856794634,51.833633333333346,c
890,891,m3763620,l3645812,0.0,0.0,0.0,0.0,0.0,0.000825352651438776,0.0,0.0,0.0,0.0,0.0,0.0004658616105332379,line,ln81353934-3,,1000000.0,7199.557856794634,51.833633333333346,c
891,892,l3645812,228-1353934-4_int,0.0,0.0,0.0,0.0,0.0,0.005492441073469927,0.0,0.0,0.0,0.0,0.0,0.003100150511160513,line,ln81353934-4,,1000000.0,7199.557856794634,51.833633333333346,c
885,893,m3763624,p1121283,0.0,0.0,0.0,0.0,0.0,0.0001843436271481515,0.0,0.0,0.0,0.0,0.0,0.00010405081862288897,line,ln81354563-2,,1000000.0,7199.557856794634,51.833633333333346,c
893,894,p1121283,221-559682,0.0,0.0,0.0,0.0,0.0,5.983991850861312e-05,0.0,0.0,0.0,0.0,0.0,3.377601169876186e-05,line,ln81354564-4,,1000000.0,7199.557856794634,51.833633333333346,c
894,895,221-559682,n1140525,0.0,0.0,0.0,0.0,0.0,0.00024700173057150146,0.0,0.0,0.0,0.0,0.0,0.00013941752511238193,line,ln81354564-10,,1000000.0,7199.557856794634,51.833633333333346,c
895,896,n1140525,l3645809,0.0,0.0,0.0,0.0,0.0,0.0011820892239511407,0.0,0.0,0.0,0.0,0.0,0.0006672178113245131,line,ln81354564-11,,1000000.0,7199.557856794634,51.833633333333346,c
896,897,l3645809,l3645810,0.0,0.0,0.0,0.0,0.0,0.002731458311811828,0.0,0.0,0.0,0.0,0.0,0.001541742873215267,line,ln81354564-8,,1000000.0,7199.557856794634,51.833633333333346,c
897,898,l3645810,m3763623,0.0,0.0,0.0,0.0,0.0,0.00018143195785513775,0.0,0.0,0.0,0.0,0.0,0.00010240735755952535,line,ln81354564-9,,1000000.0,7199.557856794634,51.833633333333346,c
898,899,m3763623,l3645811,0.0,0.0,0.0,0.0,0.0,0.0026465610647791746,0.0,0.0,0.0,0.0,0.0,0.0014938235163639564,line,ln81353936-2,,1000000.0,7199.557856794634,51.833633333333346,c
899,900,l3645811,193-103041,0.0,0.0,0.0,0.0,0.0,0.00010568946411501153,0.0,0.0,0.0,0.0,0.0,5.9655304775702245e-05,line,ln81353936-3,,1000000.0,7199.557856794634,51.833633333333346,c
474,901,m1047552,p827529,0.0,0.0,0.0,9.809961395721822e-06,0.0,0.0,0.0,0.0,0.0,2.0397954212483654e-05,0.0,0.0,line,ln6292466-1,,1000000.0,7199.557856794634,51.833633333333346,b
901,902,p827529,n1136668,0.0,0.0,0.0,5.081974599503924e-06,0.0,0.0,0.0,0.0,0.0,1.0567002356899537e-05,0.0,0.0,line,ln6201698-2,,1000000.0,7199.557856794634,51.833633333333346,b
902,903,n1136668,l3029506,0.0,0.0,0.0,4.844375338020551e-05,0.0,0.0,0.0,0.0,0.0,0.00010072959754573767,0.0,0.0,line,ln6201698-3,,1000000.0,7199.557856794634,51.833633333333346,b
903,904,l3029506,m1047518,0.0,0.0,0.0,9.899777773633463e-05,0.0,0.0,0.0,0.0,0.0,0.0002058471033621027,0.0,0.0,line,ln6350545-1,,1000000.0,7199.557856794634,51.833633333333346,b
904,905,m1047518,l2973160,0.0,0.0,0.0,9.68351067678708e-05,0.0,0.0,0.0,0.0,0.0,0.0002013502392449175,0.0,0.0,line,ln5653463-1,,1000000.0,7199.557856794634,51.833633333333346,b
473,906,m1047548,n1136670,3.4484990952463916e-05,1.4103236788983199e-05,1.4103236788983199e-05,3.4484990952463916e-05,1.4103236788983199e-05,3.4484990952463916e-05,7.565847709305861e-05,3.327848481520042e-05,3.327848481520042e-05,7.565847709305861e-05,3.327848481520042e-05,7.565847709305861e-05,line,ln5956471-3,,1000000.0,7199.557856794634,51.833633333333346,abc
906,907,n1136670,m1047572,0.00020152786398020832,8.241832480712321e-05,8.241832480712321e-05,0.00020152786398020832,8.241832480712321e-05,0.00020152786398020832,0.00044214282386146947,0.00019447712689122697,0.00019447712689122697,0.00044214282386146947,0.00019447712689122697,0.00044214282386146947,line,ln5956471-2,,1000000.0,7199.557856794634,51.833633333333346,abc
907,908,m1047572,m1047580,6.625842213903582e-05,2.7097534054143707e-05,2.7097534054143707e-05,6.625842213903582e-05,2.7097534054143707e-05,6.625842213903582e-05,0.0001453679173220219,6.39402776144704e-05,6.39402776144704e-05,0.0001453679173220219,6.39402776144704e-05,0.0001453679173220219,line,ln5631690-1,,1000000.0,7199.557856794634,51.833633333333346,abc
908,909,m1047580,n1136672,0.0,0.0,0.0,0.0,0.0,1.1848779769120306e-05,0.0,0.0,0.0,0.0,0.0,2.4637290347515668e-05,line,ln6025724-2,,1000000.0,7199.557856794634,51.833633333333346,c
909,910,n1136672,l3253995,0.0,0.0,0.0,0.0,0.0,1.3609524253557373e-05,0.0,0.0,0.0,0.0,0.0,2.8298424568603777e-05,line,ln6025724-5,,1000000.0,7199.557856794634,51.833633333333346,c
908,911,m1047580,p828362,1.317891674196097e-05,5.38974720017697e-06,5.38974720017697e-06,1.317891674196097e-05,5.38974720017697e-06,1.317891674196097e-05,2.891393452320854e-05,1.271783371736112e-05,1.271783371736112e-05,2.891393452320854e-05,1.271783371736112e-05,2.891393452320854e-05,line,ln5843536-1,,1000000.0,7199.557856794634,51.833633333333346,abc
911,912,p828362,n1136671,1.1798374270502607e-05,4.825150347039786e-06,4.825150347039786e-06,1.1798374270502607e-05,4.825150347039786e-06,1.1798374270502607e-05,2.588508811588871e-05,1.1385591475033262e-05,1.1385591475033262e-05,2.588508811588871e-05,1.1385591475033262e-05,2.588508811588871e-05,line,ln5752776-2,,1000000.0,7199.557856794634,51.833633333333346,abc
912,913,n1136671,m1047593,8.088316204472123e-05,3.3078575781876466e-05,3.3078575781876466e-05,8.088316204472123e-05,3.3078575781876466e-05,8.088316204472123e-05,0.00017745392107569791,7.805335032916206e-05,7.805335032916206e-05,0.00017745392107569791,7.805335032916206e-05,0.00017745392107569791,line,ln5752776-3,,1000000.0,7199.557856794634,51.833633333333346,abc
913,914,m1047593,n1136993,1.0984770146024877e-05,0.0,0.0,0.0,0.0,0.0,2.284074620018276e-05,0.0,0.0,0.0,0.0,0.0,line,ln5661951-2,,1000000.0,7199.557856794634,51.833633333333346,a
914,915,n1136993,l2972930,2.4077782585181174e-05,0.0,0.0,0.0,0.0,0.0,5.0065182409876716e-05,0.0,0.0,0.0,0.0,0.0,line,ln5661951-3,,1000000.0,7199.557856794634,51.833633333333346,a
913,916,m1047593,m1047615,0.0002471749161580414,0.00010108648065702502,0.00010108648065702502,0.0002471749161580414,0.00010108648065702502,0.0002471749161580414,0.00054229034764429,0.00023852715244734914,0.00023852715244734914,0.00054229034764429,0.00023852715244734914,0.00054229034764429,line,ln6298585-1,,1000000.0,7199.557856794634,51.833633333333346,abc
916,917,m1047615,n1136995,0.0,0.0,0.0,0.0,0.0,1.508352511143022e-05,0.0,0.0,0.0,0.0,0.0,3.136332980066352e-05,line,ln6268990-3,,1000000.0,7199.557856794634,51.833633333333346,c
917,918,n1136995,m1047613,0.0,0.0,0.0,0.0,0.0,1.4141858227187107e-05,0.0,0.0,0.0,0.0,0.0,2.9405312106875257e-05,line,ln6268990-4,,1000000.0,7199.557856794634,51.833633333333346,c
918,919,m1047613,m1047612,0.0,0.0,0.0,0.0,0.0,4.2959959717274935e-07,0.0,0.0,0.0,0.0,0.0,8.932708865350616e-07,line,ln6268990-2,,1000000.0,7199.557856794634,51.833633333333346,c
919,920,m1047612,p828360,0.0,0.0,0.0,0.0,0.0,9.937953684244913e-05,0.0,0.0,0.0,0.0,0.0,5.6093732790176764e-05,line,ln8961760-1,,1000000.0,7199.557856794634,51.833633333333346,c
920,921,p828360,l2729206,0.0,0.0,0.0,0.0,0.0,0.0005827353067571569,0.0,0.0,0.0,0.0,0.0,0.0003289188058549628,line,ln8961799-1,,1000000.0,7199.557856794634,51.833633333333346,c
921,922,l2729206,l2729207,0.0,0.0,0.0,0.0,0.0,0.005422266552221754,0.0,0.0,0.0,0.0,0.0,0.003060541241801429,line,ln8961799-2,,1000000.0,7199.557856794634,51.833633333333346,c
922,923,l2729207,228-961799-3_int,0.0,0.0,0.0,0.0,0.0,0.00022557700924918115,0.0,0.0,0.0,0.0,0.0,0.00012732456683201189,line,ln8961799-3,,1000000.0,7199.557856794634,51.833633333333346,c
918,924,m1047613,p828359,0.0,0.0,0.0,0.0,0.0,8.370609361666715e-05,0.0,0.0,0.0,0.0,0.0,4.724702285226644e-05,line,ln8961758-1,,1000000.0,7199.557856794634,51.833633333333346,c
924,925,p828359,l2878848,0.0,0.0,0.0,0.0,0.0,0.00328401870023749,0.0,0.0,0.0,0.0,0.0,0.0018536297642552544,line,ln8961800-1,,1000000.0,7199.557856794634,51.833633333333346,c
925,926,l2878848,l2766499,0.0,0.0,0.0,0.0,0.0,0.0026733590565160706,0.0,0.0,0.0,0.0,0.0,0.0015089493605323179,line,ln8961800-2,,1000000.0,7199.557856794634,51.833633333333346,c
926,927,l2766499,m1047633,0.0,0.0,0.0,0.0,0.0,0.0001529284173621374,0.0,0.0,0.0,0.0,0.0,8.631883436059852e-05,line,ln8961800-3,,1000000.0,7199.557856794634,51.833633333333346,c
927,928,m1047633,l2897554,0.0,0.0,0.0,0.0,0.0,0.0033270803466855813,0.0,0.0,0.0,0.0,0.0,0.001877935457017676,line,ln8961797-1,,1000000.0,7199.557856794634,51.833633333333346,c
928,929,l2897554,193-46661,0.0,0.0,0.0,0.0,0.0,0.0022198906290025323,0.0,0.0,0.0,0.0,0.0,0.0012529938830777181,line,ln8961797-2,,1000000.0,7199.557856794634,51.833633333333346,c
916,930,m1047615,l3216123,3.7522265041552788e-06,1.5345382849874162e-06,1.5345382849874162e-06,3.7522265041552788e-06,1.5345382849874162e-06,3.7522265041552788e-06,8.23221161356622e-06,3.6209495578482175e-06,3.6209495578482175e-06,8.23221161356622e-06,3.6209495578482175e-06,8.23221161356622e-06,line,ln6298585-2,,1000000.0,7199.557856794634,51.833633333333346,abc
930,931,l3216123,n1136996,0.00019738197867665062,8.072279290988017e-05,8.072279290988017e-05,0.00019738197867665062,8.072279290988017e-05,0.00019738197867665062,0.00043304694302733924,0.0001904762912433304,0.0001904762912433304,0.00043304694302733924,0.0001904762912433304,0.00043304694302733924,line,ln5867683-2,,1000000.0,7199.557856794634,51.833633333333346,abc
931,932,n1136996,m1047649,2.6281371336114433e-05,1.0748223875231578e-05,1.0748223875231578e-05,2.6281371336114433e-05,1.0748223875231578e-05,2.6281371336114433e-05,5.7660114626346196e-05,2.5361880423200118e-05,2.5361880423200118e-05,5.7660114626346196e-05,2.5361880423200118e-05,5.7660114626346196e-05,line,ln5867683-3,,1000000.0,7199.557856794634,51.833633333333346,abc
932,933,m1047649,n1136997,0.0,0.0,0.0,0.0,0.0,6.844474739374497e-06,0.0,0.0,0.0,0.0,0.0,1.4231787130492487e-05,line,ln6108128-2,,1000000.0,7199.557856794634,51.833633333333346,c
933,934,n1136997,l3104123,0.0,0.0,0.0,0.0,0.0,2.829719214486861e-05,0.0,0.0,0.0,0.0,0.0,5.883864435639921e-05,line,ln6108128-3,,1000000.0,7199.557856794634,51.833633333333346,c
932,935,m1047649,l2973153,4.564381474319438e-05,1.866683184470313e-05,1.866683184470313e-05,4.564381474319438e-05,1.866683184470313e-05,4.564381474319438e-05,0.00010014042100077874,4.4046901387709006e-05,4.4046901387709006e-05,0.00010014042100077874,4.4046901387709006e-05,0.00010014042100077874,line,ln6411371-1,,1000000.0,7199.557856794634,51.833633333333346,abc
935,936,l2973153,n1136998,1.9933010023736182e-05,8.1519511102508e-06,8.1519511102508e-06,1.9933010023736182e-05,8.1519511102508e-06,1.9933010023736182e-05,4.3732103173679365e-05,1.9235625501845965e-05,1.9235625501845965e-05,4.3732103173679365e-05,1.9235625501845965e-05,4.3732103173679365e-05,line,ln6380809-2,,1000000.0,7199.557856794634,51.833633333333346,abc
936,937,n1136998,m1047669,0.0001265213368359925,5.174310107015452e-05,5.174310107015452e-05,0.0001265213368359925,5.174310107015452e-05,0.0001265213368359925,0.0002775819682824986,0.00012209480908663547,0.00012209480908663547,0.0002775819682824986,0.00012209480908663547,0.0002775819682824986,line,ln6380809-3,,1000000.0,7199.557856794634,51.833633333333346,abc
937,938,m1047669,m1047672,6.426777280388726e-06,2.6283423388546274e-06,2.6283423388546274e-06,6.426777280388726e-06,2.6283423388546274e-06,6.426777280388726e-06,1.4100052464005026e-05,6.201927395918608e-06,6.201927395918608e-06,1.4100052464005026e-05,6.201927395918608e-06,1.4100052464005026e-05,line,ln5956464-1,,1000000.0,7199.557856794634,51.833633333333346,abc
938,939,m1047672,l2822866,7.293054395440793e-05,2.982621430744127e-05,2.982621430744127e-05,7.293054395440793e-05,2.982621430744127e-05,7.293054395440793e-05,0.0001600062443619297,7.03789658201335e-05,7.03789658201335e-05,0.0001600062443619297,7.03789658201335e-05,0.0001600062443619297,line,ln6411372-1,,1000000.0,7199.557856794634,51.833633333333346,abc
939,940,l2822866,m1047688,6.170224405903756e-05,2.523420579044877e-05,2.523420579044877e-05,6.170224405903756e-05,2.523420579044877e-05,6.170224405903756e-05,0.00013537187309012354,5.95435038626786e-05,5.95435038626786e-05,0.00013537187309012354,5.95435038626786e-05,0.00013537187309012354,line,ln5532746-1,,1000000.0,7199.557856794634,51.833633333333346,abc
940,941,m1047688,m1047699,0.00012969322004953017,5.304029787351708e-05,5.304029787351708e-05,0.00012969322004953017,5.304029787351708e-05,0.00012969322004953017,0.0002845409335257866,0.00012515571948393866,0.00012515571948393866,0.0002845409335257866,0.00012515571948393866,0.0002845409335257866,line,ln5472352-1,,1000000.0,7199.557856794634,51.833633333333346,abc
941,942,m1047699,p859135,7.993025866731316e-06,0.0,0.0,0.0,0.0,0.0,1.661998137116891e-05,0.0,0.0,0.0,0.0,0.0,line,ln6392124-1,,1000000.0,7199.557856794634,51.833633333333346,a
942,943,p859135,m1047702,7.596318233527907e-06,0.0,0.0,0.0,0.0,0.0,1.5795103085576994e-05,0.0,0.0,0.0,0.0,0.0,line,ln6288693-1,,1000000.0,7199.557856794634,51.833633333333346,a
943,944,m1047702,n1137001,4.773841629212434e-05,0.0,0.0,0.0,0.0,0.0,9.926298284189993e-05,0.0,0.0,0.0,0.0,0.0,line,ln5924696-2,,1000000.0,7199.557856794634,51.833633333333346,a
944,945,n1137001,l2929261,5.553823054400327e-05,0.0,0.0,0.0,0.0,0.0,0.00011548121730356542,0.0,0.0,0.0,0.0,0.0,line,ln5924696-3,,1000000.0,7199.557856794634,51.833633333333346,a
943,946,m1047702,n1137002,2.1192460789616007e-05,0.0,0.0,0.0,0.0,0.0,4.4065702952201553e-05,0.0,0.0,0.0,0.0,0.0,line,ln6258435-2,,1000000.0,7199.557856794634,51.833633333333346,a
946,947,n1137002,m1047707,0.00010348292460043637,0.0,0.0,0.0,0.0,0.0,0.00021517311563470045,0.0,0.0,0.0,0.0,0.0,line,ln6258435-3,,1000000.0,7199.557856794634,51.833633333333346,a
947,948,m1047707,l3159645,2.6207918539378225e-06,0.0,0.0,0.0,0.0,0.0,5.449439613532782e-06,0.0,0.0,0.0,0.0,0.0,line,ln5511594-1,,1000000.0,7199.557856794634,51.833633333333346,a
948,949,l3159645,l2983432,0.00010651840361052571,0.0,0.0,0.0,0.0,0.0,0.0002214848185418862,0.0,0.0,0.0,0.0,0.0,line,ln5511594-2,,1000000.0,7199.557856794634,51.833633333333346,a
941,950,m1047699,l2935554,0.00015186000128359378,6.210578856842623e-05,6.210578856842623e-05,0.00015186000128359378,6.210578856842623e-05,0.00015186000128359378,0.00033317382754440646,0.0001465469645539029,0.0001465469645539029,0.00033317382754440646,0.0001465469645539029,0.00033317382754440646,line,ln5683816-1,,1000000.0,7199.557856794634,51.833633333333346,abc
950,951,l2935554,m1047713,8.309440752561555e-05,3.3982903077731344e-05,3.3982903077731344e-05,8.309440752561555e-05,3.3982903077731344e-05,8.309440752561555e-05,0.00018230529151085293,8.018723226232128e-05,8.018723226232128e-05,0.00018230529151085293,8.018723226232128e-05,0.00018230529151085293,line,ln6169247-1,,1000000.0,7199.557856794634,51.833633333333346,abc
951,952,m1047713,m1047720,0.0002086283722345014,8.532220114481643e-05,8.532220114481643e-05,0.0002086283722345014,8.532220114481643e-05,0.0002086283722345014,0.0004577210109587789,0.0002013292138309167,0.0002013292138309167,0.0004577210109587789,0.0002013292138309167,0.0004577210109587789,line,ln6132680-1,,1000000.0,7199.557856794634,51.833633333333346,abc
952,953,m1047720,l2954345,0.0,0.0,0.0,0.0,0.0,0.00010201375543164057,0.0,0.0,0.0,0.0,0.0,0.0002121182569837216,line,ln5496764-1,,1000000.0,7199.557856794634,51.833633333333346,c
952,954,m1047720,l2895449,3.6337439693275067e-06,1.4860827918037758e-06,1.4860827918037758e-06,3.6337439693275067e-06,1.4860827918037758e-06,3.6337439693275067e-06,7.972266405532057e-06,3.5066123019223677e-06,3.5066123019223677e-06,7.972266405532057e-06,3.5066123019223677e-06,7.972266405532057e-06,line,ln5894206-1,,1000000.0,7199.557856794634,51.833633333333346,abc
954,955,l2895449,n1137005,0.00016868936412843904,6.898844918839691e-05,6.898844918839691e-05,0.00016868936412843904,6.898844918839691e-05,0.00016868936412843904,0.00037009667218260465,0.00016278752835899982,0.00016278752835899982,0.00037009667218260465,0.00016278752835899982,0.00037009667218260465,line,ln5894206-3,,1000000.0,7199.557856794634,51.833633333333346,abc
955,956,n1137005,m1047724,2.6185136224935016e-05,1.0708866852860646e-05,1.0708866852860646e-05,2.6185136224935016e-05,1.0708866852860646e-05,2.6185136224935016e-05,5.744897923806227e-05,2.5269012233369704e-05,2.5269012233369704e-05,5.744897923806227e-05,2.5269012233369704e-05,5.744897923806227e-05,line,ln5894206-4,,1000000.0,7199.557856794634,51.833633333333346,abc
956,957,m1047724,m1047722,8.022110666111895e-05,3.2807816718745645e-05,3.2807816718745645e-05,8.022110666111895e-05,3.2807816718745645e-05,8.022110666111895e-05,0.0001760014021481547,7.741445788866814e-05,7.741445788866814e-05,0.0001760014021481547,7.741445788866814e-05,0.0001760014021481547,line,ln5773040-1,,1000000.0,7199.557856794634,51.833633333333346,abc
957,958,m1047722,l3214064,0.0,0.0,0.0,3.9562570634639406e-05,0.0,0.0,0.0,0.0,0.0,8.226286238857779e-05,0.0,0.0,line,ln5863709-1,,1000000.0,7199.557856794634,51.833633333333346,b
957,959,m1047722,n1137985,1.0773911340706064e-05,0.0,0.0,0.0,0.0,0.0,2.2402305304985364e-05,0.0,0.0,0.0,0.0,0.0,line,ln5803264-2,,1000000.0,7199.557856794634,51.833633333333346,a
959,960,n1137985,l3176656,0.0002769181104418045,0.0,0.0,0.0,0.0,0.0,0.000575798691711752,0.0,0.0,0.0,0.0,0.0,line,ln5803264-3,,1000000.0,7199.557856794634,51.833633333333346,a
957,961,m1047722,l2841621,0.00020422570724671032,8.352165472997254e-05,8.352165472997254e-05,0.00020422570724671032,8.352165472997254e-05,0.00020422570724671032,0.0004480617673595457,0.00019708058229888056,0.00019708058229888056,0.0004480617673595457,0.00019708058229888056,0.0004480617673595457,line,ln5773040-2,,1000000.0,7199.557856794634,51.833633333333346,abc
961,962,l2841621,n1137986,6.543299179361657e-05,2.6759959959074158e-05,2.6759959959074158e-05,6.543299179361657e-05,2.6759959959074158e-05,6.543299179361657e-05,0.0001435569612754652,6.314372611605461e-05,6.314372611605461e-05,0.0001435569612754652,6.314372611605461e-05,0.0001435569612754652,line,ln5865235-2,,1000000.0,7199.557856794634,51.833633333333346,abc
962,963,n1137986,m1047732,8.152814232715047e-05,3.334235168542429e-05,3.334235168542429e-05,8.152814232715047e-05,3.334235168542429e-05,8.152814232715047e-05,0.00017886897802006285,7.867576506502533e-05,7.867576506502533e-05,0.00017886897802006285,7.867576506502533e-05,0.00017886897802006285,line,ln5865235-3,,1000000.0,7199.557856794634,51.833633333333346,abc
963,964,m1047732,m1047737,0.00016413954732352024,6.712772247877658e-05,6.712772247877658e-05,0.00016413954732352024,6.712772247877658e-05,0.00016413954732352024,0.00036011458429436737,0.00015839689332409007,0.00015839689332409007,0.00036011458429436737,0.00015839689332409007,0.00036011458429436737,line,ln6380810-1,,1000000.0,7199.557856794634,51.833633333333346,abc
964,965,m1047737,l3027157,0.0003069470281908334,0.0001255313253878272,0.0001255313253878272,0.0003069470281908334,0.0001255313253878272,0.0003069470281908334,0.0006734276002325387,0.0002962080526800809,0.0002962080526800809,0.0006734276002325387,0.0002962080526800809,0.0006734276002325387,line,ln5742898-1,,1000000.0,7199.557856794634,51.833633333333346,abc
965,966,l3027157,l2973155,0.0002091338285501883,8.552891629566121e-05,8.552891629566121e-05,0.0002091338285501883,8.552891629566121e-05,0.0002091338285501883,0.0004588299587655118,0.00020181698604316756,0.00020181698604316756,0.0004588299587655118,0.00020181698604316756,0.0004588299587655118,line,ln6076346-1,,1000000.0,7199.557856794634,51.833633333333346,abc
966,967,l2973155,l3784018,0.00012118192865507523,4.9559457235295684e-05,4.9559457235295684e-05,0.00012118192865507523,4.9559457235295684e-05,0.00012118192865507523,0.0002658675533910092,0.00011694220764574351,0.00011694220764574351,0.0002658675533910092,0.00011694220764574351,0.0002658675533910092,line,ln6077815-4,,1000000.0,7199.557856794634,51.833633333333346,abc
967,968,l3784018,n1136028,9.147895998029587e-05,3.741191162237642e-05,3.741191162237642e-05,9.147895998029587e-05,3.741191162237642e-05,9.147895998029587e-05,0.00020070061226655272,8.827843930163746e-05,8.827843930163746e-05,0.00020070061226655272,8.827843930163746e-05,0.00020070061226655272,line,ln6077815-5,,1000000.0,7199.557856794634,51.833633333333346,abc
968,969,n1136028,l2876797,1.4772283622795743e-05,6.0413822968227125e-06,6.0413822968227125e-06,1.4772283622795743e-05,6.0413822968227125e-06,1.4772283622795743e-05,3.240970785313782e-05,1.4255454406373208e-05,1.4255454406373208e-05,3.240970785313782e-05,1.4255454406373208e-05,3.240970785313782e-05,line,ln6077815-3,,1000000.0,7199.557856794634,51.833633333333346,abc
969,970,l2876797,r18241,9.348165976659937e-05,3.8230950529546733e-05,3.8230950529546733e-05,9.348165976659937e-05,3.8230950529546733e-05,9.348165976659937e-05,0.00020509444308167987,9.021107180601526e-05,9.021107180601526e-05,0.00020509444308167987,9.021107180601526e-05,0.00020509444308167987,line,ln6258439-1,,1000000.0,7199.557856794634,51.833633333333346,abc
970,971,r18241,m1047763,0.0001307271941963036,5.346315958299914e-05,5.346315958299914e-05,0.0001307271941963036,5.346315958299914e-05,0.0001307271941963036,0.00028680942503869745,0.00012615351858413678,0.00012615351858413678,0.00028680942503869745,0.00012615351858413678,0.00028680942503869745,line,ln6259989-1,,1000000.0,7199.557856794634,51.833633333333346,abc
971,972,m1047763,n1136027,2.0298823222245012e-05,0.0,0.0,0.0,0.0,0.0,4.2207553113840486e-05,0.0,0.0,0.0,0.0,0.0,line,ln6409775-3,,1000000.0,7199.557856794634,51.833633333333346,a
972,973,n1136027,l2876796,7.282888644374404e-05,0.0,0.0,0.0,0.0,0.0,0.00015143385698475052,0.0,0.0,0.0,0.0,0.0,line,ln6409775-4,,1000000.0,7199.557856794634,51.833633333333346,a
973,974,l2876796,m1047756,5.71333492474963e-05,0.0,0.0,0.0,0.0,0.0,0.00011879796412496645,0.0,0.0,0.0,0.0,0.0,line,ln6409775-2,,1000000.0,7199.557856794634,51.833633333333346,a
974,975,m1047756,m1047755,6.2626221070103124e-06,0.0,0.0,0.0,0.0,0.0,1.3021934932852475e-05,0.0,0.0,0.0,0.0,0.0,line,ln6380812-1,,1000000.0,7199.557856794634,51.833633333333346,a
975,976,m1047755,m1047751,8.197869454131775e-05,0.0,0.0,0.0,0.0,0.0,0.00017045914761522275,0.0,0.0,0.0,0.0,0.0,line,ln5623397-1,,1000000.0,7199.557856794634,51.833633333333346,a
976,977,m1047751,l2973154,1.0415009044963727e-05,0.0,0.0,0.0,0.0,0.0,2.1656036048665952e-05,0.0,0.0,0.0,0.0,0.0,line,ln5865236-1,,1000000.0,7199.557856794634,51.833633333333346,a
977,978,l2973154,l2879069,7.17140329348576e-05,0.0,0.0,0.0,0.0,0.0,0.00014911573055075562,0.0,0.0,0.0,0.0,0.0,line,ln6229797-1,,1000000.0,7199.557856794634,51.833633333333346,a
978,979,l2879069,l3197633,0.0001367839204789168,0.0,0.0,0.0,0.0,0.0,0.0002844162208578856,0.0,0.0,0.0,0.0,0.0,line,ln6350535-1,,1000000.0,7199.557856794634,51.833633333333346,a
975,980,m1047755,l3066812,1.771148057663975e-05,0.0,0.0,0.0,0.0,0.0,3.6827664785219886e-05,0.0,0.0,0.0,0.0,0.0,line,ln5653456-1,,1000000.0,7199.557856794634,51.833633333333346,a
980,981,l3066812,l2841622,7.747897987728686e-05,0.0,0.0,0.0,0.0,0.0,0.00016110284436553096,0.0,0.0,0.0,0.0,0.0,line,ln5926300-1,,1000000.0,7199.557856794634,51.833633333333346,a
981,982,l2841622,l2804254,0.00030067348240428183,0.0,0.0,0.0,0.0,0.0,0.0006251934823785584,0.0,0.0,0.0,0.0,0.0,line,ln5956465-1,,1000000.0,7199.557856794634,51.833633333333346,a
982,983,l2804254,m1047752,1.4885292702485963e-05,0.0,0.0,0.0,0.0,0.0,3.095114310206564e-05,0.0,0.0,0.0,0.0,0.0,line,ln6138601-1,,1000000.0,7199.557856794634,51.833633333333346,a
983,984,m1047752,m1047750,7.983769679789632e-05,0.0,0.0,0.0,0.0,0.0,0.0001660073488590741,0.0,0.0,0.0,0.0,0.0,line,ln5926298-1,,1000000.0,7199.557856794634,51.833633333333346,a
984,985,m1047750,l2708293,0.00021185884634751306,0.0,0.0,0.0,0.0,0.0,0.00044052029085362197,0.0,0.0,0.0,0.0,0.0,line,ln6349051-1,,1000000.0,7199.557856794634,51.833633333333346,a
984,986,m1047750,m1047744,9.433978888868165e-05,0.0,0.0,0.0,0.0,0.0,0.0001961616989650863,0.0,0.0,0.0,0.0,0.0,line,ln5865234-1,,1000000.0,7199.557856794634,51.833633333333346,a
986,987,m1047744,l3178971,9.423785457190279e-07,0.0,0.0,0.0,0.0,0.0,1.9594974588571507e-06,0.0,0.0,0.0,0.0,0.0,line,ln5865233-1,,1000000.0,7199.557856794634,51.833633333333346,a
987,988,l3178971,l2879067,4.454662576229462e-05,0.0,0.0,0.0,0.0,0.0,9.262625977470224e-05,0.0,0.0,0.0,0.0,0.0,line,ln6138602-1,,1000000.0,7199.557856794634,51.833633333333346,a
971,989,m1047763,n1136030,0.0,0.0,0.0,1.9610300814979202e-05,0.0,0.0,0.0,0.0,0.0,4.07759013497671e-05,0.0,0.0,line,ln5804798-2,,1000000.0,7199.557856794634,51.833633333333346,b
989,990,n1136030,m1047766,0.0,0.0,0.0,3.446336621845918e-05,0.0,0.0,0.0,0.0,0.0,7.166003389562374e-05,0.0,0.0,line,ln5804798-3,,1000000.0,7199.557856794634,51.833633333333346,b
990,991,m1047766,m1047768,0.0,0.0,0.0,5.314769362749668e-05,0.0,0.0,0.0,0.0,0.0,0.00011051054916338103,0.0,0.0,line,ln6108169-1,,1000000.0,7199.557856794634,51.833633333333346,b
991,992,m1047768,p827554,0.0,0.0,0.0,4.629410492157923e-06,0.0,0.0,0.0,0.0,0.0,9.625981126797334e-06,0.0,0.0,line,ln5565094-1,,1000000.0,7199.557856794634,51.833633333333346,b
992,993,p827554,m1047769,0.0,0.0,0.0,8.815977322317746e-06,0.0,0.0,0.0,0.0,0.0,1.8331152846060693e-05,0.0,0.0,line,ln6258440-1,,1000000.0,7199.557856794634,51.833633333333346,b
993,994,m1047769,l3197632,0.0,0.0,0.0,0.000183022479998508,0.0,0.0,0.0,0.0,0.0,0.00038056053599689764,0.0,0.0,line,ln5954962-1,,1000000.0,7199.557856794634,51.833633333333346,b
993,995,m1047769,l2710514,0.0,0.0,0.0,0.00011773242945860761,0.0,0.0,0.0,0.0,0.0,0.0002448022584949668,0.0,0.0,line,ln6379347-1,,1000000.0,7199.557856794634,51.833633333333346,b
995,996,l2710514,m1047787,0.0,0.0,0.0,0.00017205124484810053,0.0,0.0,0.0,0.0,0.0,0.0003577479332531193,0.0,0.0,line,ln5623417-1,,1000000.0,7199.557856794634,51.833633333333346,b
996,997,m1047787,l3157710,0.0,0.0,0.0,8.281688517558417e-05,0.0,0.0,0.0,0.0,0.0,0.00017220200607199053,0.0,0.0,line,ln5985348-1,,1000000.0,7199.557856794634,51.833633333333346,b
997,998,l3157710,m1047793,0.0,0.0,0.0,5.722136923966356e-05,0.0,0.0,0.0,0.0,0.0,0.00011898098500523145,0.0,0.0,line,ln5985348-2,,1000000.0,7199.557856794634,51.833633333333346,b
998,999,m1047793,p827555,0.0,0.0,0.0,6.821951101247644e-06,0.0,0.0,0.0,0.0,0.0,1.418495349673217e-05,0.0,0.0,line,ln5928546-1,,1000000.0,7199.557856794634,51.833633333333346,b
999,1000,p827555,m1047794,0.0,0.0,0.0,8.891515264541875e-06,0.0,0.0,0.0,0.0,0.0,1.848821967075431e-05,0.0,0.0,line,ln5806921-1,,1000000.0,7199.557856794634,51.833633333333346,b
1000,1001,m1047794,m1047792,0.0,0.0,0.0,9.86396978795621e-05,0.0,0.0,0.0,0.0,0.0,0.00020510254421164117,0.0,0.0,line,ln5502559-1,,1000000.0,7199.557856794634,51.833633333333346,b
1001,1002,m1047792,l2876846,0.0,0.0,0.0,0.0004138309020719493,0.0,0.0,0.0,0.0,0.0,0.0008604828756875359,0.0,0.0,line,ln6349052-1,,1000000.0,7199.557856794634,51.833633333333346,b
1002,1003,l2876846,l3048203,0.0,0.0,0.0,0.0003255953749463829,0.0,0.0,0.0,0.0,0.0,0.0006770138313540306,0.0,0.0,line,ln5531325-1,,1000000.0,7199.557856794634,51.833633333333346,b
1001,1004,m1047792,l2860500,0.0,0.0,0.0,0.00010691325376251839,0.0,0.0,0.0,0.0,0.0,0.00022230583454758133,0.0,0.0,line,ln5653481-1,,1000000.0,7199.557856794634,51.833633333333346,b
1000,1005,m1047794,m1047796,0.0,0.0,0.0,0.00014843220753063164,0.0,0.0,0.0,0.0,0.0,0.0003086366246240375,0.0,0.0,line,ln5593248-1,,1000000.0,7199.557856794634,51.833633333333346,b
1005,1006,m1047796,l3010562,0.0,0.0,0.0,0.0001367444657876578,0.0,0.0,0.0,0.0,0.0,0.0002843341823101988,0.0,0.0,line,ln5502527-1,,1000000.0,7199.557856794634,51.833633333333346,b
998,1007,m1047793,m1047795,0.0,0.0,0.0,7.3229977061225995e-06,0.0,0.0,0.0,0.0,0.0,1.5226784885489404e-05,0.0,0.0,line,ln6108170-1,,1000000.0,7199.557856794634,51.833633333333346,b
1007,1008,m1047795,l3160117,0.0,0.0,0.0,6.154523190541018e-05,0.0,0.0,0.0,0.0,0.0,0.00012797163737573222,0.0,0.0,line,ln5744353-1,,1000000.0,7199.557856794634,51.833633333333346,b
1008,1009,l3160117,l3215549,0.0,0.0,0.0,0.00010901478003021201,0.0,0.0,0.0,0.0,0.0,0.0002266755598559236,0.0,0.0,line,ln5895815-1,,1000000.0,7199.557856794634,51.833633333333346,b
1009,1010,l3215549,l2897800,0.0,0.0,0.0,0.00016068813711046044,0.0,0.0,0.0,0.0,0.0,0.0003341205057848539,0.0,0.0,line,ln5744367-1,,1000000.0,7199.557856794634,51.833633333333346,b
1010,1011,l2897800,m1047809,0.0,0.0,0.0,2.9643191286995762e-05,0.0,0.0,0.0,0.0,0.0,6.163739429675325e-05,0.0,0.0,line,ln5532782-1,,1000000.0,7199.557856794634,51.833633333333346,b
1011,1012,m1047809,l2989432,0.0,0.0,0.0,8.210812293690902e-05,0.0,0.0,0.0,0.0,0.0,0.00017072826941709013,0.0,0.0,line,ln6318427-1,,1000000.0,7199.557856794634,51.833633333333346,b
1012,1013,l2989432,l3066830,0.0,0.0,0.0,9.167132578653884e-05,0.0,0.0,0.0,0.0,0.0,0.00019061313603201005,0.0,0.0,line,ln6318427-2,,1000000.0,7199.557856794634,51.833633333333346,b
1013,1014,l3066830,l3197660,0.0,0.0,0.0,0.000149423878704239,0.0,0.0,0.0,0.0,0.0,0.0003106986167539865,0.0,0.0,line,ln6350570-1,,1000000.0,7199.557856794634,51.833633333333346,b
1011,1015,m1047809,m1047812,0.0,0.0,0.0,9.115128251990822e-05,0.0,0.0,0.0,0.0,0.0,0.00018953180468794708,0.0,0.0,line,ln6350569-1,,1000000.0,7199.557856794634,51.833633333333346,b
1015,1016,m1047812,m4350438,0.0,0.0,0.0,2.442009175509595e-05,0.0,0.0,0.0,0.0,0.0,5.077694940800985e-05,0.0,0.0,line,ln6137086-2,,1000000.0,7199.557856794634,51.833633333333346,b
1016,1017,m4350438,l2935568,0.0,0.0,0.0,0.0001059608739113407,0.0,0.0,0.0,0.0,0.0,0.00022032554127082216,0.0,0.0,line,ln6409872-3,,1000000.0,7199.557856794634,51.833633333333346,b
1017,1018,l2935568,l3235246,0.0,0.0,0.0,0.00020619818354749068,0.0,0.0,0.0,0.0,0.0,0.00042875001613495474,0.0,0.0,line,ln5895805-1,,1000000.0,7199.557856794634,51.833633333333346,b
1018,1019,l3235246,l2710512,0.0,0.0,0.0,8.638659144738066e-05,0.0,0.0,0.0,0.0,0.0,0.00017962453325093289,0.0,0.0,line,ln5714047-1,,1000000.0,7199.557856794634,51.833633333333346,b
1019,1020,l2710512,m1047828,0.0,0.0,0.0,0.00016249252345163274,0.0,0.0,0.0,0.0,0.0,0.00033787238497011906,0.0,0.0,line,ln6380811-1,,1000000.0,7199.557856794634,51.833633333333346,b
1020,1021,m1047828,l2710513,0.0,0.0,0.0,0.00010929424814904606,0.0,0.0,0.0,0.0,0.0,0.00022725666080646473,0.0,0.0,line,ln5623396-1,,1000000.0,7199.557856794634,51.833633333333346,b
1021,1022,l2710513,p827553,0.0,0.0,0.0,0.00021173880382685883,0.0,0.0,0.0,0.0,0.0,0.00044027068519860644,0.0,0.0,line,ln5625550-1,,1000000.0,7199.557856794634,51.833633333333346,b
1022,1023,p827553,m1047826,0.0,0.0,0.0,5.991507058801588e-06,0.0,0.0,0.0,0.0,0.0,1.2458202608473645e-05,0.0,0.0,line,ln6110366-1,,1000000.0,7199.557856794634,51.833633333333346,b
1023,1024,m1047826,m1047825,0.0,0.0,0.0,6.6169506350124e-05,0.0,0.0,0.0,0.0,0.0,0.0001375869390659475,0.0,0.0,line,ln5742816-1,,1000000.0,7199.557856794634,51.833633333333346,b
1024,1025,m1047825,m1069731,0.0,0.0,0.0,9.630157214524158e-05,0.0,0.0,0.0,0.0,0.0,0.00020024085518476094,0.0,0.0,line,ln5742816-2,,1000000.0,7199.557856794634,51.833633333333346,b
1025,1026,m1069731,l2710504,0.0,0.0,0.0,6.228539005240482e-05,0.0,0.0,0.0,0.0,0.0,0.00012951065586758658,0.0,0.0,line,ln5835124-1,,1000000.0,7199.557856794634,51.833633333333346,b
1025,1027,m1069731,m1069730,0.0,0.0,0.0,0.00019268660785886125,0.0,0.0,0.0,0.0,0.0,0.0004006552570306666,0.0,0.0,line,ln5774446-1,,1000000.0,7199.557856794634,51.833633333333346,b
1027,1028,m1069730,l3159037,0.0,0.0,0.0,4.0101028701441595e-05,0.0,0.0,0.0,0.0,0.0,8.338248381713544e-05,0.0,0.0,line,ln5636753-1,,1000000.0,7199.557856794634,51.833633333333346,b
1028,1029,l3159037,m1069738,0.0,0.0,0.0,5.5305592212006485e-05,0.0,0.0,0.0,0.0,0.0,0.00011499749001324105,0.0,0.0,line,ln5727681-1,,1000000.0,7199.557856794634,51.833633333333346,b
1029,1030,m1069738,l2690941,0.0,0.0,0.0,0.00011040136177989965,0.0,0.0,0.0,0.0,0.0,0.00022955869363199818,0.0,0.0,line,ln6212942-1,,1000000.0,7199.557856794634,51.833633333333346,b
1029,1031,m1069738,l3234185,0.0,0.0,0.0,0.00010711576285410564,0.0,0.0,0.0,0.0,0.0,0.00022272691379664032,0.0,0.0,line,ln5878934-1,,1000000.0,7199.557856794634,51.833633333333346,b
1031,1032,l3234185,l3065750,0.0,0.0,0.0,0.00011125453534995615,0.0,0.0,0.0,0.0,0.0,0.0002313327062621502,0.0,0.0,line,ln6121686-1,,1000000.0,7199.557856794634,51.833633333333346,b
1027,1033,m1069730,l2748124,0.0,0.0,0.0,5.1710978907517564e-05,0.0,0.0,0.0,0.0,0.0,0.0001075231733835624,0.0,0.0,line,ln5532733-1,,1000000.0,7199.557856794634,51.833633333333346,b
1024,1034,m1047825,l2726975,0.0,0.0,0.0,7.844341321497173e-05,0.0,0.0,0.0,0.0,0.0,0.00016310820058147572,0.0,0.0,line,ln6076240-1,,1000000.0,7199.557856794634,51.833633333333346,b
1020,1035,m1047828,l2954346,0.0,0.0,0.0,2.283413065776468e-05,0.0,0.0,0.0,0.0,0.0,4.747924409183483e-05,0.0,0.0,line,ln6199515-1,,1000000.0,7199.557856794634,51.833633333333346,b
1035,1036,l2954346,m1047831,0.0,0.0,0.0,0.00019614279853042647,0.0,0.0,0.0,0.0,0.0,0.0004078417500477488,0.0,0.0,line,ln6320336-1,,1000000.0,7199.557856794634,51.833633333333346,b
1036,1037,m1047831,l2710505,0.0,0.0,0.0,0.00011520510247850653,0.0,0.0,0.0,0.0,0.0,0.0002395471613604808,0.0,0.0,line,ln5472353-1,,1000000.0,7199.557856794634,51.833633333333346,b
1036,1038,m1047831,l3178974,0.0,0.0,0.0,8.994403610525724e-05,0.0,0.0,0.0,0.0,0.0,0.00018702156472920732,0.0,0.0,line,ln6290208-1,,1000000.0,7199.557856794634,51.833633333333346,b
1038,1039,l3178974,m3327098,0.0,0.0,0.0,8.04970533932601e-05,0.0,0.0,0.0,0.0,0.0,0.00016737835584874423,0.0,0.0,line,ln6108130-5,,1000000.0,7199.557856794634,51.833633333333346,b
1039,1040,m3327098,m3327097,0.0,0.0,0.0,8.901633166110291e-05,0.0,0.0,0.0,0.0,0.0,0.00018509257928153467,0.0,0.0,line,ln6660514-2,,1000000.0,7199.557856794634,51.833633333333346,b
1040,1041,m3327097,l3448661,0.0,0.0,0.0,4.808909084127487e-05,0.0,0.0,0.0,0.0,0.0,9.999214405961636e-05,0.0,0.0,line,ln6660515-2,,1000000.0,7199.557856794634,51.833633333333346,b
1039,1042,m3327098,l2691943,0.0,0.0,0.0,0.00022357364465414663,0.0,0.0,0.0,0.0,0.0,0.0004648789921601739,0.0,0.0,line,ln6108130-6,,1000000.0,7199.557856794634,51.833633333333346,b
990,1043,m1047766,l3216344,0.0,0.0,0.0,6.16924462430764e-05,0.0,0.0,0.0,0.0,0.0,0.0001282777416709485,0.0,0.0,line,ln5683817-1,,1000000.0,7199.557856794634,51.833633333333346,b
1043,1044,l3216344,l2860501,0.0,0.0,0.0,3.4780392383581054e-05,0.0,0.0,0.0,0.0,0.0,7.231922968034267e-05,0.0,0.0,line,ln5593247-1,,1000000.0,7199.557856794634,51.833633333333346,b
971,1045,m1047763,p827509,0.0,0.0,0.0,5.19330262397195e-06,0.0,0.0,0.0,0.0,0.0,1.0798487869845125e-05,0.0,0.0,line,ln5776665-1,,1000000.0,7199.557856794634,51.833633333333346,b
1045,1046,p827509,n1136029,0.0,0.0,0.0,7.401587064769399e-06,0.0,0.0,0.0,0.0,0.0,1.5390196551917063e-05,0.0,0.0,line,ln5898058-3,,1000000.0,7199.557856794634,51.833633333333346,b
1046,1047,n1136029,m1047767,0.0,0.0,0.0,0.0001223112549187818,0.0,0.0,0.0,0.0,0.0,0.00025432305764146694,0.0,0.0,line,ln5898058-2,,1000000.0,7199.557856794634,51.833633333333346,b
1047,1048,m1047767,l2879068,0.0,0.0,0.0,0.00012125358721396465,0.0,0.0,0.0,0.0,0.0,0.00025212383824145063,0.0,0.0,line,ln5623395-1,,1000000.0,7199.557856794634,51.833633333333346,b
1048,1049,l2879068,m1047773,0.0,0.0,0.0,0.00010831476921355436,0.0,0.0,0.0,0.0,0.0,0.00022522002012335615,0.0,0.0,line,ln5895774-1,,1000000.0,7199.557856794634,51.833633333333346,b
1049,1050,m1047773,l2973152,0.0,0.0,0.0,7.557650510061355e-05,0.0,0.0,0.0,0.0,0.0,0.00015714700888162057,0.0,0.0,line,ln6320333-1,,1000000.0,7199.557856794634,51.833633333333346,b
1050,1051,l2973152,m1047777,0.0,0.0,0.0,1.937066224054008e-05,0.0,0.0,0.0,0.0,0.0,4.0277618382916095e-05,0.0,0.0,line,ln5804796-1,,1000000.0,7199.557856794634,51.833633333333346,b
1051,1052,m1047777,l3178975,0.0,0.0,0.0,0.0006131136830719307,0.0,0.0,0.0,0.0,0.0,0.0012748536237668074,0.0,0.0,line,ln6229798-1,,1000000.0,7199.557856794634,51.833633333333346,b
1051,1053,m1047777,l2748131,0.0,0.0,0.0,0.00012204846608604836,0.0,0.0,0.0,0.0,0.0,0.00025377663810305915,0.0,0.0,line,ln6320334-1,,1000000.0,7199.557856794634,51.833633333333346,b
1053,1054,l2748131,l2729427,0.0,0.0,0.0,6.24850614498051e-05,0.0,0.0,0.0,0.0,0.0,0.00012992583466976717,0.0,0.0,line,ln6077800-1,,1000000.0,7199.557856794634,51.833633333333346,b
1054,1055,l2729427,m1047786,0.0,0.0,0.0,5.067594785625034e-05,0.0,0.0,0.0,0.0,0.0,0.00010537102261144466,0.0,0.0,line,ln5472393-1,,1000000.0,7199.557856794634,51.833633333333346,b
1055,1056,m1047786,m1026969,0.0,0.0,0.0,7.065578448742097e-05,0.0,0.0,0.0,0.0,0.0,0.0001469153036066029,0.0,0.0,line,ln5804797-1,,1000000.0,7199.557856794634,51.833633333333346,b
1056,1057,m1026969,m1026972,0.0,0.0,0.0,4.3030030398537874e-05,0.0,0.0,0.0,0.0,0.0,8.94727873459253e-05,0.0,0.0,line,ln5532745-1,,1000000.0,7199.557856794634,51.833633333333346,b
1057,1058,m1026972,l2860483,0.0,0.0,0.0,6.78955685272561e-05,0.0,0.0,0.0,0.0,0.0,0.00014117595800667388,0.0,0.0,line,ln5926299-1,,1000000.0,7199.557856794634,51.833633333333346,b
1058,1059,l2860483,l3141397,0.0,0.0,0.0,8.509800973499187e-05,0.0,0.0,0.0,0.0,0.0,0.00017694517196620725,0.0,0.0,line,ln5593225-1,,1000000.0,7199.557856794634,51.833633333333346,b
1056,1060,m1026969,l2879066,0.0,0.0,0.0,0.00010181048880102943,0.0,0.0,0.0,0.0,0.0,0.00021169560257593362,0.0,0.0,line,ln6380808-1,,1000000.0,7199.557856794634,51.833633333333346,b
1055,1061,m1047786,l3048207,0.0,0.0,0.0,7.777690084108837e-05,0.0,0.0,0.0,0.0,0.0,0.00016172231450750443,0.0,0.0,line,ln6505940-2,,1000000.0,7199.557856794634,51.833633333333346,b
1061,1062,l3048207,m3036164,0.0,0.0,0.0,3.2689867775684897e-06,0.0,0.0,0.0,0.0,0.0,6.797238023702756e-06,0.0,0.0,line,ln6505939-4,,1000000.0,7199.557856794634,51.833633333333346,b
1062,1063,m3036164,l2935553,0.0,0.0,0.0,5.34323873109416e-05,0.0,0.0,0.0,0.0,0.0,0.00011110251568447511,0.0,0.0,line,ln5835135-2,,1000000.0,7199.557856794634,51.833633333333346,b
1063,1064,l2935553,m1026987,0.0,0.0,0.0,0.00014661250256429382,0.0,0.0,0.0,0.0,0.0,0.0003048528932629971,0.0,0.0,line,ln5593223-1,,1000000.0,7199.557856794634,51.833633333333346,b
1064,1065,m1026987,m1026990,0.0,0.0,0.0,6.384139982469554e-05,0.0,0.0,0.0,0.0,0.0,0.00013274608308376347,0.0,0.0,line,ln5865229-1,,1000000.0,7199.557856794634,51.833633333333346,b
1065,1066,m1026990,m1027001,0.0,0.0,0.0,0.0002851817310382126,0.0,0.0,0.0,0.0,0.0,0.0005929813235035937,0.0,0.0,line,ln5956456-1,,1000000.0,7199.557856794634,51.833633333333346,b
1066,1067,m1027001,m1027004,0.0,0.0,0.0,0.00010279340743365472,0.0,0.0,0.0,0.0,0.0,0.00021373939545687513,0.0,0.0,line,ln5835127-1,,1000000.0,7199.557856794634,51.833633333333346,b
1067,1068,m1027004,l2897765,0.0,0.0,0.0,0.00016326071501836963,0.0,0.0,0.0,0.0,0.0,0.00033946969364164446,0.0,0.0,line,ln5986923-1,,1000000.0,7199.557856794634,51.833633333333346,b
1068,1069,l2897765,m1047819,0.0,0.0,0.0,0.00012780922026817848,0.0,0.0,0.0,0.0,0.0,0.0002657550338679711,0.0,0.0,line,ln5835129-1,,1000000.0,7199.557856794634,51.833633333333346,b
1069,1070,m1047819,l2916603,0.0,0.0,0.0,7.98509610040842e-05,0.0,0.0,0.0,0.0,0.0,0.00016603492926021645,0.0,0.0,line,ln6199508-1,,1000000.0,7199.557856794634,51.833633333333346,b
1069,1071,m1047819,m1047821,0.0,0.0,0.0,7.587152906510506e-05,0.0,0.0,0.0,0.0,0.0,0.00015776045526295983,0.0,0.0,line,ln6350530-1,,1000000.0,7199.557856794634,51.833633333333346,b
1071,1072,m1047821,l2684420,0.0,0.0,0.0,2.211498666567203e-05,0.0,0.0,0.0,0.0,0.0,4.5983920549655976e-05,0.0,0.0,line,ln5744328-1,,1000000.0,7199.557856794634,51.833633333333346,b
1072,1073,l2684420,m1047824,0.0,0.0,0.0,9.338040991402622e-05,0.0,0.0,0.0,0.0,0.0,0.00019416685233847517,0.0,0.0,line,ln5532738-1,,1000000.0,7199.557856794634,51.833633333333346,b
1073,1074,m1047824,m1047834,0.0,0.0,0.0,0.0004652074448443706,0.0,0.0,0.0,0.0,0.0,0.0009673106525557085,0.0,0.0,line,ln6350531-1,,1000000.0,7199.557856794634,51.833633333333346,b
1074,1075,m1047834,l3197624,0.0,0.0,0.0,0.00010535721265921932,0.0,0.0,0.0,0.0,0.0,0.00021907034218451464,0.0,0.0,line,ln5744327-1,,1000000.0,7199.557856794634,51.833633333333346,b
1075,1076,l3197624,m1027101,0.0,0.0,0.0,0.0001552451353014677,0.0,0.0,0.0,0.0,0.0,0.00032280281581650004,0.0,0.0,line,ln6380804-1,,1000000.0,7199.557856794634,51.833633333333346,b
1076,1077,m1027101,l2860480,0.0,0.0,0.0,0.00018340509874862458,0.0,0.0,0.0,0.0,0.0,0.00038135611912214006,0.0,0.0,line,ln6259983-1,,1000000.0,7199.557856794634,51.833633333333346,b
1076,1078,m1027101,l2710508,0.0,0.0,0.0,4.053275768821916e-06,0.0,0.0,0.0,0.0,0.0,8.428018236550397e-06,0.0,0.0,line,ln6229788-1,,1000000.0,7199.557856794634,51.833633333333346,b
1078,1079,l2710508,l2822860,0.0,0.0,0.0,0.0001554922474403685,0.0,0.0,0.0,0.0,0.0,0.00032331663864324894,0.0,0.0,line,ln5562920-1,,1000000.0,7199.557856794634,51.833633333333346,b
1074,1080,m1047834,m1047835,0.0,0.0,0.0,6.187872922921989e-05,0.0,0.0,0.0,0.0,0.0,0.00012866508181110203,0.0,0.0,line,ln6169243-1,,1000000.0,7199.557856794634,51.833633333333346,b
1080,1081,m1047835,m1047836,0.0,0.0,0.0,0.00021679126461647484,0.0,0.0,0.0,0.0,0.0,0.00045077631918529073,0.0,0.0,line,ln5926290-1,,1000000.0,7199.557856794634,51.833633333333346,b
1081,1082,m1047836,l3048199,0.0,0.0,0.0,0.00015721728800283468,0.0,0.0,0.0,0.0,0.0,0.00032690353333003207,0.0,0.0,line,ln6380803-1,,1000000.0,7199.557856794634,51.833633333333346,b
1082,1083,l3048199,m1047837,0.0,0.0,0.0,9.487210160198428e-05,0.0,0.0,0.0,0.0,0.0,0.00019726854229653971,0.0,0.0,line,ln6259980-1,,1000000.0,7199.557856794634,51.833633333333346,b
1081,1084,m1047836,l3254203,0.0,0.0,0.0,0.0003295187445217358,0.0,0.0,0.0,0.0,0.0,0.0006851717342986439,0.0,0.0,line,ln5926289-1,,1000000.0,7199.557856794634,51.833633333333346,b
1073,1085,m1047824,l3122810,0.0,0.0,0.0,8.739264691072526e-05,0.0,0.0,0.0,0.0,0.0,0.00018171643478333562,0.0,0.0,line,ln5714042-1,,1000000.0,7199.557856794634,51.833633333333346,b
1071,1086,m1047821,l2785512,0.0,0.0,0.0,0.0002307442158855672,0.0,0.0,0.0,0.0,0.0,0.0004797888350999897,0.0,0.0,line,ln6017285-1,,1000000.0,7199.557856794634,51.833633333333346,b
1086,1087,l2785512,m1047813,0.0,0.0,0.0,0.00013197813543201355,0.0,0.0,0.0,0.0,0.0,0.00027442350229484193,0.0,0.0,line,ln6017286-1,,1000000.0,7199.557856794634,51.833633333333346,b
1087,1088,m1047813,l2973149,0.0,0.0,0.0,7.51236802745193e-05,0.0,0.0,0.0,0.0,0.0,0.00015620544553632805,0.0,0.0,line,ln6108123-1,,1000000.0,7199.557856794634,51.833633333333346,b
1067,1089,m1027004,l2804248,0.0,0.0,0.0,4.263632942317375e-05,0.0,0.0,0.0,0.0,0.0,8.865416083508196e-05,0.0,0.0,line,ln5986922-1,,1000000.0,7199.557856794634,51.833633333333346,b
1089,1090,l2804248,m1027005,0.0,0.0,0.0,6.643979895936292e-05,0.0,0.0,0.0,0.0,0.0,0.00013814896128446841,0.0,0.0,line,ln5835128-1,,1000000.0,7199.557856794634,51.833633333333346,b
1090,1091,m1027005,l3160100,0.0,0.0,0.0,4.3438988456015355e-05,0.0,0.0,0.0,0.0,0.0,9.032313806543882e-05,0.0,0.0,line,ln5653453-1,,1000000.0,7199.557856794634,51.833633333333346,b
1091,1092,l3160100,l3085390,0.0,0.0,0.0,7.48247679080957e-05,0.0,0.0,0.0,0.0,0.0,0.00015558391396062655,0.0,0.0,line,ln5472346-1,,1000000.0,7199.557856794634,51.833633333333346,b
1064,1093,m1026987,m1026989,0.0,0.0,0.0,5.32165826821581e-05,0.0,0.0,0.0,0.0,0.0,0.0001106537908873839,0.0,0.0,line,ln6108124-1,,1000000.0,7199.557856794634,51.833633333333346,b
1093,1094,m1026989,l2673343,0.0,0.0,0.0,0.00021688563808955444,0.0,0.0,0.0,0.0,0.0,0.00045097255092414247,0.0,0.0,line,ln5865267-1,,1000000.0,7199.557856794634,51.833633333333346,b
1094,1095,l2673343,l2764436,0.0,0.0,0.0,0.00012109772663695191,0.0,0.0,0.0,0.0,0.0,0.00025179975573131724,0.0,0.0,line,ln5591805-1,,1000000.0,7199.557856794634,51.833633333333346,b
1062,1096,m3036164,l3085397,0.0,0.0,0.0,0.00018891106469480238,0.0,0.0,0.0,0.0,0.0,0.000392804731072296,0.0,0.0,line,ln5593224-2,,1000000.0,7199.557856794634,51.833633333333346,b
1051,1097,m1047777,m1047780,0.0,0.0,0.0,0.00010242488204248334,0.0,0.0,0.0,0.0,0.0,0.00021297311679868087,0.0,0.0,line,ln6047562-1,,1000000.0,7199.557856794634,51.833633333333346,b
1097,1098,m1047780,l3066811,0.0,0.0,0.0,0.00013749022211447006,0.0,0.0,0.0,0.0,0.0,0.0002858848411552601,0.0,0.0,line,ln5714046-1,,1000000.0,7199.557856794634,51.833633333333346,b
1047,1099,m1047767,l2860484,0.0,0.0,0.0,0.00012218708341880976,0.0,0.0,0.0,0.0,0.0,0.00025406486655704235,0.0,0.0,line,ln6017290-1,,1000000.0,7199.557856794634,51.833633333333346,b
964,1100,m1047737,n1137988,2.2045403852968052e-05,0.0,0.0,0.0,0.0,0.0,4.5839236287378396e-05,0.0,0.0,0.0,0.0,0.0,line,ln5835136-2,,1000000.0,7199.557856794634,51.833633333333346,a
1100,1101,n1137988,l2991908,4.5766973014304086e-05,0.0,0.0,0.0,0.0,0.0,9.516374044008747e-05,0.0,0.0,0.0,0.0,0.0,line,ln5835136-3,,1000000.0,7199.557856794634,51.833633333333346,a
1101,1102,l2991908,l3178973,0.00011282302829115456,0.0,0.0,0.0,0.0,0.0,0.00023459408986057308,0.0,0.0,0.0,0.0,0.0,line,ln6229796-1,,1000000.0,7199.557856794634,51.833633333333346,a
964,1103,m1047737,n1137989,0.0,0.0,0.0,0.0,0.0,1.317634732660711e-05,0.0,0.0,0.0,0.0,0.0,2.7397715303255472e-05,line,ln5502526-2,,1000000.0,7199.557856794634,51.833633333333346,c
1103,1104,n1137989,l3122814,0.0,0.0,0.0,0.0,0.0,4.026167732791257e-05,0.0,0.0,0.0,0.0,0.0,8.371652216803889e-05,line,ln5502526-3,,1000000.0,7199.557856794634,51.833633333333346,c
963,1105,m1047732,n1137987,0.0,0.0,0.0,0.0,0.0,1.3373341041756027e-05,0.0,0.0,0.0,0.0,0.0,2.7807326373030635e-05,line,ln5682448-2,,1000000.0,7199.557856794634,51.833633333333346,c
1105,1106,n1137987,l3027156,0.0,0.0,0.0,0.0,0.0,4.3747998358851935e-05,0.0,0.0,0.0,0.0,0.0,9.096566555306109e-05,line,ln5682448-3,,1000000.0,7199.557856794634,51.833633333333346,c
1106,1107,l3027156,l2860481,0.0,0.0,0.0,0.0,0.0,0.00012735000839223437,0.0,0.0,0.0,0.0,0.0,0.0002648001898638528,line,ln5773136-1,,1000000.0,7199.557856794634,51.833633333333346,c
956,1108,m1047724,m1047725,0.0,0.0,0.0,3.8312843848492185e-06,0.0,0.0,0.0,0.0,0.0,7.966429255393374e-06,0.0,0.0,line,ln5981120-1,,1000000.0,7199.557856794634,51.833633333333346,b
1108,1109,m1047725,m1047728,0.0,0.0,0.0,9.811131273195201e-05,0.0,0.0,0.0,0.0,0.0,0.00020400386750816228,0.0,0.0,line,ln5738651-1,,1000000.0,7199.557856794634,51.833633333333346,b
1109,1110,m1047728,l2804255,0.0,0.0,0.0,0.00010620597638984723,0.0,0.0,0.0,0.0,0.0,0.00022083518538992372,0.0,0.0,line,ln6108129-1,,1000000.0,7199.557856794634,51.833633333333346,b
951,1111,m1047713,n1137003,1.0759976874731912e-05,0.0,0.0,0.0,0.0,0.0,2.2373331225735666e-05,0.0,0.0,0.0,0.0,0.0,line,ln6229795-3,,1000000.0,7199.557856794634,51.833633333333346,a
1111,1112,n1137003,l2935555,7.310862535200759e-06,0.0,0.0,0.0,0.0,0.0,1.5201552099055373e-05,0.0,0.0,0.0,0.0,0.0,line,ln6229795-2,,1000000.0,7199.557856794634,51.833633333333346,a
1112,1113,l2935555,l2897773,5.623611644691445e-05,0.0,0.0,0.0,0.0,0.0,0.00011693233868099796,0.0,0.0,0.0,0.0,0.0,line,ln5593226-1,,1000000.0,7199.557856794634,51.833633333333346,a
1113,1114,l2897773,l3197631,0.0001358279330859178,0.0,0.0,0.0,0.0,0.0,0.000282428426382098,0.0,0.0,0.0,0.0,0.0,line,ln5532747-1,,1000000.0,7199.557856794634,51.833633333333346,a
1114,1115,l3197631,l2748127,5.9187463866768606e-05,0.0,0.0,0.0,0.0,0.0,0.00012306910590228093,0.0,0.0,0.0,0.0,0.0,line,ln6047563-1,,1000000.0,7199.557856794634,51.833633333333346,a
940,1116,m1047688,n1144664,0.0,0.0,0.0,0.0,0.0,1.731821487849909e-05,0.0,0.0,0.0,0.0,0.0,3.600994335081018e-05,line,ln5986926-2,,1000000.0,7199.557856794634,51.833633333333346,c
1116,1117,n1144664,l3178972,0.0,0.0,0.0,0.0,0.0,7.383078159676245e-05,0.0,0.0,0.0,0.0,0.0,0.00015351710794085432,line,ln5986926-3,,1000000.0,7199.557856794634,51.833633333333346,c
938,1118,m1047672,n1136999,1.793341713134779e-05,0.0,0.0,0.0,0.0,0.0,3.728913975931971e-05,0.0,0.0,0.0,0.0,0.0,line,ln5774455-2,,1000000.0,7199.557856794634,51.833633333333346,a
1118,1119,n1136999,m1047671,9.864426996885548e-06,0.0,0.0,0.0,0.0,0.0,2.0511205100420636e-05,0.0,0.0,0.0,0.0,0.0,line,ln5774455-3,,1000000.0,7199.557856794634,51.833633333333346,a
1119,1120,m1047671,l2710511,6.8107728688387e-05,0.0,0.0,0.0,0.0,0.0,0.00014161710482447364,0.0,0.0,0.0,0.0,0.0,line,ln6320335-1,,1000000.0,7199.557856794634,51.833633333333346,a
1120,1121,l2710511,l2766719,7.52861785494489e-05,0.0,0.0,0.0,0.0,0.0,0.00015654332988040582,0.0,0.0,0.0,0.0,0.0,line,ln5502525-1,,1000000.0,7199.557856794634,51.833633333333346,a
465,1122,m1047521,n1136665,1.2560913448089366e-05,0.0,0.0,0.0,0.0,0.0,2.6118037273096162e-05,0.0,0.0,0.0,0.0,0.0,line,ln6129680-2,,1000000.0,7199.557856794634,51.833633333333346,a
1122,1123,n1136665,l2685809,3.348209917756102e-05,0.0,0.0,0.0,0.0,0.0,6.961967518644586e-05,0.0,0.0,0.0,0.0,0.0,line,ln6129680-3,,1000000.0,7199.557856794634,51.833633333333346,a
465,1124,m1047521,l2954353,1.3292267581731035e-05,0.0,0.0,0.0,0.0,0.0,2.76387494889097e-05,0.0,0.0,0.0,0.0,0.0,line,ln6411387-1,,1000000.0,7199.557856794634,51.833633333333346,a
465,1125,m1047521,d6108141-1_int,3.8447332644376955e-05,1.572370533418133e-05,1.572370533418133e-05,3.8447332644376955e-05,1.572370533418133e-05,3.8447332644376955e-05,8.435167172215722e-05,3.710219838406079e-05,3.710219838406079e-05,8.435167172215722e-05,3.710219838406079e-05,8.435167172215722e-05,line,ln6108141-1,,1000000.0,7199.557856794634,51.833633333333346,abc
1125,1126,d6108141-1_int,e206209,1.9292492840877444e-05,0.0,0.0,1.9292492840877444e-05,0.0,1.9292492840877444e-05,1.9292492840877444e-05,0.0,0.0,1.9292492840877444e-05,0.0,1.9292492840877444e-05,switch,v9111_48332_sw,CLOSED,1000000.0,7199.557856794634,51.833633333333346,abc
1126,1127,e206209,l2897777,0.00023581769252782443,9.644174653651512e-05,9.644174653651512e-05,0.00023581769252782443,9.644174653651512e-05,0.00023581769252782443,0.0005173731236539465,0.00022756727733408614,0.00022756727733408614,0.0005173731236539465,0.00022756727733408614,0.0005173731236539465,line,ln6108142-1,,1000000.0,7199.557856794634,51.833633333333346,abc
1127,1128,l2897777,n1144665,5.1337689832020235e-05,2.099544108619305e-05,2.099544108619305e-05,5.1337689832020235e-05,2.099544108619305e-05,5.1337689832020235e-05,0.00011263251991338954,4.954156821085922e-05,4.954156821085922e-05,0.00011263251991338954,4.954156821085922e-05,0.00011263251991338954,line,ln6138610-3,,1000000.0,7199.557856794634,51.833633333333346,abc
1128,1129,n1144665,m1047515,5.1852949326981355e-05,2.120616541769209e-05,2.120616541769209e-05,5.1852949326981355e-05,2.120616541769209e-05,5.1852949326981355e-05,0.00011376297544258583,5.003880062430506e-05,5.003880062430506e-05,0.00011376297544258583,5.003880062430506e-05,0.00011376297544258583,line,ln6138610-2,,1000000.0,7199.557856794634,51.833633333333346,abc
1129,1130,m1047515,m1047513,0.00021334389457552965,8.725069601526412e-05,8.725069601526412e-05,0.00021334389457552965,8.725069601526412e-05,0.00021334389457552965,0.000468066649138365,0.00020587975695960598,0.00020587975695960598,0.000468066649138365,0.00020587975695960598,0.000468066649138365,line,ln5593236-6,,1000000.0,7199.557856794634,51.833633333333346,abc
1130,1131,m1047513,p901913,0.0,0.0,0.0,0.0,0.0,6.998975774416738e-06,0.0,0.0,0.0,0.0,0.0,1.455304273094239e-05,line,ln5773033-1,,1000000.0,7199.557856794634,51.833633333333346,c
1131,1132,p901913,l3157708,0.0,0.0,0.0,0.0,0.0,2.5857710598459557e-05,0.0,0.0,0.0,0.0,0.0,5.3766205140934865e-05,line,ln5803262-1,,1000000.0,7199.557856794634,51.833633333333346,c
1132,1133,l3157708,n1137991,0.0,0.0,0.0,0.0,0.0,1.5812825945058834e-05,0.0,0.0,0.0,0.0,0.0,3.2879772568518885e-05,line,ln5803262-7,,1000000.0,7199.557856794634,51.833633333333346,c
1133,1134,n1137991,m4113345,0.0,0.0,0.0,0.0,0.0,4.855936927696237e-05,0.0,0.0,0.0,0.0,0.0,0.00010096999887589072,line,ln5803262-8,,1000000.0,7199.557856794634,51.833633333333346,c
1134,1135,m4113345,l3197640,0.0,0.0,0.0,0.0,0.0,9.022990470151618e-05,0.0,0.0,0.0,0.0,0.0,0.00018761597425866986,line,ln5803262-6,,1000000.0,7199.557856794634,51.833633333333346,c
1130,1136,m1047513,m1047507,0.0001316173864871521,5.3827219201946685e-05,5.3827219201946685e-05,0.0001316173864871521,5.3827219201946685e-05,0.0001316173864871521,0.00028876246580180557,0.00012701256623980954,0.00012701256623980954,0.00028876246580180557,0.00012701256623980954,0.00028876246580180557,line,ln6047577-1,,1000000.0,7199.557856794634,51.833633333333346,abc
1136,1137,m1047507,l2820531,7.548014111300959e-05,3.086891640627157e-05,3.086891640627157e-05,7.548014111300959e-05,3.086891640627157e-05,7.548014111300959e-05,0.0001655999427475982,7.283936171944984e-05,7.283936171944984e-05,0.0001655999427475982,7.283936171944984e-05,0.0001655999427475982,line,ln5742811-1,,1000000.0,7199.557856794634,51.833633333333346,abc
1137,1138,l2820531,n1137992,7.084569284422144e-05,2.897357818765033e-05,2.897357818765033e-05,7.084569284422144e-05,2.897357818765033e-05,7.084569284422144e-05,0.00015543217733723723,6.836705617202214e-05,6.836705617202214e-05,0.00015543217733723723,6.836705617202214e-05,0.00015543217733723723,line,ln5742811-3,,1000000.0,7199.557856794634,51.833633333333346,abc
1138,1139,n1137992,196-29520,8.59436472457715e-06,3.5148149213284256e-06,3.5148149213284256e-06,8.59436472457715e-06,3.5148149213284256e-06,8.59436472457715e-06,1.88556391834388e-05,8.293678730476799e-06,8.293678730476799e-06,1.88556391834388e-05,8.293678730476799e-06,1.88556391834388e-05,line,ln5742811-4,,1000000.0,7199.557856794634,51.833633333333346,abc
1139,1140,196-29520,l3160109,0.00012239497080209817,5.005555191770589e-05,5.005555191770589e-05,0.00012239497080209817,5.005555191770589e-05,0.00012239497080209817,0.00026852891182430446,0.00011811280979917155,0.00011811280979917155,0.00026852891182430446,0.00011811280979917155,0.00026852891182430446,line,ln5800830-1,,1000000.0,7199.557856794634,51.833633333333346,abc
1140,1141,l3160109,m1047497,0.00013619273548127366,5.569838774437955e-05,5.569838774437955e-05,0.00013619273548127366,5.569838774437955e-05,0.00013619273548127366,0.00029880057013367757,0.0001314278401842047,0.0001314278401842047,0.00029880057013367757,0.0001314278401842047,0.00029880057013367757,line,ln6134514-2,,1000000.0,7199.557856794634,51.833633333333346,abc
1141,1142,m1047497,l3104136,4.37961237060364e-05,1.79111864613002e-05,1.79111864613002e-05,4.37961237060364e-05,1.79111864613002e-05,4.37961237060364e-05,9.60866722205466e-05,4.226385443235376e-05,4.226385443235376e-05,9.60866722205466e-05,4.226385443235376e-05,9.60866722205466e-05,line,ln6134514-1,,1000000.0,7199.557856794634,51.833633333333346,abc
1142,1143,l3104136,l2822872,0.0002698567997484257,0.0001103626314188534,0.0001103626314188534,0.0002698567997484257,0.0001103626314188534,0.0002698567997484257,0.0005920533524371882,0.0002604154782898362,0.0002604154782898362,0.0005920533524371882,0.0002604154782898362,0.0005920533524371882,line,ln5895793-1,,1000000.0,7199.557856794634,51.833633333333346,abc
1143,1144,l2822872,m1047490,0.000175737641770562,7.18709649088847e-05,7.18709649088847e-05,0.000175737641770562,7.18709649088847e-05,0.000175737641770562,0.00038556026772964007,0.00016958921204829038,0.00016958921204829038,0.00038556026772964007,0.00016958921204829038,0.00038556026772964007,line,ln6169261-1,,1000000.0,7199.557856794634,51.833633333333346,abc
1144,1145,m1047490,l2726973,0.00013717124915418486,5.609856792854569e-05,5.609856792854569e-05,0.00013717124915418486,5.609856792854569e-05,0.00013717124915418486,0.00030094738392896753,0.00013237211917358676,0.00013237211917358676,0.00030094738392896753,0.00013237211917358676,0.00030094738392896753,line,ln6047576-1,,1000000.0,7199.557856794634,51.833633333333346,abc
1145,1146,l2726973,m1047485,0.00016023819624966788,6.553219710754079e-05,6.553219710754079e-05,0.00016023819624966788,6.553219710754079e-05,0.00016023819624966788,0.0003515552002637926,0.00015463203653033516,0.00015463203653033516,0.0003515552002637926,0.00015463203653033516,0.0003515552002637926,line,ln5739188-1,,1000000.0,7199.557856794634,51.833633333333346,abc
1146,1147,m1047485,l3122821,0.00037260786344001844,0.00015238446589055095,0.00015238446589055095,0.00037260786344001844,0.00015238446589055095,0.00037260786344001844,0.0008174844395241439,0.00035957165082645815,0.00035957165082645815,0.0008174844395241439,0.00035957165082645815,0.0008174844395241439,line,ln5829831-1,,1000000.0,7199.557856794634,51.833633333333346,abc
1147,1148,l3122821,m1047486,0.0002611010157754712,0.00010678180128860978,0.00010678180128860978,0.0002611010157754712,0.00010678180128860978,0.0002611010157754712,0.0005728435668796771,0.0002519660277914789,0.0002519660277914789,0.0005728435668796771,0.0002519660277914789,0.0005728435668796771,line,ln5532753-1,,1000000.0,7199.557856794634,51.833633333333346,abc
1148,1149,m1047486,l3177665,2.0463178978385332e-05,0.0,0.0,0.0,0.0,0.0,4.2549299737815015e-05,0.0,0.0,0.0,0.0,0.0,line,ln6437757-1,,1000000.0,7199.557856794634,51.833633333333346,a
1148,1150,m1047486,p827502,1.1431381361779898e-05,0.0,0.0,0.0,0.0,0.0,2.37693895212182e-05,0.0,0.0,0.0,0.0,0.0,line,ln5928543-1,,1000000.0,7199.557856794634,51.833633333333346,a
1150,1151,p827502,n1137993,2.6082540795583816e-05,0.0,0.0,0.0,0.0,0.0,5.4233696895644966e-05,0.0,0.0,0.0,0.0,0.0,line,ln6140774-3,,1000000.0,7199.557856794634,51.833633333333346,a
1151,1152,n1137993,l2860482,7.197715521903731e-05,0.0,0.0,0.0,0.0,0.0,0.00014966284343820513,0.0,0.0,0.0,0.0,0.0,line,ln6140774-2,,1000000.0,7199.557856794634,51.833633333333346,a
1152,1153,l2860482,l3254204,0.0006905978068294138,0.0,0.0,0.0,0.0,0.0,0.001435967163855643,0.0,0.0,0.0,0.0,0.0,line,ln5744330-1,,1000000.0,7199.557856794634,51.833633333333346,a
1148,1154,m1047486,m1047484,0.00018880787537049615,7.72162642479882e-05,7.72162642479882e-05,0.00018880787537049615,7.72162642479882e-05,0.00018880787537049615,0.00041423575645993033,0.00018220216505692246,0.00018220216505692246,0.00041423575645993033,0.00018220216505692246,0.00041423575645993033,line,ln6012046-1,,1000000.0,7199.557856794634,51.833633333333346,abc
1154,1155,m1047484,l3010560,0.0001118704551189092,4.5751368194010406e-05,4.5751368194010406e-05,0.0001118704551189092,4.5751368194010406e-05,0.0001118704551189092,0.0002454386106022537,0.00010795650916875721,0.00010795650916875721,0.0002454386106022537,0.00010795650916875721,0.0002454386106022537,line,ln6290205-1,,1000000.0,7199.557856794634,51.833633333333346,abc
1155,1156,l3010560,m1047483,6.174186950171988e-05,2.5250411304371845e-05,2.5250411304371845e-05,6.174186950171988e-05,2.5250411304371845e-05,6.174186950171988e-05,0.0001354588094808454,5.9581742953256206e-05,5.9581742953256206e-05,0.0001354588094808454,5.9581742953256206e-05,0.0001354588094808454,line,ln6169246-1,,1000000.0,7199.557856794634,51.833633333333346,abc
1156,1157,m1047483,m1047480,0.0001506788336684867,6.162272953018272e-05,6.162272953018272e-05,0.0001506788336684867,6.162272953018272e-05,0.0001506788336684867,0.00033058240036166987,0.00014540712175685155,0.00014540712175685155,0.00033058240036166987,0.00014540712175685155,0.00033058240036166987,line,ln6259987-1,,1000000.0,7199.557856794634,51.833633333333346,abc
1157,1158,m1047480,m1069483,0.00021579554135056438,8.82533396012498e-05,8.82533396012498e-05,0.00021579554135056438,8.82533396012498e-05,0.00021579554135056438,0.0004734454489073696,0.00020824562940793264,0.00020824562940793264,0.0004734454489073696,0.00020824562940793264,0.0004734454489073696,line,ln6077774-1,,1000000.0,7199.557856794634,51.833633333333346,abc
1158,1159,m1069483,m1069481,9.64667619338537e-05,3.945175997566569e-05,3.945175997566569e-05,9.64667619338537e-05,3.945175997566569e-05,9.64667619338537e-05,0.0002116436193378944,9.309173595586905e-05,9.309173595586905e-05,0.0002116436193378944,9.309173595586905e-05,0.0002116436193378944,line,ln6229793-1,,1000000.0,7199.557856794634,51.833633333333346,abc
1159,1160,m1069481,l2745848,5.08714935643459e-05,2.0804782014766453e-05,2.0804782014766453e-05,5.08714935643459e-05,2.0804782014766453e-05,5.08714935643459e-05,0.00011160970683835267,4.9091682478365076e-05,4.9091682478365076e-05,0.00011160970683835267,4.9091682478365076e-05,0.00011160970683835267,line,ln6106657-1,,1000000.0,7199.557856794634,51.833633333333346,abc
1160,1161,l2745848,l2673308,0.00010896422518969337,4.456281492132837e-05,4.456281492132837e-05,0.00010896422518969337,4.456281492132837e-05,0.00010896422518969337,0.00023906247639274107,0.00010515195780024421,0.00010515195780024421,0.00023906247639274107,0.00010515195780024421,0.00023906247639274107,line,ln5833717-1,,1000000.0,7199.557856794634,51.833633333333346,abc
1161,1162,l2673308,l2991939,0.00021319675222458505,8.719051959184791e-05,8.719051959184791e-05,0.00021319675222458505,8.719051959184791e-05,0.00021319675222458505,0.00046774382561772936,0.00020573776259172772,0.00020573776259172772,0.00046774382561772936,0.00020573776259172772,0.00046774382561772936,line,ln6199557-1,,1000000.0,7199.557856794634,51.833633333333346,abc
1162,1163,l2991939,l3216367,0.00017750136397667141,7.259226977850281e-05,7.259226977850281e-05,0.00017750136397667141,7.259226977850281e-05,0.00017750136397667141,0.0003894297927735465,0.00017129122794080288,0.00017129122794080288,0.0003894297927735465,0.00017129122794080288,0.0003894297927735465,line,ln5774495-1,,1000000.0,7199.557856794634,51.833633333333346,abc
1163,1164,l3216367,m1069468,7.827931419046444e-05,3.201368691756764e-05,3.201368691756764e-05,7.827931419046444e-05,3.201368691756764e-05,7.827931419046444e-05,0.0001717411991699083,7.554060177143669e-05,7.554060177143669e-05,0.0001717411991699083,7.554060177143669e-05,0.0001717411991699083,line,ln5835173-1,,1000000.0,7199.557856794634,51.833633333333346,abc
1164,1165,m1069468,m1069464,0.00013843819742779618,5.661670845892204e-05,5.661670845892204e-05,0.00013843819742779618,5.661670845892204e-05,0.00013843819742779618,0.0003037270099137689,0.00013359474147159274,0.00013359474147159274,0.0003037270099137689,0.00013359474147159274,0.0003037270099137689,line,ln5532785-1,,1000000.0,7199.557856794634,51.833633333333346,abc
1165,1166,m1069464,p873787,0.0,0.0,0.0,6.977355140709796e-06,0.0,0.0,0.0,0.0,0.0,1.4508086723613815e-05,0.0,0.0,line,ln5859996-1,,1000000.0,7199.557856794634,51.833633333333346,b
1166,1167,p873787,m1069463,0.0,0.0,0.0,1.6530469405643308e-05,0.0,0.0,0.0,0.0,0.0,3.437197604001005e-05,0.0,0.0,line,ln6163946-1,,1000000.0,7199.557856794634,51.833633333333346,b
1167,1168,m1069463,m1069462,0.0,0.0,0.0,2.6104638108203875e-06,0.0,0.0,0.0,0.0,0.0,5.427964406636873e-06,0.0,0.0,line,ln5746549-1,,1000000.0,7199.557856794634,51.833633333333346,b
1168,1169,m1069462,l3216342,0.0,0.0,0.0,3.3603770910650674e-05,0.0,0.0,0.0,0.0,0.0,6.987266847973225e-05,0.0,0.0,line,ln5958706-1,,1000000.0,7199.557856794634,51.833633333333346,b
1169,1170,l3216342,l2879063,0.0,0.0,0.0,6.924280300628484e-05,0.0,0.0,0.0,0.0,0.0,0.00014397727659582675,0.0,0.0,line,ln6411367-1,,1000000.0,7199.557856794634,51.833633333333346,b
1165,1171,m1069464,m1069461,0.00015209576414798877,6.220220789204429e-05,6.220220789204429e-05,0.00015209576414798877,6.220220789204429e-05,0.00015209576414798877,0.00033369108037766974,0.00014677447892134384,0.00014677447892134384,0.00033369108037766974,0.00014677447892134384,0.00033369108037766974,line,ln5593251-1,,1000000.0,7199.557856794634,51.833633333333346,abc
1171,1172,m1069461,l2876798,9.279975758339656e-05,3.795207477255754e-05,3.795207477255754e-05,9.279975758339656e-05,3.795207477255754e-05,9.279975758339656e-05,0.000203598381192649,8.955302693424924e-05,8.955302693424924e-05,0.000203598381192649,8.955302693424924e-05,0.000203598381192649,line,ln6258443-1,,1000000.0,7199.557856794634,51.833633333333346,abc
1172,1173,l2876798,m1069457,0.00019202739431090096,7.853294251030049e-05,7.853294251030049e-05,0.00019202739431090096,7.853294251030049e-05,0.00019202739431090096,0.0004212992322874014,0.000185309044577877,0.000185309044577877,0.0004212992322874014,0.000185309044577877,0.0004212992322874014,line,ln5803273-1,,1000000.0,7199.557856794634,51.833633333333346,abc
1173,1174,m1069457,e182745,1.2244024915611417e-05,0.0,0.0,0.0,0.0,0.0,2.5459127669357536e-05,0.0,0.0,0.0,0.0,0.0,line,ln6352701-1,,1000000.0,7199.557856794634,51.833633333333346,a
1173,1175,m1069457,n1139260,1.2945938828649857e-05,5.294466830738594e-06,5.294466830738594e-06,1.2945938828649857e-05,5.294466830738594e-06,1.2945938828649857e-05,2.8402791743970604e-05,1.2493006865555117e-05,1.2493006865555117e-05,2.8402791743970604e-05,1.2493006865555117e-05,2.8402791743970604e-05,line,ln5865268-2,,1000000.0,7199.557856794634,51.833633333333346,abc
1175,1176,n1139260,l2925506,0.0001934987988879806,7.913469900174203e-05,7.913469900174203e-05,0.0001934987988879806,7.913469900174203e-05,0.0001934987988879806,0.0004245274259570201,0.00018672896998666886,0.00018672896998666886,0.0004245274259570201,0.00018672896998666886,0.0004245274259570201,line,ln5865268-3,,1000000.0,7199.557856794634,51.833633333333346,abc
1176,1177,l2925506,m1069438,5.91666928229997e-05,2.4197248015927856e-05,2.4197248015927856e-05,5.91666928229997e-05,2.4197248015927856e-05,5.91666928229997e-05,0.00012980899080969945,5.709666246947766e-05,5.709666246947766e-05,0.00012980899080969945,5.709666246947766e-05,0.00012980899080969945,line,ln5472402-1,,1000000.0,7199.557856794634,51.833633333333346,abc
1177,1178,m1069438,p827575,0.0,0.0,0.0,0.0,0.0,1.1250737957143656e-05,0.0,0.0,0.0,0.0,0.0,2.3393775821233182e-05,line,ln6352702-1,,1000000.0,7199.557856794634,51.833633333333346,c
1178,1179,p827575,m1069437,0.0,0.0,0.0,0.0,0.0,5.689656291378377e-06,0.0,0.0,0.0,0.0,0.0,1.1830561185176418e-05,line,ln5776673-1,,1000000.0,7199.557856794634,51.833633333333346,c
1179,1180,m1069437,n1139259,0.0,0.0,0.0,0.0,0.0,5.073334626359075e-05,0.0,0.0,0.0,0.0,0.0,0.00010549037171360421,line,ln5744370-2,,1000000.0,7199.557856794634,51.833633333333346,c
1180,1181,n1139259,l2710543,0.0,0.0,0.0,0.0,0.0,3.986941422203987e-05,0.0,0.0,0.0,0.0,0.0,8.290088543410358e-05,line,ln5744370-3,,1000000.0,7199.557856794634,51.833633333333346,c
1179,1182,m1069437,n1139258,0.0,0.0,0.0,0.0,0.0,1.2598961600865331e-05,0.0,0.0,0.0,0.0,0.0,2.6197151190764806e-05,line,ln5956498-2,,1000000.0,7199.557856794634,51.833633333333346,c
1182,1183,n1139258,l3066810,0.0,0.0,0.0,0.0,0.0,4.549791797989593e-05,0.0,0.0,0.0,0.0,0.0,9.460429152371462e-05,line,ln5956498-3,,1000000.0,7199.557856794634,51.833633333333346,c
1183,1184,l3066810,l2897769,0.0,0.0,0.0,0.0,0.0,0.00014506053225415413,0.0,0.0,0.0,0.0,0.0,0.0003016258653422583,line,ln5623392-1,,1000000.0,7199.557856794634,51.833633333333346,c
1184,1185,l2897769,l3778577,0.0,0.0,0.0,0.0,0.0,6.16801756774398e-05,0.0,0.0,0.0,0.0,0.0,0.00012825222735688343,line,ln5986925-2,,1000000.0,7199.557856794634,51.833633333333346,c
1185,1186,l3778577,l3141395,0.0,0.0,0.0,0.0,0.0,7.153850431733834e-05,0.0,0.0,0.0,0.0,0.0,0.00014875075208053455,line,ln5986925-3,,1000000.0,7199.557856794634,51.833633333333346,c
1177,1187,m1069438,l2766749,0.0001287720316885625,5.266356187263219e-05,5.266356187263219e-05,0.0001287720316885625,5.266356187263219e-05,0.0001287720316885625,0.0002825198888167206,0.00012426676019945866,0.00012426676019945866,0.0002825198888167206,0.00012426676019945866,0.0002825198888167206,line,ln5502569-1,,1000000.0,7199.557856794634,51.833633333333346,abc
1187,1188,l2766749,d5956499-2_int,7.71286390445328e-05,3.1543098304897235e-05,3.1543098304897235e-05,7.71286390445328e-05,3.1543098304897235e-05,7.71286390445328e-05,0.0001692166710559231,7.443018462143948e-05,7.443018462143948e-05,0.0001692166710559231,7.443018462143948e-05,0.0001692166710559231,line,ln5956499-2,,1000000.0,7199.557856794634,51.833633333333346,abc
1188,1189,d5956499-2_int,q14411,1.9292492840877444e-05,0.0,0.0,1.9292492840877444e-05,0.0,1.9292492840877444e-05,1.9292492840877444e-05,0.0,0.0,1.9292492840877444e-05,0.0,1.9292492840877444e-05,switch,ln4625680_sw,CLOSED,1000000.0,7199.557856794634,51.833633333333346,abc
1189,1190,q14411,m1069428,8.587377734791241e-05,3.511957470342612e-05,3.511957470342612e-05,8.587377734791241e-05,3.511957470342612e-05,8.587377734791241e-05,0.00018840310050617065,8.28693619040147e-05,8.28693619040147e-05,0.00018840310050617065,8.28693619040147e-05,0.00018840310050617065,line,ln5956499-3,,1000000.0,7199.557856794634,51.833633333333346,abc
1190,1191,m1069428,m1069424,0.00014513725053424118,5.9356402732074156e-05,5.9356402732074156e-05,0.00014513725053424118,5.9356402732074156e-05,0.00014513725053424118,0.0003184244229621821,0.0001400594187390555,0.0001400594187390555,0.0003184244229621821,0.0001400594187390555,0.0003184244229621821,line,ln6047604-1,,1000000.0,7199.557856794634,51.833633333333346,abc
1191,1192,m1069424,l2935549,0.00016773376997818008,6.859764234161982e-05,6.859764234161982e-05,0.00016773376997818008,6.859764234161982e-05,0.00016773376997818008,0.0003680001427612315,0.00016186536702038375,0.00016186536702038375,0.0003680001427612315,0.00016186536702038375,0.0003680001427612315,line,ln6290203-1,,1000000.0,7199.557856794634,51.833633333333346,abc
1192,1193,l2935549,m1069420,0.00018179322918388243,7.43475026961258e-05,7.43475026961258e-05,0.00018179322918388243,7.43475026961258e-05,0.00018179322918388243,0.0003988459467726552,0.0001754329361791475,0.0001754329361791475,0.0003988459467726552,0.0001754329361791475,0.0003988459467726552,line,ln5835131-1,,1000000.0,7199.557856794634,51.833633333333346,abc
1193,1194,m1069420,m4277837,0.00032277005625047807,0.00013200242789591555,0.00013200242789591555,0.00032277005625047807,0.00013200242789591555,0.00032277005625047807,0.0007081425928402985,0.0003114774897444323,0.0003114774897444323,0.0007081425928402985,0.0003114774897444323,0.0007081425928402985,line,ln6350533-4,,1000000.0,7199.557856794634,51.833633333333346,abc
1194,1195,m4277837,m1069419,0.0001305736110543411,5.34003490860824e-05,5.34003490860824e-05,0.0001305736110543411,5.34003490860824e-05,0.0001305736110543411,0.00028647247072010506,0.00012600530876541547,0.00012600530876541547,0.00028647247072010506,0.00012600530876541547,0.00028647247072010506,line,ln6350533-5,,1000000.0,7199.557856794634,51.833633333333346,abc
1195,1196,m1069419,m1069418,9.18062229710567e-05,3.7545751513978334e-05,3.7545751513978334e-05,9.18062229710567e-05,3.7545751513978334e-05,9.18062229710567e-05,0.0002014186121501547,8.859425253422969e-05,8.859425253422969e-05,0.0002014186121501547,8.859425253422969e-05,0.0002014186121501547,line,ln5683810-1,,1000000.0,7199.557856794634,51.833633333333346,abc
1196,1197,m1069418,m1069417,0.00016616957408735245,6.795793722865905e-05,6.795793722865905e-05,0.00016616957408735245,6.795793722865905e-05,0.00016616957408735245,0.000364568369235805,0.00016035589673307356,0.00016035589673307356,0.000364568369235805,0.00016035589673307356,0.000364568369235805,line,ln5926291-1,,1000000.0,7199.557856794634,51.833633333333346,abc
1197,1198,m1069417,p901910,0.0,0.0,0.0,4.828237071296692e-06,0.0,0.0,0.0,0.0,0.0,1.003940328962726e-05,0.0,0.0,line,ln5712475-1,,1000000.0,7199.557856794634,51.833633333333346,b
1198,1199,p901910,n1139252,0.0,0.0,0.0,7.574500662054045e-06,0.0,0.0,0.0,0.0,0.0,1.5749737583512375e-05,0.0,0.0,line,ln5621837-2,,1000000.0,7199.557856794634,51.833633333333346,b
1199,1200,n1139252,l3122812,0.0,0.0,0.0,6.982949963633649e-06,0.0,0.0,0.0,0.0,0.0,1.4519720096796862e-05,0.0,0.0,line,ln5621837-3,,1000000.0,7199.557856794634,51.833633333333346,b
1197,1201,m1069417,n1138597,6.0155176280008625e-05,2.4601505516688297e-05,2.4601505516688297e-05,6.0155176280008625e-05,2.4601505516688297e-05,6.0155176280008625e-05,0.00013197767785073908,5.805056243597302e-05,5.805056243597302e-05,0.00013197767785073908,5.805056243597302e-05,0.00013197767785073908,line,ln5956457-2,,1000000.0,7199.557856794634,51.833633333333346,abc
1201,1202,n1138597,m1069411,9.064877571769675e-05,3.707239333019934e-05,3.707239333019934e-05,9.064877571769675e-05,3.707239333019934e-05,9.064877571769675e-05,0.0001988792263453137,8.747730020855183e-05,8.747730020855183e-05,0.0001988792263453137,8.747730020855183e-05,0.0001988792263453137,line,ln5956457-3,,1000000.0,7199.557856794634,51.833633333333346,abc
1202,1203,m1069411,l2766741,0.0001650088534278579,6.74832403285125e-05,6.74832403285125e-05,0.0001650088534278579,6.74832403285125e-05,0.0001650088534278579,0.0003620218017291217,0.00015923578552600015,0.00015923578552600015,0.0003620218017291217,0.00015923578552600015,0.0003620218017291217,line,ln5956487-1,,1000000.0,7199.557856794634,51.833633333333346,abc
1203,1204,l2766741,m1069382,0.00011574667915619772,4.73366174266515e-05,4.73366174266515e-05,0.00011574667915619772,4.73366174266515e-05,0.00011574667915619772,0.00025394286707536735,0.0001116971180308281,0.0001116971180308281,0.00025394286707536735,0.0001116971180308281,0.00025394286707536735,line,ln6380838-1,,1000000.0,7199.557856794634,51.833633333333346,abc
1204,1205,m1069382,l2822877,7.332828835845961e-05,2.998887879877219e-05,2.998887879877219e-05,7.332828835845961e-05,2.998887879877219e-05,7.332828835845961e-05,0.0001608788772103569,7.076279457417929e-05,7.076279457417929e-05,0.0001608788772103569,7.076279457417929e-05,0.0001608788772103569,line,ln5895812-1,,1000000.0,7199.557856794634,51.833633333333346,abc
1205,1206,l2822877,n1138598,4.4060936393294164e-05,1.8019486215192306e-05,1.8019486215192306e-05,4.4060936393294164e-05,1.8019486215192306e-05,4.4060936393294164e-05,9.666765902319535e-05,4.251940227355597e-05,4.251940227355597e-05,9.666765902319535e-05,4.251940227355597e-05,9.666765902319535e-05,line,ln6229829-2,,1000000.0,7199.557856794634,51.833633333333346,abc
1206,1207,n1138598,m1069376,2.806070895795457e-05,1.147591494068522e-05,1.147591494068522e-05,2.806070895795457e-05,1.147591494068522e-05,2.806070895795457e-05,6.156389917100157e-05,2.707896540405875e-05,2.707896540405875e-05,6.156389917100157e-05,2.707896540405875e-05,6.156389917100157e-05,line,ln6229829-3,,1000000.0,7199.557856794634,51.833633333333346,abc
1207,1208,m1069376,p827563,0.0,0.0,0.0,1.0772303388597747e-05,0.0,0.0,0.0,0.0,0.0,2.2398961873532556e-05,0.0,0.0,line,ln5867449-1,,1000000.0,7199.557856794634,51.833633333333346,b
1208,1209,p827563,n1138595,0.0,0.0,0.0,7.515729285168123e-06,0.0,0.0,0.0,0.0,0.0,1.5627533651573718e-05,0.0,0.0,line,ln6505944-2,,1000000.0,7199.557856794634,51.833633333333346,b
1209,1210,n1138595,m3036167,0.0,0.0,0.0,0.00013193563715708395,0.0,0.0,0.0,0.0,0.0,0.0002743351351921435,0.0,0.0,line,ln6505944-3,,1000000.0,7199.557856794634,51.833633333333346,b
1210,1211,m3036167,l2973156,0.0,0.0,0.0,3.491103485574681e-06,0.0,0.0,0.0,0.0,0.0,7.259087592419078e-06,0.0,0.0,line,ln6505945-1,,1000000.0,7199.557856794634,51.833633333333346,b
1211,1212,l2973156,m1069393,0.0,0.0,0.0,0.00013015994106786518,0.0,0.0,0.0,0.0,0.0,0.000270642911944561,0.0,0.0,line,ln6017295-1,,1000000.0,7199.557856794634,51.833633333333346,b
1212,1213,m1069393,l3029501,0.0,0.0,0.0,0.00012353138509166184,0.0,0.0,0.0,0.0,0.0,0.00025686008693197266,0.0,0.0,line,ln6505942-2,,1000000.0,7199.557856794634,51.833633333333346,b
1213,1214,l3029501,m3036165,0.0,0.0,0.0,2.0877014602487826e-06,0.0,0.0,0.0,0.0,0.0,4.340979243206951e-06,0.0,0.0,line,ln6505943-3,,1000000.0,7199.557856794634,51.833633333333346,b
1214,1215,m3036165,l3197636,0.0,0.0,0.0,0.00022094416739710184,0.0,0.0,0.0,0.0,0.0,0.00045941149289811177,0.0,0.0,line,ln5774462-2,,1000000.0,7199.557856794634,51.833633333333346,b
1215,1216,l3197636,m1047424,0.0,0.0,0.0,0.00010104624158445383,0.0,0.0,0.0,0.0,0.0,0.00021010649543250226,0.0,0.0,line,ln5714051-1,,1000000.0,7199.557856794634,51.833633333333346,b
1216,1217,m1047424,l2691949,0.0,0.0,0.0,7.264700434531245e-05,0.0,0.0,0.0,0.0,0.0,0.00015105566765594278,0.0,0.0,line,ln5683822-1,,1000000.0,7199.557856794634,51.833633333333346,b
1216,1218,m1047424,l3104127,0.0,0.0,0.0,5.253218589731634e-05,0.0,0.0,0.0,0.0,0.0,0.00010923071757269569,0.0,0.0,line,ln5562929-1,,1000000.0,7199.557856794634,51.833633333333346,b
1214,1219,m3036165,l3235252,0.0,0.0,0.0,7.308206784655265e-05,0.0,0.0,0.0,0.0,0.0,0.00015196029969472843,0.0,0.0,line,ln5986931-2,,1000000.0,7199.557856794634,51.833633333333346,b
1212,1220,m1069393,m1069408,0.0,0.0,0.0,7.810599280132784e-05,0.0,0.0,0.0,0.0,0.0,0.00016240659882482992,0.0,0.0,line,ln5593230-1,,1000000.0,7199.557856794634,51.833633333333346,b
1220,1221,m1069408,l2897774,0.0,0.0,0.0,4.161232017306651e-05,0.0,0.0,0.0,0.0,0.0,8.652492780813485e-05,0.0,0.0,line,ln5653458-1,,1000000.0,7199.557856794634,51.833633333333346,b
1220,1222,m1069408,l2822867,0.0,0.0,0.0,8.959075884448255e-05,0.0,0.0,0.0,0.0,0.0,0.00018628699166628611,0.0,0.0,line,ln5593231-1,,1000000.0,7199.557856794634,51.833633333333346,b
1222,1223,l2822867,m1069412,0.0,0.0,0.0,4.218338710579809e-06,0.0,0.0,0.0,0.0,0.0,8.771235318895257e-06,0.0,0.0,line,ln5472357-1,,1000000.0,7199.557856794634,51.833633333333346,b
1223,1224,m1069412,l3066813,0.0,0.0,0.0,6.910854851643944e-05,0.0,0.0,0.0,0.0,0.0,0.00014369811984625165,0.0,0.0,line,ln5502530-1,,1000000.0,7199.557856794634,51.833633333333346,b
1224,1225,l3066813,l2991910,0.0,0.0,0.0,9.639360810130358e-05,0.0,0.0,0.0,0.0,0.0,0.00020043222650029674,0.0,0.0,line,ln6380815-1,,1000000.0,7199.557856794634,51.833633333333346,b
1225,1226,l2991910,l2879072,0.0,0.0,0.0,5.0633027731672286e-05,0.0,0.0,0.0,0.0,0.0,0.00010528177835240823,0.0,0.0,line,ln5986928-1,,1000000.0,7199.557856794634,51.833633333333346,b
1226,1227,l2879072,m1047441,0.0,0.0,0.0,0.00025775192555155626,0.0,0.0,0.0,0.0,0.0,0.0005359462451985807,0.0,0.0,line,ln6047568-1,,1000000.0,7199.557856794634,51.833633333333346,b
1227,1228,m1047441,l2804258,0.0,0.0,0.0,6.501936964995056e-05,0.0,0.0,0.0,0.0,0.0,0.000135195447927311,0.0,0.0,line,ln6411375-1,,1000000.0,7199.557856794634,51.833633333333346,b
1227,1229,m1047441,l3197635,0.0,0.0,0.0,6.801331045672404e-05,0.0,0.0,0.0,0.0,0.0,0.00014142078001863653,0.0,0.0,line,ln6380814-1,,1000000.0,7199.557856794634,51.833633333333346,b
1227,1230,m1047441,m1047442,0.0,0.0,0.0,4.716615206728706e-05,0.0,0.0,0.0,0.0,0.0,9.807306791922102e-05,0.0,0.0,line,ln5865241-1,,1000000.0,7199.557856794634,51.833633333333346,b
1230,1231,m1047442,m1047444,0.0,0.0,0.0,7.701775386509016e-05,0.0,0.0,0.0,0.0,0.0,0.00016014381234706675,0.0,0.0,line,ln5562927-1,,1000000.0,7199.557856794634,51.833633333333346,b
1231,1232,m1047444,m1047447,0.0,0.0,0.0,0.000169915354059044,0.0,0.0,0.0,0.0,0.0,0.00035330675344001216,0.0,0.0,line,ln5562928-1,,1000000.0,7199.557856794634,51.833633333333346,b
1232,1233,m1047447,l2766722,0.0,0.0,0.0,0.00011020851159060815,0.0,0.0,0.0,0.0,0.0,0.00022915769823840241,0.0,0.0,line,ln6199519-1,,1000000.0,7199.557856794634,51.833633333333346,b
1233,1234,l2766722,l2879071,0.0,0.0,0.0,5.89093082933925e-05,0.0,0.0,0.0,0.0,0.0,0.00012249073414108853,0.0,0.0,line,ln6290211-1,,1000000.0,7199.557856794634,51.833633333333346,b
1234,1235,l2879071,l3029504,0.0,0.0,0.0,8.936711251188898e-05,0.0,0.0,0.0,0.0,0.0,0.00018582196153334155,0.0,0.0,line,ln5865242-1,,1000000.0,7199.557856794634,51.833633333333346,b
1235,1236,l3029504,l3046854,0.0,0.0,0.0,6.604833703213292e-05,0.0,0.0,0.0,0.0,0.0,0.00013733499044957294,0.0,0.0,line,ln6407748-1,,1000000.0,7199.557856794634,51.833633333333346,b
1236,1237,l3046854,m1047453,0.0,0.0,0.0,5.877385315454765e-05,0.0,0.0,0.0,0.0,0.0,0.00012220908086962837,0.0,0.0,line,ln6407748-2,,1000000.0,7199.557856794634,51.833633333333346,b
1237,1238,m1047453,l2691948,0.0,0.0,0.0,7.788299211129966e-05,0.0,0.0,0.0,0.0,0.0,0.00016194291118315065,0.0,0.0,line,ln6380816-1,,1000000.0,7199.557856794634,51.833633333333346,b
1237,1239,m1047453,l2785547,0.0,0.0,0.0,8.621258797859047e-05,0.0,0.0,0.0,0.0,0.0,0.0001792627260382415,0.0,0.0,line,ln5835175-1,,1000000.0,7199.557856794634,51.833633333333346,b
1239,1240,l2785547,m1047457,0.0,0.0,0.0,4.40297491654389e-05,0.0,0.0,0.0,0.0,0.0,9.155151291986089e-05,0.0,0.0,line,ln6047607-1,,1000000.0,7199.557856794634,51.833633333333346,b
1240,1241,m1047457,l2710546,0.0,0.0,0.0,4.489235336901586e-05,0.0,0.0,0.0,0.0,0.0,9.334513476385022e-05,0.0,0.0,line,ln5653493-1,,1000000.0,7199.557856794634,51.833633333333346,b
1241,1242,l2710546,m4362181,0.0,0.0,0.0,2.897836183584789e-05,0.0,0.0,0.0,0.0,0.0,6.025500754143544e-05,0.0,0.0,line,ln5588016-3,,1000000.0,7199.557856794634,51.833633333333346,b
1242,1243,m4362181,l3254214,0.0,0.0,0.0,7.323789373566325e-05,0.0,0.0,0.0,0.0,0.0,0.00015228431007794808,0.0,0.0,line,ln5588016-4,,1000000.0,7199.557856794634,51.833633333333346,b
1243,1244,l3254214,l3214112,0.0,0.0,0.0,9.341915630070307e-05,0.0,0.0,0.0,0.0,0.0,0.00019424741810111705,0.0,0.0,line,ln5803984-1,,1000000.0,7199.557856794634,51.833633333333346,b
1244,1245,l3214112,l3160104,0.0,0.0,0.0,0.00011575001585199826,0.0,0.0,0.0,0.0,0.0,0.00024068020537501708,0.0,0.0,line,ln5803984-2,,1000000.0,7199.557856794634,51.833633333333346,b
1245,1246,l3160104,m1047471,0.0,0.0,0.0,0.00012485084575073195,0.0,0.0,0.0,0.0,0.0,0.00025960365512997025,0.0,0.0,line,ln6411384-1,,1000000.0,7199.557856794634,51.833633333333346,b
1246,1247,m1047471,l3216349,0.0,0.0,0.0,2.0588612670408977e-05,0.0,0.0,0.0,0.0,0.0,4.28101153112297e-05,0.0,0.0,line,ln6108139-1,,1000000.0,7199.557856794634,51.833633333333346,b
1246,1248,m1047471,l2973180,0.0,0.0,0.0,8.522128270640232e-05,0.0,0.0,0.0,0.0,0.0,0.0001772014947308986,0.0,0.0,line,ln5532787-1,,1000000.0,7199.557856794634,51.833633333333346,b
1246,1249,m1047471,l2879077,0.0,0.0,0.0,0.00010683837153354093,0.0,0.0,0.0,0.0,0.0,0.00022215013115422477,0.0,0.0,line,ln6380819-1,,1000000.0,7199.557856794634,51.833633333333346,b
1249,1250,l2879077,m1026693,0.0,0.0,0.0,0.00013393143358012718,0.0,0.0,0.0,0.0,0.0,0.00027848501534074715,0.0,0.0,line,ln5502537-1,,1000000.0,7199.557856794634,51.833633333333346,b
1250,1251,m1026693,m1026699,0.0,0.0,0.0,9.538483579194717e-05,0.0,0.0,0.0,0.0,0.0,0.00019833467580187636,0.0,0.0,line,ln6327237-1,,1000000.0,7199.557856794634,51.833633333333346,b
1251,1252,m1026699,m1026704,0.0,0.0,0.0,5.8788131142649325e-05,0.0,0.0,0.0,0.0,0.0,0.00012223876923799152,0.0,0.0,line,ln6327237-2,,1000000.0,7199.557856794634,51.833633333333346,b
1252,1253,m1026704,l2841634,0.0,0.0,0.0,0.00018344419537121647,0.0,0.0,0.0,0.0,0.0,0.00038143741313394317,0.0,0.0,line,ln5835145-1,,1000000.0,7199.557856794634,51.833633333333346,b
1252,1254,m1026704,l2991915,0.0,0.0,0.0,6.14941578859029e-05,0.0,0.0,0.0,0.0,0.0,0.00012786543863861876,0.0,0.0,line,ln5865247-1,,1000000.0,7199.557856794634,51.833633333333346,b
1254,1255,l2991915,l2673320,0.0,0.0,0.0,6.67082866787266e-05,0.0,0.0,0.0,0.0,0.0,0.00013870723057680048,0.0,0.0,line,ln6259997-1,,1000000.0,7199.557856794634,51.833633333333346,b
1255,1256,l2673320,l3048209,0.0,0.0,0.0,7.34785069282557e-05,0.0,0.0,0.0,0.0,0.0,0.00015278461957840753,0.0,0.0,line,ln5744337-1,,1000000.0,7199.557856794634,51.833633333333346,b
1251,1257,m1026699,m1026722,0.0,0.0,0.0,0.00010371264914865443,0.0,0.0,0.0,0.0,0.0,0.0002156507842642711,0.0,0.0,line,ln5993742-1,,1000000.0,7199.557856794634,51.833633333333346,b
1257,1258,m1026722,m1026736,0.0,0.0,0.0,7.965773260476305e-05,0.0,0.0,0.0,0.0,0.0,0.0001656331474505935,0.0,0.0,line,ln6206281-1,,1000000.0,7199.557856794634,51.833633333333346,b
1258,1259,m1026736,m1026745,0.0,0.0,0.0,0.00011957530818149605,0.0,0.0,0.0,0.0,0.0,0.0002486341752877314,0.0,0.0,line,ln6418150-1,,1000000.0,7199.557856794634,51.833633333333346,b
1259,1260,m1026745,l3029183,0.0,0.0,0.0,0.00010184427034184367,0.0,0.0,0.0,0.0,0.0,0.00021176584488321286,0.0,0.0,line,ln5841919-1,,1000000.0,7199.557856794634,51.833633333333346,b
1250,1261,m1026693,l2991916,0.0,0.0,0.0,0.0001138819604259525,0.0,0.0,0.0,0.0,0.0,0.0002367959384029288,0.0,0.0,line,ln5956472-1,,1000000.0,7199.557856794634,51.833633333333346,b
1240,1262,m1047457,l3139086,0.0,0.0,0.0,7.501315566662313e-05,0.0,0.0,0.0,0.0,0.0,0.00015597563057577154,0.0,0.0,line,ln5926332-1,,1000000.0,7199.557856794634,51.833633333333346,b
1262,1263,l3139086,l3029520,0.0,0.0,0.0,7.525106320284961e-05,0.0,0.0,0.0,0.0,0.0,0.0001564703141769597,0.0,0.0,line,ln5472406-1,,1000000.0,7199.557856794634,51.833633333333346,b
1237,1264,m1047453,l2913406,0.0,0.0,0.0,9.310933179164878e-05,0.0,0.0,0.0,0.0,0.0,0.00019360319679435933,0.0,0.0,line,ln6013613-1,,1000000.0,7199.557856794634,51.833633333333346,b
1232,1265,m1047447,l2954349,0.0,0.0,0.0,5.981394080677346e-05,0.0,0.0,0.0,0.0,0.0,0.00012437174588442895,0.0,0.0,line,ln6047567-1,,1000000.0,7199.557856794634,51.833633333333346,b
1230,1266,m1047442,l3235250,0.0,0.0,0.0,7.217353686055836e-05,0.0,0.0,0.0,0.0,0.0,0.0001500711818169541,0.0,0.0,line,ln5472356-1,,1000000.0,7199.557856794634,51.833633333333346,b
1223,1267,m1069412,l2879061,0.0,0.0,0.0,9.209762331922194e-05,0.0,0.0,0.0,0.0,0.0,0.0001914995409016925,0.0,0.0,line,ln6108132-1,,1000000.0,7199.557856794634,51.833633333333346,b
1210,1268,m3036167,l3085391,0.0,0.0,0.0,8.205929244139422e-05,0.0,0.0,0.0,0.0,0.0,0.00017062673566262313,0.0,0.0,line,ln6505946-1,,1000000.0,7199.557856794634,51.833633333333346,b
1207,1269,m1069376,n1138599,4.1642902141402365e-05,1.7030589055111557e-05,1.7030589055111557e-05,4.1642902141402365e-05,1.7030589055111557e-05,4.1642902141402365e-05,9.136260357721399e-05,4.0185966366754144e-05,4.0185966366754144e-05,9.136260357721399e-05,4.0185966366754144e-05,9.136260357721399e-05,line,ln6375549-4,,1000000.0,7199.557856794634,51.833633333333346,abc
1269,1270,n1138599,l3181545,0.00011963993853669007,4.892883355916263e-05,4.892883355916263e-05,0.00011963993853669007,4.892883355916263e-05,0.00011963993853669007,0.00026248449830451137,0.00011545416623054914,0.00011545416623054914,0.00026248449830451137,0.00011545416623054914,0.00026248449830451137,line,ln6375549-3,,1000000.0,7199.557856794634,51.833633333333346,abc
1270,1271,l3181545,n1138603,0.00014870405533601403,6.0815109587147014e-05,6.0815109587147014e-05,0.00014870405533601403,6.0815109587147014e-05,0.00014870405533601403,0.00032624982792639777,0.00014350143383478806,0.00014350143383478806,0.00032624982792639777,0.00014350143383478806,0.00032624982792639777,line,ln6375549-6,,1000000.0,7199.557856794634,51.833633333333346,abc
1271,1272,n1138603,l3125349,4.1802977191771854e-05,1.709605453087408e-05,1.709605453087408e-05,4.1802977191771854e-05,1.709605453087408e-05,4.1802977191771854e-05,9.17138008429533e-05,4.034044096529344e-05,4.034044096529344e-05,9.17138008429533e-05,4.034044096529344e-05,9.17138008429533e-05,line,ln6375549-5,,1000000.0,7199.557856794634,51.833633333333346,abc
1272,1273,l3125349,n1138604,0.00011416285418798213,4.668888466111767e-05,4.668888466111767e-05,0.00011416285418798213,4.668888466111767e-05,0.00011416285418798213,0.0002504680282609296,0.00011016870541713906,0.00011016870541713906,0.0002504680282609296,0.00011016870541713906,0.0002504680282609296,line,ln5517002-3,,1000000.0,7199.557856794634,51.833633333333346,abc
1273,1274,n1138604,l3143999,0.00014791130225484217,6.049089942759167e-05,6.049089942759167e-05,0.00014791130225484217,6.049089942759167e-05,0.00014791130225484217,0.0003245105642880523,0.00014273641634035558,0.00014273641634035558,0.0003245105642880523,0.00014273641634035558,0.0003245105642880523,line,ln5517002-9,,1000000.0,7199.557856794634,51.833633333333346,abc
1274,1275,l3143999,m1069350,5.58642823031892e-06,2.2846669800624924e-06,2.2846669800624924e-06,5.58642823031892e-06,2.2846669800624924e-06,5.58642823031892e-06,1.2256365468624294e-05,5.390979144815238e-06,5.390979144815238e-06,1.2256365468624294e-05,5.390979144815238e-06,1.2256365468624294e-05,line,ln5517002-2,,1000000.0,7199.557856794634,51.833633333333346,abc
1275,1276,m1069350,n1144668,5.064044296592493e-05,2.071028985427092e-05,2.071028985427092e-05,5.064044296592493e-05,2.071028985427092e-05,5.064044296592493e-05,0.00011110279249895014,4.8868715511614395e-05,4.8868715511614395e-05,0.00011110279249895014,4.8868715511614395e-05,0.00011110279249895014,line,ln5965099-10,,1000000.0,7199.557856794634,51.833633333333346,abc
1276,1277,n1144668,m4113347,5.60597135476386e-05,2.2926594806846752e-05,2.2926594806846752e-05,5.60597135476386e-05,2.2926594806846752e-05,5.60597135476386e-05,0.0001229924218084911,5.409838525436186e-05,5.409838525436186e-05,0.0001229924218084911,5.409838525436186e-05,0.0001229924218084911,line,ln5965099-11,,1000000.0,7199.557856794634,51.833633333333346,abc
1277,1278,m4113347,n1138607,4.396288945465908e-05,1.797938821447334e-05,1.797938821447334e-05,4.396288945465908e-05,1.797938821447334e-05,4.396288945465908e-05,9.645254856917224e-05,4.2424785645613615e-05,4.2424785645613615e-05,9.645254856917224e-05,4.2424785645613615e-05,9.645254856917224e-05,line,ln5965099-8,,1000000.0,7199.557856794634,51.833633333333346,abc
1278,1279,n1138607,l3159448,0.00012176062482982406,4.979612510024052e-05,4.979612510024052e-05,0.00012176062482982406,4.979612510024052e-05,0.00012176062482982406,0.0002671371860651609,0.00011750065731709589,0.00011750065731709589,0.0002671371860651609,0.00011750065731709589,0.0002671371860651609,line,ln5965099-9,,1000000.0,7199.557856794634,51.833633333333346,abc
1279,1280,l3159448,m1069311,4.71135343396726e-06,1.92678992340237e-06,1.92678992340237e-06,4.71135343396726e-06,1.92678992340237e-06,4.71135343396726e-06,1.0336491790079669e-05,4.546520076732674e-06,4.546520076732674e-06,1.0336491790079669e-05,4.546520076732674e-06,1.0336491790079669e-05,line,ln5965099-2,,1000000.0,7199.557856794634,51.833633333333346,abc
1280,1281,m1069311,m1069312,0.0,0.0,0.0,0.0,0.0,2.962000745976389e-05,0.0,0.0,0.0,0.0,0.0,6.158918792495733e-05,line,ln5970852-1,,1000000.0,7199.557856794634,51.833633333333346,c
1281,1282,m1069312,p873801,0.0,0.0,0.0,0.0,0.0,0.00013033187592588849,0.0,0.0,0.0,0.0,0.0,7.356445455988999e-05,line,ln81018876-1,,1000000.0,7199.557856794634,51.833633333333346,c
1282,1283,p873801,n1138608,0.0,0.0,0.0,0.0,0.0,0.0001350297758221592,0.0,0.0,0.0,0.0,0.0,7.621613467260959e-05,line,ln81018878-2,,1000000.0,7199.557856794634,51.833633333333346,c
1283,1284,n1138608,l3232301,0.0,0.0,0.0,0.0,0.0,0.0015545642883878867,0.0,0.0,0.0,0.0,0.0,0.0008774574381064544,line,ln81018878-3,,1000000.0,7199.557856794634,51.833633333333346,c
1284,1285,l3232301,m1069328,0.0,0.0,0.0,0.0,0.0,0.00027302170953189334,0.0,0.0,0.0,0.0,0.0,0.00015410422816397842,line,ln81037792-1,,1000000.0,7199.557856794634,51.833633333333346,c
1285,1286,m1069328,l2763811,0.0,0.0,0.0,0.0,0.0,0.0035511797736360357,0.0,0.0,0.0,0.0,0.0,0.002004426018084782,line,ln81043320-1,,1000000.0,7199.557856794634,51.833633333333346,c
1286,1287,l2763811,l2763812,0.0,0.0,0.0,0.0,0.0,0.0018650599685585095,0.0,0.0,0.0,0.0,0.0,0.001052713454278142,line,ln81043320-2,,1000000.0,7199.557856794634,51.833633333333346,c
1287,1288,l2763812,l2951995,0.0,0.0,0.0,0.0,0.0,0.003426731585799824,0.0,0.0,0.0,0.0,0.0,0.0019341825492932834,line,ln81043320-3,,1000000.0,7199.557856794634,51.833633333333346,c
1288,1289,l2951995,l3101194,0.0,0.0,0.0,0.0,0.0,0.0028002987427141568,0.0,0.0,0.0,0.0,0.0,0.0015805991293308267,line,ln81043320-4,,1000000.0,7199.557856794634,51.833633333333346,c
1289,1290,l3101194,l2862616,0.0,0.0,0.0,0.0,0.0,0.004131280034576133,0.0,0.0,0.0,0.0,0.0,0.0023318575000836643,line,ln81001717-1,,1000000.0,7199.557856794634,51.833633333333346,c
1281,1291,m1069312,p873800,0.0,0.0,0.0,0.0,0.0,0.00013571075207302334,0.0,0.0,0.0,0.0,0.0,7.660050454457819e-05,line,ln81018875-1,,1000000.0,7199.557856794634,51.833633333333346,c
1291,1292,p873800,221-306686,0.0,0.0,0.0,0.0,0.0,8.861456924884675e-05,0.0,0.0,0.0,0.0,0.0,5.001756022109195e-05,line,ln81018877-2,,1000000.0,7199.557856794634,51.833633333333346,c
1292,1293,221-306686,l2970258,0.0,0.0,0.0,0.0,0.0,0.0006366586058099083,0.0,0.0,0.0,0.0,0.0,0.00035935524402256187,line,ln81018877-1,,1000000.0,7199.557856794634,51.833633333333346,c
1280,1294,m1069311,m1069310,1.0614203982099132e-06,4.340863313331301e-07,4.340863313331301e-07,1.0614203982099132e-06,4.340863313331301e-07,1.0614203982099132e-06,2.3287073206650247e-06,1.0242851057453686e-06,1.0242851057453686e-06,2.3287073206650247e-06,1.0242851057453686e-06,2.3287073206650247e-06,line,ln5486729-1,,1000000.0,7199.557856794634,51.833633333333346,abc
1280,1295,m1069311,m1069285,0.00015669773015590253,0.0,6.408426192517207e-05,0.0,0.0,0.00015669773015590253,0.00034378758120821157,0.0,0.00015121543864569272,0.0,0.0,0.00034378758120821157,line,ln5637597-1,,1000000.0,7199.557856794634,51.833633333333346,ac
1295,1296,m1069285,m4113348,3.255443105473986e-06,0.0,1.33137007438542e-06,0.0,0.0,3.255443105473986e-06,7.142291786092554e-06,0.0,3.1415468283463305e-06,0.0,0.0,7.142291786092554e-06,line,ln5698090-2,,1000000.0,7199.557856794634,51.833633333333346,ac
1296,1297,m4113348,m1069284,2.7542143871836092e-06,0.0,1.1263838730193833e-06,0.0,0.0,2.7542143871836092e-06,6.042619132750998e-06,0.0,2.6578543050233147e-06,0.0,0.0,6.042619132750998e-06,line,ln5698090-3,,1000000.0,7199.557856794634,51.833633333333346,ac
1297,1298,m1069284,p850401,0.00017015496301966092,0.0,0.0,0.0,0.0,0.0,9.604217660702927e-05,0.0,0.0,0.0,0.0,0.0,line,ln8979345-1,,1000000.0,7199.557856794634,51.833633333333346,a
1298,1299,p850401,221-311583,7.732229277939867e-05,0.0,0.0,0.0,0.0,0.0,4.364375371126468e-05,0.0,0.0,0.0,0.0,0.0,line,ln8979346-1,,1000000.0,7199.557856794634,51.833633333333346,a
1299,1300,221-311583,n1139250,7.416883695567034e-05,0.0,0.0,0.0,0.0,0.0,4.186381878741536e-05,0.0,0.0,0.0,0.0,0.0,line,ln8979346-4,,1000000.0,7199.557856794634,51.833633333333346,a
1300,1301,n1139250,l2821770,0.002435654905162349,0.0,0.0,0.0,0.0,0.0,0.001374779756076524,0.0,0.0,0.0,0.0,0.0,line,ln8979346-5,,1000000.0,7199.557856794634,51.833633333333346,a
1301,1302,l2821770,m1069247,0.0013899246631765858,0.0,0.0,0.0,0.0,0.0,0.0007845283358314194,0.0,0.0,0.0,0.0,0.0,line,ln8979346-3,,1000000.0,7199.557856794634,51.833633333333346,a
1302,1303,m1069247,m1069248,0.00227180248760901,0.0,0.0,0.0,0.0,0.0,0.0012822949848722415,0.0,0.0,0.0,0.0,0.0,line,ln8979367-1,,1000000.0,7199.557856794634,51.833633333333346,a
1303,1304,m1069248,l2915534,0.004642067910034474,0.0,0.0,0.0,0.0,0.0,0.0026201663361758026,0.0,0.0,0.0,0.0,0.0,line,ln8979370-1,,1000000.0,7199.557856794634,51.833633333333346,a
1304,1305,l2915534,193-48013,0.003131244542274931,0.0,0.0,0.0,0.0,0.0,0.0017673979999879095,0.0,0.0,0.0,0.0,0.0,line,ln8979370-2,,1000000.0,7199.557856794634,51.833633333333346,a
1296,1306,m4113348,p850400,0.0,0.0,0.0,0.0,0.0,0.0001535248081039016,0.0,0.0,0.0,0.0,0.0,8.665546083290834e-05,line,ln8979343-3,,1000000.0,7199.557856794634,51.833633333333346,c
1306,1307,p850400,221-311595,0.0,0.0,0.0,0.0,0.0,0.00012966446073761628,0.0,0.0,0.0,0.0,0.0,7.318773908686056e-05,line,ln8979344-1,,1000000.0,7199.557856794634,51.833633333333346,c
1307,1308,221-311595,n1139251,0.0,0.0,0.0,0.0,0.0,7.146535679955548e-05,0.0,0.0,0.0,0.0,0.0,4.033786788948488e-05,line,ln8979344-3,,1000000.0,7199.557856794634,51.833633333333346,c
1308,1309,n1139251,m1069249,0.0,0.0,0.0,0.0,0.0,0.003229496568341661,0.0,0.0,0.0,0.0,0.0,0.001822855321196983,line,ln8979344-4,,1000000.0,7199.557856794634,51.833633333333346,c
1309,1310,m1069249,l2803194,0.0,0.0,0.0,0.0,0.0,0.0010993029514940167,0.0,0.0,0.0,0.0,0.0,0.0006204899718371274,line,ln8979358-1,,1000000.0,7199.557856794634,51.833633333333346,c
1310,1311,l2803194,l3047073,0.0,0.0,0.0,0.0,0.0,0.0016342630417567226,0.0,0.0,0.0,0.0,0.0,0.0009224425599657878,line,ln8979358-2,,1000000.0,7199.557856794634,51.833633333333346,c
1311,1312,l3047073,m1069250,0.0,0.0,0.0,0.0,0.0,0.00393220160064231,0.0,0.0,0.0,0.0,0.0,0.002219489774974678,line,ln8979358-3,,1000000.0,7199.557856794634,51.833633333333346,c
1312,1313,m1069250,l2690868,0.0,0.0,0.0,0.0,0.0,0.00038028434941140524,0.0,0.0,0.0,0.0,0.0,0.0002146474954294412,line,ln8979371-1,,1000000.0,7199.557856794634,51.833633333333346,c
1313,1314,l2690868,228-979371-2_int,0.0,0.0,0.0,0.0,0.0,0.00021202952622061987,0.0,0.0,0.0,0.0,0.0,0.00011967783273434426,line,ln8979371-2,,1000000.0,7199.557856794634,51.833633333333346,c
1277,1315,m4113347,n1138606,0.0,0.0,0.0,0.0,0.0,1.6814151545103596e-05,0.0,0.0,0.0,0.0,0.0,3.496183924723264e-05,line,ln7061777-3,,1000000.0,7199.557856794634,51.833633333333346,c
1315,1316,n1138606,m1069335,0.0,0.0,0.0,0.0,0.0,3.6094531247086026e-05,0.0,0.0,0.0,0.0,0.0,7.505173221376851e-05,line,ln7061777-4,,1000000.0,7199.557856794634,51.833633333333346,c
1316,1317,m1069335,p827564,0.0,0.0,0.0,0.0,0.0,1.3216870629044588e-05,0.0,0.0,0.0,0.0,0.0,2.7481975825220298e-05,line,ln6231997-1,,1000000.0,7199.557856794634,51.833633333333346,c
1317,1318,p827564,m1069348,0.0,0.0,0.0,0.0,0.0,6.879396281307695e-05,0.0,0.0,0.0,0.0,0.0,0.00014304399853891516,line,ln6049823-1,,1000000.0,7199.557856794634,51.833633333333346,c
1318,1319,m1069348,m1069356,0.0,0.0,0.0,0.0,0.0,0.00010842574812107195,0.0,0.0,0.0,0.0,0.0,0.00022545077971381508,line,ln5744366-1,,1000000.0,7199.557856794634,51.833633333333346,c
1319,1320,m1069356,m1069363,0.0,0.0,0.0,0.0,0.0,7.479567930474999e-05,0.0,0.0,0.0,0.0,0.0,0.00015552342972677326,line,ln6260025-1,,1000000.0,7199.557856794634,51.833633333333346,c
1320,1321,m1069363,m1069364,0.0,0.0,0.0,0.0,0.0,0.00010364587717498738,0.0,0.0,0.0,0.0,0.0,0.00021551194460868065,line,ln6290239-1,,1000000.0,7199.557856794634,51.833633333333346,c
1321,1322,m1069364,m1069365,0.0,0.0,0.0,0.0,0.0,5.1700402454262315e-05,0.0,0.0,0.0,0.0,0.0,0.00010750118165489715,line,ln6411364-1,,1000000.0,7199.557856794634,51.833633333333346,c
1322,1323,m1069365,l3235243,0.0,0.0,0.0,0.0,0.0,9.1574546539602e-05,0.0,0.0,0.0,0.0,0.0,0.00019041190194268967,line,ln5804788-1,,1000000.0,7199.557856794634,51.833633333333346,c
1204,1324,m1069382,d6049822-1_int,1.2606811137427499e-05,0.0,0.0,0.0,0.0,0.0,2.6213472813340625e-05,0.0,0.0,0.0,0.0,0.0,line,ln6049822-1,,1000000.0,7199.557856794634,51.833633333333346,a
1324,1325,d6049822-1_int,e182722,1.9292492840877444e-05,0.0,0.0,0.0,0.0,0.0,1.9292492840877444e-05,0.0,0.0,0.0,0.0,0.0,switch,l5397_48332_sw,CLOSED,1000000.0,7199.557856794634,51.833633333333346,a
1325,1326,e182722,n1138596,1.4945488521288297e-05,0.0,0.0,0.0,0.0,0.0,3.1076308890816705e-05,0.0,0.0,0.0,0.0,0.0,line,ln5534966-2,,1000000.0,7199.557856794634,51.833633333333346,a
1326,1327,n1138596,l3254207,2.7404954402193168e-05,0.0,0.0,0.0,0.0,0.0,5.6983405188008545e-05,0.0,0.0,0.0,0.0,0.0,line,ln5534966-3,,1000000.0,7199.557856794634,51.833633333333346,a
1327,1328,l3254207,m1069390,7.932310512672273e-05,0.0,0.0,0.0,0.0,0.0,0.00016493735307384068,0.0,0.0,0.0,0.0,0.0,line,ln5532739-1,,1000000.0,7199.557856794634,51.833633333333346,a
1328,1329,m1069390,l2897801,4.889568303463195e-05,0.0,0.0,0.0,0.0,0.0,0.00010166929955132091,0.0,0.0,0.0,0.0,0.0,line,ln5865266-1,,1000000.0,7199.557856794634,51.833633333333346,a
1329,1330,l2897801,m1069384,6.109961992502937e-05,0.0,0.0,0.0,0.0,0.0,0.00012704507177514724,0.0,0.0,0.0,0.0,0.0,line,ln5683853-1,,1000000.0,7199.557856794634,51.833633333333346,a
1330,1331,m1069384,l2785514,8.621933869193039e-05,0.0,0.0,0.0,0.0,0.0,0.0001792767628663242,0.0,0.0,0.0,0.0,0.0,line,ln5683808-1,,1000000.0,7199.557856794634,51.833633333333346,a
1331,1332,l2785514,l3235244,7.312279368157997e-05,0.0,0.0,0.0,0.0,0.0,0.00015204498134480245,0.0,0.0,0.0,0.0,0.0,line,ln5683809-1,,1000000.0,7199.557856794634,51.833633333333346,a
1332,1333,l3235244,m1069398,7.03782208463102e-05,0.0,0.0,0.0,0.0,0.0,0.00014633816265629328,0.0,0.0,0.0,0.0,0.0,line,ln6380806-1,,1000000.0,7199.557856794634,51.833633333333346,a
1333,1334,m1069398,l3010559,0.00011579092519721749,0.0,0.0,0.0,0.0,0.0,0.0002407652685997315,0.0,0.0,0.0,0.0,0.0,line,ln5653454-1,,1000000.0,7199.557856794634,51.833633333333346,a
1333,1335,m1069398,l2785513,7.471979448350458e-05,0.0,0.0,0.0,0.0,0.0,0.00015536564163294228,0.0,0.0,0.0,0.0,0.0,line,ln6169245-1,,1000000.0,7199.557856794634,51.833633333333346,a
1333,1336,m1069398,l3160101,0.00010357369276962383,0.0,0.0,0.0,0.0,0.0,0.00021536185082787296,0.0,0.0,0.0,0.0,0.0,line,ln6229789-1,,1000000.0,7199.557856794634,51.833633333333346,a
1330,1337,m1069384,l3066805,4.4912676003804474e-05,0.0,0.0,0.0,0.0,0.0,9.338739182860032e-05,0.0,0.0,0.0,0.0,0.0,line,ln6350532-1,,1000000.0,7199.557856794634,51.833633333333346,a
1328,1338,m1069390,l2841618,5.1604043938009355e-05,0.0,0.0,0.0,0.0,0.0,0.00010730082239524012,0.0,0.0,0.0,0.0,0.0,line,ln6138596-1,,1000000.0,7199.557856794634,51.833633333333346,a
1202,1339,m1069411,l2991905,6.304226553029595e-05,0.0,0.0,0.0,0.0,0.0,0.00013108443487851192,0.0,0.0,0.0,0.0,0.0,line,ln6290202-1,,1000000.0,7199.557856794634,51.833633333333346,a
1193,1340,m1069420,p827499,8.59808358665448e-06,0.0,0.0,0.0,0.0,0.0,1.7878084147422934e-05,0.0,0.0,0.0,0.0,0.0,line,ln6201694-1,,1000000.0,7199.557856794634,51.833633333333346,a
1340,1341,p827499,n1139254,7.1345774976221985e-06,0.0,0.0,0.0,0.0,0.0,1.4835000796779949e-05,0.0,0.0,0.0,0.0,0.0,line,ln5534965-2,,1000000.0,7199.557856794634,51.833633333333346,a
1341,1342,n1139254,l3122811,3.089465470617854e-05,0.0,0.0,0.0,0.0,0.0,6.423957513043332e-05,0.0,0.0,0.0,0.0,0.0,line,ln5534965-3,,1000000.0,7199.557856794634,51.833633333333346,a
1191,1343,m1069424,n1139255,1.1936150761828388e-05,0.0,0.0,0.0,0.0,0.0,2.4818961756491435e-05,0.0,0.0,0.0,0.0,0.0,line,ln5898055-2,,1000000.0,7199.557856794634,51.833633333333346,a
1343,1344,n1139255,p827500,4.195253352231401e-06,0.0,0.0,0.0,0.0,0.0,8.72323369446736e-06,0.0,0.0,0.0,0.0,0.0,line,ln5898055-3,,1000000.0,7199.557856794634,51.833633333333346,a
1344,1345,p827500,l2822861,0.00010987910743924952,0.0,0.0,0.0,0.0,0.0,0.0002284727647788533,0.0,0.0,0.0,0.0,0.0,line,ln6110365-1,,1000000.0,7199.557856794634,51.833633333333346,a
1345,1346,l2822861,l2841616,0.00023078785550437325,0.0,0.0,0.0,0.0,0.0,0.0004798795754108174,0.0,0.0,0.0,0.0,0.0,line,ln6411365-1,,1000000.0,7199.557856794634,51.833633333333346,a
1190,1347,m1069428,p827576,0.0,0.0,0.0,1.0641369985639953e-05,0.0,0.0,0.0,0.0,0.0,2.2126710694278934e-05,0.0,0.0,line,ln5958707-1,,1000000.0,7199.557856794634,51.833633333333346,b
1347,1348,p827576,n1139256,0.0,0.0,0.0,1.0761322989127393e-05,0.0,0.0,0.0,0.0,0.0,2.2376130215323506e-05,0.0,0.0,line,ln5746550-2,,1000000.0,7199.557856794634,51.833633333333346,b
1348,1349,n1139256,l2973178,0.0,0.0,0.0,7.122040170828592e-05,0.0,0.0,0.0,0.0,0.0,0.0001480893180348152,0.0,0.0,line,ln5746550-3,,1000000.0,7199.557856794634,51.833633333333346,b
1190,1350,m1069428,n1139257,0.0,0.0,0.0,1.8436710617108964e-05,0.0,0.0,0.0,0.0,0.0,3.833564311074726e-05,0.0,0.0,line,ln5532786-2,,1000000.0,7199.557856794634,51.833633333333346,b
1350,1351,n1139257,l3029518,0.0,0.0,0.0,3.050123906678353e-05,0.0,0.0,0.0,0.0,0.0,6.342154192162231e-05,0.0,0.0,line,ln5532786-3,,1000000.0,7199.557856794634,51.833633333333346,b
1351,1352,l3029518,l2897807,0.0,0.0,0.0,0.00010330936759851548,0.0,0.0,0.0,0.0,0.0,0.0002148122367651891,0.0,0.0,line,ln6320364-1,,1000000.0,7199.557856794634,51.833633333333346,b
1171,1353,m1069461,p827574,9.720408422073439e-06,0.0,0.0,0.0,0.0,0.0,2.0211745787966495e-05,0.0,0.0,0.0,0.0,0.0,line,ln6049824-1,,1000000.0,7199.557856794634,51.833633333333346,a
1353,1354,p827574,l3160123,6.817857816900094e-05,0.0,0.0,0.0,0.0,0.0,0.00014176442288243987,0.0,0.0,0.0,0.0,0.0,line,ln5776672-1,,1000000.0,7199.557856794634,51.833633333333346,a
1354,1355,l3160123,l2897805,0.00010268749295984782,0.0,0.0,0.0,0.0,0.0,0.00021351916639582148,0.0,0.0,0.0,0.0,0.0,line,ln6199556-1,,1000000.0,7199.557856794634,51.833633333333346,a
1164,1356,m1069468,p827506,9.527036795285428e-06,0.0,0.0,0.0,0.0,0.0,1.980966616399004e-05,0.0,0.0,0.0,0.0,0.0,line,ln5898057-1,,1000000.0,7199.557856794634,51.833633333333346,a
1356,1357,p827506,m1069469,7.888888308685029e-06,0.0,0.0,0.0,0.0,0.0,1.640344706943818e-05,0.0,0.0,0.0,0.0,0.0,line,ln6171502-1,,1000000.0,7199.557856794634,51.833633333333346,a
1357,1358,m1069469,n1139263,9.255345480315546e-06,0.0,0.0,0.0,0.0,0.0,1.924473560217336e-05,0.0,0.0,0.0,0.0,0.0,line,ln5683856-2,,1000000.0,7199.557856794634,51.833633333333346,a
1358,1359,n1139263,l3048227,2.907841629212435e-05,0.0,0.0,0.0,0.0,0.0,6.046305180741717e-05,0.0,0.0,0.0,0.0,0.0,line,ln5683856-3,,1000000.0,7199.557856794634,51.833633333333346,a
1357,1360,m1069469,m1069467,2.3887490348930453e-05,0.0,0.0,0.0,0.0,0.0,4.966950579450021e-05,0.0,0.0,0.0,0.0,0.0,line,ln5683813-1,,1000000.0,7199.557856794634,51.833633333333346,a
1360,1361,m1069467,m1069466,1.761208071464538e-05,0.0,0.0,0.0,0.0,0.0,3.6620981623900564e-05,0.0,0.0,0.0,0.0,0.0,line,ln5714044-1,,1000000.0,7199.557856794634,51.833633333333346,a
1361,1362,m1069466,n1139264,2.874945525074131e-05,0.0,0.0,0.0,0.0,0.0,5.977903971102417e-05,0.0,0.0,0.0,0.0,0.0,line,ln5895771-2,,1000000.0,7199.557856794634,51.833633333333346,a
1362,1363,n1139264,m1069465,5.228046586225545e-05,0.0,0.0,0.0,0.0,0.0,0.00010870731349979322,0.0,0.0,0.0,0.0,0.0,line,ln5895771-3,,1000000.0,7199.557856794634,51.833633333333346,a
1363,1364,m1069465,l3010561,8.506702784356874e-05,0.0,0.0,0.0,0.0,0.0,0.00017688075099886878,0.0,0.0,0.0,0.0,0.0,line,ln6047560-1,,1000000.0,7199.557856794634,51.833633333333346,a
1159,1365,m1069481,p827507,0.0,0.0,0.0,0.0,0.0,1.0972024020439752e-05,0.0,0.0,0.0,0.0,0.0,2.281424304939714e-05,line,ln5565091-1,,1000000.0,7199.557856794634,51.833633333333346,c
1365,1366,p827507,n1137956,0.0,0.0,0.0,0.0,0.0,1.2565742899237237e-05,0.0,0.0,0.0,0.0,0.0,2.612807920082777e-05,line,ln6079949-2,,1000000.0,7199.557856794634,51.833633333333346,c
1366,1367,n1137956,l3141396,0.0,0.0,0.0,0.0,0.0,5.68381988400067e-05,0.0,0.0,0.0,0.0,0.0,0.00011818425482939324,line,ln6079949-3,,1000000.0,7199.557856794634,51.833633333333346,c
1367,1368,l3141396,l3066808,0.0,0.0,0.0,0.0,0.0,0.0001794630536543518,0.0,0.0,0.0,0.0,0.0,0.00037315938397784184,line,ln6017288-1,,1000000.0,7199.557856794634,51.833633333333346,c
1158,1369,m1069483,p827503,0.0,0.0,0.0,0.0,0.0,9.31267003599336e-06,0.0,0.0,0.0,0.0,0.0,1.9363931143806883e-05,line,ln5898056-1,,1000000.0,7199.557856794634,51.833633333333346,c
1369,1370,p827503,n1137994,0.0,0.0,0.0,0.0,0.0,3.4543131608884575e-05,0.0,0.0,0.0,0.0,0.0,7.182589089709447e-05,line,ln5928544-2,,1000000.0,7199.557856794634,51.833633333333346,c
1370,1371,n1137994,m1069484,0.0,0.0,0.0,0.0,0.0,6.307708547024486e-05,0.0,0.0,0.0,0.0,0.0,0.00013115683633985395,line,ln5928544-3,,1000000.0,7199.557856794634,51.833633333333346,c
1371,1372,m1069484,l2785517,0.0,0.0,0.0,0.0,0.0,0.00013935499897428243,0.0,0.0,0.0,0.0,0.0,0.00028976229097066314,line,ln5593221-1,,1000000.0,7199.557856794634,51.833633333333346,c
1372,1373,l2785517,l3066809,0.0,0.0,0.0,0.0,0.0,0.00011193536487570167,0.0,0.0,0.0,0.0,0.0,0.00023274836213809687,line,ln6506309-1,,1000000.0,7199.557856794634,51.833633333333346,c
1373,1374,l3066809,m1069487,0.0,0.0,0.0,0.0,0.0,7.119507282594503e-05,0.0,0.0,0.0,0.0,0.0,0.0001480366514277409,line,ln5774451-1,,1000000.0,7199.557856794634,51.833633333333346,c
1374,1375,m1069487,m1069488,0.0,0.0,0.0,0.0,0.0,0.00015240079446485514,0.0,0.0,0.0,0.0,0.0,0.00031688854849071604,line,ln6138599-1,,1000000.0,7199.557856794634,51.833633333333346,c
1375,1376,m1069488,l2748125,0.0,0.0,0.0,0.0,0.0,6.375120792226924e-05,0.0,0.0,0.0,0.0,0.0,0.0001325585461280288,line,ln6047555-1,,1000000.0,7199.557856794634,51.833633333333346,c
1376,1377,l2748125,l2673303,0.0,0.0,0.0,0.0,0.0,6.0358120139497574e-05,0.0,0.0,0.0,0.0,0.0,0.00012550326360040356,line,ln6138593-1,,1000000.0,7199.557856794634,51.833633333333346,c
1375,1378,m1069488,m1069489,0.0,0.0,0.0,0.0,0.0,8.206218944070419e-05,0.0,0.0,0.0,0.0,0.0,0.0001706327594232573,line,ln6380802-1,,1000000.0,7199.557856794634,51.833633333333346,c
1378,1379,m1069489,l2933120,0.0,0.0,0.0,0.0,0.0,8.262605359840359e-05,0.0,0.0,0.0,0.0,0.0,0.00017180520799943918,line,ln5865228-1,,1000000.0,7199.557856794634,51.833633333333346,c
1379,1380,l2933120,l3104117,0.0,0.0,0.0,0.0,0.0,0.0002802797821748941,0.0,0.0,0.0,0.0,0.0,0.0005827886505222797,line,ln5804785-1,,1000000.0,7199.557856794634,51.833633333333346,c
1380,1381,l3104117,m1069494,0.0,0.0,0.0,0.0,0.0,0.00014072894201898507,0.0,0.0,0.0,0.0,0.0,0.0002926191449567172,line,ln5593218-1,,1000000.0,7199.557856794634,51.833633333333346,c
1381,1382,m1069494,l2745806,0.0,0.0,0.0,0.0,0.0,6.82120408049085e-05,0.0,0.0,0.0,0.0,0.0,0.00014183400208744767,line,ln6076247-1,,1000000.0,7199.557856794634,51.833633333333346,c
1374,1383,m1069487,l2954344,0.0,0.0,0.0,0.0,0.0,7.67071046791369e-05,0.0,0.0,0.0,0.0,0.0,0.0001594978762811019,line,ln6017287-1,,1000000.0,7199.557856794634,51.833633333333346,c
1383,1384,l2954344,l2897767,0.0,0.0,0.0,0.0,0.0,5.6978690438447614e-05,0.0,0.0,0.0,0.0,0.0,0.00011847638046339279,line,ln6229791-1,,1000000.0,7199.557856794634,51.833633333333346,c
1384,1385,l2897767,l3254208,0.0,0.0,0.0,0.0,0.0,0.0001455741929467932,0.0,0.0,0.0,0.0,0.0,0.0003026939253341942,line,ln6199511-1,,1000000.0,7199.557856794634,51.833633333333346,c
1157,1386,m1047480,p827504,1.4087009940135392e-05,0.0,0.0,0.0,0.0,0.0,2.9291265496212554e-05,0.0,0.0,0.0,0.0,0.0,line,ln5504712-1,,1000000.0,7199.557856794634,51.833633333333346,a
1386,1387,p827504,n1137957,1.0317069431752483e-05,0.0,0.0,0.0,0.0,0.0,2.1452389197747402e-05,0.0,0.0,0.0,0.0,0.0,line,ln6201695-2,,1000000.0,7199.557856794634,51.833633333333346,a
1387,1388,n1137957,l3104119,4.927234665522835e-05,0.0,0.0,0.0,0.0,0.0,0.00010245250011414723,0.0,0.0,0.0,0.0,0.0,line,ln6201695-3,,1000000.0,7199.557856794634,51.833633333333346,a
1156,1389,m1047483,p827505,0.0,0.0,0.0,0.0,0.0,8.759792991551815e-06,0.0,0.0,0.0,0.0,0.0,1.8214328185881878e-05,line,ln5958701-1,,1000000.0,7199.557856794634,51.833633333333346,c
1389,1390,p827505,n1137958,0.0,0.0,0.0,0.0,0.0,5.122024579922045e-06,0.0,0.0,0.0,0.0,0.0,1.065027869549308e-05,line,ln5958702-2,,1000000.0,7199.557856794634,51.833633333333346,c
1390,1391,n1137958,m1047478,0.0,0.0,0.0,0.0,0.0,9.92750605173346e-05,0.0,0.0,0.0,0.0,0.0,0.00020642366031707848,line,ln5958702-3,,1000000.0,7199.557856794634,51.833633333333346,c
1391,1392,m1047478,l3254209,0.0,0.0,0.0,0.0,0.0,3.378924600436396e-05,0.0,0.0,0.0,0.0,0.0,7.025832876079814e-05,line,ln5744331-1,,1000000.0,7199.557856794634,51.833633333333346,c
1391,1393,m1047478,l2766716,0.0,0.0,0.0,0.0,0.0,4.7571552936349555e-05,0.0,0.0,0.0,0.0,0.0,9.891602214006475e-05,line,ln6199513-1,,1000000.0,7199.557856794634,51.833633333333346,c
1393,1394,l2766716,l3235245,0.0,0.0,0.0,0.0,0.0,7.684453367150929e-05,0.0,0.0,0.0,0.0,0.0,0.00015978363380662102,line,ln6229792-1,,1000000.0,7199.557856794634,51.833633333333346,c
1144,1395,m1047490,p1164481,4.074532962831726e-05,0.0,0.0,0.0,0.0,0.0,8.472218539957001e-05,0.0,0.0,0.0,0.0,0.0,line,ln6987572-4,,1000000.0,7199.557856794634,51.833633333333346,a
1395,1396,p1164481,l3729297,5.9384217004531795e-05,0.0,0.0,0.0,0.0,0.0,0.0001234782167370092,0.0,0.0,0.0,0.0,0.0,line,ln6991377-9,,1000000.0,7199.557856794634,51.833633333333346,a
1396,1397,l3729297,l3729298,7.0034869920367e-05,0.0,0.0,0.0,0.0,0.0,0.00014562422952407343,0.0,0.0,0.0,0.0,0.0,line,ln6991377-11,,1000000.0,7199.557856794634,51.833633333333346,a
1397,1398,l3729298,l3727707,6.667505119262973e-05,0.0,0.0,0.0,0.0,0.0,0.0001386381236867439,0.0,0.0,0.0,0.0,0.0,line,ln6991377-13,,1000000.0,7199.557856794634,51.833633333333346,a
1398,1399,l3727707,l3727708,6.163072079968668e-05,0.0,0.0,0.0,0.0,0.0,0.00012814939531796918,0.0,0.0,0.0,0.0,0.0,line,ln6991377-15,,1000000.0,7199.557856794634,51.833633333333346,a
1399,1400,l3727708,m3949157,5.679163760466979e-06,0.0,0.0,0.0,0.0,0.0,1.1808743957108926e-05,0.0,0.0,0.0,0.0,0.0,line,ln6991377-16,,1000000.0,7199.557856794634,51.833633333333346,a
1400,1401,m3949157,l3727711,5.490513380951492e-05,0.0,0.0,0.0,0.0,0.0,0.00011416481271426722,0.0,0.0,0.0,0.0,0.0,line,ln6991379-2,,1000000.0,7199.557856794634,51.833633333333346,a
1401,1402,l3727711,l3727712,4.7626207642528105e-05,0.0,0.0,0.0,0.0,0.0,9.902966623601532e-05,0.0,0.0,0.0,0.0,0.0,line,ln6991379-4,,1000000.0,7199.557856794634,51.833633333333346,a
1400,1403,m3949157,l3728037,0.00011793041905223698,0.0,0.0,0.0,0.0,0.0,0.0002452139403051686,0.0,0.0,0.0,0.0,0.0,line,ln6991377-17,,1000000.0,7199.557856794634,51.833633333333346,a
1403,1404,l3728037,m3949154,0.0001160228194177654,0.0,0.0,0.0,0.0,0.0,0.00024124744865142253,0.0,0.0,0.0,0.0,0.0,line,ln6991377-18,,1000000.0,7199.557856794634,51.833633333333346,a
1404,1405,m3949154,l3728038,4.236992969172525e-06,0.0,0.0,0.0,0.0,0.0,8.81002331176218e-06,0.0,0.0,0.0,0.0,0.0,line,ln6991381-2,,1000000.0,7199.557856794634,51.833633333333346,a
1405,1406,l3728038,l3728039,8.85199623281923e-05,0.0,0.0,0.0,0.0,0.0,0.00018406047339275847,0.0,0.0,0.0,0.0,0.0,line,ln6991381-4,,1000000.0,7199.557856794634,51.833633333333346,a
1406,1407,l3728039,l3728040,6.752690997929914e-05,0.0,0.0,0.0,0.0,0.0,0.00014040940247419785,0.0,0.0,0.0,0.0,0.0,line,ln6991381-6,,1000000.0,7199.557856794634,51.833633333333346,a
1407,1408,l3728040,l3728041,4.262181197665093e-05,0.0,0.0,0.0,0.0,0.0,8.862397455834659e-05,0.0,0.0,0.0,0.0,0.0,line,ln6991381-8,,1000000.0,7199.557856794634,51.833633333333346,a
1404,1409,m3949154,l3728042,8.191285690307901e-05,0.0,0.0,0.0,0.0,0.0,0.00017032225073295394,0.0,0.0,0.0,0.0,0.0,line,ln6991380-2,,1000000.0,7199.557856794634,51.833633333333346,a
1409,1410,l3728042,l3728043,7.398444228940152e-05,0.0,0.0,0.0,0.0,0.0,0.0001538366162086521,0.0,0.0,0.0,0.0,0.0,line,ln6991380-4,,1000000.0,7199.557856794634,51.833633333333346,a
1400,1411,m3949157,l3727709,7.057089759609107e-05,0.0,0.0,0.0,0.0,0.0,0.00014673879741532037,0.0,0.0,0.0,0.0,0.0,line,ln6991378-3,,1000000.0,7199.557856794634,51.833633333333346,a
1411,1412,l3727709,l3727710,8.089760578877678e-05,0.0,0.0,0.0,0.0,0.0,0.00016821122858838754,0.0,0.0,0.0,0.0,0.0,line,ln6991378-5,,1000000.0,7199.557856794634,51.833633333333346,a
1141,1413,m1047497,p901912,0.0,0.0,0.0,8.912207157643458e-06,0.0,0.0,0.0,0.0,0.0,1.8531244538134502e-05,0.0,0.0,line,ln5682337-1,,1000000.0,7199.557856794634,51.833633333333346,b
1413,1414,p901912,l3195365,0.0,0.0,0.0,4.187621901866805e-05,0.0,0.0,0.0,0.0,0.0,8.707365540778219e-05,0.0,0.0,line,ln6349077-1,,1000000.0,7199.557856794634,51.833633333333346,b
1136,1415,m1047507,196-35813,9.661495503112838e-05,3.951236612006743e-05,3.951236612006743e-05,9.661495503112838e-05,3.951236612006743e-05,9.661495503112838e-05,0.0002119687481474383,9.323474430823228e-05,9.323474430823228e-05,0.0002119687481474383,9.323474430823228e-05,0.0002119687481474383,line,ln5682339-1,,1000000.0,7199.557856794634,51.833633333333346,abc
1415,1416,196-35813,n1140519,1.4134308315900412e-05,5.780471199845138e-06,5.780471199845138e-06,1.4134308315900412e-05,5.780471199845138e-06,1.4134308315900412e-05,3.1010019501494837e-05,1.3639799567076457e-05,1.3639799567076457e-05,3.1010019501494837e-05,1.3639799567076457e-05,3.1010019501494837e-05,line,ln5621841-2,,1000000.0,7199.557856794634,51.833633333333346,abc
1416,1417,n1140519,l2991914,0.00010619577934275615,4.3430610845339116e-05,4.3430610845339116e-05,0.00010619577934275615,4.3430610845339116e-05,0.00010619577934275615,0.00023298863409472223,0.00010248036994319646,0.00010248036994319646,0.00023298863409472223,0.00010248036994319646,0.00023298863409472223,line,ln5895780-3,,1000000.0,7199.557856794634,51.833633333333346,abc
1417,1418,l2991914,m1047503,6.749399380196509e-05,2.760284257390147e-05,2.760284257390147e-05,6.749399380196509e-05,2.760284257390147e-05,6.749399380196509e-05,0.00014807870447244997,6.51326210568556e-05,6.51326210568556e-05,0.00014807870447244997,6.51326210568556e-05,0.00014807870447244997,line,ln5651975-1,,1000000.0,7199.557856794634,51.833633333333346,abc
1418,1419,m1047503,l2841635,4.4995377410677335e-05,1.8401642120399284e-05,1.8401642120399284e-05,4.4995377410677335e-05,1.8401642120399284e-05,4.4995377410677335e-05,9.871777944822182e-05,4.342115055154021e-05,4.342115055154021e-05,9.871777944822182e-05,4.342115055154021e-05,9.871777944822182e-05,line,ln5863706-1,,1000000.0,7199.557856794634,51.833633333333346,abc
1419,1420,l2841635,l2822869,0.00011258508947022166,4.6043630340403124e-05,4.6043630340403124e-05,0.00011258508947022166,4.6043630340403124e-05,0.00011258508947022166,0.0002470064853560333,0.00010864614102747957,0.00010864614102747957,0.0002470064853560333,0.00010864614102747957,0.0002470064853560333,line,ln6047578-1,,1000000.0,7199.557856794634,51.833633333333346,abc
1420,1421,l2822869,m1026808,0.00017944705840802197,7.338799535436765e-05,7.338799535436765e-05,0.00017944705840802197,7.338799535436765e-05,0.00017944705840802197,0.00039369855647330645,0.00017316884950312184,0.00017316884950312184,0.00039369855647330645,0.00017316884950312184,0.00039369855647330645,line,ln5502538-1,,1000000.0,7199.557856794634,51.833633333333346,abc
1421,1422,m1026808,n1140520,0.0,0.0,0.0,0.0,0.0,5.266629492176571e-06,0.0,0.0,0.0,0.0,0.0,1.0950957185456803e-05,line,ln6229803-2,,1000000.0,7199.557856794634,51.833633333333346,c
1422,1423,n1140520,l2729410,0.0,0.0,0.0,0.0,0.0,2.5430695809477627e-05,0.0,0.0,0.0,0.0,0.0,5.287830887281037e-05,line,ln6229803-3,,1000000.0,7199.557856794634,51.833633333333346,c
1421,1424,m1026808,m1026807,9.522035527768644e-06,3.8942020296988585e-06,3.8942020296988585e-06,9.522035527768644e-06,3.8942020296988585e-06,9.522035527768644e-06,2.0890906071283182e-05,9.188893659779459e-06,9.188893659779459e-06,2.0890906071283182e-05,9.188893659779459e-06,2.0890906071283182e-05,line,ln5558792-1,,1000000.0,7199.557856794634,51.833633333333346,abc
1424,1425,m1026807,n1140521,3.473579747512713e-05,1.4205808478278887e-05,1.4205808478278887e-05,3.473579747512713e-05,1.4205808478278887e-05,3.473579747512713e-05,7.620873501761081e-05,3.3520516517267736e-05,3.3520516517267736e-05,7.620873501761081e-05,3.3520516517267736e-05,7.620873501761081e-05,line,ln6073575-2,,1000000.0,7199.557856794634,51.833633333333346,abc
1425,1426,n1140521,l3254217,6.800377237688008e-05,2.7811325387827304e-05,2.7811325387827304e-05,6.800377237688008e-05,2.7811325387827304e-05,6.800377237688008e-05,0.00014919713511625973,6.56245643079879e-05,6.56245643079879e-05,0.00014919713511625973,6.56245643079879e-05,0.00014919713511625973,line,ln6073575-3,,1000000.0,7199.557856794634,51.833633333333346,abc
1426,1427,l3254217,m1026800,0.00011712181454383858,4.789900295882527e-05,4.789900295882527e-05,0.00011712181454383858,4.789900295882527e-05,0.00011712181454383858,0.0002569598505905753,0.00011302414236380624,0.00011302414236380624,0.0002569598505905753,0.00011302414236380624,0.0002569598505905753,line,ln6108143-1,,1000000.0,7199.557856794634,51.833633333333346,abc
1427,1428,m1026800,m1026797,0.000110527682718235,4.5202218068191195e-05,4.5202218068191195e-05,0.000110527682718235,4.5202218068191195e-05,0.000110527682718235,0.00024249262998542122,0.00010666071555791637,0.00010666071555791637,0.00024249262998542122,0.00010666071555791637,0.00024249262998542122,line,ln5562934-1,,1000000.0,7199.557856794634,51.833633333333346,abc
1428,1429,m1026797,m1026796,4.830288452349791e-06,1.975430467605009e-06,1.975430467605009e-06,4.830288452349791e-06,1.975430467605009e-06,4.830288452349791e-06,1.05974297261302e-05,4.66129398543674e-06,4.66129398543674e-06,1.05974297261302e-05,4.66129398543674e-06,1.05974297261302e-05,line,ln5649275-1,,1000000.0,7199.557856794634,51.833633333333346,abc
1429,1430,m1026796,m1026795,5.757754407337832e-05,2.354733799740063e-05,2.354733799740063e-05,5.757754407337832e-05,2.354733799740063e-05,5.757754407337832e-05,0.00012632247186479304,5.556311233439805e-05,5.556311233439805e-05,0.00012632247186479304,5.556311233439805e-05,0.00012632247186479304,line,ln5498301-1,,1000000.0,7199.557856794634,51.833633333333346,abc
1430,1431,m1026795,n1140522,0.0,0.0,0.0,0.0,0.0,1.5170372428712629e-05,0.0,0.0,0.0,0.0,0.0,3.1543912325909365e-05,line,ln6259998-2,,1000000.0,7199.557856794634,51.833633333333346,c
1431,1432,n1140522,l2822870,0.0,0.0,0.0,0.0,0.0,1.762685552302269e-05,0.0,0.0,0.0,0.0,0.0,3.6651703035802356e-05,line,ln6259998-3,,1000000.0,7199.557856794634,51.833633333333346,c
1432,1433,l2822870,l2766725,0.0,0.0,0.0,0.0,0.0,7.131377370806214e-05,0.0,0.0,0.0,0.0,0.0,0.0001482834673998671,line,ln6047579-1,,1000000.0,7199.557856794634,51.833633333333346,c
1430,1434,m1026795,m1026786,0.0001396543444828936,5.711407294748771e-05,5.711407294748771e-05,0.0001396543444828936,5.711407294748771e-05,0.0001396543444828936,0.0003063951803719463,0.00013476833990349894,0.00013476833990349894,0.0003063951803719463,0.00013476833990349894,0.0003063951803719463,line,ln6108144-1,,1000000.0,7199.557856794634,51.833633333333346,abc
1434,1435,m1026786,m1026785,7.326473619123743e-06,2.99628880347316e-06,2.99628880347316e-06,7.326473619123743e-06,2.99628880347316e-06,7.326473619123743e-06,1.6073944669130528e-05,7.070146586932936e-06,7.070146586932936e-06,1.6073944669130528e-05,7.070146586932936e-06,1.6073944669130528e-05,line,ln5770318-1,,1000000.0,7199.557856794634,51.833633333333346,abc
1435,1436,m1026785,m1026783,5.630829362402401e-05,2.302825595221633e-05,2.302825595221633e-05,5.630829362402401e-05,2.302825595221633e-05,5.630829362402401e-05,0.00012353779501276196,5.433826840552048e-05,5.433826840552048e-05,0.00012353779501276196,5.433826840552048e-05,0.00012353779501276196,line,ln6255773-1,,1000000.0,7199.557856794634,51.833633333333346,abc
1436,1437,m1026783,m1026784,0.0,0.0,0.0,0.0,0.0,9.121112250797261e-06,0.0,0.0,0.0,0.0,0.0,1.8965623059416373e-05,line,ln6290214-1,,1000000.0,7199.557856794634,51.833633333333346,c
1437,1438,m1026784,n1140523,0.0,0.0,0.0,0.0,0.0,1.7577561776169777e-05,0.0,0.0,0.0,0.0,0.0,3.654920603803578e-05,line,ln5562933-3,,1000000.0,7199.557856794634,51.833633333333346,c
1438,1439,n1140523,l2766724,0.0,0.0,0.0,0.0,0.0,2.445834355942634e-05,0.0,0.0,0.0,0.0,0.0,5.085648678046235e-05,line,ln5562933-2,,1000000.0,7199.557856794634,51.833633333333346,c
1436,1440,m1026783,m1026780,3.39198617114113e-05,1.38721173575201e-05,1.38721173575201e-05,3.39198617114113e-05,1.38721173575201e-05,3.39198617114113e-05,7.4418609644703e-05,3.273312741919821e-05,3.273312741919821e-05,7.4418609644703e-05,3.273312741919821e-05,7.4418609644703e-05,line,ln5532754-1,,1000000.0,7199.557856794634,51.833633333333346,abc
1440,1441,m1026780,m1026774,0.00020271530199503655,8.290394823438312e-05,8.290394823438312e-05,0.00020271530199503655,8.290394823438312e-05,0.00020271530199503655,0.00044474800801152907,0.00019562302070920485,0.00019562302070920485,0.00044474800801152907,0.00019562302070920485,0.00044474800801152907,line,ln6290215-1,,1000000.0,7199.557856794634,51.833633333333346,abc
1441,1442,m1026774,m1026769,0.00022582852168701257,9.235650139645483e-05,9.235650139645483e-05,0.00022582852168701257,9.235650139645483e-05,0.00022582852168701257,0.000495457344285467,0.00021792759175027278,0.00021792759175027278,0.000495457344285467,0.00021792759175027278,0.000495457344285467,line,ln6077782-1,,1000000.0,7199.557856794634,51.833633333333346,abc
1442,1443,m1026769,d6140776-1_int,7.733477555435369e-06,0.0,0.0,0.0,0.0,0.0,1.6080299882508713e-05,0.0,0.0,0.0,0.0,0.0,line,ln6140776-1,,1000000.0,7199.557856794634,51.833633333333346,a
1443,1444,d6140776-1_int,e182730,1.9292492840877444e-05,0.0,0.0,0.0,0.0,0.0,1.9292492840877444e-05,0.0,0.0,0.0,0.0,0.0,switch,v9109_48332_sw,CLOSED,1000000.0,7199.557856794634,51.833633333333346,a
1444,1445,e182730,n1142109,2.6882277092930003e-05,0.0,0.0,0.0,0.0,0.0,5.5896596851851005e-05,0.0,0.0,0.0,0.0,0.0,line,ln5898059-3,,1000000.0,7199.557856794634,51.833633333333346,a
1445,1446,n1142109,l2729429,7.831220454672607e-05,0.0,0.0,0.0,0.0,0.0,0.00016283537704026146,0.0,0.0,0.0,0.0,0.0,line,ln5898059-2,,1000000.0,7199.557856794634,51.833633333333346,a
1446,1447,l2729429,l3197647,0.00013250649931929653,0.0,0.0,0.0,0.0,0.0,0.00027552213479150277,0.0,0.0,0.0,0.0,0.0,line,ln5895807-1,,1000000.0,7199.557856794634,51.833633333333346,a
1447,1448,l3197647,m1026778,1.8135629697320075e-06,0.0,0.0,0.0,0.0,0.0,3.7709602439600016e-06,0.0,0.0,0.0,0.0,0.0,line,ln6017304-1,,1000000.0,7199.557856794634,51.833633333333346,a
1442,1449,m1026769,l2841633,1.6188966088299157e-05,6.620759229046255e-06,6.620759229046255e-06,1.6188966088299157e-05,6.620759229046255e-06,1.6188966088299157e-05,3.551784373788189e-05,1.5622572233987067e-05,1.5622572233987067e-05,3.551784373788189e-05,1.5622572233987067e-05,3.551784373788189e-05,line,ln6290216-1,,1000000.0,7199.557856794634,51.833633333333346,abc
1449,1450,l2841633,d5534970-1_int,0.000201747025052588,8.250795453916978e-05,8.250795453916978e-05,0.000201747025052588,8.250795453916978e-05,0.000201747025052588,0.0004426236531299818,0.00019468862030380527,0.00019468862030380527,0.0004426236531299818,0.00019468862030380527,0.0004426236531299818,line,ln5534970-1,,1000000.0,7199.557856794634,51.833633333333346,abc
1450,1451,d5534970-1_int,e182732,1.9292492840877444e-05,0.0,0.0,1.9292492840877444e-05,0.0,1.9292492840877444e-05,1.9292492840877444e-05,0.0,0.0,1.9292492840877444e-05,0.0,1.9292492840877444e-05,switch,l9191_48332_sw,CLOSED,1000000.0,7199.557856794634,51.833633333333346,abc
1451,1452,e182732,m1026760,1.7380608981684338e-05,7.108102314520358e-06,7.108102314520358e-06,1.7380608981684338e-05,7.108102314520358e-06,1.7380608981684338e-05,3.8132253197248365e-05,1.677252381690395e-05,1.677252381690395e-05,3.8132253197248365e-05,1.677252381690395e-05,3.8132253197248365e-05,line,ln5746548-1,,1000000.0,7199.557856794634,51.833633333333346,abc
1452,1453,m1026760,m1026744,0.0002179767203405252,8.914537068274194e-05,8.914537068274194e-05,0.0002179767203405252,8.914537068274194e-05,0.0002179767203405252,0.0004782308548503576,0.00021035049676882894,0.00021035049676882894,0.0004782308548503576,0.00021035049676882894,0.0004782308548503576,line,ln6229809-1,,1000000.0,7199.557856794634,51.833633333333346,abc
1453,1454,m1026744,m1026724,0.0003188120368177932,0.0001303837270137985,0.0001303837270137985,0.0003188120368177932,0.0001303837270137985,0.0003188120368177932,0.0006994588810482767,0.0003076579472144534,0.0003076579472144534,0.0006994588810482767,0.0003076579472144534,0.0006994588810482767,line,ln5835150-1,,1000000.0,7199.557856794634,51.833633333333346,abc
1454,1455,m1026724,r18243,1.246748006731793e-05,5.098792799269966e-06,5.098792799269966e-06,1.246748006731793e-05,5.098792799269966e-06,1.246748006731793e-05,2.7353075324322877e-05,1.2031287660071418e-05,1.2031287660071418e-05,2.7353075324322877e-05,1.2031287660071418e-05,2.7353075324322877e-05,line,ln5472375-1,,1000000.0,7199.557856794634,51.833633333333346,abc
1455,1456,r18243,n1139552,5.861718657062432e-05,2.397251787738846e-05,2.397251787738846e-05,5.861718657062432e-05,2.397251787738846e-05,5.861718657062432e-05,0.00012860339947678756,5.656638146981785e-05,5.656638146981785e-05,0.00012860339947678756,5.656638146981785e-05,0.00012860339947678756,line,ln5895789-3,,1000000.0,7199.557856794634,51.833633333333346,abc
1456,1457,n1139552,m1026702,0.00016599245801406928,6.788550253021036e-05,6.788550253021036e-05,0.00016599245801406928,6.788550253021036e-05,0.00016599245801406928,0.0003641797847530142,0.0001601849773158869,0.0001601849773158869,0.0003641797847530142,0.0001601849773158869,0.0003641797847530142,line,ln5895789-2,,1000000.0,7199.557856794634,51.833633333333346,abc
1457,1458,m1026702,l2729414,9.446886150240926e-05,3.863468384813203e-05,3.863468384813203e-05,9.446886150240926e-05,3.863468384813203e-05,9.446886150240926e-05,0.00020726031808561873,9.116373489413885e-05,9.116373489413885e-05,0.00020726031808561873,9.116373489413885e-05,0.00020726031808561873,line,ln5653470-1,,1000000.0,7199.557856794634,51.833633333333346,abc
1457,1459,m1026702,n1139551,0.0002437251739636232,9.96756485911013e-05,9.96756485911013e-05,0.0002437251739636232,9.96756485911013e-05,0.0002437251739636232,0.000534721772632827,0.0002351981043582384,0.0002351981043582384,0.000534721772632827,0.0002351981043582384,0.000534721772632827,line,ln5714056-3,,1000000.0,7199.557856794634,51.833633333333346,abc
1459,1460,n1139551,m1026695,4.276673687161937e-05,1.749020081298563e-05,1.749020081298563e-05,4.276673687161937e-05,1.749020081298563e-05,4.276673687161937e-05,9.38282450590318e-05,4.127048215090716e-05,4.127048215090716e-05,9.38282450590318e-05,4.127048215090716e-05,9.38282450590318e-05,line,ln5714056-2,,1000000.0,7199.557856794634,51.833633333333346,abc
1460,1461,m1026695,n1140818,0.000119676735483846,4.8943882310648955e-05,4.8943882310648955e-05,0.000119676735483846,4.8943882310648955e-05,0.000119676735483846,0.00026256522910671253,0.00011548967578451314,0.00011548967578451314,0.00026256522910671253,0.00011548967578451314,0.00026256522910671253,line,ln6108150-3,,1000000.0,7199.557856794634,51.833633333333346,abc
1461,1462,n1140818,l2973167,2.0236849890900943e-05,8.276211708099429e-06,8.276211708099429e-06,2.0236849890900943e-05,8.276211708099429e-06,2.0236849890900943e-05,4.439871380615803e-05,1.952883510191902e-05,1.952883510191902e-05,4.439871380615803e-05,1.952883510191902e-05,4.439871380615803e-05,line,ln6108150-2,,1000000.0,7199.557856794634,51.833633333333346,abc
1462,1463,l2973167,n1140819,0.00013061212516712114,5.341610010231446e-05,5.341610010231446e-05,0.00013061212516712114,5.341610010231446e-05,0.00013061212516712114,0.00028655696890436,0.0001260424754075378,0.0001260424754075378,0.00028655696890436,0.0001260424754075378,0.00028655696890436,line,ln6347196-3,,1000000.0,7199.557856794634,51.833633333333346,abc
1463,1464,n1140819,m1026700,5.0986023021088585e-05,2.0851620827918012e-05,2.0851620827918012e-05,5.0986023021088585e-05,2.0851620827918012e-05,5.0986023021088585e-05,0.00011186097917568319,4.920220496022852e-05,4.920220496022852e-05,0.00011186097917568319,4.920220496022852e-05,0.00011186097917568319,line,ln6347196-2,,1000000.0,7199.557856794634,51.833633333333346,abc
1464,1465,m1026700,n1140821,0.0,0.0,0.0,0.0,0.0,1.2476989985266965e-05,0.0,0.0,0.0,0.0,0.0,2.594353434867579e-05,line,ln5741170-3,,1000000.0,7199.557856794634,51.833633333333346,c
1465,1466,n1140821,l3189188,0.0,0.0,0.0,0.0,0.0,1.774097312620055e-05,0.0,0.0,0.0,0.0,0.0,3.6888988948617005e-05,line,ln5741170-2,,1000000.0,7199.557856794634,51.833633333333346,c
1464,1467,m1026700,n1140820,0.0,0.0,0.0,2.4757169765576915e-05,0.0,0.0,0.0,0.0,0.0,5.147783920221682e-05,0.0,0.0,line,ln6286966-3,,1000000.0,7199.557856794634,51.833633333333346,b
1467,1468,n1140820,l3189189,0.0,0.0,0.0,4.62787281102553e-05,0.0,0.0,0.0,0.0,0.0,9.622783810511706e-05,0.0,0.0,line,ln6286966-2,,1000000.0,7199.557856794634,51.833633333333346,b
1464,1469,m1026700,n1140823,7.006533289003467e-05,2.865443641290819e-05,2.865443641290819e-05,7.006533289003467e-05,2.865443641290819e-05,7.006533289003467e-05,0.0001537201036469885,6.761399821351515e-05,6.761399821351515e-05,0.0001537201036469885,6.761399821351515e-05,0.0001537201036469885,line,ln6438273-2,,1000000.0,7199.557856794634,51.833633333333346,abc
1469,1470,n1140823,l2851933,0.00011445782424153164,4.680951779443072e-05,4.680951779443072e-05,0.00011445782424153164,4.680951779443072e-05,0.00011445782424153164,0.0002511151789320833,0.00011045335552655963,0.00011045335552655963,0.0002511151789320833,0.00011045335552655963,0.0002511151789320833,line,ln6438273-3,,1000000.0,7199.557856794634,51.833633333333346,abc
1470,1471,l2851933,l3207907,4.471883990896513e-05,1.828854729972622e-05,1.828854729972622e-05,4.471883990896513e-05,1.828854729972622e-05,4.471883990896513e-05,9.811106894429547e-05,4.315428810508492e-05,4.315428810508492e-05,9.811106894429547e-05,4.315428810508492e-05,9.811106894429547e-05,line,ln6506306-2,,1000000.0,7199.557856794634,51.833633333333346,abc
1471,1472,l3207907,m3037441,4.589637250974108e-06,1.877011973564138e-06,1.877011973564138e-06,4.589637250974108e-06,1.877011973564138e-06,4.589637250974108e-06,1.0069452107351146e-05,4.429062306391795e-06,4.429062306391795e-06,1.0069452107351146e-05,4.429062306391795e-06,1.0069452107351146e-05,line,ln6506307-4,,1000000.0,7199.557856794634,51.833633333333346,abc
1472,1473,m3037441,n1140824,3.6296487570168395e-05,0.0,0.0,0.0,0.0,0.0,7.547166208555704e-05,0.0,0.0,0.0,0.0,0.0,line,ln6196270-4,,1000000.0,7199.557856794634,51.833633333333346,a
1473,1474,n1140824,l3226771,0.00022291636485705224,0.0,0.0,0.0,0.0,0.0,0.00046351230347862923,0.0,0.0,0.0,0.0,0.0,line,ln6196270-5,,1000000.0,7199.557856794634,51.833633333333346,a
1474,1475,l3226771,l3189190,0.00018113557001920886,0.0,0.0,0.0,0.0,0.0,0.00037663706455718255,0.0,0.0,0.0,0.0,0.0,line,ln6196270-2,,1000000.0,7199.557856794634,51.833633333333346,a
1464,1476,m1026700,m1026706,0.00016187228097072097,6.620048447308015e-05,6.620048447308015e-05,0.00016187228097072097,6.620048447308015e-05,0.00016187228097072097,0.00035514030665417367,0.00015620895048838946,0.00015620895048838946,0.00035514030665417367,0.00015620895048838946,0.00035514030665417367,line,ln5650219-1,,1000000.0,7199.557856794634,51.833633333333346,abc
1476,1477,m1026706,n1140828,0.00022584412195685027,9.2362881398114e-05,9.2362881398114e-05,0.00022584412195685027,9.2362881398114e-05,0.00022584412195685027,0.0004954915705568262,0.00021794264622262632,0.00021794264622262632,0.0004954915705568262,0.00021794264622262632,0.0004954915705568262,line,ln5472403-3,,1000000.0,7199.557856794634,51.833633333333346,abc
1477,1478,n1140828,m1026708,2.3045057493557902e-05,9.424677045599082e-06,9.424677045599082e-06,2.3045057493557902e-05,9.424677045599082e-06,2.3045057493557902e-05,5.055979155940576e-05,2.223879359347759e-05,2.223879359347759e-05,5.055979155940576e-05,2.223879359347759e-05,5.055979155940576e-05,line,ln5472403-2,,1000000.0,7199.557856794634,51.833633333333346,abc
1478,1479,m1026708,m1026709,1.3856712494911596e-06,5.666943561098355e-07,5.666943561098355e-07,1.3856712494911596e-06,5.666943561098355e-07,1.3856712494911596e-06,3.0400987093965366e-06,1.33719158281399e-06,1.33719158281399e-06,3.0400987093965366e-06,1.33719158281399e-06,3.0400987093965366e-06,line,ln5472394-1,,1000000.0,7199.557856794634,51.833633333333346,abc
1479,1480,m1026709,p827561,0.0,0.0,0.0,0.0,0.0,6.432779694522667e-06,0.0,0.0,0.0,0.0,0.0,1.337574536481782e-05,line,ln5655685-1,,1000000.0,7199.557856794634,51.833633333333346,c
1480,1481,p827561,m1026705,0.0,0.0,0.0,0.0,0.0,7.5587254993379446e-06,0.0,0.0,0.0,0.0,0.0,1.5716936124485448e-05,line,ln6198014-1,,1000000.0,7199.557856794634,51.833633333333346,c
1481,1482,m1026705,l2710532,0.0,0.0,0.0,0.0,0.0,3.921069319856026e-05,0.0,0.0,0.0,0.0,0.0,8.153119999562702e-05,line,ln5803257-1,,1000000.0,7199.557856794634,51.833633333333346,c
1481,1483,m1026705,n1140829,0.0,0.0,0.0,0.0,0.0,7.847763003300945e-06,0.0,0.0,0.0,0.0,0.0,1.6317934796518858e-05,line,ln5621833-2,,1000000.0,7199.557856794634,51.833633333333346,c
1483,1484,n1140829,m1026703,0.0,0.0,0.0,0.0,0.0,6.2552313459279e-06,0.0,0.0,0.0,0.0,0.0,1.3006567246877668e-05,line,ln5621833-3,,1000000.0,7199.557856794634,51.833633333333346,c
1484,1485,m1026703,l2973166,0.0,0.0,0.0,0.0,0.0,8.171809216538294e-05,0.0,0.0,0.0,0.0,0.0,0.0001699172743990549,line,ln5744358-1,,1000000.0,7199.557856794634,51.833633333333346,c
1479,1486,m1026709,m1026701,0.00011096610520453571,4.538151856870277e-05,4.538151856870277e-05,0.00011096610520453571,4.538151856870277e-05,0.00011096610520453571,0.00024345450866715233,0.00010708379921402381,0.00010708379921402381,0.00024345450866715233,0.00010708379921402381,0.00024345450866715233,line,ln6290233-1,,1000000.0,7199.557856794634,51.833633333333346,abc
1486,1487,m1026701,p827560,5.779795602469181e-06,0.0,0.0,0.0,0.0,0.0,1.2017988787203158e-05,0.0,0.0,0.0,0.0,0.0,line,ln5837358-1,,1000000.0,7199.557856794634,51.833633333333346,a
1487,1488,p827560,n1147866,1.5476709125156187e-05,0.0,0.0,0.0,0.0,0.0,3.218088138782475e-05,0.0,0.0,0.0,0.0,0.0,line,ln6201702-3,,1000000.0,7199.557856794634,51.833633333333346,a
1488,1489,n1147866,m1026713,3.516982898491262e-05,0.0,0.0,0.0,0.0,0.0,7.312898923414589e-05,0.0,0.0,0.0,0.0,0.0,line,ln6201702-2,,1000000.0,7199.557856794634,51.833633333333346,a
1489,1490,m1026713,l2785530,6.114859812386937e-05,0.0,0.0,0.0,0.0,0.0,0.0001271469126506663,0.0,0.0,0.0,0.0,0.0,line,ln5804823-1,,1000000.0,7199.557856794634,51.833633333333346,a
1490,1491,l2785530,l2822868,0.00012921339773596164,0.0,0.0,0.0,0.0,0.0,0.00026867475460270643,0.0,0.0,0.0,0.0,0.0,line,ln5835151-1,,1000000.0,7199.557856794634,51.833633333333346,a
1491,1492,l2822868,l2766723,6.582787415378302e-05,0.0,0.0,0.0,0.0,0.0,0.00013687657970596953,0.0,0.0,0.0,0.0,0.0,line,ln5472365-1,,1000000.0,7199.557856794634,51.833633333333346,a
1492,1493,l2766723,l3122822,6.395793774827025e-05,0.0,0.0,0.0,0.0,0.0,0.0001329884015938171,0.0,0.0,0.0,0.0,0.0,line,ln6169253-1,,1000000.0,7199.557856794634,51.833633333333346,a
1489,1494,m1026713,l2860504,1.4878528561571023e-05,0.0,0.0,0.0,0.0,0.0,3.0937078353887335e-05,0.0,0.0,0.0,0.0,0.0,line,ln5653485-1,,1000000.0,7199.557856794634,51.833633333333346,a
1494,1495,l2860504,l2860493,0.00023317123888028936,0.0,0.0,0.0,0.0,0.0,0.00048483536912005,0.0,0.0,0.0,0.0,0.0,line,ln6108172-1,,1000000.0,7199.557856794634,51.833633333333346,a
1495,1496,l2860493,l3085403,9.80320105928647e-05,0.0,0.0,0.0,0.0,0.0,0.0002038389737499911,0.0,0.0,0.0,0.0,0.0,line,ln6077785-1,,1000000.0,7199.557856794634,51.833633333333346,a
1486,1497,m1026701,m1026697,0.0001157864106201314,4.735286629980914e-05,4.735286629980914e-05,0.0001157864106201314,4.735286629980914e-05,0.0001157864106201314,0.00025403003607181684,0.00011173545943335375,0.00011173545943335375,0.00025403003607181684,0.00011173545943335375,0.00025403003607181684,line,ln6411407-1,,1000000.0,7199.557856794634,51.833633333333346,abc
1497,1498,m1026697,m1026690,0.0001170791050186847,4.7881536155739236e-05,4.7881536155739236e-05,0.0001170791050186847,4.7881536155739236e-05,0.0001170791050186847,0.00025686614786538207,0.00011298292709174029,0.00011298292709174029,0.00025686614786538207,0.00011298292709174029,0.00025686614786538207,line,ln5865249-1,,1000000.0,7199.557856794634,51.833633333333346,abc
1498,1499,m1026690,l2879078,0.00018243958774257887,7.46118422697231e-05,7.46118422697231e-05,0.00018243958774257887,7.46118422697231e-05,0.00018243958774257887,0.00040026402759148005,0.00017605668097033517,0.00017605668097033517,0.00040026402759148005,0.00017605668097033517,0.00040026402759148005,line,ln6290217-1,,1000000.0,7199.557856794634,51.833633333333346,abc
1499,1500,l2879078,m1026681,0.00011282411438133149,4.614138373475647e-05,4.614138373475647e-05,0.00011282411438133149,4.614138373475647e-05,0.00011282411438133149,0.0002475308949690966,0.00010887680331432164,0.00010887680331432164,0.0002475308949690966,0.00010887680331432164,0.0002475308949690966,line,ln6108145-1,,1000000.0,7199.557856794634,51.833633333333346,abc
1500,1501,m1026681,l3048221,0.00012210412611116713,4.993660592318109e-05,4.993660592318109e-05,0.00012210412611116713,4.993660592318109e-05,0.00012210412611116713,0.00026789081200816195,0.00011783214072072893,0.00011783214072072893,0.00026789081200816195,0.00011783214072072893,0.00026789081200816195,line,ln6047580-2,,1000000.0,7199.557856794634,51.833633333333346,abc
1501,1502,l3048221,d5835167-6_int,0.00012889994254181155,5.271587324060498e-05,5.271587324060498e-05,0.00012889994254181155,5.271587324060498e-05,0.00012889994254181155,0.0002828005193198238,0.0001243901959107632,0.0001243901959107632,0.0002828005193198238,0.0001243901959107632,0.0002828005193198238,line,ln5835167-6,,1000000.0,7199.557856794634,51.833633333333346,abc
1502,1503,d5835167-6_int,q14414,1.9292492840877444e-05,0.0,0.0,1.9292492840877444e-05,0.0,1.9292492840877444e-05,1.9292492840877444e-05,0.0,0.0,1.9292492840877444e-05,0.0,1.9292492840877444e-05,switch,ln4625876_sw,CLOSED,1000000.0,7199.557856794634,51.833633333333346,abc
1503,1504,q14414,l2691952,0.00015059162361632624,6.158706346265513e-05,6.158706346265513e-05,0.00015059162361632624,6.158706346265513e-05,0.00015059162361632624,0.000330391065535955,0.0001453229628715975,0.0001453229628715975,0.000330391065535955,0.0001453229628715975,0.000330391065535955,line,ln6047599-3,,1000000.0,7199.557856794634,51.833633333333346,abc
1504,1505,l2691952,m3036170,4.1268639551282315e-06,1.6877527859967353e-06,1.6877527859967353e-06,4.1268639551282315e-06,1.6877527859967353e-06,4.1268639551282315e-06,9.054148874379504e-06,3.982479788219875e-06,3.982479788219875e-06,9.054148874379504e-06,3.982479788219875e-06,9.054148874379504e-06,line,ln6505949-1,,1000000.0,7199.557856794634,51.833633333333346,abc
1505,1506,m3036170,l3197642,0.0,0.0,0.0,0.0,0.0,5.783440741500531e-05,0.0,0.0,0.0,0.0,0.0,0.00012025568162499379,line,ln6505951-1,,1000000.0,7199.557856794634,51.833633333333346,c
1505,1507,m3036170,m1026670,3.0793601714202276e-05,1.2593578961922393e-05,1.2593578961922393e-05,3.0793601714202276e-05,1.2593578961922393e-05,3.0793601714202276e-05,6.755973963044585e-05,2.971624404553285e-05,2.971624404553285e-05,6.755973963044585e-05,2.971624404553285e-05,6.755973963044585e-05,line,ln6505950-1,,1000000.0,7199.557856794634,51.833633333333346,abc
1507,1508,m1026670,m1026662,9.055143495632495e-05,3.703258413295353e-05,3.703258413295353e-05,9.055143495632495e-05,3.703258413295353e-05,9.055143495632495e-05,0.00019866566521158392,8.738336505126336e-05,8.738336505126336e-05,0.00019866566521158392,8.738336505126336e-05,0.00019866566521158392,line,ln6380818-1,,1000000.0,7199.557856794634,51.833633333333346,abc
1508,1509,m1026662,n1140832,0.0,0.0,0.0,0.0,0.0,9.935560694504017e-06,0.0,0.0,0.0,0.0,0.0,2.0659114133744556e-05,line,ln5683827-2,,1000000.0,7199.557856794634,51.833633333333346,c
1509,1510,n1140832,l2841631,0.0,0.0,0.0,0.0,0.0,2.9232691296320468e-05,0.0,0.0,0.0,0.0,0.0,6.0783837419590476e-05,line,ln5683827-3,,1000000.0,7199.557856794634,51.833633333333346,c
1508,1511,m1026662,n1140831,0.0,0.0,0.0,0.0,0.0,3.67967005464277e-05,0.0,0.0,0.0,0.0,0.0,7.651176010171001e-05,line,ln6199523-2,,1000000.0,7199.557856794634,51.833633333333346,c
1511,1512,n1140831,l3141402,0.0,0.0,0.0,0.0,0.0,0.00013669960649745434,0.0,0.0,0.0,0.0,0.0,0.00028424090592401707,line,ln6199523-3,,1000000.0,7199.557856794634,51.833633333333346,c
1508,1513,m1026662,l2673319,0.0002704559523449702,0.00011060766529325542,0.00011060766529325542,0.0002704559523449702,0.00011060766529325542,0.0002704559523449702,0.000593367865555762,0.0002609936686861619,0.0002609936686861619,0.000593367865555762,0.0002609936686861619,0.000593367865555762,line,ln6350543-1,,1000000.0,7199.557856794634,51.833633333333346,abc
1513,1514,l2673319,m1026658,6.302001627000225e-05,2.5773131653900366e-05,2.5773131653900366e-05,6.302001627000225e-05,2.5773131653900366e-05,6.302001627000225e-05,0.00013826300444563338,6.081517195077326e-05,6.081517195077326e-05,0.00013826300444563338,6.081517195077326e-05,0.00013826300444563338,line,ln5591284-1,,1000000.0,7199.557856794634,51.833633333333346,abc
1514,1515,m1026658,l3172805,0.00011937154473060926,0.0,0.0,0.0,0.0,0.0,0.00024821048783640475,0.0,0.0,0.0,0.0,0.0,line,ln6439600-1,,1000000.0,7199.557856794634,51.833633333333346,a
1514,1516,m1026658,m1026655,0.00013518505839130182,5.528628067361662e-05,5.528628067361662e-05,0.00013518505839130182,5.528628067361662e-05,0.00013518505839130182,0.00029658977314857976,0.00013045541810111707,0.00013045541810111707,0.00029658977314857976,0.00013045541810111707,0.00029658977314857976,line,ln5591284-2,,1000000.0,7199.557856794634,51.833633333333346,abc
1516,1517,m1026655,n1141474,5.592527927491094e-06,0.0,0.0,0.0,0.0,0.0,1.1628601173369411e-05,0.0,0.0,0.0,0.0,0.0,line,ln5865246-2,,1000000.0,7199.557856794634,51.833633333333346,a
1517,1518,n1141474,l2710518,2.65160757912012e-05,0.0,0.0,0.0,0.0,0.0,5.513515069687698e-05,0.0,0.0,0.0,0.0,0.0,line,ln5865246-3,,1000000.0,7199.557856794634,51.833633333333346,a
1516,1519,m1026655,n1141475,0.0,0.0,0.0,0.0,0.0,1.1567993510005406e-05,0.0,0.0,0.0,0.0,0.0,2.405344857425262e-05,line,ln5502536-2,,1000000.0,7199.557856794634,51.833633333333346,c
1519,1520,n1141475,m1009655,0.0,0.0,0.0,0.0,0.0,8.915364875701683e-06,0.0,0.0,0.0,0.0,0.0,1.8537810413959016e-05,line,ln5502536-3,,1000000.0,7199.557856794634,51.833633333333346,c
1520,1521,m1009655,p827528,0.0,0.0,0.0,0.0,0.0,0.00013109778920043547,0.0,0.0,0.0,0.0,0.0,7.39967662402211e-05,line,ln8945010-1,,1000000.0,7199.557856794634,51.833633333333346,c
1521,1522,p827528,221-240988,0.0,0.0,0.0,0.0,0.0,0.00011821193061991279,0.0,0.0,0.0,0.0,0.0,6.672347909325281e-05,line,ln8945011-1,,1000000.0,7199.557856794634,51.833633333333346,c
1522,1523,221-240988,l3141411,0.0,0.0,0.0,0.0,0.0,0.0007600338416338168,0.0,0.0,0.0,0.0,0.0,0.00042899309635229107,line,ln8939784-1,,1000000.0,7199.557856794634,51.833633333333346,c
1516,1524,m1026655,m1009651,0.00011944177345854584,4.8847790504106356e-05,4.8847790504106356e-05,0.00011944177345854584,4.8847790504106356e-05,0.00011944177345854584,0.0002620497332774279,0.00011526293423767964,0.00011526293423767964,0.0002620497332774279,0.00011526293423767964,0.0002620497332774279,line,ln6260020-1,,1000000.0,7199.557856794634,51.833633333333346,abc
1524,1525,m1009651,m1009650,1.7096341394808636e-05,6.991846141083421e-06,6.991846141083421e-06,1.7096341394808636e-05,6.991846141083421e-06,1.7096341394808636e-05,3.7508583243569646e-05,1.6498201733237554e-05,1.6498201733237554e-05,3.7508583243569646e-05,1.6498201733237554e-05,3.7508583243569646e-05,line,ln5800693-1,,1000000.0,7199.557856794634,51.833633333333346,abc
1525,1526,m1009650,e203026,0.0005139585574102783,0.0002101922904626273,0.0002101922904626273,0.0005139585574102783,0.0002101922904626273,0.0005139585574102783,0.001127601332307401,0.0004959769910334923,0.0004959769910334923,0.001127601332307401,0.0004959769910334923,0.001127601332307401,line,ln6044631-1,,1000000.0,7199.557856794634,51.833633333333346,abc
1524,1527,m1009651,l2879092,0.0,0.0,0.0,0.0,0.0,5.9003239775461094e-05,0.0,0.0,0.0,0.0,0.0,0.00012268604684345874,line,ln5774488-1,,1000000.0,7199.557856794634,51.833633333333346,c
1508,1528,m1026662,n1141473,1.5584482199138395e-05,0.0,0.0,0.0,0.0,0.0,3.240497505544984e-05,0.0,0.0,0.0,0.0,0.0,line,ln6108140-2,,1000000.0,7199.557856794634,51.833633333333346,a
1528,1529,n1141473,l3216350,4.61551720408049e-05,0.0,0.0,0.0,0.0,0.0,9.597092669174259e-05,0.0,0.0,0.0,0.0,0.0,line,ln6108140-3,,1000000.0,7199.557856794634,51.833633333333346,a
1498,1530,m1026690,n1140830,1.316022528486973e-05,0.0,0.0,0.0,0.0,0.0,2.73641925750912e-05,0.0,0.0,0.0,0.0,0.0,line,ln5986938-2,,1000000.0,7199.557856794634,51.833633333333346,a
1530,1531,n1140830,l3216351,9.779358833292924e-06,0.0,0.0,0.0,0.0,0.0,2.033432198784701e-05,0.0,0.0,0.0,0.0,0.0,line,ln5986938-3,,1000000.0,7199.557856794634,51.833633333333346,a
1531,1532,l3216351,l2879081,3.546866749967363e-05,0.0,0.0,0.0,0.0,0.0,7.375036724932137e-05,0.0,0.0,0.0,0.0,0.0,line,ln5986937-1,,1000000.0,7199.557856794634,51.833633333333346,a
1532,1533,l2879081,m1026682,6.291650510061356e-05,0.0,0.0,0.0,0.0,0.0,0.00013082293991610337,0.0,0.0,0.0,0.0,0.0,line,ln5472376-1,,1000000.0,7199.557856794634,51.833633333333346,a
1533,1534,m1026682,l3066816,0.00010284996214169821,0.0,0.0,0.0,0.0,0.0,0.00021385699024635866,0.0,0.0,0.0,0.0,0.0,line,ln5623406-1,,1000000.0,7199.557856794634,51.833633333333346,a
1534,1535,l3066816,m1026667,0.00013591210160198428,0.0,0.0,0.0,0.0,0.0,0.0002826034388482638,0.0,0.0,0.0,0.0,0.0,line,ln5774465-1,,1000000.0,7199.557856794634,51.833633333333346,a
1535,1536,m1026667,m1026661,6.18682366983085e-05,0.0,0.0,0.0,0.0,0.0,0.00012864326458303455,0.0,0.0,0.0,0.0,0.0,line,ln5956473-1,,1000000.0,7199.557856794634,51.833633333333346,a
1536,1537,m1026661,p827530,9.387964717496809e-05,0.0,0.0,0.0,0.0,0.0,5.2989377998583914e-05,0.0,0.0,0.0,0.0,0.0,line,ln8945012-1,,1000000.0,7199.557856794634,51.833633333333346,a
1537,1538,p827530,221-240991,0.00012618433686179304,0.0,0.0,0.0,0.0,0.0,7.122341982185311e-05,0.0,0.0,0.0,0.0,0.0,line,ln8945013-1,,1000000.0,7199.557856794634,51.833633333333346,a
1538,1539,221-240991,l3066817,0.0037239699119781286,0.0,0.0,0.0,0.0,0.0,0.0021019555916458356,0.0,0.0,0.0,0.0,0.0,line,ln8939783-1,,1000000.0,7199.557856794634,51.833633333333346,a
1476,1540,m1026706,n1140825,2.862874810370871e-05,1.170822442828304e-05,1.170822442828304e-05,2.862874810370871e-05,1.170822442828304e-05,2.862874810370871e-05,6.281015081584735e-05,2.7627130897634672e-05,2.7627130897634672e-05,6.281015081584735e-05,2.7627130897634672e-05,6.281015081584735e-05,line,ln5895816-2,,1000000.0,7199.557856794634,51.833633333333346,abc
1540,1541,n1140825,l3216368,3.862950933917422e-05,1.5798209661809012e-05,1.5798209661809012e-05,3.862950933917422e-05,1.5798209661809012e-05,3.862950933917422e-05,8.475135897477119e-05,3.727800136976698e-05,3.727800136976698e-05,8.475135897477119e-05,3.727800136976698e-05,8.475135897477119e-05,line,ln5895816-3,,1000000.0,7199.557856794634,51.833633333333346,abc
1541,1542,l3216368,n1140827,5.243662471406914e-05,2.1444869618117943e-05,2.1444869618117943e-05,5.243662471406914e-05,2.1444869618117943e-05,5.243662471406914e-05,0.00011504353227859128,5.060205530321689e-05,5.060205530321689e-05,0.00011504353227859128,5.060205530321689e-05,0.00011504353227859128,line,ln5683858-2,,1000000.0,7199.557856794634,51.833633333333346,abc
1542,1543,n1140827,m1026726,3.2694293910839076e-05,1.3370900091253476e-05,1.3370900091253476e-05,3.2694293910839076e-05,1.3370900091253476e-05,3.2694293910839076e-05,7.172977050615139e-05,3.15504378399096e-05,3.15504378399096e-05,7.172977050615139e-05,3.15504378399096e-05,7.172977050615139e-05,line,ln5683858-3,,1000000.0,7199.557856794634,51.833633333333346,abc
1543,1544,m1026726,l2876847,0.0,0.0,0.0,8.155189906939443e-05,0.0,0.0,0.0,0.0,0.0,0.00016957170737532708,0.0,0.0,line,ln5833721-1,,1000000.0,7199.557856794634,51.833633333333346,b
1543,1545,m1026726,l2814529,7.492788966751956e-05,3.064306357326546e-05,3.064306357326546e-05,7.492788966751956e-05,3.064306357326546e-05,7.492788966751956e-05,0.00016438832858780878,7.230643157113558e-05,7.230643157113558e-05,0.00016438832858780878,7.230643157113558e-05,0.00016438832858780878,line,ln6286965-1,,1000000.0,7199.557856794634,51.833633333333346,abc
1543,1546,m1026726,l2916610,0.0,0.0,0.0,7.363731262005556e-05,0.0,0.0,0.0,0.0,0.0,0.0001531148258961845,0.0,0.0,line,ln6506308-1,,1000000.0,7199.557856794634,51.833633333333346,b
1476,1547,m1026706,n1140822,0.0,0.0,0.0,0.0,0.0,1.24504626918558e-05,0.0,0.0,0.0,0.0,0.0,2.588837587306568e-05,line,ln5532788-2,,1000000.0,7199.557856794634,51.833633333333346,c
1547,1548,n1140822,l2935560,0.0,0.0,0.0,0.0,0.0,5.022652020663545e-05,0.0,0.0,0.0,0.0,0.0,0.00010443652305034887,line,ln5532788-3,,1000000.0,7199.557856794634,51.833633333333346,c
1460,1549,m1026695,n1138594,2.1177612129576093e-05,0.0,0.0,0.0,0.0,0.0,4.403482797977374e-05,0.0,0.0,0.0,0.0,0.0,line,ln5774470-3,,1000000.0,7199.557856794634,51.833633333333346,a
1549,1550,n1138594,m1026679,0.00015700647507506388,0.0,0.0,0.0,0.0,0.0,0.0003264651878284948,0.0,0.0,0.0,0.0,0.0,line,ln5774470-2,,1000000.0,7199.557856794634,51.833633333333346,a
1550,1551,m1026679,p827537,9.94687118852688e-06,0.0,0.0,0.0,0.0,0.0,2.068263216097141e-05,0.0,0.0,0.0,0.0,0.0,line,ln5958703-1,,1000000.0,7199.557856794634,51.833633333333346,a
1551,1552,p827537,l3122827,7.802312564107345e-05,0.0,0.0,0.0,0.0,0.0,0.0001622342922812665,0.0,0.0,0.0,0.0,0.0,line,ln6079950-1,,1000000.0,7199.557856794634,51.833633333333346,a
1552,1553,l3122827,l2954355,6.546557132466756e-05,0.0,0.0,0.0,0.0,0.0,0.00013612323968542945,0.0,0.0,0.0,0.0,0.0,line,ln5472374-1,,1000000.0,7199.557856794634,51.833633333333346,a
1553,1554,l2954355,m1026665,2.6641897763935768e-05,0.0,0.0,0.0,0.0,0.0,5.539677362639058e-05,0.0,0.0,0.0,0.0,0.0,line,ln5502544-1,,1000000.0,7199.557856794634,51.833633333333346,a
1554,1555,m1026665,l3232933,0.00016285146491113554,0.0,0.0,0.0,0.0,0.0,0.00033861873566005073,0.0,0.0,0.0,0.0,0.0,line,ln6137085-1,,1000000.0,7199.557856794634,51.833633333333346,a
1554,1556,m1026665,m1026660,9.51134879991048e-05,0.0,0.0,0.0,0.0,0.0,0.00019777045952917307,0.0,0.0,0.0,0.0,0.0,line,ln6229802-1,,1000000.0,7199.557856794634,51.833633333333346,a
1556,1557,m1026660,m1026657,0.00011118400029839053,0.0,0.0,0.0,0.0,0.0,0.00023118604199975684,0.0,0.0,0.0,0.0,0.0,line,ln5623405-1,,1000000.0,7199.557856794634,51.833633333333346,a
1557,1558,m1026657,m1026656,6.725499710934148e-06,0.0,0.0,0.0,0.0,0.0,1.3984401123080313e-05,0.0,0.0,0.0,0.0,0.0,line,ln5655683-1,,1000000.0,7199.557856794634,51.833633333333346,a
1558,1559,m1026656,l2729428,0.0002087748232968426,0.0,0.0,0.0,0.0,0.0,0.00043410764982067615,0.0,0.0,0.0,0.0,0.0,line,ln6322630-1,,1000000.0,7199.557856794634,51.833633333333346,a
1559,1560,l2729428,m1026648,8.24870737211167e-05,0.0,0.0,0.0,0.0,0.0,0.00017151622570287368,0.0,0.0,0.0,0.0,0.0,line,ln5926324-1,,1000000.0,7199.557856794634,51.833633333333346,a
1560,1561,m1026648,m1026647,5.8434584211409694e-05,0.0,0.0,0.0,0.0,0.0,0.00012150363544648291,0.0,0.0,0.0,0.0,0.0,line,ln6229800-1,,1000000.0,7199.557856794634,51.833633333333346,a
1561,1562,m1026647,m3036169,0.00011777668450793531,0.0,0.0,0.0,0.0,0.0,0.0002448942784768448,0.0,0.0,0.0,0.0,0.0,line,ln6047573-2,,1000000.0,7199.557856794634,51.833633333333346,a
1562,1563,m3036169,l2673317,2.9071572704723895e-06,0.0,0.0,0.0,0.0,0.0,6.044882186533968e-06,0.0,0.0,0.0,0.0,0.0,line,ln6505947-4,,1000000.0,7199.557856794634,51.833633333333346,a
1563,1564,l2673317,l2710517,0.00011155683817907161,0.0,0.0,0.0,0.0,0.0,0.00023196128766200062,0.0,0.0,0.0,0.0,0.0,line,ln6505948-2,,1000000.0,7199.557856794634,51.833633333333346,a
1564,1565,l2710517,m1026646,5.461590720053709e-05,0.0,0.0,0.0,0.0,0.0,0.00011356342083422022,0.0,0.0,0.0,0.0,0.0,line,ln5865244-1,,1000000.0,7199.557856794634,51.833633333333346,a
1565,1566,m1026646,l3178978,0.00022006128196042592,0.0,0.0,0.0,0.0,0.0,0.00045757570007633387,0.0,0.0,0.0,0.0,0.0,line,ln5986930-1,,1000000.0,7199.557856794634,51.833633333333346,a
1566,1567,l3178978,m1047432,0.0001859278603532198,0.0,0.0,0.0,0.0,0.0,0.0003866017234241087,0.0,0.0,0.0,0.0,0.0,line,ln5683826-1,,1000000.0,7199.557856794634,51.833633333333346,a
1567,1568,m1047432,p903360,0.00011639526677980639,0.0,0.0,0.0,0.0,0.0,0.00024202188230421808,0.0,0.0,0.0,0.0,0.0,line,ln5472362-1,,1000000.0,7199.557856794634,51.833633333333346,a
1568,1569,p903360,m1047430,1.0869066970030396e-05,0.0,0.0,0.0,0.0,0.0,2.2600163389408032e-05,0.0,0.0,0.0,0.0,0.0,line,ln6413566-1,,1000000.0,7199.557856794634,51.833633333333346,a
1569,1570,m1047430,l2916234,0.00018663706010704756,0.0,0.0,0.0,0.0,0.0,0.000388076369808792,0.0,0.0,0.0,0.0,0.0,line,ln5479790-1,,1000000.0,7199.557856794634,51.833633333333346,a
1570,1571,l2916234,m1047423,0.0002900372764402006,0.0,0.0,0.0,0.0,0.0,0.0006030775092877274,0.0,0.0,0.0,0.0,0.0,line,ln5479790-2,,1000000.0,7199.557856794634,51.833633333333346,a
1571,1572,m1047423,m1047420,5.6468797299565456e-05,0.0,0.0,0.0,0.0,0.0,0.00011741615438495851,0.0,0.0,0.0,0.0,0.0,line,ln5835142-1,,1000000.0,7199.557856794634,51.833633333333346,a
1572,1573,m1047420,l2820556,0.00014954984054754662,0.0,0.0,0.0,0.0,0.0,0.0003109605305178297,0.0,0.0,0.0,0.0,0.0,line,ln6411377-1,,1000000.0,7199.557856794634,51.833633333333346,a
1573,1574,l2820556,m1047410,4.418718636355159e-05,0.0,0.0,0.0,0.0,0.0,9.187887371455726e-05,0.0,0.0,0.0,0.0,0.0,line,ln6017297-1,,1000000.0,7199.557856794634,51.833633333333346,a
1574,1575,m1047410,m1047409,0.00010466341209600714,0.0,0.0,0.0,0.0,0.0,0.00021762771549618034,0.0,0.0,0.0,0.0,0.0,line,ln5623402-1,,1000000.0,7199.557856794634,51.833633333333346,a
1575,1576,m1047409,l2841648,0.00014273294045243467,0.0,0.0,0.0,0.0,0.0,0.00029678607963040725,0.0,0.0,0.0,0.0,0.0,line,ln6138636-1,,1000000.0,7199.557856794634,51.833633333333346,a
1576,1577,l2841648,l2710544,0.000102548698830682,0.0,0.0,0.0,0.0,0.0,0.00021323057032724563,0.0,0.0,0.0,0.0,0.0,line,ln5623428-1,,1000000.0,7199.557856794634,51.833633333333346,a
1575,1578,m1047409,l3082992,7.399885902911171e-05,0.0,0.0,0.0,0.0,0.0,0.0001538665930846702,0.0,0.0,0.0,0.0,0.0,line,ln5682375-1,,1000000.0,7199.557856794634,51.833633333333346,a
1578,1579,l3082992,m1047406,6.668638742283805e-05,0.0,0.0,0.0,0.0,0.0,0.0001386616952274874,0.0,0.0,0.0,0.0,0.0,line,ln6167748-1,,1000000.0,7199.557856794634,51.833633333333346,a
1579,1580,m1047406,l2691947,7.341527535853488e-05,0.0,0.0,0.0,0.0,0.0,0.00015265314152136737,0.0,0.0,0.0,0.0,0.0,line,ln6108134-1,,1000000.0,7199.557856794634,51.833633333333346,a
1579,1581,m1047406,l3216348,3.271354954215698e-05,0.0,0.0,0.0,0.0,0.0,6.802162197903676e-05,0.0,0.0,0.0,0.0,0.0,line,ln5472359-1,,1000000.0,7199.557856794634,51.833633333333346,a
1581,1582,l3216348,l2841627,0.00021072176572611476,0.0,0.0,0.0,0.0,0.0,0.00043815594735464544,0.0,0.0,0.0,0.0,0.0,line,ln6320339-1,,1000000.0,7199.557856794634,51.833633333333346,a
1582,1583,l2841627,l3254216,0.0001196221592286604,0.0,0.0,0.0,0.0,0.0,0.00024873159315476627,0.0,0.0,0.0,0.0,0.0,line,ln6017298-1,,1000000.0,7199.557856794634,51.833633333333346,a
1583,1584,l3254216,m1047401,3.7512261613919915e-05,0.0,0.0,0.0,0.0,0.0,7.799963363170244e-05,0.0,0.0,0.0,0.0,0.0,line,ln6388581-1,,1000000.0,7199.557856794634,51.833633333333346,a
1584,1585,m1047401,m1047403,4.9452865854795685e-05,0.0,0.0,0.0,0.0,0.0,0.00010282785555324757,0.0,0.0,0.0,0.0,0.0,line,ln5691535-1,,1000000.0,7199.557856794634,51.833633333333346,a
1585,1586,m1047403,m1047404,7.673897279051116e-05,0.0,0.0,0.0,0.0,0.0,0.00015956413997475255,0.0,0.0,0.0,0.0,0.0,line,ln6207101-1,,1000000.0,7199.557856794634,51.833633333333346,a
1586,1587,m1047404,l3091052,6.957586281494189e-05,0.0,0.0,0.0,0.0,0.0,0.00014466981130141366,0.0,0.0,0.0,0.0,0.0,line,ln5480058-1,,1000000.0,7199.557856794634,51.833633333333346,a
1584,1588,m1047401,l2748132,6.272494060162995e-05,0.0,0.0,0.0,0.0,0.0,0.00013042461787166504,0.0,0.0,0.0,0.0,0.0,line,ln6388581-2,,1000000.0,7199.557856794634,51.833633333333346,a
1588,1589,l2748132,l2689726,0.0002867717013856511,0.0,0.0,0.0,0.0,0.0,0.0005962873652949917,0.0,0.0,0.0,0.0,0.0,line,ln6440070-1,,1000000.0,7199.557856794634,51.833633333333346,a
1589,1590,l2689726,m1047400,0.00015228053934092983,0.0,0.0,0.0,0.0,0.0,0.0003166385007675196,0.0,0.0,0.0,0.0,0.0,line,ln5647724-1,,1000000.0,7199.557856794634,51.833633333333346,a
1572,1591,m1047420,m1047419,1.4114216445049511e-05,0.0,0.0,0.0,0.0,0.0,2.934783626332709e-05,0.0,0.0,0.0,0.0,0.0,line,ln6195664-1,,1000000.0,7199.557856794634,51.833633333333346,a
1591,1592,m1047419,l2973157,5.3703626564219234e-05,0.0,0.0,0.0,0.0,0.0,0.0001116665062697386,0.0,0.0,0.0,0.0,0.0,line,ln6316403-1,,1000000.0,7199.557856794634,51.833633333333346,a
1567,1593,m1047432,l2879075,5.4119258126480295e-05,0.0,0.0,0.0,0.0,0.0,0.00011253073327678487,0.0,0.0,0.0,0.0,0.0,line,ln5895779-1,,1000000.0,7199.557856794634,51.833633333333346,a
1593,1594,l2879075,l3251830,6.652874769213554e-05,0.0,0.0,0.0,0.0,0.0,0.0001383339133046818,0.0,0.0,0.0,0.0,0.0,line,ln5894312-1,,1000000.0,7199.557856794634,51.833633333333346,a
1567,1595,m1047432,m1047433,5.129235299602767e-05,0.0,0.0,0.0,0.0,0.0,0.00010665272019518856,0.0,0.0,0.0,0.0,0.0,line,ln5502534-1,,1000000.0,7199.557856794634,51.833633333333346,a
1595,1596,m1047433,m1047434,0.0001023517185431081,0.0,0.0,0.0,0.0,0.0,0.0002128209871775661,0.0,0.0,0.0,0.0,0.0,line,ln5472363-1,,1000000.0,7199.557856794634,51.833633333333346,a
1596,1597,m1047434,m1047435,9.384502750787935e-05,0.0,0.0,0.0,0.0,0.0,0.00019513293650776293,0.0,0.0,0.0,0.0,0.0,line,ln5472364-1,,1000000.0,7199.557856794634,51.833633333333346,a
1597,1598,m1047435,l2970841,5.1542322970477973e-05,0.0,0.0,0.0,0.0,0.0,0.00010717248534895937,0.0,0.0,0.0,0.0,0.0,line,ln5863824-1,,1000000.0,7199.557856794634,51.833633333333346,a
1565,1599,m1026646,n1139549,5.7998679248801766e-05,0.0,0.0,0.0,0.0,0.0,0.00012059725374837057,0.0,0.0,0.0,0.0,0.0,line,ln6259994-3,,1000000.0,7199.557856794634,51.833633333333346,a
1599,1600,n1139549,l2879074,4.918520840715391e-05,0.0,0.0,0.0,0.0,0.0,0.00010227131265349588,0.0,0.0,0.0,0.0,0.0,line,ln6259994-2,,1000000.0,7199.557856794634,51.833633333333346,a
1600,1601,l2879074,l3122820,8.286716361127168e-05,0.0,0.0,0.0,0.0,0.0,0.00017230655054343734,0.0,0.0,0.0,0.0,0.0,line,ln5714050-1,,1000000.0,7199.557856794634,51.833633333333346,a
1601,1602,l3122820,l3141398,6.64762593013931e-05,0.0,0.0,0.0,0.0,0.0,0.00013822477365082772,0.0,0.0,0.0,0.0,0.0,line,ln5774460-1,,1000000.0,7199.557856794634,51.833633333333346,a
1562,1603,m3036169,n1139550,2.617127021129781e-05,0.0,0.0,0.0,0.0,0.0,5.4418192887629574e-05,0.0,0.0,0.0,0.0,0.0,line,ln6017301-4,,1000000.0,7199.557856794634,51.833633333333346,a
1603,1604,n1139550,l3197639,2.7171855056787444e-05,0.0,0.0,0.0,0.0,0.0,5.6498719307733894e-05,0.0,0.0,0.0,0.0,0.0,line,ln6017301-3,,1000000.0,7199.557856794634,51.833633333333346,a
1560,1605,m1026648,l2973159,0.00010841552078476714,0.0,0.0,0.0,0.0,0.0,0.00022542951390763647,0.0,0.0,0.0,0.0,0.0,line,ln5653462-1,,1000000.0,7199.557856794634,51.833633333333346,a
1556,1606,m1026660,l3160106,0.0003802489509707017,0.0,0.0,0.0,0.0,0.0,0.0007906555773632176,0.0,0.0,0.0,0.0,0.0,line,ln5895781-1,,1000000.0,7199.557856794634,51.833633333333346,a
1453,1607,m1026744,n1140817,5.591948529686963e-05,2.2869246024942596e-05,2.2869246024942596e-05,5.591948529686963e-05,2.2869246024942596e-05,5.591948529686963e-05,0.0001226847675042395,5.396306308709467e-05,5.396306308709467e-05,0.0001226847675042395,5.396306308709467e-05,0.0001226847675042395,line,ln5926310-2,,1000000.0,7199.557856794634,51.833633333333346,abc
1607,1608,n1140817,l3235258,2.9895001559476483e-05,1.2226080800818501e-05,1.2226080800818501e-05,2.9895001559476483e-05,1.2226080800818501e-05,2.9895001559476483e-05,6.558825240239766e-05,2.884908268698123e-05,2.884908268698123e-05,6.558825240239766e-05,2.884908268698123e-05,6.558825240239766e-05,line,ln5926310-3,,1000000.0,7199.557856794634,51.833633333333346,abc
1436,1609,m1026783,n1140524,3.281041047350851e-05,0.0,0.0,0.0,0.0,0.0,6.822302591560561e-05,0.0,0.0,0.0,0.0,0.0,line,ln6259999-2,,1000000.0,7199.557856794634,51.833633333333346,a
1609,1610,n1140524,l3197641,0.00013153944536655412,0.0,0.0,0.0,0.0,0.0,0.0002735113295035591,0.0,0.0,0.0,0.0,0.0,line,ln6259999-3,,1000000.0,7199.557856794634,51.833633333333346,a
1610,1611,l3197641,l2973161,0.00014589047947632456,0.0,0.0,0.0,0.0,0.0,0.00030335158318697825,0.0,0.0,0.0,0.0,0.0,line,ln5502539-1,,1000000.0,7199.557856794634,51.833633333333346,a
457,1612,m1047534,n1136660,1.1116848249752894e-05,0.0,0.0,0.0,0.0,0.0,2.3115377567589635e-05,0.0,0.0,0.0,0.0,0.0,line,ln5532752-2,,1000000.0,7199.557856794634,51.833633333333346,a
1612,1613,n1136660,l3010568,4.4327906230767787e-05,0.0,0.0,0.0,0.0,0.0,9.217147399018267e-05,0.0,0.0,0.0,0.0,0.0,line,ln5532752-3,,1000000.0,7199.557856794634,51.833633333333346,a
450,1614,m1047568,p827527,3.0176364921360566e-05,1.2341149240936855e-05,1.2341149240936855e-05,3.0176364921360566e-05,1.2341149240936855e-05,3.0176364921360566e-05,6.620555062060733e-05,2.912060215407113e-05,2.912060215407113e-05,6.620555062060733e-05,2.912060215407113e-05,6.620555062060733e-05,line,ln6383059-1,,1000000.0,7199.557856794634,51.833633333333346,abc
1614,1615,p827527,n1136658,1.1627439614818943e-05,4.755243646821331e-06,4.755243646821331e-06,1.1627439614818943e-05,4.755243646821331e-06,1.1627439614818943e-05,2.5510065377756646e-05,1.122063720981679e-05,1.122063720981679e-05,2.5510065377756646e-05,1.122063720981679e-05,2.5510065377756646e-05,line,ln5716230-2,,1000000.0,7199.557856794634,51.833633333333346,abc
1615,1616,n1136658,m1047566,8.12114000523469e-05,3.321281442358208e-05,3.321281442358208e-05,8.12114000523469e-05,3.321281442358208e-05,8.12114000523469e-05,0.00017817406010125982,7.837010446627638e-05,7.837010446627638e-05,0.00017817406010125982,7.837010446627638e-05,0.00017817406010125982,line,ln5716230-3,,1000000.0,7199.557856794634,51.833633333333346,abc
1616,1617,m1047566,n1137995,6.8202692974767335e-06,0.0,0.0,0.0,0.0,0.0,1.4181456504753346e-05,0.0,0.0,0.0,0.0,0.0,line,ln6047575-2,,1000000.0,7199.557856794634,51.833633333333346,a
1617,1618,n1137995,l3141401,2.8645504559780676e-05,0.0,0.0,0.0,0.0,0.0,5.956289396395775e-05,0.0,0.0,0.0,0.0,0.0,line,ln6047575-3,,1000000.0,7199.557856794634,51.833633333333346,a
435,1619,m1069504,l3197654,5.074759963447156e-05,0.0,0.0,0.0,0.0,0.0,0.00010552000889512534,0.0,0.0,0.0,0.0,0.0,line,ln6138623-1,,1000000.0,7199.557856794634,51.833633333333346,a
256,1620,m1089213,p895089,0.0,0.0,0.0,0.0,0.0,1.0464049905820479e-05,0.0,0.0,0.0,0.0,0.0,2.175800721796465e-05,line,ln5861081-1,,1000000.0,7199.557856794634,51.833633333333346,c
1620,1621,p895089,l3235242,0.0,0.0,0.0,0.0,0.0,6.770523265138656e-05,0.0,0.0,0.0,0.0,0.0,0.00014078019065098655,line,ln6134414-1,,1000000.0,7199.557856794634,51.833633333333346,c
1621,1622,l3235242,m1089195,0.0,0.0,0.0,0.0,0.0,0.00015399085432946043,0.0,0.0,0.0,0.0,0.0,0.00032019477641608495,line,ln5623391-1,,1000000.0,7199.557856794634,51.833633333333346,c
1622,1623,m1089195,l3141393,0.0,0.0,0.0,0.0,0.0,0.00012614531993062418,0.0,0.0,0.0,0.0,0.0,0.0002622952686833323,line,ln6047556-1,,1000000.0,7199.557856794634,51.833633333333346,c
253,1624,m1089203,p895087,7.126020775442456e-06,0.0,0.0,0.0,0.0,0.0,1.4817208715833796e-05,0.0,0.0,0.0,0.0,0.0,line,ln6103924-1,,1000000.0,7199.557856794634,51.833633333333346,a
1624,1625,p895087,m1089205,9.26058335353686e-06,0.0,0.0,0.0,0.0,0.0,1.9255626766147332e-05,0.0,0.0,0.0,0.0,0.0,line,ln5621858-1,,1000000.0,7199.557856794634,51.833633333333346,a
1625,1626,m1089205,n1134472,1.6165193487626114e-05,0.0,0.0,0.0,0.0,0.0,3.361245404496051e-05,0.0,0.0,0.0,0.0,0.0,line,ln6167732-2,,1000000.0,7199.557856794634,51.833633333333346,a
1626,1627,n1134472,l2973148,0.0002155135077674791,0.0,0.0,0.0,0.0,0.0,0.00044811946615099966,0.0,0.0,0.0,0.0,0.0,line,ln6167732-3,,1000000.0,7199.557856794634,51.833633333333346,a
1625,1628,m1089205,m1089200,6.862745305011094e-05,0.0,0.0,0.0,0.0,0.0,0.00014269777306626517,0.0,0.0,0.0,0.0,0.0,line,ln6015794-1,,1000000.0,7199.557856794634,51.833633333333346,a
1628,1629,m1089200,l2916602,3.004471158687827e-05,0.0,0.0,0.0,0.0,0.0,6.247227960995723e-05,0.0,0.0,0.0,0.0,0.0,line,ln6169244-1,,1000000.0,7199.557856794634,51.833633333333346,a
248,1630,m1089197,p827498,1.3484728371347043e-05,0.0,0.0,0.0,0.0,0.0,2.8038935199731957e-05,0.0,0.0,0.0,0.0,0.0,line,ln5867448-1,,1000000.0,7199.557856794634,51.833633333333346,a
1630,1631,p827498,n1136032,3.592683761958934e-05,0.0,0.0,0.0,0.0,0.0,7.470304511935299e-05,0.0,0.0,0.0,0.0,0.0,line,ln5958700-2,,1000000.0,7199.557856794634,51.833633333333346,a
1631,1632,n1136032,m1089204,0.0001041945021540068,0.0,0.0,0.0,0.0,0.0,0.00021665270620298654,0.0,0.0,0.0,0.0,0.0,line,ln5958700-3,,1000000.0,7199.557856794634,51.833633333333346,a
1632,1633,m1089204,l3157167,6.017127431416795e-05,0.0,0.0,0.0,0.0,0.0,0.00012511475314290783,0.0,0.0,0.0,0.0,0.0,line,ln5620694-1,,1000000.0,7199.557856794634,51.833633333333346,a
1633,1634,l3157167,l2785511,0.00014032413420115252,0.0,0.0,0.0,0.0,0.0,0.0002917774238734309,0.0,0.0,0.0,0.0,0.0,line,ln5499793-1,,1000000.0,7199.557856794634,51.833633333333346,a
1632,1635,m1089204,l3010557,4.9146475448052056e-05,0.0,0.0,0.0,0.0,0.0,0.00010219077481094962,0.0,0.0,0.0,0.0,0.0,line,ln5774449-1,,1000000.0,7199.557856794634,51.833633333333346,a
236,1636,m1108534,p901934,7.12116894500289e-06,0.0,0.0,0.0,0.0,0.0,1.4807120254609456e-05,0.0,0.0,0.0,0.0,0.0,line,ln5863718-1,,1000000.0,7199.557856794634,51.833633333333346,a
1636,1637,p901934,n1140517,1.6008554111262377e-05,0.0,0.0,0.0,0.0,0.0,3.328675216928004e-05,0.0,0.0,0.0,0.0,0.0,line,ln5621857-2,,1000000.0,7199.557856794634,51.833633333333346,a
1637,1638,n1140517,l3157718,0.00011329445926036439,0.0,0.0,0.0,0.0,0.0,0.0002355743411517232,0.0,0.0,0.0,0.0,0.0,line,ln5621857-3,,1000000.0,7199.557856794634,51.833633333333346,a
207,1639,m1108505,p901946,4.118570709237052e-06,0.0,0.0,0.0,0.0,0.0,8.56378668162049e-06,0.0,0.0,0.0,0.0,0.0,line,ln5500985-1,,1000000.0,7199.557856794634,51.833633333333346,a
1639,1640,p901946,n1142105,3.960755301094719e-06,0.0,0.0,0.0,0.0,0.0,8.23563947089695e-06,0.0,0.0,0.0,0.0,0.0,line,ln5500984-4,,1000000.0,7199.557856794634,51.833633333333346,a
1640,1641,n1142105,l3027122,1.2954626732063928e-05,0.0,0.0,0.0,0.0,0.0,2.693668937736051e-05,0.0,0.0,0.0,0.0,0.0,line,ln5500984-3,,1000000.0,7199.557856794634,51.833633333333346,a
1641,1642,l3027122,m1108506,8.05376326439268e-06,0.0,0.0,0.0,0.0,0.0,1.674627327044409e-05,0.0,0.0,0.0,0.0,0.0,line,ln5500984-1,,1000000.0,7199.557856794634,51.833633333333346,a
1642,1643,m1108506,m1108501,8.831082113351111e-05,0.0,0.0,0.0,0.0,0.0,0.00018362560394312826,0.0,0.0,0.0,0.0,0.0,line,ln5565240-1,,1000000.0,7199.557856794634,51.833633333333346,a
1643,1644,m1108501,m1108499,6.419312060573281e-05,0.0,0.0,0.0,0.0,0.0,0.00013347741974226512,0.0,0.0,0.0,0.0,0.0,line,ln6137015-1,,1000000.0,7199.557856794634,51.833633333333346,a
1644,1645,m1108499,m1108507,6.957649614889687e-05,0.0,0.0,0.0,0.0,0.0,0.00014467112819925798,0.0,0.0,0.0,0.0,0.0,line,ln6417942-1,,1000000.0,7199.557856794634,51.833633333333346,a
1645,1646,m1108507,l3108449,6.957611346300889e-05,0.0,0.0,0.0,0.0,0.0,0.00014467033247653226,0.0,0.0,0.0,0.0,0.0,line,ln6206103-1,,1000000.0,7199.557856794634,51.833633333333346,a
1644,1647,m1108499,l3065665,4.055436713228026e-05,0.0,0.0,0.0,0.0,0.0,8.432511510608616e-05,0.0,0.0,0.0,0.0,0.0,line,ln5833633-4,,1000000.0,7199.557856794634,51.833633333333346,a
1647,1648,l3065665,l3235946,0.00012146287834990022,0.0,0.0,0.0,0.0,0.0,0.00025255901946548214,0.0,0.0,0.0,0.0,0.0,line,ln5775433-3,,1000000.0,7199.557856794634,51.833633333333346,a
1648,1649,l3235946,m1126005,0.0001956122302829115,0.0,0.0,0.0,0.0,0.0,0.00040673853400205386,0.0,0.0,0.0,0.0,0.0,line,ln5836089-1,,1000000.0,7199.557856794634,51.833633333333346,a
1649,1650,m1126005,l2767342,7.792882713862105e-05,0.0,0.0,0.0,0.0,0.0,0.00016203821642961548,0.0,0.0,0.0,0.0,0.0,line,ln6381764-1,,1000000.0,7199.557856794634,51.833633333333346,a
1650,1651,l2767342,l2748780,5.470473956099289e-05,0.0,0.0,0.0,0.0,0.0,0.0001137481308802714,0.0,0.0,0.0,0.0,0.0,line,ln5503479-1,,1000000.0,7199.557856794634,51.833633333333346,a
1651,1652,l2748780,l2823544,7.745089274724455e-05,0.0,0.0,0.0,0.0,0.0,0.00016104444250547744,0.0,0.0,0.0,0.0,0.0,line,ln6291152-1,,1000000.0,7199.557856794634,51.833633333333346,a
1652,1653,l2823544,m1126016,3.459697170884541e-05,0.0,0.0,0.0,0.0,0.0,7.193784117390959e-05,0.0,0.0,0.0,0.0,0.0,line,ln6379357-1,,1000000.0,7199.557856794634,51.833633333333346,a
1653,1654,m1126016,l3120534,3.9766787266183015e-05,0.0,0.0,0.0,0.0,0.0,8.268749214313227e-05,0.0,0.0,0.0,0.0,0.0,line,ln5531333-1,,1000000.0,7199.557856794634,51.833633333333346,a
1654,1655,l3120534,m1126020,0.00011641680684806323,0.0,0.0,0.0,0.0,0.0,0.00024206667079097283,0.0,0.0,0.0,0.0,0.0,line,ln5501092-1,,1000000.0,7199.557856794634,51.833633333333346,a
1655,1656,m1126020,m1126025,0.00014177505081964154,0.0,0.0,0.0,0.0,0.0,0.0002947943298077374,0.0,0.0,0.0,0.0,0.0,line,ln5651997-1,,1000000.0,7199.557856794634,51.833633333333346,a
1656,1657,m1126025,l2823545,6.222215400682567e-05,0.0,0.0,0.0,0.0,0.0,0.00012937916850384786,0.0,0.0,0.0,0.0,0.0,line,ln5775367-1,,1000000.0,7199.557856794634,51.833633333333346,a
1655,1658,m1126020,m1126023,3.214976371197851e-05,0.0,0.0,0.0,0.0,0.0,6.684933627007946e-05,0.0,0.0,0.0,0.0,0.0,line,ln5712496-1,,1000000.0,7199.557856794634,51.833633333333346,a
1658,1659,m1126023,m1126017,8.591934428675331e-05,0.0,0.0,0.0,0.0,0.0,0.0001786529813962491,0.0,0.0,0.0,0.0,0.0,line,ln6291153-1,,1000000.0,7199.557856794634,51.833633333333346,a
1659,1660,m1126017,l2748781,5.1428238936237654e-05,0.0,0.0,0.0,0.0,0.0,0.00010693526923638382,0.0,0.0,0.0,0.0,0.0,line,ln6018242-1,,1000000.0,7199.557856794634,51.833633333333346,a
1655,1661,m1126020,l3101782,8.469515451035974e-05,0.0,0.0,0.0,0.0,0.0,0.00017610751093016179,0.0,0.0,0.0,0.0,0.0,line,ln5742826-1,,1000000.0,7199.557856794634,51.833633333333346,a
1653,1662,m1126016,l3195321,7.47087648495925e-05,0.0,0.0,0.0,0.0,0.0,0.00015534270760104922,0.0,0.0,0.0,0.0,0.0,line,ln5531242-1,,1000000.0,7199.557856794634,51.833633333333346,a
1649,1663,m1126005,l3011229,9.010269409373191e-05,0.0,0.0,0.0,0.0,0.0,0.00018735146392593225,0.0,0.0,0.0,0.0,0.0,line,ln6351417-1,,1000000.0,7199.557856794634,51.833633333333346,a
200,1664,m1108490,p829798,1.0286201674716994e-05,0.0,0.0,0.0,0.0,0.0,2.1388205551221886e-05,0.0,0.0,0.0,0.0,0.0,line,ln6292600-1,,1000000.0,7199.557856794634,51.833633333333346,a
1664,1665,p829798,m1108489,2.9074728184852946e-07,0.0,0.0,0.0,0.0,0.0,6.045538308781491e-07,0.0,0.0,0.0,0.0,0.0,line,ln5837496-1,,1000000.0,7199.557856794634,51.833633333333346,a
1665,1666,m1108489,n1142101,1.6135875496540533e-05,0.0,0.0,0.0,0.0,0.0,3.355149284280669e-05,0.0,0.0,0.0,0.0,0.0,line,ln5837496-3,,1000000.0,7199.557856794634,51.833633333333346,a
1666,1667,n1142101,l2936214,4.134262732884503e-05,0.0,0.0,0.0,0.0,0.0,8.596415268721914e-05,0.0,0.0,0.0,0.0,0.0,line,ln5837496-4,,1000000.0,7199.557856794634,51.833633333333346,a
1665,1668,m1108489,m1108492,2.7508478767647e-05,0.0,0.0,0.0,0.0,0.0,5.719866447203842e-05,0.0,0.0,0.0,0.0,0.0,line,ln5533710-1,,1000000.0,7199.557856794634,51.833633333333346,a
1668,1669,m1108492,n1142102,8.183601201021986e-06,0.0,0.0,0.0,0.0,0.0,1.7016246635228473e-05,0.0,0.0,0.0,0.0,0.0,line,ln5503478-2,,1000000.0,7199.557856794634,51.833633333333346,a
1669,1670,n1142102,l2804956,5.878072583502732e-05,0.0,0.0,0.0,0.0,0.0,0.00012222337130524645,0.0,0.0,0.0,0.0,0.0,line,ln5503478-3,,1000000.0,7199.557856794634,51.833633333333346,a
196,1671,m1108484,p829797,9.893559239850057e-06,0.0,0.0,0.0,0.0,0.0,2.0571780074584772e-05,0.0,0.0,0.0,0.0,0.0,line,ln5565229-1,,1000000.0,7199.557856794634,51.833633333333346,a
1671,1672,p829797,m1108483,6.530756233565207e-06,0.0,0.0,0.0,0.0,0.0,1.3579468995999377e-05,0.0,0.0,0.0,0.0,0.0,line,ln6262430-1,,1000000.0,7199.557856794634,51.833633333333346,a
1672,1673,m1108483,n1142098,7.525957740437513e-06,0.0,0.0,0.0,0.0,0.0,1.5648801784426964e-05,0.0,0.0,0.0,0.0,0.0,line,ln5805676-2,,1000000.0,7199.557856794634,51.833633333333346,a
1673,1674,n1142098,l2936212,5.799897353648756e-05,0.0,0.0,0.0,0.0,0.0,0.0001205978656638,0.0,0.0,0.0,0.0,0.0,line,ln5805676-3,,1000000.0,7199.557856794634,51.833633333333346,a
1672,1675,m1108483,m1108486,3.554110479103336e-05,0.0,0.0,0.0,0.0,0.0,7.390098685859695e-05,0.0,0.0,0.0,0.0,0.0,line,ln5594151-1,,1000000.0,7199.557856794634,51.833633333333346,a
1675,1676,m1108486,l3067447,1.5794553253389528e-05,0.0,0.0,0.0,0.0,0.0,3.284177797170305e-05,0.0,0.0,0.0,0.0,0.0,line,ln6230695-1,,1000000.0,7199.557856794634,51.833633333333346,a
185,1677,m1125994,l2730149,4.195463112560761e-05,1.7158076044575927e-05,1.7158076044575927e-05,4.195463112560761e-05,1.7158076044575927e-05,4.195463112560761e-05,9.204652256803655e-05,4.048678907196035e-05,4.048678907196035e-05,9.204652256803655e-05,4.048678907196035e-05,9.204652256803655e-05,line,ln5503546-1,,1000000.0,7199.557856794634,51.833633333333346,abc
185,1678,m1125994,d5867591-1_int,6.462209203933863e-06,2.6428328401957773e-06,2.6428328401957773e-06,6.462209203933863e-06,2.6428328401957773e-06,6.462209203933863e-06,1.4177788467462243e-05,6.23611968355167e-06,6.23611968355167e-06,1.4177788467462243e-05,6.23611968355167e-06,1.4177788467462243e-05,line,ln5867591-1,,1000000.0,7199.557856794634,51.833633333333346,abc
1678,1679,d5867591-1_int,e183472,1.9292492840877444e-05,0.0,0.0,1.9292492840877444e-05,0.0,1.9292492840877444e-05,1.9292492840877444e-05,0.0,0.0,1.9292492840877444e-05,0.0,1.9292492840877444e-05,switch,v7041_48332_sw,CLOSED,1000000.0,7199.557856794634,51.833633333333346,abc
1679,1680,e183472,l2989566,0.00029560862333272646,0.00012089428753145466,0.00012089428753145466,0.00029560862333272646,0.00012089428753145466,0.00029560862333272646,0.000648551663758859,0.00028526633793759387,0.00028526633793759387,0.000648551663758859,0.00028526633793759387,0.000648551663758859,line,ln5985361-1,,1000000.0,7199.557856794634,51.833633333333346,abc
1680,1681,l2989566,m1108378,0.0001635603778396137,6.689086104582025e-05,6.689086104582025e-05,0.0001635603778396137,6.689086104582025e-05,0.0001635603778396137,0.00035884391320178846,0.00015783798690296967,0.00015783798690296967,0.00035884391320178846,0.00015783798690296967,0.00035884391320178846,line,ln6318768-1,,1000000.0,7199.557856794634,51.833633333333346,abc
1681,1682,m1108378,p904451,0.00012956821974497893,0.0,0.0,0.0,0.0,0.0,7.313341687228817e-05,0.0,0.0,0.0,0.0,0.0,line,ln81048088-1,,1000000.0,7199.557856794634,51.833633333333346,a
1682,1683,p904451,221-282819,0.00010177311064184191,0.0,0.0,0.0,0.0,0.0,5.744476030934867e-05,0.0,0.0,0.0,0.0,0.0,line,ln81048102-5,,1000000.0,7199.557856794634,51.833633333333346,a
1683,1684,221-282819,n1230122,0.00010380902760354438,0.0,0.0,0.0,0.0,0.0,5.859391219374291e-05,0.0,0.0,0.0,0.0,0.0,line,ln81048102-6,,1000000.0,7199.557856794634,51.833633333333346,a
1684,1685,n1230122,l3233412,0.0023493329140230053,0.0,0.0,0.0,0.0,0.0,0.0013260562174212493,0.0,0.0,0.0,0.0,0.0,line,ln81048102-4,,1000000.0,7199.557856794634,51.833633333333346,a
1685,1686,l3233412,m1108413,0.0003193631165435698,0.0,0.0,0.0,0.0,0.0,0.00018026114723027322,0.0,0.0,0.0,0.0,0.0,line,ln81048102-2,,1000000.0,7199.557856794634,51.833633333333346,a
1686,1687,m1108413,m1108460,0.0027028729609248556,0.0,0.0,0.0,0.0,0.0,0.0015256081730011847,0.0,0.0,0.0,0.0,0.0,line,ln81048089-1,,1000000.0,7199.557856794634,51.833633333333346,a
1687,1688,m1108460,l2821087,0.0007796515559909554,0.0,0.0,0.0,0.0,0.0,0.00044006610858465757,0.0,0.0,0.0,0.0,0.0,line,ln81048106-1,,1000000.0,7199.557856794634,51.833633333333346,a
1688,1689,l2821087,l2990098,0.001817195985381499,0.0,0.0,0.0,0.0,0.0,0.0010256971331328627,0.0,0.0,0.0,0.0,0.0,line,ln81048106-2,,1000000.0,7199.557856794634,51.833633333333346,a
1689,1690,l2990098,m1108462,0.0009121606947423968,0.0,0.0,0.0,0.0,0.0,0.0005148594962129736,0.0,0.0,0.0,0.0,0.0,line,ln81048106-3,,1000000.0,7199.557856794634,51.833633333333346,a
1690,1691,m1108462,l3027671,0.002201289957338253,0.0,0.0,0.0,0.0,0.0,0.0012424949298806627,0.0,0.0,0.0,0.0,0.0,line,ln81048108-1,,1000000.0,7199.557856794634,51.833633333333346,a
1691,1692,l3027671,m1108423,0.0024742393658706793,0.0,0.0,0.0,0.0,0.0,0.00139655834850705,0.0,0.0,0.0,0.0,0.0,line,ln81048108-2,,1000000.0,7199.557856794634,51.833633333333346,a
1692,1693,m1108423,l2802481,0.0007619827494858742,0.0,0.0,0.0,0.0,0.0,0.00043009313686122704,0.0,0.0,0.0,0.0,0.0,line,ln81048110-1,,1000000.0,7199.557856794634,51.833633333333346,a
1693,1694,l2802481,l3214549,0.0016468093557509564,0.0,0.0,0.0,0.0,0.0,0.0009295241947475028,0.0,0.0,0.0,0.0,0.0,line,ln81048110-2,,1000000.0,7199.557856794634,51.833633333333346,a
1694,1695,l3214549,m1108393,0.00014804069959111488,0.0,0.0,0.0,0.0,0.0,8.356001354785727e-05,0.0,0.0,0.0,0.0,0.0,line,ln81048110-3,,1000000.0,7199.557856794634,51.833633333333346,a
1695,1696,m1108393,193-51796,3.324826583186334e-05,0.0,0.0,0.0,0.0,0.0,1.8766633439497774e-05,0.0,0.0,0.0,0.0,0.0,line,ln81048093-1,,1000000.0,7199.557856794634,51.833633333333346,a
1681,1697,m1108378,m1108379,2.0065599064699934e-05,8.20617570444929e-06,8.20617570444929e-06,2.0065599064699934e-05,8.20617570444929e-06,2.0065599064699934e-05,4.402299740451662e-05,1.9363575727857523e-05,1.9363575727857523e-05,4.402299740451662e-05,1.9363575727857523e-05,4.402299740451662e-05,line,ln6077443-1,,1000000.0,7199.557856794634,51.833633333333346,abc
1697,1698,m1108379,m1108380,7.60133087332613e-05,3.1086964577053864e-05,3.1086964577053864e-05,7.60133087332613e-05,3.1086964577053864e-05,7.60133087332613e-05,0.00016676968787640453,7.335387571711803e-05,7.335387571711803e-05,0.00016676968787640453,7.335387571711803e-05,0.00016676968787640453,line,ln6411005-1,,1000000.0,7199.557856794634,51.833633333333346,abc
1698,1699,m1108380,p904452,0.0,0.0,0.0,0.00012102388077599548,0.0,0.0,0.0,0.0,0.0,6.831065474013331e-05,0.0,0.0,line,ln81048087-1,,1000000.0,7199.557856794634,51.833633333333346,b
1699,1700,p904452,221-282818,0.0,0.0,0.0,0.00011743138323825776,0.0,0.0,0.0,0.0,0.0,6.628290734530795e-05,0.0,0.0,line,ln81048100-6,,1000000.0,7199.557856794634,51.833633333333346,b
1700,1701,221-282818,n1230123,0.0,0.0,0.0,0.00012004439464120141,0.0,0.0,0.0,0.0,0.0,6.77577941084328e-05,0.0,0.0,line,ln81048100-7,,1000000.0,7199.557856794634,51.833633333333346,b
1701,1702,n1230123,l2708744,0.0,0.0,0.0,0.001032403380609874,0.0,0.0,0.0,0.0,0.0,0.0005827292137154446,0.0,0.0,line,ln81048100-5,,1000000.0,7199.557856794634,51.833633333333346,b
1702,1703,l2708744,l2690187,0.0,0.0,0.0,0.0017632264529107158,0.0,0.0,0.0,0.0,0.0,0.0009952345989994397,0.0,0.0,line,ln81048100-2,,1000000.0,7199.557856794634,51.833633333333346,b
1703,1704,l2690187,m1108412,0.0,0.0,0.0,0.0016571442360020293,0.0,0.0,0.0,0.0,0.0,0.0009353576090462754,0.0,0.0,line,ln81048100-3,,1000000.0,7199.557856794634,51.833633333333346,b
1704,1705,m1108412,l3027670,0.0,0.0,0.0,0.0011073668070297469,0.0,0.0,0.0,0.0,0.0,0.0006250415301563912,0.0,0.0,line,ln81048103-1,,1000000.0,7199.557856794634,51.833633333333346,b
1705,1706,l3027670,m1108459,0.0,0.0,0.0,0.0026649676633921726,0.0,0.0,0.0,0.0,0.0,0.0015042129270714183,0.0,0.0,line,ln81048103-2,,1000000.0,7199.557856794634,51.833633333333346,b
1706,1707,m1108459,l2802480,0.0,0.0,0.0,0.001528426829553745,0.0,0.0,0.0,0.0,0.0,0.0008627044247775542,0.0,0.0,line,ln81048107-1,,1000000.0,7199.557856794634,51.833633333333346,b
1707,1708,l2802480,l3252336,0.0,0.0,0.0,0.001487459914007301,0.0,0.0,0.0,0.0,0.0,0.0008395810808084324,0.0,0.0,line,ln81048107-2,,1000000.0,7199.557856794634,51.833633333333346,b
1708,1709,l3252336,l3233413,0.0,0.0,0.0,0.0031401830030943862,0.0,0.0,0.0,0.0,0.0,0.0017724432200472145,0.0,0.0,line,ln81048107-3,,1000000.0,7199.557856794634,51.833633333333346,b
1709,1710,l3233413,m1108464,0.0,0.0,0.0,0.0008569672069948146,0.0,0.0,0.0,0.0,0.0,0.00048370611341567787,0.0,0.0,line,ln81048107-4,,1000000.0,7199.557856794634,51.833633333333346,b
1710,1711,m1108464,l3102286,0.0,0.0,0.0,0.001988010519264004,0.0,0.0,0.0,0.0,0.0,0.0011221115975660588,0.0,0.0,line,ln81048109-1,,1000000.0,7199.557856794634,51.833633333333346,b
1711,1712,l3102286,m1108433,0.0,0.0,0.0,0.0007224151579915485,0.0,0.0,0.0,0.0,0.0,0.0004077596266140195,0.0,0.0,line,ln81048109-2,,1000000.0,7199.557856794634,51.833633333333346,b
1712,1713,m1108433,228-1048090-1_int,0.0,0.0,0.0,0.0024705395823820947,0.0,0.0,0.0,0.0,0.0,0.0013944700446873294,0.0,0.0,line,ln81048090-1,,1000000.0,7199.557856794634,51.833633333333346,b
1698,1714,m1108380,l2898495,0.0001618820500717358,6.620447971683757e-05,6.620447971683757e-05,0.0001618820500717358,6.620447971683757e-05,0.0001618820500717358,0.0003551617396105102,0.0001562183778036011,0.0001562183778036011,0.0003551617396105102,0.0001562183778036011,0.0003551617396105102,line,ln6411005-2,,1000000.0,7199.557856794634,51.833633333333346,abc
1714,1715,l2898495,l2952003,0.0002663066592154771,0.00010891073970632957,0.00010891073970632957,0.0002663066592154771,0.00010891073970632957,0.0002663066592154771,0.0005842645081089562,0.0002569895444399357,0.0002569895444399357,0.0005842645081089562,0.0002569895444399357,0.0005842645081089562,line,ln6409778-1,,1000000.0,7199.557856794634,51.833633333333346,abc
1715,1716,l2952003,m1108381,0.0002030451227484856,8.303883416751921e-05,8.303883416751921e-05,0.0002030451227484856,8.303883416751921e-05,0.0002030451227484856,0.0004454716195083114,0.0001959413022175434,0.0001959413022175434,0.0004454716195083114,0.0001959413022175434,0.0004454716195083114,line,ln5561437-1,,1000000.0,7199.557856794634,51.833633333333346,abc
1716,1717,m1108381,p862322,0.0001166347295290123,3.8005369853949346e-05,3.8005369853949346e-05,0.0001166347295290123,3.8005369853949346e-05,0.0001166347295290123,3.9394475797014624e-05,1.0752814642706242e-05,1.0752814642706242e-05,3.9394475797014624e-05,1.0752814642706242e-05,3.9394475797014624e-05,line,ln8989758-1,,1000000.0,7199.557856794634,51.833633333333346,abc
1717,1718,p862322,221-308718,8.207463092735793e-05,2.6743978544098424e-05,2.6743978544098424e-05,8.207463092735793e-05,2.6743978544098424e-05,8.207463092735793e-05,2.772147776801288e-05,7.566642429696544e-06,7.566642429696544e-06,2.772147776801288e-05,7.566642429696544e-06,2.772147776801288e-05,line,ln8979251-1,,1000000.0,7199.557856794634,51.833633333333346,abc
1718,1719,221-308718,l2803199,0.0005311812300996004,0.00017308514531591112,0.00017308514531591112,0.0005311812300996004,0.00017308514531591112,0.0005311812300996004,0.00017941145143893033,4.897077681759396e-05,4.897077681759396e-05,0.00017941145143893033,4.897077681759396e-05,0.00017941145143893033,line,ln8979251-2,,1000000.0,7199.557856794634,51.833633333333346,abc
1716,1720,m1108381,l3254237,0.00014380068227000606,5.880978989574973e-05,5.880978989574973e-05,0.00014380068227000606,5.880978989574973e-05,0.00014380068227000606,0.0003154920539340929,0.0001387696122041737,0.0001387696122041737,0.0003154920539340929,0.0001387696122041737,0.0003154920539340929,line,ln6350574-1,,1000000.0,7199.557856794634,51.833633333333346,abc
1720,1721,l3254237,m1108387,0.00026544762202662474,0.00010855942150817122,0.00010855942150817122,0.00026544762202662474,0.00010855942150817122,0.00026544762202662474,0.0005823798202003973,0.00025616056188099227,0.00025616056188099227,0.0005823798202003973,0.00025616056188099227,0.0005823798202003973,line,ln6425615-1,,1000000.0,7199.557856794634,51.833633333333346,abc
1721,1722,m1108387,p850080,5.17728931109273e-05,1.6870172023679582e-05,1.6870172023679582e-05,5.17728931109273e-05,1.6870172023679582e-05,5.17728931109273e-05,1.748678110572991e-05,4.773057950976487e-06,4.773057950976487e-06,1.748678110572991e-05,4.773057950976487e-06,1.748678110572991e-05,line,ln8979255-1,,1000000.0,7199.557856794634,51.833633333333346,abc
1722,1723,p850080,221-311905,8.021368895232756e-05,2.6137591507206677e-05,2.6137591507206677e-05,8.021368895232756e-05,2.6137591507206677e-05,8.021368895232756e-05,2.7092927130556763e-05,7.3950780577540025e-06,7.3950780577540025e-06,2.7092927130556763e-05,7.3950780577540025e-06,2.7092927130556763e-05,line,ln8979254-1,,1000000.0,7199.557856794634,51.833633333333346,abc
1723,1724,221-311905,l3215203,0.00022052978641319746,7.185952357664801e-05,7.185952357664801e-05,0.00022052978641319746,7.185952357664801e-05,0.00022052978641319746,7.448600745641976e-05,2.033113058239533e-05,2.033113058239533e-05,7.448600745641976e-05,2.033113058239533e-05,7.448600745641976e-05,line,ln8979254-2,,1000000.0,7199.557856794634,51.833633333333346,abc
1721,1725,m1108387,m1108398,5.770612702563133e-05,2.3599924231949757e-05,2.3599924231949757e-05,5.770612702563133e-05,2.3599924231949757e-05,5.770612702563133e-05,0.0001266045769220628,5.5687196630373195e-05,5.5687196630373195e-05,0.0001266045769220628,5.5687196630373195e-05,0.0001266045769220628,line,ln5728479-1,,1000000.0,7199.557856794634,51.833633333333346,abc
1725,1726,m1108398,m1108395,0.00012878898751582778,5.2670496253076286e-05,5.2670496253076286e-05,0.00012878898751582778,5.2670496253076286e-05,0.00012878898751582778,0.0002825570891184552,0.00012428312280314774,0.00012428312280314774,0.0002825570891184552,0.00012428312280314774,0.0002825570891184552,line,ln6061815-1,,1000000.0,7199.557856794634,51.833633333333346,abc
1726,1727,m1108395,l2728247,0.0001630070283168778,6.666455913502745e-05,6.666455913502745e-05,0.0001630070283168778,6.666455913502745e-05,0.0001630070283168778,0.000357629889911248,0.00015730399709519362,0.00015730399709519362,0.000357629889911248,0.00015730399709519362,0.000357629889911248,line,ln6364659-1,,1000000.0,7199.557856794634,51.833633333333346,abc
1726,1728,m1108395,l2896685,0.00017937164132683466,7.335715222741468e-05,7.335715222741468e-05,0.00017937164132683466,7.335715222741468e-05,0.00017937164132683466,0.00039353309488112276,0.00017309607099508746,0.00017309607099508746,0.00039353309488112276,0.00017309607099508746,0.00039353309488112276,line,ln6274208-1,,1000000.0,7199.557856794634,51.833633333333346,abc
1728,1729,l2896685,m1089185,4.5495152123235264e-05,1.8606033680833978e-05,1.8606033680833978e-05,4.5495152123235264e-05,1.8606033680833978e-05,4.5495152123235264e-05,9.981426208015513e-05,4.39034399395759e-05,4.39034399395759e-05,9.981426208015513e-05,4.39034399395759e-05,9.981426208015513e-05,line,ln6274208-2,,1000000.0,7199.557856794634,51.833633333333346,abc
1729,1730,m1089185,p850083,0.00011385081648517784,3.7098233143473714e-05,3.7098233143473714e-05,0.00011385081648517784,3.7098233143473714e-05,0.00011385081648517784,3.8454183008844266e-05,1.0496159518948116e-05,1.0496159518948116e-05,3.8454183008844266e-05,1.0496159518948116e-05,3.8454183008844266e-05,line,ln81098881-1,,1000000.0,7199.557856794634,51.833633333333346,abc
1730,1731,p850083,221-312488,9.302987496343744e-05,3.0313739481623534e-05,3.0313739481623534e-05,9.302987496343744e-05,3.0313739481623534e-05,9.302987496343744e-05,3.1421714376546975e-05,8.576630697867337e-06,8.576630697867337e-06,3.1421714376546975e-05,8.576630697867337e-06,3.1421714376546975e-05,line,ln8979257-1,,1000000.0,7199.557856794634,51.833633333333346,abc
1731,1732,221-312488,m1089183,0.0002131963643202321,6.94699315566404e-05,6.94699315566404e-05,0.0002131963643202321,6.94699315566404e-05,0.0002131963643202321,7.200907523977022e-05,1.965504611955299e-05,1.965504611955299e-05,7.200907523977022e-05,1.965504611955299e-05,7.200907523977022e-05,line,ln8979257-2,,1000000.0,7199.557856794634,51.833633333333346,abc
1732,1733,m1089183,l2990826,0.0008214152925589879,0.0002676577733189579,0.0002676577733189579,0.0008214152925589879,0.0002676577733189579,0.0008214152925589879,0.0002774407330705349,7.572809935118054e-05,7.572809935118054e-05,0.0002774407330705349,7.572809935118054e-05,0.0002774407330705349,line,ln8979256-1,,1000000.0,7199.557856794634,51.833633333333346,abc
1725,1734,m1108398,p850072,4.853174527526204e-05,1.5814045578810133e-05,1.5814045578810133e-05,4.853174527526204e-05,1.5814045578810133e-05,4.853174527526204e-05,1.6392052970445807e-05,4.4742493367048006e-06,4.4742493367048006e-06,1.6392052970445807e-05,4.4742493367048006e-06,1.6392052970445807e-05,line,ln8979248-1,,1000000.0,7199.557856794634,51.833633333333346,abc
1734,1735,p850072,221-311609,6.407201848021454e-05,2.0877836039598455e-05,2.0877836039598455e-05,6.407201848021454e-05,2.0877836039598455e-05,6.407201848021454e-05,2.1640926261648616e-05,5.906941622652985e-06,5.906941622652985e-06,2.1640926261648616e-05,5.906941622652985e-06,2.1640926261648616e-05,line,ln8979249-1,,1000000.0,7199.557856794634,51.833633333333346,abc
1735,1736,221-311609,l2915542,0.0006565964638289742,0.00021395163819030598,0.00021395163819030598,0.0006565964638289742,0.00021395163819030598,0.0006565964638289742,0.00022177162503113454,6.0533085635124905e-05,6.0533085635124905e-05,0.00022177162503113454,6.0533085635124905e-05,0.00022177162503113454,line,ln8979249-2,,1000000.0,7199.557856794634,51.833633333333346,abc
181,1737,m1125987,p901945,9.120321006502207e-06,3.7299138898874495e-06,3.7299138898874495e-06,9.120321006502207e-06,3.7299138898874495e-06,9.120321006502207e-06,2.000956296908892e-05,8.801233688679613e-06,8.801233688679613e-06,2.000956296908892e-05,8.801233688679613e-06,2.000956296908892e-05,line,ln5621864-1,,1000000.0,7199.557856794634,51.833633333333346,abc
1737,1738,p901945,m1125988,1.0933744460642985e-05,4.471544949257523e-06,4.471544949257523e-06,1.0933744460642985e-05,4.471544949257523e-06,1.0933744460642985e-05,2.3988130255194656e-05,1.0551211960831092e-05,1.0551211960831092e-05,2.3988130255194656e-05,1.0551211960831092e-05,2.3988130255194656e-05,line,ln6228311-1,,1000000.0,7199.557856794634,51.833633333333346,abc
1738,1739,m1125988,l2767340,0.00013672491104553086,5.591603019660974e-05,5.591603019660974e-05,0.00013672491104553086,5.591603019660974e-05,0.00013672491104553086,0.0002999681387374606,0.00013194139683435913,0.00013194139683435913,0.0002999681387374606,0.00013194139683435913,0.0002999681387374606,line,ln6506310-2,,1000000.0,7199.557856794634,51.833633333333346,abc
1739,1740,l2767340,m3037449,3.6680532035505878e-06,1.5001141498216391e-06,1.5001141498216391e-06,3.6680532035505878e-06,1.5001141498216391e-06,3.6680532035505878e-06,8.047539280480046e-06,3.539721179105715e-06,3.539721179105715e-06,8.047539280480046e-06,3.539721179105715e-06,8.047539280480046e-06,line,ln6506311-4,,1000000.0,7199.557856794634,51.833633333333346,abc
1740,1741,m3037449,m1108375,0.0,0.0,0.0,0.0,0.0,2.0555674828891662e-05,0.0,0.0,0.0,0.0,0.0,4.274162731662646e-05,line,ln6170199-2,,1000000.0,7199.557856794634,51.833633333333346,c
1741,1742,m1108375,l3160793,0.0,0.0,0.0,0.0,0.0,6.024724977154472e-05,0.0,0.0,0.0,0.0,0.0,0.00012527272969738436,line,ln6048521-1,,1000000.0,7199.557856794634,51.833633333333346,c
1738,1743,m1125988,l2898457,5.2778007870050906e-05,0.0,0.0,0.0,0.0,0.0,0.0001097418577435886,0.0,0.0,0.0,0.0,0.0,line,ln5561444-1,,1000000.0,7199.557856794634,51.833633333333346,a
164,1744,m1125969,p895102,0.0,0.0,0.0,7.418932134797932e-06,0.0,0.0,0.0,0.0,0.0,1.5426262335459146e-05,0.0,0.0,line,ln6103926-1,,1000000.0,7199.557856794634,51.833633333333346,b
1744,1745,p895102,m1125978,0.0,0.0,0.0,1.1103951063948824e-05,0.0,0.0,0.0,0.0,0.0,2.308856031572807e-05,0.0,0.0,line,ln6376708-1,,1000000.0,7199.557856794634,51.833633333333346,b
1745,1746,m1125978,l3254869,0.0,0.0,0.0,0.00011540215214188469,0.0,0.0,0.0,0.0,0.0,0.00023995688876398782,0.0,0.0,line,ln6134418-1,,1000000.0,7199.557856794634,51.833633333333346,b
1746,1747,l3254869,l2798067,0.0,0.0,0.0,8.046626060685178e-05,0.0,0.0,0.0,0.0,0.0,0.00016731432808941938,0.0,0.0,line,ln5644788-1,,1000000.0,7199.557856794634,51.833633333333346,b
1745,1748,m1125978,m1125982,0.0,0.0,0.0,8.686464444900317e-05,0.0,0.0,0.0,0.0,0.0,0.00018061855380258244,0.0,0.0,line,ln6286261-1,,1000000.0,7199.557856794634,51.833633333333346,b
1748,1749,m1125982,l3029055,0.0,0.0,0.0,6.821225900300255e-05,0.0,0.0,0.0,0.0,0.0,0.00014183445578900183,0.0,0.0,line,ln5588822-1,,1000000.0,7199.557856794634,51.833633333333346,b
135,1750,m1142874,p895111,0.0,0.0,0.0,0.0,0.0,9.036622591894964e-06,0.0,0.0,0.0,0.0,0.0,1.878994283762987e-05,line,ln6346338-1,,1000000.0,7199.557856794634,51.833633333333346,c
1750,1751,p895111,l2895496,0.0,0.0,0.0,0.0,0.0,7.816565487402322e-05,0.0,0.0,0.0,0.0,0.0,0.0001625306547897793,line,ln5591834-1,,1000000.0,7199.557856794634,51.833633333333346,c
1751,1752,l2895496,m1142873,0.0,0.0,0.0,0.0,0.0,5.657626377725144e-05,0.0,0.0,0.0,0.0,0.0,0.00011763961054373315,line,ln6440079-1,,1000000.0,7199.557856794634,51.833633333333346,c
1752,1753,m1142873,l3552667,0.0,0.0,0.0,0.0,0.0,6.190027713022883e-05,0.0,0.0,0.0,0.0,0.0,0.00012870988658457923,line,ln5987955-2,,1000000.0,7199.557856794634,51.833633333333346,c
1753,1754,l3552667,l3160862,0.0,0.0,0.0,0.0,0.0,0.00022278770630909528,0.0,0.0,0.0,0.0,0.0,0.0004632447824289119,line,ln5987955-3,,1000000.0,7199.557856794634,51.833633333333346,c
1754,1755,l3160862,l3104850,0.0,0.0,0.0,0.0,0.0,0.00014788794315659907,0.0,0.0,0.0,0.0,0.0,0.0003075049300807905,line,ln6412346-1,,1000000.0,7199.557856794634,51.833633333333346,c
134,1756,m1142871,p829956,0.0,0.0,0.0,0.0,0.0,6.6462333787135615e-06,0.0,0.0,0.0,0.0,0.0,1.3819581818497509e-05,line,ln5989326-1,,1000000.0,7199.557856794634,51.833633333333346,c
1756,1757,p829956,l3160861,0.0,0.0,0.0,0.0,0.0,6.873965946177803e-05,0.0,0.0,0.0,0.0,0.0,0.0001429310850188005,line,ln5807086-1,,1000000.0,7199.557856794634,51.833633333333346,c
122,1758,m1142860,p895114,7.367429551854682e-06,0.0,0.0,0.0,0.0,0.0,1.5319172481959908e-05,0.0,0.0,0.0,0.0,0.0,line,ln6103927-1,,1000000.0,7199.557856794634,51.833633333333346,a
1758,1759,p895114,n1141479,6.629820406184143e-06,0.0,0.0,0.0,0.0,0.0,1.3785454154927716e-05,0.0,0.0,0.0,0.0,0.0,line,ln5528573-2,,1000000.0,7199.557856794634,51.833633333333346,a
1759,1760,n1141479,l3198348,1.1636621845918574e-05,0.0,0.0,0.0,0.0,0.0,2.4196148183065174e-05,0.0,0.0,0.0,0.0,0.0,line,ln5528573-3,,1000000.0,7199.557856794634,51.833633333333346,a
115,1761,m1142843,l3081380,0.00020937114576185723,8.562597129662907e-05,8.562597129662907e-05,0.00020937114576185723,8.562597129662907e-05,0.00020937114576185723,0.00045935062176489,0.00020204600037684666,0.00020204600037684666,0.00045935062176489,0.00020204600037684666,0.00045935062176489,line,ln5799561-1,,1000000.0,7199.557856794634,51.833633333333346,abc
1761,1762,l3081380,d5799561-2_int,0.00017440614548726072,7.132642634737154e-05,7.132642634737154e-05,0.00017440614548726072,7.132642634737154e-05,0.00017440614548726072,0.00038263902639341625,0.00016830430004392255,0.00016830430004392255,0.00038263902639341625,0.00016830430004392255,0.00038263902639341625,line,ln5799561-2,,1000000.0,7199.557856794634,51.833633333333346,abc
1762,1763,d5799561-2_int,e193509,1.9292492840877444e-05,0.0,0.0,1.9292492840877444e-05,0.0,1.9292492840877444e-05,1.9292492840877444e-05,0.0,0.0,1.9292492840877444e-05,0.0,1.9292492840877444e-05,switch,a8611_48332_sw,CLOSED,1000000.0,7199.557856794634,51.833633333333346,abc
1763,1764,e193509,m1142839,0.0001181535433119679,4.832094638166077e-05,4.832094638166077e-05,0.0001181535433119679,4.832094638166077e-05,0.0001181535433119679,0.0002592234158464677,0.00011401977464310496,0.00011401977464310496,0.0002592234158464677,0.00011401977464310496,0.0002592234158464677,line,ln5594236-1,,1000000.0,7199.557856794634,51.833633333333346,abc
1764,1765,m1142839,l3067507,0.0,0.0,0.0,0.0,0.0,4.7054082169299326e-05,0.0,0.0,0.0,0.0,0.0,9.784003982099135e-05,line,ln5866260-1,,1000000.0,7199.557856794634,51.833633333333346,c
1764,1766,m1142839,m1142832,0.00013819161092958298,5.6515862622016925e-05,5.6515862622016925e-05,0.00013819161092958298,5.6515862622016925e-05,0.00013819161092958298,0.0003031860105279133,0.000133356782150457,0.000133356782150457,0.0003031860105279133,0.000133356782150457,0.0003031860105279133,line,ln5503575-1,,1000000.0,7199.557856794634,51.833633333333346,abc
1766,1767,m1142832,p829962,0.0,0.0,0.0,0.0,0.0,5.132173588705917e-06,0.0,0.0,0.0,0.0,0.0,1.067138163444713e-05,line,ln6292614-1,,1000000.0,7199.557856794634,51.833633333333346,c
1767,1768,p829962,m1142835,0.0,0.0,0.0,0.0,0.0,6.857878816135469e-06,0.0,0.0,0.0,0.0,0.0,1.4259658365964437e-05,line,ln5807087-1,,1000000.0,7199.557856794634,51.833633333333346,c
1768,1769,m1142835,m1142833,0.0,0.0,0.0,0.0,0.0,1.2124069674194807e-05,0.0,0.0,0.0,0.0,0.0,2.5209703494963688e-05,line,ln6321412-1,,1000000.0,7199.557856794634,51.833633333333346,c
1769,1770,m1142833,l2767408,0.0,0.0,0.0,0.0,0.0,5.8406268812592075e-05,0.0,0.0,0.0,0.0,0.0,0.00012144475894480351,line,ln6109147-1,,1000000.0,7199.557856794634,51.833633333333346,c
1770,1771,l2767408,l3217053,0.0,0.0,0.0,0.0,0.0,5.074540422595623e-05,0.0,0.0,0.0,0.0,0.0,0.00010551544395948831,line,ln6506314-2,,1000000.0,7199.557856794634,51.833633333333346,c
1771,1772,l3217053,m3037455,0.0,0.0,0.0,0.0,0.0,2.9693683444918964e-06,0.0,0.0,0.0,0.0,0.0,6.1742383163055635e-06,line,ln6506315-4,,1000000.0,7199.557856794634,51.833633333333346,c
1772,1773,m3037455,l3217052,0.0,0.0,0.0,0.0,0.0,7.9793518957125e-05,0.0,0.0,0.0,0.0,0.0,0.0001659154894177461,line,ln5927379-2,,1000000.0,7199.557856794634,51.833633333333346,c
1772,1774,m3037455,l3086074,0.0,0.0,0.0,0.0,0.0,9.821140747095353e-05,0.0,0.0,0.0,0.0,0.0,0.00020421199553443095,line,ln5624376-2,,1000000.0,7199.557856794634,51.833633333333346,c
1768,1775,m1142835,l3104853,0.0,0.0,0.0,0.0,0.0,4.180402118572947e-05,0.0,0.0,0.0,0.0,0.0,8.692353370687886e-05,line,ln5896824-1,,1000000.0,7199.557856794634,51.833633333333346,c
1766,1776,m1142832,l3160865,0.00012699773954234338,5.1937934242181176e-05,5.1937934242181176e-05,0.00012699773954234338,5.1937934242181176e-05,0.00012699773954234338,0.0002786271738124987,0.00012255454417112695,0.00012255454417112695,0.0002786271738124987,0.00012255454417112695,0.0002786271738124987,line,ln6018331-1,,1000000.0,7199.557856794634,51.833633333333346,abc
1776,1777,l3160865,m1142828,0.0002472591273233786,0.00010112092027763171,0.00010112092027763171,0.0002472591273233786,0.00010112092027763171,0.0002472591273233786,0.0005424751030508502,0.00023860841736607306,0.00023860841736607306,0.0005424751030508502,0.00023860841736607306,0.0005424751030508502,line,ln6291244-1,,1000000.0,7199.557856794634,51.833633333333346,abc
1777,1778,m1142828,l2674047,5.770585250631987e-07,2.3599811962503083e-07,2.3599811962503083e-07,5.770585250631987e-07,2.3599811962503083e-07,5.770585250631987e-07,1.2660397463937505e-06,5.568693171550774e-07,5.568693171550774e-07,1.2660397463937505e-06,5.568693171550774e-07,1.2660397463937505e-06,line,ln5473436-1,,1000000.0,7199.557856794634,51.833633333333346,abc
1778,1779,l2674047,l2692655,0.00011520519076095372,4.7115166330226975e-05,4.7115166330226975e-05,0.00011520519076095372,4.7115166330226975e-05,0.00011520519076095372,0.00025275486655061154,0.00011117457437223835,0.00011117457437223835,0.00025275486655061154,0.00011117457437223835,0.00025275486655061154,line,ln5473436-2,,1000000.0,7199.557856794634,51.833633333333346,abc
1779,1780,l2692655,m1142821,0.00010133304838750124,4.1441912451953606e-05,4.1441912451953606e-05,0.00010133304838750124,4.1441912451953606e-05,0.00010133304838750124,0.00022232002701592075,9.77877685016614e-05,9.77877685016614e-05,0.00022232002701592075,9.77877685016614e-05,0.00022232002701592075,line,ln5896825-1,,1000000.0,7199.557856794634,51.833633333333346,abc
1780,1781,m1142821,l2711226,3.0924714030594017e-06,1.2647199623924993e-06,1.2647199623924993e-06,3.0924714030594017e-06,1.2647199623924993e-06,3.0924714030594017e-06,6.784739399579036e-06,2.984276921226822e-06,2.984276921226822e-06,6.784739399579036e-06,2.984276921226822e-06,6.784739399579036e-06,line,ln6351510-1,,1000000.0,7199.557856794634,51.833633333333346,abc
1781,1782,l2711226,m1142819,0.00014799065158851163,6.052335071758421e-05,6.052335071758421e-05,0.00014799065158851163,6.052335071758421e-05,0.00014799065158851163,0.00032468465306052883,0.00014281298952546255,0.00014281298952546255,0.00032468465306052883,0.00014281298952546255,0.00032468465306052883,line,ln5654471-1,,1000000.0,7199.557856794634,51.833633333333346,abc
1782,1783,m1142819,l2861219,0.0,0.0,0.0,6.803028850636876e-05,0.0,0.0,0.0,0.0,0.0,0.0001414560826528978,0.0,0.0,line,ln5684859-1,,1000000.0,7199.557856794634,51.833633333333346,b
1782,1784,m1142819,p829960,0.0,0.0,0.0,2.808133380578504e-06,0.0,0.0,0.0,0.0,0.0,5.838980787892544e-06,0.0,0.0,line,ln5625715-1,,1000000.0,7199.557856794634,51.833633333333346,b
1784,1785,p829960,n1141478,0.0,0.0,0.0,1.9785300162249864e-05,0.0,0.0,0.0,0.0,0.0,4.1139779302885055e-05,0.0,0.0,line,ln5928743-2,,1000000.0,7199.557856794634,51.833633333333346,b
1785,1786,n1141478,m1142826,0.0,0.0,0.0,0.00013940142481490457,0.0,0.0,0.0,0.0,0.0,0.0002898588247013361,0.0,0.0,line,ln5928743-3,,1000000.0,7199.557856794634,51.833633333333346,b
1786,1787,m1142826,l3160864,0.0,0.0,0.0,0.00010225858823968221,0.0,0.0,0.0,0.0,0.0,0.00021262734037423572,0.0,0.0,line,ln6018329-1,,1000000.0,7199.557856794634,51.833633333333346,b
1786,1788,m1142826,m1125940,0.0,0.0,0.0,0.00032075395087745464,0.0,0.0,0.0,0.0,0.0,0.0006669470082038109,0.0,0.0,line,ln5654470-1,,1000000.0,7199.557856794634,51.833633333333346,b
1788,1789,m1125940,l3048963,0.0,0.0,0.0,3.75432546949889e-05,0.0,0.0,0.0,0.0,0.0,7.806407786578725e-05,0.0,0.0,line,ln5957491-1,,1000000.0,7199.557856794634,51.833633333333346,b
1788,1790,m1125940,l3254915,0.0,0.0,0.0,0.00019863388224762685,0.0,0.0,0.0,0.0,0.0,0.0004130214861907551,0.0,0.0,line,ln5775469-1,,1000000.0,7199.557856794634,51.833633333333346,b
1782,1791,m1142819,m1142818,0.0001419638962758414,5.8058604319331846e-05,5.8058604319331846e-05,0.0001419638962758414,5.8058604319331846e-05,0.0001419638962758414,0.00031146223031442257,0.00013699708876347338,0.00013699708876347338,0.00031146223031442257,0.00013699708876347338,0.00031146223031442257,line,ln5745348-1,,1000000.0,7199.557856794634,51.833633333333346,abc
1791,1792,m1142818,l2955074,0.0001763595832564312,7.212531869590458e-05,7.212531869590458e-05,0.0001763595832564312,7.212531869590458e-05,0.0001763595832564312,0.0003869247786186445,0.00017018939403244608,0.00017018939403244608,0.0003869247786186445,0.00017018939403244608,0.0003869247786186445,line,ln6200532-1,,1000000.0,7199.557856794634,51.833633333333346,abc
1792,1793,l2955074,l3030199,0.00016880009196602712,6.903373326328007e-05,6.903373326328007e-05,0.00016880009196602712,6.903373326328007e-05,0.00016880009196602712,0.0003703396039431282,0.00016289438222672663,0.00016289438222672663,0.0003703396039431282,0.00016289438222672663,0.0003703396039431282,line,ln5594239-1,,1000000.0,7199.557856794634,51.833633333333346,abc
1793,1794,l3030199,m1125934,5.546192786794156e-05,2.268211995686196e-05,2.268211995686196e-05,5.546192786794156e-05,2.268211995686196e-05,5.546192786794156e-05,0.00012168090764233514,5.352151395136619e-05,5.352151395136619e-05,0.00012168090764233514,5.352151395136619e-05,0.00012168090764233514,line,ln6078767-1,,1000000.0,7199.557856794634,51.833633333333346,abc
1794,1795,m1125934,l2730163,0.00011998634782949803,4.9070503663965883e-05,4.9070503663965883e-05,0.00011998634782949803,4.9070503663965883e-05,0.00011998634782949803,0.00026324450429032883,0.00011578845590475681,0.00011578845590475681,0.00026324450429032883,0.00011578845590475681,0.00026324450429032883,line,ln5503576-1,,1000000.0,7199.557856794634,51.833633333333346,abc
1795,1796,l2730163,l2992624,0.00016003965252419752,6.54509991980753e-05,6.54509991980753e-05,0.00016003965252419752,6.54509991980753e-05,0.00016003965252419752,0.0003511196045019674,0.00015444043913765128,0.00015444043913765128,0.0003511196045019674,0.00015444043913765128,0.0003511196045019674,line,ln6200527-1,,1000000.0,7199.557856794634,51.833633333333346,abc
1796,1797,l2992624,m1125919,9.665201892464924e-05,3.9527524043912244e-05,3.9527524043912244e-05,9.665201892464924e-05,3.9527524043912244e-05,9.665201892464924e-05,0.00021205006461763238,9.327051146906544e-05,9.327051146906544e-05,0.00021205006461763238,9.327051146906544e-05,0.00021205006461763238,line,ln6170293-1,,1000000.0,7199.557856794634,51.833633333333346,abc
1797,1798,m1125919,m1125917,7.572345041861489e-05,3.096842197826504e-05,3.096842197826504e-05,7.572345041861489e-05,3.096842197826504e-05,7.572345041861489e-05,0.00016613375212426419,7.307415850519192e-05,7.307415850519192e-05,0.00016613375212426419,7.307415850519192e-05,0.00016613375212426419,line,ln5745347-1,,1000000.0,7199.557856794634,51.833633333333346,abc
1798,1799,m1125917,p1197121,0.0,0.0,0.0,0.0,0.0,9.219290203465058e-06,0.0,0.0,0.0,0.0,0.0,1.9169765492032516e-05,line,ln7064337-2,,1000000.0,7199.557856794634,51.833633333333346,c
1799,1800,p1197121,l2805031,0.0,0.0,0.0,0.0,0.0,5.389410790548478e-05,0.0,0.0,0.0,0.0,0.0,0.0001120625760931287,line,ln7064338-3,,1000000.0,7199.557856794634,51.833633333333346,c
1798,1801,m1125917,m1125914,0.00017219553424063772,7.042235843265209e-05,7.042235843265209e-05,0.00017219553424063772,7.042235843265209e-05,0.00017219553424063772,0.0003777890474389536,0.00016617103015545244,0.00016617103015545244,0.0003777890474389536,0.00016617103015545244,0.0003777890474389536,line,ln5957493-1,,1000000.0,7199.557856794634,51.833633333333346,abc
1801,1802,m1125914,l2917328,7.951755153056986e-05,3.2520085612366196e-05,3.2520085612366196e-05,7.951755153056986e-05,3.2520085612366196e-05,7.951755153056986e-05,0.00017445783469291812,7.673551762851533e-05,7.673551762851533e-05,0.00017445783469291812,7.673551762851533e-05,0.00017445783469291812,line,ln6078768-1,,1000000.0,7199.557856794634,51.833633333333346,abc
1802,1803,l2917328,l2861218,0.00012230542638917198,5.0018931172745574e-05,5.0018931172745574e-05,0.00012230542638917198,5.0018931172745574e-05,0.00012230542638917198,0.0002683324555189069,0.00011802639822406172,0.00011802639822406172,0.0002683324555189069,0.00011802639822406172,0.0002683324555189069,line,ln6351511-1,,1000000.0,7199.557856794634,51.833633333333346,abc
1803,1804,l2861218,d5958866-1_int,0.00030166414069629163,0.00012337079667063008,0.00012337079667063008,0.00030166414069629163,0.00012337079667063008,0.00030166414069629163,0.000661837189115947,0.00029110999446948534,0.00029110999446948534,0.000661837189115947,0.00029110999446948534,0.000661837189115947,line,ln5958866-1,,1000000.0,7199.557856794634,51.833633333333346,abc
1804,1805,d5958866-1_int,e183493,1.9292492840877444e-05,0.0,0.0,1.9292492840877444e-05,0.0,1.9292492840877444e-05,1.9292492840877444e-05,0.0,0.0,1.9292492840877444e-05,0.0,1.9292492840877444e-05,switch,a8645_48332_sw,CLOSED,1000000.0,7199.557856794634,51.833633333333346,abc
1805,1806,e183493,m1125902,0.0001689884936228664,6.911078339739504e-05,6.911078339739504e-05,0.0001689884936228664,6.911078339739504e-05,0.0001689884936228664,0.0003707529484748962,0.00016307619238538167,0.00016307619238538167,0.0003707529484748962,0.00016307619238538167,0.0003707529484748962,line,ln6201850-1,,1000000.0,7199.557856794634,51.833633333333346,abc
1806,1807,m1125902,226-23751,0.00014363758561397385,5.8743088681801773e-05,5.8743088681801773e-05,0.00014363758561397385,5.8743088681801773e-05,0.00014363758561397385,0.0003151342274051146,0.00013861222171511546,0.00013861222171511546,0.0003151342274051146,0.00013861222171511546,0.0003151342274051146,line,ln6291252-1,,1000000.0,7199.557856794634,51.833633333333346,abc
1807,1808,226-23751,l2955081,7.940149991157602e-05,3.247262428448963e-05,3.247262428448963e-05,7.940149991157602e-05,3.247262428448963e-05,7.940149991157602e-05,0.00017420322280192583,7.662352623939795e-05,7.662352623939795e-05,0.00017420322280192583,7.662352623939795e-05,0.00017420322280192583,line,ln6291252-2,,1000000.0,7199.557856794634,51.833633333333346,abc
1808,1809,l2955081,m1108315,0.00017926086237185756,7.331184724718627e-05,7.331184724718627e-05,0.00017926086237185756,7.331184724718627e-05,0.00017926086237185756,0.0003932900509714091,0.00017298916779838572,0.00017298916779838572,0.0003932900509714091,0.00017298916779838572,0.0003932900509714091,line,ln6018341-1,,1000000.0,7199.557856794634,51.833633333333346,abc
1809,1810,m1108315,p860843,0.0,0.0,0.0,0.0,0.0,1.2988375822905203e-05,0.0,0.0,0.0,0.0,0.0,2.70068642110753e-05,line,ln6332133-1,,1000000.0,7199.557856794634,51.833633333333346,c
1810,1811,p860843,l3179682,0.0,0.0,0.0,0.0,0.0,4.452152962458738e-05,0.0,0.0,0.0,0.0,0.0,9.257407711595238e-05,line,ln5957502-1,,1000000.0,7199.557856794634,51.833633333333346,c
1811,1812,l3179682,l2786274,0.0,0.0,0.0,0.0,0.0,3.1027765614218304e-05,0.0,0.0,0.0,0.0,0.0,6.451635401852977e-05,line,ln5654484-1,,1000000.0,7199.557856794634,51.833633333333346,c
1809,1813,m1108315,n1230121,0.0,0.0,0.0,0.0,0.0,1.0192487271777845e-05,0.0,0.0,0.0,0.0,0.0,2.1193344223731176e-05,line,ln6351523-3,,1000000.0,7199.557856794634,51.833633333333346,c
1813,1814,n1230121,m1108316,0.0,0.0,0.0,0.0,0.0,1.6860158892971034e-05,0.0,0.0,0.0,0.0,0.0,3.505750280159149e-05,line,ln6351523-2,,1000000.0,7199.557856794634,51.833633333333346,c
1814,1815,m1108316,196-35541,0.0,0.0,0.0,0.0,0.0,9.381620633706942e-06,0.0,0.0,0.0,0.0,0.0,1.950730083491478e-05,line,ln5686489-1,,1000000.0,7199.557856794634,51.833633333333346,c
1815,1816,196-35541,m1108317,0.0,0.0,0.0,0.0,0.0,8.384331810298203e-05,0.0,0.0,0.0,0.0,0.0,0.00017433627867620056,line,ln6141147-1,,1000000.0,7199.557856794634,51.833633333333346,c
1816,1817,m1108317,l2820590,0.0,0.0,0.0,0.0,0.0,7.471500755301093e-05,0.0,0.0,0.0,0.0,0.0,0.00015535568811884685,line,ln5591814-1,,1000000.0,7199.557856794634,51.833633333333346,c
1817,1818,l2820590,m1108328,0.0,0.0,0.0,0.0,0.0,6.202180115999328e-05,0.0,0.0,0.0,0.0,0.0,0.0001289625727568136,line,ln5531334-1,,1000000.0,7199.557856794634,51.833633333333346,c
1818,1819,m1108328,l2767414,0.0,0.0,0.0,0.0,0.0,4.078483802987635e-05,0.0,0.0,0.0,0.0,0.0,8.480433562763943e-05,line,ln6076248-1,,1000000.0,7199.557856794634,51.833633333333346,c
1819,1820,l2767414,m1108331,0.0,0.0,0.0,0.0,0.0,0.00016303524365453832,0.0,0.0,0.0,0.0,0.0,0.0003390008687023676,line,ln6015795-1,,1000000.0,7199.557856794634,51.833633333333346,c
1820,1821,m1108331,m1108334,0.0,0.0,0.0,0.0,0.0,0.00011050011711829319,0.0,0.0,0.0,0.0,0.0,0.00022976403662872686,line,ln6139655-1,,1000000.0,7199.557856794634,51.833633333333346,c
1821,1822,m1108334,l2692664,0.0,0.0,0.0,0.0,0.0,4.3843700042893635e-05,0.0,0.0,0.0,0.0,0.0,9.116465905470642e-05,line,ln5957501-1,,1000000.0,7199.557856794634,51.833633333333346,c
1820,1823,m1108331,m1108335,0.0,0.0,0.0,0.0,0.0,0.00018516807221051452,0.0,0.0,0.0,0.0,0.0,0.00038502188807910427,line,ln5896843-1,,1000000.0,7199.557856794634,51.833633333333346,c
1823,1824,m1108335,m1108340,0.0,0.0,0.0,0.0,0.0,0.00022440996997445025,0.0,0.0,0.0,0.0,0.0,0.0004666179720503224,line,ln5625542-1,,1000000.0,7199.557856794634,51.833633333333346,c
1824,1825,m1108340,m1108344,0.0,0.0,0.0,0.0,0.0,7.830721508364258e-05,0.0,0.0,0.0,0.0,0.0,0.00016282500239805684,line,ln5744333-1,,1000000.0,7199.557856794634,51.833633333333346,c
1825,1826,m1108344,l2804250,0.0,0.0,0.0,0.0,0.0,4.4122267395236936e-05,0.0,0.0,0.0,0.0,0.0,9.174388703216507e-05,line,ln5956462-1,,1000000.0,7199.557856794634,51.833633333333346,c
1826,1827,l2804250,l2820583,0.0,0.0,0.0,0.0,0.0,7.734009958784803e-05,0.0,0.0,0.0,0.0,0.0,0.00016081406914300814,line,ln5531326-1,,1000000.0,7199.557856794634,51.833633333333346,c
1827,1828,l2820583,m1108354,0.0,0.0,0.0,0.0,0.0,0.0001724459036571492,0.0,0.0,0.0,0.0,0.0,0.00035856855139745165,line,ln5561521-1,,1000000.0,7199.557856794634,51.833633333333346,c
1828,1829,m1108354,m1108350,0.0,0.0,0.0,0.0,0.0,8.74403383002928e-05,0.0,0.0,0.0,0.0,0.0,0.00018181559998302257,line,ln6379351-1,,1000000.0,7199.557856794634,51.833633333333346,c
1829,1830,m1108350,l3198356,0.0,0.0,0.0,0.0,0.0,7.758246843587401e-05,0.0,0.0,0.0,0.0,0.0,0.00016131802919597247,line,ln5715017-1,,1000000.0,7199.557856794634,51.833633333333346,c
1830,1831,l3198356,m1108345,0.0,0.0,0.0,0.0,0.0,6.810959064545607e-05,0.0,0.0,0.0,0.0,0.0,0.00014162097641106896,line,ln5805767-1,,1000000.0,7199.557856794634,51.833633333333346,c
1831,1832,m1108345,m1108347,0.0,0.0,0.0,0.0,0.0,4.3321934689767066e-05,0.0,0.0,0.0,0.0,0.0,9.007974695837771e-05,line,ln5715018-1,,1000000.0,7199.557856794634,51.833633333333346,c
1832,1833,m1108347,m1108355,0.0,0.0,0.0,0.0,0.0,0.000102466595923239,0.0,0.0,0.0,0.0,0.0,0.00021305985290245903,line,ln5684869-1,,1000000.0,7199.557856794634,51.833633333333346,c
1833,1834,m1108355,m1108352,0.0,0.0,0.0,0.0,0.0,9.77177796012756e-05,0.0,0.0,0.0,0.0,0.0,0.0002031855899985144,line,ln5715019-1,,1000000.0,7199.557856794634,51.833633333333346,c
1834,1835,m1108352,m1108356,0.0,0.0,0.0,0.0,0.0,0.00010319013520822064,0.0,0.0,0.0,0.0,0.0,0.0002145643156226105,line,ln6230805-1,,1000000.0,7199.557856794634,51.833633333333346,c
1835,1836,m1108356,l2842390,0.0,0.0,0.0,0.0,0.0,7.769481471811417e-05,0.0,0.0,0.0,0.0,0.0,0.00016155163198283739,line,ln6139656-1,,1000000.0,7199.557856794634,51.833633333333346,c
1835,1837,m1108356,l2674052,0.0,0.0,0.0,0.0,0.0,6.977533727457525e-05,0.0,0.0,0.0,0.0,0.0,0.0001450845806088582,line,ln5503584-1,,1000000.0,7199.557856794634,51.833633333333346,c
1829,1838,m1108350,m1108360,0.0,0.0,0.0,0.0,0.0,0.0002660738553924768,0.0,0.0,0.0,0.0,0.0,0.0005532501200057362,line,ln5833631-1,,1000000.0,7199.557856794634,51.833633333333346,c
1838,1839,m1108360,l3048968,0.0,0.0,0.0,0.0,0.0,6.151696909792804e-05,0.0,0.0,0.0,0.0,0.0,0.0001279128702277607,line,ln5624387-1,,1000000.0,7199.557856794634,51.833633333333346,c
1825,1840,m1108344,m1108353,0.0,0.0,0.0,0.0,0.0,0.00013917040338673277,0.0,0.0,0.0,0.0,0.0,0.0002893784594558616,line,ln5472349-1,,1000000.0,7199.557856794634,51.833633333333346,c
1840,1841,m1108353,l3048205,0.0,0.0,0.0,0.0,0.0,9.531701758639337e-05,0.0,0.0,0.0,0.0,0.0,0.0001981936607055007,line,ln5895772-1,,1000000.0,7199.557856794634,51.833633333333346,c
1841,1842,l3048205,m1108361,0.0,0.0,0.0,0.0,0.0,0.00021924341955577103,0.0,0.0,0.0,0.0,0.0,0.0004558751103176894,line,ln5835174-1,,1000000.0,7199.557856794634,51.833633333333346,c
1842,1843,m1108361,l3048228,0.0,0.0,0.0,0.0,0.0,3.6747905857779594e-05,0.0,0.0,0.0,0.0,0.0,7.641030080083135e-05,line,ln5986961-1,,1000000.0,7199.557856794634,51.833633333333346,c
1843,1844,l3048228,l2991940,0.0,0.0,0.0,0.0,0.0,0.00010154953283228585,0.0,0.0,0.0,0.0,0.0,0.00021115299413058055,line,ln6260030-1,,1000000.0,7199.557856794634,51.833633333333346,c
1842,1845,m1108361,m1089155,0.0,0.0,0.0,0.0,0.0,0.0001424119654612931,0.0,0.0,0.0,0.0,0.0,0.00029611867301089566,line,ln6199558-1,,1000000.0,7199.557856794634,51.833633333333346,c
1845,1846,m1089155,m1089158,0.0,0.0,0.0,0.0,0.0,0.00011394392868465712,0.0,0.0,0.0,0.0,0.0,0.00023692478964430427,line,ln5562921-1,,1000000.0,7199.557856794634,51.833633333333346,c
1846,1847,m1089158,m1089162,0.0,0.0,0.0,0.0,0.0,0.00020133493966915944,0.0,0.0,0.0,0.0,0.0,0.0004186378228293212,line,ln5956459-1,,1000000.0,7199.557856794634,51.833633333333346,c
1847,1848,m1089162,l3197626,0.0,0.0,0.0,0.0,0.0,0.00012094195557710598,0.0,0.0,0.0,0.0,0.0,0.0002514758593551548,line,ln6320326-1,,1000000.0,7199.557856794634,51.833633333333346,c
1847,1849,m1089162,l2991640,0.0,0.0,0.0,0.0,0.0,0.00012735778519609852,0.0,0.0,0.0,0.0,0.0,0.00026481636025257725,line,ln6326286-1,,1000000.0,7199.557856794634,51.833633333333346,c
1849,1850,l2991640,m1089160,0.0,0.0,0.0,0.0,0.0,0.00011484179705712314,0.0,0.0,0.0,0.0,0.0,0.00023879173663946636,line,ln6326286-2,,1000000.0,7199.557856794634,51.833633333333346,c
1850,1851,m1089160,m1089163,0.0,0.0,0.0,0.0,0.0,9.379130489919992e-05,0.0,0.0,0.0,0.0,0.0,0.00019502123053178466,line,ln6326286-3,,1000000.0,7199.557856794634,51.833633333333346,c
1851,1852,m1089163,l3066807,0.0,0.0,0.0,0.0,0.0,0.00010153346002499018,0.0,0.0,0.0,0.0,0.0,0.0002111195737761003,line,ln5502523-1,,1000000.0,7199.557856794634,51.833633333333346,c
1847,1853,m1089162,m1089165,0.0,0.0,0.0,0.0,0.0,0.00028868812965069654,0.0,0.0,0.0,0.0,0.0,0.0006002722144116206,line,ln5472348-1,,1000000.0,7199.557856794634,51.833633333333346,c
1853,1854,m1089165,l2748128,0.0,0.0,0.0,0.0,0.0,4.814636392458178e-05,0.0,0.0,0.0,0.0,0.0,0.00010011123257421658,line,ln5804789-1,,1000000.0,7199.557856794634,51.833633333333346,c
1854,1855,l2748128,m1089170,0.0,0.0,0.0,0.0,0.0,0.0001946275638276048,0.0,0.0,0.0,0.0,0.0,0.00040469110685533,line,ln6320327-1,,1000000.0,7199.557856794634,51.833633333333346,c
1855,1856,m1089170,l2879062,0.0,0.0,0.0,0.0,0.0,0.0001902527368008802,0.0,0.0,0.0,0.0,0.0,0.0003955944837618302,line,ln6320328-1,,1000000.0,7199.557856794634,51.833633333333346,c
1856,1857,l2879062,m1089173,0.0,0.0,0.0,0.0,0.0,0.00010090300740381563,0.0,0.0,0.0,0.0,0.0,0.00020980866711896838,line,ln5956460-1,,1000000.0,7199.557856794634,51.833633333333346,c
1857,1858,m1089173,l2673307,0.0,0.0,0.0,0.0,0.0,9.409114041140595e-05,0.0,0.0,0.0,0.0,0.0,0.00019564468161406133,line,ln5714045-1,,1000000.0,7199.557856794634,51.833633333333346,c
1857,1859,m1089173,m1089174,0.0,0.0,0.0,0.0,0.0,3.3083390835680044e-05,0.0,0.0,0.0,0.0,0.0,6.879063680660368e-05,line,ln5562923-1,,1000000.0,7199.557856794634,51.833633333333346,c
1859,1860,m1089174,p827501,0.0,0.0,0.0,0.0,0.0,0.00011870572723373304,0.0,0.0,0.0,0.0,0.0,0.0002468260466273828,line,ln5534967-1,,1000000.0,7199.557856794634,51.833633333333346,c
1860,1861,p827501,n1140516,0.0,0.0,0.0,0.0,0.0,4.818072397008634e-06,0.0,0.0,0.0,0.0,0.0,1.0018267777228296e-05,line,ln6231992-3,,1000000.0,7199.557856794634,51.833633333333346,c
1861,1862,n1140516,m1089176,0.0,0.0,0.0,0.0,0.0,0.000140974207866321,0.0,0.0,0.0,0.0,0.0,0.00029312912877031575,line,ln6231992-2,,1000000.0,7199.557856794634,51.833633333333346,c
1862,1863,m1089176,m1089179,0.0,0.0,0.0,0.0,0.0,7.757352007608957e-05,0.0,0.0,0.0,0.0,0.0,0.00016129942277890347,line,ln6138600-1,,1000000.0,7199.557856794634,51.833633333333346,c
1863,1864,m1089179,m1069451,0.0,0.0,0.0,0.0,0.0,0.0001273573040413271,0.0,0.0,0.0,0.0,0.0,0.0002648153597824835,line,ln5835133-1,,1000000.0,7199.557856794634,51.833633333333346,c
1864,1865,m1069451,l2804282,0.0,0.0,0.0,0.0,0.0,0.00022959975009790939,0.0,0.0,0.0,0.0,0.0,0.0004774091355484115,line,ln5744369-1,,1000000.0,7199.557856794634,51.833633333333346,c
1865,1866,l2804282,l3104154,0.0,0.0,0.0,0.0,0.0,9.108444228940154e-05,0.0,0.0,0.0,0.0,0.0,0.00018939282310520387,line,ln5714075-1,,1000000.0,7199.557856794634,51.833633333333346,c
1866,1867,l3104154,l3104155,0.0,0.0,0.0,0.0,0.0,4.523210011003151e-05,0.0,0.0,0.0,0.0,0.0,9.405157367706551e-05,line,ln5859993-1,,1000000.0,7199.557856794634,51.833633333333346,c
1867,1868,l3104155,m1069456,0.0,0.0,0.0,0.0,0.0,7.132053673001249e-05,0.0,0.0,0.0,0.0,0.0,0.00014829752982137078,line,ln5562961-1,,1000000.0,7199.557856794634,51.833633333333346,c
1868,1869,m1069456,n1147867,0.0,0.0,0.0,0.0,0.0,2.536711847970011e-05,0.0,0.0,0.0,0.0,0.0,5.274611187330747e-05,line,ln5837361-7,,1000000.0,7199.557856794634,51.833633333333346,c
1869,1870,n1147867,d5837361-8_int,0.0,0.0,0.0,0.0,0.0,6.620365155442828e-06,0.0,0.0,0.0,0.0,0.0,1.3765793754248364e-05,line,ln5837361-8,,1000000.0,7199.557856794634,51.833633333333346,c
1868,1871,m1069456,l2897806,0.0,0.0,0.0,0.0,0.0,7.057319818727736e-05,0.0,0.0,0.0,0.0,0.0,0.00014674358105837325,line,ln6138635-1,,1000000.0,7199.557856794634,51.833633333333346,c
1857,1872,m1089173,l2935551,0.0,0.0,0.0,0.0,0.0,6.809755730031143e-05,0.0,0.0,0.0,0.0,0.0,0.00014159595535202685,line,ln5532741-1,,1000000.0,7199.557856794634,51.833633333333346,c
1872,1873,l2935551,d5746546-1_int,0.0,0.0,0.0,0.0,0.0,3.5851980007832744e-05,0.0,0.0,0.0,0.0,0.0,7.454739291283843e-05,line,ln5746546-1,,1000000.0,7199.557856794634,51.833633333333346,c
1873,1874,d5746546-1_int,e182723,0.0,0.0,0.0,0.0,0.0,1.9292492840877444e-05,0.0,0.0,0.0,0.0,0.0,1.9292492840877444e-05,switch,a333_48332_sw,CLOSED,1000000.0,7199.557856794634,51.833633333333346,c
1874,1875,e182723,m1089177,0.0,0.0,0.0,0.0,0.0,5.5109718580406926e-05,0.0,0.0,0.0,0.0,0.0,0.00011459020794477713,line,ln5806917-1,,1000000.0,7199.557856794634,51.833633333333346,c
1875,1876,m1089177,l2822863,0.0,0.0,0.0,0.0,0.0,0.0001498117901568415,0.0,0.0,0.0,0.0,0.0,0.0003115052050502601,line,ln5865230-1,,1000000.0,7199.557856794634,51.833633333333346,c
1876,1877,l2822863,m1089188,0.0,0.0,0.0,0.0,0.0,0.0004980069599597171,0.0,0.0,0.0,0.0,0.0,0.0010355110236403774,line,ln6380807-1,,1000000.0,7199.557856794634,51.833633333333346,c
1877,1878,m1089188,m1089189,0.0,0.0,0.0,0.0,0.0,7.420795210831576e-05,0.0,0.0,0.0,0.0,0.0,0.00015430136248729102,line,ln6229790-1,,1000000.0,7199.557856794634,51.833633333333346,c
1878,1879,m1089189,l2841619,0.0,0.0,0.0,0.0,0.0,8.879478003021203e-05,0.0,0.0,0.0,0.0,0.0,0.00018463190468350982,line,ln5593219-1,,1000000.0,7199.557856794634,51.833633333333346,c
1879,1880,l2841619,l2785515,0.0,0.0,0.0,0.0,0.0,0.0001303281550138938,0.0,0.0,0.0,0.0,0.0,0.00027099268094268257,line,ln6259985-1,,1000000.0,7199.557856794634,51.833633333333346,c
1877,1881,m1089188,l2673306,0.0,0.0,0.0,0.0,0.0,8.473977993696498e-05,0.0,0.0,0.0,0.0,0.0,0.00017620030104134444,line,ln5835132-1,,1000000.0,7199.557856794634,51.833633333333346,c
1875,1882,m1089177,l2729406,0.0,0.0,0.0,0.0,0.0,0.00015412611476846755,0.0,0.0,0.0,0.0,0.0,0.0003204760248461584,line,ln6199512-1,,1000000.0,7199.557856794634,51.833633333333346,c
1882,1883,l2729406,l2897768,0.0,0.0,0.0,0.0,0.0,0.00021794365267339285,0.0,0.0,0.0,0.0,0.0,0.0004531724915932962,line,ln5804790-1,,1000000.0,7199.557856794634,51.833633333333346,c
1855,1884,m1089170,l3029497,0.0,0.0,0.0,0.0,0.0,5.299602357285391e-05,0.0,0.0,0.0,0.0,0.0,0.00011019518004976173,line,ln5532740-1,,1000000.0,7199.557856794634,51.833633333333346,c
1855,1885,m1089170,l3085392,0.0,0.0,0.0,0.0,0.0,8.760881744092797e-05,0.0,0.0,0.0,0.0,0.0,0.00018216592040303298,line,ln5926293-1,,1000000.0,7199.557856794634,51.833633333333346,c
1853,1886,m1089165,l3197627,0.0,0.0,0.0,0.0,0.0,0.00014183938009362,0.0,0.0,0.0,0.0,0.0,0.0002949280903325961,line,ln5562922-1,,1000000.0,7199.557856794634,51.833633333333346,c
1853,1887,m1089165,l3216343,0.0,0.0,0.0,0.0,0.0,0.00017121602730273583,0.0,0.0,0.0,0.0,0.0,0.0003560112567708611,line,ln5926295-1,,1000000.0,7199.557856794634,51.833633333333346,c
1887,1888,l3216343,l3082981,0.0,0.0,0.0,0.0,0.0,8.33156267134145e-05,0.0,0.0,0.0,0.0,0.0,0.00017323904451099634,line,ln5985351-1,,1000000.0,7199.557856794634,51.833633333333346,c
1888,1889,l3082981,m1108368,0.0,0.0,0.0,0.0,0.0,0.0001783749724921206,0.0,0.0,0.0,0.0,0.0,0.00037089692556120245,line,ln5985351-2,,1000000.0,7199.557856794634,51.833633333333346,c
1889,1890,m1108368,l3085393,0.0,0.0,0.0,0.0,0.0,7.872113127319519e-05,0.0,0.0,0.0,0.0,0.0,0.00016368566261288514,line,ln5926294-1,,1000000.0,7199.557856794634,51.833633333333346,c
1889,1891,m1108368,l2897770,0.0,0.0,0.0,0.0,0.0,7.875646817478226e-05,0.0,0.0,0.0,0.0,0.0,0.0001637591389979093,line,ln6290206-1,,1000000.0,7199.557856794634,51.833633333333346,c
1845,1892,m1089155,l2935550,0.0,0.0,0.0,0.0,0.0,8.932717666585852e-05,0.0,0.0,0.0,0.0,0.0,0.00018573892251556095,line,ln6199510-1,,1000000.0,7199.557856794634,51.833633333333346,c
1845,1893,m1089155,m3037540,0.0,0.0,0.0,0.0,0.0,8.162379590085973e-05,0.0,0.0,0.0,0.0,0.0,0.00016972120320075316,line,ln6047559-2,,1000000.0,7199.557856794634,51.833633333333346,c
1893,1894,m3037540,l2822862,0.0,0.0,0.0,0.0,0.0,6.530607746964808e-05,0.0,0.0,0.0,0.0,0.0,0.000135791602462751,line,ln5593220-2,,1000000.0,7199.557856794634,51.833633333333346,c
1894,1895,l2822862,l3066806,0.0,0.0,0.0,0.0,0.0,7.231625407955837e-05,0.0,0.0,0.0,0.0,0.0,0.00015036793520680584,line,ln5744329-1,,1000000.0,7199.557856794634,51.833633333333346,c
1893,1896,m3037540,l2710509,0.0,0.0,0.0,0.0,0.0,3.7404580295033655e-06,0.0,0.0,0.0,0.0,0.0,7.777573075139757e-06,line,ln6506318-4,,1000000.0,7199.557856794634,51.833633333333346,c
1896,1897,l2710509,m1108364,0.0,0.0,0.0,0.0,0.0,0.00011542475522649705,0.0,0.0,0.0,0.0,0.0,0.00024000388759164732,line,ln6506319-2,,1000000.0,7199.557856794634,51.833633333333346,c
1897,1898,m1108364,l2897766,0.0,0.0,0.0,0.0,0.0,0.00010757731112810279,0.0,0.0,0.0,0.0,0.0,0.00022368661589739988,line,ln5683812-1,,1000000.0,7199.557856794634,51.833633333333346,c
1824,1899,m1108340,l3085394,0.0,0.0,0.0,0.0,0.0,0.0001145821077562895,0.0,0.0,0.0,0.0,0.0,0.0002382517619898019,line,ln5956461-1,,1000000.0,7199.557856794634,51.833633333333346,c
1824,1900,m1108340,l2916605,0.0,0.0,0.0,0.0,0.0,1.4838202196900464e-05,0.0,0.0,0.0,0.0,0.0,3.085322732665855e-05,line,ln5774452-1,,1000000.0,7199.557856794634,51.833633333333346,c
1824,1901,m1108340,l2822865,0.0,0.0,0.0,0.0,0.0,9.623672367169577e-05,0.0,0.0,0.0,0.0,0.0,0.00020010601508287085,line,ln5653455-1,,1000000.0,7199.557856794634,51.833633333333346,c
1901,1902,l2822865,l2916606,0.0,0.0,0.0,0.0,0.0,8.655911228809607e-05,0.0,0.0,0.0,0.0,0.0,0.0001799832576197308,line,ln6411368-1,,1000000.0,7199.557856794634,51.833633333333346,c
1902,1903,l2916606,l2822864,0.0,0.0,0.0,0.0,0.0,6.903840062662016e-05,0.0,0.0,0.0,0.0,0.0,0.00014355226061328258,line,ln5744332-1,,1000000.0,7199.557856794634,51.833633333333346,c
1820,1904,m1108331,l3045895,0.0,0.0,0.0,0.0,0.0,2.273187743607914e-06,0.0,0.0,0.0,0.0,0.0,4.726662791019215e-06,line,ln5712492-1,,1000000.0,7199.557856794634,51.833633333333346,c
1904,1905,l3045895,m1108329,0.0,0.0,0.0,0.0,0.0,0.00010024781335670724,0.0,0.0,0.0,0.0,0.0,0.00020844631535894644,line,ln5712492-2,,1000000.0,7199.557856794634,51.833633333333346,c
1905,1906,m1108329,l2935552,0.0,0.0,0.0,0.0,0.0,0.00017075599858264482,0.0,0.0,0.0,0.0,0.0,0.00035505471429425796,line,ln6262235-1,,1000000.0,7199.557856794634,51.833633333333346,c
1818,1907,m1108328,l3160878,0.0,0.0,0.0,0.0,0.0,0.00023357688592156055,0.0,0.0,0.0,0.0,0.0,0.0004856788352093138,line,ln5621860-1,,1000000.0,7199.557856794634,51.833633333333346,c
1907,1908,l3160878,l2917336,0.0,0.0,0.0,0.0,0.0,0.00021775487215829612,0.0,0.0,0.0,0.0,0.0,0.0004527799583153537,line,ln5745360-1,,1000000.0,7199.557856794634,51.833633333333346,c
1818,1909,m1108328,l2875754,0.0,0.0,0.0,0.0,0.0,2.3797201096585286e-05,0.0,0.0,0.0,0.0,0.0,4.9481766418072164e-05,line,ln5803287-1,,1000000.0,7199.557856794634,51.833633333333346,c
1809,1910,m1108315,m1108311,0.00013669708236029493,5.5904649171805374e-05,5.5904649171805374e-05,0.00013669708236029493,5.5904649171805374e-05,0.00013669708236029493,0.0002999070838876173,0.00013191454177499936,0.00013191454177499936,0.0002999070838876173,0.00013191454177499936,0.0002999070838876173,line,ln6291253-1,,1000000.0,7199.557856794634,51.833633333333346,abc
1910,1911,m1108311,l2898526,0.0,0.0,0.0,0.0,0.0,2.7609436228343368e-05,0.0,0.0,0.0,0.0,0.0,5.74085863644519e-05,line,ln5896844-1,,1000000.0,7199.557856794634,51.833633333333346,c
1910,1912,m1108311,l2879773,0.00016816965552739554,6.877590531758973e-05,6.877590531758973e-05,0.00016816965552739554,6.877590531758973e-05,0.00016816965552739554,0.000368956455520193,0.00016228600249773472,0.00016228600249773472,0.000368956455520193,0.00016228600249773472,0.000368956455520193,line,ln6170302-1,,1000000.0,7199.557856794634,51.833633333333346,abc
1912,1913,l2879773,m1108298,0.00017544890614523763,7.175288145341917e-05,7.175288145341917e-05,0.00017544890614523763,7.175288145341917e-05,0.00017544890614523763,0.00038492679510600887,0.00016931057824681395,0.00016931057824681395,0.00038492679510600887,0.00016931057824681395,0.00038492679510600887,line,ln6321427-1,,1000000.0,7199.557856794634,51.833633333333346,abc
1913,1914,m1108298,196-36167,7.434225667375553e-05,3.040355877554403e-05,3.040355877554403e-05,7.434225667375553e-05,3.040355877554403e-05,7.434225667375553e-05,0.00016310347685318858,7.174128777518328e-05,7.174128777518328e-05,0.00016310347685318858,7.174128777518328e-05,0.00016310347685318858,line,ln5531195-1,,1000000.0,7199.557856794634,51.833633333333346,abc
1914,1915,196-36167,l3011298,0.00015439776003354312,6.31436491441528e-05,6.31436491441528e-05,0.00015439776003354312,6.31436491441528e-05,0.00015439776003354312,0.0003387415530083748,0.00014899593622802183,0.00014899593622802183,0.0003387415530083748,0.00014899593622802183,0.0003387415530083748,line,ln6106511-1,,1000000.0,7199.557856794634,51.833633333333346,abc
1915,1916,l3011298,m1108295,0.00015175415042356657,6.206249901833359e-05,6.206249901833359e-05,0.00015175415042356657,6.206249901833359e-05,0.00015175415042356657,0.00033294159564735626,0.00014644481703578562,0.00014644481703578562,0.00033294159564735626,0.00014644481703578562,0.00033294159564735626,line,ln6351524-1,,1000000.0,7199.557856794634,51.833633333333346,abc
1916,1917,m1108295,l2936279,0.00015853682589875675,6.483639211348609e-05,6.483639211348609e-05,0.00015853682589875675,6.483639211348609e-05,0.00015853682589875675,0.00034782247230980646,0.00015299019102526094,0.00015299019102526094,0.00034782247230980646,0.00015299019102526094,0.00034782247230980646,line,ln6109158-1,,1000000.0,7199.557856794634,51.833633333333346,abc
1917,1918,l2936279,l3179678,0.00019255469857730717,7.874859276055627e-05,7.874859276055627e-05,0.00019255469857730717,7.874859276055627e-05,0.00019255469857730717,0.00042245611348873207,0.0001858179003594191,0.0001858179003594191,0.00042245611348873207,0.0001858179003594191,0.00042245611348873207,line,ln5473449-1,,1000000.0,7199.557856794634,51.833633333333346,abc
1918,1919,l3179678,l2804249,0.00022295436129308563,9.118106351796024e-05,9.118106351796024e-05,0.00022295436129308563,9.118106351796024e-05,0.00022295436129308563,0.000489151569154905,0.00021515398791904092,0.00021515398791904092,0.000489151569154905,0.00021515398791904092,0.000489151569154905,line,ln6079946-1,,1000000.0,7199.557856794634,51.833633333333346,abc
1919,1920,l2804249,n1139547,0.00013443411744112083,5.497917031219749e-05,5.497917031219749e-05,0.00013443411744112083,5.497917031219749e-05,0.00013443411744112083,0.0002949422433940896,0.00012973074988119037,0.00012973074988119037,0.0002949422433940896,0.00012973074988119037,0.0002949422433940896,line,ln6256144-4,,1000000.0,7199.557856794634,51.833633333333346,abc
1920,1921,n1139547,l2688693,0.00016097406892950447,6.58331450377457e-05,6.58331450377457e-05,0.00016097406892950447,6.58331450377457e-05,0.00016097406892950447,0.00035316967092923564,0.00015534216366464755,0.00015534216366464755,0.00035316967092923564,0.00015534216366464755,0.00035316967092923564,line,ln6256144-3,,1000000.0,7199.557856794634,51.833633333333346,abc
1921,1922,l2688693,l2688692,7.41748169328923e-05,3.033508138152252e-05,3.033508138152252e-05,7.41748169328923e-05,3.033508138152252e-05,7.41748169328923e-05,0.00016273612179672266,7.157970615025378e-05,7.157970615025378e-05,0.00016273612179672266,7.157970615025378e-05,0.00016273612179672266,line,ln6256144-1,,1000000.0,7199.557856794634,51.833633333333346,abc
1922,1923,l2688692,m1108286,9.649253456410858e-06,3.946230014102808e-06,3.946230014102808e-06,9.649253456410858e-06,3.946230014102808e-06,9.649253456410858e-06,2.1170016329809018e-05,9.31166068942366e-06,9.31166068942366e-06,2.1170016329809018e-05,9.31166068942366e-06,2.1170016329809018e-05,line,ln5527400-1,,1000000.0,7199.557856794634,51.833633333333346,abc
1923,1924,m1108286,l2933164,0.0001501195545286232,6.13940025993418e-05,6.13940025993418e-05,0.0001501195545286232,6.13940025993418e-05,0.0001501195545286232,0.00032935536776507396,0.00014486740978798192,0.00014486740978798192,0.00032935536776507396,0.00014486740978798192,0.00032935536776507396,line,ln5955063-1,,1000000.0,7199.557856794634,51.833633333333346,abc
1924,1925,l2933164,l3029498,0.0001277766000531186,5.225646279346288e-05,5.225646279346288e-05,0.0001277766000531186,5.225646279346288e-05,0.0001277766000531186,0.0002803359577931703,0.00012330615514636893,0.00012330615514636893,0.0002803359577931703,0.00012330615514636893,0.0002803359577931703,line,ln6440069-1,,1000000.0,7199.557856794634,51.833633333333346,abc
1925,1926,l3029498,m1089143,0.0001660622313568602,6.791403755219416e-05,6.791403755219416e-05,0.0001660622313568602,6.791403755219416e-05,0.0001660622313568602,0.0003643328642438724,0.00016025230953968753,0.00016025230953968753,0.0003643328642438724,0.00016025230953968753,0.0003643328642438724,line,ln5623403-1,,1000000.0,7199.557856794634,51.833633333333346,abc
1926,1927,m1089143,m1089145,0.00014022588990288793,5.734781638691474e-05,5.734781638691474e-05,0.00014022588990288793,5.734781638691474e-05,0.00014022588990288793,0.0003076491246205005,0.00013531988899935626,0.00013531988899935626,0.0003076491246205005,0.00013531988899935626,0.0003076491246205005,line,ln5604685-1,,1000000.0,7199.557856794634,51.833633333333346,abc
1927,1928,m1089145,l3047289,0.00014022440181889613,5.7347207809086574e-05,5.7347207809086574e-05,0.00014022440181889613,5.7347207809086574e-05,0.00014022440181889613,0.0003076458598329655,0.00013531845297808562,0.00013531845297808562,0.0003076458598329655,0.00013531845297808562,0.0003076458598329655,line,ln5604685-2,,1000000.0,7199.557856794634,51.833633333333346,abc
1927,1929,m1089145,l3215385,6.809189686233323e-05,2.7847365428753114e-05,2.7847365428753114e-05,6.809189686233323e-05,2.7847365428753114e-05,6.809189686233323e-05,0.00014939047616637584,6.570960563379374e-05,6.570960563379374e-05,0.00014939047616637584,6.570960563379374e-05,0.00014939047616637584,line,ln6028890-1,,1000000.0,7199.557856794634,51.833633333333346,abc
1926,1930,m1089143,l3141400,0.00010647827642155124,0.0,0.0,0.0,0.0,0.0,0.00022140138166274273,0.0,0.0,0.0,0.0,0.0,line,ln5472361-1,,1000000.0,7199.557856794634,51.833633333333346,a
1926,1931,m1089143,m1089141,0.0002600507616869097,0.00010635228161380404,0.00010635228161380404,0.0002600507616869097,0.00010635228161380404,0.0002600507616869097,0.0005705393579265455,0.0002509525183262604,0.0002509525183262604,0.0005705393579265455,0.0002509525183262604,0.0005705393579265455,line,ln5502533-1,,1000000.0,7199.557856794634,51.833633333333346,abc
1931,1932,m1089141,p895105,7.72349079651629e-06,0.0,0.0,0.0,0.0,0.0,1.6059534311376973e-05,0.0,0.0,0.0,0.0,0.0,line,ln5679773-1,,1000000.0,7199.557856794634,51.833633333333346,a
1932,1933,p895105,n1142110,1.1061719102590401e-05,0.0,0.0,0.0,0.0,0.0,2.3000746961593144e-05,0.0,0.0,0.0,0.0,0.0,line,ln6134417-2,,1000000.0,7199.557856794634,51.833633333333346,a
1933,1934,n1142110,l2673316,9.981201021987654e-06,0.0,0.0,0.0,0.0,0.0,2.07540145388226e-05,0.0,0.0,0.0,0.0,0.0,line,ln6134417-3,,1000000.0,7199.557856794634,51.833633333333346,a
1934,1935,l2673316,m1089138,5.977041867924879e-05,0.0,0.0,0.0,0.0,0.0,0.000124281249874438,0.0,0.0,0.0,0.0,0.0,line,ln6077777-1,,1000000.0,7199.557856794634,51.833633333333346,a
1935,1936,m1089138,l2841628,0.00011027222767199415,0.0,0.0,0.0,0.0,0.0,0.00022929018374556027,0.0,0.0,0.0,0.0,0.0,line,ln5653459-1,,1000000.0,7199.557856794634,51.833633333333346,a
1931,1937,m1089141,l3160107,0.0002093000357940049,8.559688963858078e-05,8.559688963858078e-05,0.0002093000357940049,8.559688963858078e-05,0.0002093000357940049,0.00045919460978039345,0.00020197737829170118,0.00020197737829170118,0.00045919460978039345,0.00020197737829170118,0.00045919460978039345,line,ln6259995-1,,1000000.0,7199.557856794634,51.833633333333346,abc
1937,1938,l3160107,l3104125,0.00020414367330349846,8.348810552221875e-05,8.348810552221875e-05,0.00020414367330349846,8.348810552221875e-05,0.00020414367330349846,0.0004478817886777503,0.00019700141842908945,0.00019700141842908945,0.0004478817886777503,0.00019700141842908945,0.0004478817886777503,line,ln6350541-1,,1000000.0,7199.557856794634,51.833633333333346,abc
1938,1939,l3104125,m1089131,7.241043020072549e-05,2.961350474241625e-05,2.961350474241625e-05,7.241043020072549e-05,2.961350474241625e-05,7.241043020072549e-05,0.00015886513881334445,6.987704898106697e-05,6.987704898106697e-05,0.00015886513881334445,6.987704898106697e-05,0.00015886513881334445,line,ln5502531-1,,1000000.0,7199.557856794634,51.833633333333346,abc
1939,1940,m1089131,l3029502,0.00018131521343992208,7.415200984431593e-05,7.415200984431593e-05,0.00018131521343992208,7.415200984431593e-05,0.00018131521343992208,0.0003977972023126553,0.00017497164449144662,0.00017497164449144662,0.0003977972023126553,0.00017497164449144662,0.0003977972023126553,line,ln6290212-1,,1000000.0,7199.557856794634,51.833633333333346,abc
1940,1941,l3029502,d6138608-3_int,0.0001619037162717385,6.621334048613215e-05,6.621334048613215e-05,0.0001619037162717385,6.621334048613215e-05,0.0001619037162717385,0.0003552092742524319,0.00015623928598098143,0.00015623928598098143,0.0003552092742524319,0.00015623928598098143,0.0003552092742524319,line,ln6138608-3,,1000000.0,7199.557856794634,51.833633333333346,abc
1941,1942,d6138608-3_int,q14404,1.9292492840877444e-05,0.0,0.0,1.9292492840877444e-05,0.0,1.9292492840877444e-05,1.9292492840877444e-05,0.0,0.0,1.9292492840877444e-05,0.0,1.9292492840877444e-05,switch,ln4586093_sw,CLOSED,1000000.0,7199.557856794634,51.833633333333346,abc
1942,1943,q14404,regxfmr_190-7361,8.703331852098599e-06,3.5593789232088005e-06,3.5593789232088005e-06,8.703331852098599e-06,3.5593789232088005e-06,8.703331852098599e-06,1.909470802741334e-05,8.39883348906662e-06,8.39883348906662e-06,1.909470802741334e-05,8.39883348906662e-06,1.909470802741334e-05,line,ln6138608-2,,1000000.0,7199.557856794634,51.833633333333346,abc
1943,1944,regxfmr_190-7361,190-7361,1.0001228288710867e-05,0.0,0.0,1.0001228288710867e-05,0.0,1.0001228288710867e-05,0.00010001228288710867,0.0,0.0,0.00010001228288710867,0.0,0.00010001228288710867,transformer,vreg4_a,,1000000.0,7199.557856794634,51.833633333333346,abc
1944,1945,190-7361,m1089120,1.1019491040887858e-05,4.506612504493538e-06,4.506612504493538e-06,1.1019491040887858e-05,4.506612504493538e-06,1.1019491040887858e-05,2.4176254291132714e-05,1.0633958575802454e-05,1.0633958575802454e-05,2.4176254291132714e-05,1.0633958575802454e-05,2.4176254291132714e-05,line,ln5502532-1,,1000000.0,7199.557856794634,51.833633333333346,abc
1945,1946,m1089120,m1089119,0.00010968337301713359,4.48569229322788e-05,4.48569229322788e-05,0.00010968337301713359,4.48569229322788e-05,0.00010968337301713359,0.00024064025350464203,0.0001058459452247543,0.0001058459452247543,0.00024064025350464203,0.0001058459452247543,0.00024064025350464203,line,ln5472360-1,,1000000.0,7199.557856794634,51.833633333333346,abc
1946,1947,m1089119,p827521,0.0,0.0,0.0,7.62182503123776e-06,0.0,0.0,0.0,0.0,0.0,1.5848139633918514e-05,0.0,0.0,line,ln5625547-1,,1000000.0,7199.557856794634,51.833633333333346,b
1947,1948,p827521,n1139546,0.0,0.0,0.0,1.0228203502359149e-05,0.0,0.0,0.0,0.0,0.0,2.1267609351457125e-05,0.0,0.0,line,ln5955074-3,,1000000.0,7199.557856794634,51.833633333333346,b
1948,1949,n1139546,l2970842,0.0,0.0,0.0,9.574814345125973e-05,0.0,0.0,0.0,0.0,0.0,0.00019909010517624008,0.0,0.0,line,ln5955074-2,,1000000.0,7199.557856794634,51.833633333333346,b
1949,1950,l2970842,m1089113,0.0,0.0,0.0,8.042840267805523e-05,0.0,0.0,0.0,0.0,0.0,0.00016723560970643896,0.0,0.0,line,ln6409873-1,,1000000.0,7199.557856794634,51.833633333333346,b
1950,1951,m1089113,m1089103,0.0,0.0,0.0,0.000493614464482199,0.0,0.0,0.0,0.0,0.0,0.0010263776623543656,0.0,0.0,line,ln6046042-1,,1000000.0,7199.557856794634,51.833633333333346,b
1951,1952,m1089103,l3048196,0.0,0.0,0.0,7.164704276309653e-05,0.0,0.0,0.0,0.0,0.0,0.00014897643719361106,0.0,0.0,line,ln6138597-1,,1000000.0,7199.557856794634,51.833633333333346,b
1952,1953,l3048196,m1089097,0.0,0.0,0.0,0.00030816722179743006,0.0,0.0,0.0,0.0,0.0,0.0006407752922201734,0.0,0.0,line,ln6411366-1,,1000000.0,7199.557856794634,51.833633333333346,b
1953,1954,m1089097,m1108268,0.0,0.0,0.0,0.00015993739020160009,0.0,0.0,0.0,0.0,0.0,0.00033255946997091327,0.0,0.0,line,ln5803267-1,,1000000.0,7199.557856794634,51.833633333333346,b
1954,1955,m1108268,m1108267,0.0,0.0,0.0,0.0004759470431360846,0.0,0.0,0.0,0.0,0.0,0.0009896416103829621,0.0,0.0,line,ln5500971-1,,1000000.0,7199.557856794634,51.833633333333346,b
1955,1956,m1108267,m1108266,0.0,0.0,0.0,0.00021374285820853766,0.0,0.0,0.0,0.0,0.0,0.00044443773620602827,0.0,0.0,line,ln5472340-1,,1000000.0,7199.557856794634,51.833633333333346,b
1956,1957,m1108266,m1108265,0.0,0.0,0.0,0.00015425679864232298,0.0,0.0,0.0,0.0,0.0,0.00032074775717696807,0.0,0.0,line,ln5835123-1,,1000000.0,7199.557856794634,51.833633333333346,b
1957,1958,m1108265,m1108264,0.0,0.0,0.0,0.0010844192163518022,0.0,0.0,0.0,0.0,0.0,0.0022548440946901266,0.0,0.0,line,ln5926296-1,,1000000.0,7199.557856794634,51.833633333333346,b
1958,1959,m1108264,m1108263,0.0,0.0,0.0,0.00011189008149792057,0.0,0.0,0.0,0.0,0.0,0.0002326542039422279,0.0,0.0,line,ln5714038-1,,1000000.0,7199.557856794634,51.833633333333346,b
1959,1960,m1108263,n1142112,0.0,0.0,0.0,0.00013211253426829037,0.0,0.0,0.0,0.0,0.0,0.0002747029591854452,0.0,0.0,line,ln5686078-2,,1000000.0,7199.557856794634,51.833633333333346,b
1960,1961,n1142112,p827496,0.0,0.0,0.0,1.388396374554745e-05,0.0,0.0,0.0,0.0,0.0,2.886906944332797e-05,0.0,0.0,line,ln5686078-3,,1000000.0,7199.557856794634,51.833633333333346,b
1961,1962,p827496,m1108262,0.0,0.0,0.0,5.115261557971689e-06,0.0,0.0,0.0,0.0,0.0,1.0636216273989409e-05,0.0,0.0,line,ln6292463-1,,1000000.0,7199.557856794634,51.833633333333346,b
1962,1963,m1108262,m1108261,0.0,0.0,0.0,5.115504373286585e-06,0.0,0.0,0.0,0.0,0.0,1.0636721162385554e-05,0.0,0.0,line,ln5562918-1,,1000000.0,7199.557856794634,51.833633333333346,b
1963,1964,m1108261,m1108260,0.0,0.0,0.0,5.466233192219465e-05,0.0,0.0,0.0,0.0,0.0,0.00011365995223821852,0.0,0.0,line,ln6320323-1,,1000000.0,7199.557856794634,51.833633333333346,b
1964,1965,m1108260,m1108259,0.0,0.0,0.0,3.989975942261427e-05,0.0,0.0,0.0,0.0,0.0,8.296398252357381e-05,0.0,0.0,line,ln6078744-1,,1000000.0,7199.557856794634,51.833633333333346,b
1965,1966,m1108259,m1108258,0.0,0.0,0.0,5.172732138527814e-05,0.0,0.0,0.0,0.0,0.0,0.00010755715446663007,0.0,0.0,line,ln5894220-2,,1000000.0,7199.557856794634,51.833633333333346,b
1966,1967,m1108258,l3195318,0.0,0.0,0.0,5.1158424124876435e-05,0.0,0.0,0.0,0.0,0.0,0.00010637424050793272,0.0,0.0,line,ln5500978-1,,1000000.0,7199.557856794634,51.833633333333346,b
1966,1968,m1108258,m1108257,0.0,0.0,0.0,4.841825665317692e-05,0.0,0.0,0.0,0.0,0.0,0.00010067658193746786,0.0,0.0,line,ln5894220-1,,1000000.0,7199.557856794634,51.833633333333346,b
1968,1969,m1108257,l3142078,0.0,0.0,0.0,0.0004897872251543238,0.0,0.0,0.0,0.0,0.0,0.0010184196440277836,0.0,0.0,line,ln5866235-1,,1000000.0,7199.557856794634,51.833633333333346,b
1969,1970,l3142078,l2879752,0.0,0.0,0.0,0.00015076850487682063,0.0,0.0,0.0,0.0,0.0,0.00031349451186456147,0.0,0.0,line,ln6230759-1,,1000000.0,7199.557856794634,51.833633333333346,b
1953,1971,m1089097,m1108270,0.0,0.0,0.0,9.301167303854831e-05,0.0,0.0,0.0,0.0,0.0,0.00019340013393877458,0.0,0.0,line,ln6077773-1,,1000000.0,7199.557856794634,51.833633333333346,b
1971,1972,m1108270,l2785516,0.0,0.0,0.0,0.00013805942820909714,0.0,0.0,0.0,0.0,0.0,0.0002870683972761572,0.0,0.0,line,ln6199509-1,,1000000.0,7199.557856794634,51.833633333333346,b
1972,1973,l2785516,m1108274,0.0,0.0,0.0,0.000169128800283471,0.0,0.0,0.0,0.0,0.0,0.0003516712640377,0.0,0.0,line,ln5683811-1,,1000000.0,7199.557856794634,51.833633333333346,b
1973,1974,m1108274,m1108269,0.0,0.0,0.0,6.857916189552599e-05,0.0,0.0,0.0,0.0,0.0,0.00014259736076897302,0.0,0.0,line,ln5926292-1,,1000000.0,7199.557856794634,51.833633333333346,b
1974,1975,m1108269,l2729405,0.0,0.0,0.0,8.115502023460955e-05,0.0,0.0,0.0,0.0,0.0,0.00016874647310851574,0.0,0.0,line,ln5956458-1,,1000000.0,7199.557856794634,51.833633333333346,b
1973,1976,m1108274,m1108276,0.0,0.0,0.0,5.913646817478226e-05,0.0,0.0,0.0,0.0,0.0,0.00012296307003239207,0.0,0.0,line,ln5472347-1,,1000000.0,7199.557856794634,51.833633333333346,b
1976,1977,m1108276,l2786273,0.0,0.0,0.0,4.631222319613583e-05,0.0,0.0,0.0,0.0,0.0,9.629748478368932e-05,0.0,0.0,line,ln6048641-1,,1000000.0,7199.557856794634,51.833633333333346,b
1977,1978,l2786273,m1108278,0.0,0.0,0.0,0.00012084155088491447,0.0,0.0,0.0,0.0,0.0,0.0002512670868400118,0.0,0.0,line,ln6018340-1,,1000000.0,7199.557856794634,51.833633333333346,b
1978,1979,m1108278,l3179699,0.0,0.0,0.0,0.00012883667592920682,0.0,0.0,0.0,0.0,0.0,0.000267891433052799,0.0,0.0,line,ln5987964-1,,1000000.0,7199.557856794634,51.833633333333346,b
1978,1980,m1108278,l2805036,0.0,0.0,0.0,7.42194181384159e-05,0.0,0.0,0.0,0.0,0.0,0.00015432520392229238,0.0,0.0,line,ln5594245-1,,1000000.0,7199.557856794634,51.833633333333346,b
1951,1981,m1089103,l2673305,0.0,0.0,0.0,0.000122435045970795,0.0,0.0,0.0,0.0,0.0,0.00025458045765651513,0.0,0.0,line,ln6047558-1,,1000000.0,7199.557856794634,51.833633333333346,b
1950,1982,m1089113,l2691946,0.0,0.0,0.0,8.505642229723426e-05,0.0,0.0,0.0,0.0,0.0,0.00017685869877666298,0.0,0.0,line,ln5835141-1,,1000000.0,7199.557856794634,51.833633333333346,b
1946,1983,m1089119,m1089118,0.00014934608406253587,6.107767840057511e-05,6.107767840057511e-05,0.00014934608406253587,6.107767840057511e-05,0.00014934608406253587,0.0003276584092934509,0.00014412100027909805,0.00014412100027909805,0.0003276584092934509,0.00014412100027909805,0.0003276584092934509,line,ln5683823-1,,1000000.0,7199.557856794634,51.833633333333346,abc
1983,1984,m1089118,l2973158,0.0,0.0,0.0,0.0,0.0,9.651269278827323e-05,0.0,0.0,0.0,0.0,0.0,0.00020067984052182328,line,ln6411380-1,,1000000.0,7199.557856794634,51.833633333333346,c
1983,1985,m1089118,l3048208,5.0685765651517115e-05,0.0,0.0,0.0,0.0,0.0,0.00010539143685470628,0.0,0.0,0.0,0.0,0.0,line,ln6047570-1,,1000000.0,7199.557856794634,51.833633333333346,a
1983,1986,m1089118,m1089115,0.0003061520581295669,0.00012520620855570598,0.00012520620855570598,0.0003061520581295669,0.00012520620855570598,0.0003061520581295669,0.0006716834726422804,0.00029544089576973503,0.00029544089576973503,0.0006716834726422804,0.00029544089576973503,0.0006716834726422804,line,ln5835143-1,,1000000.0,7199.557856794634,51.833633333333346,abc
1986,1987,m1089115,m1089112,0.0001732379787280973,7.084868423526802e-05,7.084868423526802e-05,0.0001732379787280973,7.084868423526802e-05,0.0001732379787280973,0.00038007612248803694,0.00016717700324949886,0.00016717700324949886,0.00038007612248803694,0.00016717700324949886,0.00038007612248803694,line,ln5593234-1,,1000000.0,7199.557856794634,51.833633333333346,abc
1987,1988,m1089112,l2691951,0.0,0.0,0.0,0.0,0.0,7.277829581693737e-05,0.0,0.0,0.0,0.0,0.0,0.00015132866337108013,line,ln6138609-1,,1000000.0,7199.557856794634,51.833633333333346,c
1988,1989,l2691951,n1139542,0.0,0.0,0.0,0.0,0.0,2.586796143302064e-05,0.0,0.0,0.0,0.0,0.0,5.378751980728085e-05,line,ln6292465-2,,1000000.0,7199.557856794634,51.833633333333346,c
1989,1990,n1139542,p827523,0.0,0.0,0.0,0.0,0.0,2.4164422894015397e-05,0.0,0.0,0.0,0.0,0.0,5.024533450031478e-05,line,ln6292465-3,,1000000.0,7199.557856794634,51.833633333333346,c
1990,1991,p827523,l2879076,0.0,0.0,0.0,0.0,0.0,3.954052367542567e-05,0.0,0.0,0.0,0.0,0.0,8.221701991821267e-05,line,ln5837355-1,,1000000.0,7199.557856794634,51.833633333333346,c
1991,1992,l2879076,m1089122,0.0,0.0,0.0,0.0,0.0,2.7128274743104378e-05,0.0,0.0,0.0,0.0,0.0,5.6408102310661854e-05,line,ln5532751-1,,1000000.0,7199.557856794634,51.833633333333346,c
1992,1993,m1089122,m1089132,0.0,0.0,0.0,0.0,0.0,8.513016877715819e-05,0.0,0.0,0.0,0.0,0.0,0.00017701204059526336,line,ln6108137-1,,1000000.0,7199.557856794634,51.833633333333346,c
1993,1994,m1089132,l3029503,0.0,0.0,0.0,0.0,0.0,5.259479532272803e-05,0.0,0.0,0.0,0.0,0.0,0.00010936090199863793,line,ln6077779-1,,1000000.0,7199.557856794634,51.833633333333346,c
1994,1995,l3029503,m1069202,0.0,0.0,0.0,0.0,0.0,7.052590962496036e-05,0.0,0.0,0.0,0.0,0.0,0.0001466452534615555,line,ln5683824-1,,1000000.0,7199.557856794634,51.833633333333346,c
1995,1996,m1069202,l3104126,0.0,0.0,0.0,0.0,0.0,0.0001014210197497249,0.0,0.0,0.0,0.0,0.0,0.00021088577554856592,line,ln5714049-1,,1000000.0,7199.557856794634,51.833633333333346,c
1995,1997,m1069202,l2879073,0.0,0.0,0.0,0.0,0.0,0.00013603341974226515,0.0,0.0,0.0,0.0,0.0,0.0002828556969123651,line,ln5956467-1,,1000000.0,7199.557856794634,51.833633333333346,c
1997,1998,l2879073,m1069205,0.0,0.0,0.0,0.0,0.0,6.996655377557299e-05,0.0,0.0,0.0,0.0,0.0,0.00014548217905748452,line,ln5835140-1,,1000000.0,7199.557856794634,51.833633333333346,c
1998,1999,m1069205,m1069208,0.0,0.0,0.0,0.0,0.0,4.062020365155442e-05,0.0,0.0,0.0,0.0,0.0,8.44620096616804e-05,line,ln5472358-1,,1000000.0,7199.557856794634,51.833633333333346,c
1999,2000,m1069208,l3010567,0.0,0.0,0.0,0.0,0.0,0.00012398052628634303,0.0,0.0,0.0,0.0,0.0,0.0002577939908643615,line,ln5865243-1,,1000000.0,7199.557856794634,51.833633333333346,c
1999,2001,m1069208,m1069213,0.0,0.0,0.0,0.0,0.0,0.00015840275265287848,0.0,0.0,0.0,0.0,0.0,0.0003293684822402956,line,ln5593233-1,,1000000.0,7199.557856794634,51.833633333333346,c
2001,2002,m1069213,m1069217,0.0,0.0,0.0,0.0,0.0,0.00010804457619216349,0.0,0.0,0.0,0.0,0.0,0.0002246582049788779,line,ln6259993-1,,1000000.0,7199.557856794634,51.833633333333346,c
2002,2003,m1069217,l2841626,0.0,0.0,0.0,0.0,0.0,4.552244456462952e-06,0.0,0.0,0.0,0.0,0.0,9.465528990507448e-06,line,ln6411376-1,,1000000.0,7199.557856794634,51.833633333333346,c
2003,2004,l2841626,l3235266,0.0,0.0,0.0,0.0,0.0,0.00010467666735047834,0.0,0.0,0.0,0.0,0.0,0.00021765527728392564,line,ln6260019-1,,1000000.0,7199.557856794634,51.833633333333346,c
2004,2005,l3235266,l2801950,0.0,0.0,0.0,0.0,0.0,8.885560918296934e-05,0.0,0.0,0.0,0.0,0.0,0.0001847583873701052,line,ln6046144-1,,1000000.0,7199.557856794634,51.833633333333346,c
2005,2006,l2801950,m1069224,0.0,0.0,0.0,0.0,0.0,3.681282035023591e-05,0.0,0.0,0.0,0.0,0.0,7.654527817652502e-05,line,ln6137087-1,,1000000.0,7199.557856794634,51.833633333333346,c
2006,2007,m1069224,m1069218,0.0,0.0,0.0,0.0,0.0,0.0001338603793289942,0.0,0.0,0.0,0.0,0.0,0.00027833727150132243,line,ln5744357-1,,1000000.0,7199.557856794634,51.833633333333346,c
2007,2008,m1069218,l2954351,0.0,0.0,0.0,0.0,0.0,0.00010099531191137798,0.0,0.0,0.0,0.0,0.0,0.00021000059683641697,line,ln6047569-1,,1000000.0,7199.557856794634,51.833633333333346,c
2007,2009,m1069218,l2860486,0.0,0.0,0.0,0.0,0.0,3.924815277596463e-06,0.0,0.0,0.0,0.0,0.0,8.160909008243682e-06,line,ln6077776-1,,1000000.0,7199.557856794634,51.833633333333346,c
2009,2010,l2860486,l3141399,0.0,0.0,0.0,0.0,0.0,0.000112960616176498,0.0,0.0,0.0,0.0,0.0,0.00023488017777389063,line,ln6350540-1,,1000000.0,7199.557856794634,51.833633333333346,c
2010,2011,l3141399,m1069210,0.0,0.0,0.0,0.0,0.0,8.601833013185132e-05,0.0,0.0,0.0,0.0,0.0,0.00017885880368795289,line,ln5593235-1,,1000000.0,7199.557856794634,51.833633333333346,c
2011,2012,m1069210,l3085400,0.0,0.0,0.0,0.0,0.0,9.080438671416048e-05,0.0,0.0,0.0,0.0,0.0,0.00018881050065047852,line,ln6411379-1,,1000000.0,7199.557856794634,51.833633333333346,c
2006,2013,m1069224,m1069226,0.0,0.0,0.0,0.0,0.0,0.00013783538911993432,0.0,0.0,0.0,0.0,0.0,0.00028660255048041516,line,ln6077801-1,,1000000.0,7199.557856794634,51.833633333333346,c
2013,2014,m1069226,d5712486-1_int,0.0,0.0,0.0,0.0,0.0,9.322906324014842e-06,0.0,0.0,0.0,0.0,0.0,1.9385215563382585e-05,line,ln5712486-1,,1000000.0,7199.557856794634,51.833633333333346,c
2014,2015,d5712486-1_int,e206210,0.0,0.0,0.0,0.0,0.0,1.9292492840877444e-05,0.0,0.0,0.0,0.0,0.0,1.9292492840877444e-05,switch,x8271_48332_sw,CLOSED,1000000.0,7199.557856794634,51.833633333333346,c
2015,2016,e206210,m1069225,0.0,0.0,0.0,0.0,0.0,5.1500322634788596e-06,0.0,0.0,0.0,0.0,0.0,1.0708515361647422e-05,line,ln5591697-1,,1000000.0,7199.557856794634,51.833633333333346,c
2016,2017,m1069225,n1139544,0.0,0.0,0.0,0.0,0.0,1.3673234740120472e-05,0.0,0.0,0.0,0.0,0.0,2.8430898442388426e-05,line,ln5803270-2,,1000000.0,7199.557856794634,51.833633333333346,c
2017,2018,n1139544,l2897776,0.0,0.0,0.0,0.0,0.0,2.976727886462393e-05,0.0,0.0,0.0,0.0,0.0,6.18954108805801e-05,line,ln5803270-3,,1000000.0,7199.557856794634,51.833633333333346,c
2018,2019,l2897776,l3254215,0.0,0.0,0.0,0.0,0.0,0.0001626098804572835,0.0,0.0,0.0,0.0,0.0,0.0003381164066060067,line,ln6411378-1,,1000000.0,7199.557856794634,51.833633333333346,c
2016,2020,m1069225,l3122819,0.0,0.0,0.0,0.0,0.0,7.20987508625352e-05,0.0,0.0,0.0,0.0,0.0,0.00014991567851761626,line,ln5591696-1,,1000000.0,7199.557856794634,51.833633333333346,c
2013,2021,m1069226,m1069227,0.0,0.0,0.0,0.0,0.0,1.1701278976520391e-05,0.0,0.0,0.0,0.0,0.0,2.43305904235924e-05,line,ln6231994-1,,1000000.0,7199.557856794634,51.833633333333346,c
2021,2022,m1069227,l2748133,0.0,0.0,0.0,0.0,0.0,0.00011177317543499746,0.0,0.0,0.0,0.0,0.0,0.00023241111995621886,line,ln6019478-1,,1000000.0,7199.557856794634,51.833633333333346,c
2022,2023,l2748133,l3085399,0.0,0.0,0.0,0.0,0.0,9.546130247477666e-05,0.0,0.0,0.0,0.0,0.0,0.00019849367376651835,line,ln6108135-1,,1000000.0,7199.557856794634,51.833633333333346,c
2002,2024,m1069217,l2954350,0.0,0.0,0.0,0.0,0.0,9.887995859831035e-05,0.0,0.0,0.0,0.0,0.0,0.00020560212080959013,line,ln5683821-1,,1000000.0,7199.557856794634,51.833633333333346,c
2024,2025,l2954350,m1069206,0.0,0.0,0.0,0.0,0.0,0.00012849278454336917,0.0,0.0,0.0,0.0,0.0,0.00026717637613672966,line,ln6138606-1,,1000000.0,7199.557856794634,51.833633333333346,c
2025,2026,m1069206,l2841625,0.0,0.0,0.0,0.0,0.0,0.00017017949683892502,0.0,0.0,0.0,0.0,0.0,0.00035385598825473025,line,ln5986929-1,,1000000.0,7199.557856794634,51.833633333333346,c
2026,2027,l2841625,l3010566,0.0,0.0,0.0,0.0,0.0,9.74603506089032e-05,0.0,0.0,0.0,0.0,0.0,0.000202650315231616,line,ln5835139-1,,1000000.0,7199.557856794634,51.833633333333346,c
2001,2028,m1069213,l3178977,0.0,0.0,0.0,0.0,0.0,4.5794631580910464e-05,0.0,0.0,0.0,0.0,0.0,9.522125118375518e-05,line,ln5623401-1,,1000000.0,7199.557856794634,51.833633333333346,c
2028,2029,l3178977,l3160105,0.0,0.0,0.0,0.0,0.0,6.673265548945374e-05,0.0,0.0,0.0,0.0,0.0,0.0001387579008970366,line,ln5895777-1,,1000000.0,7199.557856794634,51.833633333333346,c
2029,2030,l3160105,l3235251,0.0,0.0,0.0,0.0,0.0,9.378390854329457e-05,0.0,0.0,0.0,0.0,0.0,0.00019500585121243666,line,ln5774461-1,,1000000.0,7199.557856794634,51.833633333333346,c
1999,2031,m1069208,l2691945,0.0,0.0,0.0,0.0,0.0,2.621993845694783e-05,0.0,0.0,0.0,0.0,0.0,5.451938927427428e-05,line,ln5683820-1,,1000000.0,7199.557856794634,51.833633333333346,c
1995,2032,m1069202,l2785524,0.0,0.0,0.0,0.0,0.0,2.363301877995561e-05,0.0,0.0,0.0,0.0,0.0,4.914038042866632e-05,line,ln6017296-1,,1000000.0,7199.557856794634,51.833633333333346,c
2032,2033,l2785524,m1069201,0.0,0.0,0.0,0.0,0.0,2.3382487085283742e-05,0.0,0.0,0.0,0.0,0.0,4.861944728422792e-05,line,ln6138607-1,,1000000.0,7199.557856794634,51.833633333333346,c
2033,2034,m1069201,l3010565,0.0,0.0,0.0,0.0,0.0,0.00016161632942317372,0.0,0.0,0.0,0.0,0.0,0.0003360505056626681,line,ln6199520-1,,1000000.0,7199.557856794634,51.833633333333346,c
2034,2035,l3010565,l2897775,0.0,0.0,0.0,0.0,0.0,0.00015757926185636223,0.0,0.0,0.0,0.0,0.0,0.000327656189308229,line,ln5593232-1,,1000000.0,7199.557856794634,51.833633333333346,c
1993,2036,m1089132,l2691950,0.0,0.0,0.0,0.0,0.0,4.256011338841124e-05,0.0,0.0,0.0,0.0,0.0,8.849568404555856e-05,line,ln5956468-1,,1000000.0,7199.557856794634,51.833633333333346,c
2036,2037,l2691950,l2916609,0.0,0.0,0.0,0.0,0.0,7.941712165009976e-05,0.0,0.0,0.0,0.0,0.0,0.0001651328426034833,line,ln6047571-1,,1000000.0,7199.557856794634,51.833633333333346,c
1992,2038,m1089122,p860892,0.0,0.0,0.0,0.0,0.0,3.507599709069207e-05,0.0,0.0,0.0,0.0,0.0,7.293388360581834e-05,line,ln5544392-1,,1000000.0,7199.557856794634,51.833633333333346,c
2038,2039,p860892,n1139543,0.0,0.0,0.0,0.0,0.0,1.2008519796348443e-05,0.0,0.0,0.0,0.0,0.0,2.496943943861417e-05,line,ln6108138-2,,1000000.0,7199.557856794634,51.833633333333346,c
2039,2040,n1139543,l2727795,0.0,0.0,0.0,0.0,0.0,5.554009809589526e-05,0.0,0.0,0.0,0.0,0.0,0.00011548510052353392,line,ln6108138-3,,1000000.0,7199.557856794634,51.833633333333346,c
2040,2041,l2727795,l2972704,0.0,0.0,0.0,0.0,0.0,3.5872460416627815e-05,0.0,0.0,0.0,0.0,0.0,7.45899780387123e-05,line,ln5895778-1,,1000000.0,7199.557856794634,51.833633333333346,c
2041,2042,l2972704,l3263051,0.0,0.0,0.0,0.0,0.0,5.952863616866524e-05,0.0,0.0,0.0,0.0,0.0,0.00012377850899898324,line,ln5956469-1,,1000000.0,7199.557856794634,51.833633333333346,c
2042,2043,l3263051,m1069199,0.0,0.0,0.0,0.0,0.0,7.992864288245276e-05,0.0,0.0,0.0,0.0,0.0,0.00016619645399351384,line,ln5623404-1,,1000000.0,7199.557856794634,51.833633333333346,c
2043,2044,m1069199,l2785525,0.0,0.0,0.0,0.0,0.0,8.031816452509277e-05,0.0,0.0,0.0,0.0,0.0,0.00016700639037458946,line,ln5986932-1,,1000000.0,7199.557856794634,51.833633333333346,c
1987,2045,m1089112,p827520,0.0,0.0,0.0,0.0,0.0,5.182505734693496e-06,0.0,0.0,0.0,0.0,0.0,1.0776037786276474e-05,line,ln5776667-1,,1000000.0,7199.557856794634,51.833633333333346,c
2045,2046,p827520,n1139545,0.0,0.0,0.0,0.0,0.0,7.167132653251523e-06,0.0,0.0,0.0,0.0,0.0,1.4902693068657477e-05,line,ln5712477-2,,1000000.0,7199.557856794634,51.833633333333346,c
2046,2047,n1139545,m1069174,0.0,0.0,0.0,0.0,0.0,0.0001153792693161261,0.0,0.0,0.0,0.0,0.0,0.00023990930826766913,line,ln5712477-3,,1000000.0,7199.557856794634,51.833633333333346,c
2047,2048,m1069174,l3216347,0.0,0.0,0.0,0.0,0.0,8.243990600697486e-05,0.0,0.0,0.0,0.0,0.0,0.00017141814938691666,line,ln5833622-1,,1000000.0,7199.557856794634,51.833633333333346,c
2048,2049,l3216347,l2785523,0.0,0.0,0.0,0.0,0.0,9.618929300087649e-05,0.0,0.0,0.0,0.0,0.0,0.0002000073919983742,line,ln6138605-1,,1000000.0,7199.557856794634,51.833633333333346,c
2049,2050,l2785523,l3141388,0.0,0.0,0.0,0.0,0.0,0.00011154649111355623,0.0,0.0,0.0,0.0,0.0,0.00023193977290163586,line,ln5926303-1,,1000000.0,7199.557856794634,51.833633333333346,c
2050,2051,l3141388,l3626914,0.0,0.0,0.0,0.0,0.0,4.389131534286939e-05,0.0,0.0,0.0,0.0,0.0,9.126366604051806e-05,line,ln5926284-2,,1000000.0,7199.557856794634,51.833633333333346,c
2051,2052,l3626914,m1089102,0.0,0.0,0.0,0.0,0.0,4.835494787489975e-05,0.0,0.0,0.0,0.0,0.0,0.00010054494333987775,line,ln5926284-3,,1000000.0,7199.557856794634,51.833633333333346,c
2052,2053,m1089102,m1089096,0.0,0.0,0.0,0.0,0.0,0.00018970105369165062,0.0,0.0,0.0,0.0,0.0,0.00039444736336574247,line,ln5744324-1,,1000000.0,7199.557856794634,51.833633333333346,c
2053,2054,m1089096,m1089093,0.0,0.0,0.0,0.0,0.0,9.785271889744687e-05,0.0,0.0,0.0,0.0,0.0,0.0002034661706729671,line,ln5683804-1,,1000000.0,7199.557856794634,51.833633333333346,c
2054,2055,m1089093,m1089094,0.0,0.0,0.0,0.0,0.0,6.782907069991233e-05,0.0,0.0,0.0,0.0,0.0,0.00014103768838636942,line,ln5593214-1,,1000000.0,7199.557856794634,51.833633333333346,c
2055,2056,m1089094,m1069147,0.0,0.0,0.0,0.0,0.0,6.847085507543685e-05,0.0,0.0,0.0,0.0,0.0,0.00014237215727754628,line,ln5744323-1,,1000000.0,7199.557856794634,51.833633333333346,c
2056,2057,m1069147,l3066801,0.0,0.0,0.0,0.0,0.0,4.0727215829618986e-05,0.0,0.0,0.0,0.0,0.0,8.468452119055258e-05,line,ln6138589-1,,1000000.0,7199.557856794634,51.833633333333346,c
2056,2058,m1069147,l2879055,0.0,0.0,0.0,0.0,0.0,6.681265586244194e-05,0.0,0.0,0.0,0.0,0.0,0.00013892424650018098,line,ln5653450-1,,1000000.0,7199.557856794634,51.833633333333346,c
2058,2059,l2879055,l2973144,0.0,0.0,0.0,0.0,0.0,0.00010174013054586821,0.0,0.0,0.0,0.0,0.0,0.00021154930592813282,line,ln6320322-1,,1000000.0,7199.557856794634,51.833633333333346,c
2059,2060,l2973144,l2724120,0.0,0.0,0.0,0.0,0.0,0.0001878179034333563,0.0,0.0,0.0,0.0,0.0,0.0003905317095528064,line,ln5706733-1,,1000000.0,7199.557856794634,51.833633333333346,c
2060,2061,l2724120,m1069149,0.0,0.0,0.0,0.0,0.0,5.713679342048823e-06,0.0,0.0,0.0,0.0,0.0,1.1880512562949793e-05,line,ln5706733-2,,1000000.0,7199.557856794634,51.833633333333346,c
2061,2062,m1069149,m1069148,0.0,0.0,0.0,0.0,0.0,6.927297476734861e-05,0.0,0.0,0.0,0.0,0.0,0.0001440400130507283,line,ln5532742-1,,1000000.0,7199.557856794634,51.833633333333346,c
2062,2063,m1069148,l2785518,0.0,0.0,0.0,0.0,0.0,3.079657298446504e-05,0.0,0.0,0.0,0.0,0.0,6.403563279183592e-05,line,ln5865231-1,,1000000.0,7199.557856794634,51.833633333333346,c
2063,2064,l2785518,l2766717,0.0,0.0,0.0,0.0,0.0,8.543537308144196e-05,0.0,0.0,0.0,0.0,0.0,0.00017764665506244653,line,ln6411369-1,,1000000.0,7199.557856794634,51.833633333333346,c
2062,2065,m1069148,l2673309,0.0,0.0,0.0,0.0,0.0,0.00011999113780048859,0.0,0.0,0.0,0.0,0.0,0.0002494988141161883,line,ln6259988-1,,1000000.0,7199.557856794634,51.833633333333346,c
2047,2066,m1069174,l2841629,0.0,0.0,0.0,0.0,0.0,6.519160291676767e-05,0.0,0.0,0.0,0.0,0.0,0.00013555357434072725,line,ln5742813-1,,1000000.0,7199.557856794634,51.833633333333346,c
2047,2067,m1069174,l2841630,0.0,0.0,0.0,0.0,0.0,0.00010439117248839073,0.0,0.0,0.0,0.0,0.0,0.00021706164486379176,line,ln5924697-1,,1000000.0,7199.557856794634,51.833633333333346,c
2067,2068,l2841630,l2954352,0.0,0.0,0.0,0.0,0.0,3.1751554428302335e-05,0.0,0.0,0.0,0.0,0.0,6.60213355871252e-05,line,ln5926305-1,,1000000.0,7199.557856794634,51.833633333333346,c
1987,2069,m1089112,l3195356,7.438713774132493e-05,3.0421913668666833e-05,3.0421913668666833e-05,7.438713774132493e-05,3.0421913668666833e-05,7.438713774132493e-05,0.00016320194384212563,7.178459861518485e-05,7.178459861518485e-05,0.00016320194384212563,7.178459861518485e-05,0.00016320194384212563,line,ln5863823-1,,1000000.0,7199.557856794634,51.833633333333346,abc
2069,2070,l3195356,m1069189,0.00013685331603354055,5.5968543649586534e-05,5.5968543649586534e-05,0.00013685331603354055,5.5968543649586534e-05,0.00013685331603354055,0.00030024985334940177,0.00013206530939242152,0.00013206530939242152,0.00030024985334940177,0.00013206530939242152,0.00030024985334940177,line,ln5501088-1,,1000000.0,7199.557856794634,51.833633333333346,abc
2070,2071,m1069189,m1069184,4.889975955637553e-05,1.9998407101180742e-05,1.9998407101180742e-05,4.889975955637553e-05,1.9998407101180742e-05,4.889975955637553e-05,0.0001072838135104041,4.718893237080943e-05,4.718893237080943e-05,0.0001072838135104041,4.718893237080943e-05,0.0001072838135104041,line,ln6108136-1,,1000000.0,7199.557856794634,51.833633333333346,abc
2071,2072,m1069184,m1069175,0.0001209333599381096,4.945780073555838e-05,4.945780073555838e-05,0.0001209333599381096,4.945780073555838e-05,0.0001209333599381096,0.0002653222051087806,0.00011670233545657933,0.00011670233545657933,0.0002653222051087806,0.00011670233545657933,0.0002653222051087806,line,ln6017299-1,,1000000.0,7199.557856794634,51.833633333333346,abc
2072,2073,m1069175,n1139541,8.251887494927678e-05,3.3747529021375406e-05,3.3747529021375406e-05,8.251887494927678e-05,3.3747529021375406e-05,8.251887494927678e-05,0.00018104259962546838,7.963183550641828e-05,7.963183550641828e-05,0.00018104259962546838,7.963183550641828e-05,0.00018104259962546838,line,ln6413567-2,,1000000.0,7199.557856794634,51.833633333333346,abc
2073,2074,n1139541,d6413567-3_int,2.83356675003167e-05,1.1588364018471905e-05,1.1588364018471905e-05,2.83356675003167e-05,1.1588364018471905e-05,2.83356675003167e-05,6.21671455110549e-05,2.734430413328797e-05,2.734430413328797e-05,6.21671455110549e-05,2.734430413328797e-05,6.21671455110549e-05,line,ln6413567-3,,1000000.0,7199.557856794634,51.833633333333346,abc
2074,2075,d6413567-3_int,e182724,1.9292492840877444e-05,0.0,0.0,1.9292492840877444e-05,0.0,1.9292492840877444e-05,1.9292492840877444e-05,0.0,0.0,1.9292492840877444e-05,0.0,1.9292492840877444e-05,switch,x8223_48332_sw,CLOSED,1000000.0,7199.557856794634,51.833633333333346,abc
2075,2076,e182724,m1069169,0.00017606240190249693,7.200378121284178e-05,7.200378121284178e-05,0.00017606240190249693,7.200378121284178e-05,0.00017606240190249693,0.00038627277645659916,0.00016990260998810938,0.00016990260998810938,0.00038627277645659916,0.00016990260998810938,0.00038627277645659916,line,ln5806919-1,,1000000.0,7199.557856794634,51.833633333333346,abc
2076,2077,m1069169,l3010556,0.00013887996147675022,5.679737554959483e-05,5.679737554959483e-05,0.00013887996147675022,5.679737554959483e-05,0.00013887996147675022,0.0003046962198295958,0.00013402104978106234,0.00013402104978106234,0.0003046962198295958,0.00013402104978106234,0.0003046962198295958,line,ln5804791-1,,1000000.0,7199.557856794634,51.833633333333346,abc
2077,2078,l3010556,l2766718,0.00020105074941688427,8.222320050880726e-05,8.222320050880726e-05,0.00020105074941688427,8.222320050880726e-05,0.00020105074941688427,0.0004410960565501549,0.0001940167048550844,0.0001940167048550844,0.0004410960565501549,0.0001940167048550844,0.0004410960565501549,line,ln5593222-1,,1000000.0,7199.557856794634,51.833633333333346,abc
2078,2079,l2766718,l3048206,0.00017379447102364027,7.107627143765719e-05,7.107627143765719e-05,0.00017379447102364027,7.107627143765719e-05,0.00017379447102364027,0.0003812970408769337,0.00016771402587573446,0.00016771402587573446,0.0003812970408769337,0.00016771402587573446,0.0003812970408769337,line,ln5956463-1,,1000000.0,7199.557856794634,51.833633333333346,abc
2079,2080,l3048206,m1069156,0.00011339207211791051,4.637365992865631e-05,4.637365992865631e-05,0.00011339207211791051,4.637365992865631e-05,0.00011339207211791051,0.0002487769680059729,0.00010942489024693746,0.00010942489024693746,0.0002487769680059729,0.00010942489024693746,0.0002487769680059729,line,ln6320329-1,,1000000.0,7199.557856794634,51.833633333333346,abc
2080,2081,m1069156,l2710510,0.0,0.0,0.0,0.0,0.0,2.3479587475056408e-05,0.0,0.0,0.0,0.0,0.0,4.8821349129169015e-05,line,ln5926297-1,,1000000.0,7199.557856794634,51.833633333333346,c
2081,2082,l2710510,l3197628,0.0,0.0,0.0,0.0,0.0,6.782060237593479e-05,0.0,0.0,0.0,0.0,0.0,0.00014102008011271955,line,ln6411370-1,,1000000.0,7199.557856794634,51.833633333333346,c
2080,2083,m1069156,m1069155,0.0002365844912280249,9.675534220059167e-05,9.675534220059167e-05,0.0002365844912280249,9.675534220059167e-05,0.0002365844912280249,0.0005190554445794203,0.00022830724849824015,0.00022830724849824015,0.0005190554445794203,0.00022830724849824015,0.0005190554445794203,line,ln5774453-1,,1000000.0,7199.557856794634,51.833633333333346,abc
2083,2084,m1069155,m1069154,0.00019036452671335012,7.785288388684559e-05,7.785288388684559e-05,0.00019036452671335012,7.785288388684559e-05,0.00019036452671335012,0.00041765097759562797,0.00018370435475293065,0.00018370435475293065,0.00041765097759562797,0.00018370435475293065,0.00041765097759562797,line,ln5532743-1,,1000000.0,7199.557856794634,51.833633333333346,abc
2084,2085,m1069154,l3104120,0.0,0.0,0.0,7.187581954831127e-05,0.0,0.0,0.0,0.0,0.0,0.00014945213512976448,0.0,0.0,line,ln5472350-1,,1000000.0,7199.557856794634,51.833633333333346,b
2084,2086,m1069154,l2804251,4.393021167080061e-05,0.0,0.0,0.0,0.0,0.0,9.134454357756127e-05,0.0,0.0,0.0,0.0,0.0,line,ln5623393-1,,1000000.0,7199.557856794634,51.833633333333346,a
2084,2087,m1069154,l3197630,0.00033644212137678926,0.0001375938567043662,0.0001375938567043662,0.00033644212137678926,0.0001375938567043662,0.00033644212137678926,0.00073813847213746,0.00032467121835307695,0.00032467121835307695,0.00073813847213746,0.00032467121835307695,0.00073813847213746,line,ln6047561-1,,1000000.0,7199.557856794634,51.833633333333346,abc
2087,2088,l3197630,l3235256,0.00022662934184946828,9.268401072919826e-05,9.268401072919826e-05,0.00022662934184946828,9.268401072919826e-05,0.00022662934184946828,0.000497214306727485,0.00021870039408775123,0.00021870039408775123,0.000497214306727485,0.00021870039408775123,0.000497214306727485,line,ln6229807-1,,1000000.0,7199.557856794634,51.833633333333346,abc
2088,2089,l3235256,m1069136,6.60620064115384e-05,2.701720642645795e-05,2.701720642645795e-05,6.60620064115384e-05,2.701720642645795e-05,6.60620064115384e-05,0.00014493699028944522,6.375073376874346e-05,6.375073376874346e-05,0.00014493699028944522,6.375073376874346e-05,0.00014493699028944522,line,ln5593239-1,,1000000.0,7199.557856794634,51.833633333333346,abc
2089,2090,m1069136,m1069135,0.0001423274052818986,5.820726764925471e-05,5.820726764925471e-05,0.0001423274052818986,5.820726764925471e-05,0.0001423274052818986,0.00031225975228117643,0.00013734787989329964,0.00013734787989329964,0.00031225975228117643,0.00013734787989329964,0.00031225975228117643,line,ln5804802-1,,1000000.0,7199.557856794634,51.833633333333346,abc
2090,2091,m1069135,n1139539,3.2329127021129775e-05,0.0,0.0,0.0,0.0,0.0,6.722228825428017e-05,0.0,0.0,0.0,0.0,0.0,line,ln5926309-2,,1000000.0,7199.557856794634,51.833633333333346,a
2091,2092,n1139539,l2710520,0.00013204723149512314,0.0,0.0,0.0,0.0,0.0,0.0002745671744536526,0.0,0.0,0.0,0.0,0.0,line,ln5926309-3,,1000000.0,7199.557856794634,51.833633333333346,a
2092,2093,l2710520,m1069131,4.7876923966356456e-05,0.0,0.0,0.0,0.0,0.0,9.955098328176876e-05,0.0,0.0,0.0,0.0,0.0,line,ln5895785-1,,1000000.0,7199.557856794634,51.833633333333346,a
2093,2094,m1069131,p827534,9.798572574178025e-06,0.0,0.0,0.0,0.0,0.0,2.0374273318032237e-05,0.0,0.0,0.0,0.0,0.0,line,ln5625548-1,,1000000.0,7199.557856794634,51.833633333333346,a
2094,2095,p827534,m1069130,5.543501613173942e-06,0.0,0.0,0.0,0.0,0.0,1.1526660250840989e-05,0.0,0.0,0.0,0.0,0.0,line,ln5985339-1,,1000000.0,7199.557856794634,51.833633333333346,a
2095,2096,m1069130,l3085396,8.815891273941178e-05,0.0,0.0,0.0,0.0,0.0,0.00018330973924781137,0.0,0.0,0.0,0.0,0.0,line,ln5985339-2,,1000000.0,7199.557856794634,51.833633333333346,a
2096,2097,l3085396,l3122813,0.00026118781820555373,0.0,0.0,0.0,0.0,0.0,0.0005430905323377548,0.0,0.0,0.0,0.0,0.0,line,ln6320331-1,,1000000.0,7199.557856794634,51.833633333333346,a
2095,2098,m1069130,m1069133,2.1671838645306876e-05,0.0,0.0,0.0,0.0,0.0,4.506247828662084e-05,0.0,0.0,0.0,0.0,0.0,line,ln5651970-1,,1000000.0,7199.557856794634,51.833633333333346,a
2098,2099,m1069133,l2710521,2.034232297047798e-05,0.0,0.0,0.0,0.0,0.0,4.22980025903387e-05,0.0,0.0,0.0,0.0,0.0,line,ln5742808-1,,1000000.0,7199.557856794634,51.833633333333346,a
2090,2100,m1069135,r18242,0.0001344013663406449,5.4965776180073495e-05,5.4965776180073495e-05,0.0001344013663406449,5.4965776180073495e-05,0.0001344013663406449,0.00029487038899260384,0.00012969914462424332,0.00012969914462424332,0.00029487038899260384,0.00012969914462424332,0.00029487038899260384,line,ln6138614-1,,1000000.0,7199.557856794634,51.833633333333346,abc
2100,2101,r18242,l3254218,7.168973938543116e-05,2.931876569974833e-05,2.931876569974833e-05,7.168973938543116e-05,2.931876569974833e-05,7.168973938543116e-05,0.00015728397645737094,6.918157255231319e-05,6.918157255231319e-05,0.00015728397645737094,6.918157255231319e-05,0.00015728397645737094,line,ln6199530-1,,1000000.0,7199.557856794634,51.833633333333346,abc
2101,2102,l3254218,l2860490,0.00013492054104895847,5.51781017061637e-05,5.51781017061637e-05,0.00013492054104895847,5.51781017061637e-05,0.00013492054104895847,0.0002960094343190296,0.0001302001552717701,0.0001302001552717701,0.0002960094343190296,0.0001302001552717701,0.0002960094343190296,line,ln6199527-1,,1000000.0,7199.557856794634,51.833633333333346,abc
2102,2103,l2860490,l3104134,0.00011995147441075897,4.9056241572878305e-05,4.9056241572878305e-05,0.00011995147441075897,4.9056241572878305e-05,0.00011995147441075897,0.00026316799362061566,0.00011575480258185,0.00011575480258185,0.00026316799362061566,0.00011575480258185,0.00026316799362061566,line,ln5683831-1,,1000000.0,7199.557856794634,51.833633333333346,abc
2103,2104,l3104134,m1047346,8.801902270662095e-05,3.59969101014849e-05,3.59969101014849e-05,8.801902270662095e-05,3.59969101014849e-05,8.801902270662095e-05,0.00019310966972216876,8.493955282252385e-05,8.493955282252385e-05,0.00019310966972216876,8.493955282252385e-05,0.00019310966972216876,line,ln5472369-1,,1000000.0,7199.557856794634,51.833633333333346,abc
2104,2105,m1047346,m1047345,8.168509921678904e-05,3.340654193512703e-05,3.340654193512703e-05,8.168509921678904e-05,3.340654193512703e-05,8.168509921678904e-05,0.000179213334185204,7.882723059609301e-05,7.882723059609301e-05,0.000179213334185204,7.882723059609301e-05,0.000179213334185204,line,ln5865248-1,,1000000.0,7199.557856794634,51.833633333333346,abc
2105,2106,m1047345,l2991922,0.0001034223315646404,4.2296361142604275e-05,4.2296361142604275e-05,0.0001034223315646404,4.2296361142604275e-05,0.0001034223315646404,0.00022690381779076515,9.980395515460038e-05,9.980395515460038e-05,0.00022690381779076515,9.980395515460038e-05,0.00022690381779076515,line,ln6047584-1,,1000000.0,7199.557856794634,51.833633333333346,abc
2106,2107,l2991922,m1047339,0.00013670669432266943,5.590858015098299e-05,5.590858015098299e-05,0.00013670669432266943,5.590858015098299e-05,0.00013670669432266943,0.0002999281720890361,0.00013192381744928805,0.00013192381744928805,0.0002999281720890361,0.00013192381744928805,0.0002999281720890361,line,ln6047583-1,,1000000.0,7199.557856794634,51.833633333333346,abc
2107,2108,m1047339,p895104,8.660481527759645e-06,0.0,0.0,0.0,0.0,0.0,1.8007828831858847e-05,0.0,0.0,0.0,0.0,0.0,line,ln6073648-1,,1000000.0,7199.557856794634,51.833633333333346,a
2108,2109,p895104,n1139537,1.592413047127058e-05,0.0,0.0,0.0,0.0,0.0,3.31112092212971e-05,0.0,0.0,0.0,0.0,0.0,line,ln5528572-2,,1000000.0,7199.557856794634,51.833633333333346,a
2109,2110,n1139537,l3122826,0.00011713893064284514,0.0,0.0,0.0,0.0,0.0,0.000243568190267709,0.0,0.0,0.0,0.0,0.0,line,ln5528572-3,,1000000.0,7199.557856794634,51.833633333333346,a
2110,2111,l3122826,m1047358,0.00011600742246507895,0.0,0.0,0.0,0.0,0.0,0.00024121543360842277,0.0,0.0,0.0,0.0,0.0,line,ln6108149-1,,1000000.0,7199.557856794634,51.833633333333346,a
2111,2112,m1047358,l2729411,0.00010824670259786276,0.0,0.0,0.0,0.0,0.0,0.00022507848850521117,0.0,0.0,0.0,0.0,0.0,line,ln5472368-1,,1000000.0,7199.557856794634,51.833633333333346,a
2111,2113,m1047358,l2897781,0.00010177203893996754,0.0,0.0,0.0,0.0,0.0,0.0002116156533820704,0.0,0.0,0.0,0.0,0.0,line,ln5986934-1,,1000000.0,7199.557856794634,51.833633333333346,a
2111,2114,m1047358,l3197644,2.297548609686503e-05,0.0,0.0,0.0,0.0,0.0,4.7773165918653835e-05,0.0,0.0,0.0,0.0,0.0,line,ln6199528-1,,1000000.0,7199.557856794634,51.833633333333346,a
2107,2115,m1047339,l2860491,0.00015690735878184619,6.416999319746695e-05,6.416999319746695e-05,0.00015690735878184619,6.416999319746695e-05,0.00015690735878184619,0.0003442474967296008,0.00015141773311794332,0.00015141773311794332,0.0003442474967296008,0.00015141773311794332,0.0003442474967296008,line,ln5472370-1,,1000000.0,7199.557856794634,51.833633333333346,abc
2115,2116,l2860491,d5926308-3_int,6.502180162301307e-05,2.6591796587672452e-05,2.6591796587672452e-05,6.502180162301307e-05,2.6591796587672452e-05,6.502180162301307e-05,0.0001426548290363592,6.274692201459926e-05,6.274692201459926e-05,0.0001426548290363592,6.274692201459926e-05,0.0001426548290363592,line,ln5926308-3,,1000000.0,7199.557856794634,51.833633333333346,abc
2116,2117,d5926308-3_int,q14412,1.9292492840877444e-05,0.0,0.0,1.9292492840877444e-05,0.0,1.9292492840877444e-05,1.9292492840877444e-05,0.0,0.0,1.9292492840877444e-05,0.0,1.9292492840877444e-05,switch,ln4625696_sw,CLOSED,1000000.0,7199.557856794634,51.833633333333346,abc
2117,2118,q14412,m1047325,6.426588335372975e-05,2.6282650665044352e-05,2.6282650665044352e-05,6.426588335372975e-05,2.6282650665044352e-05,6.426588335372975e-05,0.00014099637927368906,6.201745061411219e-05,6.201745061411219e-05,0.00014099637927368906,6.201745061411219e-05,0.00014099637927368906,line,ln5926308-2,,1000000.0,7199.557856794634,51.833633333333346,abc
2118,2119,m1047325,m1047324,1.7386951324397468e-05,7.1106961258745045e-06,7.1106961258745045e-06,1.7386951324397468e-05,7.1106961258745045e-06,1.7386951324397468e-05,3.814616800417232e-05,1.6778644263795255e-05,1.6778644263795255e-05,3.814616800417232e-05,1.6778644263795255e-05,3.814616800417232e-05,line,ln6350546-1,,1000000.0,7199.557856794634,51.833633333333346,abc
2119,2120,m1047324,l2897780,0.00017530760442929902,7.169509365926492e-05,7.169509365926492e-05,0.00017530760442929902,7.169509365926492e-05,0.00017530760442929902,0.00038461678566876454,0.00016917422017107296,0.00016917422017107296,0.00038461678566876454,0.00016917422017107296,0.00038461678566876454,line,ln5986935-1,,1000000.0,7199.557856794634,51.833633333333346,abc
2120,2121,l2897780,l3235255,8.249229390698055e-05,3.373665824184937e-05,3.373665824184937e-05,8.249229390698055e-05,3.373665824184937e-05,8.249229390698055e-05,0.00018098428204659905,7.960618443944697e-05,7.960618443944697e-05,0.00018098428204659905,7.960618443944697e-05,0.00018098428204659905,line,ln5744341-1,,1000000.0,7199.557856794634,51.833633333333346,abc
2121,2122,l3235255,m1047316,9.694980800754202e-05,3.964931006830181e-05,3.964931006830181e-05,9.694980800754202e-05,3.964931006830181e-05,9.694980800754202e-05,0.0002127034001089382,9.355788198010428e-05,9.355788198010428e-05,0.0002127034001089382,9.355788198010428e-05,0.0002127034001089382,line,ln5714080-1,,1000000.0,7199.557856794634,51.833633333333346,abc
2122,2123,m1047316,l3216370,2.7823764713901958e-05,1.1379012471310442e-05,1.1379012471310442e-05,2.7823764713901958e-05,1.1379012471310442e-05,2.7823764713901958e-05,6.104405444534403e-05,2.685031098919684e-05,2.685031098919684e-05,6.104405444534403e-05,2.685031098919684e-05,6.104405444534403e-05,line,ln5593253-1,,1000000.0,7199.557856794634,51.833633333333346,abc
2123,2124,l3216370,m1047312,0.00019099094191737785,7.81090672787102e-05,7.81090672787102e-05,0.00019099094191737785,7.81090672787102e-05,0.00019099094191737785,0.00041902530361560597,0.0001843088539358936,0.0001843088539358936,0.00041902530361560597,0.0001843088539358936,0.00041902530361560597,line,ln6199560-1,,1000000.0,7199.557856794634,51.833633333333346,abc
2124,2125,m1047312,p893163,4.637714328341507e-06,0.0,0.0,0.0,0.0,0.0,9.643247379275615e-06,0.0,0.0,0.0,0.0,0.0,line,ln6014135-1,,1000000.0,7199.557856794634,51.833633333333346,a
2125,2126,p893163,m1047314,4.393150071800227e-06,0.0,0.0,0.0,0.0,0.0,9.134722390674265e-06,0.0,0.0,0.0,0.0,0.0,line,ln5741249-1,,1000000.0,7199.557856794634,51.833633333333346,a
2126,2127,m1047314,m1047311,2.4973117621827266e-05,0.0,0.0,0.0,0.0,0.0,5.1926861813661515e-05,0.0,0.0,0.0,0.0,0.0,line,ln5756001-1,,1000000.0,7199.557856794634,51.833633333333346,a
2127,2128,m1047311,l2748158,1.1767667145334847e-05,0.0,0.0,0.0,0.0,0.0,2.446863202978246e-05,0.0,0.0,0.0,0.0,0.0,line,ln6138639-1,,1000000.0,7199.557856794634,51.833633333333346,a
2126,2129,m1047314,n1137961,2.161832752093396e-05,0.0,0.0,0.0,0.0,0.0,4.495121205214889e-05,0.0,0.0,0.0,0.0,0.0,line,ln6301772-2,,1000000.0,7199.557856794634,51.833633333333346,a
2129,2130,n1137961,l3104133,0.00013781615411872212,0.0,0.0,0.0,0.0,0.0,0.00028656255494341183,0.0,0.0,0.0,0.0,0.0,line,ln6301772-3,,1000000.0,7199.557856794634,51.833633333333346,a
2130,2131,l3104133,m1047323,0.00014280756420059301,0.0,0.0,0.0,0.0,0.0,0.0002969412455619227,0.0,0.0,0.0,0.0,0.0,line,ln5532756-1,,1000000.0,7199.557856794634,51.833633333333346,a
2131,2132,m1047323,l3010569,4.488757315230972e-05,0.0,0.0,0.0,0.0,0.0,9.333519520980263e-05,0.0,0.0,0.0,0.0,0.0,line,ln5653468-1,,1000000.0,7199.557856794634,51.833633333333346,a
2132,2133,l3010569,m1047335,5.902808302717218e-05,0.0,0.0,0.0,0.0,0.0,0.00012273770367374076,0.0,0.0,0.0,0.0,0.0,line,ln5895784-1,,1000000.0,7199.557856794634,51.833633333333346,a
2133,2134,m1047335,l2710519,9.548290968090858e-05,0.0,0.0,0.0,0.0,0.0,0.00019853860185375127,0.0,0.0,0.0,0.0,0.0,line,ln6169255-1,,1000000.0,7199.557856794634,51.833633333333346,a
2134,2135,l2710519,m1047344,5.557022621734021e-05,0.0,0.0,0.0,0.0,0.0,0.00011554774623812464,0.0,0.0,0.0,0.0,0.0,line,ln5804801-1,,1000000.0,7199.557856794634,51.833633333333346,a
2135,2136,m1047344,l3029499,8.423167826038304e-05,0.0,0.0,0.0,0.0,0.0,0.00017514379996900334,0.0,0.0,0.0,0.0,0.0,line,ln6108148-1,,1000000.0,7199.557856794634,51.833633333333346,a
2135,2137,m1047344,l2897772,7.945671061710896e-05,0.0,0.0,0.0,0.0,0.0,0.0001652151603521265,0.0,0.0,0.0,0.0,0.0,line,ln5714055-1,,1000000.0,7199.557856794634,51.833633333333346,a
2137,2138,l2897772,l3101814,6.31602637026538e-05,0.0,0.0,0.0,0.0,0.0,0.00013132978969896634,0.0,0.0,0.0,0.0,0.0,line,ln6318859-1,,1000000.0,7199.557856794634,51.833633333333346,a
2135,2139,m1047344,l3066819,6.304643255440964e-05,0.0,0.0,0.0,0.0,0.0,0.00013109309941485868,0.0,0.0,0.0,0.0,0.0,line,ln5532757-1,,1000000.0,7199.557856794634,51.833633333333346,a
2133,2140,m1047335,l2954354,6.646056134723334e-05,0.0,0.0,0.0,0.0,0.0,0.0001381921327323507,0.0,0.0,0.0,0.0,0.0,line,ln6077783-1,,1000000.0,7199.557856794634,51.833633333333346,a
2140,2141,l2954354,l2673321,6.46030040469219e-05,0.0,0.0,0.0,0.0,0.0,0.00013432969462170313,0.0,0.0,0.0,0.0,0.0,line,ln6229806-1,,1000000.0,7199.557856794634,51.833633333333346,a
2124,2142,m1047312,n1137960,2.8718917284723092e-05,1.1745100683018543e-05,1.1745100683018543e-05,2.8718917284723092e-05,1.1745100683018543e-05,2.8718917284723092e-05,6.30079778335688e-05,2.77141453824383e-05,2.77141453824383e-05,6.30079778335688e-05,2.77141453824383e-05,6.30079778335688e-05,line,ln6320367-3,,1000000.0,7199.557856794634,51.833633333333346,abc
2142,2143,n1137960,m1047309,4.7618839196429054e-05,1.947455244310481e-05,1.947455244310481e-05,4.7618839196429054e-05,1.947455244310481e-05,4.7618839196429054e-05,0.00010447353341363295,4.595282681965184e-05,4.595282681965184e-05,0.00010447353341363295,4.595282681965184e-05,0.00010447353341363295,line,ln6320367-2,,1000000.0,7199.557856794634,51.833633333333346,abc
2143,2144,m1047309,d6049825-1_int,8.654251585682135e-06,3.5393066946879365e-06,3.5393066946879365e-06,8.654251585682135e-06,3.5393066946879365e-06,8.654251585682135e-06,1.898702819019053e-05,8.351470365123287e-06,8.351470365123287e-06,1.898702819019053e-05,8.351470365123287e-06,1.898702819019053e-05,line,ln6049825-1,,1000000.0,7199.557856794634,51.833633333333346,abc
2144,2145,d6049825-1_int,e182748,1.9292492840877444e-05,0.0,0.0,1.9292492840877444e-05,0.0,1.9292492840877444e-05,1.9292492840877444e-05,0.0,0.0,1.9292492840877444e-05,0.0,1.9292492840877444e-05,switch,l5523_48332_sw,CLOSED,1000000.0,7199.557856794634,51.833633333333346,abc
2145,2146,e182748,l2673346,0.00012109105329679758,4.9522292177087034e-05,4.9522292177087034e-05,0.00012109105329679758,4.9522292177087034e-05,0.00012109105329679758,0.0002656681770529945,0.00011685451169028604,0.00011685451169028604,0.0002656681770529945,0.00011685451169028604,0.0002656681770529945,line,ln6171508-1,,1000000.0,7199.557856794634,51.833633333333346,abc
2146,2147,l2673346,l3254238,0.00024456946283912167,0.00010002093521002118,0.00010002093521002118,0.00024456946283912167,0.00010002093521002118,0.00024456946283912167,0.0005365741034231955,0.00023601285459441066,0.00023601285459441066,0.0005365741034231955,0.00023601285459441066,0.0005365741034231955,line,ln6350577-1,,1000000.0,7199.557856794634,51.833633333333346,abc
2147,2148,l3254238,m1047303,0.00018802438968263196,7.689584415009809e-05,7.689584415009809e-05,0.00018802438968263196,7.689584415009809e-05,0.00018802438968263196,0.00041251682505438867,0.00018144609072294756,0.00018144609072294756,0.00041251682505438867,0.00018144609072294756,0.00041251682505438867,line,ln6380847-1,,1000000.0,7199.557856794634,51.833633333333346,abc
2148,2149,m1047303,l3027116,0.00013670271095279825,5.590695108259818e-05,5.590695108259818e-05,0.00013670271095279825,5.590695108259818e-05,0.00013670271095279825,0.0002999194327595531,0.0001319199734432405,0.0001319199734432405,0.0002999194327595531,0.0001319199734432405,0.0002999194327595531,line,ln5865272-1,,1000000.0,7199.557856794634,51.833633333333346,abc
2149,2150,l3027116,m1047300,0.0001304194637278626,5.333730785609595e-05,5.333730785609595e-05,0.0001304194637278626,5.333730785609595e-05,0.0001304194637278626,0.00028613427860674754,0.0001258565545009707,0.0001258565545009707,0.00028613427860674754,0.0001258565545009707,0.00028613427860674754,line,ln5774497-1,,1000000.0,7199.557856794634,51.833633333333346,abc
2150,2151,m1047300,m1047299,0.00011899398702386923,4.866466045405519e-05,4.866466045405519e-05,0.00011899398702386923,4.866466045405519e-05,0.00011899398702386923,0.00026106731052553386,0.0001148308142441619,0.0001148308142441619,0.00026106731052553386,0.0001148308142441619,0.00026106731052553386,line,ln5804836-1,,1000000.0,7199.557856794634,51.833633333333346,abc
2151,2152,m1047299,l3104157,0.0,0.0,0.0,0.0,0.0,6.159842188694727e-05,0.0,0.0,0.0,0.0,0.0,0.00012808223585458346,line,ln5956501-1,,1000000.0,7199.557856794634,51.833633333333346,c
2151,2153,m1047299,l3139121,8.51762408166126e-05,3.483430500788095e-05,3.483430500788095e-05,8.51762408166126e-05,3.483430500788095e-05,8.51762408166126e-05,0.00018687273757965386,8.219622967391184e-05,8.219622967391184e-05,0.00018687273757965386,8.219622967391184e-05,0.00018687273757965386,line,ln6379462-1,,1000000.0,7199.557856794634,51.833633333333346,abc
2153,2154,l3139121,l2763153,0.000142013832285215,5.807902651881752e-05,5.807902651881752e-05,0.000142013832285215,5.807902651881752e-05,0.000142013832285215,0.0003115717876121617,0.00013704527769099726,0.00013704527769099726,0.0003115717876121617,0.00013704527769099726,0.0003115717876121617,line,ln6379462-2,,1000000.0,7199.557856794634,51.833633333333346,abc
2154,2155,l2763153,m1047293,9.153278091123583e-05,3.7433922628100505e-05,3.7433922628100505e-05,9.153278091123583e-05,3.7433922628100505e-05,9.153278091123583e-05,0.00020081869290274198,8.833037723125717e-05,8.833037723125717e-05,0.00020081869290274198,8.833037723125717e-05,0.00020081869290274198,line,ln6379462-3,,1000000.0,7199.557856794634,51.833633333333346,abc
2155,2156,m1047293,m1047292,3.804307361307874e-05,1.5558376572740078e-05,1.5558376572740078e-05,3.804307361307874e-05,1.5558376572740078e-05,3.804307361307874e-05,8.346474608249854e-05,3.6712082926208133e-05,3.6712082926208133e-05,8.346474608249854e-05,3.6712082926208133e-05,8.346474608249854e-05,line,ln6047605-1,,1000000.0,7199.557856794634,51.833633333333346,abc
2156,2157,m1047292,l2766750,0.0,0.0,0.0,0.0,0.0,6.515428880475932e-05,0.0,0.0,0.0,0.0,0.0,0.00013547598672162024,line,ln6199561-1,,1000000.0,7199.557856794634,51.833633333333346,c
2156,2158,m1047292,l2691954,0.0001677493191306287,6.860400143793371e-05,6.860400143793371e-05,0.0001677493191306287,6.860400143793371e-05,0.0001677493191306287,0.00036803425688340056,0.00016188037216376236,0.00016188037216376236,0.00036803425688340056,0.00016188037216376236,0.00036803425688340056,line,ln6229835-1,,1000000.0,7199.557856794634,51.833633333333346,abc
2158,2159,l2691954,l3122849,0.00012155895158420297,4.971364731908299e-05,4.971364731908299e-05,0.00012155895158420297,4.971364731908299e-05,0.00012155895158420297,0.0002666947242806954,0.00011730603989494593,0.00011730603989494593,0.0002666947242806954,0.00011730603989494593,0.0002666947242806954,line,ln6320368-1,,1000000.0,7199.557856794634,51.833633333333346,abc
2159,2160,l3122849,m1026357,0.00015899669686284763,6.502446434200696e-05,6.502446434200696e-05,0.00015899669686284763,6.502446434200696e-05,0.00015899669686284763,0.0003488314079609828,0.00015343397275385543,0.00015343397275385543,0.0003488314079609828,0.00015343397275385543,0.0003488314079609828,line,ln5956503-1,,1000000.0,7199.557856794634,51.833633333333346,abc
2160,2161,m1026357,l3178997,0.0,0.0,0.0,0.0,0.0,6.546559706085301e-05,0.0,0.0,0.0,0.0,0.0,0.0001361232931989461,line,ln5653492-1,,1000000.0,7199.557856794634,51.833633333333346,c
2161,2162,l3178997,m1026363,0.0,0.0,0.0,0.0,0.0,3.686402864549336e-05,0.0,0.0,0.0,0.0,0.0,7.665175611459483e-05,line,ln6047606-1,,1000000.0,7199.557856794634,51.833633333333346,c
2162,2163,m1026363,l2897779,0.0,0.0,0.0,0.0,0.0,0.00010006489621603473,0.0,0.0,0.0,0.0,0.0,0.0002080659738560998,line,ln6229805-1,,1000000.0,7199.557856794634,51.833633333333346,c
2163,2164,l2897779,l2804261,0.0,0.0,0.0,0.0,0.0,0.00010804346058447248,0.0,0.0,0.0,0.0,0.0,0.00022465588528426518,line,ln5714054-1,,1000000.0,7199.557856794634,51.833633333333346,c
2164,2165,l2804261,l3178980,0.0,0.0,0.0,0.0,0.0,0.00010882613938568842,0.0,0.0,0.0,0.0,0.0,0.00022628331741231074,line,ln6047582-1,,1000000.0,7199.557856794634,51.833633333333346,c
2160,2166,m1026357,m1026356,5.602897117122791e-05,2.291402217736358e-05,2.291402217736358e-05,5.602897117122791e-05,2.291402217736358e-05,5.602897117122791e-05,0.0001229249744548102,5.406871844343023e-05,5.406871844343023e-05,0.0001229249744548102,5.406871844343023e-05,0.0001229249744548102,line,ln5532791-1,,1000000.0,7199.557856794634,51.833633333333346,abc
2166,2167,m1026356,m1026354,7.335077811639671e-05,2.9998076376406796e-05,2.9998076376406796e-05,7.335077811639671e-05,2.9998076376406796e-05,7.335077811639671e-05,0.0001609282187003419,7.078449749615597e-05,7.078449749615597e-05,0.0001609282187003419,7.078449749615597e-05,0.0001609282187003419,line,ln5895818-1,,1000000.0,7199.557856794634,51.833633333333346,abc
2167,2168,m1026354,l3235275,0.00013600684236297016,5.562236352072554e-05,5.562236352072554e-05,0.00013600684236297016,5.562236352072554e-05,0.00013600684236297016,0.0002983927292195736,0.00013124845079932012,0.00013124845079932012,0.0002983927292195736,0.00013124845079932012,0.0002983927292195736,line,ln5865271-1,,1000000.0,7199.557856794634,51.833633333333346,abc
2168,2169,l3235275,m1026347,0.0001627664812435168,6.65661832259491e-05,6.65661832259491e-05,0.0001627664812435168,6.65661832259491e-05,0.0001627664812435168,0.0003571021407445229,0.00015707186590109762,0.00015707186590109762,0.0003571021407445229,0.00015707186590109762,0.0003571021407445229,line,ln5774496-1,,1000000.0,7199.557856794634,51.833633333333346,abc
2169,2170,m1026347,n1145956,1.1338243225601906e-05,0.0,0.0,0.0,0.0,0.0,2.3575726431165344e-05,0.0,0.0,0.0,0.0,0.0,line,ln5562937-2,,1000000.0,7199.557856794634,51.833633333333346,a
2170,2171,n1145956,l2729412,4.3895998209656656e-05,0.0,0.0,0.0,0.0,0.0,9.127340317387228e-05,0.0,0.0,0.0,0.0,0.0,line,ln5562937-3,,1000000.0,7199.557856794634,51.833633333333346,a
2169,2172,m1026347,m1026341,9.645631126765178e-05,3.944748599397169e-05,3.944748599397169e-05,9.645631126765178e-05,3.944748599397169e-05,9.645631126765178e-05,0.0002116206910590228,9.308165092099144e-05,9.308165092099144e-05,0.0002116206910590228,9.308165092099144e-05,0.0002116206910590228,line,ln5623408-1,,1000000.0,7199.557856794634,51.833633333333346,abc
2172,2173,m1026341,l2973162,0.00012981443452481615,5.308987064126311e-05,5.308987064126311e-05,0.00012981443452481615,5.308987064126311e-05,0.00012981443452481615,0.0002848068724849823,0.00012527269309952545,0.00012527269309952545,0.0002848068724849823,0.00012527269309952545,0.0002848068724849823,line,ln5683830-1,,1000000.0,7199.557856794634,51.833633333333346,abc
2173,2174,l2973162,m1026333,0.00010062671777205141,4.1153046262754706e-05,4.1153046262754706e-05,0.00010062671777205141,4.1153046262754706e-05,0.00010062671777205141,0.00022077037027502726,9.710614986086896e-05,9.710614986086896e-05,0.00022077037027502726,9.710614986086896e-05,0.00022077037027502726,line,ln6017302-1,,1000000.0,7199.557856794634,51.833633333333346,abc
2174,2175,m1026333,m1026331,8.731767508998335e-05,3.571008179631111e-05,3.571008179631111e-05,8.731767508998335e-05,3.571008179631111e-05,8.731767508998335e-05,0.00019157094545047644,8.4262742843289e-05,8.4262742843289e-05,0.00019157094545047644,8.4262742843289e-05,0.00019157094545047644,line,ln6198013-2,,1000000.0,7199.557856794634,51.833633333333346,abc
2175,2176,m1026331,m1026330,0.00010746803246540689,4.395092088598839e-05,4.395092088598839e-05,0.00010746803246540689,4.395092088598839e-05,0.00010746803246540689,0.0002357798986732552,0.00010370811149260228,0.00010370811149260228,0.0002357798986732552,0.00010370811149260228,0.0002357798986732552,line,ln6198013-1,,1000000.0,7199.557856794634,51.833633333333346,abc
2176,2177,m1026330,l2766726,0.0,0.0,0.0,3.366746796963875e-05,0.0,0.0,0.0,0.0,0.0,7.000511443342127e-05,0.0,0.0,line,ln6047581-1,,1000000.0,7199.557856794634,51.833633333333346,b
2176,2178,m1026330,m1026329,6.826842981873412e-05,2.7919561651411633e-05,2.7919561651411633e-05,6.826842981873412e-05,2.7919561651411633e-05,6.826842981873412e-05,0.00014977778131766435,6.587996233526621e-05,6.587996233526621e-05,0.00014977778131766435,6.587996233526621e-05,0.00014977778131766435,line,ln5835149-1,,1000000.0,7199.557856794634,51.833633333333346,abc
2178,2179,m1026329,m1026328,6.468742006252049e-05,2.6455045433177528e-05,2.6455045433177528e-05,6.468742006252049e-05,2.6455045433177528e-05,6.468742006252049e-05,0.0001419212113396128,6.242423926549621e-05,6.242423926549621e-05,0.0001419212113396128,6.242423926549621e-05,0.0001419212113396128,line,ln5895787-1,,1000000.0,7199.557856794634,51.833633333333346,abc
2179,2180,m1026328,d6140778-1_int,0.0,0.0,0.0,5.292516737845246e-06,0.0,0.0,0.0,0.0,0.0,1.1004784803174768e-05,0.0,0.0,line,ln6140778-1,,1000000.0,7199.557856794634,51.833633333333346,b
2180,2181,d6140778-1_int,e182731,0.0,0.0,0.0,1.9292492840877444e-05,0.0,0.0,0.0,0.0,0.0,1.9292492840877444e-05,0.0,0.0,switch,l5565_48332_sw,CLOSED,1000000.0,7199.557856794634,51.833633333333346,b
2181,2182,e182731,m1026327,0.0,0.0,0.0,4.831057757221983e-05,0.0,0.0,0.0,0.0,0.0,0.00010045268371051226,0.0,0.0,line,ln5716232-1,,1000000.0,7199.557856794634,51.833633333333346,b
2182,2183,m1026327,l3197643,0.0,0.0,0.0,0.0002847075697954159,0.0,0.0,0.0,0.0,0.0,0.0005919953951263303,0.0,0.0,line,ln6320340-1,,1000000.0,7199.557856794634,51.833633333333346,b
2183,2184,l3197643,m1026339,0.0,0.0,0.0,4.556491262751533e-05,0.0,0.0,0.0,0.0,0.0,9.474359418755773e-05,0.0,0.0,line,ln6108146-1,,1000000.0,7199.557856794634,51.833633333333346,b
2184,2185,m1026339,l2766727,0.0,0.0,0.0,8.101058876186568e-05,0.0,0.0,0.0,0.0,0.0,0.0001684461552531207,0.0,0.0,line,ln5774466-1,,1000000.0,7199.557856794634,51.833633333333346,b
2184,2186,m1026339,l3029507,0.0,0.0,0.0,9.882580966412412e-05,0.0,0.0,0.0,0.0,0.0,0.00020548952837057532,0.0,0.0,line,ln5623407-1,,1000000.0,7199.557856794634,51.833633333333346,b
2182,2187,m1026327,l2841636,0.0,0.0,0.0,0.00011718767274015776,0.0,0.0,0.0,0.0,0.0,0.0002436695402148797,0.0,0.0,line,ln5683828-1,,1000000.0,7199.557856794634,51.833633333333346,b
2187,2188,l2841636,m1026324,0.0,0.0,0.0,5.790878387199044e-05,0.0,0.0,0.0,0.0,0.0,0.0001204103333614146,0.0,0.0,line,ln6260000-1,,1000000.0,7199.557856794634,51.833633333333346,b
2188,2189,m1026324,m1026323,0.0,0.0,0.0,6.221207661177523e-05,0.0,0.0,0.0,0.0,0.0,0.00012935821447207055,0.0,0.0,line,ln5502540-1,,1000000.0,7199.557856794634,51.833633333333346,b
2189,2190,m1026323,m1026320,0.0,0.0,0.0,0.00013177129482851865,0.0,0.0,0.0,0.0,0.0,0.00027399341648826466,0.0,0.0,line,ln5714053-1,,1000000.0,7199.557856794634,51.833633333333346,b
2190,2191,m1026320,l3104130,0.0,0.0,0.0,8.219055929579827e-05,0.0,0.0,0.0,0.0,0.0,0.00017089968019091845,0.0,0.0,line,ln6138611-1,,1000000.0,7199.557856794634,51.833633333333346,b
2191,2192,l3104130,l2763072,0.0,0.0,0.0,8.564724119281625e-05,0.0,0.0,0.0,0.0,0.0,0.00017808719461816615,0.0,0.0,line,ln6288856-1,,1000000.0,7199.557856794634,51.833633333333346,b
2192,2193,l2763072,m4118754,0.0,0.0,0.0,8.153836743067081e-05,0.0,0.0,0.0,0.0,0.0,0.00016954357089894652,0.0,0.0,line,ln6288856-3,,1000000.0,7199.557856794634,51.833633333333346,b
2193,2194,m4118754,m1026312,0.0,0.0,0.0,0.00015154456276458847,0.0,0.0,0.0,0.0,0.0,0.00031510817705878217,0.0,0.0,line,ln6380821-3,,1000000.0,7199.557856794634,51.833633333333346,b
2194,2195,m1026312,l2973163,0.0,0.0,0.0,5.9850097909401166e-05,0.0,0.0,0.0,0.0,0.0,0.0001244469277219617,0.0,0.0,line,ln5744338-1,,1000000.0,7199.557856794634,51.833633333333346,b
2195,2196,l2973163,m1026309,0.0,0.0,0.0,9.609962029801756e-05,0.0,0.0,0.0,0.0,0.0,0.00019982093461967096,0.0,0.0,line,ln5895782-1,,1000000.0,7199.557856794634,51.833633333333346,b
2196,2197,m1026309,l2804260,0.0,0.0,0.0,0.0002443630667089386,0.0,0.0,0.0,0.0,0.0,0.0005081066525016895,0.0,0.0,line,ln5774467-1,,1000000.0,7199.557856794634,51.833633333333346,b
2196,2198,m1026309,l2860488,0.0,0.0,0.0,0.00043777937375282064,0.0,0.0,0.0,0.0,0.0,0.0009102791805963822,0.0,0.0,line,ln5895783-1,,1000000.0,7199.557856794634,51.833633333333346,b
2198,2199,l2860488,m1026308,0.0,0.0,0.0,5.9930585031983724e-05,0.0,0.0,0.0,0.0,0.0,0.00012461428542857305,0.0,0.0,line,ln6229804-1,,1000000.0,7199.557856794634,51.833633333333346,b
2199,2200,m1026308,l2991918,0.0,0.0,0.0,2.100061543052162e-05,0.0,0.0,0.0,0.0,0.0,4.366679691242944e-05,0.0,0.0,line,ln5653464-1,,1000000.0,7199.557856794634,51.833633333333346,b
2199,2201,m1026308,l2897764,0.0,0.0,0.0,0.00011838249193413026,0.0,0.0,0.0,0.0,0.0,0.0002461539401251053,0.0,0.0,line,ln5562935-1,,1000000.0,7199.557856794634,51.833633333333346,b
2199,2202,m1026308,l2991902,0.0,0.0,0.0,0.00010598005408328825,0.0,0.0,0.0,0.0,0.0,0.0002203654228007683,0.0,0.0,line,ln5472366-1,,1000000.0,7199.557856794634,51.833633333333346,b
2202,2203,l2991902,m1008758,0.0,0.0,0.0,0.00010063893176180971,0.0,0.0,0.0,0.0,0.0,0.00020925957190472846,0.0,0.0,line,ln5562919-1,,1000000.0,7199.557856794634,51.833633333333346,b
2203,2204,m1008758,l2710537,0.0,0.0,0.0,0.00013390584286007346,0.0,0.0,0.0,0.0,0.0,0.0002784318042918079,0.0,0.0,line,ln5804829-1,,1000000.0,7199.557856794634,51.833633333333346,b
2204,2205,l2710537,m1008752,0.0,0.0,0.0,9.188078364819752e-05,0.0,0.0,0.0,0.0,0.0,0.00019104866393056241,0.0,0.0,line,ln6047602-1,,1000000.0,7199.557856794634,51.833633333333346,b
2205,2206,m1008752,m1008746,0.0,0.0,0.0,8.875875272747617e-05,0.0,0.0,0.0,0.0,0.0,0.0001845569927402349,0.0,0.0,line,ln5804781-1,,1000000.0,7199.557856794634,51.833633333333346,b
2206,2207,m1008746,m1008743,0.0,0.0,0.0,8.672593424218121e-05,0.0,0.0,0.0,0.0,0.0,0.00018033013223460437,0.0,0.0,line,ln6077772-1,,1000000.0,7199.557856794634,51.833633333333346,b
2207,2208,m1008743,l3104115,0.0,0.0,0.0,7.381447045001024e-05,0.0,0.0,0.0,0.0,0.0,0.00015348319200467645,0.0,0.0,line,ln5804780-1,,1000000.0,7199.557856794634,51.833633333333346,b
2207,2209,m1008743,m1008742,0.0,0.0,0.0,9.21202711624177e-05,0.0,0.0,0.0,0.0,0.0,0.00019154663279633748,0.0,0.0,line,ln6017283-1,,1000000.0,7199.557856794634,51.833633333333346,b
2209,2210,m1008742,l2804247,0.0,0.0,0.0,0.00011559697506573915,0.0,0.0,0.0,0.0,0.0,0.00024036198608496794,0.0,0.0,line,ln6138590-1,,1000000.0,7199.557856794634,51.833633333333346,b
2209,2211,m1008742,l3029495,0.0,0.0,0.0,3.111304078625911e-05,0.0,0.0,0.0,0.0,0.0,6.469366756591117e-05,0.0,0.0,line,ln5895768-1,,1000000.0,7199.557856794634,51.833633333333346,b
2211,2212,l3029495,d5565090-1_int,0.0,0.0,0.0,5.768036291751365e-05,0.0,0.0,0.0,0.0,0.0,0.00011993537530779561,0.0,0.0,line,ln5565090-1,,1000000.0,7199.557856794634,51.833633333333346,b
2212,2213,d5565090-1_int,e182744,0.0,0.0,0.0,1.9292492840877444e-05,0.0,0.0,0.0,0.0,0.0,1.9292492840877444e-05,0.0,0.0,switch,x8225_48332_sw,CLOSED,1000000.0,7199.557856794634,51.833633333333346,b
2213,2214,e182744,l2801895,0.0,0.0,0.0,6.821164804833926e-05,0.0,0.0,0.0,0.0,0.0,0.00014183318542465025,0.0,0.0,line,ln5803255-1,,1000000.0,7199.557856794634,51.833633333333346,b
2206,2215,m1008746,l2954339,0.0,0.0,0.0,4.542214281717982e-05,0.0,0.0,0.0,0.0,0.0,9.444673144399805e-05,0.0,0.0,line,ln6017284-1,,1000000.0,7199.557856794634,51.833633333333346,b
2215,2216,l2954339,l3048200,0.0,0.0,0.0,7.021418063818279e-05,0.0,0.0,0.0,0.0,0.0,0.00014599707215456626,0.0,0.0,line,ln5986919-1,,1000000.0,7199.557856794634,51.833633333333346,b
2216,2217,l3048200,m1008733,0.0,0.0,0.0,7.509032617817644e-05,0.0,0.0,0.0,0.0,0.0,0.00015613609201875999,0.0,0.0,line,ln5986920-1,,1000000.0,7199.557856794634,51.833633333333346,b
2217,2218,m1008733,l3225319,0.0,0.0,0.0,1.535249510452994e-05,0.0,0.0,0.0,0.0,0.0,3.192260188976397e-05,0.0,0.0,line,ln5644817-1,,1000000.0,7199.557856794634,51.833633333333346,b
2218,2219,l3225319,l3048201,0.0,0.0,0.0,5.71095432759553e-05,0.0,0.0,0.0,0.0,0.0,0.00011874846412207257,0.0,0.0,line,ln5644817-2,,1000000.0,7199.557856794634,51.833633333333346,b
2217,2220,m1008733,l3216339,0.0,0.0,0.0,9.288752279890339e-05,0.0,0.0,0.0,0.0,0.0,0.00019314198706116807,0.0,0.0,line,ln6229785-1,,1000000.0,7199.557856794634,51.833633333333346,b
2205,2221,m1008752,l3085389,0.0,0.0,0.0,3.374555938904533e-05,0.0,0.0,0.0,0.0,0.0,7.016749072963563e-05,0.0,0.0,line,ln6047554-1,,1000000.0,7199.557856794634,51.833633333333346,b
2203,2222,m1008758,l2673300,0.0,0.0,0.0,4.61104548591037e-05,0.0,0.0,0.0,0.0,0.0,9.587794579323976e-05,0.0,0.0,line,ln5895769-1,,1000000.0,7199.557856794634,51.833633333333346,b
2222,2223,l2673300,m1008753,0.0,0.0,0.0,5.468472576042967e-05,0.0,0.0,0.0,0.0,0.0,0.000113706515977721,0.0,0.0,line,ln5532735-1,,1000000.0,7199.557856794634,51.833633333333346,b
2223,2224,m1008753,l3141390,0.0,0.0,0.0,9.65436511814401e-05,0.0,0.0,0.0,0.0,0.0,0.0002007442126289944,0.0,0.0,line,ln5623389-1,,1000000.0,7199.557856794634,51.833633333333346,b
2223,2225,m1008753,m1026307,0.0,0.0,0.0,0.0003305730441431528,0.0,0.0,0.0,0.0,0.0,0.0006873639504080039,0.0,0.0,line,ln6163394-1,,1000000.0,7199.557856794634,51.833633333333346,b
2225,2226,m1026307,l3085388,0.0,0.0,0.0,0.0001400853471587624,0.0,0.0,0.0,0.0,0.0,0.0002912809115059784,0.0,0.0,line,ln5981121-1,,1000000.0,7199.557856794634,51.833633333333346,b
2203,2227,m1008758,l2822859,0.0,0.0,0.0,4.989420562839185e-05,0.0,0.0,0.0,0.0,0.0,0.00010374553791006997,0.0,0.0,line,ln5835125-1,,1000000.0,7199.557856794634,51.833633333333346,b
2190,2228,m1026320,l2879079,0.0,0.0,0.0,7.525573599895563e-05,0.0,0.0,0.0,0.0,0.0,0.0001564800303702422,0.0,0.0,line,ln6017303-1,,1000000.0,7199.557856794634,51.833633333333346,b
2189,2229,m1026323,l2991917,0.0,0.0,0.0,4.886339643050297e-05,0.0,0.0,0.0,0.0,0.0,0.00010160216568135616,0.0,0.0,line,ln6108147-1,,1000000.0,7199.557856794634,51.833633333333346,b
2182,2230,m1026327,l3122823,0.0,0.0,0.0,4.290170977788552e-05,0.0,0.0,0.0,0.0,0.0,8.920596895194815e-05,0.0,0.0,line,ln6380820-1,,1000000.0,7199.557856794634,51.833633333333346,b
2178,2231,m1026329,l3104135,0.00010205007814102681,0.0,0.0,0.0,0.0,0.0,0.00021219378316910057,0.0,0.0,0.0,0.0,0.0,line,ln5502541-1,,1000000.0,7199.557856794634,51.833633333333346,a
2176,2232,m1026330,l2785526,0.0,0.0,0.0,0.00012148180004102868,0.0,0.0,0.0,0.0,0.0,0.0002525983635335872,0.0,0.0,line,ln6199524-1,,1000000.0,7199.557856794634,51.833633333333346,b
2175,2233,m1026331,l3214055,0.0,0.0,0.0,0.0,0.0,6.821143208817439e-05,0.0,0.0,0.0,0.0,0.0,0.00014183273637644538,line,ln6409762-1,,1000000.0,7199.557856794634,51.833633333333346,c
2174,2234,m1026333,n1145955,1.540887637306279e-05,0.0,0.0,0.0,0.0,0.0,3.203983604467883e-05,0.0,0.0,0.0,0.0,0.0,line,ln5744343-2,,1000000.0,7199.557856794634,51.833633333333346,a
2234,2235,n1145955,m1026335,1.5255689002443069e-05,0.0,0.0,0.0,0.0,0.0,3.172131196025231e-05,0.0,0.0,0.0,0.0,0.0,line,ln5744343-3,,1000000.0,7199.557856794634,51.833633333333346,a
2235,2236,m1026335,l2804259,7.8199351373529e-05,0.0,0.0,0.0,0.0,0.0,0.00016260072026978616,0.0,0.0,0.0,0.0,0.0,line,ln6229808-1,,1000000.0,7199.557856794634,51.833633333333346,a
2172,2237,m1026341,p827531,1.0447636933291059e-05,0.0,0.0,0.0,0.0,0.0,2.1723879554394854e-05,0.0,0.0,0.0,0.0,0.0,line,ln6140777-1,,1000000.0,7199.557856794634,51.833633333333346,a
2237,2238,p827531,m1026343,6.9446735420823915e-06,0.0,0.0,0.0,0.0,0.0,1.4440131537502352e-05,0.0,0.0,0.0,0.0,0.0,line,ln5746547-1,,1000000.0,7199.557856794634,51.833633333333346,a
2238,2239,m1026343,m1026344,1.0531450737584153e-05,0.0,0.0,0.0,0.0,0.0,2.1898154464700843e-05,0.0,0.0,0.0,0.0,0.0,line,ln6411389-1,,1000000.0,7199.557856794634,51.833633333333346,a
2239,2240,m1026344,m1026364,0.0003297027470580556,0.0,0.0,0.0,0.0,0.0,0.0006855543326758878,0.0,0.0,0.0,0.0,0.0,line,ln5804803-1,,1000000.0,7199.557856794634,51.833633333333346,a
2240,2241,m1026364,l3010570,6.686554484250572e-05,0.0,0.0,0.0,0.0,0.0,0.000139034219103555,0.0,0.0,0.0,0.0,0.0,line,ln5895786-1,,1000000.0,7199.557856794634,51.833633333333346,a
2239,2242,m1026344,l2991919,0.00014452095634173178,0.0,0.0,0.0,0.0,0.0,0.0003005039195657388,0.0,0.0,0.0,0.0,0.0,line,ln5593238-1,,1000000.0,7199.557856794634,51.833633333333346,a
2242,2243,l2991919,m1026361,9.543778855299229e-05,0.0,0.0,0.0,0.0,0.0,0.00019844478102570463,0.0,0.0,0.0,0.0,0.0,line,ln5744339-1,,1000000.0,7199.557856794634,51.833633333333346,a
2243,2244,m1026361,m1026366,7.828761529997574e-05,0.0,0.0,0.0,0.0,0.0,0.00016278424836512197,0.0,0.0,0.0,0.0,0.0,line,ln5744340-1,,1000000.0,7199.557856794634,51.833633333333346,a
2244,2245,m1026366,l3122824,6.998431398146248e-05,0.0,0.0,0.0,0.0,0.0,0.0001455191080373168,0.0,0.0,0.0,0.0,0.0,line,ln5653465-1,,1000000.0,7199.557856794634,51.833633333333346,a
2244,2246,m1026366,l2860489,6.703757333880382e-05,0.0,0.0,0.0,0.0,0.0,0.00013939191973551276,0.0,0.0,0.0,0.0,0.0,line,ln6290218-1,,1000000.0,7199.557856794634,51.833633333333346,a
2244,2247,m1026366,l3104131,0.00010479864344193504,0.0,0.0,0.0,0.0,0.0,0.0002179089034327132,0.0,0.0,0.0,0.0,0.0,line,ln5593237-1,,1000000.0,7199.557856794634,51.833633333333346,a
2247,2248,l3104131,m1026377,6.8389433617426e-05,0.0,0.0,0.0,0.0,0.0,0.00014220285679761335,0.0,0.0,0.0,0.0,0.0,line,ln5835146-1,,1000000.0,7199.557856794634,51.833633333333346,a
2248,2249,m1026377,l3048210,0.0001423904253930363,0.0,0.0,0.0,0.0,0.0,0.00029607388452414094,0.0,0.0,0.0,0.0,0.0,line,ln5653466-1,,1000000.0,7199.557856794634,51.833633333333346,a
2248,2250,m1026377,m1026378,6.497355252606253e-05,0.0,0.0,0.0,0.0,0.0,0.00013510017990764038,0.0,0.0,0.0,0.0,0.0,line,ln5562936-1,,1000000.0,7199.557856794634,51.833633333333346,a
2250,2251,m1026378,l2897778,0.0001003875172040805,0.0,0.0,0.0,0.0,0.0,0.0002087368030140018,0.0,0.0,0.0,0.0,0.0,line,ln6506312-2,,1000000.0,7199.557856794634,51.833633333333346,a
2251,2252,l2897778,m3037452,2.220994759515861e-06,0.0,0.0,0.0,0.0,0.0,4.618137379269186e-06,0.0,0.0,0.0,0.0,0.0,line,ln6506313-4,,1000000.0,7199.557856794634,51.833633333333346,a
2252,2253,m3037452,m1026387,0.0001330461759385315,0.0,0.0,0.0,0.0,0.0,0.00027664428996873966,0.0,0.0,0.0,0.0,0.0,line,ln6320341-2,,1000000.0,7199.557856794634,51.833633333333346,a
2253,2254,m1026387,l3085402,0.00010572441319632232,0.0,0.0,0.0,0.0,0.0,0.00021983386605993916,0.0,0.0,0.0,0.0,0.0,line,ln5835147-1,,1000000.0,7199.557856794634,51.833633333333346,a
2254,2255,l3085402,m1026394,1.6420704574700207e-05,0.0,0.0,0.0,0.0,0.0,3.414374089153181e-05,0.0,0.0,0.0,0.0,0.0,line,ln6169254-1,,1000000.0,7199.557856794634,51.833633333333346,a
2255,2256,m1026394,m1026393,4.842364782454635e-05,0.0,0.0,0.0,0.0,0.0,0.00010068779185586706,0.0,0.0,0.0,0.0,0.0,line,ln5683829-1,,1000000.0,7199.557856794634,51.833633333333346,a
2256,2257,m1026393,l2804252,2.983258163779116e-05,0.0,0.0,0.0,0.0,0.0,6.203119561237264e-05,0.0,0.0,0.0,0.0,0.0,line,ln5653467-1,,1000000.0,7199.557856794634,51.833633333333346,a
2257,2258,l2804252,l3195310,7.00503888401932e-05,0.0,0.0,0.0,0.0,0.0,0.00014565649817460858,0.0,0.0,0.0,0.0,0.0,line,ln5683814-1,,1000000.0,7199.557856794634,51.833633333333346,a
2256,2259,m1026393,l2935559,7.241349769679788e-05,0.0,0.0,0.0,0.0,0.0,0.0001505701348661004,0.0,0.0,0.0,0.0,0.0,line,ln5865251-1,,1000000.0,7199.557856794634,51.833633333333346,a
2259,2260,l2935559,l3048214,4.237463381883962e-05,0.0,0.0,0.0,0.0,0.0,8.811001445779411e-05,0.0,0.0,0.0,0.0,0.0,line,ln6411397-1,,1000000.0,7199.557856794634,51.833633333333346,a
2253,2261,m1026387,l3104132,7.929764308759626e-05,0.0,0.0,0.0,0.0,0.0,0.00016488440959248462,0.0,0.0,0.0,0.0,0.0,line,ln6290219-1,,1000000.0,7199.557856794634,51.833633333333346,a
2252,2262,m3037452,l2973164,7.995201805262862e-05,0.0,0.0,0.0,0.0,0.0,0.00016624505822667262,0.0,0.0,0.0,0.0,0.0,line,ln6199525-2,,1000000.0,7199.557856794634,51.833633333333346,a
2243,2263,m1026361,l3122825,2.0664880177542376e-05,0.0,0.0,0.0,0.0,0.0,4.2968699127786384e-05,0.0,0.0,0.0,0.0,0.0,line,ln6411388-1,,1000000.0,7199.557856794634,51.833633333333346,a
2263,2264,l3122825,l2991920,6.81070595475653e-05,0.0,0.0,0.0,0.0,0.0,0.00014161571347304095,0.0,0.0,0.0,0.0,0.0,line,ln6199526-1,,1000000.0,7199.557856794634,51.833633333333346,a
2238,2265,m1026343,l2748135,5.9383750396299945e-05,0.0,0.0,0.0,0.0,0.0,0.00012347724651368572,0.0,0.0,0.0,0.0,0.0,line,ln5986936-1,,1000000.0,7199.557856794634,51.833633333333346,a
2148,2266,m1047303,l3048230,0.0,0.0,0.0,0.0,0.0,0.00031584019693776683,0.0,0.0,0.0,0.0,0.0,0.0006567297888050806,line,ln5986964-1,,1000000.0,7199.557856794634,51.833633333333346,c
2266,2267,l3048230,l2991943,0.0,0.0,0.0,0.0,0.0,7.735335819921298e-05,0.0,0.0,0.0,0.0,0.0,0.00016084163791077734,line,ln5532789-1,,1000000.0,7199.557856794634,51.833633333333346,c
2267,2268,l2991943,m1047319,0.0,0.0,0.0,0.0,0.0,8.670490330281046e-05,0.0,0.0,0.0,0.0,0.0,0.00018028640238480933,line,ln5532790-1,,1000000.0,7199.557856794634,51.833633333333346,c
2268,2269,m1047319,l2991921,0.0,0.0,0.0,0.0,0.0,4.058518229798026e-05,0.0,0.0,0.0,0.0,0.0,8.438918939890378e-05,line,ln6350549-1,,1000000.0,7199.557856794634,51.833633333333346,c
2268,2270,m1047319,m1047318,0.0,0.0,0.0,0.0,0.0,8.288202793681578e-05,0.0,0.0,0.0,0.0,0.0,0.00017233745808931006,line,ln5623409-1,,1000000.0,7199.557856794634,51.833633333333346,c
2270,2271,m1047318,l2841637,0.0,0.0,0.0,0.0,0.0,8.19543917495011e-05,0.0,0.0,0.0,0.0,0.0,0.00017040861456879024,line,ln5472367-1,,1000000.0,7199.557856794634,51.833633333333346,c
2270,2272,m1047318,l3254205,0.0,0.0,0.0,0.0,0.0,0.0004317800563212174,0.0,0.0,0.0,0.0,0.0,0.000897804737798945,line,ln6138612-1,,1000000.0,7199.557856794634,51.833633333333346,c
2148,2273,m1047303,n1145954,7.91049546851497e-06,3.2351346956834297e-06,3.2351346956834297e-06,7.91049546851497e-06,3.2351346956834297e-06,7.91049546851497e-06,1.735526162742466e-05,7.633735606674945e-06,7.633735606674945e-06,1.735526162742466e-05,7.633735606674945e-06,1.735526162742466e-05,line,ln6262266-12,,1000000.0,7199.557856794634,51.833633333333346,abc
2273,2274,n1145954,p827580,1.0882208666316394e-05,4.45046848989298e-06,4.45046848989298e-06,1.0882208666316394e-05,4.45046848989298e-06,1.0882208666316394e-05,2.387506310317174e-05,1.0501479219091333e-05,1.0501479219091333e-05,2.387506310317174e-05,1.0501479219091333e-05,2.387506310317174e-05,line,ln6262266-13,,1000000.0,7199.557856794634,51.833633333333346,abc
2274,2275,p827580,d5686080-1_int,1.5164522494725104e-05,6.201795205043824e-06,6.201795205043824e-06,1.5164522494725104e-05,6.201795205043824e-06,1.5164522494725104e-05,3.3270261818420336e-05,1.463397024711754e-05,1.463397024711754e-05,3.3270261818420336e-05,1.463397024711754e-05,3.3270261818420336e-05,line,ln5686080-1,,1000000.0,7199.557856794634,51.833633333333346,abc
2275,2276,d5686080-1_int,f739845,1.9292492840877444e-05,0.0,0.0,1.9292492840877444e-05,0.0,1.9292492840877444e-05,1.9292492840877444e-05,0.0,0.0,1.9292492840877444e-05,0.0,1.9292492840877444e-05,switch,ln293471_sw,CLOSED,1000000.0,7199.557856794634,51.833633333333346,abc
2276,2277,f739845,293471,5.770585250631986e-05,2.3599811962503085e-05,2.3599811962503085e-05,5.770585250631986e-05,2.3599811962503085e-05,5.770585250631986e-05,0.00012660397463937505,5.568693171550775e-05,5.568693171550775e-05,0.00012660397463937505,5.568693171550775e-05,0.00012660397463937505,line,293471,,1000000.0,7199.557856794634,51.833633333333346,abc
2122,2278,m1047316,l2766728,0.0,0.0,0.0,0.0,0.0,3.850103243132353e-05,0.0,0.0,0.0,0.0,0.0,8.005559502099342e-05,line,ln5956502-1,,1000000.0,7199.557856794634,51.833633333333346,c
2122,2279,m1047316,l2785527,7.456432554409652e-05,0.0,0.0,0.0,0.0,0.0,0.0001550423734589317,0.0,0.0,0.0,0.0,0.0,line,ln6138640-1,,1000000.0,7199.557856794634,51.833633333333346,a
2279,2280,l2785527,l2766729,8.091326346021148e-05,0.0,0.0,0.0,0.0,0.0,0.00016824378574657766,0.0,0.0,0.0,0.0,0.0,line,ln5744342-1,,1000000.0,7199.557856794634,51.833633333333346,a
2118,2281,m1047325,p827532,1.0776538669551108e-05,0.0,0.0,0.0,0.0,0.0,2.240776833703213e-05,0.0,0.0,0.0,0.0,0.0,line,ln5837356-1,,1000000.0,7199.557856794634,51.833633333333346,a
2281,2282,p827532,m1047326,8.16028197907536e-06,0.0,0.0,0.0,0.0,0.0,1.6967758735801525e-05,0.0,0.0,0.0,0.0,0.0,line,ln6201699-1,,1000000.0,7199.557856794634,51.833633333333346,a
2282,2283,m1047326,m1047338,0.00011450071427239326,0.0,0.0,0.0,0.0,0.0,0.00023808251967673491,0.0,0.0,0.0,0.0,0.0,line,ln5472372-1,,1000000.0,7199.557856794634,51.833633333333346,a
2283,2284,m1047338,l2691953,0.00016911014714384286,0.0,0.0,0.0,0.0,0.0,0.0003516324783715077,0.0,0.0,0.0,0.0,0.0,line,ln6169256-1,,1000000.0,7199.557856794634,51.833633333333346,a
2282,2285,m1047326,m1047322,4.359600380447958e-05,0.0,0.0,0.0,0.0,0.0,9.064962170379719e-05,0.0,0.0,0.0,0.0,0.0,line,ln6138613-1,,1000000.0,7199.557856794634,51.833633333333346,a
2285,2286,m1047322,l3048211,8.31942022714981e-05,0.0,0.0,0.0,0.0,0.0,0.00017298656541280463,0.0,0.0,0.0,0.0,0.0,line,ln5835148-1,,1000000.0,7199.557856794634,51.833633333333346,a
2105,2287,m1047345,m1047340,9.741128736875478e-05,0.0,0.0,0.0,0.0,0.0,0.00020254829752882453,0.0,0.0,0.0,0.0,0.0,line,ln5472371-1,,1000000.0,7199.557856794634,51.833633333333346,a
2287,2288,m1047340,l2991923,7.250495179127578e-05,0.0,0.0,0.0,0.0,0.0,0.0001507602963108252,0.0,0.0,0.0,0.0,0.0,line,ln6411390-1,,1000000.0,7199.557856794634,51.833633333333346,a
2287,2289,m1047340,m1047342,0.00010929798996661753,0.0,0.0,0.0,0.0,0.0,0.00022726444120644957,0.0,0.0,0.0,0.0,0.0,line,ln6411391-1,,1000000.0,7199.557856794634,51.833633333333346,a
2289,2290,m1047342,l3197645,8.24655168683911e-05,0.0,0.0,0.0,0.0,0.0,0.00017147140231599942,0.0,0.0,0.0,0.0,0.0,line,ln5683832-1,,1000000.0,7199.557856794634,51.833633333333346,a
2104,2291,m1047346,l3254219,0.0,0.0,0.0,0.0,0.0,4.579920255123925e-05,0.0,0.0,0.0,0.0,0.0,9.523075564964574e-05,line,ln6199529-1,,1000000.0,7199.557856794634,51.833633333333346,c
2291,2292,l3254219,l3254220,0.0,0.0,0.0,0.0,0.0,7.180313160888457e-05,0.0,0.0,0.0,0.0,0.0,0.00014930099434537033,line,ln6350547-1,,1000000.0,7199.557856794634,51.833633333333346,c
2090,2293,m1069135,p827533,0.0,0.0,0.0,1.2438439417392435e-05,0.0,0.0,0.0,0.0,0.0,2.586337575409531e-05,0.0,0.0,line,ln5716231-1,,1000000.0,7199.557856794634,51.833633333333346,b
2293,2294,p827533,n1139538,0.0,0.0,0.0,1.0476348445571695e-05,0.0,0.0,0.0,0.0,0.0,2.1783579698895628e-05,0.0,0.0,line,ln6383060-2,,1000000.0,7199.557856794634,51.833633333333346,b
2294,2295,n1139538,l3066818,0.0,0.0,0.0,3.8941532981481126e-05,0.0,0.0,0.0,0.0,0.0,8.097153237183834e-05,0.0,0.0,line,ln6383060-3,,1000000.0,7199.557856794634,51.833633333333346,b
2295,2296,l3066818,l3178981,0.0,0.0,0.0,6.688036888532476e-05,0.0,0.0,0.0,0.0,0.0,0.0001390650428891408,0.0,0.0,line,ln5653469-1,,1000000.0,7199.557856794634,51.833633333333346,b
2296,2297,l3178981,m1047368,0.0,0.0,0.0,0.00024258878051509666,0.0,0.0,0.0,0.0,0.0,0.0005044173608641493,0.0,0.0,line,ln5683833-1,,1000000.0,7199.557856794634,51.833633333333346,b
2297,2298,m1047368,l2785528,0.0,0.0,0.0,4.731360026855149e-05,0.0,0.0,0.0,0.0,0.0,9.837965848943636e-05,0.0,0.0,line,ln5472373-1,,1000000.0,7199.557856794634,51.833633333333346,b
2297,2299,m1047368,l2841620,0.0,0.0,0.0,0.00013866805542604575,0.0,0.0,0.0,0.0,0.0,0.00028833392214450197,0.0,0.0,line,ln6411392-1,,1000000.0,7199.557856794634,51.833633333333346,b
2299,2300,l2841620,l2785520,0.0,0.0,0.0,0.00026824068555230226,0.0,0.0,0.0,0.0,0.0,0.0005577556323725457,0.0,0.0,line,ln6320332-1,,1000000.0,7199.557856794634,51.833633333333346,b
2300,2301,l2785520,m1047386,0.0,0.0,0.0,0.000150327845433692,0.0,0.0,0.0,0.0,0.0,0.00031257824412591814,0.0,0.0,line,ln5865232-1,,1000000.0,7199.557856794634,51.833633333333346,b
2301,2302,m1047386,l3254211,0.0,0.0,0.0,6.152317711344435e-05,0.0,0.0,0.0,0.0,0.0,0.00012792577861864464,0.0,0.0,line,ln5804795-1,,1000000.0,7199.557856794634,51.833633333333346,b
2301,2303,m1047386,m1047379,0.0,0.0,0.0,0.00010639291732716657,0.0,0.0,0.0,0.0,0.0,0.00022122389361476359,0.0,0.0,line,ln5774493-1,,1000000.0,7199.557856794634,51.833633333333346,b
2303,2304,m1047379,l3119793,0.0,0.0,0.0,5.82078831054997e-05,0.0,0.0,0.0,0.0,0.0,0.00012103225349178041,0.0,0.0,line,ln6102834-1,,1000000.0,7199.557856794634,51.833633333333346,b
2304,2305,l3119793,m1047371,0.0,0.0,0.0,4.8203465806307215e-05,0.0,0.0,0.0,0.0,0.0,0.00010022996510759741,0.0,0.0,line,ln6102834-2,,1000000.0,7199.557856794634,51.833633333333346,b
2305,2306,m1047371,p841985,0.0,0.0,0.0,4.550783643031004e-05,0.0,0.0,0.0,0.0,0.0,2.568641893177466e-05,0.0,0.0,line,ln8968081-1,,1000000.0,7199.557856794634,51.833633333333346,b
2306,2307,p841985,221-306687,0.0,0.0,0.0,3.170578284067808e-05,0.0,0.0,0.0,0.0,0.0,1.7895995162343106e-05,0.0,0.0,line,ln8968082-1,,1000000.0,7199.557856794634,51.833633333333346,b
2307,2308,221-306687,l2916625,0.0,0.0,0.0,0.0024604688745904356,0.0,0.0,0.0,0.0,0.0,0.001388785739750702,0.0,0.0,line,ln8968082-2,,1000000.0,7199.557856794634,51.833633333333346,b
2308,2309,l2916625,l3139598,0.0,0.0,0.0,0.002577028335156259,0.0,0.0,0.0,0.0,0.0,0.001454576499527655,0.0,0.0,line,ln81048230-1,,1000000.0,7199.557856794634,51.833633333333346,b
2301,2310,m1047386,m1047388,0.0,0.0,0.0,0.00014963361742600844,0.0,0.0,0.0,0.0,0.0,0.0003111347286478727,0.0,0.0,line,ln5562924-1,,1000000.0,7199.557856794634,51.833633333333346,b
2310,2311,m1047388,l2729407,0.0,0.0,0.0,5.512061953339176e-05,0.0,0.0,0.0,0.0,0.0,0.00011461287440908699,0.0,0.0,line,ln5623394-1,,1000000.0,7199.557856794634,51.833633333333346,b
2310,2312,m1047388,l2691942,0.0,0.0,0.0,0.00024032317935137348,0.0,0.0,0.0,0.0,0.0,0.0004997064729271662,0.0,0.0,line,ln5774454-1,,1000000.0,7199.557856794634,51.833633333333346,b
2312,2313,l2691942,m1047374,0.0,0.0,0.0,8.380724268476902e-05,0.0,0.0,0.0,0.0,0.0,0.00017426126668591626,0.0,0.0,line,ln5502524-1,,1000000.0,7199.557856794634,51.833633333333346,b
2313,2314,m1047374,l2689678,0.0,0.0,0.0,9.961404524346803e-05,0.0,0.0,0.0,0.0,0.0,0.00020712851476486623,0.0,0.0,line,ln5561432-1,,1000000.0,7199.557856794634,51.833633333333346,b
2314,2315,l2689678,m1026463,0.0,0.0,0.0,0.00044408592529046446,0.0,0.0,0.0,0.0,0.0,0.0009233924584487933,0.0,0.0,line,ln5561432-2,,1000000.0,7199.557856794634,51.833633333333346,b
2315,2316,m1026463,m1026468,0.0,0.0,0.0,4.5816967232987066e-05,0.0,0.0,0.0,0.0,0.0,9.526769393617655e-05,0.0,0.0,line,ln6380799-1,,1000000.0,7199.557856794634,51.833633333333346,b
2316,2317,m1026468,p901909,0.0,0.0,0.0,1.0783728017008259e-05,0.0,0.0,0.0,0.0,0.0,2.2422717221572345e-05,0.0,0.0,line,ln6167715-1,,1000000.0,7199.557856794634,51.833633333333346,b
2317,2318,p901909,m1026472,0.0,0.0,0.0,2.3098223084239376e-05,0.0,0.0,0.0,0.0,0.0,4.8028374206194285e-05,0.0,0.0,line,ln6379342-1,,1000000.0,7199.557856794634,51.833633333333346,b
2318,2319,m1026472,d5472341-1_int,0.0,0.0,0.0,7.055536077283152e-06,0.0,0.0,0.0,0.0,0.0,1.4670649153799105e-05,0.0,0.0,line,ln5472341-1,,1000000.0,7199.557856794634,51.833633333333346,b
2319,2320,d5472341-1_int,f739842,0.0,0.0,0.0,1.9292492840877444e-05,0.0,0.0,0.0,0.0,0.0,1.9292492840877444e-05,0.0,0.0,switch,ln0247162_sw,CLOSED,1000000.0,7199.557856794634,51.833633333333346,b
2320,2321,f739842,l0247162,0.0,0.0,0.0,3.410604054381678e-05,0.0,0.0,0.0,0.0,0.0,7.09170429238673e-05,0.0,0.0,line,ln247162,,1000000.0,7199.557856794634,51.833633333333346,b
2316,2322,m1026468,l2766732,0.0,0.0,0.0,0.00010502139795975456,0.0,0.0,0.0,0.0,0.0,0.00021837207920597242,0.0,0.0,line,ln6380827-1,,1000000.0,7199.557856794634,51.833633333333346,b
2322,2323,l2766732,m1026485,0.0,0.0,0.0,1.536682344603793e-05,0.0,0.0,0.0,0.0,0.0,3.1952394958485766e-05,0.0,0.0,line,ln5926316-1,,1000000.0,7199.557856794634,51.833633333333346,b
2323,2324,m1026485,m1026492,0.0,0.0,0.0,7.374787527274762e-05,0.0,0.0,0.0,0.0,0.0,0.00015334471996367866,0.0,0.0,line,ln6290243-1,,1000000.0,7199.557856794634,51.833633333333346,b
2324,2325,m1026492,l3048231,0.0,0.0,0.0,5.997859980231625e-05,0.0,0.0,0.0,0.0,0.0,0.00012471412303722998,0.0,0.0,line,ln5804837-1,,1000000.0,7199.557856794634,51.833633333333346,b
2323,2326,m1026485,p827542,0.0,0.0,0.0,8.244882415471548e-06,0.0,0.0,0.0,0.0,0.0,1.7143669298377047e-05,0.0,0.0,line,ln5504714-1,,1000000.0,7199.557856794634,51.833633333333346,b
2326,2327,p827542,m1026486,0.0,0.0,0.0,5.21481919397251e-06,0.0,0.0,0.0,0.0,0.0,1.0843227496432495e-05,0.0,0.0,line,ln6171504-1,,1000000.0,7199.557856794634,51.833633333333346,b
2327,2328,m1026486,m1026488,0.0,0.0,0.0,1.2088362395330186e-05,0.0,0.0,0.0,0.0,0.0,2.513545698063483e-05,0.0,0.0,line,ln5926315-1,,1000000.0,7199.557856794634,51.833633333333346,b
2328,2329,m1026488,d6047588-1_int,0.0,0.0,0.0,6.112589097555062e-06,0.0,0.0,0.0,0.0,0.0,1.270996974422656e-05,0.0,0.0,line,ln6047588-1,,1000000.0,7199.557856794634,51.833633333333346,b
2329,2330,d6047588-1_int,f739844,0.0,0.0,0.0,1.9292492840877444e-05,0.0,0.0,0.0,0.0,0.0,1.9292492840877444e-05,0.0,0.0,switch,ln247171_sw,CLOSED,1000000.0,7199.557856794634,51.833633333333346,b
2330,2331,f739844,l0247171,0.0,0.0,0.0,3.410604054381678e-05,0.0,0.0,0.0,0.0,0.0,7.09170429238673e-05,0.0,0.0,line,ln247171,,1000000.0,7199.557856794634,51.833633333333346,b
2327,2332,m1026486,m1026487,0.0,0.0,0.0,1.4441343503478113e-05,0.0,0.0,0.0,0.0,0.0,3.0028034939990694e-05,0.0,0.0,line,ln5895792-1,,1000000.0,7199.557856794634,51.833633333333346,b
2332,2333,m1026487,l2897784,0.0,0.0,0.0,1.0690234050092312e-05,0.0,0.0,0.0,0.0,0.0,2.222831424898505e-05,0.0,0.0,line,ln5956476-1,,1000000.0,7199.557856794634,51.833633333333346,b
2333,2334,l2897784,m1026496,0.0,0.0,0.0,5.102466981220043e-05,0.0,0.0,0.0,0.0,0.0,0.0001060961237819202,0.0,0.0,line,ln5653472-1,,1000000.0,7199.557856794634,51.833633333333346,b
2334,2335,m1026496,l2691959,0.0,0.0,0.0,5.151495309673448e-05,0.0,0.0,0.0,0.0,0.0,0.0001071155748873479,0.0,0.0,line,ln6229812-1,,1000000.0,7199.557856794634,51.833633333333346,b
2315,2336,m1026463,p827495,0.0,0.0,0.0,2.3207316536431618e-05,0.0,0.0,0.0,0.0,0.0,4.825521334989056e-05,0.0,0.0,line,ln6292462-1,,1000000.0,7199.557856794634,51.833633333333346,b
2336,2337,p827495,m1026466,0.0,0.0,0.0,1.873538240614684e-05,0.0,0.0,0.0,0.0,0.0,3.895667445140187e-05,0.0,0.0,line,ln5534964-1,,1000000.0,7199.557856794634,51.833633333333346,b
2337,2338,m1026466,d5865224-1_int,0.0,0.0,0.0,6.9725491878182046e-06,0.0,0.0,0.0,0.0,0.0,1.4498093656049576e-05,0.0,0.0,line,ln5865224-1,,1000000.0,7199.557856794634,51.833633333333346,b
2338,2339,d5865224-1_int,f739841,0.0,0.0,0.0,1.9292492840877444e-05,0.0,0.0,0.0,0.0,0.0,1.9292492840877444e-05,0.0,0.0,switch,ln247160_sw,CLOSED,1000000.0,7199.557856794634,51.833633333333346,b
2339,2340,f739841,l0247160,0.0,0.0,0.0,3.410604054381678e-05,0.0,0.0,0.0,0.0,0.0,7.09170429238673e-05,0.0,0.0,line,ln247160,,1000000.0,7199.557856794634,51.833633333333346,b
2313,2341,m1047374,l3197629,0.0,0.0,0.0,0.0002467017250704015,0.0,0.0,0.0,0.0,0.0,0.0005129694490256968,0.0,0.0,line,ln5835134-1,,1000000.0,7199.557856794634,51.833633333333346,b
2313,2342,m1047374,l2879065,0.0,0.0,0.0,0.00013399515861322987,0.0,0.0,0.0,0.0,0.0,0.0002786175194613021,0.0,0.0,line,ln6350534-1,,1000000.0,7199.557856794634,51.833633333333346,b
2297,2343,m1047368,l2748130,0.0,0.0,0.0,7.119973107551144e-05,0.0,0.0,0.0,0.0,0.0,0.0001480463373742531,0.0,0.0,line,ln6350548-1,,1000000.0,7199.557856794634,51.833633333333346,b
2343,2344,l2748130,l3254212,0.0,0.0,0.0,8.075549728651086e-05,0.0,0.0,0.0,0.0,0.0,0.00016791574090953808,0.0,0.0,line,ln5895773-1,,1000000.0,7199.557856794634,51.833633333333346,b
2089,2345,m1069136,l2841638,0.0,0.0,0.0,0.0,0.0,5.4320183883180094e-05,0.0,0.0,0.0,0.0,0.0,0.00011294852028123308,line,ln5774468-1,,1000000.0,7199.557856794634,51.833633333333346,c
2345,2346,l2841638,l2860492,0.0,0.0,0.0,0.0,0.0,0.00010207113369761847,0.0,0.0,0.0,0.0,0.0,0.00021223756420573768,line,ln6199531-1,,1000000.0,7199.557856794634,51.833633333333346,c
2083,2347,m1069155,l3254210,0.0,0.0,0.0,0.0,0.0,0.00012046490740568057,0.0,0.0,0.0,0.0,0.0,0.00025048392815732896,line,ln5744334-1,,1000000.0,7199.557856794634,51.833633333333346,c
2083,2348,m1069155,l3085395,6.162358292460042e-05,0.0,0.0,0.0,0.0,0.0,0.00012813455346046226,0.0,0.0,0.0,0.0,0.0,line,ln6290207-1,,1000000.0,7199.557856794634,51.833633333333346,a
2076,2349,m1069169,p827508,1.2570989724175228e-05,0.0,0.0,0.0,0.0,0.0,2.6138988978198834e-05,0.0,0.0,0.0,0.0,0.0,line,ln6413565-1,,1000000.0,7199.557856794634,51.833633333333346,a
2349,2350,p827508,n1139540,1.0103175994479774e-05,0.0,0.0,0.0,0.0,0.0,2.1007638360935527e-05,0.0,0.0,0.0,0.0,0.0,line,ln5806918-2,,1000000.0,7199.557856794634,51.833633333333346,a
2350,2351,n1139540,l2991907,9.358322448294509e-05,0.0,0.0,0.0,0.0,0.0,0.00019458856676970995,0.0,0.0,0.0,0.0,0.0,line,ln5806918-3,,1000000.0,7199.557856794634,51.833633333333346,a
2351,2352,l2991907,m1069192,6.399068760373732e-05,0.0,0.0,0.0,0.0,0.0,0.0001330564987070814,0.0,0.0,0.0,0.0,0.0,line,ln6199514-1,,1000000.0,7199.557856794634,51.833633333333346,a
2352,2353,m1069192,l3235253,9.124213349247496e-05,0.0,0.0,0.0,0.0,0.0,0.00018972071205504274,0.0,0.0,0.0,0.0,0.0,line,ln6077778-1,,1000000.0,7199.557856794634,51.833633333333346,a
2352,2354,m1069192,m1069191,6.164731504447883e-05,0.0,0.0,0.0,0.0,0.0,0.0001281838999028301,0.0,0.0,0.0,0.0,0.0,line,ln5804793-1,,1000000.0,7199.557856794634,51.833633333333346,a
2354,2355,m1069191,l3195315,5.301658678502824e-05,0.0,0.0,0.0,0.0,0.0,0.00011023793734955873,0.0,0.0,0.0,0.0,0.0,line,ln6015788-1,,1000000.0,7199.557856794634,51.833633333333346,a
2355,2356,l3195315,m1069181,9.418623114078436e-05,0.0,0.0,0.0,0.0,0.0,0.00019584240475135507,0.0,0.0,0.0,0.0,0.0,line,ln6015788-2,,1000000.0,7199.557856794634,51.833633333333346,a
2356,2357,m1069181,l2748146,0.00011103657783331155,0.0,0.0,0.0,0.0,0.0,0.00023087950494305812,0.0,0.0,0.0,0.0,0.0,line,ln5593249-1,,1000000.0,7199.557856794634,51.833633333333346,a
2356,2358,m1069181,l2804253,2.0570158706476937e-05,0.0,0.0,0.0,0.0,0.0,4.277174379312273e-05,0.0,0.0,0.0,0.0,0.0,line,ln5532744-1,,1000000.0,7199.557856794634,51.833633333333346,a
2356,2359,m1069181,l2973151,8.440645717163049e-05,0.0,0.0,0.0,0.0,0.0,0.00017550721956721788,0.0,0.0,0.0,0.0,0.0,line,ln5804794-1,,1000000.0,7199.557856794634,51.833633333333346,a
2359,2360,l2973151,m1069187,8.589526864474739e-05,0.0,0.0,0.0,0.0,0.0,0.00017860292066476782,0.0,0.0,0.0,0.0,0.0,line,ln5472351-1,,1000000.0,7199.557856794634,51.833633333333346,a
2360,2361,m1069187,l2748129,9.67679051118032e-05,0.0,0.0,0.0,0.0,0.0,0.00020121050614626664,0.0,0.0,0.0,0.0,0.0,line,ln6320330-1,,1000000.0,7199.557856794634,51.833633333333346,a
2360,2362,m1069187,l2785519,6.0502892896439814e-05,0.0,0.0,0.0,0.0,0.0,0.00012580429109156278,0.0,0.0,0.0,0.0,0.0,line,ln6108127-1,,1000000.0,7199.557856794634,51.833633333333346,a
2362,2363,l2785519,l3104122,3.652263702653811e-05,0.0,0.0,0.0,0.0,0.0,7.594189698966371e-05,0.0,0.0,0.0,0.0,0.0,line,ln5804792-1,,1000000.0,7199.557856794634,51.833633333333346,a
2363,2364,l3104122,l2804283,9.881820182391225e-05,0.0,0.0,0.0,0.0,0.0,0.00020547370930972097,0.0,0.0,0.0,0.0,0.0,line,ln5986962-1,,1000000.0,7199.557856794634,51.833633333333346,a
2364,2365,l2804283,l2916627,0.0001504955222767199,0.0,0.0,0.0,0.0,0.0,0.00031292689632021417,0.0,0.0,0.0,0.0,0.0,line,ln6017328-1,,1000000.0,7199.557856794634,51.833633333333346,a
2365,2366,l2916627,l2673310,8.69208511590608e-05,0.0,0.0,0.0,0.0,0.0,0.00018073542499625397,0.0,0.0,0.0,0.0,0.0,line,ln5804835-1,,1000000.0,7199.557856794634,51.833633333333346,a
2366,2367,l2673310,l3104121,8.802022267395234e-05,0.0,0.0,0.0,0.0,0.0,0.00018302135955997677,0.0,0.0,0.0,0.0,0.0,line,ln6229794-1,,1000000.0,7199.557856794634,51.833633333333346,a
2367,2368,l3104121,l3104113,3.6834884093918415e-05,0.0,0.0,0.0,0.0,0.0,7.659115554700967e-05,0.0,0.0,0.0,0.0,0.0,line,ln5683815-1,,1000000.0,7199.557856794634,51.833633333333346,a
2352,2369,m1069192,l2991913,0.00010352257063463938,0.0,0.0,0.0,0.0,0.0,0.0002152555520437502,0.0,0.0,0.0,0.0,0.0,line,ln5562930-1,,1000000.0,7199.557856794634,51.833633333333346,a
2076,2370,m1069169,l2879064,9.388560563958148e-05,0.0,0.0,0.0,0.0,0.0,0.00019521731103678495,0.0,0.0,0.0,0.0,0.0,line,ln6108126-1,,1000000.0,7199.557856794634,51.833633333333346,a
2072,2371,m1069175,l3197637,0.0,0.0,0.0,0.0,0.0,8.561254545793626e-05,0.0,0.0,0.0,0.0,0.0,0.00017801505141770883,line,ln5774463-1,,1000000.0,7199.557856794634,51.833633333333346,c
2070,2372,m1069189,l2860487,0.0,0.0,0.0,0.0,0.0,9.7335516681897e-05,0.0,0.0,0.0,0.0,0.0,0.0002023907467558065,line,ln6017300-1,,1000000.0,7199.557856794634,51.833633333333346,c
1986,2373,m1089115,l2991911,0.0,0.0,0.0,0.0,0.0,8.036210962123048e-05,0.0,0.0,0.0,0.0,0.0,0.000167097765867593,line,ln6199521-1,,1000000.0,7199.557856794634,51.833633333333346,c
1939,2374,m1089131,l3270854,5.650578243598589e-05,0.0,0.0,0.0,0.0,0.0,0.00011749305796172238,0.0,0.0,0.0,0.0,0.0,line,ln6409869-1,,1000000.0,7199.557856794634,51.833633333333346,a
1926,2375,m1089143,m1089144,2.8770816284664585e-05,0.0,0.0,0.0,0.0,0.0,5.982345592983704e-05,0.0,0.0,0.0,0.0,0.0,line,ln6411382-1,,1000000.0,7199.557856794634,51.833633333333346,a
2375,2376,m1089144,p827522,2.9000663918986957e-06,0.0,0.0,0.0,0.0,0.0,6.030138049361771e-06,0.0,0.0,0.0,0.0,0.0,line,ln6352700-1,,1000000.0,7199.557856794634,51.833633333333346,a
2376,2377,p827522,n1142111,1.1705767143469907e-05,0.0,0.0,0.0,0.0,0.0,2.433992271555984e-05,0.0,0.0,0.0,0.0,0.0,line,ln5504713-2,,1000000.0,7199.557856794634,51.833633333333346,a
2377,2378,n1142111,l2991912,5.850214953096733e-05,0.0,0.0,0.0,0.0,0.0,0.0001216441247143907,0.0,0.0,0.0,0.0,0.0,line,ln5504713-3,,1000000.0,7199.557856794634,51.833633333333346,a
2378,2379,l2991912,l3104128,0.00012576877715820292,0.0,0.0,0.0,0.0,0.0,0.0002615123194013668,0.0,0.0,0.0,0.0,0.0,line,ln6411381-1,,1000000.0,7199.557856794634,51.833633333333346,a
2379,2380,l3104128,l2673315,0.0001303222692601779,0.0,0.0,0.0,0.0,0.0,0.000270980442634094,0.0,0.0,0.0,0.0,0.0,line,ln5926306-1,,1000000.0,7199.557856794634,51.833633333333346,a
2380,2381,l2673315,m1089148,0.0001392737733350739,0.0,0.0,0.0,0.0,0.0,0.00028959339765879163,0.0,0.0,0.0,0.0,0.0,line,ln5714048-1,,1000000.0,7199.557856794634,51.833633333333346,a
2381,2382,m1089148,l2766721,5.416369221014154e-05,0.0,0.0,0.0,0.0,0.0,0.00011262312552660464,0.0,0.0,0.0,0.0,0.0,line,ln6259992-1,,1000000.0,7199.557856794634,51.833633333333346,a
2381,2383,m1089148,l2991906,0.00017620355457749755,0.0,0.0,0.0,0.0,0.0,0.0003663818738283829,0.0,0.0,0.0,0.0,0.0,line,ln5865245-1,,1000000.0,7199.557856794634,51.833633333333346,a
2383,2384,l2991906,l2879054,7.198273437645696e-05,0.0,0.0,0.0,0.0,0.0,0.00014967444423794326,0.0,0.0,0.0,0.0,0.0,line,ln6138598-1,,1000000.0,7199.557856794634,51.833633333333346,a
1913,2385,m1108298,m1108299,0.0,0.0,0.0,1.2037494265306499e-05,0.0,0.0,0.0,0.0,0.0,2.5029686351654548e-05,0.0,0.0,line,ln5807090-1,,1000000.0,7199.557856794634,51.833633333333346,b
2385,2386,m1108299,m1108300,0.0,0.0,0.0,7.605491505193859e-06,0.0,0.0,0.0,0.0,0.0,1.581417716424792e-05,0.0,0.0,line,ln5686247-1,,1000000.0,7199.557856794634,51.833633333333346,b
2386,2387,m1108300,l2711234,0.0,0.0,0.0,7.956688051323173e-05,0.0,0.0,0.0,0.0,0.0,0.0001654442377568232,0.0,0.0,line,ln6412366-1,,1000000.0,7199.557856794634,51.833633333333346,b
2387,2388,l2711234,l3198355,0.0,0.0,0.0,0.00013297542380783645,0.0,0.0,0.0,0.0,0.0,0.0002764971743314668,0.0,0.0,line,ln5654485-1,,1000000.0,7199.557856794634,51.833633333333346,b
2388,2389,l3198355,l2805037,0.0,0.0,0.0,0.00012399885492624156,0.0,0.0,0.0,0.0,0.0,0.0002578321017949092,0.0,0.0,line,ln6048642-1,,1000000.0,7199.557856794634,51.833633333333346,b
1913,2390,m1108298,p893610,0.0,0.0,0.0,1.138829451147871e-05,0.0,0.0,0.0,0.0,0.0,2.36797985876609e-05,0.0,0.0,line,ln6195132-1,,1000000.0,7199.557856794634,51.833633333333346,b
2390,2391,p893610,m1108302,0.0,0.0,0.0,9.859290166166239e-05,0.0,0.0,0.0,0.0,0.0,0.0002050052403516635,0.0,0.0,line,ln6103662-1,,1000000.0,7199.557856794634,51.833633333333346,b
2391,2392,m1108302,l3236011,0.0,0.0,0.0,3.93920941422204e-05,0.0,0.0,0.0,0.0,0.0,8.190838885434102e-05,0.0,0.0,line,ln6164818-1,,1000000.0,7199.557856794634,51.833633333333346,b
2392,2393,l3236011,l3198358,0.0,0.0,0.0,0.00012716910538781447,0.0,0.0,0.0,0.0,0.0,0.00026442403637535214,0.0,0.0,line,ln5866274-1,,1000000.0,7199.557856794634,51.833633333333346,b
2393,2394,l3198358,l3104859,0.0,0.0,0.0,0.00011891591354133639,0.0,0.0,0.0,0.0,0.0,0.0002472630891911236,0.0,0.0,line,ln6170303-1,,1000000.0,7199.557856794634,51.833633333333346,b
2394,2395,l3104859,l2970845,0.0,0.0,0.0,0.00012630259040301373,0.0,0.0,0.0,0.0,0.0,0.00026262228280350783,0.0,0.0,line,ln5742901-1,,1000000.0,7199.557856794634,51.833633333333346,b
2395,2396,l2970845,l2897771,0.0,0.0,0.0,9.828558475224257e-05,0.0,0.0,0.0,0.0,0.0,0.00020436623312276644,0.0,0.0,line,ln5501096-1,,1000000.0,7199.557856794634,51.833633333333346,b
1806,2397,m1125902,p829986,1.064563100277876e-05,0.0,0.0,0.0,0.0,0.0,2.2135570671295142e-05,0.0,0.0,0.0,0.0,0.0,line,ln5595583-1,,1000000.0,7199.557856794634,51.833633333333346,a
2397,2398,p829986,m1125904,2.401392999011581e-05,0.0,0.0,0.0,0.0,0.0,4.993241304841322e-05,0.0,0.0,0.0,0.0,0.0,line,ln5837516-1,,1000000.0,7199.557856794634,51.833633333333346,a
2398,2399,m1125904,m1125903,2.1326177057496125e-05,0.0,0.0,0.0,0.0,0.0,4.434374057127643e-05,0.0,0.0,0.0,0.0,0.0,line,ln6439987-1,,1000000.0,7199.557856794634,51.833633333333346,a
2399,2400,m1125903,l2989565,1.7389489565655243e-05,0.0,0.0,0.0,0.0,0.0,3.6158145545138314e-05,0.0,0.0,0.0,0.0,0.0,line,ln5894215-1,,1000000.0,7199.557856794634,51.833633333333346,a
2398,2401,m1125904,n1142108,1.6406852912105328e-05,0.0,0.0,0.0,0.0,0.0,3.4114938986205216e-05,0.0,0.0,0.0,0.0,0.0,line,ln5715016-2,,1000000.0,7199.557856794634,51.833633333333346,a
2401,2402,n1142108,l2674051,8.244376419686315e-05,0.0,0.0,0.0,0.0,0.0,0.00017142617176106373,0.0,0.0,0.0,0.0,0.0,line,ln5715016-3,,1000000.0,7199.557856794634,51.833633333333346,a
1801,2403,m1125914,p829963,0.0,0.0,0.0,4.884487420973125e-06,0.0,0.0,0.0,0.0,0.0,1.0156365223609635e-05,0.0,0.0,line,ln6049963-1,,1000000.0,7199.557856794634,51.833633333333346,b
2403,2404,p829963,m1125916,0.0,0.0,0.0,7.470367579866096e-06,0.0,0.0,0.0,0.0,0.0,1.553321258848019e-05,0.0,0.0,line,ln5535142-1,,1000000.0,7199.557856794634,51.833633333333346,b
2404,2405,m1125916,l2879767,0.0,0.0,0.0,7.760810503347568e-05,0.0,0.0,0.0,0.0,0.0,0.00016137133563857186,0.0,0.0,line,ln5896827-1,,1000000.0,7199.557856794634,51.833633333333346,b
2405,2406,l2879767,l2767407,0.0,0.0,0.0,7.85596087353835e-05,0.0,0.0,0.0,0.0,0.0,0.0001633498071290905,0.0,0.0,line,ln6109148-1,,1000000.0,7199.557856794634,51.833633333333346,b
2404,2407,m1125916,m1125913,0.0,0.0,0.0,3.991544730609275e-05,0.0,0.0,0.0,0.0,0.0,8.299660250197907e-05,0.0,0.0,line,ln5563935-1,,1000000.0,7199.557856794634,51.833633333333346,b
2407,2408,m1125913,l3068944,0.0,0.0,0.0,4.442792488017753e-05,0.0,0.0,0.0,0.0,0.0,9.237944380257603e-05,0.0,0.0,line,ln5496577-1,,1000000.0,7199.557856794634,51.833633333333346,b
2408,2409,l3068944,m1125911,0.0,0.0,0.0,2.48436881072714e-06,0.0,0.0,0.0,0.0,0.0,5.1657737685119495e-06,0.0,0.0,line,ln5708136-1,,1000000.0,7199.557856794634,51.833633333333346,b
2409,2410,m1125911,l2711224,0.0,0.0,0.0,0.0001179830327670129,0.0,0.0,0.0,0.0,0.0,0.00024532334054658196,0.0,0.0,line,ln5563934-1,,1000000.0,7199.557856794634,51.833633333333346,b
2410,2411,l2711224,m1125905,0.0,0.0,0.0,7.626836537923573e-05,0.0,0.0,0.0,0.0,0.0,0.00015858560111613496,0.0,0.0,line,ln6170291-1,,1000000.0,7199.557856794634,51.833633333333346,b
2411,2412,m1125905,l2917310,0.0,0.0,0.0,0.0001470725984222599,0.0,0.0,0.0,0.0,0.0,0.00030580957534007835,0.0,0.0,line,ln6170292-1,,1000000.0,7199.557856794634,51.833633333333346,b
2411,2413,m1125905,l3142098,0.0,0.0,0.0,2.8551076257436443e-05,0.0,0.0,0.0,0.0,0.0,5.936654821804888e-05,0.0,0.0,line,ln6139645-1,,1000000.0,7199.557856794634,51.833633333333346,b
2411,2414,m1125905,l3142079,0.0,0.0,0.0,0.0002720960108912553,0.0,0.0,0.0,0.0,0.0,0.0005657720502325066,0.0,0.0,line,ln6505937-2,,1000000.0,7199.557856794634,51.833633333333346,b
2414,2415,l3142079,m3036162,0.0,0.0,0.0,2.809265772738292e-06,0.0,0.0,0.0,0.0,0.0,5.8413353826247945e-06,0.0,0.0,line,ln6505938-4,,1000000.0,7199.557856794634,51.833633333333346,b
2415,2416,m3036162,l2955055,0.0,0.0,0.0,4.818482721321869e-05,0.0,0.0,0.0,0.0,0.0,0.00010019120968817541,0.0,0.0,line,ln6048598-2,,1000000.0,7199.557856794634,51.833633333333346,b
2415,2417,m3036162,l2879753,0.0,0.0,0.0,6.465927677589003e-05,0.0,0.0,0.0,0.0,0.0,0.00013444670308917822,0.0,0.0,line,ln5563909-2,,1000000.0,7199.557856794634,51.833633333333346,b
2411,2418,m1125905,l2748839,0.0,0.0,0.0,9.572740903750395e-05,0.0,0.0,0.0,0.0,0.0,0.0001990469918952237,0.0,0.0,line,ln5836177-1,,1000000.0,7199.557856794634,51.833633333333346,b
1797,2419,m1125919,p829961,1.1689985266966298e-05,0.0,0.0,0.0,0.0,0.0,2.4307107296485095e-05,0.0,0.0,0.0,0.0,0.0,line,ln6171683-1,,1000000.0,7199.557856794634,51.833633333333346,a
2419,2420,p829961,n1141476,1.1066875291397026e-05,0.0,0.0,0.0,0.0,0.0,2.3011468278318642e-05,0.0,0.0,0.0,0.0,0.0,line,ln5686245-2,,1000000.0,7199.557856794634,51.833633333333346,a
2420,2421,n1141476,l2692654,8.547052871076628e-05,0.0,0.0,0.0,0.0,0.0,0.00017771975452617953,0.0,0.0,0.0,0.0,0.0,line,ln5686245-3,,1000000.0,7199.557856794634,51.833633333333346,a
2421,2422,l2692654,m1125929,2.654192946793233e-06,0.0,0.0,0.0,0.0,0.0,5.518890851435586e-06,0.0,0.0,0.0,0.0,0.0,line,ln5957492-1,,1000000.0,7199.557856794634,51.833633333333346,a
2422,2423,m1125929,l2842379,0.00018025098375636407,0.0,0.0,0.0,0.0,0.0,0.000374797735189957,0.0,0.0,0.0,0.0,0.0,line,ln6018332-1,,1000000.0,7199.557856794634,51.833633333333346,a
1791,2424,m1142818,p829965,0.00012774326394252372,5.2242829411276665e-05,5.2242829411276665e-05,0.00012774326394252372,5.2242829411276665e-05,0.00012774326394252372,0.0002802628199065085,0.00012327398534670857,0.00012327398534670857,0.0002802628199065085,0.00012327398534670857,0.0002802628199065085,line,ln5504876-1,,1000000.0,7199.557856794634,51.833633333333346,abc
2424,2425,p829965,l2936271,5.2859198916533564e-05,2.161768868733233e-05,2.161768868733233e-05,5.2859198916533564e-05,2.161768868733233e-05,5.2859198916533564e-05,0.00011597064055770734,5.100984515009237e-05,5.100984515009237e-05,0.00011597064055770734,5.100984515009237e-05,0.00011597064055770734,line,ln5928744-1,,1000000.0,7199.557856794634,51.833633333333346,abc
2425,2426,l2936271,m1142815,0.0002642132128109868,0.00010805458839144969,0.00010805458839144969,0.0002642132128109868,0.00010805458839144969,0.0002642132128109868,0.0005796715834056264,0.00025496934021603727,0.00025496934021603727,0.0005796715834056264,0.00025496934021603727,0.0005796715834056264,line,ln5927423-1,,1000000.0,7199.557856794634,51.833633333333346,abc
2426,2427,m1142815,l2917359,2.031826635086999e-05,0.0,0.0,0.0,0.0,0.0,4.224798141232622e-05,0.0,0.0,0.0,0.0,0.0,line,ln6048681-1,,1000000.0,7199.557856794634,51.833633333333346,a
2426,2428,m1142815,m1142814,0.0002791178507134041,0.00011415009927273722,0.00011415009927273722,0.0002791178507134041,0.00011415009927273722,0.0002791178507134041,0.0006123716704340617,0.00026935251830053714,0.00026935251830053714,0.0006123716704340617,0.00026935251830053714,0.0006123716704340617,line,ln5684911-1,,1000000.0,7199.557856794634,51.833633333333346,abc
2428,2429,m1142814,m1142810,0.000569716780597411,0.00023299558554323456,0.00023299558554323456,0.000569716780597411,0.00023299558554323456,0.000569716780597411,0.001249932298192486,0.0005497844339936295,0.0005497844339936295,0.001249932298192486,0.0005497844339936295,0.001249932298192486,line,ln5957494-1,,1000000.0,7199.557856794634,51.833633333333346,abc
2429,2430,m1142810,m1142808,0.0,0.0,0.0,2.0879909363868628e-05,0.0,0.0,0.0,0.0,0.0,4.341581153935442e-05,0.0,0.0,line,ln5894225-1,,1000000.0,7199.557856794634,51.833633333333346,b
2430,2431,m1142808,l3160868,0.0,0.0,0.0,0.00010273196173141119,0.0,0.0,0.0,0.0,0.0,0.00021361163077255498,0.0,0.0,line,ln5798823-1,,1000000.0,7199.557856794634,51.833633333333346,b
2431,2432,l3160868,l3082988,0.0,0.0,0.0,2.9862970477984368e-05,0.0,0.0,0.0,0.0,0.0,6.20943834421537e-05,0.0,0.0,line,ln6139649-1,,1000000.0,7199.557856794634,51.833633333333346,b
2432,2433,l3082988,m1149225,0.0,0.0,0.0,7.737228772309355e-05,0.0,0.0,0.0,0.0,0.0,0.00016088099826560483,0.0,0.0,line,ln6230797-1,,1000000.0,7199.557856794634,51.833633333333346,b
2433,2434,m1149225,l2767409,0.0,0.0,0.0,7.615676880326737e-05,0.0,0.0,0.0,0.0,0.0,0.00015835355720127662,0.0,0.0,line,ln6381851-1,,1000000.0,7199.557856794634,51.833633333333346,b
2434,2435,l2767409,m1142800,0.0,0.0,0.0,0.00010435284683239774,0.0,0.0,0.0,0.0,0.0,0.0002169819539308132,0.0,0.0,line,ln6412352-1,,1000000.0,7199.557856794634,51.833633333333346,b
2435,2436,m1142800,m1142799,0.0,0.0,0.0,0.0001044026060685179,0.0,0.0,0.0,0.0,0.0,0.00021708541882522862,0.0,0.0,line,ln6321415-1,,1000000.0,7199.557856794634,51.833633333333346,b
2436,2437,m1142799,m1142798,0.0,0.0,0.0,0.00011276798642322969,0.0,0.0,0.0,0.0,0.0,0.00023447964073519827,0.0,0.0,line,ln5896831-1,,1000000.0,7199.557856794634,51.833633333333346,b
2437,2438,m1142798,m1142801,0.0,0.0,0.0,8.888844631767403e-05,0.0,0.0,0.0,0.0,0.0,0.00018482666596399117,0.0,0.0,line,ln6078773-1,,1000000.0,7199.557856794634,51.833633333333346,b
2438,2439,m1142801,l3217064,0.0,0.0,0.0,0.00011243564275190689,0.0,0.0,0.0,0.0,0.0,0.00023378859510137878,0.0,0.0,line,ln6139658-1,,1000000.0,7199.557856794634,51.833633333333346,b
2439,2440,l3217064,l3200222,0.0,0.0,0.0,0.0002569936703903321,0.0,0.0,0.0,0.0,0.0,0.0005343695973978284,0.0,0.0,line,ln6315098-1,,1000000.0,7199.557856794634,51.833633333333346,b
2426,2441,m1142815,n1141477,2.707506126331101e-05,0.0,0.0,0.0,0.0,0.0,5.629745497164324e-05,0.0,0.0,0.0,0.0,0.0,line,ln6291288-3,,1000000.0,7199.557856794634,51.833633333333346,a
2441,2442,n1141477,l2879794,3.1695516681897015e-05,0.0,0.0,0.0,0.0,0.0,6.590481572132379e-05,0.0,0.0,0.0,0.0,0.0,line,ln6291288-2,,1000000.0,7199.557856794634,51.833633333333346,a
2442,2443,l2879794,m1142811,3.7771759571809545e-05,0.0,0.0,0.0,0.0,0.0,7.853921042000399e-05,0.0,0.0,0.0,0.0,0.0,line,ln6109190-1,,1000000.0,7199.557856794634,51.833633333333346,a
2443,2444,m1142811,l2992657,5.76729385874937e-05,0.0,0.0,0.0,0.0,0.0,0.00011991993782158172,0.0,0.0,0.0,0.0,0.0,line,ln5745385-1,,1000000.0,7199.557856794634,51.833633333333346,a
2443,2445,m1142811,l2917330,8.906123570988978e-05,0.0,0.0,0.0,0.0,0.0,0.0001851859487347018,0.0,0.0,0.0,0.0,0.0,line,ln6321458-1,,1000000.0,7199.557856794634,51.833633333333346,a
2445,2446,l2917330,l2861222,0.00010018529792432067,0.0,0.0,0.0,0.0,0.0,0.00020831632637367367,0.0,0.0,0.0,0.0,0.0,line,ln5654476-1,,1000000.0,7199.557856794634,51.833633333333346,a
115,2447,m1142843,p829976,1.1062204733220191e-05,0.0,0.0,0.0,0.0,0.0,2.300175673838543e-05,0.0,0.0,0.0,0.0,0.0,line,ln5746705-1,,1000000.0,7199.557856794634,51.833633333333346,a
2447,2448,p829976,l2955078,6.132082803379271e-05,0.0,0.0,0.0,0.0,0.0,0.00012750503208405864,0.0,0.0,0.0,0.0,0.0,line,ln6413711-1,,1000000.0,7199.557856794634,51.833633333333346,a
115,2449,m1142843,l2692660,8.881098935118703e-05,0.0,0.0,0.0,0.0,0.0,0.00018466560889229578,0.0,0.0,0.0,0.0,0.0,line,ln5473439-1,,1000000.0,7199.557856794634,51.833633333333346,a
2449,2450,l2692660,l2955076,0.00016630549598105216,0.0,0.0,0.0,0.0,0.0,0.00034580073819508427,0.0,0.0,0.0,0.0,0.0,line,ln5473438-1,,1000000.0,7199.557856794634,51.833633333333346,a
108,2451,m1149235,p829975,0.0,0.0,0.0,0.0,0.0,6.992420879879151e-06,0.0,0.0,0.0,0.0,0.0,1.4539413070921129e-05,line,ln5989329-1,,1000000.0,7199.557856794634,51.833633333333346,c
2451,2452,p829975,l3160871,0.0,0.0,0.0,0.0,0.0,1.3935244773502917e-05,0.0,0.0,0.0,0.0,0.0,2.8975698615249167e-05,line,ln6352834-1,,1000000.0,7199.557856794634,51.833633333333346,c
2452,2453,l3160871,l3030203,0.0,0.0,0.0,0.0,0.0,0.00010011611010611512,0.0,0.0,0.0,0.0,0.0,0.00020817246342754283,line,ln5957495-1,,1000000.0,7199.557856794634,51.833633333333346,c
2453,2454,l3030203,l3179673,0.0,0.0,0.0,0.0,0.0,6.060985024523972e-05,0.0,0.0,0.0,0.0,0.0,0.00012602668861337777,line,ln5957496-1,,1000000.0,7199.557856794634,51.833633333333346,c
93,2455,m1166373,m1166369,1.1483261035788215e-05,0.0,0.0,0.0,0.0,0.0,2.3877263464069976e-05,0.0,0.0,0.0,0.0,0.0,line,ln5594243-1,,1000000.0,7199.557856794634,51.833633333333346,a
2455,2456,m1166369,l2839305,6.666941832491e-05,0.0,0.0,0.0,0.0,0.0,0.0001386264112066232,0.0,0.0,0.0,0.0,0.0,line,ln6046058-1,,1000000.0,7199.557856794634,51.833633333333346,a
2456,2457,l2839305,m1166361,0.00011291568974841944,0.0,0.0,0.0,0.0,0.0,0.00023478676178723075,0.0,0.0,0.0,0.0,0.0,line,ln5712498-1,,1000000.0,7199.557856794634,51.833633333333346,a
2457,2458,m1166361,l2989600,1.882039014565189e-05,0.0,0.0,0.0,0.0,0.0,3.9133431923545134e-05,0.0,0.0,0.0,0.0,0.0,line,ln6015890-1,,1000000.0,7199.557856794634,51.833633333333346,a
2458,2459,l2989600,m1166362,0.000111227242684769,0.0,0.0,0.0,0.0,0.0,0.00023127595634108865,0.0,0.0,0.0,0.0,0.0,line,ln5591813-1,,1000000.0,7199.557856794634,51.833633333333346,a
2459,2460,m1166362,l2898522,7.715447567184496e-05,0.0,0.0,0.0,0.0,0.0,0.00016042809941421555,0.0,0.0,0.0,0.0,0.0,line,ln5563943-1,,1000000.0,7199.557856794634,51.833633333333346,a
2459,2461,m1166362,m1166355,0.0001155900262956677,0.0,0.0,0.0,0.0,0.0,0.0002403475374354746,0.0,0.0,0.0,0.0,0.0,line,ln6078774-1,,1000000.0,7199.557856794634,51.833633333333346,a
2461,2462,m1166355,l2805035,7.302557244363214e-05,0.0,0.0,0.0,0.0,0.0,0.0001518428282190006,0.0,0.0,0.0,0.0,0.0,line,ln5624381-1,,1000000.0,7199.557856794634,51.833633333333346,a
2461,2463,m1166355,l2858200,0.000125337617724399,0.0,0.0,0.0,0.0,0.0,0.00026061580513038826,0.0,0.0,0.0,0.0,0.0,line,ln6015891-1,,1000000.0,7199.557856794634,51.833633333333346,a
2457,2464,m1166361,l2692661,7.729492474963167e-05,0.0,0.0,0.0,0.0,0.0,0.00016072013663457894,0.0,0.0,0.0,0.0,0.0,line,ln6198041-1,,1000000.0,7199.557856794634,51.833633333333346,a
2455,2465,m1166369,p829978,4.666754816210066e-06,0.0,0.0,0.0,0.0,0.0,9.70363156611955e-06,0.0,0.0,0.0,0.0,0.0,line,ln6049964-1,,1000000.0,7199.557856794634,51.833633333333346,a
2465,2466,p829978,l2992656,6.204353257119411e-05,0.0,0.0,0.0,0.0,0.0,0.0001290077591049312,0.0,0.0,0.0,0.0,0.0,line,ln5989332-1,,1000000.0,7199.557856794634,51.833633333333346,a
2466,2467,l2992656,m1166356,6.655929542529978e-05,0.0,0.0,0.0,0.0,0.0,0.00013839743152226127,0.0,0.0,0.0,0.0,0.0,line,ln5533838-1,,1000000.0,7199.557856794634,51.833633333333346,a
2467,2468,m1166356,l2727019,6.86180962682531e-05,0.0,0.0,0.0,0.0,0.0,0.00014267831741295384,0.0,0.0,0.0,0.0,0.0,line,ln6258530-1,,1000000.0,7199.557856794634,51.833633333333346,a
2467,2469,m1166356,l2730187,5.701008075194419e-05,0.0,0.0,0.0,0.0,0.0,0.00011854165066697362,0.0,0.0,0.0,0.0,0.0,line,ln6078810-1,,1000000.0,7199.557856794634,51.833633333333346,a
2467,2470,m1166356,l3104856,9.097149400421474e-05,0.0,0.0,0.0,0.0,0.0,0.00018915796856738446,0.0,0.0,0.0,0.0,0.0,line,ln5715051-1,,1000000.0,7199.557856794634,51.833633333333346,a
89,2471,m1166366,p830058,0.0,0.0,0.0,0.0,0.0,9.992811398519234e-06,0.0,0.0,0.0,0.0,0.0,2.0778156114852064e-05,line,ln6140925-1,,1000000.0,7199.557856794634,51.833633333333346,c
2471,2472,p830058,m1166370,0.0,0.0,0.0,0.0,0.0,9.92285373267936e-06,0.0,0.0,0.0,0.0,0.0,2.0632692416571215e-05,line,ln5776833-1,,1000000.0,7199.557856794634,51.833633333333346,c
2472,2473,m1166370,m1166364,0.0,0.0,0.0,0.0,0.0,5.316393204155087e-05,0.0,0.0,0.0,0.0,0.0,0.0001105443138657075,line,ln5927421-1,,1000000.0,7199.557856794634,51.833633333333346,c
2473,2474,m1166364,m1166358,0.0,0.0,0.0,0.0,0.0,8.351436601331567e-05,0.0,0.0,0.0,0.0,0.0,0.00017365228519320463,line,ln5805804-1,,1000000.0,7199.557856794634,51.833633333333346,c
2474,2475,m1166358,l3030205,0.0,0.0,0.0,0.0,0.0,6.883135525260624e-05,0.0,0.0,0.0,0.0,0.0,0.00014312174902524676,line,ln6170336-1,,1000000.0,7199.557856794634,51.833633333333346,c
2472,2476,m1166370,l3067506,0.0,0.0,0.0,0.0,0.0,0.0002752198690811435,0.0,0.0,0.0,0.0,0.0,0.0005722675208825156,line,ln6261048-1,,1000000.0,7199.557856794634,51.833633333333346,c
2476,2477,l3067506,m1166386,0.0,0.0,0.0,0.0,0.0,5.964816508457506e-05,0.0,0.0,0.0,0.0,0.0,0.00012402704671034053,line,ln5866266-1,,1000000.0,7199.557856794634,51.833633333333346,c
2477,2478,m1166386,l3048966,0.0,0.0,0.0,0.0,0.0,7.061528356427518e-05,0.0,0.0,0.0,0.0,0.0,0.0001468310896181308,line,ln6381856-1,,1000000.0,7199.557856794634,51.833633333333346,c
2477,2479,m1166386,l2898515,0.0,0.0,0.0,0.0,0.0,0.00022379552414166087,0.0,0.0,0.0,0.0,0.0,0.00046534034847386723,line,ln6261020-1,,1000000.0,7199.557856794634,51.833633333333346,c
2479,2480,l2898515,m1166387,0.0,0.0,0.0,0.0,0.0,6.669685533652859e-05,0.0,0.0,0.0,0.0,0.0,0.00013868346126871288,line,ln6018326-1,,1000000.0,7199.557856794634,51.833633333333346,c
2480,2481,m1166387,l3048946,0.0,0.0,0.0,0.0,0.0,9.55965685086067e-05,0.0,0.0,0.0,0.0,0.0,0.0001987749338299649,line,ln5624374-1,,1000000.0,7199.557856794634,51.833633333333346,c
2480,2482,m1166387,l3198347,0.0,0.0,0.0,0.0,0.0,0.0001307532384700024,0.0,0.0,0.0,0.0,0.0,0.0002718765613703843,line,ln5624375-1,,1000000.0,7199.557856794634,51.833633333333346,c
87,2483,m3032980,m1186065,0.0003036938607557897,0.0001242008859884411,0.0001242008859884411,0.0003036938607557897,0.0001242008859884411,0.0003036938607557897,0.000666290301162244,0.0002930687019046191,0.0002930687019046191,0.000666290301162244,0.0002930687019046191,0.000666290301162244,line,ln6504019-6,,1000000.0,7199.557856794634,51.833633333333346,abc
2483,2484,m1186065,m1186064,0.0001308034594475015,5.349434958382872e-05,5.349434958382872e-05,0.0001308034594475015,5.349434958382872e-05,0.0001308034594475015,0.00028697674747670264,0.00012622711558775543,0.00012622711558775543,0.00028697674747670264,0.00012622711558775543,0.00028697674747670264,line,ln5927383-1,,1000000.0,7199.557856794634,51.833633333333346,abc
2484,2485,m1186064,m1186063,9.743324598121292e-06,3.984702043525145e-06,3.984702043525145e-06,9.743324598121292e-06,3.984702043525145e-06,9.743324598121292e-06,2.1376404069043968e-05,9.40244061931474e-06,9.40244061931474e-06,2.1376404069043968e-05,9.40244061931474e-06,2.1376404069043968e-05,line,ln5654480-1,,1000000.0,7199.557856794634,51.833633333333346,abc
2485,2486,m1186063,p829979,0.0,0.0,0.0,4.381964901810857e-06,0.0,0.0,0.0,0.0,0.0,9.111464951006713e-06,0.0,0.0,line,ln6322801-1,,1000000.0,7199.557856794634,51.833633333333346,b
2486,2487,p829979,m3036172,0.0,0.0,0.0,3.644182092836761e-05,0.0,0.0,0.0,0.0,0.0,7.577385524070919e-05,0.0,0.0,line,ln5746706-2,,1000000.0,7199.557856794634,51.833633333333346,b
2487,2488,m3036172,l3086079,0.0,0.0,0.0,3.02485891721527e-06,0.0,0.0,0.0,0.0,0.0,6.289620438209682e-06,0.0,0.0,line,ln6505952-4,,1000000.0,7199.557856794634,51.833633333333346,b
2488,2489,l3086079,l2936276,0.0,0.0,0.0,8.180225284869733e-05,0.0,0.0,0.0,0.0,0.0,0.00017009227057849824,0.0,0.0,line,ln6506305-2,,1000000.0,7199.557856794634,51.833633333333346,b
2487,2490,m3036172,m1209763,0.0,0.0,0.0,0.00013710953917308514,0.0,0.0,0.0,0.0,0.0,0.00028509328317713906,0.0,0.0,line,ln6321419-2,,1000000.0,7199.557856794634,51.833633333333346,b
2490,2491,m1209763,l2936275,0.0,0.0,0.0,0.00011762572499580386,0.0,0.0,0.0,0.0,0.0,0.00024458038680161975,0.0,0.0,line,ln6048635-1,,1000000.0,7199.557856794634,51.833633333333346,b
2491,2492,l2936275,l3179674,0.0,0.0,0.0,0.00010159260177915367,0.0,0.0,0.0,0.0,0.0,0.00021124254783734368,0.0,0.0,line,ln6048632-1,,1000000.0,7199.557856794634,51.833633333333346,b
2492,2493,l3179674,m1209758,0.0,0.0,0.0,0.0001341683519516607,0.0,0.0,0.0,0.0,0.0,0.00027897764216155654,0.0,0.0,line,ln6381854-1,,1000000.0,7199.557856794634,51.833633333333346,b
2493,2494,m1209758,m1209753,0.0,0.0,0.0,0.00013549658529307546,0.0,0.0,0.0,0.0,0.0,0.0002817394514887051,0.0,0.0,line,ln5624380-1,,1000000.0,7199.557856794634,51.833633333333346,b
2494,2495,m1209753,m1209748,0.0,0.0,0.0,0.00023051572331735698,0.0,0.0,0.0,0.0,0.0,0.00047931372813919394,0.0,0.0,line,ln5866267-1,,1000000.0,7199.557856794634,51.833633333333346,b
2495,2496,m1209748,l3142099,0.0,0.0,0.0,8.98160310326178e-05,0.0,0.0,0.0,0.0,0.0,0.0001867554024574777,0.0,0.0,line,ln6230793-1,,1000000.0,7199.557856794634,51.833633333333346,b
2494,2497,m1209753,m1209752,0.0,0.0,0.0,0.00017314347736894126,0.0,0.0,0.0,0.0,0.0,0.00036001902363266055,0.0,0.0,line,ln6351518-1,,1000000.0,7199.557856794634,51.833633333333346,b
2497,2498,m1209752,m1209751,0.0,0.0,0.0,0.0001761892542101042,0.0,0.0,0.0,0.0,0.0,0.00036635213892652704,0.0,0.0,line,ln6200528-1,,1000000.0,7199.557856794634,51.833633333333346,b
2498,2499,m1209751,m1209750,0.0,0.0,0.0,4.308090859924283e-06,0.0,0.0,0.0,0.0,0.0,8.957857891497732e-06,0.0,0.0,line,ln6018333-1,,1000000.0,7199.557856794634,51.833633333333346,b
2499,2500,m1209750,l3086075,0.0,0.0,0.0,0.00012907127804404989,0.0,0.0,0.0,0.0,0.0,0.0002683792436571106,0.0,0.0,line,ln5987956-1,,1000000.0,7199.557856794634,51.833633333333346,b
2499,2501,m1209750,m1209749,0.0,0.0,0.0,9.54018127226273e-06,0.0,0.0,0.0,0.0,0.0,1.98369976109463e-05,0.0,0.0,line,ln6351512-1,,1000000.0,7199.557856794634,51.833633333333346,b
2501,2502,m1209749,l2748840,0.0,0.0,0.0,0.00022735273493593926,0.0,0.0,0.0,0.0,0.0,0.00047273689367714256,0.0,0.0,line,ln5896826-1,,1000000.0,7199.557856794634,51.833633333333346,b
2485,2503,m1186063,m1209776,0.00011562689596780461,4.7287630008572244e-05,4.7287630008572244e-05,0.00011562689596780461,4.7287630008572244e-05,0.00011562689596780461,0.00025368006829349537,0.00011158152562653976,0.00011158152562653976,0.00025368006829349537,0.00011158152562653976,0.00025368006829349537,line,ln6412356-1,,1000000.0,7199.557856794634,51.833633333333346,abc
2503,2504,m1209776,m1209775,0.00012586021860452247,5.1472725271686476e-05,5.1472725271686476e-05,0.00012586021860452247,5.1472725271686476e-05,0.00012586021860452247,0.0002761315054234412,0.00012145682101068222,0.00012145682101068222,0.0002761315054234412,0.00012145682101068222,0.0002761315054234412,line,ln5533797-1,,1000000.0,7199.557856794634,51.833633333333346,abc
2504,2505,m1209775,m1209774,0.00030683788309906866,0.00012548668860437451,0.00012548668860437451,0.00030683788309906866,0.00012548668860437451,0.00030683788309906866,0.0006731881409432355,0.00029610272618357835,0.00029610272618357835,0.0006731881409432355,0.00029610272618357835,0.0006731881409432355,line,ln6078775-1,,1000000.0,7199.557856794634,51.833633333333346,abc
2505,2506,m1209774,l3123509,0.0001183867351610183,4.841631424384034e-05,4.841631424384034e-05,0.0001183867351610183,4.841631424384034e-05,0.0001183867351610183,0.0002597350279908347,0.00011424480794580608,0.00011424480794580608,0.0002597350279908347,0.00011424480794580608,0.0002597350279908347,line,ln6381858-1,,1000000.0,7199.557856794634,51.833633333333346,abc
2506,2507,l3123509,m1209772,0.00017258840924007504,7.058303149628065e-05,7.058303149628065e-05,0.00017258840924007504,7.058303149628065e-05,0.00017258840924007504,0.00037865099703860225,0.000166550159867885,0.000166550159867885,0.00037865099703860225,0.000166550159867885,0.00037865099703860225,line,ln6078776-1,,1000000.0,7199.557856794634,51.833633333333346,abc
2507,2508,m1209772,e192258,0.0003300588090229701,0.00013498329010314393,0.00013498329010314393,0.0003300588090229701,0.00013498329010314393,0.0003300588090229701,0.000724133779714458,0.0003185112352018541,0.0003185112352018541,0.000724133779714458,0.0003185112352018541,0.000724133779714458,line,ln5542283-1,,1000000.0,7199.557856794634,51.833633333333346,abc
2505,2509,m1209774,221-242079,6.837369109883605e-05,2.2279533968864457e-05,2.2279533968864457e-05,6.837369109883605e-05,2.2279533968864457e-05,6.837369109883605e-05,2.3093856607054977e-05,6.303522371015213e-06,6.303522371015213e-06,2.3093856607054977e-05,6.303522371015213e-06,2.3093856607054977e-05,line,ln8940662-1,,1000000.0,7199.557856794634,51.833633333333346,abc
2509,2510,221-242079,l3011293,0.0008949983120538331,0.0002916347644104178,0.0002916347644104178,0.0008949983120538331,0.0002916347644104178,0.0008949983120538331,0.00030229408929013224,8.251188127165818e-05,8.251188127165818e-05,0.00030229408929013224,8.251188127165818e-05,0.00030229408929013224,line,ln8940663-1,,1000000.0,7199.557856794634,51.833633333333346,abc
2483,2511,m1186065,p829977,0.00017478977581222993,7.148331864059943e-05,7.148331864059943e-05,0.00017478977581222993,7.148331864059943e-05,0.00017478977581222993,0.0003834806936043456,0.00016867450851988636,0.00016867450851988636,0.0003834806936043456,0.00016867450851988636,0.0003834806936043456,line,ln5898194-1,,1000000.0,7199.557856794634,51.833633333333346,abc
2511,2512,p829977,m1186061,0.00014154547015483504,5.788748168017028e-05,5.788748168017028e-05,0.00014154547015483504,5.788748168017028e-05,0.00014154547015483504,0.00031054422273440216,0.00013659330187156473,0.00013659330187156473,0.00031054422273440216,0.00013659330187156473,0.00031054422273440216,line,ln5655838-1,,1000000.0,7199.557856794634,51.833633333333346,abc
2512,2513,m1186061,l3139366,0.00026629208129342,0.00010890477781157527,0.00010890477781157527,0.00026629208129342,0.00010890477781157527,0.00026629208129342,0.0005842325248213996,0.00025697547654708104,0.00025697547654708104,0.0005842325248213996,0.00025697547654708104,0.0005842325248213996,line,ln5622467-1,,1000000.0,7199.557856794634,51.833633333333346,abc
2513,2514,l3139366,m4362177,0.0002188697032621675,8.95105715786853e-05,8.95105715786853e-05,0.0002188697032621675,8.95105715786853e-05,0.0002188697032621675,0.0004801900181285123,0.00021121223742113387,0.00021121223742113387,0.0004801900181285123,0.00021121223742113387,0.0004801900181285123,line,ln5622467-4,,1000000.0,7199.557856794634,51.833633333333346,abc
2514,2515,m4362177,m1186052,0.00012401544315177588,5.0718272267234404e-05,5.0718272267234404e-05,0.00012401544315177588,5.0718272267234404e-05,0.00012401544315177588,0.0002720841533007204,0.00011967658763389792,0.00011967658763389792,0.0002720841533007204,0.00011967658763389792,0.0002720841533007204,line,ln7167521-1,,1000000.0,7199.557856794634,51.833633333333346,abc
2515,2516,m1186052,198-5320,9.20983550913917e-05,3.001020418466384e-05,3.001020418466384e-05,9.20983550913917e-05,3.001020418466384e-05,9.20983550913917e-05,3.110708478721341e-05,8.490751812902686e-06,8.490751812902686e-06,3.110708478721341e-05,8.490751812902686e-06,3.110708478721341e-05,line,ln8978752-1,,1000000.0,7199.557856794634,51.833633333333346,abc
2516,2517,198-5320,221-311359,6.138778889853367e-05,2.0003181136752236e-05,2.0003181136752236e-05,6.138778889853367e-05,2.0003181136752236e-05,6.138778889853367e-05,2.0734302499445315e-05,5.659476538566655e-06,5.659476538566655e-06,2.0734302499445315e-05,5.659476538566655e-06,2.0734302499445315e-05,line,ln8978753-1,,1000000.0,7199.557856794634,51.833633333333346,abc
2517,2518,221-311359,l3234149,0.000759937141863828,0.0002476251478347517,0.0002476251478347517,0.000759937141863828,0.0002476251478347517,0.000759937141863828,0.00025667591002524065,7.006029215798104e-05,7.006029215798104e-05,0.00025667591002524065,7.006029215798104e-05,0.00025667591002524065,line,ln8978753-2,,1000000.0,7199.557856794634,51.833633333333346,abc
2512,2519,m1186061,l2861223,0.0,0.0,0.0,4.08095660282352e-05,0.0,0.0,0.0,0.0,0.0,8.485575281043388e-05,0.0,0.0,line,ln6230800-1,,1000000.0,7199.557856794634,51.833633333333346,b
81,2520,m1209788,m1209795,0.0,0.0,0.0,0.0,0.0,8.428744745528803e-05,0.0,0.0,0.0,0.0,0.0,0.00017525976143289198,line,ln6381855-1,,1000000.0,7199.557856794634,51.833633333333346,c
2520,2521,m1209795,l2936268,0.0,0.0,0.0,0.0,0.0,6.996554335055294e-05,0.0,0.0,0.0,0.0,0.0,0.00014548007807028767,line,ln6381845-1,,1000000.0,7199.557856794634,51.833633333333346,c
19,2522,m1209800,l2839332,0.0,0.0,0.0,0.0,0.0,6.130217601312918e-05,0.0,0.0,0.0,0.0,0.0,0.000127466248744541,line,ln6198133-1,,1000000.0,7199.557856794634,51.833633333333346,c
