id,pl_a,ql_a,pl_b,ql_b,pl_c,ql_c,name,bus_type,v_a,v_b,v_c,v_ln_base,s_base,v_min,v_max,cvr_p,cvr_q,phases,has_gen,has_load,has_cap,latitude,longitude
1,0.0,0.0,0.0,0.0,0.0,0.0,sourcebus,SWING,1.05,1.05,1.05,66395.28095680696,1000000.0,0.95,1.05,0,0,abc,False,False,False,12277577.7570982,1693780.0
2,0.0,0.0,0.0,0.0,0.0,0.0,hvmv_sub_hsb,PQ,1.0,1.0,1.0,66395.28095680696,1000000.0,0.95,1.05,0,0,abc,False,False,False,12277577.7570982,1693810.0
3,0.0,0.0,0.0,0.0,0.0,0.0,regxfmr_hvmv_sub_lsb,PQ,1.0,1.0,1.0,7199.557856794634,1000000.0,0.95,1.05,0,0,abc,False,False,False,12277577.7570982,1693840.0
4,0.0,0.0,0.0,0.0,0.0,0.0,_hvmv_sub_lsb,PQ,1.0,1.0,1.0,7199.557856794634,1000000.0,0.95,1.05,0,0,abc,False,False,False,12277577.7570982,1693852.0
5,0.0,0.0,0.0,0.0,0.0,0.0,hvmv_sub_48332,PQ,1.0,1.0,1.0,7199.557856794634,1000000.0,0.95,1.05,0,0,abc,False,False,False,12277577.7570982,1693886.0
6,0.0,0.0,0.0,0.0,0.0,0.0,d5710794-3_int,PQ,1.0,1.0,1.0,7199.557856794634,1000000.0,0.95,1.05,0,0,abc,False,False,False,12277578.7570982,1693954.03005109
7,0.0,0.0,0.0,0.0,0.0,0.0,e192860,PQ,1.0,1.0,1.0,7199.557856794634,1000000.0,0.95,1.05,0,0,abc,False,False,False,12277577.7570982,1693954.03005109
8,0.0,0.0,0.0,0.0,0.0,0.0,m1209817,PQ,1.0,1.0,1.0,7199.557856794634,1000000.0,0.95,1.05,0,0,abc,False,False,False,12277577.7570982,1694018.31267515
9,0.0,0.0,0.0,0.0,0.004070011433257707,0.0010200720357995891,l2801909,PQ,1.0,1.0,1.0,7199.557856794634,1000000.0,0.95,1.05,0,0,abc,False,True,False,12277496.0009381,1694004.90237114
10,0.0,0.0,0.0,0.0,0.0,0.0,m1209814,PQ,1.0,1.0,1.0,7199.557856794634,1000000.0,0.95,1.05,0,0,abc,False,False,False,12277271.7244579,1693968.1202911
11,0.0,0.0,0.0,0.0,0.0,0.0,m1209811,PQ,1.0,1.0,1.0,7199.557856794634,1000000.0,0.95,1.05,0,0,abc,False,False,False,12276925.7885856,1693909.41641905
12,0.0,0.0,0.0,0.0,0.0,0.0,m1209807,PQ,1.0,1.0,1.0,7199.557856794634,1000000.0,0.95,1.05,0,0,abc,False,False,False,12276529.5374492,1693840.23088299
13,0.0,0.0,0.0,0.0,0.0,0.0,m1209805,PQ,1.0,1.0,1.0,7199.557856794634,1000000.0,0.95,1.05,0,0,abc,False,False,False,12276525.3882012,1693695.40861085
14,0.0017699912913855598,0.0004435825890296179,0.0,0.0,0.0,0.0,l2823592,PQ,1.0,1.0,1.0,7199.557856794634,1000000.0,0.95,1.05,0,0,abc,False,True,False,12276340.998569,1693402.24969858
15,0.0,0.0,0.0,0.0,0.0,0.0,l2823592_cap,PQ,1.0,1.0,1.0,7199.557856794634,1000000.0,0.95,1.05,0,0,abc,False,False,False,12276341.998569,1693402.24969858
16,0.0,0.0,0.0,0.0,0.0,0.0,r20185,PQ,1.0,1.0,1.0,7199.557856794634,1000000.0,0.95,1.05,0,0,abc,False,False,False,12276265.3741209,1693275.03613046
17,0.0,0.0,0.0,0.0,0.0,0.0,d5513564-1_int,PQ,1.0,1.0,1.0,7199.557856794634,1000000.0,0.95,1.05,0,0,abc,False,False,False,12276230.0180249,1693215.4311384
18,0.0,0.0,0.0,0.0,0.0,0.0,e192201,PQ,1.0,1.0,1.0,7199.557856794634,1000000.0,0.95,1.05,0,0,abc,False,False,False,12276229.0180249,1693215.4311384
19,0.0,0.0,0.0,0.0,0.0,0.0,m1209800,PQ,1.0,1.0,1.0,7199.557856794634,1000000.0,0.95,1.05,0,0,abc,False,False,False,12276129.0920088,1693062.49878626
20,0.0,0.0,0.0,0.0,0.0,0.0,p829957,PQ,1.0,1.0,1.0,7199.557856794634,1000000.0,0.95,1.05,0,0,c,False,False,False,12276158.8863128,1693048.07267425
21,0.0,0.0,0.0,0.0,0.006100018498787604,0.0015288642713152105,l3160863,PQ,1.0,1.0,1.0,7199.557856794634,1000000.0,0.95,1.05,0,0,c,False,True,False,12276647.4285213,1692815.30109003
22,0.0,0.0,0.0,0.0,0.006100018541308963,0.001528864338114243,l2730108,PQ,1.0,1.0,1.0,7199.557856794634,1000000.0,0.95,1.05,0,0,c,False,True,False,12277568.0209062,1692377.15196962
23,0.0,0.0,0.0,0.0,0.015260046411826376,0.0038246679884562807,l2786204,PQ,1.0,1.0,1.0,7199.557856794634,1000000.0,0.95,1.05,0,0,c,False,True,False,12277819.4989224,1692261.57104152
24,0.0,0.0,0.0,0.0,0.0,0.0,m1209819,PQ,1.0,1.0,1.0,7199.557856794634,1000000.0,0.95,1.05,0,0,c,False,False,False,12278034.6536106,1692167.75625743
25,0.0,0.0,0.0,0.0,0.004070012388696953,0.0010200782861754089,l2936216,PQ,1.0,1.0,1.0,7199.557856794634,1000000.0,0.95,1.05,0,0,c,False,True,False,12278197.8914987,1692152.35939341
26,0.0,0.0,0.0,0.0,0.0,0.0,226-23745,PQ,1.0,1.0,1.0,7199.557856794634,1000000.0,0.95,1.05,0,0,c,False,False,False,12278504.210859,1692128.18070539
27,0.0,0.0,0.0,0.0,0.0,0.0,m1209822,PQ,1.0,1.0,1.0,7199.557856794634,1000000.0,0.95,1.05,0,0,c,False,False,False,12280203.1169726,1691955.00592123
28,0.0,0.0,0.0,0.0,0.006100018643643505,0.001528864498919915,l2992556,PQ,1.0,1.0,1.0,7199.557856794634,1000000.0,0.95,1.05,0,0,c,False,True,False,12280489.4396609,1692134.9718734
29,0.0,0.0,0.0,0.0,0.0,0.0,m1209823,PQ,1.0,1.0,1.0,7199.557856794634,1000000.0,0.95,1.05,0,0,c,False,False,False,12280383.4843328,1691905.82524918
30,0.0,0.0,0.0,0.0,0.0,0.0,m1209824,PQ,1.0,1.0,1.0,7199.557856794634,1000000.0,0.95,1.05,0,0,c,False,False,False,12280684.6099651,1691879.57808116
31,0.0,0.0,0.0,0.0,0.0,0.0,m1209828,PQ,1.0,1.0,1.0,7199.557856794634,1000000.0,0.95,1.05,0,0,c,False,False,False,12281507.9510218,1691914.61936119
32,0.0,0.0,0.0,0.0,0.010170031163545146,0.0025489429913394526,l3253570,PQ,1.0,1.0,1.0,7199.557856794634,1000000.0,0.95,1.05,0,0,c,False,True,False,12281559.7818059,1692035.79952131
33,0.0,0.0,0.0,0.0,0.010170031166053759,0.0025489429952904627,l2937757,PQ,1.0,1.0,1.0,7199.557856794634,1000000.0,0.95,1.05,0,0,c,False,True,False,12281776.1284301,1692230.47011349
34,0.0,0.0,0.0,0.0,0.010170031167578105,0.0025489429976912714,l3067448,PQ,1.0,1.0,1.0,7199.557856794634,1000000.0,0.95,1.05,0,0,c,False,True,False,12281976.2794703,1692404.55011365
35,0.0,0.0,0.0,0.0,0.010170031169977384,0.00254894300147009,l2763407,PQ,1.0,1.0,1.0,7199.557856794634,1000000.0,0.95,1.05,0,0,c,False,True,False,12282162.5778384,1693116.35299431
36,0.0,0.0,0.0,0.0,0.010170031173919031,0.002548943007642201,l2861157,PQ,1.0,1.0,1.0,7199.557856794634,1000000.0,0.95,1.05,0,0,c,False,True,False,12281568.2318539,1691680.49200097
37,0.0,0.0,0.0,0.0,0.0,0.0,p901951,PQ,1.0,1.0,1.0,7199.557856794634,1000000.0,0.95,1.05,0,0,c,False,False,False,12281760.6987981,1691331.97974465
38,0.0,0.0,0.0,0.0,0.0,0.0,m1186078,PQ,1.0,1.0,1.0,7199.557856794634,1000000.0,0.95,1.05,0,0,c,False,False,False,12282276.7702225,1691079.03945641
39,0.0,0.0,0.0,0.0,0.01017003123157774,0.0025489430982846453,l2806553,PQ,1.0,1.0,1.0,7199.557856794634,1000000.0,0.95,1.05,0,0,c,False,True,False,12282521.2195028,1690960.6404803
40,0.0,0.0,0.0,0.0,0.0,0.0,m1166391,PQ,1.0,1.0,1.0,7199.557856794634,1000000.0,0.95,1.05,0,0,c,False,False,False,12283329.6388315,1689062.43939054
41,0.0,0.0,0.0,0.0,0.006100018795244328,0.0015288647372785394,l3254873,PQ,1.0,1.0,1.0,7199.557856794634,1000000.0,0.95,1.05,0,0,c,False,True,False,12283409.8180316,1688723.45033422
42,0.0,0.0,0.0,0.0,0.0,0.0,m1166393,PQ,1.0,1.0,1.0,7199.557856794634,1000000.0,0.95,1.05,0,0,c,False,False,False,12283454.2555356,1688621.41897413
43,0.0,0.0,0.0,0.0,0.0,0.0,m1166395,PQ,1.0,1.0,1.0,7199.557856794634,1000000.0,0.95,1.05,0,0,c,False,False,False,12283583.4720478,1688793.73769429
44,0.0,0.0,0.0,0.0,0.0,0.0,m1166400,PQ,1.0,1.0,1.0,7199.557856794634,1000000.0,0.95,1.05,0,0,c,False,False,False,12283804.627376,1688940.24751842
45,0.0,0.0,0.0,0.0,0.015260047039930431,0.0038246689758245707,l3179637,PQ,1.0,1.0,1.0,7199.557856794634,1000000.0,0.95,1.05,0,0,c,False,True,False,12284006.4168161,1689073.65833455
46,0.0,0.0,0.0,0.0,0.0,0.0,m1166396,PQ,1.0,1.0,1.0,7199.557856794634,1000000.0,0.95,1.05,0,0,c,False,False,False,12283600.2123998,1688774.65852627
47,0.0,0.0,0.0,0.0,0.0,0.0,m1166399,PQ,1.0,1.0,1.0,7199.557856794634,1000000.0,0.95,1.05,0,0,c,False,False,False,12283722.0315359,1688590.7849901
48,0.0,0.0,0.0,0.0,0.01017003136299796,0.00254894330495524,l3048890,PQ,1.0,1.0,1.0,7199.557856794634,1000000.0,0.95,1.05,0,0,c,False,True,False,12283854.033328,1688350.54639787
49,0.0,0.0,0.0,0.0,0.0,0.0,m1166402,PQ,1.0,1.0,1.0,7199.557856794634,1000000.0,0.95,1.05,0,0,c,False,False,False,12283981.5213281,1688192.02710173
50,0.0,0.0,0.0,0.0,0.010170031376752264,0.0025489433265883693,l3048889,PQ,1.0,1.0,1.0,7199.557856794634,1000000.0,0.95,1.05,0,0,c,False,True,False,12284190.9539043,1687967.68098952
51,0.0,0.0,0.0,0.0,0.0,0.0,m1166407,PQ,1.0,1.0,1.0,7199.557856794634,1000000.0,0.95,1.05,0,0,c,False,False,False,12284306.9116644,1687705.17244527
52,0.0,0.0,0.0,0.0,0.010170031386510774,0.002548943341938433,l2952007,PQ,1.0,1.0,1.0,7199.557856794634,1000000.0,0.95,1.05,0,0,c,False,True,False,12284312.6051044,1687211.45289281
53,0.0,0.0,0.0,0.0,0.01017003138771232,0.00254894334382891,l2861158,PQ,1.0,1.0,1.0,7199.557856794634,1000000.0,0.95,1.05,0,0,c,False,True,False,12284325.7737444,1686796.48303643
54,0.0,0.0,0.0,0.0,0.006100018837473943,0.0015288648036978435,l3064514,PQ,1.0,1.0,1.0,7199.557856794634,1000000.0,0.95,1.05,0,0,c,False,True,False,12285337.0351854,1687040.71522865
55,0.0,0.0,0.0,0.0,0.006100018839500394,0.001528864806885181,l3048888,PQ,1.0,1.0,1.0,7199.557856794634,1000000.0,0.95,1.05,0,0,c,False,True,False,12285507.0683375,1686927.08809255
56,0.0,0.0,0.0,0.0,0.0,0.0,m1149249,PQ,1.0,1.0,1.0,7199.557856794634,1000000.0,0.95,1.05,0,0,c,False,False,False,12285802.2957298,1686716.31202835
57,0.0,0.0,0.0,0.0,0.0,0.0,m1142880,PQ,1.0,1.0,1.0,7199.557856794634,1000000.0,0.95,1.05,0,0,c,False,False,False,12286465.3316344,1686350.64572401
58,0.0,0.0,0.0,0.0,0.006100018852607155,0.0015288648275011028,l2764411,PQ,1.0,1.0,1.0,7199.557856794634,1000000.0,0.95,1.05,0,0,c,False,True,False,12286737.0889467,1686056.12284374
59,0.0,0.0,0.0,0.0,0.01526004716547429,0.003824669173282797,l2767343,PQ,1.0,1.0,1.0,7199.557856794634,1000000.0,0.95,1.05,0,0,c,False,True,False,12286903.8084348,1685987.74831567
60,0.0,0.0,0.0,0.0,0.00407001258013937,0.0010200785871585084,l2804957,PQ,1.0,1.0,1.0,7199.557856794634,1000000.0,0.95,1.05,0,0,c,False,True,False,12287096.291763,1685878.25813957
61,0.0,0.0,0.0,0.0,0.0061000188554337555,0.00152886483194733,l3048937,PQ,1.0,1.0,1.0,7199.557856794634,1000000.0,0.95,1.05,0,0,c,False,True,False,12287268.6309632,1685785.59023548
62,0.0,0.0,0.0,0.0,0.004070012581169891,0.001020078588779511,l3176661,PQ,1.0,1.0,1.0,7199.557856794634,1000000.0,0.95,1.05,0,0,c,False,True,False,12287517.8152194,1685532.85474725
63,0.0,0.0,0.0,0.0,0.010170031438200427,0.0025489434232385715,l2970804,PQ,1.0,1.0,1.0,7199.557856794634,1000000.0,0.95,1.05,0,0,c,False,True,False,12287738.8271876,1685410.22050713
64,0.0,0.0,0.0,0.0,0.006100018849809896,0.0015288648231011142,l2891575,PQ,1.0,1.0,1.0,7199.557856794634,1000000.0,0.95,1.05,0,0,c,False,True,False,12286266.9172983,1686093.82652377
65,0.0,0.0,0.0,0.0,0.010170031342467684,0.0025489432726674014,l2745811,PQ,1.0,1.0,1.0,7199.557856794634,1000000.0,0.95,1.05,0,0,c,False,True,False,12283187.0202074,1688327.92828585
66,0.0,0.0,0.0,0.0,0.0,0.0,m4122657,PQ,1.0,1.0,1.0,7199.557856794634,1000000.0,0.95,1.05,0,0,c,False,False,False,12283062.1946073,1688200.20271773
67,0.0,0.0,0.0,0.0,0.010170031345077196,0.0025489432767739372,l3027124,PQ,1.0,1.0,1.0,7199.557856794634,1000000.0,0.95,1.05,0,0,c,False,True,False,12282739.970479,1687747.34895731
68,0.0,0.0,0.0,0.0,0.0,0.0,m1166394,PQ,1.0,1.0,1.0,7199.557856794634,1000000.0,0.95,1.05,0,0,c,False,False,False,12283551.1505117,1688886.87663837
69,0.0,0.0,0.0,0.0,0.0,0.0,m1166398,PQ,1.0,1.0,1.0,7199.557856794634,1000000.0,0.95,1.05,0,0,c,False,False,False,12283707.3637599,1689036.73289451
70,0.0,0.0,0.0,0.0,0.006100018787293994,0.0015288647247745737,l3142050,PQ,1.0,1.0,1.0,7199.557856794634,1000000.0,0.95,1.05,0,0,c,False,True,False,12283860.652464,1689208.69526267
71,0.0,0.0,0.0,0.0,0.0,0.0,m1209797,PQ,1.0,1.0,1.0,7199.557856794634,1000000.0,0.95,1.05,0,0,abc,False,False,False,12275999.9983767,1692851.46057806
72,0.0,0.0,0.0,0.0,0.0,0.0,m1209791,PQ,1.0,1.0,1.0,7199.557856794634,1000000.0,0.95,1.05,0,0,abc,False,False,False,12275897.8400406,1692658.30960189
73,0.0,0.0,0.0,0.0,0.0,0.0,p903354,PQ,1.0,1.0,1.0,7199.557856794634,1000000.0,0.95,1.05,0,0,a,False,False,False,12275887.6819606,1692662.67184189
74,0.008869950856240613,0.0022229190242466067,0.0,0.0,0.0,0.0,l2936270,PQ,1.0,1.0,1.0,7199.557856794634,1000000.0,0.95,1.05,0,0,a,False,True,False,12275752.3992725,1692720.81865794
75,0.00886995085493486,0.0022229190222386487,0.0,0.0,0.0,0.0,l3086078,PQ,1.0,1.0,1.0,7199.557856794634,1000000.0,0.95,1.05,0,0,a,False,True,False,12275568.1284243,1692795.46006601
76,0.0,0.0,0.0,0.0,0.0,0.0,m4118755,PQ,1.0,1.0,1.0,7199.557856794634,1000000.0,0.95,1.05,0,0,a,False,False,False,12275343.8355601,1692886.3380181
77,0.0,0.0,0.0,0.0,0.0,0.0,m1209782,PQ,1.0,1.0,1.0,7199.557856794634,1000000.0,0.95,1.05,0,0,a,False,False,False,12275200.4100239,1692906.15037012
78,0.017739901704404967,0.0044458370360982895,0.0,0.0,0.0,0.0,l3217056,PQ,1.0,1.0,1.0,7199.557856794634,1000000.0,0.95,1.05,0,0,a,False,True,False,12275135.0501519,1693138.86870633
79,0.0035499803301352164,0.000889668782257561,0.0,0.0,0.0,0.0,l3217057,PQ,1.0,1.0,1.0,7199.557856794634,1000000.0,0.95,1.05,0,0,a,False,True,False,12275073.4299278,1692912.53193812
80,0.0,0.0,0.0,0.0,0.0,0.0,m1209790,PQ,1.0,1.0,1.0,7199.557856794634,1000000.0,0.95,1.05,0,0,abc,False,False,False,12275809.2886165,1692500.17123374
81,0.0,0.0,0.0,0.0,0.0,0.0,m1209788,PQ,1.0,1.0,1.0,7199.557856794634,1000000.0,0.95,1.05,0,0,abc,False,False,False,12275732.5992084,1692322.02800157
82,0.0,0.0,0.0,0.0,0.0,0.0,m1209787,PQ,1.0,1.0,1.0,7199.557856794634,1000000.0,0.95,1.05,0,0,abc,False,False,False,12275591.1110803,1692000.00048127
83,0.005319966423096078,0.0013332458900642598,0.0,0.0,0.0,0.0,l2823611,PQ,1.0,1.0,1.0,7199.557856794634,1000000.0,0.95,1.05,0,0,abc,False,True,False,12275427.8895762,1691626.08892892
84,0.008869942366756771,0.002222910015443368,0.0,0.0,0.0,0.0,l3030204,PQ,1.0,1.0,1.0,7199.557856794634,1000000.0,0.95,1.05,0,0,abc,False,True,False,12275279.479208,1691395.86096071
85,0.0,0.0,0.0,0.0,0.0,0.0,m1186072,PQ,1.0,1.0,1.0,7199.557856794634,1000000.0,0.95,1.05,0,0,abc,False,False,False,12275154.0719759,1691214.53104054
86,0.0,0.0,0.0,0.0,0.0,0.0,m1186067,PQ,1.0,1.0,1.0,7199.557856794634,1000000.0,0.95,1.05,0,0,abc,False,False,False,12275074.5481358,1691101.30121643
87,0.0,0.0,0.0,0.0,0.0,0.0,m3032980,PQ,1.0,1.0,1.0,7199.557856794634,1000000.0,0.95,1.05,0,0,abc,False,False,False,12274981.2371597,1690965.82192031
88,0.0,0.0,0.0,0.0,0.0,0.0,m3032977,PQ,1.0,1.0,1.0,7199.557856794634,1000000.0,0.95,1.05,0,0,abc,False,False,False,12275145.1140239,1690139.94953554
89,0.0,0.0,0.0,0.0,0.0,0.0,m1166366,PQ,1.0,1.0,1.0,7199.557856794634,1000000.0,0.95,1.05,0,0,abc,False,False,False,12275255.550376,1689137.26102261
90,0.0,0.0,0.0,0.0,0.0,0.0,m1166368,PQ,1.0,1.0,1.0,7199.557856794634,1000000.0,0.95,1.05,0,0,abc,False,False,False,12275275.919784,1689003.73961448
91,0.01773985486362632,0.004445786974651791,0.0,0.0,0.0,0.0,l3086098,PQ,1.0,1.0,1.0,7199.557856794634,1000000.0,0.95,1.05,0,0,a,False,True,False,12275113.8287759,1689003.51843048
92,0.0,0.0,0.00584003083677987,0.0014636658225676174,0.0,0.0,l2973833,PQ,1.0,1.0,1.0,7199.557856794634,1000000.0,0.95,1.05,0,0,abc,False,True,False,12275322.6305681,1688662.14140616
93,0.0,0.0,0.0,0.0,0.0,0.0,m1166373,PQ,1.0,1.0,1.0,7199.557856794634,1000000.0,0.95,1.05,0,0,abc,False,False,False,12275332.3380881,1688526.65801404
94,0.0,0.0,0.0,0.0,0.0,0.0,m1166374,PQ,1.0,1.0,1.0,7199.557856794634,1000000.0,0.95,1.05,0,0,abc,False,False,False,12275334.5294481,1688496.06908601
95,0.005319953885488726,0.0013332324180603554,0.0,0.0,0.0,0.0,l2786266,PQ,1.0,1.0,1.0,7199.557856794634,1000000.0,0.95,1.05,0,0,abc,False,True,False,12275362.9515921,1688275.9582378
96,0.0,0.0,0.0,0.0,0.0,0.0,m1166375,PQ,1.0,1.0,1.0,7199.557856794634,1000000.0,0.95,1.05,0,0,abc,False,False,False,12275377.3080721,1688163.4697897
97,0.0,0.0,0.0,0.0,0.0,0.0,p895080,PQ,1.0,1.0,1.0,7199.557856794634,1000000.0,0.95,1.05,0,0,a,False,False,False,12275409.3224081,1688162.6014377
98,0.008869922447213682,0.0022228885875929696,0.0,0.0,0.0,0.0,l2917333,PQ,1.0,1.0,1.0,7199.557856794634,1000000.0,0.95,1.05,0,0,a,False,True,False,12275684.0902804,1688155.15900569
99,0.005319952369156253,0.0013332307749441726,0.0,0.0,0.0,0.0,l2842383,PQ,1.0,1.0,1.0,7199.557856794634,1000000.0,0.95,1.05,0,0,abc,False,True,False,12275449.4714002,1687854.07842941
100,0.0,0.0,0.0,0.0,0.0,0.0,d6023352-1_int,PQ,1.0,1.0,1.0,7199.557856794634,1000000.0,0.95,1.05,0,0,abc,False,False,False,12275450.1109522,1687680.33020525
101,0.0,0.0,0.0,0.0,0.0,0.0,e184626,PQ,1.0,1.0,1.0,7199.557856794634,1000000.0,0.95,1.05,0,0,abc,False,False,False,12275449.1109522,1687680.33020525
102,0.0,0.0,0.0,0.0,0.0,0.0,m1166377,PQ,1.0,1.0,1.0,7199.557856794634,1000000.0,0.95,1.05,0,0,abc,False,False,False,12275447.2595602,1687646.53001322
103,0.0,0.0,0.0,0.0,0.0,0.0,m1166376,PQ,1.0,1.0,1.0,7199.557856794634,1000000.0,0.95,1.05,0,0,abc,False,False,False,12275441.4596242,1687535.92162911
104,0.0,0.0,0.0,0.0,0.004070014433713663,0.001020096808530787,l2842384,PQ,1.0,1.0,1.0,7199.557856794634,1000000.0,0.95,1.05,0,0,abc,False,True,False,12275440.5585042,1687518.7307171
105,0.0,0.0,0.0,0.0,0.0,0.0,m1149236,PQ,1.0,1.0,1.0,7199.557856794634,1000000.0,0.95,1.05,0,0,abc,False,False,False,12275425.3582482,1687296.89954889
106,0.0,0.0,0.0,0.0,0.0,0.0,p829974,PQ,1.0,1.0,1.0,7199.557856794634,1000000.0,0.95,1.05,0,0,a,False,False,False,12275411.6325521,1687299.92649289
107,0.0035499668608282844,0.0008896543431410521,0.0,0.0,0.0,0.0,l2805034,PQ,1.0,1.0,1.0,7199.557856794634,1000000.0,0.95,1.05,0,0,a,False,True,False,12275199.6481679,1687346.64956494
108,0.0,0.0,0.0,0.0,0.0,0.0,m1149235,PQ,1.0,1.0,1.0,7199.557856794634,1000000.0,0.95,1.05,0,0,abc,False,False,False,12275419.6402321,1687160.67068476
109,0.0,0.0,0.0,0.0,0.0,0.0,d5563942-4_int,PQ,1.0,1.0,1.0,7199.557856794634,1000000.0,0.95,1.05,0,0,abc,False,False,False,12275414.3733521,1687041.43612465
110,0.0,0.0,0.0,0.0,0.0,0.0,q16483,PQ,1.0,1.0,1.0,7199.557856794634,1000000.0,0.95,1.05,0,0,abc,False,False,False,12275415.3733521,1687041.43612465
111,0.0,0.0,0.0,0.0,0.0,0.0,q16483_cap,PQ,1.0,1.0,1.0,7199.557856794634,1000000.0,0.95,1.05,0,0,abc,False,False,False,12275416.3733521,1687041.43612465
112,0.0,0.0,0.0,0.0,0.0,0.0,r42247,PQ,1.0,1.0,1.0,7199.557856794634,1000000.0,0.95,1.05,0,0,abc,False,False,False,12275413.3733521,1687041.43612465
113,0.0,0.0,0.0,0.0,0.0,0.0,m1149233,PQ,1.0,1.0,1.0,7199.557856794634,1000000.0,0.95,1.05,0,0,abc,False,False,False,12275406.5248401,1686911.20790053
114,0.0,0.0,0.014590095473209018,0.003656658420543585,0.0,0.0,l3048965,PQ,1.0,1.0,1.0,7199.557856794634,1000000.0,0.95,1.05,0,0,abc,False,True,False,12275382.0307601,1686592.60873224
115,0.0,0.0,0.0,0.0,0.0,0.0,m1142843,PQ,1.0,1.0,1.0,7199.557856794634,1000000.0,0.95,1.05,0,0,abc,False,False,False,12275361.6900241,1686425.40182008
116,0.0,0.0,0.0,0.0,0.010170037160430105,0.0025489990604104246,l2955077,PQ,1.0,1.0,1.0,7199.557856794634,1000000.0,0.95,1.05,0,0,abc,False,True,False,12275501.1506322,1686223.89909989
117,0.0,0.0,0.0,0.0,0.0,0.0,m1142851,PQ,1.0,1.0,1.0,7199.557856794634,1000000.0,0.95,1.05,0,0,abc,False,False,False,12275612.6396563,1686060.60796374
118,0.0,0.0,0.0,0.0,0.0,0.0,196-31070,PQ,1.0,1.0,1.0,7199.557856794634,1000000.0,0.95,1.05,0,0,abc,False,False,False,12275638.5591444,1686023.26473171
119,0.0,0.0,0.0,0.0,0.0,0.0,d5861005-2_int,PQ,1.0,1.0,1.0,7199.557856794634,1000000.0,0.95,1.05,0,0,abc,False,False,False,12275678.2786324,1685969.20162766
120,0.0,0.0,0.0,0.0,0.0,0.0,q1301,PQ,1.0,1.0,1.0,7199.557856794634,1000000.0,0.95,1.05,0,0,abc,False,False,False,12275679.2786324,1685969.20162766
121,0.0,0.0,0.0,0.0,0.015260055924239775,0.003824755434109028,l3160872,PQ,1.0,1.0,1.0,7199.557856794634,1000000.0,0.95,1.05,0,0,abc,False,True,False,12275677.2786324,1685969.20162766
122,0.0,0.0,0.0,0.0,0.0,0.0,m1142860,PQ,1.0,1.0,1.0,7199.557856794634,1000000.0,0.95,1.05,0,0,abc,False,False,False,12275785.1181205,1685812.30844351
123,0.0,0.0,0.0,0.0,0.0,0.0,m1142863,PQ,1.0,1.0,1.0,7199.557856794634,1000000.0,0.95,1.05,0,0,abc,False,False,False,12275880.7802006,1685676.71036338
124,0.0,0.0,0.0,0.0,0.0,0.0,n1141480,PQ,1.0,1.0,1.0,7199.557856794634,1000000.0,0.95,1.05,0,0,c,False,False,False,12275869.9380886,1685666.18773937
125,0.0,0.0,0.0,0.0,0.0,0.0,p895113,PQ,1.0,1.0,1.0,7199.557856794634,1000000.0,0.95,1.05,0,0,c,False,False,False,12275855.2662166,1685651.94185136
126,0.0,0.0,0.0,0.0,0.006100022385045278,0.0015289005504743325,l2711225,PQ,1.0,1.0,1.0,7199.557856794634,1000000.0,0.95,1.05,0,0,c,False,True,False,12275693.1588244,1685494.56124321
127,0.0,0.0,0.0,0.0,0.0061000223855655275,0.001528900551272575,l3030200,PQ,1.0,1.0,1.0,7199.557856794634,1000000.0,0.95,1.05,0,0,c,False,True,False,12275828.8593045,1685199.82127494
128,0.0,0.0,0.0,0.0,0.0,0.0,m1142865,PQ,1.0,1.0,1.0,7199.557856794634,1000000.0,0.95,1.05,0,0,abc,False,False,False,12276001.5384727,1685492.43951521
129,0.0,0.0,0.0,0.0,0.0,0.0,p895112,PQ,1.0,1.0,1.0,7199.557856794634,1000000.0,0.95,1.05,0,0,a,False,False,False,12276023.5667607,1685510.74453923
130,0.013299859824299156,0.0033330525432942555,0.0,0.0,0.0,0.0,l3048962,PQ,1.0,1.0,1.0,7199.557856794634,1000000.0,0.95,1.05,0,0,a,False,True,False,12276088.1688728,1685564.43900328
131,0.0,0.0,0.0,0.0,0.0,0.0,l3030197,PQ,1.0,1.0,1.0,7199.557856794634,1000000.0,0.95,1.05,0,0,abc,False,False,False,12276115.4810008,1685325.72002706
132,0.0,0.0,0.0,0.0,0.0,0.0,m1142868,PQ,1.0,1.0,1.0,7199.557856794634,1000000.0,0.95,1.05,0,0,abc,False,False,False,12276242.5594009,1685132.31100288
133,0.0,0.0,0.0,0.0,0.0,0.0,m1142869,PQ,1.0,1.0,1.0,7199.557856794634,1000000.0,0.95,1.05,0,0,abc,False,False,False,12276341.428649,1684985.46121074
134,0.0,0.0,0.0,0.0,0.0,0.0,m1142871,PQ,1.0,1.0,1.0,7199.557856794634,1000000.0,0.95,1.05,0,0,abc,False,False,False,12276397.9288731,1684905.47042666
135,0.0,0.0,0.0,0.0,0.0,0.0,m1142874,PQ,1.0,1.0,1.0,7199.557856794634,1000000.0,0.95,1.05,0,0,abc,False,False,False,12276444.9058971,1684789.44713056
136,0.0,0.0,0.0,0.0,0.0,0.0,m1142875,PQ,1.0,1.0,1.0,7199.557856794634,1000000.0,0.95,1.05,0,0,abc,False,False,False,12276548.9934492,1684642.21231442
137,0.0,0.0,0.0,0.0,0.0,0.0,m1125944,PQ,1.0,1.0,1.0,7199.557856794634,1000000.0,0.95,1.05,0,0,abc,False,False,False,12277025.2681376,1683929.87695376
138,0.0,0.0,0.0,0.0,0.0,0.0,p901941,PQ,1.0,1.0,1.0,7199.557856794634,1000000.0,0.95,1.05,0,0,a,False,False,False,12277043.7124257,1683951.93391378
139,0.013299846899668883,0.003333037198875652,0.0,0.0,0.0,0.0,l3251799,PQ,1.0,1.0,1.0,7199.557856794634,1000000.0,0.95,1.05,0,0,a,False,True,False,12277146.9684898,1684075.39964189
140,0.0,0.0,0.0,0.0,0.0,0.0,m1125947,PQ,1.0,1.0,1.0,7199.557856794634,1000000.0,0.95,1.05,0,0,abc,False,False,False,12277242.5814178,1683409.18114527
141,0.0,0.0,0.0,0.0,0.010170037628350767,0.0025490193917367602,l3214071,PQ,1.0,1.0,1.0,7199.557856794634,1000000.0,0.95,1.05,0,0,abc,False,True,False,12277397.451178,1683294.64469716
142,0.0,0.0,0.0,0.0,0.0,0.0,m1125952,PQ,1.0,1.0,1.0,7199.557856794634,1000000.0,0.95,1.05,0,0,abc,False,False,False,12277539.7011621,1683189.43893707
143,0.0,0.0,0.0,0.0,0.0,0.0,p901936,PQ,1.0,1.0,1.0,7199.557856794634,1000000.0,0.95,1.05,0,0,c,False,False,False,12277551.4443941,1683203.11548108
144,0.0,0.0,0.0,0.0,0.0,0.0,m1125955,PQ,1.0,1.0,1.0,7199.557856794634,1000000.0,0.95,1.05,0,0,c,False,False,False,12277627.6504742,1683291.87170516
145,0.0,0.0,0.0,0.0,0.0061000225800352595,0.0015289110098344759,l3236004,PQ,1.0,1.0,1.0,7199.557856794634,1000000.0,0.95,1.05,0,0,c,False,True,False,12277404.631466,1683587.45135344
146,0.0,0.0,0.0,0.0,0.0,0.0,m1125957,PQ,1.0,1.0,1.0,7199.557856794634,1000000.0,0.95,1.05,0,0,c,False,False,False,12277641.9004582,1683309.14863318
147,0.0,0.0,0.0,0.0,0.006100022579900827,0.00152891100962912,l2936211,PQ,1.0,1.0,1.0,7199.557856794634,1000000.0,0.95,1.05,0,0,c,False,True,False,12277720.9286823,1683404.97864927
148,0.0,0.0,0.0,0.0,0.006100022580363508,0.0015289110103358949,l2842329,PQ,1.0,1.0,1.0,7199.557856794634,1000000.0,0.95,1.05,0,0,c,False,True,False,12277930.5087145,1683567.45877742
149,0.0,0.0,0.0,0.0,0.010170037646409204,0.0025490206436458167,l3214069,PQ,1.0,1.0,1.0,7199.557856794634,1000000.0,0.95,1.05,0,0,abc,False,True,False,12277580.5792422,1683180.27208906
150,0.0,0.0,0.0,0.0,0.0,0.0,m1125960,PQ,1.0,1.0,1.0,7199.557856794634,1000000.0,0.95,1.05,0,0,abc,False,False,False,12277742.5596583,1683143.94056902
151,0.0,0.0,0.0,0.0,0.0,0.0,m1125962,PQ,1.0,1.0,1.0,7199.557856794634,1000000.0,0.95,1.05,0,0,abc,False,False,False,12277782.8315303,1683134.90888902
152,0.0,0.0,0.0,0.0,0.0,0.0,p903490,PQ,1.0,1.0,1.0,7199.557856794634,1000000.0,0.95,1.05,0,0,c,False,False,False,12277764.7558823,1683129.04341701
153,0.0,0.0,0.0,0.0,0.0,0.0,m1125961,PQ,1.0,1.0,1.0,7199.557856794634,1000000.0,0.95,1.05,0,0,c,False,False,False,12277756.9407143,1683126.50799301
154,0.0,0.0,0.0,0.0,0.0,0.0,m1125959,PQ,1.0,1.0,1.0,7199.557856794634,1000000.0,0.95,1.05,0,0,c,False,False,False,12277736.1780903,1683119.770073
155,0.0,0.0,0.0,0.0,0.006100022589285009,0.001528911860359176,l2861197,PQ,1.0,1.0,1.0,7199.557856794634,1000000.0,0.95,1.05,0,0,c,False,True,False,12277521.1380901,1683049.99880894
156,0.0,0.0,0.0,0.0,0.006100022589709021,0.0015289118610066594,l3160896,PQ,1.0,1.0,1.0,7199.557856794634,1000000.0,0.95,1.05,0,0,c,False,True,False,12277299.6100259,1682953.89845685
157,0.0,0.0,0.0,0.0,0.0,0.0,m1125974,PQ,1.0,1.0,1.0,7199.557856794634,1000000.0,0.95,1.05,0,0,c,False,False,False,12277930.7339945,1683152.14895303
158,0.0,0.0,0.0,0.0,0.0,0.0,m1125979,PQ,1.0,1.0,1.0,7199.557856794634,1000000.0,0.95,1.05,0,0,c,False,False,False,12277971.8824105,1683027.31516092
159,0.0,0.0,0.0,0.0,0.010170037664002485,0.00254902183055531,l2917255,PQ,1.0,1.0,1.0,7199.557856794634,1000000.0,0.95,1.05,0,0,c,False,True,False,12278254.8095148,1683121.387993
160,0.0,0.0,0.0,0.0,0.010170037661916174,0.0025490218273694605,l3104796,PQ,1.0,1.0,1.0,7199.557856794634,1000000.0,0.95,1.05,0,0,c,False,True,False,12277932.8802985,1683152.39880903
161,0.0,0.0,0.0,0.0,0.010170037672352314,0.0025490241097365935,l3123452,PQ,1.0,1.0,1.0,7199.557856794634,1000000.0,0.95,1.05,0,0,abc,False,True,False,12277838.7910824,1682734.34056864
162,0.0,0.0,0.0,0.0,0.0,0.0,d6198039-1_int,PQ,1.0,1.0,1.0,7199.557856794634,1000000.0,0.95,1.05,0,0,abc,False,False,False,12277880.3742504,1682519.83304844
163,0.0,0.0,0.0,0.0,0.0,0.0,e206217,PQ,1.0,1.0,1.0,7199.557856794634,1000000.0,0.95,1.05,0,0,abc,False,False,False,12277879.3742504,1682519.83304844
164,0.0,0.0,0.0,0.0,0.0,0.0,m1125969,PQ,1.0,1.0,1.0,7199.557856794634,1000000.0,0.95,1.05,0,0,abc,False,False,False,12277913.4980265,1682339.44930427
165,0.0,0.0,0.0,0.0,0.015260056635432616,0.003824794441230321,l2767341,PQ,1.0,1.0,1.0,7199.557856794634,1000000.0,0.95,1.05,0,0,abc,False,True,False,12277926.4290985,1682254.8177522
166,0.0,0.0,0.0,0.0,0.0,0.0,m1125968,PQ,1.0,1.0,1.0,7199.557856794634,1000000.0,0.95,1.05,0,0,abc,False,False,False,12277912.9204905,1682159.56117611
167,0.0,0.0,0.0,0.0,0.0,0.0,p895107,PQ,1.0,1.0,1.0,7199.557856794634,1000000.0,0.95,1.05,0,0,c,False,False,False,12277885.3462184,1682162.47752811
168,0.0,0.0,0.0,0.0,0.010170037751556593,0.0025490274493487823,l3030126,PQ,1.0,1.0,1.0,7199.557856794634,1000000.0,0.95,1.05,0,0,c,False,True,False,12277599.6092582,1682167.92930412
169,0.0,0.0,0.0,0.0,0.01017003775352846,0.0025490274523555035,l3254870,PQ,1.0,1.0,1.0,7199.557856794634,1000000.0,0.95,1.05,0,0,c,False,True,False,12277523.9602341,1682029.86133599
170,0.0,0.0,0.0,0.0,0.0,0.0,m1125943,PQ,1.0,1.0,1.0,7199.557856794634,1000000.0,0.95,1.05,0,0,c,False,False,False,12276058.1410967,1681908.31253587
171,0.0,0.0,0.0,0.0,0.0,0.0,221-703009,PQ,1.0,1.0,1.0,7199.557856794634,1000000.0,0.95,1.05,0,0,c,False,False,False,12276047.6471447,1681921.78018389
172,0.0,0.0,0.0,0.0,0.015260056686727282,0.0038247953047937755,l3150961,PQ,1.0,1.0,1.0,7199.557856794634,1000000.0,0.95,1.05,0,0,c,False,True,False,12275979.1005847,1682009.76635997
173,0.0,0.0,0.0,0.0,0.0,0.0,m1125976,PQ,1.0,1.0,1.0,7199.557856794634,1000000.0,0.95,1.05,0,0,abc,False,False,False,12277936.3782825,1682030.50031199
174,0.0,0.0,0.0,0.0,0.0,0.0,p895106,PQ,1.0,1.0,1.0,7199.557856794634,1000000.0,0.95,1.05,0,0,b,False,False,False,12277941.1091625,1682004.97813596
175,0.0,0.0,0.014590135034035966,0.003656661418958202,0.0,0.0,l3048887,PQ,1.0,1.0,1.0,7199.557856794634,1000000.0,0.95,1.05,0,0,b,False,True,False,12277965.1199145,1681875.42165584
176,0.0,0.0,0.0,0.0,0.0,0.0,m1125966,PQ,1.0,1.0,1.0,7199.557856794634,1000000.0,0.95,1.05,0,0,b,False,False,False,12277876.5275304,1681830.5827438
177,0.0,0.0,0.0058400540516632795,0.0014636669861867776,0.0,0.0,l2955005,PQ,1.0,1.0,1.0,7199.557856794634,1000000.0,0.95,1.05,0,0,b,False,True,False,12277926.1587625,1681613.5479916
178,0.0,0.0,0.0,0.0,0.0,0.0,m1108372,PQ,1.0,1.0,1.0,7199.557856794634,1000000.0,0.95,1.05,0,0,b,False,False,False,12277955.8711465,1681512.6512235
179,0.0,0.0,0.009730090056216374,0.0024386096307807536,0.0,0.0,l3216988,PQ,1.0,1.0,1.0,7199.557856794634,1000000.0,0.95,1.05,0,0,b,False,True,False,12278023.6312746,1681260.34991127
180,0.0,0.0,0.009730090056134075,0.002438609630661313,0.0,0.0,l3179607,PQ,1.0,1.0,1.0,7199.557856794634,1000000.0,0.95,1.05,0,0,b,False,True,False,12278164.1117867,1681586.41199157
181,0.0,0.0,0.0,0.0,0.0,0.0,m1125987,PQ,1.0,1.0,1.0,7199.557856794634,1000000.0,0.95,1.05,0,0,abc,False,False,False,12278475.170219,1681852.81992782
182,0.0,0.0,0.0,0.0,0.0,0.0,m1125989,PQ,1.0,1.0,1.0,7199.557856794634,1000000.0,0.95,1.05,0,0,abc,False,False,False,12278691.8895792,1681808.23087178
183,0.0,0.0,0.0,0.0,0.0,0.0,m1125990,PQ,1.0,1.0,1.0,7199.557856794634,1000000.0,0.95,1.05,0,0,abc,False,False,False,12278707.6305072,1681804.92130378
184,0.013299824110411413,0.0033330097361411568,0.0,0.0,0.0,0.0,l3067478,PQ,1.0,1.0,1.0,7199.557856794634,1000000.0,0.95,1.05,0,0,abc,False,True,False,12278912.1396914,1681762.31880774
185,0.0,0.0,0.0,0.0,0.0,0.0,m1125994,PQ,1.0,1.0,1.0,7199.557856794634,1000000.0,0.95,1.05,0,0,abc,False,False,False,12279248.5114037,1681693.19061567
186,0.0,0.0,0.0,0.0,0.0,0.0,m1125997,PQ,1.0,1.0,1.0,7199.557856794634,1000000.0,0.95,1.05,0,0,abc,False,False,False,12279589.921196,1681619.3315436
187,0.0,0.0,0.0,0.0,0.0,0.0,d5535139-1_int,PQ,1.0,1.0,1.0,7199.557856794634,1000000.0,0.95,1.05,0,0,abc,False,False,False,12279601.578988,1681616.7715436
188,0.0,0.0,0.0,0.0,0.0,0.0,e183473,PQ,1.0,1.0,1.0,7199.557856794634,1000000.0,0.95,1.05,0,0,abc,False,False,False,12279600.578988,1681616.7715436
189,0.0,0.0,0.0,0.0,0.0,0.0,r20703,PQ,1.0,1.0,1.0,7199.557856794634,1000000.0,0.95,1.05,0,0,abc,False,False,False,12279621.1654841,1681611.9710316
190,0.008869878853737006,0.002222837788130678,0.0,0.0,0.0,0.0,l2859403,PQ,1.0,1.0,1.0,7199.557856794634,1000000.0,0.95,1.05,0,0,abc,False,True,False,12279757.8080442,1681580.12463157
191,0.017739756652140126,0.0044456732949073935,0.0,0.0,0.0,0.0,l2973791,PQ,1.0,1.0,1.0,7199.557856794634,1000000.0,0.95,1.05,0,0,abc,False,True,False,12279879.0906043,1681551.85813554
192,0.0,0.0,0.0058400601664216,0.0014636675613547228,0.0,0.0,l3179650,PQ,1.0,1.0,1.0,7199.557856794634,1000000.0,0.95,1.05,0,0,abc,False,True,False,12280084.7179965,1681500.40008749
193,0.008869876841574196,0.002222835345878537,0.0,0.0,0.0,0.0,l3232902,PQ,1.0,1.0,1.0,7199.557856794634,1000000.0,0.95,1.05,0,0,abc,False,True,False,12280220.6642366,1681467.98843946
194,0.0,0.0,0.0,0.0,0.0,0.0,m4122658,PQ,1.0,1.0,1.0,7199.557856794634,1000000.0,0.95,1.05,0,0,abc,False,False,False,12280344.7771327,1681438.32111144
195,0.00886987628093929,0.002222834665518827,0.0,0.0,0.0,0.0,l2933135,PQ,1.0,1.0,1.0,7199.557856794634,1000000.0,0.95,1.05,0,0,abc,False,True,False,12280349.9176127,1681436.43285543
196,0.0,0.0,0.0,0.0,0.0,0.0,m1108484,PQ,1.0,1.0,1.0,7199.557856794634,1000000.0,0.95,1.05,0,0,abc,False,False,False,12280581.009837,1681350.89199135
197,0.0,0.0,0.0,0.0,0.010170037845569755,0.002549044716930708,l2730106,PQ,1.0,1.0,1.0,7199.557856794634,1000000.0,0.95,1.05,0,0,abc,False,True,False,12280907.3791173,1681252.82146326
198,0.0,0.0,0.0,0.0,0.0,0.0,n1142099,PQ,1.0,1.0,1.0,7199.557856794634,1000000.0,0.95,1.05,0,0,abc,False,False,False,12280970.6705093,1681215.67074323
199,0.0,0.0,0.0,0.0,0.0,0.0,n1142100,PQ,1.0,1.0,1.0,7199.557856794634,1000000.0,0.95,1.05,0,0,abc,False,False,False,12281069.3472454,1681157.75330317
200,0.0,0.0,0.0,0.0,0.0,0.0,m1108490,PQ,1.0,1.0,1.0,7199.557856794634,1000000.0,0.95,1.05,0,0,abc,False,False,False,12281106.9608134,1681135.67995915
201,0.0,0.0,0.0,0.0,0.004070015151152818,0.001020119908519861,l3142049,PQ,1.0,1.0,1.0,7199.557856794634,1000000.0,0.95,1.05,0,0,abc,False,True,False,12281234.1702856,1681066.65826309
202,0.0,0.0,0.0,0.0,0.0,0.0,m1108493,PQ,1.0,1.0,1.0,7199.557856794634,1000000.0,0.95,1.05,0,0,abc,False,False,False,12281479.4510538,1680936.25800697
203,0.0,0.0,0.0,0.0,0.0,0.0,n1142103,PQ,1.0,1.0,1.0,7199.557856794634,1000000.0,0.95,1.05,0,0,abc,False,False,False,12281587.2372939,1680878.96315891
204,0.0,0.0,0.0,0.0,0.004070015157059576,0.0010201208138205988,l3104830,PQ,1.0,1.0,1.0,7199.557856794634,1000000.0,0.95,1.05,0,0,abc,False,True,False,12281619.6489419,1680861.7312869
205,0.0,0.0,0.0,0.0,0.0,0.0,n1142104,PQ,1.0,1.0,1.0,7199.557856794634,1000000.0,0.95,1.05,0,0,abc,False,False,False,12281860.2029261,1680818.96904686
206,0.0,0.0,0.0,0.0,0.0,0.0,m1108500,PQ,1.0,1.0,1.0,7199.557856794634,1000000.0,0.95,1.05,0,0,abc,False,False,False,12282007.6384463,1680795.95771884
207,0.0,0.0,0.0,0.0,0.0,0.0,m1108505,PQ,1.0,1.0,1.0,7199.557856794634,1000000.0,0.95,1.05,0,0,abc,False,False,False,12282090.0663504,1680783.09218283
208,0.008869867719264188,0.002222824255918967,0.0,0.0,0.0,0.0,l2955047,PQ,1.0,1.0,1.0,7199.557856794634,1000000.0,0.95,1.05,0,0,abc,False,True,False,12282264.0808145,1680741.10818279
209,0.0,0.0,0.014590166521630898,0.003656664349017167,0.0,0.0,l3179646,PQ,1.0,1.0,1.0,7199.557856794634,1000000.0,0.95,1.05,0,0,abc,False,True,False,12282417.0991827,1680709.05698276
210,0.0,0.0,0.009730112134131625,0.002438611686918203,0.0,0.0,l2674027,PQ,1.0,1.0,1.0,7199.557856794634,1000000.0,0.95,1.05,0,0,abc,False,True,False,12282665.0587349,1680654.82184671
211,0.0,0.0,0.0,0.0,0.010170037935184534,0.0025490555365675596,l2692633,PQ,1.0,1.0,1.0,7199.557856794634,1000000.0,0.95,1.05,0,0,abc,False,True,False,12282881.7862871,1680603.55221466
212,0.0,0.0,0.0,0.0,0.0,0.0,regxfmr_190-8581,PQ,1.0,1.0,1.0,7199.557856794634,1000000.0,0.95,1.05,0,0,abc,False,False,False,12283008.2099032,1680565.27099862
213,0.0,0.0,0.0,0.0,0.0,0.0,190-8581,PQ,1.0,1.0,1.0,7199.557856794634,1000000.0,0.95,1.05,0,0,abc,False,False,False,12283007.2099032,1680565.27099862
214,0.0,0.0,0.0,0.0,0.0,0.0,d5587291-3_int,PQ,1.0,1.0,1.0,7199.557856794634,1000000.0,0.95,1.05,0,0,abc,False,False,False,12283209.2292954,1680506.51797457
215,0.0,0.0,0.0,0.0,0.0,0.0,q14734,PQ,1.0,1.0,1.0,7199.557856794634,1000000.0,0.95,1.05,0,0,abc,False,False,False,12283210.2292954,1680506.51797457
216,0.0,0.0,0.0,0.0,0.0,0.0,m1108529,PQ,1.0,1.0,1.0,7199.557856794634,1000000.0,0.95,1.05,0,0,abc,False,False,False,12283208.2292954,1680506.51797457
217,0.0,0.0,0.0,0.0,0.0,0.0,p829796,PQ,1.0,1.0,1.0,7199.557856794634,1000000.0,0.95,1.05,0,0,c,False,False,False,12283212.2802394,1680526.10914259
218,0.0,0.0,0.0,0.0,0.0,0.0,n1142107,PQ,1.0,1.0,1.0,7199.557856794634,1000000.0,0.95,1.05,0,0,c,False,False,False,12283230.1469914,1680612.60027867
219,0.0,0.0,0.0,0.0,0.0,0.0,l3101827,PQ,1.0,1.0,1.0,7199.557856794634,1000000.0,0.95,1.05,0,0,c,False,False,False,12283180.8065754,1680962.70997499
220,0.0,0.0,0.0,0.0,0.0,0.0,m1108540,PQ,1.0,1.0,1.0,7199.557856794634,1000000.0,0.95,1.05,0,0,c,False,False,False,12283645.5305438,1681119.11983114
221,0.0,0.0,0.0,0.0,0.010170038117078417,0.0025490576093615733,l2955006,PQ,1.0,1.0,1.0,7199.557856794634,1000000.0,0.95,1.05,0,0,c,False,True,False,12283565.0810077,1681124.10056714
222,0.0,0.0,0.0,0.0,0.01017003811819597,0.0025490576110527253,l2692600,PQ,1.0,1.0,1.0,7199.557856794634,1000000.0,0.95,1.05,0,0,c,False,True,False,12283434.9510876,1681230.03951124
223,0.0,0.0,0.0,0.0,0.010170038124939215,0.002549057621256302,l3235945,PQ,1.0,1.0,1.0,7199.557856794634,1000000.0,0.95,1.05,0,0,c,False,True,False,12283848.602032,1681312.75003932
224,0.0,0.0,0.0,0.0,0.01017003812762503,0.002549057625320458,l2842330,PQ,1.0,1.0,1.0,7199.557856794634,1000000.0,0.95,1.05,0,0,c,False,True,False,12283859.182,1681417.14888742
225,0.0,0.0,0.0,0.0,0.010170038131357426,0.002549057630968288,l3086002,PQ,1.0,1.0,1.0,7199.557856794634,1000000.0,0.95,1.05,0,0,c,False,True,False,12283898.569136,1681600.44079159
226,0.0,0.0,0.0,0.0,0.0,0.0,m1126031,PQ,1.0,1.0,1.0,7199.557856794634,1000000.0,0.95,1.05,0,0,c,False,False,False,12283848.51192,1681878.17007185
227,0.0,0.0,0.0,0.0,0.010170038137850494,0.0025490576407936004,l2730107,PQ,1.0,1.0,1.0,7199.557856794634,1000000.0,0.95,1.05,0,0,c,False,True,False,12284132.8316643,1682208.68860015
228,0.0,0.0,0.0,0.0,0.015260057223187837,0.0038248405637034766,l3179608,PQ,1.0,1.0,1.0,7199.557856794634,1000000.0,0.95,1.05,0,0,c,False,True,False,12283849.920944,1681987.45135195
229,0.0,0.0,0.0,0.0,0.0,0.0,m1108532,PQ,1.0,1.0,1.0,7199.557856794634,1000000.0,0.95,1.05,0,0,abc,False,False,False,12283263.3204955,1680446.60168651
230,0.0,0.0,0.0,0.0,0.0,0.0,p895082,PQ,1.0,1.0,1.0,7199.557856794634,1000000.0,0.95,1.05,0,0,b,False,False,False,12283260.8465115,1680410.88866248
231,0.0,0.0,0.0,0.0,0.0,0.0,n1142106,PQ,1.0,1.0,1.0,7199.557856794634,1000000.0,0.95,1.05,0,0,b,False,False,False,12283257.0536154,1680356.07189443
232,0.0,0.0,0.014590172384125341,0.0036566652249474564,0.0,0.0,l2936213,PQ,1.0,1.0,1.0,7199.557856794634,1000000.0,0.95,1.05,0,0,b,False,True,False,12283251.1185114,1680270.35080635
233,0.0,0.0,0.0,0.0,0.0,0.0,m1108527,PQ,1.0,1.0,1.0,7199.557856794634,1000000.0,0.95,1.05,0,0,b,False,False,False,12283160.5805274,1679999.9984221
234,0.0,0.0,0.009730114962920084,0.00243861216624034,0.0,0.0,l3141394,PQ,1.0,1.0,1.0,7199.557856794634,1000000.0,0.95,1.05,0,0,b,False,True,False,12283156.5500634,1679987.98075808
235,0.0,0.0,0.0,0.0,0.0,0.0,m1108535,PQ,1.0,1.0,1.0,7199.557856794634,1000000.0,0.95,1.05,0,0,abc,False,False,False,12283418.8701916,1680184.17096627
236,0.0,0.0,0.0,0.0,0.0,0.0,m1108534,PQ,1.0,1.0,1.0,7199.557856794634,1000000.0,0.95,1.05,0,0,abc,False,False,False,12283309.4414555,1679221.61915737
237,0.0,0.0,0.0,0.0,0.0,0.0,m1108526,PQ,1.0,1.0,1.0,7199.557856794634,1000000.0,0.95,1.05,0,0,abc,False,False,False,12283142.5581273,1678834.33006901
238,0.0,0.0,0.0,0.0,0.0,0.0,p895075,PQ,1.0,1.0,1.0,7199.557856794634,1000000.0,0.95,1.05,0,0,c,False,False,False,12283119.2395993,1678855.59650103
239,0.0,0.0,0.0,0.0,0.0,0.0,m1108524,PQ,1.0,1.0,1.0,7199.557856794634,1000000.0,0.95,1.05,0,0,c,False,False,False,12283106.1119193,1678867.56910904
240,0.0,0.0,0.0,0.0,0.0,0.0,m1108520,PQ,1.0,1.0,1.0,7199.557856794634,1000000.0,0.95,1.05,0,0,c,False,False,False,12283015.0987992,1678950.56226112
241,0.0,0.0,0.0,0.0,0.0,0.0,m1108514,PQ,1.0,1.0,1.0,7199.557856794634,1000000.0,0.95,1.05,0,0,c,False,False,False,12282695.0987989,1678951.04149312
242,0.0,0.0,0.0,0.0,0.0,0.0,m1108508,PQ,1.0,1.0,1.0,7199.557856794634,1000000.0,0.95,1.05,0,0,c,False,False,False,12282375.0987986,1678951.70094912
243,0.0,0.0,0.0,0.0,0.004070015226753364,0.0010201278561468503,l3097861,PQ,1.0,1.0,1.0,7199.557856794634,1000000.0,0.95,1.05,0,0,c,False,True,False,12282075.0995663,1678951.57397312
244,0.0,0.0,0.0,0.0,0.010170038047002604,0.002549066528209206,l2804277,PQ,1.0,1.0,1.0,7199.557856794634,1000000.0,0.95,1.05,0,0,c,False,True,False,12283014.5171672,1679127.37838928
245,0.0,0.0,0.0,0.0,0.0,0.0,n1136031,PQ,1.0,1.0,1.0,7199.557856794634,1000000.0,0.95,1.05,0,0,c,False,False,False,12283212.4072154,1678868.33096504
246,0.0,0.0,0.0,0.0,0.006100022820140025,0.0015289386718974085,l3197625,PQ,1.0,1.0,1.0,7199.557856794634,1000000.0,0.95,1.05,0,0,c,False,True,False,12283386.0694236,1678952.86830912
247,0.0,0.0,0.0,0.0,0.0,0.0,m1089199,PQ,1.0,1.0,1.0,7199.557856794634,1000000.0,0.95,1.05,0,0,abc,False,False,False,12283007.4802392,1678534.15061273
248,0.0,0.0,0.0,0.0,0.0,0.0,m1089197,PQ,1.0,1.0,1.0,7199.557856794634,1000000.0,0.95,1.05,0,0,abc,False,False,False,12282893.0379991,1678293.37954051
249,0.0,0.0,0.0,0.0,0.0,0.0,m1089196,PQ,1.0,1.0,1.0,7199.557856794634,1000000.0,0.95,1.05,0,0,abc,False,False,False,12282799.751599,1677997.98830823
250,0.0,0.0,0.0,0.0,0.0,0.0,m1089198,PQ,1.0,1.0,1.0,7199.557856794634,1000000.0,0.95,1.05,0,0,abc,False,False,False,12282933.9611351,1677674.10120393
251,0.0,0.0,0.0,0.0,0.0,0.0,m1089201,PQ,1.0,1.0,1.0,7199.557856794634,1000000.0,0.95,1.05,0,0,abc,False,False,False,12283190.4280794,1677152.93025944
252,0.0,0.0,0.0,0.0,0.0,0.0,m1089202,PQ,1.0,1.0,1.0,7199.557856794634,1000000.0,0.95,1.05,0,0,abc,False,False,False,12283196.3508954,1677141.17473943
253,0.0,0.0,0.0,0.0,0.0,0.0,m1089203,PQ,1.0,1.0,1.0,7199.557856794634,1000000.0,0.95,1.05,0,0,abc,False,False,False,12283289.3710555,1676956.55163526
254,0.0,0.0,0.0,0.0,0.0,0.0,m1089207,PQ,1.0,1.0,1.0,7199.557856794634,1000000.0,0.95,1.05,0,0,abc,False,False,False,12283353.9281115,1676785.3019711
255,0.005319908338080174,0.0013331780928015628,0.0,0.0,0.0,0.0,l3160098,PQ,1.0,1.0,1.0,7199.557856794634,1000000.0,0.95,1.05,0,0,abc,False,True,False,12283381.4982876,1676712.58977903
256,0.0,0.0,0.0,0.0,0.0,0.0,m1089213,PQ,1.0,1.0,1.0,7199.557856794634,1000000.0,0.95,1.05,0,0,abc,False,False,False,12283420.3119836,1676365.74869071
257,0.0,0.0,0.0,0.0,0.015260056911115644,0.0038248755294357363,l3118855,PQ,1.0,1.0,1.0,7199.557856794634,1000000.0,0.95,1.05,0,0,abc,False,True,False,12283415.4377436,1676101.55669047
258,0.0,0.0,0.0,0.0,0.010170037916039933,0.0025490817446664395,l3231255,PQ,1.0,1.0,1.0,7199.557856794634,1000000.0,0.95,1.05,0,0,abc,False,True,False,12283419.4559196,1675935.97179431
259,0.0,0.0,0.0,0.0,0.0,0.0,n1144663,PQ,1.0,1.0,1.0,7199.557856794634,1000000.0,0.95,1.05,0,0,abc,False,False,False,12283429.8515676,1675852.22088223
260,0.0,0.0,0.0,0.0,0.0,0.0,m1089215,PQ,1.0,1.0,1.0,7199.557856794634,1000000.0,0.95,1.05,0,0,abc,False,False,False,12283440.1489116,1675769.30965016
261,0.0,0.0,0.0,0.0,0.0,0.0,n1134474,PQ,1.0,1.0,1.0,7199.557856794634,1000000.0,0.95,1.05,0,0,abc,False,False,False,12283456.1192156,1675620.34222602
262,0.0,0.0,0.0,0.0,0.0,0.0,m1069496,PQ,1.0,1.0,1.0,7199.557856794634,1000000.0,0.95,1.05,0,0,abc,False,False,False,12283475.9889117,1675435.03918584
263,0.0,0.0,0.0,0.0,0.0,0.0,n1134475,PQ,1.0,1.0,1.0,7199.557856794634,1000000.0,0.95,1.05,0,0,abc,False,False,False,12283477.7460957,1675239.68046566
264,0.0,0.0,0.0,0.0,0.0,0.0,m1069497,PQ,1.0,1.0,1.0,7199.557856794634,1000000.0,0.95,1.05,0,0,abc,False,False,False,12283478.7291357,1675130.35003356
265,0.0,0.0,0.0,0.0,0.0,0.0,m1069495,PQ,1.0,1.0,1.0,7199.557856794634,1000000.0,0.95,1.05,0,0,abc,False,False,False,12283466.1707996,1675081.82062552
266,0.0,0.0,0.0,0.0,0.0,0.0,m1069498,PQ,1.0,1.0,1.0,7199.557856794634,1000000.0,0.95,1.05,0,0,abc,False,False,False,12283495.8217437,1675060.0094255
267,0.0,0.0,0.0,0.0,0.0,0.0,m1069499,PQ,1.0,1.0,1.0,7199.557856794634,1000000.0,0.95,1.05,0,0,abc,False,False,False,12283706.6141919,1674816.16225727
268,0.0,0.0,0.0,0.0,0.0,0.0,n1134476,PQ,1.0,1.0,1.0,7199.557856794634,1000000.0,0.95,1.05,0,0,abc,False,False,False,12283782.7711199,1674735.56116919
269,0.0,0.0,0.0038900565323055874,0.0009749449383305544,0.0,0.0,l3066814,PQ,1.0,1.0,1.0,7199.557856794634,1000000.0,0.95,1.05,0,0,abc,False,True,False,12283872.67832,1674640.4069931
270,0.0,0.0,0.0,0.0,0.0,0.0,n1134477,PQ,1.0,1.0,1.0,7199.557856794634,1000000.0,0.95,1.05,0,0,abc,False,False,False,12283905.4831841,1674607.01230507
271,0.0,0.0,0.0,0.0,0.0,0.0,d5534969-2_int,PQ,1.0,1.0,1.0,7199.557856794634,1000000.0,0.95,1.05,0,0,abc,False,False,False,12283958.4696161,1674554.09198502
272,0.0,0.0,0.0,0.0,0.0,0.0,e182729,PQ,1.0,1.0,1.0,7199.557856794634,1000000.0,0.95,1.05,0,0,abc,False,False,False,12283957.4696161,1674554.09198502
273,0.0,0.0,0.0,0.0,0.0,0.0,m1069503,PQ,1.0,1.0,1.0,7199.557856794634,1000000.0,0.95,1.05,0,0,abc,False,False,False,12283975.5411681,1674536.81096101
274,0.0,0.0,0.0,0.0,0.0,0.0,n1134479,PQ,1.0,1.0,1.0,7199.557856794634,1000000.0,0.95,1.05,0,0,abc,False,False,False,12284047.1679202,1674595.98996906
275,0.0,0.0,0.0,0.0,0.0,0.0,d5682346-3_int,PQ,1.0,1.0,1.0,7199.557856794634,1000000.0,0.95,1.05,0,0,abc,False,False,False,12284208.4034403,1674728.38497719
276,0.0,0.0,0.0,0.0,0.0,0.0,e206211,PQ,1.0,1.0,1.0,7199.557856794634,1000000.0,0.95,1.05,0,0,abc,False,False,False,12284207.4034403,1674728.38497719
277,0.0,0.0,0.0,0.0,0.0,0.0,n1134480,PQ,1.0,1.0,1.0,7199.557856794634,1000000.0,0.95,1.05,0,0,abc,False,False,False,12284588.8557287,1675016.94817746
278,0.0,0.0,0.0,0.0,0.0,0.0,m1069519,PQ,1.0,1.0,1.0,7199.557856794634,1000000.0,0.95,1.05,0,0,abc,False,False,False,12284646.2980327,1675041.54056148
279,0.0,0.0,0.0,0.0,0.0,0.0,p901927,PQ,1.0,1.0,1.0,7199.557856794634,1000000.0,0.95,1.05,0,0,b,False,False,False,12284654.9487848,1675067.1487535
280,0.0,0.0,0.0,0.0,0.0,0.0,n1136353,PQ,1.0,1.0,1.0,7199.557856794634,1000000.0,0.95,1.05,0,0,b,False,False,False,12284672.1028328,1675117.93505755
281,0.0,0.0,0.009730142317387851,0.0024386157682671724,0.0,0.0,l2820535,PQ,1.0,1.0,1.0,7199.557856794634,1000000.0,0.95,1.05,0,0,b,False,True,False,12284683.2398568,1675150.89966558
282,0.0,0.0,0.0,0.0,0.0,0.0,n1136354,PQ,1.0,1.0,1.0,7199.557856794634,1000000.0,0.95,1.05,0,0,abc,False,False,False,12285098.3899372,1675244.71035367
283,0.008869837656573884,0.0022227866621777246,0.0,0.0,0.0,0.0,l2748144,PQ,1.0,1.0,1.0,7199.557856794634,1000000.0,0.95,1.05,0,0,abc,False,True,False,12285129.8308332,1675263.35124968
284,0.0,0.0,0.0,0.0,0.0,0.0,m1069533,PQ,1.0,1.0,1.0,7199.557856794634,1000000.0,0.95,1.05,0,0,abc,False,False,False,12285480.8006895,1675427.55988984
285,0.0,0.0,0.0,0.0,0.0,0.0,196-29521,PQ,1.0,1.0,1.0,7199.557856794634,1000000.0,0.95,1.05,0,0,b,False,False,False,12285510.3901935,1675374.16852979
286,0.0,0.0,0.0,0.0,0.0,0.0,n1136355,PQ,1.0,1.0,1.0,7199.557856794634,1000000.0,0.95,1.05,0,0,b,False,False,False,12285527.1469296,1675345.01729776
287,0.0,0.0,0.009730142626776706,0.00243861612640233,0.0,0.0,l2783231,PQ,1.0,1.0,1.0,7199.557856794634,1000000.0,0.95,1.05,0,0,b,False,True,False,12285645.6196337,1675138.93115357
288,0.0,0.0,0.0038900570468048254,0.0009749452779831103,0.0,0.0,l3254227,PQ,1.0,1.0,1.0,7199.557856794634,1000000.0,0.95,1.05,0,0,b,False,True,False,12285880.6604019,1674699.34024116
289,0.0,0.0,0.0,0.0,0.0,0.0,m1069550,PQ,1.0,1.0,1.0,7199.557856794634,1000000.0,0.95,1.05,0,0,b,False,False,False,12285946.458546,1674558.24123303
290,0.0,0.0,0.0,0.0,0.0,0.0,m1069551,PQ,1.0,1.0,1.0,7199.557856794634,1000000.0,0.95,1.05,0,0,b,False,False,False,12285947.740594,1674544.69166502
291,0.0,0.0,0.0,0.0,0.0,0.0,m1069560,PQ,1.0,1.0,1.0,7199.557856794634,1000000.0,0.95,1.05,0,0,b,False,False,False,12286289.5886583,1674751.72808121
292,0.0,0.0,0.0,0.0,0.0,0.0,m1069567,PQ,1.0,1.0,1.0,7199.557856794634,1000000.0,0.95,1.05,0,0,b,False,False,False,12286519.2595705,1674888.19041734
293,0.0,0.0,0.019450285390222175,0.004874725619306248,0.0,0.0,l2691966,PQ,1.0,1.0,1.0,7199.557856794634,1000000.0,0.95,1.05,0,0,b,False,True,False,12286696.0019707,1674685.15988915
294,0.0,0.0,0.0,0.0,0.0,0.0,m1069582,PQ,1.0,1.0,1.0,7199.557856794634,1000000.0,0.95,1.05,0,0,b,False,False,False,12286953.7919229,1675139.09908957
295,0.0,0.0,0.0,0.0,0.0,0.0,d6231996-1_int,PQ,1.0,1.0,1.0,7199.557856794634,1000000.0,0.95,1.05,0,0,b,False,False,False,12286988.3012989,1675070.2617135
296,0.0,0.0,0.0,0.0,0.0,0.0,e206614,PQ,1.0,1.0,1.0,7199.557856794634,1000000.0,0.95,1.05,0,0,b,False,False,False,12286987.3012989,1675070.2617135
297,0.0,0.0,0.009730142818386241,0.002438616405340782,0.0,0.0,l3082983,PQ,1.0,1.0,1.0,7199.557856794634,1000000.0,0.95,1.05,0,0,b,False,True,False,12287050.355123,1675027.33972946
298,0.0,0.0,0.0,0.0,0.0,0.0,m1069588,PQ,1.0,1.0,1.0,7199.557856794634,1000000.0,0.95,1.05,0,0,b,False,False,False,12287113.040307,1674984.67169743
299,0.0,0.0,0.0058400857234334235,0.0014636710576273564,0.0,0.0,l2804270,PQ,1.0,1.0,1.0,7199.557856794634,1000000.0,0.95,1.05,0,0,b,False,True,False,12287092.199859,1674953.4315054
300,0.0,0.0,0.005840085723781434,0.0014636710581387386,0.0,0.0,l3104145,PQ,1.0,1.0,1.0,7199.557856794634,1000000.0,0.95,1.05,0,0,b,False,True,False,12286937.6086269,1674706.07816117
301,0.0,0.0,0.0,0.0,0.0,0.0,m1069590,PQ,1.0,1.0,1.0,7199.557856794634,1000000.0,0.95,1.05,0,0,b,False,False,False,12287354.3438593,1674714.38075317
302,0.0,0.0,0.0,0.0,0.0,0.0,m1069595,PQ,1.0,1.0,1.0,7199.557856794634,1000000.0,0.95,1.05,0,0,b,False,False,False,12287659.1067395,1674391.51764887
303,0.0,0.0,0.009730142876620778,0.0024386164908998583,0.0,0.0,l2916619,PQ,1.0,1.0,1.0,7199.557856794634,1000000.0,0.95,1.05,0,0,b,False,True,False,12287817.3802757,1674347.48974483
304,0.0,0.0,0.0,0.0,0.0,0.0,l2727008,PQ,1.0,1.0,1.0,7199.557856794634,1000000.0,0.95,1.05,0,0,b,False,False,False,12288036.7128839,1674122.40635262
305,0.0,0.0,0.0,0.0,0.0,0.0,m1069629,PQ,1.0,1.0,1.0,7199.557856794634,1000000.0,0.95,1.05,0,0,b,False,False,False,12288576.1806604,1673828.92795235
306,0.0,0.0,0.0,0.0,0.0,0.0,m1069640,PQ,1.0,1.0,1.0,7199.557856794634,1000000.0,0.95,1.05,0,0,b,False,False,False,12289009.6111888,1674008.16891252
307,0.0,0.0,0.009730142923585598,0.0024386165599138932,0.0,0.0,l2804269,PQ,1.0,1.0,1.0,7199.557856794634,1000000.0,0.95,1.05,0,0,b,False,True,False,12289268.351413,1674078.03028858
308,0.0,0.0,0.005840085784258671,0.0014636711470009736,0.0,0.0,l2989564,PQ,1.0,1.0,1.0,7199.557856794634,1000000.0,0.95,1.05,0,0,b,False,True,False,12289419.7027092,1673941.77275245
309,0.0,0.0,0.005840085785091812,0.0014636711482254054,0.0,0.0,l2897789,PQ,1.0,1.0,1.0,7199.557856794634,1000000.0,0.95,1.05,0,0,b,False,True,False,12289744.8186135,1674050.89019256
310,0.0,0.0,0.0,0.0,0.0,0.0,m1069662,PQ,1.0,1.0,1.0,7199.557856794634,1000000.0,0.95,1.05,0,0,b,False,False,False,12289931.1661337,1674125.50702463
311,0.0,0.0,0.005840085785571038,0.0014636711489297096,0.0,0.0,l2935547,PQ,1.0,1.0,1.0,7199.557856794634,1000000.0,0.95,1.05,0,0,b,False,True,False,12290079.4208538,1673990.2120485
312,0.0,0.0,0.00973014292152943,0.0024386165568920774,0.0,0.0,l3160113,PQ,1.0,1.0,1.0,7199.557856794634,1000000.0,0.95,1.05,0,0,b,False,True,False,12288864.4489487,1674280.79867277
313,0.0,0.0,0.0,0.0,0.0,0.0,m1069632,PQ,1.0,1.0,1.0,7199.557856794634,1000000.0,0.95,1.05,0,0,b,False,False,False,12288812.4420366,1673610.72174415
314,0.0,0.0,0.009730142928976473,0.002438616567836064,0.0,0.0,l2954361,PQ,1.0,1.0,1.0,7199.557856794634,1000000.0,0.95,1.05,0,0,b,False,True,False,12288562.7212044,1673496.63995204
315,0.0,0.0,0.0,0.0,0.0,0.0,m1069627,PQ,1.0,1.0,1.0,7199.557856794634,1000000.0,0.95,1.05,0,0,b,False,False,False,12288390.3697162,1673453.001168
316,0.0,0.0,0.009730142932461903,0.0024386165729583997,0.0,0.0,l3254228,PQ,1.0,1.0,1.0,7199.557856794634,1000000.0,0.95,1.05,0,0,b,False,True,False,12288255.7792521,1673361.11150391
317,0.0,0.0,0.014590214333466894,0.003656671846564762,0.0,0.0,l2897791,PQ,1.0,1.0,1.0,7199.557856794634,1000000.0,0.95,1.05,0,0,b,False,True,False,12288009.2983559,1673685.78094422
318,0.0,0.0,0.0,0.0,0.0,0.0,m1069613,PQ,1.0,1.0,1.0,7199.557856794634,1000000.0,0.95,1.05,0,0,b,False,False,False,12288000.0004359,1673683.94184021
319,0.0,0.0,0.0,0.0,0.0,0.0,m1069597,PQ,1.0,1.0,1.0,7199.557856794634,1000000.0,0.95,1.05,0,0,b,False,False,False,12287682.2409476,1673618.86049615
320,0.0,0.0,0.009730142941816917,0.0024386165867071635,0.0,0.0,l3197653,PQ,1.0,1.0,1.0,7199.557856794634,1000000.0,0.95,1.05,0,0,b,False,True,False,12287630.7009795,1673289.28814385
321,0.0,0.0,0.014590214338444403,0.0036566718538801187,0.0,0.0,l2785535,PQ,1.0,1.0,1.0,7199.557856794634,1000000.0,0.95,1.05,0,0,b,False,True,False,12287570.7887875,1673622.85819216
322,0.0,0.0,0.009730142924524912,0.002438616561294012,0.0,0.0,l2726974,PQ,1.0,1.0,1.0,7199.557856794634,1000000.0,0.95,1.05,0,0,b,False,True,False,12288932.4302607,1673629.96884816
323,0.0,0.0,0.014590214315521346,0.0036566718201913526,0.0,0.0,l2916618,PQ,1.0,1.0,1.0,7199.557856794634,1000000.0,0.95,1.05,0,0,b,False,True,False,12289089.3398289,1673383.11111993
324,0.0,0.0,0.0,0.0,0.0,0.0,m1069607,PQ,1.0,1.0,1.0,7199.557856794634,1000000.0,0.95,1.05,0,0,b,False,False,False,12287956.0380678,1674721.36852918
325,0.0,0.0,0.0,0.0,0.0,0.0,m1069619,PQ,1.0,1.0,1.0,7199.557856794634,1000000.0,0.95,1.05,0,0,b,False,False,False,12288042.9674759,1674784.87700924
326,0.0,0.0,0.0,0.0,0.0,0.0,m1069620,PQ,1.0,1.0,1.0,7199.557856794634,1000000.0,0.95,1.05,0,0,b,False,False,False,12288050.0699399,1674790.07073724
327,0.0,0.0,0.0,0.0,0.0,0.0,m1069610,PQ,1.0,1.0,1.0,7199.557856794634,1000000.0,0.95,1.05,0,0,b,False,False,False,12287986.7048199,1674805.91406526
328,0.0,0.0,0.0,0.0,0.0,0.0,m1069600,PQ,1.0,1.0,1.0,7199.557856794634,1000000.0,0.95,1.05,0,0,b,False,False,False,12287859.8394117,1674960.5257774
329,0.0,0.0,0.00973014287646431,0.0024386164906714685,0.0,0.0,l3102793,PQ,1.0,1.0,1.0,7199.557856794634,1000000.0,0.95,1.05,0,0,b,False,True,False,12288002.4948999,1675086.02312152
330,0.0,0.0,0.009730142875670224,0.0024386164895045166,0.0,0.0,l2991929,PQ,1.0,1.0,1.0,7199.557856794634,1000000.0,0.95,1.05,0,0,b,False,True,False,12288032.4694279,1674949.07745739
331,0.0,0.0,0.009730142874385112,0.0024386164876159856,0.0,0.0,l2916617,PQ,1.0,1.0,1.0,7199.557856794634,1000000.0,0.95,1.05,0,0,b,False,True,False,12287875.1011078,1674624.89953709
332,0.0,0.0,0.01459021419493486,0.003656671643000992,0.0,0.0,l2801902,PQ,1.0,1.0,1.0,7199.557856794634,1000000.0,0.95,1.05,0,0,b,False,True,False,12287378.1989633,1674735.74139319
333,0.0,0.0,0.005840085737026187,0.0014636710775973324,0.0,0.0,l3122835,PQ,1.0,1.0,1.0,7199.557856794634,1000000.0,0.95,1.05,0,0,b,False,True,False,12287325.3114112,1674360.38804884
334,0.0,0.0,0.009730142804554889,0.0024386163874939577,0.0,0.0,l2973171,PQ,1.0,1.0,1.0,7199.557856794634,1000000.0,0.95,1.05,0,0,b,False,True,False,12286954.2015229,1675053.05851349
335,0.0,0.0,0.0,0.0,0.0,0.0,l2933165,PQ,1.0,1.0,1.0,7199.557856794634,1000000.0,0.95,1.05,0,0,b,False,False,False,12287130.9152511,1675246.11118567
336,0.0,0.0,0.009730142806348596,0.002438616390129633,0.0,0.0,l3235273,PQ,1.0,1.0,1.0,7199.557856794634,1000000.0,0.95,1.05,0,0,b,False,True,False,12287508.4394754,1675307.89934573
337,0.0,0.0,0.005840085676638971,0.0014636709903737665,0.0,0.0,l3176660,PQ,1.0,1.0,1.0,7199.557856794634,1000000.0,0.95,1.05,0,0,b,False,True,False,12286178.9024502,1674988.01812943
338,0.0,0.0,0.0,0.0,0.0,0.0,m1069555,PQ,1.0,1.0,1.0,7199.557856794634,1000000.0,0.95,1.05,0,0,b,False,False,False,12286059.0780661,1674396.74824088
339,0.0,0.0,0.005840085660654329,0.001463670966900554,0.0,0.0,l3085410,PQ,1.0,1.0,1.0,7199.557856794634,1000000.0,0.95,1.05,0,0,b,False,True,False,12286195.3683702,1674478.11937695
340,0.0,0.0,0.019450285294449744,0.004874725478653245,0.0,0.0,l2860499,PQ,1.0,1.0,1.0,7199.557856794634,1000000.0,0.95,1.05,0,0,b,False,True,False,12286384.7059704,1674304.25236879
341,0.0,0.0,0.0,0.0,0.0,0.0,m1069557,PQ,1.0,1.0,1.0,7199.557856794634,1000000.0,0.95,1.05,0,0,b,False,False,False,12286143.4310901,1674274.35156876
342,0.0,0.0,0.0,0.0,0.0,0.0,m1069558,PQ,1.0,1.0,1.0,7199.557856794634,1000000.0,0.95,1.05,0,0,b,False,False,False,12286274.2696183,1674083.08884859
343,0.0,0.0,0.009730142726331392,0.0024386162726061844,0.0,0.0,l3254229,PQ,1.0,1.0,1.0,7199.557856794634,1000000.0,0.95,1.05,0,0,b,False,True,False,12286352.4786423,1673983.26932849
344,0.0,0.0,0.0,0.0,0.0,0.0,m1069565,PQ,1.0,1.0,1.0,7199.557856794634,1000000.0,0.95,1.05,0,0,b,False,False,False,12286437.7286904,1673864.93998438
345,0.0,0.0,0.0038900570619017226,0.0009749453001589127,0.0,0.0,l3178988,PQ,1.0,1.0,1.0,7199.557856794634,1000000.0,0.95,1.05,0,0,b,False,True,False,12286446.1213944,1673806.58836833
346,0.0,0.0,0.0,0.0,0.0,0.0,m1069572,PQ,1.0,1.0,1.0,7199.557856794634,1000000.0,0.95,1.05,0,0,b,False,False,False,12286651.8634746,1673706.11758423
347,0.0,0.0,0.014590214023559173,0.0036566713949856677,0.0,0.0,l3066826,PQ,1.0,1.0,1.0,7199.557856794634,1000000.0,0.95,1.05,0,0,b,False,True,False,12286930.2481149,1673671.9200802
348,0.0,0.0,0.0,0.0,0.0,0.0,m1069574,PQ,1.0,1.0,1.0,7199.557856794634,1000000.0,0.95,1.05,0,0,b,False,False,False,12286687.5519226,1673581.15272012
349,0.0,0.0,0.005840085667616525,0.0014636709771295147,0.0,0.0,l2710530,PQ,1.0,1.0,1.0,7199.557856794634,1000000.0,0.95,1.05,0,0,b,False,True,False,12286561.2517625,1673475.22196802
350,0.0,0.0,0.0,0.0,0.0,0.0,l2989596,PQ,1.0,1.0,1.0,7199.557856794634,1000000.0,0.95,1.05,0,0,b,False,False,False,12286115.4963701,1673763.40014429
351,0.0,0.0,0.0038900570622031026,0.0009749453006017111,0.0,0.0,l2822873,PQ,1.0,1.0,1.0,7199.557856794634,1000000.0,0.95,1.05,0,0,b,False,True,False,12286162.9198582,1673476.56136002
352,0.0,0.0,0.005840085666874064,0.0014636709760386644,0.0,0.0,l2785536,PQ,1.0,1.0,1.0,7199.557856794634,1000000.0,0.95,1.05,0,0,b,False,True,False,12286985.6219389,1674126.15828863
353,0.0,0.0,0.0,0.0,0.0,0.0,m1069554,PQ,1.0,1.0,1.0,7199.557856794634,1000000.0,0.95,1.05,0,0,b,False,False,False,12285967.450546,1674301.65140879
354,0.0,0.0,0.019450285300244938,0.004874725487167504,0.0,0.0,l3160115,PQ,1.0,1.0,1.0,7199.557856794634,1000000.0,0.95,1.05,0,0,b,False,True,False,12285859.4185459,1674318.4081448
355,0.0,0.0,0.005840085663729693,0.0014636709714188996,0.0,0.0,l2935567,PQ,1.0,1.0,1.0,7199.557856794634,1000000.0,0.95,1.05,0,0,b,False,True,False,12285639.5288817,1674172.81992067
356,0.0,0.0,0.0,0.0,0.0,0.0,m1069544,PQ,1.0,1.0,1.0,7199.557856794634,1000000.0,0.95,1.05,0,0,b,False,False,False,12285690.1841137,1674392.78331287
357,0.0,0.0,0.005840085657385264,0.0014636709620981965,0.0,0.0,l2804272,PQ,1.0,1.0,1.0,7199.557856794634,1000000.0,0.95,1.05,0,0,b,False,True,False,12285662.4705777,1674436.47124891
358,0.0,0.0,0.00584008565769612,0.001463670962554909,0.0,0.0,l2841641,PQ,1.0,1.0,1.0,7199.557856794634,1000000.0,0.95,1.05,0,0,b,False,True,False,12285532.2218736,1674662.30830512
359,0.0,0.0,0.0,0.0,0.0,0.0,m1069543,PQ,1.0,1.0,1.0,7199.557856794634,1000000.0,0.95,1.05,0,0,b,False,False,False,12285681.3818097,1674387.09806487
360,0.0,0.0,0.0,0.0,0.0,0.0,m1069535,PQ,1.0,1.0,1.0,7199.557856794634,1000000.0,0.95,1.05,0,0,b,False,False,False,12285500.4082415,1674259.08168075
361,0.0,0.0,0.0,0.0,0.0,0.0,l2804271,PQ,1.0,1.0,1.0,7199.557856794634,1000000.0,0.95,1.05,0,0,b,False,False,False,12285404.5700334,1674577.68084905
362,0.0,0.0,0.0,0.0,0.0,0.0,m1069530,PQ,1.0,1.0,1.0,7199.557856794634,1000000.0,0.95,1.05,0,0,b,False,False,False,12285266.8420333,1674088.79867259
363,0.0,0.0,0.0,0.0,0.0,0.0,m1069526,PQ,1.0,1.0,1.0,7199.557856794634,1000000.0,0.95,1.05,0,0,b,False,False,False,12285196.0180973,1674036.95150454
364,0.0,0.0,0.019450285289476472,0.0048747254713483726,0.0,0.0,l2673331,PQ,1.0,1.0,1.0,7199.557856794634,1000000.0,0.95,1.05,0,0,b,False,True,False,12285095.2360172,1674113.10843261
365,0.0,0.0,0.0,0.0,0.0,0.0,p895117,PQ,1.0,1.0,1.0,7199.557856794634,1000000.0,0.95,1.05,0,0,b,False,False,False,12285460.8613615,1675447.39681786
366,0.0,0.0,0.0,0.0,0.0,0.0,m1069532,PQ,1.0,1.0,1.0,7199.557856794634,1000000.0,0.95,1.05,0,0,b,False,False,False,12285448.8109295,1675459.38580987
367,0.0,0.0,0.0019500285753409152,0.0004887256323672891,0.0,0.0,l2691965,PQ,1.0,1.0,1.0,7199.557856794634,1000000.0,0.95,1.05,0,0,b,False,True,False,12285635.8998257,1675528.82120193
368,0.0,0.0,0.009730142584109716,0.0024386160637640706,0.0,0.0,l2785534,PQ,1.0,1.0,1.0,7199.557856794634,1000000.0,0.95,1.05,0,0,b,False,True,False,12285432.0910575,1675592.28872199
369,0.0,0.0,0.0,0.0,0.0,0.0,n1136356,PQ,1.0,1.0,1.0,7199.557856794634,1000000.0,0.95,1.05,0,0,abc,False,False,False,12285840.5359859,1675577.14171398
370,0.0,0.0,0.0,0.0,0.0,0.0,m1069549,PQ,1.0,1.0,1.0,7199.557856794634,1000000.0,0.95,1.05,0,0,abc,False,False,False,12285918.7204339,1675609.65166601
371,0.0,0.0,0.0,0.0,0.0,0.0,m1069556,PQ,1.0,1.0,1.0,7199.557856794634,1000000.0,0.95,1.05,0,0,abc,False,False,False,12286112.8872181,1675612.11745801
372,0.0,0.0,0.0,0.0,0.0,0.0,p901932,PQ,1.0,1.0,1.0,7199.557856794634,1000000.0,0.95,1.05,0,0,c,False,False,False,12286112.9240821,1675590.93704199
373,0.0,0.0,0.0,0.0,0.0,0.0,n1136359,PQ,1.0,1.0,1.0,7199.557856794634,1000000.0,0.95,1.05,0,0,c,False,False,False,12286112.9486581,1675574.60628997
374,0.0,0.0,0.0,0.0,0.010170037554034384,0.002549089758124192,l3008237,PQ,1.0,1.0,1.0,7199.557856794634,1000000.0,0.95,1.05,0,0,c,False,True,False,12286113.1043061,1675480.11976189
375,0.0,0.0,0.0,0.0,0.0,0.0,m1069564,PQ,1.0,1.0,1.0,7199.557856794634,1000000.0,0.95,1.05,0,0,abc,False,False,False,12286409.8308344,1675615.88987401
376,0.0,0.0,0.0,0.0,0.0,0.0,p901933,PQ,1.0,1.0,1.0,7199.557856794634,1000000.0,0.95,1.05,0,0,a,False,False,False,12286404.2602744,1675636.60744203
377,0.0,0.0,0.0,0.0,0.0,0.0,m1069563,PQ,1.0,1.0,1.0,7199.557856794634,1000000.0,0.95,1.05,0,0,a,False,False,False,12286397.2315384,1675662.74811406
378,0.0,0.0,0.0,0.0,0.0,0.0,n1136362,PQ,1.0,1.0,1.0,7199.557856794634,1000000.0,0.95,1.05,0,0,a,False,False,False,12286380.9704184,1675723.22145811
379,0.00886983756720799,0.002222786505930113,0.0,0.0,0.0,0.0,l3197652,PQ,1.0,1.0,1.0,7199.557856794634,1000000.0,0.95,1.05,0,0,a,False,True,False,12286357.6396023,1675809.97883419
380,0.008869837565843098,0.0022227865039403695,0.0,0.0,0.0,0.0,l2748143,PQ,1.0,1.0,1.0,7199.557856794634,1000000.0,0.95,1.05,0,0,a,False,True,False,12286396.3713784,1675902.33953828
381,0.008869837564344006,0.0022227865017549826,0.0,0.0,0.0,0.0,l3251854,PQ,1.0,1.0,1.0,7199.557856794634,1000000.0,0.95,1.05,0,0,a,False,True,False,12286616.3716346,1675902.33953828
382,0.0,0.0,0.0,0.0,0.0,0.0,n1136360,PQ,1.0,1.0,1.0,7199.557856794634,1000000.0,0.95,1.05,0,0,a,False,False,False,12286439.5555064,1675560.01633796
383,0.005319902578148499,0.0013331707606564032,0.0,0.0,0.0,0.0,l2729424,PQ,1.0,1.0,1.0,7199.557856794634,1000000.0,0.95,1.05,0,0,a,False,True,False,12286508.4911865,1675430.45166584
384,0.0035499349918431808,0.0008896157493317676,0.0,0.0,0.0,0.0,l3104144,PQ,1.0,1.0,1.0,7199.557856794634,1000000.0,0.95,1.05,0,0,a,False,True,False,12286288.2205943,1675583.08910598
385,0.0,0.0,0.0,0.0,0.0,0.0,n1136363,PQ,1.0,1.0,1.0,7199.557856794634,1000000.0,0.95,1.05,0,0,abc,False,False,False,12286527.6973305,1675616.36910601
386,0.0,0.0,0.0,0.0,0.0,0.0,r18245,PQ,1.0,1.0,1.0,7199.557856794634,1000000.0,0.95,1.05,0,0,abc,False,False,False,12286711.8493947,1675617.11867401
387,0.0,0.0,0.0,0.0,0.0,0.0,e182746,PQ,1.0,1.0,1.0,7199.557856794634,1000000.0,0.95,1.05,0,0,abc,False,False,False,12286817.0019068,1675618.33928202
388,0.0,0.0,0.0,0.0,0.0,0.0,n1136361,PQ,1.0,1.0,1.0,7199.557856794634,1000000.0,0.95,1.05,0,0,a,False,False,False,12286381.2079864,1675551.59086595
389,0.0053199025789603905,0.0013331707618399733,0.0,0.0,0.0,0.0,l3160114,PQ,1.0,1.0,1.0,7199.557856794634,1000000.0,0.95,1.05,0,0,a,False,True,False,12286314.6397943,1675402.04180981
390,0.0,0.0,0.0,0.0,0.0,0.0,p901931,PQ,1.0,1.0,1.0,7199.557856794634,1000000.0,0.95,1.05,0,0,c,False,False,False,12285903.9625459,1675620.43233802
391,0.0,0.0,0.0,0.0,0.0,0.0,m1069548,PQ,1.0,1.0,1.0,7199.557856794634,1000000.0,0.95,1.05,0,0,c,False,False,False,12285891.1011059,1675629.82856203
392,0.0,0.0,0.0,0.0,0.0,0.0,n1136358,PQ,1.0,1.0,1.0,7199.557856794634,1000000.0,0.95,1.05,0,0,c,False,False,False,12285914.5097459,1675579.59112198
393,0.0,0.0,0.0,0.0,0.006100022525467294,0.0015289525995599213,l2729423,PQ,1.0,1.0,1.0,7199.557856794634,1000000.0,0.95,1.05,0,0,c,False,True,False,12285905.8712819,1675517.83982592
394,0.0,0.0,0.0,0.0,0.0,0.0,n1136357,PQ,1.0,1.0,1.0,7199.557856794634,1000000.0,0.95,1.05,0,0,c,False,False,False,12285841.6623859,1675665.94709006
395,0.0,0.0,0.0,0.0,0.010170037556714764,0.00254908975007885,l2897790,PQ,1.0,1.0,1.0,7199.557856794634,1000000.0,0.95,1.05,0,0,c,False,True,False,12285735.7398258,1675743.33281813
396,0.0,0.0,0.0,0.0,0.010170037558189573,0.0025490897522960562,l2935566,PQ,1.0,1.0,1.0,7199.557856794634,1000000.0,0.95,1.05,0,0,c,False,True,False,12285561.6311536,1675895.26984227
397,0.0,0.0,0.0,0.0,0.0,0.0,n1134478,PQ,1.0,1.0,1.0,7199.557856794634,1000000.0,0.95,1.05,0,0,abc,False,False,False,12284032.8073442,1674482.11707296
398,0.0,0.0,0.0,0.0,0.0,0.0,m1069505,PQ,1.0,1.0,1.0,7199.557856794634,1000000.0,0.95,1.05,0,0,abc,False,False,False,12284059.4804962,1674456.63995293
399,0.0,0.0,0.0,0.0,0.0,0.0,m1069509,PQ,1.0,1.0,1.0,7199.557856794634,1000000.0,0.95,1.05,0,0,abc,False,False,False,12284134.0686563,1674385.91841687
400,0.0,0.0,0.0,0.0,0.010170037858945899,0.0025490916462845904,l2766738,PQ,1.0,1.0,1.0,7199.557856794634,1000000.0,0.95,1.05,0,0,abc,False,True,False,12284222.0097763,1674181.85160068
401,0.0,0.0,0.0,0.0,0.0,0.0,m1069513,PQ,1.0,1.0,1.0,7199.557856794634,1000000.0,0.95,1.05,0,0,abc,False,False,False,12284308.4886244,1674021.75944053
402,0.0,0.0,0.0,0.0,0.0,0.0,m1069516,PQ,1.0,1.0,1.0,7199.557856794634,1000000.0,0.95,1.05,0,0,abc,False,False,False,12284448.8708326,1673769.24923229
403,0.0,0.0,0.0,0.0,0.0,0.0,n1136365,PQ,1.0,1.0,1.0,7199.557856794634,1000000.0,0.95,1.05,0,0,abc,False,False,False,12284529.9675366,1673621.34676816
404,0.0,0.0,0.0,0.0,0.0,0.0,m1069517,PQ,1.0,1.0,1.0,7199.557856794634,1000000.0,0.95,1.05,0,0,abc,False,False,False,12284577.0100967,1673535.56014408
405,0.0,0.0,0.0,0.0,0.0,0.0,m1069518,PQ,1.0,1.0,1.0,7199.557856794634,1000000.0,0.95,1.05,0,0,abc,False,False,False,12284638.1510887,1673587.96027212
406,0.0,0.0,0.0,0.0,0.0,0.0,n1136366,PQ,1.0,1.0,1.0,7199.557856794634,1000000.0,0.95,1.05,0,0,abc,False,False,False,12284679.1602408,1673623.09985616
407,0.0035499332492397403,0.000889613696331246,0.0038900586272931697,0.0009749450996710923,0.004070015169348465,0.0010201393074197806,l2916620,PQ,1.0,1.0,1.0,7199.557856794634,1000000.0,0.95,1.05,0,0,abc,False,True,False,12284690.9812968,1673633.22926417
408,0.0,0.0,0.0,0.0,0.0,0.0,n1136367,PQ,1.0,1.0,1.0,7199.557856794634,1000000.0,0.95,1.05,0,0,abc,False,False,False,12284513.9194086,1673465.68648001
409,0.0,0.0,0.0,0.0,0.0,0.0,m1069515,PQ,1.0,1.0,1.0,7199.557856794634,1000000.0,0.95,1.05,0,0,abc,False,False,False,12284429.2714725,1673371.94132792
410,0.0,0.0,0.0,0.0,0.0,0.0,m1069514,PQ,1.0,1.0,1.0,7199.557856794634,1000000.0,0.95,1.05,0,0,abc,False,False,False,12284368.1304805,1673234.7499038
411,0.0,0.0,0.0,0.0,0.0,0.0,p827548,PQ,1.0,1.0,1.0,7199.557856794634,1000000.0,0.95,1.05,0,0,a,False,False,False,12284388.7784165,1673222.96161578
412,0.0,0.0,0.0,0.0,0.0,0.0,n1136368,PQ,1.0,1.0,1.0,7199.557856794634,1000000.0,0.95,1.05,0,0,a,False,False,False,12284410.6510565,1673210.46471977
413,0.005319899114362638,0.0013331666318985808,0.0,0.0,0.0,0.0,l2897792,PQ,1.0,1.0,1.0,7199.557856794634,1000000.0,0.95,1.05,0,0,a,False,True,False,12284430.7706085,1673198.97134376
414,0.008869831782883666,0.0022227796087262775,0.0,0.0,0.0,0.0,l2785538,PQ,1.0,1.0,1.0,7199.557856794634,1000000.0,0.95,1.05,0,0,a,False,True,False,12284691.9315688,1673033.03009561
415,0.003549932672728525,0.000889612982951919,0.0,0.0,0.0,0.0,l2897793,PQ,1.0,1.0,1.0,7199.557856794634,1000000.0,0.95,1.05,0,0,a,False,True,False,12284878.328241,1672926.52180751
416,0.0,0.0,0.0,0.0,0.0,0.0,m1069521,PQ,1.0,1.0,1.0,7199.557856794634,1000000.0,0.95,1.05,0,0,a,False,False,False,12284952.441265,1672887.10190347
417,0.0,0.0,0.0,0.0,0.0,0.0,m1069524,PQ,1.0,1.0,1.0,7199.557856794634,1000000.0,0.95,1.05,0,0,a,False,False,False,12285163.0452972,1672643.49230324
418,0.0017699664292412725,0.00044355363090821186,0.0,0.0,0.0,0.0,l3254230,PQ,1.0,1.0,1.0,7199.557856794634,1000000.0,0.95,1.05,0,0,a,False,True,False,12285165.5807212,1672640.55956724
419,0.0,0.0,0.0,0.0,0.0,0.0,m1047711,PQ,1.0,1.0,1.0,7199.557856794634,1000000.0,0.95,1.05,0,0,a,False,False,False,12285336.2856174,1672381.135311
420,0.0,0.0,0.0,0.0,0.0,0.0,m1047718,PQ,1.0,1.0,1.0,7199.557856794634,1000000.0,0.95,1.05,0,0,a,False,False,False,12285596.5249776,1672263.89550289
421,0.0,0.0,0.0,0.0,0.0,0.0,m1047721,PQ,1.0,1.0,1.0,7199.557856794634,1000000.0,0.95,1.05,0,0,a,False,False,False,12285775.0491378,1672256.78894288
422,0.0,0.0,0.0,0.0,0.0,0.0,m1047723,PQ,1.0,1.0,1.0,7199.557856794634,1000000.0,0.95,1.05,0,0,a,False,False,False,12286075.2572661,1672168.8601108
423,0.0,0.0,0.0,0.0,0.0,0.0,m1047729,PQ,1.0,1.0,1.0,7199.557856794634,1000000.0,0.95,1.05,0,0,a,False,False,False,12286342.6031863,1672025.86055867
424,0.005319899083509038,0.0013331665869892918,0.0,0.0,0.0,0.0,l2973150,PQ,1.0,1.0,1.0,7199.557856794634,1000000.0,0.95,1.05,0,0,a,False,True,False,12286491.8204665,1671837.56334249
425,0.0,0.0,0.0,0.0,0.0,0.0,m1047733,PQ,1.0,1.0,1.0,7199.557856794634,1000000.0,0.95,1.05,0,0,a,False,False,False,12286710.3133947,1671616.40391829
426,0.013299747698378314,0.003332915452400316,0.0,0.0,0.0,0.0,l3066804,PQ,1.0,1.0,1.0,7199.557856794634,1000000.0,0.95,1.05,0,0,a,False,True,False,12287047.823795,1671571.99508625
427,0.008869831765511958,0.0022227795834406467,0.0,0.0,0.0,0.0,l2820533,PQ,1.0,1.0,1.0,7199.557856794634,1000000.0,0.95,1.05,0,0,a,False,True,False,12285304.3777774,1672785.00091138
428,0.003549932671662646,0.000889612981400456,0.0,0.0,0.0,0.0,l3254231,PQ,1.0,1.0,1.0,7199.557856794634,1000000.0,0.95,1.05,0,0,a,False,True,False,12284974.571953,1672724.87163132
429,0.0,0.0,0.0,0.0,0.0,0.0,n1136657,PQ,1.0,1.0,1.0,7199.557856794634,1000000.0,0.95,1.05,0,0,abc,False,False,False,12284340.2531045,1673205.82395177
430,0.0,0.0,0.0,0.0,0.0,0.0,d6290228-6_int,PQ,1.0,1.0,1.0,7199.557856794634,1000000.0,0.95,1.05,0,0,abc,False,False,False,12284209.7264483,1673069.33294364
431,0.0,0.0,0.0,0.0,0.0,0.0,q16642,PQ,1.0,1.0,1.0,7199.557856794634,1000000.0,0.95,1.05,0,0,abc,False,False,False,12284210.7264483,1673069.33294364
432,0.0,0.0,0.0,0.0,0.0,0.0,q16642_cap,PQ,1.0,1.0,1.0,7199.557856794634,1000000.0,0.95,1.05,0,0,abc,False,False,False,12284211.7264483,1673069.33294364
433,0.0,0.0,0.0,0.0,0.0,0.0,r42246,PQ,1.0,1.0,1.0,7199.557856794634,1000000.0,0.95,1.05,0,0,abc,False,False,False,12284208.7264483,1673069.33294364
434,0.0,0.0,0.005840089769640732,0.001463670818286168,0.0,0.0,l2691967,PQ,1.0,1.0,1.0,7199.557856794634,1000000.0,0.95,1.05,0,0,abc,False,True,False,12284112.0895202,1672969.05057555
435,0.0,0.0,0.0,0.0,0.0,0.0,m1069504,PQ,1.0,1.0,1.0,7199.557856794634,1000000.0,0.95,1.05,0,0,abc,False,False,False,12284010.9265122,1672858.27015944
436,0.0,0.0,0.0,0.0,0.0,0.0,m1069500,PQ,1.0,1.0,1.0,7199.557856794634,1000000.0,0.95,1.05,0,0,abc,False,False,False,12283769.5410399,1672604.92027121
437,0.0,0.0,0.0,0.0,0.0,0.0,p827549,PQ,1.0,1.0,1.0,7199.557856794634,1000000.0,0.95,1.05,0,0,a,False,False,False,12283777.2292319,1672592.0383512
438,0.0,0.0,0.0,0.0,0.0,0.0,n1140518,PQ,1.0,1.0,1.0,7199.557856794634,1000000.0,0.95,1.05,0,0,a,False,False,False,12283814.355376,1672529.88974314
439,0.008869828357922636,0.0022227754824224936,0.0,0.0,0.0,0.0,l2764403,PQ,1.0,1.0,1.0,7199.557856794634,1000000.0,0.95,1.05,0,0,a,False,True,False,12283881.988528,1672416.66401503
440,0.0,0.0,0.0,0.0,0.0,0.0,m1047623,PQ,1.0,1.0,1.0,7199.557856794634,1000000.0,0.95,1.05,0,0,a,False,False,False,12283981.0216161,1672250.87841488
441,0.0,0.0,0.0,0.0,0.0,0.0,l3008279,PQ,1.0,1.0,1.0,7199.557856794634,1000000.0,0.95,1.05,0,0,a,False,False,False,12284174.9057763,1672261.20852689
442,0.005319897050398197,0.0013331641428442017,0.0,0.0,0.0,0.0,l2785537,PQ,1.0,1.0,1.0,7199.557856794634,1000000.0,0.95,1.05,0,0,a,False,True,False,12284478.8699366,1672254.22075088
443,0.013299742625838233,0.0033329093569397553,0.0,0.0,0.0,0.0,l2748157,PQ,1.0,1.0,1.0,7199.557856794634,1000000.0,0.95,1.05,0,0,a,False,True,False,12283984.0895201,1672043.35047869
444,0.0,0.0,0.0,0.0,0.0,0.0,m1047574,PQ,1.0,1.0,1.0,7199.557856794634,1000000.0,0.95,1.05,0,0,abc,False,False,False,12283282.8297435,1672117.41844675
445,0.0,0.0,0.009730154246715417,0.002438616339639282,0.0,0.0,l2841632,PQ,1.0,1.0,1.0,7199.557856794634,1000000.0,0.95,1.05,0,0,abc,False,True,False,12283254.8499674,1672089.61070273
446,0.0,0.0,0.0,0.0,0.0,0.0,regxfmr_190-8593,PQ,1.0,1.0,1.0,7199.557856794634,1000000.0,0.95,1.05,0,0,abc,False,False,False,12283196.7856474,1672032.10695868
447,0.0,0.0,0.0,0.0,0.0,0.0,190-8593,PQ,1.0,1.0,1.0,7199.557856794634,1000000.0,0.95,1.05,0,0,abc,False,False,False,12283195.7856474,1672032.10695868
448,0.0,0.0,0.0,0.0,0.0,0.0,d5860423-3_int,PQ,1.0,1.0,1.0,7199.557856794634,1000000.0,0.95,1.05,0,0,abc,False,False,False,12283142.7102553,1671979.51841463
449,0.0,0.0,0.0,0.0,0.0,0.0,q14733,PQ,1.0,1.0,1.0,7199.557856794634,1000000.0,0.95,1.05,0,0,abc,False,False,False,12283143.7102553,1671979.51841463
450,0.0,0.0,0.0,0.0,0.0,0.0,m1047568,PQ,1.0,1.0,1.0,7199.557856794634,1000000.0,0.95,1.05,0,0,abc,False,False,False,12283141.7102553,1671979.51841463
451,0.0,0.0,0.0,0.0,0.0,0.0,m1047558,PQ,1.0,1.0,1.0,7199.557856794634,1000000.0,0.95,1.05,0,0,abc,False,False,False,12282953.5604952,1671749.56897441
452,0.0,0.0,0.0,0.0,0.0,0.0,n1136659,PQ,1.0,1.0,1.0,7199.557856794634,1000000.0,0.95,1.05,0,0,a,False,False,False,12282999.2882392,1671721.97422239
453,0.01329973578106935,0.0033329006478165094,0.0,0.0,0.0,0.0,l3104129,PQ,1.0,1.0,1.0,7199.557856794634,1000000.0,0.95,1.05,0,0,a,False,True,False,12283260.1993435,1671564.51988624
454,0.0,0.0,0.0,0.0,0.0,0.0,n1137996,PQ,1.0,1.0,1.0,7199.557856794634,1000000.0,0.95,1.05,0,0,c,False,False,False,12282942.8289752,1671766.37486243
455,0.0,0.0,0.0,0.0,0.015260057474354008,0.0038249143169166253,l3178979,PQ,1.0,1.0,1.0,7199.557856794634,1000000.0,0.95,1.05,0,0,c,False,True,False,12282929.9593431,1671786.51899045
456,0.0,0.0,0.0,0.0,0.0,0.0,m1047550,PQ,1.0,1.0,1.0,7199.557856794634,1000000.0,0.95,1.05,0,0,abc,False,False,False,12282867.5608791,1671591.56987026
457,0.0,0.0,0.0,0.0,0.0,0.0,m1047534,PQ,1.0,1.0,1.0,7199.557856794634,1000000.0,0.95,1.05,0,0,abc,False,False,False,12282700.4113109,1671310.240206
458,0.0,0.0,0.0,0.0,0.0,0.0,n1136661,PQ,1.0,1.0,1.0,7199.557856794634,1000000.0,0.95,1.05,0,0,c,False,False,False,12282681.0208469,1671327.46798202
459,0.0,0.0,0.0,0.0,0.010170038345054347,0.0025491091272492224,l3029505,PQ,1.0,1.0,1.0,7199.557856794634,1000000.0,0.95,1.05,0,0,c,False,True,False,12282614.3297748,1671386.72891007
460,0.0,0.0,0.0,0.0,0.01017003834729056,0.00254910913058848,l2673318,PQ,1.0,1.0,1.0,7199.557856794634,1000000.0,0.95,1.05,0,0,c,False,True,False,12282532.3606228,1671664.49915033
461,0.0,0.0,0.0,0.0,0.0,0.0,n1136663,PQ,1.0,1.0,1.0,7199.557856794634,1000000.0,0.95,1.05,0,0,abc,False,False,False,12282522.5425108,1670978.48468569
462,0.0,0.0,0.0,0.0,0.0,0.0,m1047522,PQ,1.0,1.0,1.0,7199.557856794634,1000000.0,0.95,1.05,0,0,abc,False,False,False,12282449.1995347,1670841.69057357
463,0.0,0.0,0.0,0.0,0.0,0.0,n1136664,PQ,1.0,1.0,1.0,7199.557856794634,1000000.0,0.95,1.05,0,0,a,False,False,False,12282478.5350867,1670838.22535756
464,0.013299730084421608,0.0033328936012459827,0.0,0.0,0.0,0.0,l3085401,PQ,1.0,1.0,1.0,7199.557856794634,1000000.0,0.95,1.05,0,0,a,False,True,False,12282505.0362067,1670835.09191756
465,0.0,0.0,0.0,0.0,0.0,0.0,m1047521,PQ,1.0,1.0,1.0,7199.557856794634,1000000.0,0.95,1.05,0,0,abc,False,False,False,12282443.8501587,1670503.56167725
466,0.0,0.0,0.0,0.0,0.0,0.0,m1047526,PQ,1.0,1.0,1.0,7199.557856794634,1000000.0,0.95,1.05,0,0,abc,False,False,False,12282512.2615508,1670383.99124514
467,0.0,0.0,0.0,0.0,0.0,0.0,n1136666,PQ,1.0,1.0,1.0,7199.557856794634,1000000.0,0.95,1.05,0,0,abc,False,False,False,12282530.4723668,1670352.16532511
468,0.0,0.0,0.0,0.0,0.0,0.0,m1047528,PQ,1.0,1.0,1.0,7199.557856794634,1000000.0,0.95,1.05,0,0,abc,False,False,False,12282578.9853908,1670267.38222103
469,0.003549927250171449,0.0008896062325816007,0.0,0.0,0.0,0.0,l2858166,PQ,1.0,1.0,1.0,7199.557856794634,1000000.0,0.95,1.05,0,0,abc,False,True,False,12282586.8619988,1670253.61966102
470,0.0,0.0,0.0,0.0,0.0,0.0,n1136667,PQ,1.0,1.0,1.0,7199.557856794634,1000000.0,0.95,1.05,0,0,abc,False,False,False,12282719.7853909,1669994.15444478
471,0.0,0.0,0.0,0.0,0.0,0.0,196-29519,PQ,1.0,1.0,1.0,7199.557856794634,1000000.0,0.95,1.05,0,0,abc,False,False,False,12282769.850799,1669890.45191668
472,0.0,0.0,0.0,0.0,0.010170038256642394,0.0025491148853402394,l3066815,PQ,1.0,1.0,1.0,7199.557856794634,1000000.0,0.95,1.05,0,0,abc,False,True,False,12282802.008495,1669782.91143658
473,0.0,0.0,0.0,0.0,0.0,0.0,m1047548,PQ,1.0,1.0,1.0,7199.557856794634,1000000.0,0.95,1.05,0,0,abc,False,False,False,12282858.9183191,1669648.84116446
474,0.0,0.0,0.0,0.0,0.0,0.0,m1047552,PQ,1.0,1.0,1.0,7199.557856794634,1000000.0,0.95,1.05,0,0,abc,False,False,False,12282875.0483671,1669587.4093564
475,0.0,0.0,0.0,0.0,0.0,0.0,n1136669,PQ,1.0,1.0,1.0,7199.557856794634,1000000.0,0.95,1.05,0,0,abc,False,False,False,12282927.0962391,1669509.10202833
476,0.0,0.0,0.0,0.0,0.015260057343292303,0.0038249278768703126,l3103822,PQ,1.0,1.0,1.0,7199.557856794634,1000000.0,0.95,1.05,0,0,abc,False,True,False,12283037.0984152,1669343.59905217
477,0.0,0.0,0.0,0.0,0.0,0.0,m1047577,PQ,1.0,1.0,1.0,7199.557856794634,1000000.0,0.95,1.05,0,0,abc,False,False,False,12283312.3619035,1669075.98279592
478,0.0,0.0,0.0,0.0,0.0,0.0,m1047592,PQ,1.0,1.0,1.0,7199.557856794634,1000000.0,0.95,1.05,0,0,abc,False,False,False,12283524.2602717,1668812.72058768
479,0.0,0.0,0.0,0.0,0.0,0.0,p827512,PQ,1.0,1.0,1.0,7199.557856794634,1000000.0,0.95,1.05,0,0,c,False,False,False,12283534.9303517,1668818.20103568
480,0.0,0.0,0.0,0.0,0.0,0.0,n1136994,PQ,1.0,1.0,1.0,7199.557856794634,1000000.0,0.95,1.05,0,0,c,False,False,False,12283581.8500318,1668842.3018997
481,0.0,0.0,0.0,0.0,0.015260057286283518,0.0038249297399384203,l2785521,PQ,1.0,1.0,1.0,7199.557856794634,1000000.0,0.95,1.05,0,0,c,False,True,False,12283695.7393119,1668900.80097176
482,0.0,0.0,0.0,0.0,0.0,0.0,m3763619,PQ,1.0,1.0,1.0,7199.557856794634,1000000.0,0.95,1.05,0,0,abc,False,False,False,12283575.4684637,1668691.56500356
483,0.0,0.0,0.0,0.0,0.0,0.0,m1026830,PQ,1.0,1.0,1.0,7199.557856794634,1000000.0,0.95,1.05,0,0,abc,False,False,False,12283624.8621278,1668562.63930744
484,0.0,0.0,0.005840099246573571,0.0014636717480676848,0.0,0.0,l2879070,PQ,1.0,1.0,1.0,7199.557856794634,1000000.0,0.95,1.05,0,0,abc,False,True,False,12283697.1892959,1668406.4055793
485,0.0,0.0,0.014590248557331976,0.0036566733975943034,0.0,0.0,l3216345,PQ,1.0,1.0,1.0,7199.557856794634,1000000.0,0.95,1.05,0,0,abc,False,True,False,12283811.72984,1668136.74132305
486,0.0,0.0,0.0,0.0,0.0,0.0,m3768670,PQ,1.0,1.0,1.0,7199.557856794634,1000000.0,0.95,1.05,0,0,abc,False,False,False,12283876.716976,1667896.67885882
487,0.0,0.0,0.0,0.0,0.0,0.0,p1123251,PQ,1.0,1.0,1.0,7199.557856794634,1000000.0,0.95,1.05,0,0,a,False,False,False,12283890.442672,1667901.83981883
488,0.0,0.0,0.0,0.0,0.0,0.0,n1140528,PQ,1.0,1.0,1.0,7199.557856794634,1000000.0,0.95,1.05,0,0,a,False,False,False,12283910.3410401,1667907.66433083
489,0.01329972108834745,0.0033328817756984428,0.0,0.0,0.0,0.0,l3649297,PQ,1.0,1.0,1.0,7199.557856794634,1000000.0,0.95,1.05,0,0,a,False,True,False,12284065.4442722,1667953.07668288
490,0.013299721062037115,0.0033328817375926642,0.0,0.0,0.0,0.0,l3649298,PQ,1.0,1.0,1.0,7199.557856794634,1000000.0,0.95,1.05,0,0,a,False,True,False,12284267.4835684,1668005.92737093
491,0.008869813956164638,0.002222757032897911,0.0,0.0,0.0,0.0,l3649299,PQ,1.0,1.0,1.0,7199.557856794634,1000000.0,0.95,1.05,0,0,a,False,True,False,12284479.5580646,1668007.93441093
492,0.0,0.0,0.0,0.0,0.0,0.0,m3772794,PQ,1.0,1.0,1.0,7199.557856794634,1000000.0,0.95,1.05,0,0,a,False,False,False,12284492.2843366,1668007.97537093
493,0.013299721033553183,0.0033328816963378027,0.0,0.0,0.0,0.0,l3649306,PQ,1.0,1.0,1.0,7199.557856794634,1000000.0,0.95,1.05,0,0,a,False,True,False,12284493.7752806,1667765.6560107
494,0.013299721022182642,0.003332881679869363,0.0,0.0,0.0,0.0,l3649300,PQ,1.0,1.0,1.0,7199.557856794634,1000000.0,0.95,1.05,0,0,a,False,True,False,12284692.3002088,1668008.60615493
495,0.013299721010016457,0.0033328816622481892,0.0,0.0,0.0,0.0,l3649301,PQ,1.0,1.0,1.0,7199.557856794634,1000000.0,0.95,1.05,0,0,a,False,True,False,12284893.004209,1668008.60615493
496,0.0132997210011637,0.0033328816494260045,0.0,0.0,0.0,0.0,l3649302,PQ,1.0,1.0,1.0,7199.557856794634,1000000.0,0.95,1.05,0,0,a,False,True,False,12285099.8931692,1668009.60967493
497,0.013299720996024104,0.0033328816419818724,0.0,0.0,0.0,0.0,l3649304,PQ,1.0,1.0,1.0,7199.557856794634,1000000.0,0.95,1.05,0,0,a,False,True,False,12285305.7786094,1668012.62023493
498,0.005319888397791451,0.0013331530558725103,0.0,0.0,0.0,0.0,l3649305,PQ,1.0,1.0,1.0,7199.557856794634,1000000.0,0.95,1.05,0,0,a,False,True,False,12285525.8812656,1668011.94849093
499,0.0,0.0,0.0,0.0,0.010170037958292804,0.0025491188838406443,l3235254,PQ,1.0,1.0,1.0,7199.557856794634,1000000.0,0.95,1.05,0,0,abc,False,True,False,12283986.2481121,1667678.82900262
500,0.0,0.0,0.0,0.0,0.0,0.0,m1026855,PQ,1.0,1.0,1.0,7199.557856794634,1000000.0,0.95,1.05,0,0,abc,False,False,False,12284247.7695204,1667474.09863443
501,0.0,0.0,0.0,0.0,0.0,0.0,m1026861,PQ,1.0,1.0,1.0,7199.557856794634,1000000.0,0.95,1.05,0,0,abc,False,False,False,12284337.3900005,1667392.10900235
502,0.0,0.0,0.0,0.0,0.0,0.0,m1026858,PQ,1.0,1.0,1.0,7199.557856794634,1000000.0,0.95,1.05,0,0,abc,False,False,False,12284281.9219684,1666903.8780899
503,0.0,0.0,0.0,0.0,0.0,0.0,m1026854,PQ,1.0,1.0,1.0,7199.557856794634,1000000.0,0.95,1.05,0,0,abc,False,False,False,12284240.8513764,1666749.15168976
504,0.0,0.0,0.0,0.0,0.0,0.0,p901894,PQ,1.0,1.0,1.0,7199.557856794634,1000000.0,0.95,1.05,0,0,a,False,False,False,12284256.6045924,1666760.53856977
505,0.0,0.0,0.0,0.0,0.0,0.0,m1026857,PQ,1.0,1.0,1.0,7199.557856794634,1000000.0,0.95,1.05,0,0,a,False,False,False,12284276.5234404,1666774.93600978
506,0.0,0.0,0.0,0.0,0.0,0.0,m1026859,PQ,1.0,1.0,1.0,7199.557856794634,1000000.0,0.95,1.05,0,0,a,False,False,False,12284299.2316644,1666791.34868179
507,0.0,0.0,0.0,0.0,0.0,0.0,n1138593,PQ,1.0,1.0,1.0,7199.557856794634,1000000.0,0.95,1.05,0,0,a,False,False,False,12284353.7903845,1666803.85786581
508,0.005319887404851471,0.0013331516839544882,0.0,0.0,0.0,0.0,l2804262,PQ,1.0,1.0,1.0,7199.557856794634,1000000.0,0.95,1.05,0,0,a,False,True,False,12284485.0917606,1666833.95936983
509,0.00886981224434683,0.0022227546640053684,0.0,0.0,0.0,0.0,l2841639,PQ,1.0,1.0,1.0,7199.557856794634,1000000.0,0.95,1.05,0,0,a,False,True,False,12284723.2700648,1666891.38938589
510,0.0,0.0,0.0,0.0,0.0,0.0,m1026877,PQ,1.0,1.0,1.0,7199.557856794634,1000000.0,0.95,1.05,0,0,a,False,False,False,12284865.4422249,1666922.00698592
511,0.005319887379041487,0.0013331516466046683,0.0,0.0,0.0,0.0,l2729413,PQ,1.0,1.0,1.0,7199.557856794634,1000000.0,0.95,1.05,0,0,a,False,True,False,12285087.2774892,1666586.5363936
512,0.0,0.0,0.0,0.0,0.0,0.0,m1026906,PQ,1.0,1.0,1.0,7199.557856794634,1000000.0,0.95,1.05,0,0,a,False,False,False,12285595.4886896,1667088.18989807
513,0.003549924820448097,0.0008896029524848681,0.0,0.0,0.0,0.0,l2916598,PQ,1.0,1.0,1.0,7199.557856794634,1000000.0,0.95,1.05,0,0,a,False,True,False,12285684.3514097,1667485.39130644
514,0.003549924820558611,0.0008896029526448338,0.0,0.0,0.0,0.0,l3048212,PQ,1.0,1.0,1.0,7199.557856794634,1000000.0,0.95,1.05,0,0,a,False,True,False,12285351.4817774,1667296.70087427
515,0.008869812133016164,0.0022227545028897385,0.0,0.0,0.0,0.0,l3120376,PQ,1.0,1.0,1.0,7199.557856794634,1000000.0,0.95,1.05,0,0,a,False,True,False,12285936.3004659,1667170.01978615
516,0.0,0.0,0.0,0.0,0.0,0.0,m1026925,PQ,1.0,1.0,1.0,7199.557856794634,1000000.0,0.95,1.05,0,0,a,False,False,False,12286219.5183862,1667245.43124222
517,0.008869812113800953,0.002222754475080202,0.0,0.0,0.0,0.0,l2916599,PQ,1.0,1.0,1.0,7199.557856794634,1000000.0,0.95,1.05,0,0,a,False,True,False,12286221.1813622,1667296.50836227
518,0.003549924795186291,0.0008896029159245917,0.0,0.0,0.0,0.0,l3235249,PQ,1.0,1.0,1.0,7199.557856794634,1000000.0,0.95,1.05,0,0,a,False,True,False,12286248.5180662,1666884.67194588
519,0.008869812077624144,0.0022227544227214433,0.0,0.0,0.0,0.0,l2954348,PQ,1.0,1.0,1.0,7199.557856794634,1000000.0,0.95,1.05,0,0,a,False,True,False,12286302.2289143,1666582.1004256
520,0.00531988728205716,0.0013331515062457327,0.0,0.0,0.0,0.0,l2841615,PQ,1.0,1.0,1.0,7199.557856794634,1000000.0,0.95,1.05,0,0,a,False,True,False,12286366.1879543,1666334.41120937
521,0.0,0.0,0.0,0.0,0.0,0.0,m1026931,PQ,1.0,1.0,1.0,7199.557856794634,1000000.0,0.95,1.05,0,0,a,False,False,False,12286482.9485305,1666365.8111454
522,0.008869812055131501,0.0022227543901666776,0.0,0.0,0.0,0.0,l3216336,PQ,1.0,1.0,1.0,7199.557856794634,1000000.0,0.95,1.05,0,0,a,False,True,False,12286634.6602746,1666420.80813745
523,0.005319887271865263,0.001333151491494344,0.0,0.0,0.0,0.0,l2691936,PQ,1.0,1.0,1.0,7199.557856794634,1000000.0,0.95,1.05,0,0,a,False,True,False,12286840.2180348,1666498.21844152
524,0.0,0.0,0.0,0.0,0.0,0.0,m1026941,PQ,1.0,1.0,1.0,7199.557856794634,1000000.0,0.95,1.05,0,0,a,False,False,False,12287080.038835,1666508.92128953
525,0.005319887267527692,0.0013331514852162247,0.0,0.0,0.0,0.0,l3197618,PQ,1.0,1.0,1.0,7199.557856794634,1000000.0,0.95,1.05,0,0,a,False,True,False,12287015.1213309,1666131.88858518
526,0.0,0.0,0.0,0.0,0.0,0.0,m1026942,PQ,1.0,1.0,1.0,7199.557856794634,1000000.0,0.95,1.05,0,0,a,False,False,False,12287087.600051,1666579.0816736
527,0.008869812041703238,0.002222754370730916,0.0,0.0,0.0,0.0,l3270814,PQ,1.0,1.0,1.0,7199.557856794634,1000000.0,0.95,1.05,0,0,a,False,True,False,12287158.2478591,1666508.30688953
528,0.005319887267804474,0.0013331514856168333,0.0,0.0,0.0,0.0,l3141389,PQ,1.0,1.0,1.0,7199.557856794634,1000000.0,0.95,1.05,0,0,a,False,True,False,12287101.530547,1666579.6592096
529,0.005319887267086108,0.0013331514845770806,0.0,0.0,0.0,0.0,l2860477,PQ,1.0,1.0,1.0,7199.557856794634,1000000.0,0.95,1.05,0,0,a,False,True,False,12287350.2355713,1666589.98522561
530,0.005319887278340114,0.001333151500865815,0.0,0.0,0.0,0.0,l3216337,PQ,1.0,1.0,1.0,7199.557856794634,1000000.0,0.95,1.05,0,0,a,False,True,False,12286529.7494265,1666187.02074523
531,0.0053198873312497496,0.0013331515774402149,0.0,0.0,0.0,0.0,l2691973,PQ,1.0,1.0,1.0,7199.557856794634,1000000.0,0.95,1.05,0,0,a,False,True,False,12285338.5302254,1667634.58810658
532,0.0,0.0,0.0,0.0,0.0,0.0,m1026890,PQ,1.0,1.0,1.0,7199.557856794634,1000000.0,0.95,1.05,0,0,a,False,False,False,12285227.2992493,1667624.31943457
533,0.013299718323048076,0.0033328779363154598,0.0,0.0,0.0,0.0,l2954357,PQ,1.0,1.0,1.0,7199.557856794634,1000000.0,0.95,1.05,0,0,a,False,True,False,12285059.4615531,1667608.82017056
534,0.008869812293401705,0.0022227547349897613,0.0,0.0,0.0,0.0,l2973165,PQ,1.0,1.0,1.0,7199.557856794634,1000000.0,0.95,1.05,0,0,a,False,True,False,12284031.2017122,1666694.1506017
535,0.0,0.0,0.0,0.0,0.0,0.0,m1026852,PQ,1.0,1.0,1.0,7199.557856794634,1000000.0,0.95,1.05,0,0,abc,False,False,False,12284211.4380003,1666319.62055336
536,0.0,0.0,0.009730168698228127,0.0024386180748255672,0.0,0.0,l3197646,PQ,1.0,1.0,1.0,7199.557856794634,1000000.0,0.95,1.05,0,0,abc,False,True,False,12284206.5719523,1665980.95917704
537,0.0,0.0,0.0,0.0,0.0,0.0,m1026851,PQ,1.0,1.0,1.0,7199.557856794634,1000000.0,0.95,1.05,0,0,abc,False,False,False,12284210.0494563,1665657.15808874
538,0.0,0.0,0.0,0.0,0.0,0.0,l3235257,PQ,1.0,1.0,1.0,7199.557856794634,1000000.0,0.95,1.05,0,0,abc,False,False,False,12284208.5216483,1665558.60832865
539,0.0,0.0,0.00973016948413488,0.002438618243290231,0.0,0.0,l2822871,PQ,1.0,1.0,1.0,7199.557856794634,1000000.0,0.95,1.05,0,0,abc,False,True,False,12284492.3416806,1665333.16039244
540,0.0,0.0,0.0,0.0,0.0,0.0,m1026872,PQ,1.0,1.0,1.0,7199.557856794634,1000000.0,0.95,1.05,0,0,abc,False,False,False,12284644.3483367,1665207.33946432
541,0.0,0.0,0.0,0.0,0.0,0.0,d5502543-2_int,PQ,1.0,1.0,1.0,7199.557856794634,1000000.0,0.95,1.05,0,0,abc,False,False,False,12285131.1216492,1664788.85114393
542,0.0,0.0,0.0,0.0,0.0,0.0,q14413,PQ,1.0,1.0,1.0,7199.557856794634,1000000.0,0.95,1.05,0,0,abc,False,False,False,12285132.1216492,1664788.85114393
543,0.0,0.0,0.0,0.0,0.0,0.0,m1026886,PQ,1.0,1.0,1.0,7199.557856794634,1000000.0,0.95,1.05,0,0,abc,False,False,False,12285130.1216492,1664788.85114393
544,0.0,0.0,0.0,0.0,0.0,0.0,p895409,PQ,1.0,1.0,1.0,7199.557856794634,1000000.0,0.95,1.05,0,0,c,False,False,False,12285160.2313452,1664798.90682394
545,0.0,0.0,0.0,0.0,0.0,0.0,n1137998,PQ,1.0,1.0,1.0,7199.557856794634,1000000.0,0.95,1.05,0,0,c,False,False,False,12285197.8080493,1664811.45696795
546,0.0,0.0,0.0,0.0,0.0,0.0,m1026895,PQ,1.0,1.0,1.0,7199.557856794634,1000000.0,0.95,1.05,0,0,c,False,False,False,12285271.9661293,1664836.22138397
547,0.0,0.0,0.0,0.0,0.010170037558812973,0.0025491230167225573,l2820528,PQ,1.0,1.0,1.0,7199.557856794634,1000000.0,0.95,1.05,0,0,c,False,True,False,12285271.1756013,1665036.21268016
548,0.0,0.0,0.0,0.0,0.010170037559524791,0.0025491230177823107,l2745799,PQ,1.0,1.0,1.0,7199.557856794634,1000000.0,0.95,1.05,0,0,c,False,True,False,12285371.1712494,1665036.76564016
549,0.0,0.0,0.0,0.0,0.006100022524588845,0.0015289725537873955,l3120484,PQ,1.0,1.0,1.0,7199.557856794634,1000000.0,0.95,1.05,0,0,abc,False,True,False,12285132.6980332,1664783.47309592
550,0.0,0.0,0.0,0.0,0.0,0.0,m1026896,PQ,1.0,1.0,1.0,7199.557856794634,1000000.0,0.95,1.05,0,0,abc,False,False,False,12285279.3962733,1664477.26023164
551,0.0,0.0,0.0,0.0,0.0,0.0,p827525,PQ,1.0,1.0,1.0,7199.557856794634,1000000.0,0.95,1.05,0,0,abc,False,False,False,12285302.0348654,1664435.6981196
552,0.0,0.0,0.0,0.0,0.0,0.0,m1026902,PQ,1.0,1.0,1.0,7199.557856794634,1000000.0,0.95,1.05,0,0,abc,False,False,False,12285455.3727215,1664149.01907933
553,0.0,0.0,0.0,0.0,0.0,0.0,m1026905,PQ,1.0,1.0,1.0,7199.557856794634,1000000.0,0.95,1.05,0,0,abc,False,False,False,12285579.3709296,1663847.40192705
554,0.0,0.0,0.0,0.0,0.0,0.0,m1026907,PQ,1.0,1.0,1.0,7199.557856794634,1000000.0,0.95,1.05,0,0,abc,False,False,False,12285655.2984817,1663440.45203867
555,0.0,0.0,0.0,0.0,0.0,0.0,p875742,PQ,1.0,1.0,1.0,7199.557856794634,1000000.0,0.95,1.05,0,0,b,False,False,False,12285670.9411057,1663170.63213442
556,0.0,0.0,0.009730171638692461,0.0024386188181640565,0.0,0.0,l3085398,PQ,1.0,1.0,1.0,7199.557856794634,1000000.0,0.95,1.05,0,0,abc,False,True,False,12285489.5210735,1663360.6087106
557,0.0,0.0,0.0,0.0,0.0,0.0,m1026891,PQ,1.0,1.0,1.0,7199.557856794634,1000000.0,0.95,1.05,0,0,abc,False,False,False,12285227.3688813,1663258.8886465
558,0.0,0.0,0.009730171872591111,0.002438618935826109,0.0,0.0,l3160102,PQ,1.0,1.0,1.0,7199.557856794634,1000000.0,0.95,1.05,0,0,abc,False,True,False,12284971.938225,1663129.50829438
559,0.0,0.0,0.0,0.0,0.0,0.0,p827514,PQ,1.0,1.0,1.0,7199.557856794634,1000000.0,0.95,1.05,0,0,abc,False,False,False,12284777.3782249,1663078.91859834
560,0.0,0.0,0.0,0.0,0.0,0.0,m1026876,PQ,1.0,1.0,1.0,7199.557856794634,1000000.0,0.95,1.05,0,0,abc,False,False,False,12284758.0205288,1663073.92147833
561,0.0,0.0,0.0,0.0,0.0,0.0,m1026866,PQ,1.0,1.0,1.0,7199.557856794634,1000000.0,0.95,1.05,0,0,abc,False,False,False,12284413.7804005,1663095.04045435
562,0.0,0.0,0.0,0.0,0.0,0.0,m1026844,PQ,1.0,1.0,1.0,7199.557856794634,1000000.0,0.95,1.05,0,0,abc,False,False,False,12283974.9390561,1663141.5996864
563,0.0,0.0,0.0,0.0,0.0,0.0,n1147861,PQ,1.0,1.0,1.0,7199.557856794634,1000000.0,0.95,1.05,0,0,c,False,False,False,12283980.0918241,1663117.23258237
564,0.0,0.0,0.0,0.0,0.010170037275356765,0.002549124938343417,l3122818,PQ,1.0,1.0,1.0,7199.557856794634,1000000.0,0.95,1.05,0,0,c,False,True,False,12284021.6498402,1662920.78023019
565,0.0035499233918607465,0.0008896009980960888,0.0,0.0,0.0,0.0,l2876814,PQ,1.0,1.0,1.0,7199.557856794634,1000000.0,0.95,1.05,0,0,abc,False,True,False,12283965.1946721,1663141.6979904
566,0.0,0.0,0.0,0.0,0.0,0.0,m1026834,PQ,1.0,1.0,1.0,7199.557856794634,1000000.0,0.95,1.05,0,0,abc,False,False,False,12283703.2227039,1663145.4376384
567,0.0,0.0,0.0,0.0,0.0,0.0,m1026829,PQ,1.0,1.0,1.0,7199.557856794634,1000000.0,0.95,1.05,0,0,abc,False,False,False,12283526.0666077,1663147.9648704
568,0.0,0.0,0.0,0.0,0.0,0.0,m1026824,PQ,1.0,1.0,1.0,7199.557856794634,1000000.0,0.95,1.05,0,0,abc,False,False,False,12283078.7875033,1663101.80704636
569,0.0,0.0,0.0,0.0,0.0,0.0,p859694,PQ,1.0,1.0,1.0,7199.557856794634,1000000.0,0.95,1.05,0,0,c,False,False,False,12283085.3943513,1663080.67578234
570,0.0,0.0,0.0,0.0,0.010170037247148224,0.0025491252085345414,l2746587,PQ,1.0,1.0,1.0,7199.557856794634,1000000.0,0.95,1.05,0,0,c,False,True,False,12283098.8783833,1663029.62323829
571,0.0,0.0,0.0,0.0,0.0,0.0,n1147858,PQ,1.0,1.0,1.0,7199.557856794634,1000000.0,0.95,1.05,0,0,c,False,False,False,12283118.0026073,1662957.23053422
572,0.0,0.0,0.0,0.0,0.020340074512058957,0.005098251443560522,l2991933,PQ,1.0,1.0,1.0,7199.557856794634,1000000.0,0.95,1.05,0,0,c,False,True,False,12283162.3213274,1662789.47066207
573,0.0,0.0,0.0,0.0,0.015260055911166075,0.003824941985029135,l3122837,PQ,1.0,1.0,1.0,7199.557856794634,1000000.0,0.95,1.05,0,0,c,False,True,False,12283227.5296474,1662524.16045382
574,0.0,0.0,0.0,0.0,0.015260055919140907,0.0038249419969016147,l3048222,PQ,1.0,1.0,1.0,7199.557856794634,1000000.0,0.95,1.05,0,0,c,False,True,False,12283349.4798555,1662044.74822937
575,0.0,0.0,0.0,0.0,0.0,0.0,m1009807,PQ,1.0,1.0,1.0,7199.557856794634,1000000.0,0.95,1.05,0,0,abc,False,False,False,12282462.9006547,1663025.94093429
576,0.0,0.0,0.0,0.0,0.010170037224960982,0.0025491253278692155,l2673323,PQ,1.0,1.0,1.0,7199.557856794634,1000000.0,0.95,1.05,0,0,c,False,True,False,12282531.1318228,1662704.22061399
577,0.0,0.0,0.0,0.0,0.0,0.0,m1009809,PQ,1.0,1.0,1.0,7199.557856794634,1000000.0,0.95,1.05,0,0,c,False,False,False,12282575.4013908,1662473.71821377
578,0.0,0.0,0.0,0.0,0.010170037228763192,0.002549125333529726,l2710525,PQ,1.0,1.0,1.0,7199.557856794634,1000000.0,0.95,1.05,0,0,c,False,True,False,12282667.3320149,1662192.01990951
579,0.0,0.0,0.0,0.0,0.0,0.0,m1009805,PQ,1.0,1.0,1.0,7199.557856794634,1000000.0,0.95,1.05,0,0,abc,False,False,False,12282262.7619025,1662996.67911026
580,0.0,0.0,0.0,0.0,0.0,0.0,m1009784,PQ,1.0,1.0,1.0,7199.557856794634,1000000.0,0.95,1.05,0,0,abc,False,False,False,12281451.6719818,1662898.36691817
581,0.0,0.0,0.0,0.0,0.0,0.0,m1009770,PQ,1.0,1.0,1.0,7199.557856794634,1000000.0,0.95,1.05,0,0,abc,False,False,False,12281252.6432456,1662884.66170216
582,0.008869807988864773,0.0022227487734871286,0.0,0.0,0.0,0.0,l2689691,PQ,1.0,1.0,1.0,7199.557856794634,1000000.0,0.95,1.05,0,0,abc,False,True,False,12281241.0392776,1662702.32826199
583,0.0,0.0,0.0,0.0,0.0,0.0,m1009763,PQ,1.0,1.0,1.0,7199.557856794634,1000000.0,0.95,1.05,0,0,abc,False,False,False,12281193.2184775,1662434.20000574
584,0.0,0.0,0.0,0.0,0.0,0.0,e182733,PQ,1.0,1.0,1.0,7199.557856794634,1000000.0,0.95,1.05,0,0,abc,False,False,False,12281038.9385414,1662211.05811753
585,0.0,0.0,0.005840103748064117,0.0014636727438677394,0.0,0.0,l2766730,PQ,1.0,1.0,1.0,7199.557856794634,1000000.0,0.95,1.05,0,0,b,False,True,False,12281111.5892935,1662431.46797373
586,0.0,0.0,0.0038900691063197264,0.0009749464786026194,0.0,0.0,l2673322,PQ,1.0,1.0,1.0,7199.557856794634,1000000.0,0.95,1.05,0,0,b,False,True,False,12281293.8203336,1662466.18157377
587,0.0,0.0,0.009730172855284214,0.0024386192238001272,0.0,0.0,l2859391,PQ,1.0,1.0,1.0,7199.557856794634,1000000.0,0.95,1.05,0,0,b,False,True,False,12281385.3126857,1662332.48813364
588,0.0,0.0,0.0,0.0,0.0,0.0,n1147857,PQ,1.0,1.0,1.0,7199.557856794634,1000000.0,0.95,1.05,0,0,a,False,False,False,12281228.5137096,1662873.97114215
589,0.0,0.0,0.0,0.0,0.0,0.0,m1009742,PQ,1.0,1.0,1.0,7199.557856794634,1000000.0,0.95,1.05,0,0,a,False,False,False,12281064.2682054,1662801.22208608
590,0.0,0.0,0.0,0.0,0.0,0.0,p901972,PQ,1.0,1.0,1.0,7199.557856794634,1000000.0,0.95,1.05,0,0,a,False,False,False,12281025.6470214,1662794.20154207
591,0.0,0.0,0.0,0.0,0.0,0.0,m1009726,PQ,1.0,1.0,1.0,7199.557856794634,1000000.0,0.95,1.05,0,0,a,False,False,False,12280743.4531011,1662882.04026215
592,0.00886980793175466,0.0022227486928467753,0.0,0.0,0.0,0.0,l3101789,PQ,1.0,1.0,1.0,7199.557856794634,1000000.0,0.95,1.05,0,0,a,False,True,False,12280793.6331972,1663000.15251826
593,0.0,0.0,0.0,0.0,0.0,0.0,m1009724,PQ,1.0,1.0,1.0,7199.557856794634,1000000.0,0.95,1.05,0,0,a,False,False,False,12280504.9716929,1662873.18880615
594,0.0,0.0,0.0,0.0,0.0,0.0,m1009720,PQ,1.0,1.0,1.0,7199.557856794634,1000000.0,0.95,1.05,0,0,a,False,False,False,12280356.9012927,1662893.09946216
595,0.0,0.0,0.0,0.0,0.0,0.0,m1009715,PQ,1.0,1.0,1.0,7199.557856794634,1000000.0,0.95,1.05,0,0,a,False,False,False,12280263.6312767,1662887.75827816
596,0.005319884773675113,0.0013331480381254877,0.0,0.0,0.0,0.0,l3010563,PQ,1.0,1.0,1.0,7199.557856794634,1000000.0,0.95,1.05,0,0,a,False,True,False,12280100.1681085,1662845.11891812
597,0.005319884773077413,0.0013331480372614825,0.0,0.0,0.0,0.0,l2841623,PQ,1.0,1.0,1.0,7199.557856794634,1000000.0,0.95,1.05,0,0,a,False,True,False,12280100.1189565,1662643.25165393
598,0.0,0.0,0.0,0.0,0.0,0.0,m1009705,PQ,1.0,1.0,1.0,7199.557856794634,1000000.0,0.95,1.05,0,0,a,False,False,False,12280000.0004284,1662892.44000616
599,0.0,0.0,0.0,0.0,0.0,0.0,m1009698,PQ,1.0,1.0,1.0,7199.557856794634,1000000.0,0.95,1.05,0,0,a,False,False,False,12279846.4127163,1662870.90323814
600,0.0035499230956212895,0.000889600564447539,0.0,0.0,0.0,0.0,l3156034,PQ,1.0,1.0,1.0,7199.557856794634,1000000.0,0.95,1.05,0,0,a,False,True,False,12279694.8893881,1662937.80320621
601,0.008869807843196175,0.002222748564847449,0.0,0.0,0.0,0.0,l3066821,PQ,1.0,1.0,1.0,7199.557856794634,1000000.0,0.95,1.05,0,0,a,False,True,False,12279671.2513721,1662744.13203803
602,0.0,0.0,0.0,0.0,0.0,0.0,m1009691,PQ,1.0,1.0,1.0,7199.557856794634,1000000.0,0.95,1.05,0,0,a,False,False,False,12279677.6984761,1662535.96102983
603,0.008869807839156661,0.0022227485590082963,0.0,0.0,0.0,0.0,l2748140,PQ,1.0,1.0,1.0,7199.557856794634,1000000.0,0.95,1.05,0,0,a,False,True,False,12279773.1311802,1662511.86016581
604,0.005319884746062978,0.0013331479982144263,0.0,0.0,0.0,0.0,l3141412,PQ,1.0,1.0,1.0,7199.557856794634,1000000.0,0.95,1.05,0,0,a,False,True,False,12279700.4886201,1662265.57997358
605,0.0,0.0,0.0,0.0,0.0,0.0,m1026767,PQ,1.0,1.0,1.0,7199.557856794634,1000000.0,0.95,1.05,0,0,a,False,False,False,12279672.9716921,1663071.14848633
606,0.008869807827628706,0.0022227485423460805,0.0,0.0,0.0,0.0,l3029500,PQ,1.0,1.0,1.0,7199.557856794634,1000000.0,0.95,1.05,0,0,a,False,True,False,12279638.4383161,1663555.04173478
607,0.0,0.0,0.0,0.0,0.0,0.0,m1026764,PQ,1.0,1.0,1.0,7199.557856794634,1000000.0,0.95,1.05,0,0,a,False,False,False,12279649.3295801,1663854.20128706
608,0.00531988473635724,0.0013331479841856844,0.0,0.0,0.0,0.0,l3178976,PQ,1.0,1.0,1.0,7199.557856794634,1000000.0,0.95,1.05,0,0,a,False,True,False,12279948.8905404,1663833.88922304
609,0.0,0.0,0.0,0.0,0.0,0.0,m1026779,PQ,1.0,1.0,1.0,7199.557856794634,1000000.0,0.95,1.05,0,0,a,False,False,False,12280245.4081726,1663814.72813502
610,0.005319884734589127,0.00133314798162988,0.0,0.0,0.0,0.0,l2973169,PQ,1.0,1.0,1.0,7199.557856794634,1000000.0,0.95,1.05,0,0,a,False,True,False,12280407.8719168,1663562.76679079
611,0.005319884741820833,0.0013331479920834764,0.0,0.0,0.0,0.0,l3216346,PQ,1.0,1.0,1.0,7199.557856794634,1000000.0,0.95,1.05,0,0,a,False,True,False,12279533.478316,1663109.56896637
612,0.005319884733095181,0.0013331479794711344,0.0,0.0,0.0,0.0,l2858163,PQ,1.0,1.0,1.0,7199.557856794634,1000000.0,0.95,1.05,0,0,a,False,True,False,12279196.7994037,1663378.61472662
613,0.008869807801013036,0.0022227485038750685,0.0,0.0,0.0,0.0,l2766747,PQ,1.0,1.0,1.0,7199.557856794634,1000000.0,0.95,1.05,0,0,a,False,True,False,12278693.7614512,1663543.40909477
614,0.0,0.0,0.0,0.0,0.0,0.0,m1026732,PQ,1.0,1.0,1.0,7199.557856794634,1000000.0,0.95,1.05,0,0,a,False,False,False,12278582.8458671,1663578.9091268
615,0.0,0.0,0.0,0.0,0.0,0.0,m1026734,PQ,1.0,1.0,1.0,7199.557856794634,1000000.0,0.95,1.05,0,0,a,False,False,False,12278597.8413231,1663358.0773826
616,0.008869807794980578,0.002222748495155286,0.0,0.0,0.0,0.0,l3065696,PQ,1.0,1.0,1.0,7199.557856794634,1000000.0,0.95,1.05,0,0,a,False,True,False,12278537.9455151,1663146.2732224
617,0.013299711801313672,0.0033328689033191887,0.0,0.0,0.0,0.0,l3047058,PQ,1.0,1.0,1.0,7199.557856794634,1000000.0,0.95,1.05,0,0,a,False,True,False,12278329.1560109,1663660.10413488
618,0.008869807891529151,0.0022227486347076494,0.0,0.0,0.0,0.0,l3178982,PQ,1.0,1.0,1.0,7199.557856794634,1000000.0,0.95,1.05,0,0,a,False,True,False,12280373.4819008,1662575.11059787
619,0.0,0.0,0.0,0.0,0.0,0.0,m1009771,PQ,1.0,1.0,1.0,7199.557856794634,1000000.0,0.95,1.05,0,0,b,False,False,False,12281253.0036936,1662912.84218218
620,0.0,0.0,0.003890069102953744,0.000974946474674156,0.0,0.0,l2914323,PQ,1.0,1.0,1.0,7199.557856794634,1000000.0,0.95,1.05,0,0,b,False,True,False,12281256.1248456,1663157.76250241
621,0.0,0.0,0.0,0.0,0.0,0.0,n1147859,PQ,1.0,1.0,1.0,7199.557856794634,1000000.0,0.95,1.05,0,0,b,False,False,False,12283526.5089757,1663113.77555837
622,0.0,0.0,0.0,0.0,0.0,0.0,p827573,PQ,1.0,1.0,1.0,7199.557856794634,1000000.0,0.95,1.05,0,0,b,False,False,False,12283526.7956957,1663091.55885435
623,0.0,0.0,0.009730172459718953,0.0024386192557949685,0.0,0.0,l2710542,PQ,1.0,1.0,1.0,7199.557856794634,1000000.0,0.95,1.05,0,0,b,False,True,False,12283531.3422557,1663022.61907828
624,0.0,0.0,0.009730172471735693,0.0024386192735366624,0.0,0.0,l2729430,PQ,1.0,1.0,1.0,7199.557856794634,1000000.0,0.95,1.05,0,0,b,False,True,False,12283538.3996637,1662906.80877418
625,0.0,0.0,0.005840103539778629,0.001463672806088926,0.0,0.0,l2766742,PQ,1.0,1.0,1.0,7199.557856794634,1000000.0,0.95,1.05,0,0,b,False,True,False,12283624.4197598,1662560.90976585
626,0.0,0.0,0.0,0.0,0.0,0.0,m1009820,PQ,1.0,1.0,1.0,7199.557856794634,1000000.0,0.95,1.05,0,0,b,False,False,False,12283662.9958878,1662267.39040558
627,0.0,0.0,0.009730172561355993,0.0024386194058741216,0.0,0.0,l3254234,PQ,1.0,1.0,1.0,7199.557856794634,1000000.0,0.95,1.05,0,0,b,False,True,False,12283689.6813279,1662006.81926934
628,0.0,0.0,0.009730172586635952,0.0024386194432107246,0.0,0.0,l3104114,PQ,1.0,1.0,1.0,7199.557856794634,1000000.0,0.95,1.05,0,0,b,False,True,False,12283708.9489119,1661735.66816509
629,0.0,0.0,0.0,0.0,0.0,0.0,m1009824,PQ,1.0,1.0,1.0,7199.557856794634,1000000.0,0.95,1.05,0,0,b,False,False,False,12283715.5107039,1661553.55181292
630,0.0,0.0,0.009730172605136301,0.0024386194705367822,0.0,0.0,l2691939,PQ,1.0,1.0,1.0,7199.557856794634,1000000.0,0.95,1.05,0,0,b,False,True,False,12283932.6683361,1661559.19200492
631,0.0,0.0,0.005840103599357193,0.0014636728940775497,0.0,0.0,l2860478,PQ,1.0,1.0,1.0,7199.557856794634,1000000.0,0.95,1.05,0,0,b,False,True,False,12284136.4689123,1661545.29837291
632,0.0,0.0,0.009730172607310754,0.0024386194737491605,0.0,0.0,l2822858,PQ,1.0,1.0,1.0,7199.557856794634,1000000.0,0.95,1.05,0,0,b,False,True,False,12284345.0413285,1661554.83795692
633,0.0,0.0,0.005840103597441925,0.0014636728912480854,0.0,0.0,l2822857,PQ,1.0,1.0,1.0,7199.557856794634,1000000.0,0.95,1.05,0,0,b,False,True,False,12283552.9896157,1661621.05798898
634,0.0,0.0,0.009730172610496522,0.0024386194784534096,0.0,0.0,l2954338,PQ,1.0,1.0,1.0,7199.557856794634,1000000.0,0.95,1.05,0,0,b,False,True,False,12283717.3989599,1661452.79840482
635,0.0,0.0,0.0,0.0,0.0,0.0,m1009828,PQ,1.0,1.0,1.0,7199.557856794634,1000000.0,0.95,1.05,0,0,b,False,False,False,12283729.9163359,1661160.61434055
636,0.0,0.0,0.00584010361472358,0.001463672916774563,0.0,0.0,l2766715,PQ,1.0,1.0,1.0,7199.557856794634,1000000.0,0.95,1.05,0,0,b,False,True,False,12283944.9317601,1661098.24864449
637,0.0,0.0,0.009730172640945164,0.0024386195234297543,0.0,0.0,l3254206,PQ,1.0,1.0,1.0,7199.557856794634,1000000.0,0.95,1.05,0,0,b,False,True,False,12283715.9817439,1661025.61018042
638,0.0,0.0,0.0,0.0,0.0,0.0,m1009827,PQ,1.0,1.0,1.0,7199.557856794634,1000000.0,0.95,1.05,0,0,b,False,False,False,12283726.0292319,1660863.47821227
639,0.0,0.0,0.0,0.0,0.0,0.0,m1009832,PQ,1.0,1.0,1.0,7199.557856794634,1000000.0,0.95,1.05,0,0,b,False,False,False,12283805.79064,1660588.93152402
640,0.0,0.0,0.0,0.0,0.0,0.0,m1009838,PQ,1.0,1.0,1.0,7199.557856794634,1000000.0,0.95,1.05,0,0,b,False,False,False,12284035.9694562,1660376.93894782
641,0.0,0.0,0.00584010365048034,0.0014636729695974126,0.0,0.0,l2801896,PQ,1.0,1.0,1.0,7199.557856794634,1000000.0,0.95,1.05,0,0,b,False,True,False,12284095.1116002,1660233.57075569
642,0.0,0.0,0.0,0.0,0.0,0.0,m1009839,PQ,1.0,1.0,1.0,7199.557856794634,1000000.0,0.95,1.05,0,0,b,False,False,False,12284079.5508962,1659985.68902746
643,0.0,0.0,0.005840103657678545,0.0014636729802322498,0.0,0.0,l2673326,PQ,1.0,1.0,1.0,7199.557856794634,1000000.0,0.95,1.05,0,0,b,False,True,False,12284240.2001124,1659845.83110733
644,0.0,0.0,0.009730172707053841,0.0024386196210944514,0.0,0.0,l2691938,PQ,1.0,1.0,1.0,7199.557856794634,1000000.0,0.95,1.05,0,0,b,False,True,False,12284240.2492644,1659700.57875519
645,0.0,0.0,0.0,0.0,0.0,0.0,m1009840,PQ,1.0,1.0,1.0,7199.557856794634,1000000.0,0.95,1.05,0,0,b,False,False,False,12284115.4113762,1659626.46163512
646,0.0,0.0,0.00973017271193023,0.0024386196282992043,0.0,0.0,l2991901,PQ,1.0,1.0,1.0,7199.557856794634,1000000.0,0.95,1.05,0,0,b,False,True,False,12284113.2896482,1659446.58989095
647,0.0,0.0,0.0,0.0,0.0,0.0,m3037537,PQ,1.0,1.0,1.0,7199.557856794634,1000000.0,0.95,1.05,0,0,b,False,False,False,12284289.3439204,1657954.96185756
648,0.0,0.0,0.005840103670193732,0.0014636729987233075,0.0,0.0,l3231269,PQ,1.0,1.0,1.0,7199.557856794634,1000000.0,0.95,1.05,0,0,b,False,True,False,12284720.2513128,1657863.03532948
649,0.0,0.0,0.005840103669402275,0.0014636729975539093,0.0,0.0,l2911069,PQ,1.0,1.0,1.0,7199.557856794634,1000000.0,0.95,1.05,0,0,b,False,True,False,12284279.9886564,1657953.22105756
650,0.0,0.0,0.005840103670463685,0.0014636729991221705,0.0,0.0,l2948732,PQ,1.0,1.0,1.0,7199.557856794634,1000000.0,0.95,1.05,0,0,b,False,True,False,12283586.0975838,1657764.13740939
651,0.0,0.0,0.009730172712365422,0.0024386196289422524,0.0,0.0,l3216338,PQ,1.0,1.0,1.0,7199.557856794634,1000000.0,0.95,1.05,0,0,b,False,True,False,12283815.981488,1659686.97184318
652,0.0,0.0,0.009730172713145932,0.002438619630095463,0.0,0.0,l2973146,PQ,1.0,1.0,1.0,7199.557856794634,1000000.0,0.95,1.05,0,0,b,False,True,False,12283623.7889758,1659688.01222718
653,0.0,0.0,0.009730172687773682,0.002438619592609438,0.0,0.0,l2804245,PQ,1.0,1.0,1.0,7199.557856794634,1000000.0,0.95,1.05,0,0,b,False,True,False,12284049.7484002,1660510.14905994
654,0.0,0.0,0.0,0.0,0.0,0.0,m1009843,PQ,1.0,1.0,1.0,7199.557856794634,1000000.0,0.95,1.05,0,0,b,False,False,False,12284246.1106404,1660189.48141165
655,0.0,0.0,0.0058401036520541495,0.001463672971922791,0.0,0.0,l3251806,PQ,1.0,1.0,1.0,7199.557856794634,1000000.0,0.95,1.05,0,0,b,False,True,False,12284166.9390563,1660103.78899557
656,0.0,0.0,0.014590258956439204,0.0036566763823773253,0.0,0.0,l3160108,PQ,1.0,1.0,1.0,7199.557856794634,1000000.0,0.95,1.05,0,0,b,False,True,False,12284346.8681445,1660347.21837179
657,0.0,0.0,0.005840103654603288,0.0014636729756890754,0.0,0.0,l3029510,PQ,1.0,1.0,1.0,7199.557856794634,1000000.0,0.95,1.05,0,0,b,False,True,False,12284445.2499686,1660512.57798795
658,0.0,0.0,0.009730172700814098,0.0024386196118761764,0.0,0.0,l2729409,PQ,1.0,1.0,1.0,7199.557856794634,1000000.0,0.95,1.05,0,0,b,False,True,False,12284383.7280485,1660862.01184427
659,0.0,0.0,0.00584010365640355,0.0014636729783489364,0.0,0.0,l2841624,PQ,1.0,1.0,1.0,7199.557856794634,1000000.0,0.95,1.05,0,0,b,False,True,False,12284313.1908324,1661137.79142853
660,0.0,0.0,0.0,0.0,0.0,0.0,m1009855,PQ,1.0,1.0,1.0,7199.557856794634,1000000.0,0.95,1.05,0,0,b,False,False,False,12284465.2671206,1660029.2663715
661,0.0,0.0,0.005840103653256752,0.0014636729736996039,0.0,0.0,l2748139,PQ,1.0,1.0,1.0,7199.557856794634,1000000.0,0.95,1.05,0,0,b,False,True,False,12284565.3405927,1660219.52147567
662,0.0,0.0,0.009730172697301143,0.0024386196066858673,0.0,0.0,l2991927,PQ,1.0,1.0,1.0,7199.557856794634,1000000.0,0.95,1.05,0,0,b,False,True,False,12284845.4783209,1660084.32070755
663,0.0,0.0,0.0038900690324102667,0.0009749466157979859,0.0,0.0,l2860479,PQ,1.0,1.0,1.0,7199.557856794634,1000000.0,0.95,1.05,0,0,b,False,True,False,12283874.288048,1660685.33907611
664,0.0,0.0,0.0,0.0,0.0,0.0,m1009834,PQ,1.0,1.0,1.0,7199.557856794634,1000000.0,0.95,1.05,0,0,b,False,False,False,12283864.334768,1660445.54694788
665,0.0,0.0,0.005840103637686883,0.0014636729506967941,0.0,0.0,l3178969,PQ,1.0,1.0,1.0,7199.557856794634,1000000.0,0.95,1.05,0,0,b,False,True,False,12283864.351152,1660445.51008388
666,0.0,0.0,0.0058401036380545356,0.0014636729512399812,0.0,0.0,l2729401,PQ,1.0,1.0,1.0,7199.557856794634,1000000.0,0.95,1.05,0,0,b,False,True,False,12283938.9311201,1660205.48038766
667,0.0,0.0,0.0,0.0,0.0,0.0,m3019248,PQ,1.0,1.0,1.0,7199.557856794634,1000000.0,0.95,1.05,0,0,b,False,False,False,12283243.2500954,1660944.55853235
668,0.0,0.0,0.0,0.0,0.0,0.0,m3021569,PQ,1.0,1.0,1.0,7199.557856794634,1000000.0,0.95,1.05,0,0,b,False,False,False,12282943.2508632,1660944.51347635
669,0.0,0.0,0.00584010362835939,0.0014636729369176327,0.0,0.0,l3315860,PQ,1.0,1.0,1.0,7199.557856794634,1000000.0,0.95,1.05,0,0,b,False,True,False,12282591.2774868,1660730.75142815
670,0.0,0.0,0.0,0.0,0.0,0.0,n1147860,PQ,1.0,1.0,1.0,7199.557856794634,1000000.0,0.95,1.05,0,0,c,False,False,False,12283703.2227039,1663116.18400637
671,0.0,0.0,0.0,0.0,0.010170037247942595,0.0025491250187680762,l3177881,PQ,1.0,1.0,1.0,7199.557856794634,1000000.0,0.95,1.05,0,0,c,False,True,False,12283703.2267999,1663055.43623032
672,0.0,0.0,0.0,0.0,0.0,0.0,n1147862,PQ,1.0,1.0,1.0,7199.557856794634,1000000.0,0.95,1.05,0,0,a,False,False,False,12284408.4187365,1663131.45389439
673,0.008869808699179174,0.002222749826760393,0.0,0.0,0.0,0.0,l2685805,PQ,1.0,1.0,1.0,7199.557856794634,1000000.0,0.95,1.05,0,0,a,False,True,False,12284365.7220325,1663421.52442266
674,0.0,0.0,0.0,0.0,0.0,0.0,n1147863,PQ,1.0,1.0,1.0,7199.557856794634,1000000.0,0.95,1.05,0,0,c,False,False,False,12285249.3480173,1663237.10202248
675,0.0,0.0,0.0,0.0,0.006100022426847096,0.0015289734491020807,l3122817,PQ,1.0,1.0,1.0,7199.557856794634,1000000.0,0.95,1.05,0,0,c,False,True,False,12285259.5880173,1663226.94803847
676,0.0,0.0,0.0,0.0,0.0040700149636979524,0.0010201510589742202,l2673314,PQ,1.0,1.0,1.0,7199.557856794634,1000000.0,0.95,1.05,0,0,c,False,True,False,12285378.3597294,1663087.74138235
677,0.0,0.0,0.0,0.0,0.0,0.0,m1026915,PQ,1.0,1.0,1.0,7199.557856794634,1000000.0,0.95,1.05,0,0,abc,False,False,False,12285876.8797939,1663539.86195877
678,0.0,0.0,0.0,0.0,0.0,0.0,m1026916,PQ,1.0,1.0,1.0,7199.557856794634,1000000.0,0.95,1.05,0,0,b,False,False,False,12285878.7311859,1663530.03155876
679,0.0,0.0,0.01459025741364034,0.0036566751538232847,0.0,0.0,l3197634,PQ,1.0,1.0,1.0,7199.557856794634,1000000.0,0.95,1.05,0,0,b,False,True,False,12285885.2684019,1663495.19917472
680,0.0,0.0,0.0,0.0,0.0,0.0,m1026920,PQ,1.0,1.0,1.0,7199.557856794634,1000000.0,0.95,1.05,0,0,abc,False,False,False,12286004.691378,1663580.1502148
681,0.0,0.0,0.0,0.0,0.0,0.0,m1026926,PQ,1.0,1.0,1.0,7199.557856794634,1000000.0,0.95,1.05,0,0,abc,False,False,False,12286297.4202103,1663676.38163889
682,0.0,0.0,0.0,0.0,0.0,0.0,m1026927,PQ,1.0,1.0,1.0,7199.557856794634,1000000.0,0.95,1.05,0,0,abc,False,False,False,12286326.9687543,1663711.82842293
683,0.0,0.0,0.0,0.0,0.0,0.0,196-29518,PQ,1.0,1.0,1.0,7199.557856794634,1000000.0,0.95,1.05,0,0,abc,False,False,False,12286335.8939383,1663726.13984694
684,0.0,0.0,0.009730172002315157,0.0024386187907921913,0.0,0.0,l3122816,PQ,1.0,1.0,1.0,7199.557856794634,1000000.0,0.95,1.05,0,0,abc,False,True,False,12286492.8690425,1663977.92915917
685,0.0,0.0,0.0,0.0,0.006100022497301044,0.0015289742181027795,l3160103,PQ,1.0,1.0,1.0,7199.557856794634,1000000.0,0.95,1.05,0,0,abc,False,True,False,12287931.3719558,1664258.12832744
686,0.0,0.0,0.0,0.0,0.0,0.0,m1026950,PQ,1.0,1.0,1.0,7199.557856794634,1000000.0,0.95,1.05,0,0,abc,False,False,False,12288006.4803079,1664282.24147946
687,0.0,0.0,0.0,0.0,0.0,0.0,m1026954,PQ,1.0,1.0,1.0,7199.557856794634,1000000.0,0.95,1.05,0,0,abc,False,False,False,12288335.5406602,1664388.45895156
688,0.0,0.0,0.0038900692070586774,0.0009749462908530702,0.0,0.0,l2804256,PQ,1.0,1.0,1.0,7199.557856794634,1000000.0,0.95,1.05,0,0,abc,False,True,False,12289003.6597008,1664557.15680771
689,0.0,0.0,0.0,0.0,0.0,0.0,m1026960,PQ,1.0,1.0,1.0,7199.557856794634,1000000.0,0.95,1.05,0,0,abc,False,False,False,12289152.7991569,1664652.5608398
690,0.0,0.0,0.0,0.0,0.0,0.0,m3729981,PQ,1.0,1.0,1.0,7199.557856794634,1000000.0,0.95,1.05,0,0,a,False,False,False,12289080.8488209,1664697.81754384
691,0.005319884466780177,0.001333147883548311,0.0,0.0,0.0,0.0,l3632979,PQ,1.0,1.0,1.0,7199.557856794634,1000000.0,0.95,1.05,0,0,a,False,True,False,12289137.2261649,1664792.27130393
692,0.0,0.0,0.0,0.0,0.0,0.0,m1026970,PQ,1.0,1.0,1.0,7199.557856794634,1000000.0,0.95,1.05,0,0,abc,False,False,False,12289412.9975572,1664637.81523979
693,0.0,0.0,0.0,0.0,0.0,0.0,m1026977,PQ,1.0,1.0,1.0,7199.557856794634,1000000.0,0.95,1.05,0,0,abc,False,False,False,12289606.3697174,1664706.35360785
694,0.0,0.0,0.0,0.0,0.0,0.0,m1026978,PQ,1.0,1.0,1.0,7199.557856794634,1000000.0,0.95,1.05,0,0,abc,False,False,False,12289777.4104855,1664802.43347994
695,0.0,0.0,0.0,0.0,0.0,0.0,m1026979,PQ,1.0,1.0,1.0,7199.557856794634,1000000.0,0.95,1.05,0,0,abc,False,False,False,12289792.2298135,1664804.48557594
696,0.0,0.0,0.0,0.0,0.0,0.0,m1026984,PQ,1.0,1.0,1.0,7199.557856794634,1000000.0,0.95,1.05,0,0,abc,False,False,False,12290022.1055257,1664836.36064797
697,0.0,0.0,0.0,0.0,0.0,0.0,m1026986,PQ,1.0,1.0,1.0,7199.557856794634,1000000.0,0.95,1.05,0,0,abc,False,False,False,12290258.223542,1664843.90957598
698,0.0,0.0,0.0,0.0,0.0,0.0,m1026997,PQ,1.0,1.0,1.0,7199.557856794634,1000000.0,0.95,1.05,0,0,abc,False,False,False,12290753.1022624,1664906.44320804
699,0.0,0.0,0.0,0.0,0.0,0.0,m1027000,PQ,1.0,1.0,1.0,7199.557856794634,1000000.0,0.95,1.05,0,0,abc,False,False,False,12290950.4065826,1664921.53696805
700,0.0,0.0,0.0,0.0,0.004070015085744035,0.0010201522359847338,l2916608,PQ,1.0,1.0,1.0,7199.557856794634,1000000.0,0.95,1.05,0,0,abc,False,True,False,12291169.2722468,1664935.55348007
701,0.0,0.0,0.0,0.0,0.0,0.0,m1027002,PQ,1.0,1.0,1.0,7199.557856794634,1000000.0,0.95,1.05,0,0,abc,False,False,False,12291452.8792871,1664920.50068005
702,0.0,0.0,0.009730174023734427,0.0024386186154733403,0.0,0.0,l2673313,PQ,1.0,1.0,1.0,7199.557856794634,1000000.0,0.95,1.05,0,0,abc,False,True,False,12291753.5297834,1664911.34202404
703,0.0,0.0,0.0,0.0,0.0,0.0,m1027011,PQ,1.0,1.0,1.0,7199.557856794634,1000000.0,0.95,1.05,0,0,abc,False,False,False,12291968.2830636,1664903.58829604
704,0.0,0.0,0.0,0.0,0.0,0.0,m1027013,PQ,1.0,1.0,1.0,7199.557856794634,1000000.0,0.95,1.05,0,0,abc,False,False,False,12292299.7109039,1664889.78068002
705,0.0,0.0,0.0,0.0,0.0,0.0,p901905,PQ,1.0,1.0,1.0,7199.557856794634,1000000.0,0.95,1.05,0,0,b,False,False,False,12292302.8975919,1664856.85293599
706,0.0,0.0,0.005840104550986165,0.001463672358063639,0.0,0.0,l2804257,PQ,1.0,1.0,1.0,7199.557856794634,1000000.0,0.95,1.05,0,0,b,False,True,False,12292311.0486319,1664772.59821591
707,0.0,0.0,0.00584010455204348,0.0014636723596251353,0.0,0.0,l2860485,PQ,1.0,1.0,1.0,7199.557856794634,1000000.0,0.95,1.05,0,0,b,False,True,False,12292312.4617519,1664577.64090373
708,0.0,0.0,0.005840104554739673,0.001463672363607032,0.0,0.0,l2860506,PQ,1.0,1.0,1.0,7199.557856794634,1000000.0,0.95,1.05,0,0,b,False,True,False,12292287.3000239,1663902.0917191
709,0.0,0.0,0.0,0.0,0.0,0.0,m1027019,PQ,1.0,1.0,1.0,7199.557856794634,1000000.0,0.95,1.05,0,0,b,False,False,False,12292569.7110321,1663359.5519426
710,0.0,0.0,0.009730174202408085,0.002438618594864589,0.0,0.0,l2785522,PQ,1.0,1.0,1.0,7199.557856794634,1000000.0,0.95,1.05,0,0,b,False,True,False,12292571.0299441,1663557.67955878
711,0.0,0.0,0.0,0.0,0.0,0.0,l2801949,PQ,1.0,1.0,1.0,7199.557856794634,1000000.0,0.95,1.05,0,0,b,False,False,False,12292567.2452401,1662686.80851797
712,0.0,0.0,0.0,0.0,0.0,0.0,m1027023,PQ,1.0,1.0,1.0,7199.557856794634,1000000.0,0.95,1.05,0,0,abc,False,False,False,12292622.9999922,1664876.28026401
713,0.0,0.0,0.005840104606003222,0.0014636723379805685,0.0,0.0,l3122815,PQ,1.0,1.0,1.0,7199.557856794634,1000000.0,0.95,1.05,0,0,b,False,True,False,12292589.6995121,1664631.67943178
714,0.0,0.0,0.00973017432398552,0.002438618529576805,0.0,0.0,l3254213,PQ,1.0,1.0,1.0,7199.557856794634,1000000.0,0.95,1.05,0,0,abc,False,True,False,12292768.5103923,1664871.59853601
715,0.0,0.0,0.0,0.0,0.0,0.0,m1027039,PQ,1.0,1.0,1.0,7199.557856794634,1000000.0,0.95,1.05,0,0,abc,False,False,False,12292976.6814005,1664895.33076003
716,0.0,0.0,0.0,0.0,0.0,0.0,m1027043,PQ,1.0,1.0,1.0,7199.557856794634,1000000.0,0.95,1.05,0,0,abc,False,False,False,12293065.3802806,1664892.57005603
717,0.0,0.0,0.0,0.0,0.0,0.0,m1027055,PQ,1.0,1.0,1.0,7199.557856794634,1000000.0,0.95,1.05,0,0,abc,False,False,False,12293210.2394167,1664887.74906402
718,0.0,0.0,0.0,0.0,0.0,0.0,m1027056,PQ,1.0,1.0,1.0,7199.557856794634,1000000.0,0.95,1.05,0,0,a,False,False,False,12293232.1939767,1664886.04103202
719,0.0,0.0,0.0,0.0,0.0,0.0,n1144667,PQ,1.0,1.0,1.0,7199.557856794634,1000000.0,0.95,1.05,0,0,a,False,False,False,12293336.0644408,1664877.95552801
720,0.0,0.0,0.0,0.0,0.0,0.0,l3083019,PQ,1.0,1.0,1.0,7199.557856794634,1000000.0,0.95,1.05,0,0,a,False,False,False,12293643.9361851,1664857.84826399
721,0.0,0.0,0.0,0.0,0.0,0.0,m1027080,PQ,1.0,1.0,1.0,7199.557856794634,1000000.0,0.95,1.05,0,0,a,False,False,False,12293737.7304892,1664848.77152799
722,0.008869805802518062,0.0022227466153531606,0.0,0.0,0.0,0.0,l3215340,PQ,1.0,1.0,1.0,7199.557856794634,1000000.0,0.95,1.05,0,0,a,False,True,False,12293954.7038014,1664844.14714398
723,0.0,0.0,0.0,0.0,0.0,0.0,m1027087,PQ,1.0,1.0,1.0,7199.557856794634,1000000.0,0.95,1.05,0,0,a,False,False,False,12294068.6299455,1664841.71821598
724,0.013299708783588729,0.003332866041114844,0.0,0.0,0.0,0.0,l2726983,PQ,1.0,1.0,1.0,7199.557856794634,1000000.0,0.95,1.05,0,0,a,False,True,False,12294121.9885376,1665133.88589625
725,0.0,0.0,0.0,0.0,0.0,0.0,m1027091,PQ,1.0,1.0,1.0,7199.557856794634,1000000.0,0.95,1.05,0,0,a,False,False,False,12294144.6435136,1664841.98035998
726,0.008869805760048928,0.0022227465540091205,0.0,0.0,0.0,0.0,l2764412,PQ,1.0,1.0,1.0,7199.557856794634,1000000.0,0.95,1.05,0,0,a,False,True,False,12294274.3105857,1664842.41863198
727,0.0,0.0,0.0,0.0,0.0,0.0,n1134470,PQ,1.0,1.0,1.0,7199.557856794634,1000000.0,0.95,1.05,0,0,a,False,False,False,12294387.2864578,1664384.20730355
728,0.005319883444538821,0.0013331467169008188,0.0,0.0,0.0,0.0,l3251808,PQ,1.0,1.0,1.0,7199.557856794634,1000000.0,0.95,1.05,0,0,a,False,True,False,12294496.7766339,1664109.8285513
729,0.0,0.0,0.0,0.0,0.0,0.0,m1027100,PQ,1.0,1.0,1.0,7199.557856794634,1000000.0,0.95,1.05,0,0,a,False,False,False,12294569.091514,1663928.60103113
730,0.0,0.0,0.0,0.0,0.0,0.0,m1027109,PQ,1.0,1.0,1.0,7199.557856794634,1000000.0,0.95,1.05,0,0,a,False,False,False,12295101.9606345,1663766.93191098
731,0.008869805581010899,0.002222746295371116,0.0,0.0,0.0,0.0,l3101788,PQ,1.0,1.0,1.0,7199.557856794634,1000000.0,0.95,1.05,0,0,a,False,True,False,12295077.2207945,1663985.30195918
732,0.008869805578610475,0.0022227462919023546,0.0,0.0,0.0,0.0,l3101787,PQ,1.0,1.0,1.0,7199.557856794634,1000000.0,0.95,1.05,0,0,a,False,True,False,12294990.3200584,1664142.92832733
733,0.005319883390622748,0.0013331466390082722,0.0,0.0,0.0,0.0,l3027132,PQ,1.0,1.0,1.0,7199.557856794634,1000000.0,0.95,1.05,0,0,a,False,True,False,12294927.9215943,1664254.24941543
734,0.0,0.0,0.0,0.0,0.0,0.0,m1027114,PQ,1.0,1.0,1.0,7199.557856794634,1000000.0,0.95,1.05,0,0,a,False,False,False,12295307.2398667,1663762.06995897
735,0.005319883382903656,0.0013331466278575874,0.0,0.0,0.0,0.0,l3195327,PQ,1.0,1.0,1.0,7199.557856794634,1000000.0,0.95,1.05,0,0,a,False,True,False,12295145.8410825,1663584.44691881
736,0.008869805563217325,0.0022227462696647847,0.0,0.0,0.0,0.0,l3139103,PQ,1.0,1.0,1.0,7199.557856794634,1000000.0,0.95,1.05,0,0,a,False,True,False,12295145.5707465,1663358.3354306
737,0.005319883376015997,0.0013331466179079493,0.0,0.0,0.0,0.0,l2876812,PQ,1.0,1.0,1.0,7199.557856794634,1000000.0,0.95,1.05,0,0,a,False,True,False,12295511.6384589,1663772.82195898
738,0.008869805538003067,0.002222746233240411,0.0,0.0,0.0,0.0,l2970811,PQ,1.0,1.0,1.0,7199.557856794634,1000000.0,0.95,1.05,0,0,a,False,True,False,12295744.7500111,1663792.789959
739,0.0,0.0,0.0,0.0,0.0,0.0,m1027121,PQ,1.0,1.0,1.0,7199.557856794634,1000000.0,0.95,1.05,0,0,a,False,False,False,12295931.9208273,1663854.91808706
740,0.0,0.0,0.0,0.0,0.0,0.0,n1134469,PQ,1.0,1.0,1.0,7199.557856794634,1000000.0,0.95,1.05,0,0,a,False,False,False,12295928.1238352,1663826.47546303
741,0.0,0.0,0.0,0.0,0.0,0.0,m1010017,PQ,1.0,1.0,1.0,7199.557856794634,1000000.0,0.95,1.05,0,0,a,False,False,False,12295391.1300427,1662987.30336625
742,0.0,0.0,0.0,0.0,0.0,0.0,m1010016,PQ,1.0,1.0,1.0,7199.557856794634,1000000.0,0.95,1.05,0,0,a,False,False,False,12294889.2963143,1662671.00205396
743,0.0,0.0,0.0,0.0,0.0,0.0,m1010015,PQ,1.0,1.0,1.0,7199.557856794634,1000000.0,0.95,1.05,0,0,a,False,False,False,12294700.3109701,1662482.39354178
744,0.0,0.0,0.0,0.0,0.0,0.0,m1010014,PQ,1.0,1.0,1.0,7199.557856794634,1000000.0,0.95,1.05,0,0,a,False,False,False,12294510.7562819,1662294.35846961
745,0.0,0.0,0.0,0.0,0.0,0.0,m1010011,PQ,1.0,1.0,1.0,7199.557856794634,1000000.0,0.95,1.05,0,0,a,False,False,False,12294375.2319298,1662158.67027748
746,0.005319883290242116,0.0013331464939874448,0.0,0.0,0.0,0.0,l3120504,PQ,1.0,1.0,1.0,7199.557856794634,1000000.0,0.95,1.05,0,0,a,False,True,False,12294162.3832896,1662161.57024548
747,0.0,0.0,0.0,0.0,0.0,0.0,m1010008,PQ,1.0,1.0,1.0,7199.557856794634,1000000.0,0.95,1.05,0,0,a,False,False,False,12294184.3091776,1661973.45734931
748,0.0,0.0,0.0,0.0,0.0,0.0,m1010007,PQ,1.0,1.0,1.0,7199.557856794634,1000000.0,0.95,1.05,0,0,a,False,False,False,12294178.5911616,1661968.6568373
749,0.0,0.0,0.0,0.0,0.0,0.0,m1010004,PQ,1.0,1.0,1.0,7199.557856794634,1000000.0,0.95,1.05,0,0,a,False,False,False,12293800.6737213,1661604.96480496
750,0.0,0.0,0.0,0.0,0.0,0.0,m1010003,PQ,1.0,1.0,1.0,7199.557856794634,1000000.0,0.95,1.05,0,0,a,False,False,False,12293746.6433852,1661615.24166897
751,0.005319883275919101,0.0013331464732930086,0.0,0.0,0.0,0.0,l2989571,PQ,1.0,1.0,1.0,7199.557856794634,1000000.0,0.95,1.05,0,0,a,False,True,False,12293553.963449,1661645.232581
752,0.008869805367496045,0.002222745986896906,0.0,0.0,0.0,0.0,l3177894,PQ,1.0,1.0,1.0,7199.557856794634,1000000.0,0.95,1.05,0,0,a,False,True,False,12293122.1672246,1661491.53018086
753,0.008869805362454537,0.0022227459796124267,0.0,0.0,0.0,0.0,l3082993,PQ,1.0,1.0,1.0,7199.557856794634,1000000.0,0.95,1.05,0,0,a,False,True,False,12292865.1882804,1661332.89619671
754,0.0,0.0,0.0,0.0,0.0,0.0,m3016088,PQ,1.0,1.0,1.0,7199.557856794634,1000000.0,0.95,1.05,0,0,a,False,False,False,12292686.4511282,1661243.16102863
755,0.008869805359508062,0.0022227459753550497,0.0,0.0,0.0,0.0,l3312692,PQ,1.0,1.0,1.0,7199.557856794634,1000000.0,0.95,1.05,0,0,a,False,True,False,12292537.7663281,1661279.24269266
756,0.0,0.0,0.0,0.0,0.0,0.0,m1010013,PQ,1.0,1.0,1.0,7199.557856794634,1000000.0,0.95,1.05,0,0,a,False,False,False,12294474.1749059,1662315.22349363
757,0.005319883294414887,0.0013331465000163702,0.0,0.0,0.0,0.0,l3120503,PQ,1.0,1.0,1.0,7199.557856794634,1000000.0,0.95,1.05,0,0,a,False,True,False,12294317.9166017,1662404.34016571
758,0.008869805436198124,0.0022227460861598794,0.0,0.0,0.0,0.0,l3251807,PQ,1.0,1.0,1.0,7199.557856794634,1000000.0,0.95,1.05,0,0,a,False,True,False,12294426.0960579,1662651.44774994
759,0.005319883324289053,0.001333146543178242,0.0,0.0,0.0,0.0,l2858175,PQ,1.0,1.0,1.0,7199.557856794634,1000000.0,0.95,1.05,0,0,a,False,True,False,12295128.5764425,1663085.28787834
760,0.0,0.0,0.0,0.0,0.0,0.0,m1027110,PQ,1.0,1.0,1.0,7199.557856794634,1000000.0,0.95,1.05,0,0,a,False,False,False,12295114.3674185,1663090.59219835
761,0.0,0.0,0.0,0.0,0.0,0.0,m1027123,PQ,1.0,1.0,1.0,7199.557856794634,1000000.0,0.95,1.05,0,0,a,False,False,False,12296012.2065233,1663918.02106312
762,0.005319883359190442,0.0013331465936004248,0.0,0.0,0.0,0.0,l3008248,PQ,1.0,1.0,1.0,7199.557856794634,1000000.0,0.95,1.05,0,0,a,False,True,False,12296076.4113234,1663968.54931917
763,0.008869805643493241,0.0022227463856391728,0.0,0.0,0.0,0.0,l3140238,PQ,1.0,1.0,1.0,7199.557856794634,1000000.0,0.95,1.05,0,0,a,False,True,False,12294755.8936902,1664062.78189525
764,0.0,0.0,0.0,0.0,0.0,0.0,m1027092,PQ,1.0,1.0,1.0,7199.557856794634,1000000.0,0.95,1.05,0,0,a,False,False,False,12294144.6435136,1664932.51015206
765,0.0,0.0,0.0,0.0,0.0,0.0,l2689727,PQ,1.0,1.0,1.0,7199.557856794634,1000000.0,0.95,1.05,0,0,a,False,False,False,12294336.2502978,1665089.32960821
766,0.0,0.0,0.0,0.0,0.0,0.0,n1134471,PQ,1.0,1.0,1.0,7199.557856794634,1000000.0,0.95,1.05,0,0,a,False,False,False,12293740.0324412,1664921.91380005
767,0.0,0.0,0.0,0.0,0.0,0.0,l2839331,PQ,1.0,1.0,1.0,7199.557856794634,1000000.0,0.95,1.05,0,0,a,False,False,False,12293747.6960572,1665165.44967228
768,0.0,0.0,0.0,0.0,0.0,0.0,n1147865,PQ,1.0,1.0,1.0,7199.557856794634,1000000.0,0.95,1.05,0,0,a,False,False,False,12293248.9384248,1664848.61587999
769,0.0,0.0,0.0,0.0,0.0,0.0,l2895489,PQ,1.0,1.0,1.0,7199.557856794634,1000000.0,0.95,1.05,0,0,a,False,False,False,12293551.935929,1664596.78151175
770,0.0,0.0,0.0,0.0,0.0,0.0,d6019477-1_int,PQ,1.0,1.0,1.0,7199.557856794634,1000000.0,0.95,1.05,0,0,c,False,False,False,12293059.6382646,1664921.81140005
771,0.0,0.0,0.0,0.0,0.0,0.0,e182727,PQ,1.0,1.0,1.0,7199.557856794634,1000000.0,0.95,1.05,0,0,c,False,False,False,12293058.6382646,1664921.81140005
772,0.0,0.0,0.0,0.0,0.0,0.0,m1027042,PQ,1.0,1.0,1.0,7199.557856794634,1000000.0,0.95,1.05,0,0,c,False,False,False,12293054.1244726,1664941.36160807
773,0.0,0.0,0.0,0.0,0.0,0.0,n1144666,PQ,1.0,1.0,1.0,7199.557856794634,1000000.0,0.95,1.05,0,0,c,False,False,False,12293036.8352566,1665016.26925614
774,0.0,0.0,0.0,0.0,0.0,0.0,m1027041,PQ,1.0,1.0,1.0,7199.557856794634,1000000.0,0.95,1.05,0,0,c,False,False,False,12293013.7010485,1665116.51885623
775,0.0,0.0,0.0,0.0,0.0061000227344813205,0.001528975796046386,l3010564,PQ,1.0,1.0,1.0,7199.557856794634,1000000.0,0.95,1.05,0,0,c,False,True,False,12292936.6880565,1665334.45882444
776,0.0,0.0,0.0,0.0,0.015260056928708217,0.0038249468538154212,l2710515,PQ,1.0,1.0,1.0,7199.557856794634,1000000.0,0.95,1.05,0,0,c,False,True,False,12292820.7016244,1665722.9930968
777,0.0,0.0,0.0,0.0,0.0,0.0,m1027027,PQ,1.0,1.0,1.0,7199.557856794634,1000000.0,0.95,1.05,0,0,c,False,False,False,12292807.1479603,1666177.63271322
778,0.0,0.0,0.0,0.0,0.0,0.0,l3270853,PQ,1.0,1.0,1.0,7199.557856794634,1000000.0,0.95,1.05,0,0,c,False,False,False,12292890.7063604,1666291.78004133
779,0.0,0.0,0.0,0.0,0.01017003800713983,0.002549128574946693,l2766746,PQ,1.0,1.0,1.0,7199.557856794634,1000000.0,0.95,1.05,0,0,c,False,True,False,12293191.2094007,1666196.35962524
780,0.0,0.0,0.0,0.0,0.0,0.0,m1027073,PQ,1.0,1.0,1.0,7199.557856794634,1000000.0,0.95,1.05,0,0,c,False,False,False,12293553.369529,1666181.47885723
781,0.0,0.0,0.0,0.0,0.0,0.0,m1027071,PQ,1.0,1.0,1.0,7199.557856794634,1000000.0,0.95,1.05,0,0,c,False,False,False,12293517.099449,1666493.77018552
782,0.0,0.0,0.0,0.0,0.010170038047887261,0.0025491286354693355,l3235241,PQ,1.0,1.0,1.0,7199.557856794634,1000000.0,0.95,1.05,0,0,c,False,True,False,12293488.251321,1666454.98106548
783,0.0,0.0,0.0,0.0,0.010170038051562866,0.002549128640929012,l2691941,PQ,1.0,1.0,1.0,7199.557856794634,1000000.0,0.95,1.05,0,0,c,False,True,False,12293144.9286967,1666622.58119364
784,0.0,0.0,0.0,0.0,0.010170038053525779,0.0025491286438443666,l3235267,PQ,1.0,1.0,1.0,7199.557856794634,1000000.0,0.95,1.05,0,0,c,False,True,False,12293500.604857,1666711.30055372
785,0.0,0.0,0.0,0.0,0.0,0.0,m1027068,PQ,1.0,1.0,1.0,7199.557856794634,1000000.0,0.95,1.05,0,0,c,False,False,False,12293484.749241,1666920.38906591
786,0.0,0.0,0.0,0.0,0.010170038060265426,0.002549128653855051,l3235268,PQ,1.0,1.0,1.0,7199.557856794634,1000000.0,0.95,1.05,0,0,c,False,True,False,12293781.0784572,1666941.20493793
787,0.0,0.0,0.0,0.0,0.0,0.0,m1027066,PQ,1.0,1.0,1.0,7199.557856794634,1000000.0,0.95,1.05,0,0,c,False,False,False,12293455.0819129,1667350.17005831
788,0.0,0.0,0.0,0.0,0.010170038064942566,0.002549128660802163,l2841645,PQ,1.0,1.0,1.0,7199.557856794634,1000000.0,0.95,1.05,0,0,c,False,True,False,12293415.3916729,1667343.78849031
789,0.0,0.0,0.0,0.0,0.010170038065658226,0.002549128661865165,l3066829,PQ,1.0,1.0,1.0,7199.557856794634,1000000.0,0.95,1.05,0,0,c,False,True,False,12293321.4581048,1667373.36980234
790,0.0,0.0,0.0,0.0,0.015260057076198576,0.0038249470728722564,l3104118,PQ,1.0,1.0,1.0,7199.557856794634,1000000.0,0.95,1.05,0,0,c,False,True,False,12293821.3011773,1666187.97101723
791,0.0,0.0,0.0,0.0,0.010170038040248077,0.0025491286241232413,l2748126,PQ,1.0,1.0,1.0,7199.557856794634,1000000.0,0.95,1.05,0,0,c,False,True,False,12294083.0110015,1666184.55904923
792,0.0,0.0,0.0,0.0,0.015260057071376877,0.0038249470657101044,l2879089,PQ,1.0,1.0,1.0,7199.557856794634,1000000.0,0.95,1.05,0,0,c,False,True,False,12293551.669689,1666029.64423309
793,0.0,0.0,0.0,0.0,0.0,0.0,m1027014,PQ,1.0,1.0,1.0,7199.557856794634,1000000.0,0.95,1.05,0,0,c,False,False,False,12292390.351288,1666525.80090555
794,0.0,0.0,0.0,0.0,0.010170037882891834,0.0025491283904228697,l2916607,PQ,1.0,1.0,1.0,7199.557856794634,1000000.0,0.95,1.05,0,0,c,False,True,False,12293229.6913207,1665193.33933631
795,0.0,0.0,0.0,0.0,0.006100022710834938,0.0015289757609310687,l3235248,PQ,1.0,1.0,1.0,7199.557856794634,1000000.0,0.95,1.05,0,0,c,False,True,False,12293100.7205686,1664736.50016788
796,0.0,0.0,0.0,0.0,0.0,0.0,d5806920-1_int,PQ,1.0,1.0,1.0,7199.557856794634,1000000.0,0.95,1.05,0,0,b,False,False,False,12292977.0997685,1664880.33940001
797,0.0,0.0,0.0,0.0,0.0,0.0,e182726,PQ,1.0,1.0,1.0,7199.557856794634,1000000.0,0.95,1.05,0,0,b,False,False,False,12292976.0997685,1664880.33940001
798,0.0,0.0,0.00973017438605267,0.0024386185112183325,0.0,0.0,l2766744,PQ,1.0,1.0,1.0,7199.557856794634,1000000.0,0.95,1.05,0,0,b,False,True,False,12292966.5397045,1664634.91936779
799,0.0,0.0,0.0,0.0,0.0,0.0,m1027038,PQ,1.0,1.0,1.0,7199.557856794634,1000000.0,0.95,1.05,0,0,b,False,False,False,12292966.3308085,1664459.72935162
800,0.0,0.0,0.009730174388727916,0.002438618515169282,0.0,0.0,l2731712,PQ,1.0,1.0,1.0,7199.557856794634,1000000.0,0.95,1.05,0,0,b,False,True,False,12292771.2219443,1664457.12839162
801,0.0,0.0,0.0,0.0,0.0,0.0,m1027036,PQ,1.0,1.0,1.0,7199.557856794634,1000000.0,0.95,1.05,0,0,b,False,False,False,12292955.1282485,1664119.15923931
802,0.0,0.0,0.009730174391250802,0.002438618518895238,0.0,0.0,l2785543,PQ,1.0,1.0,1.0,7199.557856794634,1000000.0,0.95,1.05,0,0,b,False,True,False,12292947.6981045,1663855.83149506
803,0.0,0.0,0.005840104670050755,0.0014636723209142846,0.0,0.0,l3010580,PQ,1.0,1.0,1.0,7199.557856794634,1000000.0,0.95,1.05,0,0,b,False,True,False,12292903.6087604,1664167.11111135
804,0.0,0.0,0.009730173710566939,0.0024386186764974224,0.0,0.0,l3216361,PQ,1.0,1.0,1.0,7199.557856794634,1000000.0,0.95,1.05,0,0,b,False,True,False,12290768.4417824,1664838.87968798
805,0.0,0.0,0.005840104262498698,0.0014636724169821468,0.0,0.0,l2729434,PQ,1.0,1.0,1.0,7199.557856794634,1000000.0,0.95,1.05,0,0,b,False,True,False,12290520.5600542,1664658.18874381
806,0.0,0.0,0.005840104073392902,0.0014636724426035207,0.0,0.0,l2748152,PQ,1.0,1.0,1.0,7199.557856794634,1000000.0,0.95,1.05,0,0,b,False,True,False,12289739.5020055,1665051.63821617
807,0.0,0.0,0.0,0.0,0.0,0.0,m1026961,PQ,1.0,1.0,1.0,7199.557856794634,1000000.0,0.95,1.05,0,0,a,False,False,False,12289164.833205,1664618.76883977
808,0.008869807363782938,0.002222748353764175,0.0,0.0,0.0,0.0,l2710516,PQ,1.0,1.0,1.0,7199.557856794634,1000000.0,0.95,1.05,0,0,a,False,True,False,12289282.6710291,1664363.24807153
809,0.008869807357763113,0.0022227483450616456,0.0,0.0,0.0,0.0,l2691944,PQ,1.0,1.0,1.0,7199.557856794634,1000000.0,0.95,1.05,0,0,a,False,True,False,12289364.0585491,1664094.72659928
810,0.00886980735383673,0.002222748339385465,0.0,0.0,0.0,0.0,l2673312,PQ,1.0,1.0,1.0,7199.557856794634,1000000.0,0.95,1.05,0,0,a,False,True,False,12289424.9292052,1663803.61978301
811,0.005319884454121623,0.0013331478652485764,0.0,0.0,0.0,0.0,l3235247,PQ,1.0,1.0,1.0,7199.557856794634,1000000.0,0.95,1.05,0,0,a,False,True,False,12289860.7190296,1663595.39143082
812,0.0,0.0,0.0,0.0,0.0,0.0,d5655682-1_int,PQ,1.0,1.0,1.0,7199.557856794634,1000000.0,0.95,1.05,0,0,b,False,False,False,12288335.4101642,1664403.42163957
813,0.0,0.0,0.0,0.0,0.0,0.0,e182725,PQ,1.0,1.0,1.0,7199.557856794634,1000000.0,0.95,1.05,0,0,b,False,False,False,12288334.4101642,1664403.42163957
814,0.0,0.0,0.0,0.0,0.0,0.0,m1026948,PQ,1.0,1.0,1.0,7199.557856794634,1000000.0,0.95,1.05,0,0,b,False,False,False,12287986.2501639,1664595.79027975
815,0.0,0.0,0.0,0.0,0.0,0.0,m1026947,PQ,1.0,1.0,1.0,7199.557856794634,1000000.0,0.95,1.05,0,0,b,False,False,False,12287843.1809797,1664668.33043982
816,0.0,0.0,0.0,0.0,0.0,0.0,m1026946,PQ,1.0,1.0,1.0,7199.557856794634,1000000.0,0.95,1.05,0,0,b,False,False,False,12287436.3785473,1664871.86887201
817,0.0,0.0,0.0,0.0,0.0,0.0,m1026940,PQ,1.0,1.0,1.0,7199.557856794634,1000000.0,0.95,1.05,0,0,b,False,False,False,12287037.079987,1664735.88986388
818,0.0,0.0,0.0,0.0,0.0,0.0,m1026935,PQ,1.0,1.0,1.0,7199.557856794634,1000000.0,0.95,1.05,0,0,b,False,False,False,12286680.3183866,1664614.57043977
819,0.0,0.0,0.00973017286299705,0.002438618804161779,0.0,0.0,l2935556,PQ,1.0,1.0,1.0,7199.557856794634,1000000.0,0.95,1.05,0,0,b,False,True,False,12286399.0419704,1664509.97907967
820,0.0,0.0,0.0,0.0,0.0,0.0,m1026939,PQ,1.0,1.0,1.0,7199.557856794634,1000000.0,0.95,1.05,0,0,b,False,False,False,12286918.3983869,1664916.26951205
821,0.0,0.0,0.005840103752111285,0.0014636724911389796,0.0,0.0,l3104124,PQ,1.0,1.0,1.0,7199.557856794634,1000000.0,0.95,1.05,0,0,b,False,True,False,12286874.0796668,1664983.62823211
822,0.0,0.0,0.0,0.0,0.0,0.0,m1026949,PQ,1.0,1.0,1.0,7199.557856794634,1000000.0,0.95,1.05,0,0,b,False,False,False,12288000.0004359,1664622.02106377
823,0.0,0.0,0.0,0.0,0.0,0.0,m1026951,PQ,1.0,1.0,1.0,7199.557856794634,1000000.0,0.95,1.05,0,0,b,False,False,False,12288132.780468,1664875.32999201
824,0.0,0.0,0.009730172857834039,0.0024386187965375642,0.0,0.0,l2954347,PQ,1.0,1.0,1.0,7199.557856794634,1000000.0,0.95,1.05,0,0,b,False,True,False,12288171.131316,1665090.37818421
825,0.0,0.0,0.0,0.0,0.0,0.0,m1026953,PQ,1.0,1.0,1.0,7199.557856794634,1000000.0,0.95,1.05,0,0,b,False,False,False,12288170.959284,1665190.3779283
826,0.0,0.0,0.005840103750622296,0.0014636724889402189,0.0,0.0,l2764399,PQ,1.0,1.0,1.0,7199.557856794634,1000000.0,0.95,1.05,0,0,b,False,True,False,12288270.9590281,1665190.2018003
827,0.0,0.0,0.003890069107830467,0.0009749463085110331,0.0,0.0,l3008232,PQ,1.0,1.0,1.0,7199.557856794634,1000000.0,0.95,1.05,0,0,b,False,True,False,12288155.627956,1665289.1939284
828,0.0,0.0,0.0,0.0,0.0,0.0,n1138000,PQ,1.0,1.0,1.0,7199.557856794634,1000000.0,0.95,1.05,0,0,a,False,False,False,12286300.8526583,1663657.64243888
829,0.00886980876020722,0.0022227500128570075,0.0,0.0,0.0,0.0,l2766720,PQ,1.0,1.0,1.0,7199.557856794634,1000000.0,0.95,1.05,0,0,a,False,True,False,12286330.4093943,1663496.32147873
830,0.0,0.0,0.009730171725279456,0.0024386187885660393,0.0,0.0,l2729408,PQ,1.0,1.0,1.0,7199.557856794634,1000000.0,0.95,1.05,0,0,b,False,True,False,12286023.078322,1663502.78906273
831,0.0,0.0,0.0,0.0,0.0,0.0,p827515,PQ,1.0,1.0,1.0,7199.557856794634,1000000.0,0.95,1.05,0,0,a,False,False,False,12285562.2209776,1663853.21824706
832,0.008869809346297206,0.0022227507655771138,0.0,0.0,0.0,0.0,l2991909,PQ,1.0,1.0,1.0,7199.557856794634,1000000.0,0.95,1.05,0,0,a,False,True,False,12285358.5105134,1663922.46112712
833,0.0,0.0,0.0,0.0,0.0,0.0,n1147864,PQ,1.0,1.0,1.0,7199.557856794634,1000000.0,0.95,1.05,0,0,a,False,False,False,12285422.7767535,1664160.89338334
834,0.00886980957995527,0.0022227510813718375,0.0,0.0,0.0,0.0,l2710536,PQ,1.0,1.0,1.0,7199.557856794634,1000000.0,0.95,1.05,0,0,a,False,True,False,12285211.0954733,1664238.00877542
835,0.0,0.0,0.0,0.0,0.0,0.0,p860847,PQ,1.0,1.0,1.0,7199.557856794634,1000000.0,0.95,1.05,0,0,a,False,False,False,12285176.8488172,1664475.41703164
836,0.0,0.0,0.0,0.0,0.0,0.0,m1026880,PQ,1.0,1.0,1.0,7199.557856794634,1000000.0,0.95,1.05,0,0,a,False,False,False,12284934.734257,1664417.63066358
837,0.0,0.0,0.0,0.0,0.0,0.0,m1026874,PQ,1.0,1.0,1.0,7199.557856794634,1000000.0,0.95,1.05,0,0,a,False,False,False,12284693.6887528,1664415.61952758
838,0.008869809826057961,0.002222751412324457,0.0,0.0,0.0,0.0,l3197638,PQ,1.0,1.0,1.0,7199.557856794634,1000000.0,0.95,1.05,0,0,a,False,True,False,12284352.2093285,1664414.61600758
839,0.0,0.0,0.0,0.0,0.0,0.0,m1026849,PQ,1.0,1.0,1.0,7199.557856794634,1000000.0,0.95,1.05,0,0,a,False,False,False,12284151.3373923,1664415.61952758
840,0.0,0.0,0.0,0.0,0.0,0.0,m1026848,PQ,1.0,1.0,1.0,7199.557856794634,1000000.0,0.95,1.05,0,0,a,False,False,False,12284147.5936483,1664416.63123958
841,0.013299714836425168,0.003332873262443281,0.0,0.0,0.0,0.0,l2935557,PQ,1.0,1.0,1.0,7199.557856794634,1000000.0,0.95,1.05,0,0,a,False,True,False,12283957.4982881,1664467.84762363
842,0.0,0.0,0.0,0.0,0.0,0.0,m1026847,PQ,1.0,1.0,1.0,7199.557856794634,1000000.0,0.95,1.05,0,0,a,False,False,False,12284146.3156963,1664200.69011938
843,0.008869809818462101,0.00222275140133708,0.0,0.0,0.0,0.0,l2673311,PQ,1.0,1.0,1.0,7199.557856794634,1000000.0,0.95,1.05,0,0,a,False,True,False,12284342.1659365,1664163.52711135
844,0.0053198859481280985,0.001333149724563384,0.0,0.0,0.0,0.0,l2766748,PQ,1.0,1.0,1.0,7199.557856794634,1000000.0,0.95,1.05,0,0,a,False,True,False,12284925.428145,1664530.64749569
845,0.0,0.0,0.0,0.0,0.0,0.0,p827536,PQ,1.0,1.0,1.0,7199.557856794634,1000000.0,0.95,1.05,0,0,a,False,False,False,12284188.0006883,1665656.35117674
846,0.0,0.0,0.0,0.0,0.0,0.0,n1137999,PQ,1.0,1.0,1.0,7199.557856794634,1000000.0,0.95,1.05,0,0,a,False,False,False,12284146.8973283,1665654.83156074
847,0.008869811154195195,0.0022227531753058302,0.0,0.0,0.0,0.0,l2876813,PQ,1.0,1.0,1.0,7199.557856794634,1000000.0,0.95,1.05,0,0,a,False,True,False,12283882.320304,1665645.05850473
848,0.005319886717582243,0.0013331507427125301,0.0,0.0,0.0,0.0,l2785531,PQ,1.0,1.0,1.0,7199.557856794634,1000000.0,0.95,1.05,0,0,a,False,True,False,12283620.3114718,1665653.22183273
849,0.008869811093018133,0.0022227530868089785,0.0,0.0,0.0,0.0,l3216358,PQ,1.0,1.0,1.0,7199.557856794634,1000000.0,0.95,1.05,0,0,a,False,True,False,12283320.3204315,1665653.09076073
850,0.0,0.0,0.0,0.0,0.0,0.0,m1026826,PQ,1.0,1.0,1.0,7199.557856794634,1000000.0,0.95,1.05,0,0,a,False,False,False,12283170.4887514,1665663.44954474
851,0.0035499243883359197,0.0008896023627572706,0.0,0.0,0.0,0.0,l2952013,PQ,1.0,1.0,1.0,7199.557856794634,1000000.0,0.95,1.05,0,0,a,False,True,False,12283009.6715992,1665885.60839295
852,0.0,0.0,0.0,0.0,0.0,0.0,m1026820,PQ,1.0,1.0,1.0,7199.557856794634,1000000.0,0.95,1.05,0,0,a,False,False,False,12282972.7338712,1665647.86016873
853,0.008869811041750547,0.002222753012642769,0.0,0.0,0.0,0.0,l3141403,PQ,1.0,1.0,1.0,7199.557856794634,1000000.0,0.95,1.05,0,0,a,False,True,False,12282778.968495,1665633.02445672
854,0.0,0.0,0.0,0.0,0.0,0.0,m3037538,PQ,1.0,1.0,1.0,7199.557856794634,1000000.0,0.95,1.05,0,0,a,False,False,False,12282587.6361428,1665591.63028068
855,0.0053198866572988,0.0013331506555039954,0.0,0.0,0.0,0.0,l2857591,PQ,1.0,1.0,1.0,7199.557856794634,1000000.0,0.95,1.05,0,0,a,False,True,False,12282552.0582868,1665826.1467609
856,0.00886981102498614,0.002222752988389867,0.0,0.0,0.0,0.0,l3027133,PQ,1.0,1.0,1.0,7199.557856794634,1000000.0,0.95,1.05,0,0,a,False,True,False,12282579.5260628,1665589.97140068
857,0.0,0.0,0.0,0.0,0.0,0.0,m3037453,PQ,1.0,1.0,1.0,7199.557856794634,1000000.0,0.95,1.05,0,0,a,False,False,False,12282384.7448786,1665555.11853664
858,0.0,0.0,0.0,0.0,0.0,0.0,m1026812,PQ,1.0,1.0,1.0,7199.557856794634,1000000.0,0.95,1.05,0,0,a,False,False,False,12282384.6957266,1665532.65197662
859,0.005319886648468715,0.0013331506427296047,0.0,0.0,0.0,0.0,l3122847,PQ,1.0,1.0,1.0,7199.557856794634,1000000.0,0.95,1.05,0,0,a,False,True,False,12282384.0936146,1665247.88167236
860,0.008869811010519417,0.002222752967461094,0.0,0.0,0.0,0.0,l2785546,PQ,1.0,1.0,1.0,7199.557856794634,1000000.0,0.95,1.05,0,0,a,False,True,False,12282373.6938706,1665553.13607264
861,0.0,0.0,0.0,0.0,0.0,0.0,m1026810,PQ,1.0,1.0,1.0,7199.557856794634,1000000.0,0.95,1.05,0,0,a,False,False,False,12281989.1491023,1665484.08160858
862,0.0017699622779099302,0.0004435483056898547,0.0,0.0,0.0,0.0,l2914324,PQ,1.0,1.0,1.0,7199.557856794634,1000000.0,0.95,1.05,0,0,a,False,True,False,12281577.2840139,1665316.56340042
863,0.0,0.0,0.0,0.0,0.0,0.0,m1026805,PQ,1.0,1.0,1.0,7199.557856794634,1000000.0,0.95,1.05,0,0,a,False,False,False,12281252.5695176,1665452.03040855
864,0.01329971651549409,0.0033328754539998047,0.0,0.0,0.0,0.0,l3010585,PQ,1.0,1.0,1.0,7199.557856794634,1000000.0,0.95,1.05,0,0,a,False,True,False,12281055.8918854,1665258.13805637
865,0.0,0.0,0.0,0.0,0.0,0.0,m1026798,PQ,1.0,1.0,1.0,7199.557856794634,1000000.0,0.95,1.05,0,0,a,False,False,False,12280947.8803653,1665101.42100022
866,0.005319886605420515,0.0013331505804503063,0.0,0.0,0.0,0.0,l2952014,PQ,1.0,1.0,1.0,7199.557856794634,1000000.0,0.95,1.05,0,0,a,False,True,False,12280902.1894853,1665035.13133616
867,0.005319886602254237,0.0013331505758696894,0.0,0.0,0.0,0.0,l3120502,PQ,1.0,1.0,1.0,7199.557856794634,1000000.0,0.95,1.05,0,0,a,False,True,False,12280976.4212933,1665561.31988065
868,0.0,0.0,0.0,0.0,0.0,0.0,m1026792,PQ,1.0,1.0,1.0,7199.557856794634,1000000.0,0.95,1.05,0,0,a,False,False,False,12280726.3318211,1665892.08826496
869,0.01329971646373065,0.0033328753791085504,0.0,0.0,0.0,0.0,l2821010,PQ,1.0,1.0,1.0,7199.557856794634,1000000.0,0.95,1.05,0,0,a,False,True,False,12280400.2861248,1666356.05037739
870,0.0,0.0,0.0,0.0,0.0,0.0,m1026773,PQ,1.0,1.0,1.0,7199.557856794634,1000000.0,0.95,1.05,0,0,a,False,False,False,12280043.5163325,1666331.74880937
871,0.0,0.0,0.0,0.0,0.0,0.0,m1026777,PQ,1.0,1.0,1.0,7199.557856794634,1000000.0,0.95,1.05,0,0,a,False,False,False,12280091.5828925,1666242.64852128
872,0.005319886581848281,0.001333150546345942,0.0,0.0,0.0,0.0,l3233353,PQ,1.0,1.0,1.0,7199.557856794634,1000000.0,0.95,1.05,0,0,a,False,True,False,12279964.6068924,1666085.32935314
873,0.008869810897027026,0.002222752803264592,0.0,0.0,0.0,0.0,l3195751,PQ,1.0,1.0,1.0,7199.557856794634,1000000.0,0.95,1.05,0,0,a,False,True,False,12279656.9850041,1666319.62874536
874,0.008869810917520553,0.0022227528329152196,0.0,0.0,0.0,0.0,l2895461,PQ,1.0,1.0,1.0,7199.557856794634,1000000.0,0.95,1.05,0,0,a,False,True,False,12280658.928045,1665725.5981528
875,0.0,0.0,0.0,0.0,0.0,0.0,m1026823,PQ,1.0,1.0,1.0,7199.557856794634,1000000.0,0.95,1.05,0,0,a,False,False,False,12283047.1704793,1665362.89325646
876,0.005319886676721183,0.001333150683601777,0.0,0.0,0.0,0.0,l2879087,PQ,1.0,1.0,1.0,7199.557856794634,1000000.0,0.95,1.05,0,0,a,False,True,False,12283005.3380312,1665152.89543227
877,0.0,0.0,0.0,0.0,0.010170037716079218,0.002549120926521206,l2785529,PQ,1.0,1.0,1.0,7199.557856794634,1000000.0,0.95,1.05,0,0,c,False,True,False,12284236.6284004,1666311.35072935
878,0.0,0.0,0.0,0.0,0.0,0.0,p827511,PQ,1.0,1.0,1.0,7199.557856794634,1000000.0,0.95,1.05,0,0,c,False,False,False,12283633.9060958,1668562.35668344
879,0.0,0.0,0.0,0.0,0.0,0.0,n1140527,PQ,1.0,1.0,1.0,7199.557856794634,1000000.0,0.95,1.05,0,0,c,False,False,False,12283672.8959198,1668563.13492344
880,0.0,0.0,0.0,0.0,0.004070015266063597,0.001020148256422831,l3342743,PQ,1.0,1.0,1.0,7199.557856794634,1000000.0,0.95,1.05,0,0,c,False,True,False,12284135.4572003,1668572.36321145
881,0.0,0.0,0.0,0.0,0.0,0.0,m1026883,PQ,1.0,1.0,1.0,7199.557856794634,1000000.0,0.95,1.05,0,0,c,False,False,False,12285061.9314411,1668559.44033144
882,0.0,0.0,0.0,0.0,0.0,0.0,m1026898,PQ,1.0,1.0,1.0,7199.557856794634,1000000.0,0.95,1.05,0,0,c,False,False,False,12285264.1181933,1668558.80135544
883,0.0,0.0,0.0,0.0,0.00610002288609103,0.0015289692577573248,l3197661,PQ,1.0,1.0,1.0,7199.557856794634,1000000.0,0.95,1.05,0,0,c,False,True,False,12285273.6250093,1668559.69428344
884,0.0,0.0,0.0,0.0,0.0061000228866543845,0.001528969258596757,l3122848,PQ,1.0,1.0,1.0,7199.557856794634,1000000.0,0.95,1.05,0,0,c,False,True,False,12285496.5620975,1668559.03892344
885,0.0,0.0,0.0,0.0,0.0,0.0,m3763624,PQ,1.0,1.0,1.0,7199.557856794634,1000000.0,0.95,1.05,0,0,abc,False,False,False,12283618.1938398,1668711.62311558
886,0.0,0.0,0.0,0.0,0.0,0.0,m3763618,PQ,1.0,1.0,1.0,7199.557856794634,1000000.0,0.95,1.05,0,0,abc,False,False,False,12283634.3976158,1668719.22938759
887,0.0,0.0,0.0,0.0,0.0,0.0,p1121282,PQ,1.0,1.0,1.0,7199.557856794634,1000000.0,0.95,1.05,0,0,c,False,False,False,12283641.9055838,1668729.1171316
888,0.0,0.0,0.0,0.0,0.0,0.0,221-559681,PQ,1.0,1.0,1.0,7199.557856794634,1000000.0,0.95,1.05,0,0,c,False,False,False,12283648.0454878,1668737.20673161
889,0.0,0.0,0.0,0.0,0.0,0.0,n1140526,PQ,1.0,1.0,1.0,7199.557856794634,1000000.0,0.95,1.05,0,0,c,False,False,False,12283682.1938398,1668761.10279563
890,0.0,0.0,0.0,0.0,0.0,0.0,m3763620,PQ,1.0,1.0,1.0,7199.557856794634,1000000.0,0.95,1.05,0,0,c,False,False,False,12285180.1051372,1668860.38573972
891,0.0,0.0,0.0,0.0,0.015260057671630967,0.0038249302352087594,l3645812,PQ,1.0,1.0,1.0,7199.557856794634,1000000.0,0.95,1.05,0,0,c,False,True,False,12285267.8496493,1668769.46273164
892,0.0,0.0,0.0,0.0,0.0,0.0,228-1353934-4_int,PQ,1.0,1.0,1.0,7199.557856794634,1000000.0,0.95,1.05,0,0,c,False,False,False,12284708.6806888,1668904.89287576
893,0.0,0.0,0.0,0.0,0.0,0.0,p1121283,PQ,1.0,1.0,1.0,7199.557856794634,1000000.0,0.95,1.05,0,0,c,False,False,False,12283636.4538078,1668738.73863561
894,0.0,0.0,0.0,0.0,0.0,0.0,221-559682,PQ,1.0,1.0,1.0,7199.557856794634,1000000.0,0.95,1.05,0,0,c,False,False,False,12283642.3807198,1668747.54093962
895,0.0,0.0,0.0,0.0,0.0,0.0,n1140525,PQ,1.0,1.0,1.0,7199.557856794634,1000000.0,0.95,1.05,0,0,c,False,False,False,12283677.6431838,1668769.76173964
896,0.0,0.0,0.0,0.0,0.02034007680469533,0.005098235773373203,l3645809,PQ,1.0,1.0,1.0,7199.557856794634,1000000.0,0.95,1.05,0,0,c,False,True,False,12283806.359984,1668875.09857174
897,0.0,0.0,0.0,0.0,0.03052011609174829,0.007649859759984334,l3645810,PQ,1.0,1.0,1.0,7199.557856794634,1000000.0,0.95,1.05,0,0,c,False,True,False,12284243.5014884,1668929.15757979
898,0.0,0.0,0.0,0.0,0.0,0.0,m3763623,PQ,1.0,1.0,1.0,7199.557856794634,1000000.0,0.95,1.05,0,0,c,False,False,False,12284252.4225764,1668901.71437976
899,0.0,0.0,0.0,0.0,0.030520116530501757,0.007649859930483876,l3645811,PQ,1.0,1.0,1.0,7199.557856794634,1000000.0,0.95,1.05,0,0,c,False,True,False,12284702.2207208,1668920.78945178
900,0.0,0.0,0.0,0.0,0.0,0.0,193-103041,PQ,1.0,1.0,1.0,7199.557856794634,1000000.0,0.95,1.05,0,0,c,False,False,False,12284707.6806888,1668904.89287576
901,0.0,0.0,0.0,0.0,0.0,0.0,p827529,PQ,1.0,1.0,1.0,7199.557856794634,1000000.0,0.95,1.05,0,0,b,False,False,False,12282846.7572951,1669582.21972439
902,0.0,0.0,0.0,0.0,0.0,0.0,n1136668,PQ,1.0,1.0,1.0,7199.557856794634,1000000.0,0.95,1.05,0,0,b,False,False,False,12282832.1018071,1669579.52865239
903,0.0,0.0,0.0038900652725965598,0.0009749457612529518,0.0,0.0,l3029506,PQ,1.0,1.0,1.0,7199.557856794634,1000000.0,0.95,1.05,0,0,b,False,True,False,12282691.2895189,1669560.90414037
904,0.0,0.0,0.0,0.0,0.0,0.0,m1047518,PQ,1.0,1.0,1.0,7199.557856794634,1000000.0,0.95,1.05,0,0,b,False,False,False,12282417.8159827,1669463.61185228
905,0.0,0.0,0.005840097993583294,0.001463671668442816,0.0,0.0,l2973160,PQ,1.0,1.0,1.0,7199.557856794634,1000000.0,0.95,1.05,0,0,b,False,True,False,12282460.4594387,1669182.90887602
906,0.0,0.0,0.0,0.0,0.0,0.0,n1136670,PQ,1.0,1.0,1.0,7199.557856794634,1000000.0,0.95,1.05,0,0,abc,False,False,False,12282916.0124631,1669666.49082847
907,0.0,0.0,0.0,0.0,0.0,0.0,m1047572,PQ,1.0,1.0,1.0,7199.557856794634,1000000.0,0.95,1.05,0,0,abc,False,False,False,12283249.6685274,1669769.62810857
908,0.0,0.0,0.0,0.0,0.0,0.0,m1047580,PQ,1.0,1.0,1.0,7199.557856794634,1000000.0,0.95,1.05,0,0,abc,False,False,False,12283364.4343515,1669772.79431657
909,0.0,0.0,0.0,0.0,0.0,0.0,n1136672,PQ,1.0,1.0,1.0,7199.557856794634,1000000.0,0.95,1.05,0,0,c,False,False,False,12283374.8177116,1669739.64129254
910,0.0,0.0,0.0,0.0,0.006100022886520066,0.0015289680177787333,l3253995,PQ,1.0,1.0,1.0,7199.557856794634,1000000.0,0.95,1.05,0,0,c,False,True,False,12283386.7411676,1669701.5607805
911,0.0,0.0,0.0,0.0,0.0,0.0,p828362,PQ,1.0,1.0,1.0,7199.557856794634,1000000.0,0.95,1.05,0,0,abc,False,False,False,12283386.7985116,1669777.42279658
912,0.0,0.0,0.0,0.0,0.0,0.0,n1136671,PQ,1.0,1.0,1.0,7199.557856794634,1000000.0,0.95,1.05,0,0,abc,False,False,False,12283406.8238556,1669781.54746858
913,0.0,0.0,0.0,0.0,0.0,0.0,m1047593,PQ,1.0,1.0,1.0,7199.557856794634,1000000.0,0.95,1.05,0,0,abc,False,False,False,12283544.1094877,1669809.80986861
914,0.0,0.0,0.0,0.0,0.0,0.0,n1136993,PQ,1.0,1.0,1.0,7199.557856794634,1000000.0,0.95,1.05,0,0,a,False,False,False,12283528.2006237,1669837.81422063
915,0.008869816752177651,0.0022227606991262823,0.0,0.0,0.0,0.0,l2972930,PQ,1.0,1.0,1.0,7199.557856794634,1000000.0,0.95,1.05,0,0,a,False,True,False,12283493.3354717,1669899.20097269
916,0.0,0.0,0.0,0.0,0.0,0.0,m1047615,PQ,1.0,1.0,1.0,7199.557856794634,1000000.0,0.95,1.05,0,0,abc,False,False,False,12283898.061232,1670051.03559683
917,0.0,0.0,0.0,0.0,0.0,0.0,n1136995,PQ,1.0,1.0,1.0,7199.557856794634,1000000.0,0.95,1.05,0,0,c,False,False,False,12283889.775024,1670007.59342079
918,0.0,0.0,0.0,0.0,0.0,0.0,m1047613,PQ,1.0,1.0,1.0,7199.557856794634,1000000.0,0.95,1.05,0,0,c,False,False,False,12283882.009008,1669966.86279675
919,0.0,0.0,0.0,0.0,0.0,0.0,m1047612,PQ,1.0,1.0,1.0,7199.557856794634,1000000.0,0.95,1.05,0,0,c,False,False,False,12283881.77144,1669965.62580475
920,0.0,0.0,0.0,0.0,0.0,0.0,p828360,PQ,1.0,1.0,1.0,7199.557856794634,1000000.0,0.95,1.05,0,0,c,False,False,False,12283868.823984,1669953.66958074
921,0.0,0.0,0.0,0.0,0.015260057189218707,0.003824927760987307,l2729206,PQ,1.0,1.0,1.0,7199.557856794634,1000000.0,0.95,1.05,0,0,c,False,True,False,12283914.4124641,1669887.39630068
922,0.0,0.0,0.0,0.0,0.02034007659796255,0.005098232646184202,l2729207,PQ,1.0,1.0,1.0,7199.557856794634,1000000.0,0.95,1.05,0,0,c,False,True,False,12284625.7893607,1669604.87470041
923,0.0,0.0,0.0,0.0,0.0,0.0,228-961799-3_int,PQ,1.0,1.0,1.0,7199.557856794634,1000000.0,0.95,1.05,0,0,c,False,False,False,12284598.0886887,1669591.3660924
924,0.0,0.0,0.0,0.0,0.0,0.0,p828359,PQ,1.0,1.0,1.0,7199.557856794634,1000000.0,0.95,1.05,0,0,c,False,False,False,12283867.165104,1669966.79726075
925,0.0,0.0,0.0,0.0,0.015260057603988584,0.0038249279223192285,l2878848,PQ,1.0,1.0,1.0,7199.557856794634,1000000.0,0.95,1.05,0,0,c,False,True,False,12283750.6379999,1669576.16993239
926,0.0,0.0,0.0,0.0,0.020340077146675184,0.005098232859517347,l2766499,PQ,1.0,1.0,1.0,7199.557856794634,1000000.0,0.95,1.05,0,0,c,False,True,False,12284084.9412322,1669554.78471637
927,0.0,0.0,0.0,0.0,0.0,0.0,m1047633,PQ,1.0,1.0,1.0,7199.557856794634,1000000.0,0.95,1.05,0,0,c,False,False,False,12284060.7420642,1669556.47226837
928,0.0,0.0,0.0,0.0,0.020340077385370598,0.005098232952386487,l2897554,PQ,1.0,1.0,1.0,7199.557856794634,1000000.0,0.95,1.05,0,0,c,False,True,False,12284332.0078564,1669859.82202865
929,0.0,0.0,0.0,0.0,0.0,0.0,193-46661,PQ,1.0,1.0,1.0,7199.557856794634,1000000.0,0.95,1.05,0,0,c,False,False,False,12284597.0886887,1669591.3660924
930,0.005319890007145642,0.00133315514235005,0.0,0.0,0.0,0.0,l3216123,PQ,1.0,1.0,1.0,7199.557856794634,1000000.0,0.95,1.05,0,0,abc,False,True,False,12283903.6727521,1670054.32058883
931,0.0,0.0,0.0,0.0,0.0,0.0,n1136996,PQ,1.0,1.0,1.0,7199.557856794634,1000000.0,0.95,1.05,0,0,abc,False,False,False,12284178.6986723,1670257.68698902
932,0.0,0.0,0.0,0.0,0.0,0.0,m1047649,PQ,1.0,1.0,1.0,7199.557856794634,1000000.0,0.95,1.05,0,0,abc,False,False,False,12284215.3210083,1670284.76154905
933,0.0,0.0,0.0,0.0,0.0,0.0,n1136997,PQ,1.0,1.0,1.0,7199.557856794634,1000000.0,0.95,1.05,0,0,c,False,False,False,12284216.9143523,1670264.75668503
934,0.0,0.0,0.0,0.0,0.0061000227740330955,0.0015289682469250916,l3104123,PQ,1.0,1.0,1.0,7199.557856794634,1000000.0,0.95,1.05,0,0,c,False,True,False,12284223.5007203,1670182.05025295
935,0.005319889935159816,0.0013331549919017884,0.0,0.0,0.0,0.0,l2973153,PQ,1.0,1.0,1.0,7199.557856794634,1000000.0,0.95,1.05,0,0,abc,False,True,False,12284293.5013604,1670296.77102106
936,0.0,0.0,0.0,0.0,0.0,0.0,n1136998,PQ,1.0,1.0,1.0,7199.557856794634,1000000.0,0.95,1.05,0,0,abc,False,False,False,12284328.0429284,1670297.01678106
937,0.0,0.0,0.0,0.0,0.0,0.0,m1047669,PQ,1.0,1.0,1.0,7199.557856794634,1000000.0,0.95,1.05,0,0,abc,False,False,False,12284547.2895206,1670298.58145306
938,0.0,0.0,0.0,0.0,0.0,0.0,m1047672,PQ,1.0,1.0,1.0,7199.557856794634,1000000.0,0.95,1.05,0,0,abc,False,False,False,12284558.4265447,1670298.63060506
939,0.0,0.0,0.009730164310428543,0.00243861820032863,0.0,0.0,l2822866,PQ,1.0,1.0,1.0,7199.557856794634,1000000.0,0.95,1.05,0,0,abc,False,True,False,12284684.8086248,1670299.17946906
940,0.0,0.0,0.0,0.0,0.0,0.0,m1047688,PQ,1.0,1.0,1.0,7199.557856794634,1000000.0,0.95,1.05,0,0,abc,False,False,False,12284791.7019369,1670296.55802906
941,0.0,0.0,0.0,0.0,0.0,0.0,m1047699,PQ,1.0,1.0,1.0,7199.557856794634,1000000.0,0.95,1.05,0,0,abc,False,False,False,12285016.4207851,1670292.88801306
942,0.0,0.0,0.0,0.0,0.0,0.0,p859135,PQ,1.0,1.0,1.0,7199.557856794634,1000000.0,0.95,1.05,0,0,a,False,False,False,12285023.9779051,1670270.70407703
943,0.0,0.0,0.0,0.0,0.0,0.0,m1047702,PQ,1.0,1.0,1.0,7199.557856794634,1000000.0,0.95,1.05,0,0,a,False,False,False,12285031.1622891,1670249.62196502
944,0.0,0.0,0.0,0.0,0.0,0.0,n1137001,PQ,1.0,1.0,1.0,7199.557856794634,1000000.0,0.95,1.05,0,0,a,False,False,False,12285007.2621291,1670369.50369313
945,0.005319889836364505,0.0013331547729502858,0.0,0.0,0.0,0.0,l2929261,PQ,1.0,1.0,1.0,7199.557856794634,1000000.0,0.95,1.05,0,0,a,False,True,False,12284987.9412971,1670531.19329328
946,0.0,0.0,0.0,0.0,0.0,0.0,n1137002,PQ,1.0,1.0,1.0,7199.557856794634,1000000.0,0.95,1.05,0,0,a,False,False,False,12285034.7176171,1670188.25978896
947,0.0,0.0,0.0,0.0,0.0,0.0,m1047707,PQ,1.0,1.0,1.0,7199.557856794634,1000000.0,0.95,1.05,0,0,a,False,False,False,12285152.3997932,1669945.41204473
948,0.00886981632049737,0.0022227598462449794,0.0,0.0,0.0,0.0,l3159645,PQ,1.0,1.0,1.0,7199.557856794634,1000000.0,0.95,1.05,0,0,a,False,True,False,12285152.9036012,1669937.74433272
949,0.008869816318055312,0.002222759842705399,0.0,0.0,0.0,0.0,l2983432,PQ,1.0,1.0,1.0,7199.557856794634,1000000.0,0.95,1.05,0,0,a,False,True,False,12285173.3057772,1669626.09607643
950,0.003549926471530832,0.0008896050354191651,0.0,0.0,0.0,0.0,l2935554,PQ,1.0,1.0,1.0,7199.557856794634,1000000.0,0.95,1.05,0,0,abc,False,True,False,12285279.5683053,1670295.66919706
951,0.0,0.0,0.0,0.0,0.0,0.0,m1047713,PQ,1.0,1.0,1.0,7199.557856794634,1000000.0,0.95,1.05,0,0,abc,False,False,False,12285423.3911535,1670288.59950105
952,0.0,0.0,0.0,0.0,0.0,0.0,m1047720,PQ,1.0,1.0,1.0,7199.557856794634,1000000.0,0.95,1.05,0,0,abc,False,False,False,12285760.3485938,1670157.56846093
953,0.0,0.0,0.0,0.0,0.0061000225337292996,0.0015289684321999272,l2954345,PQ,1.0,1.0,1.0,7199.557856794634,1000000.0,0.95,1.05,0,0,c,False,True,False,12285536.3506416,1669959.35073274
954,0.0,0.0,0.0,0.0,0.01017003756565818,0.002549116142485899,l2895449,PQ,1.0,1.0,1.0,7199.557856794634,1000000.0,0.95,1.05,0,0,abc,False,True,False,12285766.2918898,1670155.48769293
955,0.0,0.0,0.0,0.0,0.0,0.0,n1137005,PQ,1.0,1.0,1.0,7199.557856794634,1000000.0,0.95,1.05,0,0,abc,False,False,False,12286042.21893,1670058.95316484
956,0.0,0.0,0.0,0.0,0.0,0.0,m1047724,PQ,1.0,1.0,1.0,7199.557856794634,1000000.0,0.95,1.05,0,0,abc,False,False,False,12286085.0508021,1670043.96999682
957,0.0,0.0,0.0,0.0,0.0,0.0,m1047722,PQ,1.0,1.0,1.0,7199.557856794634,1000000.0,0.95,1.05,0,0,abc,False,False,False,12286048.989618,1669909.7113087
958,0.0,0.0,0.0,0.0,0.0,0.0,l3214064,PQ,1.0,1.0,1.0,7199.557856794634,1000000.0,0.95,1.05,0,0,b,False,False,False,12285932.9908979,1669909.7113087
959,0.0,0.0,0.0,0.0,0.0,0.0,n1137985,PQ,1.0,1.0,1.0,7199.557856794634,1000000.0,0.95,1.05,0,0,a,False,False,False,12286040.506802,1669879.28212467
960,0.008869816142764341,0.002222759348883719,0.0,0.0,0.0,0.0,l3176656,PQ,1.0,1.0,1.0,7199.557856794634,1000000.0,0.95,1.05,0,0,a,False,True,False,12285948.678578,1669080.57441193
961,0.0,0.0,0.0,0.0,0.010170037345733551,0.002549116233914483,l2841621,PQ,1.0,1.0,1.0,7199.557856794634,1000000.0,0.95,1.05,0,0,abc,False,True,False,12286402.7898104,1669900.97044469
962,0.0,0.0,0.0,0.0,0.0,0.0,n1137986,PQ,1.0,1.0,1.0,7199.557856794634,1000000.0,0.95,1.05,0,0,abc,False,False,False,12286502.6789625,1669954.63214074
963,0.0,0.0,0.0,0.0,0.0,0.0,m1047732,PQ,1.0,1.0,1.0,7199.557856794634,1000000.0,0.95,1.05,0,0,abc,False,False,False,12286627.1400186,1670021.4911488
964,0.0,0.0,0.0,0.0,0.0,0.0,m1047737,PQ,1.0,1.0,1.0,7199.557856794634,1000000.0,0.95,1.05,0,0,abc,False,False,False,12286804.3084028,1670244.01863701
965,0.0,0.0,0.0,0.0,0.0,0.0,l3027157,PQ,1.0,1.0,1.0,7199.557856794634,1000000.0,0.95,1.05,0,0,abc,False,False,False,12287336.0634112,1670257.12993302
966,0.005319889633311124,0.001333154105488031,0.0,0.0,0.0,0.0,l2973155,PQ,1.0,1.0,1.0,7199.557856794634,1000000.0,0.95,1.05,0,0,abc,False,True,False,12287698.2808836,1670269.04929303
967,0.0035499263473423204,0.0008896046075040824,0.0,0.0,0.0,0.0,l3784018,PQ,1.0,1.0,1.0,7199.557856794634,1000000.0,0.95,1.05,0,0,abc,False,True,False,12287908.2623238,1670271.79361304
968,0.0,0.0,0.0,0.0,0.0,0.0,n1136028,PQ,1.0,1.0,1.0,7199.557856794634,1000000.0,0.95,1.05,0,0,abc,False,False,False,12288066.7611399,1670274.61166104
969,0.005319889617840799,0.0013331540310138586,0.0,0.0,0.0,0.0,l2876797,PQ,1.0,1.0,1.0,7199.557856794634,1000000.0,0.95,1.05,0,0,abc,False,True,False,12288092.352948,1670275.23015704
970,0.0,0.0,0.0,0.0,0.0,0.0,r18241,PQ,1.0,1.0,1.0,7199.557856794634,1000000.0,0.95,1.05,0,0,abc,False,False,False,12288254.3374601,1670273.23130904
971,0.0,0.0,0.0,0.0,0.0,0.0,m1047763,PQ,1.0,1.0,1.0,7199.557856794634,1000000.0,0.95,1.05,0,0,abc,False,False,False,12288479.5109643,1670298.08174106
972,0.0,0.0,0.0,0.0,0.0,0.0,n1136027,PQ,1.0,1.0,1.0,7199.557856794634,1000000.0,0.95,1.05,0,0,a,False,False,False,12288439.9599883,1670342.5561091
973,0.005319889596388615,0.0013331539487894766,0.0,0.0,0.0,0.0,l2876796,PQ,1.0,1.0,1.0,7199.557856794634,1000000.0,0.95,1.05,0,0,a,False,True,False,12288298.0540681,1670502.11988525
974,0.0,0.0,0.0,0.0,0.0,0.0,m1047756,PQ,1.0,1.0,1.0,7199.557856794634,1000000.0,0.95,1.05,0,0,a,False,False,False,12288186.73298,1670627.29774137
975,0.0,0.0,0.0,0.0,0.0,0.0,m1047755,PQ,1.0,1.0,1.0,7199.557856794634,1000000.0,0.95,1.05,0,0,a,False,False,False,12288174.530996,1670641.01934138
976,0.0,0.0,0.0,0.0,0.0,0.0,m1047751,PQ,1.0,1.0,1.0,7199.557856794634,1000000.0,0.95,1.05,0,0,a,False,False,False,12288000.0004359,1670806.28884553
977,0.005319889588411717,0.0013331539372329327,0.0,0.0,0.0,0.0,l2973154,PQ,1.0,1.0,1.0,7199.557856794634,1000000.0,0.95,1.05,0,0,a,False,True,False,12287978.0008198,1670826.33057355
978,0.0035499263221673598,0.0008896045206876936,0.0,0.0,0.0,0.0,l2879069,PQ,1.0,1.0,1.0,7199.557856794634,1000000.0,0.95,1.05,0,0,a,False,True,False,12287767.7408517,1670824.51194955
979,0.008869815906044503,0.002222758451350992,0.0,0.0,0.0,0.0,l3197633,PQ,1.0,1.0,1.0,7199.557856794634,1000000.0,0.95,1.05,0,0,a,False,True,False,12287366.9185793,1670838.16801356
980,0.00886981591404516,0.0022227584629423013,0.0,0.0,0.0,0.0,l3066812,PQ,1.0,1.0,1.0,7199.557856794634,1000000.0,0.95,1.05,0,0,a,False,True,False,12288187.478452,1670691.31002943
981,0.005319889586513212,0.0013331539344826377,0.0,0.0,0.0,0.0,l2841622,PQ,1.0,1.0,1.0,7199.557856794634,1000000.0,0.95,1.05,0,0,a,False,True,False,12288268.8987401,1670903.38862162
982,0.00886981589034452,0.0022227584286062287,0.0,0.0,0.0,0.0,l2804254,PQ,1.0,1.0,1.0,7199.557856794634,1000000.0,0.95,1.05,0,0,a,False,True,False,12288039.9814919,1671689.93121436
983,0.0,0.0,0.0,0.0,0.0,0.0,m1047752,PQ,1.0,1.0,1.0,7199.557856794634,1000000.0,0.95,1.05,0,0,a,False,False,False,12288000.0004359,1671672.42900634
984,0.0,0.0,0.0,0.0,0.0,0.0,m1047750,PQ,1.0,1.0,1.0,7199.557856794634,1000000.0,0.95,1.05,0,0,a,False,False,False,12287785.5584517,1671578.56097425
985,0.0,0.0,0.0,0.0,0.0,0.0,l2708293,PQ,1.0,1.0,1.0,7199.557856794634,1000000.0,0.95,1.05,0,0,a,False,False,False,12287486.3456514,1672122.91118276
986,0.0,0.0,0.0,0.0,0.0,0.0,m1047744,PQ,1.0,1.0,1.0,7199.557856794634,1000000.0,0.95,1.05,0,0,a,False,False,False,12287628.9929475,1671350.52846204
987,0.005319889571523919,0.0013331539127668989,0.0,0.0,0.0,0.0,l3178971,PQ,1.0,1.0,1.0,7199.557856794634,1000000.0,0.95,1.05,0,0,a,False,True,False,12287627.4282755,1671348.25108604
988,0.008869815882321717,0.0022227584169830544,0.0,0.0,0.0,0.0,l2879067,PQ,1.0,1.0,1.0,7199.557856794634,1000000.0,0.95,1.05,0,0,a,False,True,False,12287707.8614276,1671245.34318194
989,0.0,0.0,0.0,0.0,0.0,0.0,n1136030,PQ,1.0,1.0,1.0,7199.557856794634,1000000.0,0.95,1.05,0,0,b,False,False,False,12288535.9005964,1670309.31706907
990,0.0,0.0,0.0,0.0,0.0,0.0,m1047766,PQ,1.0,1.0,1.0,7199.557856794634,1000000.0,0.95,1.05,0,0,b,False,False,False,12288634.9992205,1670329.06798109
991,0.0,0.0,0.0,0.0,0.0,0.0,m1047768,PQ,1.0,1.0,1.0,7199.557856794634,1000000.0,0.95,1.05,0,0,b,False,False,False,12288778.9613326,1670388.71802914
992,0.0,0.0,0.0,0.0,0.0,0.0,p827554,PQ,1.0,1.0,1.0,7199.557856794634,1000000.0,0.95,1.05,0,0,b,False,False,False,12288792.1545486,1670391.90881315
993,0.0,0.0,0.0,0.0,0.0,0.0,m1047769,PQ,1.0,1.0,1.0,7199.557856794634,1000000.0,0.95,1.05,0,0,b,False,False,False,12288817.2794126,1670397.98318115
994,0.0,0.0,0.005840099710831743,0.0014636733342723756,0.0,0.0,l3197632,PQ,1.0,1.0,1.0,7199.557856794634,1000000.0,0.95,1.05,0,0,b,False,True,False,12288748.3805966,1670869.73178959
995,0.0,0.0,0.00973016615709363,0.0024386202491542405,0.0,0.0,l2710514,PQ,1.0,1.0,1.0,7199.557856794634,1000000.0,0.95,1.05,0,0,b,False,True,False,12289152.8114449,1670479.08807723
996,0.0,0.0,0.0,0.0,0.0,0.0,m1047787,PQ,1.0,1.0,1.0,7199.557856794634,1000000.0,0.95,1.05,0,0,b,False,False,False,12289641.9598614,1670602.43092534
997,0.0,0.0,0.0058400997663452395,0.00146367341626408,0.0,0.0,l3157710,PQ,1.0,1.0,1.0,7199.557856794634,1000000.0,0.95,1.05,0,0,b,False,True,False,12289877.7461016,1670660.4589574
998,0.0,0.0,0.0,0.0,0.0,0.0,m1047793,PQ,1.0,1.0,1.0,7199.557856794634,1000000.0,0.95,1.05,0,0,b,False,False,False,12290040.6604058,1670700.55060544
999,0.0,0.0,0.0,0.0,0.0,0.0,p827555,PQ,1.0,1.0,1.0,7199.557856794634,1000000.0,0.95,1.05,0,0,b,False,False,False,12290042.0817178,1670680.59898942
1000,0.0,0.0,0.0,0.0,0.0,0.0,m1047794,PQ,1.0,1.0,1.0,7199.557856794634,1000000.0,0.95,1.05,0,0,b,False,False,False,12290043.5276058,1670654.56890939
1001,0.0,0.0,0.0,0.0,0.0,0.0,m1047792,PQ,1.0,1.0,1.0,7199.557856794634,1000000.0,0.95,1.05,0,0,b,False,False,False,12289993.1017497,1670907.73857363
1002,0.0,0.0,0.0,0.0,0.0,0.0,l2876846,PQ,1.0,1.0,1.0,7199.557856794634,1000000.0,0.95,1.05,0,0,b,False,False,False,12289996.1245977,1672118.97083076
1003,0.0,0.0,0.009730166244691033,0.002438620378550623,0.0,0.0,l3048203,PQ,1.0,1.0,1.0,7199.557856794634,1000000.0,0.95,1.05,0,0,b,False,True,False,12289959.4981657,1673072.92103964
1004,0.0,0.0,0.005840099776378567,0.001463673431086725,0.0,0.0,l2860500,PQ,1.0,1.0,1.0,7199.557856794634,1000000.0,0.95,1.05,0,0,b,False,True,False,12290279.031222,1671019.78874973
1005,0.0,0.0,0.0,0.0,0.0,0.0,m1047796,PQ,1.0,1.0,1.0,7199.557856794634,1000000.0,0.95,1.05,0,0,b,False,False,False,12290067.4728218,1670220.02017299
1006,0.0,0.0,0.00584009977603158,0.0014636734305739643,0.0,0.0,l3010562,PQ,1.0,1.0,1.0,7199.557856794634,1000000.0,0.95,1.05,0,0,b,False,True,False,12289896.0797976,1669857.56103665
1007,0.0,0.0,0.0,0.0,0.0,0.0,m1047795,PQ,1.0,1.0,1.0,7199.557856794634,1000000.0,0.95,1.05,0,0,b,False,False,False,12290061.7998618,1670704.31073344
1008,0.0,0.0,0.009730166248982423,0.0024386203848844887,0.0,0.0,l3160117,PQ,1.0,1.0,1.0,7199.557856794634,1000000.0,0.95,1.05,0,0,b,False,True,False,12290241.774006,1670717.44250945
1009,0.0,0.0,0.009730166271305381,0.0024386204178630665,0.0,0.0,l3215549,PQ,1.0,1.0,1.0,7199.557856794634,1000000.0,0.95,1.05,0,0,b,False,True,False,12290560.5615903,1670740.69959747
1010,0.0,0.0,0.0038900664867693134,0.0009749469747278722,0.0,0.0,l2897800,PQ,1.0,1.0,1.0,7199.557856794634,1000000.0,0.95,1.05,0,0,b,False,True,False,12291030.7291427,1670770.9977095
1011,0.0,0.0,0.0,0.0,0.0,0.0,m1047809,PQ,1.0,1.0,1.0,7199.557856794634,1000000.0,0.95,1.05,0,0,b,False,False,False,12291117.0400548,1670760.76999749
1012,0.0,0.0,0.009730166310781144,0.002438620476188686,0.0,0.0,l2989432,PQ,1.0,1.0,1.0,7199.557856794634,1000000.0,0.95,1.05,0,0,b,False,True,False,12291021.1240227,1670981.5812617
1013,0.0,0.0,0.009730166312866042,0.0024386204792700393,0.0,0.0,l3066830,PQ,1.0,1.0,1.0,7199.557856794634,1000000.0,0.95,1.05,0,0,b,False,True,False,12290914.0381986,1671228.11130993
1014,0.0,0.0,0.009730166314565228,0.0024386204817813516,0.0,0.0,l3197660,PQ,1.0,1.0,1.0,7199.557856794634,1000000.0,0.95,1.05,0,0,b,False,True,False,12290731.9587104,1671626.5988623
1015,0.0,0.0,0.0,0.0,0.0,0.0,m1047812,PQ,1.0,1.0,1.0,7199.557856794634,1000000.0,0.95,1.05,0,0,b,False,False,False,12291378.110903,1670703.59393344
1016,0.0,0.0,0.0,0.0,0.0,0.0,m4350438,PQ,1.0,1.0,1.0,7199.557856794634,1000000.0,0.95,1.05,0,0,b,False,False,False,12291449.6803111,1670705.70337344
1017,0.0,0.0,0.00584009983954661,0.0014636735244137591,0.0,0.0,l2935568,PQ,1.0,1.0,1.0,7199.557856794634,1000000.0,0.95,1.05,0,0,b,False,True,False,12291702.9810473,1670885.59559761
1018,0.0,0.0,0.005840099857851301,0.0014636735514633682,0.0,0.0,l3235246,PQ,1.0,1.0,1.0,7199.557856794634,1000000.0,0.95,1.05,0,0,b,False,True,False,12292264.7802158,1671107.91009381
1019,0.0,0.0,0.009730166384942542,0.0024386205857752797,0.0,0.0,l2710512,PQ,1.0,1.0,1.0,7199.557856794634,1000000.0,0.95,1.05,0,0,b,False,True,False,12292514.5010481,1671150.27092585
1020,0.0,0.0,0.0,0.0,0.0,0.0,m1047828,PQ,1.0,1.0,1.0,7199.557856794634,1000000.0,0.95,1.05,0,0,b,False,False,False,12292942.2790965,1671351.54017404
1021,0.0,0.0,0.0038900665321790055,0.0009749470418319099,0.0,0.0,l2710513,PQ,1.0,1.0,1.0,7199.557856794634,1000000.0,0.95,1.05,0,0,b,False,True,False,12292806.5089843,1671641.81140631
1022,0.0,0.0,0.0,0.0,0.0,0.0,p827553,PQ,1.0,1.0,1.0,7199.557856794634,1000000.0,0.95,1.05,0,0,b,False,False,False,12292775.2073523,1672261.45838289
1023,0.0,0.0,0.0,0.0,0.0,0.0,m1047826,PQ,1.0,1.0,1.0,7199.557856794634,1000000.0,0.95,1.05,0,0,b,False,False,False,12292774.2120243,1672278.99745491
1024,0.0,0.0,0.0,0.0,0.0,0.0,m1047825,PQ,1.0,1.0,1.0,7199.557856794634,1000000.0,0.95,1.05,0,0,b,False,False,False,12292763.2265523,1672472.69729509
1025,0.0,0.0,0.0,0.0,0.0,0.0,m1069731,PQ,1.0,1.0,1.0,7199.557856794634,1000000.0,0.95,1.05,0,0,b,False,False,False,12292748.3785523,1672754.66183935
1026,0.0,0.0,0.01459024958832952,0.0036566779941468574,0.0,0.0,l2710504,PQ,1.0,1.0,1.0,7199.557856794634,1000000.0,0.95,1.05,0,0,b,False,True,False,12292906.2302004,1672846.49825543
1027,0.0,0.0,0.0,0.0,0.0,0.0,m1069730,PQ,1.0,1.0,1.0,7199.557856794634,1000000.0,0.95,1.05,0,0,b,False,False,False,12292718.8791603,1673318.84897587
1028,0.0,0.0,0.014590249607893653,0.0036566780230660387,0.0,0.0,l3159037,PQ,1.0,1.0,1.0,7199.557856794634,1000000.0,0.95,1.05,0,0,b,False,True,False,12292721.1688243,1673436.40417598
1029,0.0,0.0,0.0,0.0,0.0,0.0,m1069738,PQ,1.0,1.0,1.0,7199.557856794634,1000000.0,0.95,1.05,0,0,b,False,False,False,12292813.2632883,1673569.87233611
1030,0.0,0.0,0.009730166465433596,0.0024386207047442025,0.0,0.0,l2690941,PQ,1.0,1.0,1.0,7199.557856794634,1000000.0,0.95,1.05,0,0,b,False,True,False,12293136.9578806,1673571.79745611
1031,0.0,0.0,0.00973016646661498,0.0024386207064905404,0.0,0.0,l3234185,PQ,1.0,1.0,1.0,7199.557856794634,1000000.0,0.95,1.05,0,0,b,False,True,False,12292499.2475441,1673575.53710411
1032,0.0,0.0,0.009730166467880826,0.0024386207083617506,0.0,0.0,l3065750,PQ,1.0,1.0,1.0,7199.557856794634,1000000.0,0.95,1.05,0,0,b,False,True,False,12292173.0912558,1673580.98888012
1033,0.0,0.0,0.00973016646082508,0.0024386206979318437,0.0,0.0,l2748124,PQ,1.0,1.0,1.0,7199.557856794634,1000000.0,0.95,1.05,0,0,b,False,True,False,12292567.3517361,1673313.60199987
1034,0.0,0.0,0.00584009989884004,0.0014636736120430846,0.0,0.0,l2726975,PQ,1.0,1.0,1.0,7199.557856794634,1000000.0,0.95,1.05,0,0,b,False,True,False,12292533.2279601,1672472.72187109
1035,0.0,0.0,0.009730166406900989,0.002438620618228302,0.0,0.0,l2954346,PQ,1.0,1.0,1.0,7199.557856794634,1000000.0,0.95,1.05,0,0,b,False,True,False,12293006.7501365,1671333.48910202
1036,0.0,0.0,0.0,0.0,0.0,0.0,m1047831,PQ,1.0,1.0,1.0,7199.557856794634,1000000.0,0.95,1.05,0,0,b,False,False,False,12293404.4389689,1671541.25051022
1037,0.0,0.0,0.005840099882032917,0.00146367358720215,0.0,0.0,l2710505,PQ,1.0,1.0,1.0,7199.557856794634,1000000.0,0.95,1.05,0,0,b,False,True,False,12293311.3696568,1671865.96091052
1038,0.0,0.0,0.005840099882666597,0.0014636735881388054,0.0,0.0,l3178974,PQ,1.0,1.0,1.0,7199.557856794634,1000000.0,0.95,1.05,0,0,b,False,True,False,12293668.1517371,1671539.46875022
1039,0.0,0.0,0.0,0.0,0.0,0.0,m3327098,PQ,1.0,1.0,1.0,7199.557856794634,1000000.0,0.95,1.05,0,0,b,False,False,False,12293904.0690494,1671532.50964621
1040,0.0,0.0,0.0,0.0,0.0,0.0,m3327097,PQ,1.0,1.0,1.0,7199.557856794634,1000000.0,0.95,1.05,0,0,b,False,False,False,12293951.6850494,1671275.89114997
1041,0.0,0.0,0.005840099883888241,0.001463673589944553,0.0,0.0,l3448661,PQ,1.0,1.0,1.0,7199.557856794634,1000000.0,0.95,1.05,0,0,b,False,True,False,12293927.6333374,1671136.95892584
1042,0.0,0.0,0.005840099884242596,0.0014636735904683387,0.0,0.0,l2691943,PQ,1.0,1.0,1.0,7199.557856794634,1000000.0,0.95,1.05,0,0,b,False,True,False,12294235.5910977,1671146.39201385
1043,0.0,0.0,0.019450332051150206,0.004874733308336406,0.0,0.0,l3216344,PQ,1.0,1.0,1.0,7199.557856794634,1000000.0,0.95,1.05,0,0,b,False,True,False,12288593.0807564,1670505.02804525
1044,0.0,0.0,0.009730166111330122,0.002438620181573266,0.0,0.0,l2860501,PQ,1.0,1.0,1.0,7199.557856794634,1000000.0,0.95,1.05,0,0,b,False,True,False,12288681.5379725,1670555.7692933
1045,0.0,0.0,0.0,0.0,0.0,0.0,p827509,PQ,1.0,1.0,1.0,7199.557856794634,1000000.0,0.95,1.05,0,0,b,False,False,False,12288487.4449163,1670285.08513305
1046,0.0,0.0,0.0,0.0,0.0,0.0,n1136029,PQ,1.0,1.0,1.0,7199.557856794634,1000000.0,0.95,1.05,0,0,b,False,False,False,12288498.7539723,1670266.56302103
1047,0.0,0.0,0.0,0.0,0.0,0.0,m1047767,PQ,1.0,1.0,1.0,7199.557856794634,1000000.0,0.95,1.05,0,0,b,False,False,False,12288685.6298765,1669960.48122875
1048,0.0,0.0,0.009730166154700579,0.002438620245632471,0.0,0.0,l2879068,PQ,1.0,1.0,1.0,7199.557856794634,1000000.0,0.95,1.05,0,0,b,False,True,False,12288873.0382607,1669658.36846046
1049,0.0,0.0,0.0,0.0,0.0,0.0,m1047773,PQ,1.0,1.0,1.0,7199.557856794634,1000000.0,0.95,1.05,0,0,b,False,False,False,12289035.5388688,1669385.50932421
1050,0.0,0.0,0.00973016619653212,0.002438620307426757,0.0,0.0,l2973152,PQ,1.0,1.0,1.0,7199.557856794634,1000000.0,0.95,1.05,0,0,b,False,True,False,12289153.2087569,1669197.74049204
1051,0.0,0.0,0.0,0.0,0.0,0.0,m1047777,PQ,1.0,1.0,1.0,7199.557856794634,1000000.0,0.95,1.05,0,0,b,False,False,False,12289179.640245,1669147.47028399
1052,0.0,0.0,0.009730166207687697,0.002438620323910052,0.0,0.0,l3178975,PQ,1.0,1.0,1.0,7199.557856794634,1000000.0,0.95,1.05,0,0,b,False,True,False,12288464.6383883,1667933.07181886
1053,0.0,0.0,0.005840099768759015,0.0014636734198462586,0.0,0.0,l2748131,PQ,1.0,1.0,1.0,7199.557856794634,1000000.0,0.95,1.05,0,0,b,False,True,False,12289370.9480211,1668845.05031571
1054,0.0,0.0,0.00584009977575532,0.0014636734301828487,0.0,0.0,l2729427,PQ,1.0,1.0,1.0,7199.557856794634,1000000.0,0.95,1.05,0,0,b,False,True,False,12289506.3085333,1668721.58868359
1055,0.0,0.0,0.0,0.0,0.0,0.0,m1047786,PQ,1.0,1.0,1.0,7199.557856794634,1000000.0,0.95,1.05,0,0,b,False,False,False,12289607.0906134,1668612.40980349
1056,0.0,0.0,0.0,0.0,0.0,0.0,m1026969,PQ,1.0,1.0,1.0,7199.557856794634,1000000.0,0.95,1.05,0,0,b,False,False,False,12289410.7611412,1668546.28807543
1057,0.0,0.0,0.0,0.0,0.0,0.0,m1026972,PQ,1.0,1.0,1.0,7199.557856794634,1000000.0,0.95,1.05,0,0,b,False,False,False,12289417.3557012,1668420.29511531
1058,0.0,0.0,0.009730166249694434,0.002438620385970402,0.0,0.0,l2860483,PQ,1.0,1.0,1.0,7199.557856794634,1000000.0,0.95,1.05,0,0,b,False,True,False,12289426.6986772,1668221.44250713
1059,0.0,0.0,0.009730166250661917,0.002438620387400176,0.0,0.0,l3141397,PQ,1.0,1.0,1.0,7199.557856794634,1000000.0,0.95,1.05,0,0,b,False,True,False,12289462.7311892,1667974.5479149
1060,0.0,0.0,0.005840099782892435,0.0014636734407283611,0.0,0.0,l2879066,PQ,1.0,1.0,1.0,7199.557856794634,1000000.0,0.95,1.05,0,0,b,False,True,False,12289125.7000209,1668457.69159535
1061,0.0,0.0,0.0058400997882316775,0.0014636734486163918,0.0,0.0,l3048207,PQ,1.0,1.0,1.0,7199.557856794634,1000000.0,0.95,1.05,0,0,b,False,True,False,12289751.0199575,1668435.52404333
1062,0.0,0.0,0.0,0.0,0.0,0.0,m3036164,PQ,1.0,1.0,1.0,7199.557856794634,1000000.0,0.95,1.05,0,0,b,False,False,False,12289757.0697495,1668428.08980332
1063,0.0,0.0,0.009730166264282537,0.0024386204075224492,0.0,0.0,l2935553,PQ,1.0,1.0,1.0,7199.557856794634,1000000.0,0.95,1.05,0,0,b,False,True,False,12289885.9790616,1668339.05914724
1064,0.0,0.0,0.0,0.0,0.0,0.0,m1026987,PQ,1.0,1.0,1.0,7199.557856794634,1000000.0,0.95,1.05,0,0,b,False,False,False,12290267.460022,1668140.91105105
1065,0.0,0.0,0.0,0.0,0.0,0.0,m1026990,PQ,1.0,1.0,1.0,7199.557856794634,1000000.0,0.95,1.05,0,0,b,False,False,False,12290448.8595741,1668187.08935509
1066,0.0,0.0,0.0,0.0,0.0,0.0,m1027001,PQ,1.0,1.0,1.0,7199.557856794634,1000000.0,0.95,1.05,0,0,b,False,False,False,12291284.5418789,1668207.92980311
1067,0.0,0.0,0.0,0.0,0.0,0.0,m1027004,PQ,1.0,1.0,1.0,7199.557856794634,1000000.0,0.95,1.05,0,0,b,False,False,False,12291585.8518312,1668200.83143511
1068,0.0,0.0,0.00584009984357478,0.0014636735303950128,0.0,0.0,l2897765,PQ,1.0,1.0,1.0,7199.557856794634,1000000.0,0.95,1.05,0,0,b,False,True,False,12291965.6780076,1668492.15943538
1069,0.0,0.0,0.0,0.0,0.0,0.0,m1047819,PQ,1.0,1.0,1.0,7199.557856794634,1000000.0,0.95,1.05,0,0,b,False,False,False,12292261.4010158,1668722.33005959
1070,0.0,0.0,0.00584009985070955,0.0014636735409396,0.0,0.0,l2916603,PQ,1.0,1.0,1.0,7199.557856794634,1000000.0,0.95,1.05,0,0,b,False,True,False,12292430.840248,1668560.75924344
1071,0.0,0.0,0.0,0.0,0.0,0.0,m1047821,PQ,1.0,1.0,1.0,7199.557856794634,1000000.0,0.95,1.05,0,0,b,False,False,False,12292438.749624,1668856.62151572
1072,0.0,0.0,0.005840099854958416,0.0014636735472191762,0.0,0.0,l2684420,PQ,1.0,1.0,1.0,7199.557856794634,1000000.0,0.95,1.05,0,0,b,False,True,False,12292486.619576,1668900.35860376
1073,0.0,0.0,0.0,0.0,0.0,0.0,m1047824,PQ,1.0,1.0,1.0,7199.557856794634,1000000.0,0.95,1.05,0,0,b,False,False,False,12292760.0603443,1668886.44858775
1074,0.0,0.0,0.0,0.0,0.0,0.0,m1047834,PQ,1.0,1.0,1.0,7199.557856794634,1000000.0,0.95,1.05,0,0,b,False,False,False,12294111.8796096,1668736.78074761
1075,0.0,0.0,0.0019500333479616993,0.0004887265425841965,0.0,0.0,l3197624,PQ,1.0,1.0,1.0,7199.557856794634,1000000.0,0.95,1.05,0,0,b,False,True,False,12294417.8385218,1668694.17825157
1076,0.0,0.0,0.0,0.0,0.0,0.0,m1027101,PQ,1.0,1.0,1.0,7199.557856794634,1000000.0,0.95,1.05,0,0,b,False,False,False,12294748.9714502,1668381.94836328
1077,0.0,0.0,0.009730166404455813,0.002438620614671144,0.0,0.0,l2860480,PQ,1.0,1.0,1.0,7199.557856794634,1000000.0,0.95,1.05,0,0,b,False,True,False,12295141.7286985,1668162.21025107
1078,0.0,0.0,0.005840099875670022,0.0014636735778313533,0.0,0.0,l2710508,PQ,1.0,1.0,1.0,7199.557856794634,1000000.0,0.95,1.05,0,0,b,False,True,False,12294740.7794501,1668373.33857127
1079,0.0,0.0,0.009730166404212074,0.002438620614310871,0.0,0.0,l2822860,PQ,1.0,1.0,1.0,7199.557856794634,1000000.0,0.95,1.05,0,0,b,False,True,False,12294429.4097219,1668040.32967496
1080,0.0,0.0,0.0,0.0,0.0,0.0,m1047835,PQ,1.0,1.0,1.0,7199.557856794634,1000000.0,0.95,1.05,0,0,b,False,False,False,12294195.0202176,1668898.04026776
1081,0.0,0.0,0.0,0.0,0.0,0.0,m1047836,PQ,1.0,1.0,1.0,7199.557856794634,1000000.0,0.95,1.05,0,0,b,False,False,False,12294814.4787782,1668756.31866762
1082,0.0,0.0,0.0058400998737832485,0.0014636735750425591,0.0,0.0,l3048199,PQ,1.0,1.0,1.0,7199.557856794634,1000000.0,0.95,1.05,0,0,b,False,True,False,12294857.1590983,1669215.29185205
1083,0.0,0.0,0.0,0.0,0.0,0.0,m1047837,PQ,1.0,1.0,1.0,7199.557856794634,1000000.0,0.95,1.05,0,0,b,False,False,False,12294911.4106183,1669488.11822031
1084,0.0,0.0,0.005840099874489324,0.0014636735760862097,0.0,0.0,l3254203,PQ,1.0,1.0,1.0,7199.557856794634,1000000.0,0.95,1.05,0,0,b,False,True,False,12295553.1800909,1668960.49197981
1085,0.0,0.0,0.009730166374242,0.0024386205700140363,0.0,0.0,l3122810,PQ,1.0,1.0,1.0,7199.557856794634,1000000.0,0.95,1.05,0,0,b,False,True,False,12292729.5820083,1668632.02964351
1086,0.0,0.0,0.009730166370726441,0.002438620564818446,0.0,0.0,l2785512,PQ,1.0,1.0,1.0,7199.557856794634,1000000.0,0.95,1.05,0,0,b,False,True,False,12291762.2911274,1668867.65204373
1087,0.0,0.0,0.0,0.0,0.0,0.0,m1047813,PQ,1.0,1.0,1.0,7199.557856794634,1000000.0,0.95,1.05,0,0,b,False,False,False,12291387.031991,1668914.91988377
1088,0.0,0.0,0.005840099857481984,0.0014636735509492018,0.0,0.0,l2973149,PQ,1.0,1.0,1.0,7199.557856794634,1000000.0,0.95,1.05,0,0,b,False,True,False,12291180.5485348,1668991.60929184
1089,0.0,0.0,0.0038900664994670742,0.0009749469935077534,0.0,0.0,l2804248,PQ,1.0,1.0,1.0,7199.557856794634,1000000.0,0.95,1.05,0,0,b,False,True,False,12291710.7020073,1668194.4908271
1090,0.0,0.0,0.0,0.0,0.0,0.0,m1027005,PQ,1.0,1.0,1.0,7199.557856794634,1000000.0,0.95,1.05,0,0,b,False,False,False,12291699.6591913,1668000.00045892
1091,0.0,0.0,0.005840099835575959,0.001463673518574193,0.0,0.0,l3160100,PQ,1.0,1.0,1.0,7199.557856794634,1000000.0,0.95,1.05,0,0,b,False,True,False,12291692.4502313,1667872.8401388
1092,0.0,0.0,0.005840099835882507,0.0014636735190272725,0.0,0.0,l3085390,PQ,1.0,1.0,1.0,7199.557856794634,1000000.0,0.95,1.05,0,0,b,False,True,False,12291911.0496555,1667854.24839478
1093,0.0,0.0,0.0,0.0,0.0,0.0,m1026989,PQ,1.0,1.0,1.0,7199.557856794634,1000000.0,0.95,1.05,0,0,b,False,False,False,12290334.470582,1668000.00045892
1094,0.0,0.0,0.0058400998044638025,0.0014636734725999227,0.0,0.0,l2673343,PQ,1.0,1.0,1.0,7199.557856794634,1000000.0,0.95,1.05,0,0,b,False,True,False,12290612.5603103,1667428.14151439
1095,0.0,0.0,0.0,0.0,0.0,0.0,l2764436,PQ,1.0,1.0,1.0,7199.557856794634,1000000.0,0.95,1.05,0,0,b,False,False,False,12290822.8735265,1667142.06868212
1096,0.0,0.0,0.00973016625937899,0.0024386204002783147,0.0,0.0,l3085397,PQ,1.0,1.0,1.0,7199.557856794634,1000000.0,0.95,1.05,0,0,b,False,True,False,12290075.4600218,1668881.32858774
1097,0.0,0.0,0.0,0.0,0.0,0.0,m1047780,PQ,1.0,1.0,1.0,7199.557856794634,1000000.0,0.95,1.05,0,0,b,False,False,False,12289386.0008212,1669365.65191619
1098,0.0,0.0,0.009730166203445427,0.00243862031764109,0.0,0.0,l3066811,PQ,1.0,1.0,1.0,7199.557856794634,1000000.0,0.95,1.05,0,0,b,False,True,False,12289720.8693015,1669590.0922364
1099,0.0,0.0,0.005840099710090893,0.0014636733331816168,0.0,0.0,l2860484,PQ,1.0,1.0,1.0,7199.557856794634,1000000.0,0.95,1.05,0,0,b,False,True,False,12289005.5192848,1670121.7817089
1100,0.0,0.0,0.0,0.0,0.0,0.0,n1137988,PQ,1.0,1.0,1.0,7199.557856794634,1000000.0,0.95,1.05,0,0,a,False,False,False,12286797.4639867,1670308.29306907
1101,0.00531988967256195,0.0013331542808995714,0.0,0.0,0.0,0.0,l2991908,PQ,1.0,1.0,1.0,7199.557856794634,1000000.0,0.95,1.05,0,0,a,False,True,False,12286783.2508667,1670441.72846119
1102,0.00886981604921432,0.0022227590284965635,0.0,0.0,0.0,0.0,l3178973,PQ,1.0,1.0,1.0,7199.557856794634,1000000.0,0.95,1.05,0,0,a,False,True,False,12286867.6980988,1670761.56871749
1103,0.0,0.0,0.0,0.0,0.0,0.0,n1137989,PQ,1.0,1.0,1.0,7199.557856794634,1000000.0,0.95,1.05,0,0,c,False,False,False,12286841.3976828,1670233.205197
1104,0.0,0.0,0.0,0.0,0.006100022311514986,0.001528968513478233,l3122814,PQ,1.0,1.0,1.0,7199.557856794634,1000000.0,0.95,1.05,0,0,c,False,True,False,12286954.7299069,1670200.17095697
1105,0.0,0.0,0.0,0.0,0.0,0.0,n1137987,PQ,1.0,1.0,1.0,7199.557856794634,1000000.0,0.95,1.05,0,0,c,False,False,False,12286627.2055546,1669982.28014077
1106,0.0,0.0,0.0,0.0,0.0,0.0,l3027156,PQ,1.0,1.0,1.0,7199.557856794634,1000000.0,0.95,1.05,0,0,c,False,False,False,12286627.4267386,1669854.00980465
1107,0.0,0.0,0.0,0.0,0.004070014918455884,0.0010201477571432063,l2860481,PQ,1.0,1.0,1.0,7199.557856794634,1000000.0,0.95,1.05,0,0,c,False,True,False,12286631.2196346,1669480.6389243
1108,0.0,0.0,0.0,0.0,0.0,0.0,m1047725,PQ,1.0,1.0,1.0,7199.557856794634,1000000.0,0.95,1.05,0,0,b,False,False,False,12286090.2035701,1670053.95194883
1109,0.0,0.0,0.0,0.0,0.0,0.0,m1047728,PQ,1.0,1.0,1.0,7199.557856794634,1000000.0,0.95,1.05,0,0,b,False,False,False,12286203.3514742,1670318.43066908
1110,0.0,0.0,0.009730164988598512,0.002438618863602313,0.0,0.0,l2804255,PQ,1.0,1.0,1.0,7199.557856794634,1000000.0,0.95,1.05,0,0,b,False,True,False,12286195.4912502,1670629.73076537
1111,0.0,0.0,0.0,0.0,0.0,0.0,n1137003,PQ,1.0,1.0,1.0,7199.557856794634,1000000.0,0.95,1.05,0,0,a,False,False,False,12285421.6093935,1670320.09774108
1112,0.005319889796048532,0.001333154669081127,0.0,0.0,0.0,0.0,l2935555,PQ,1.0,1.0,1.0,7199.557856794634,1000000.0,0.95,1.05,0,0,a,False,True,False,12285420.4010735,1670341.4993411
1113,0.003549926460821092,0.0008896050091881226,0.0,0.0,0.0,0.0,l2897773,PQ,1.0,1.0,1.0,7199.557856794634,1000000.0,0.95,1.05,0,0,a,False,True,False,12285411.0785775,1670506.12167725
1114,0.005319889792569139,0.0013331546640382814,0.0,0.0,0.0,0.0,l3197631,PQ,1.0,1.0,1.0,7199.557856794634,1000000.0,0.95,1.05,0,0,a,False,True,False,12285454.4183535,1670902.00826962
1115,0.005319889792080736,0.0013331546633304132,0.0,0.0,0.0,0.0,l2748127,PQ,1.0,1.0,1.0,7199.557856794634,1000000.0,0.95,1.05,0,0,a,False,True,False,12285417.9311855,1671071.66868578
1116,0.0,0.0,0.0,0.0,0.0,0.0,n1144664,PQ,1.0,1.0,1.0,7199.557856794634,1000000.0,0.95,1.05,0,0,c,False,False,False,12284806.0174569,1670247.84020501
1117,0.0,0.0,0.0,0.0,0.02034007565367854,0.0050982329641603985,l3178972,PQ,1.0,1.0,1.0,7199.557856794634,1000000.0,0.95,1.05,0,0,c,False,True,False,12284867.0519529,1670040.14842882
1118,0.0,0.0,0.0,0.0,0.0,0.0,n1136999,PQ,1.0,1.0,1.0,7199.557856794634,1000000.0,0.95,1.05,0,0,a,False,False,False,12284557.4435047,1670351.20276511
1119,0.0,0.0,0.0,0.0,0.0,0.0,m1047671,PQ,1.0,1.0,1.0,7199.557856794634,1000000.0,0.95,1.05,0,0,a,False,False,False,12284556.9028327,1670380.12052514
1120,0.008869816420165459,0.0022227600719049714,0.0,0.0,0.0,0.0,l2710511,PQ,1.0,1.0,1.0,7199.557856794634,1000000.0,0.95,1.05,0,0,a,False,True,False,12284555.3750247,1670579.80871732
1121,0.008869816418440769,0.002222760069404999,0.0,0.0,0.0,0.0,l2766719,PQ,1.0,1.0,1.0,7199.557856794634,1000000.0,0.95,1.05,0,0,a,False,True,False,12284340.4415205,1670529.50574128
1122,0.0,0.0,0.0,0.0,0.0,0.0,n1136665,PQ,1.0,1.0,1.0,7199.557856794634,1000000.0,0.95,1.05,0,0,a,False,False,False,12282425.8400467,1670535.68660528
1123,0.005319891297907263,0.0013331569278578546,0.0,0.0,0.0,0.0,l2685809,PQ,1.0,1.0,1.0,7199.557856794634,1000000.0,0.95,1.05,0,0,a,False,True,False,12282377.8390226,1670621.32167736
1124,0.00886981876205766,0.0022227634459782465,0.0,0.0,0.0,0.0,l2954353,PQ,1.0,1.0,1.0,7199.557856794634,1000000.0,0.95,1.05,0,0,a,False,True,False,12282482.7211987,1670500.73953325
1125,0.0,0.0,0.0,0.0,0.0,0.0,d6108141-1_int,PQ,1.0,1.0,1.0,7199.557856794634,1000000.0,0.95,1.05,0,0,abc,False,False,False,12282422.1501267,1670440.92154919
1126,0.0,0.0,0.0,0.0,0.0,0.0,e206209,PQ,1.0,1.0,1.0,7199.557856794634,1000000.0,0.95,1.05,0,0,abc,False,False,False,12282421.1501267,1670440.92154919
1127,0.0,0.0,0.0,0.0,0.01017003853371675,0.0025491141973752627,l2897777,PQ,1.0,1.0,1.0,7199.557856794634,1000000.0,0.95,1.05,0,0,abc,False,True,False,12282289.4391505,1670054.27962883
1128,0.0,0.0,0.0,0.0,0.0,0.0,n1144665,PQ,1.0,1.0,1.0,7199.557856794634,1000000.0,0.95,1.05,0,0,abc,False,False,False,12282252.9970385,1669973.12148476
1129,0.0,0.0,0.0,0.0,0.0,0.0,m1047515,PQ,1.0,1.0,1.0,7199.557856794634,1000000.0,0.95,1.05,0,0,abc,False,False,False,12282216.1903825,1669891.14823668
1130,0.0,0.0,0.0,0.0,0.0,0.0,m1047513,PQ,1.0,1.0,1.0,7199.557856794634,1000000.0,0.95,1.05,0,0,abc,False,False,False,12282032.0301263,1669570.57070038
1131,0.0,0.0,0.0,0.0,0.0,0.0,p901913,PQ,1.0,1.0,1.0,7199.557856794634,1000000.0,0.95,1.05,0,0,c,False,False,False,12282026.7749583,1669590.4076284
1132,0.0,0.0,0.0,0.0,0.006100023187182528,0.0015289680158857453,l3157708,PQ,1.0,1.0,1.0,7199.557856794634,1000000.0,0.95,1.05,0,0,c,False,True,False,12282007.3681103,1669663.69735647
1133,0.0,0.0,0.0,0.0,0.0,0.0,n1137991,PQ,1.0,1.0,1.0,7199.557856794634,1000000.0,0.95,1.05,0,0,c,False,False,False,12281995.4979023,1669708.51578851
1134,0.0,0.0,0.0,0.0,0.0,0.0,m4113345,PQ,1.0,1.0,1.0,7199.557856794634,1000000.0,0.95,1.05,0,0,c,False,False,False,12281959.0516942,1669846.14958064
1135,0.0,0.0,0.0,0.0,0.004070015471302409,0.0010201474343064483,l3197640,PQ,1.0,1.0,1.0,7199.557856794634,1000000.0,0.95,1.05,0,0,c,False,True,False,12281891.3284302,1670101.89153288
1136,0.0,0.0,0.0,0.0,0.0,0.0,m1047507,PQ,1.0,1.0,1.0,7199.557856794634,1000000.0,0.95,1.05,0,0,abc,False,False,False,12281914.2619342,1669375.2447482
1137,0.0,0.0,0.009730163435121795,0.002438616943995436,0.0,0.0,l2820531,PQ,1.0,1.0,1.0,7199.557856794634,1000000.0,0.95,1.05,0,0,abc,False,True,False,12281883.2593102,1669502.31905232
1138,0.0,0.0,0.0,0.0,0.0,0.0,n1137992,PQ,1.0,1.0,1.0,7199.557856794634,1000000.0,0.95,1.05,0,0,abc,False,False,False,12281790.6774221,1669582.94881239
1139,0.0,0.0,0.0,0.0,0.0,0.0,196-29520,PQ,1.0,1.0,1.0,7199.557856794634,1000000.0,0.95,1.05,0,0,abc,False,False,False,12281779.4461901,1669592.7300604
1140,0.0,0.0,0.009730163785988243,0.0024386169673441846,0.0,0.0,l3160109,PQ,1.0,1.0,1.0,7199.557856794634,1000000.0,0.95,1.05,0,0,abc,False,True,False,12281619.5014859,1669732.03092453
1141,0.0,0.0,0.0,0.0,0.0,0.0,m1047497,PQ,1.0,1.0,1.0,7199.557856794634,1000000.0,0.95,1.05,0,0,abc,False,False,False,12281433.9403978,1669877.86900467
1142,0.0,0.0,0.005840098491855049,0.0014636714010957954,0.0,0.0,l3104136,PQ,1.0,1.0,1.0,7199.557856794634,1000000.0,0.95,1.05,0,0,abc,False,True,False,12281374.5320137,1669925.09998071
1143,0.0,0.0,0.009730164561218741,0.0024386170088052574,0.0,0.0,l2822872,PQ,1.0,1.0,1.0,7199.557856794634,1000000.0,0.95,1.05,0,0,abc,False,True,False,12281029.3088454,1670240.48378901
1144,0.0,0.0,0.0,0.0,0.0,0.0,m1047490,PQ,1.0,1.0,1.0,7199.557856794634,1000000.0,0.95,1.05,0,0,abc,False,False,False,12280731.3821891,1670303.60724507
1145,0.008869814929446142,0.0022227591691660028,0.0,0.0,0.0,0.0,l2726973,PQ,1.0,1.0,1.0,7199.557856794634,1000000.0,0.95,1.05,0,0,abc,False,True,False,12280560.0506049,1670468.38113322
1146,0.0,0.0,0.0,0.0,0.0,0.0,m1047485,PQ,1.0,1.0,1.0,7199.557856794634,1000000.0,0.95,1.05,0,0,abc,False,False,False,12280408.4043968,1670700.99706944
1147,0.0,0.0,0.009730165792198667,0.002438617093622926,0.0,0.0,l3122821,PQ,1.0,1.0,1.0,7199.557856794634,1000000.0,0.95,1.05,0,0,abc,False,True,False,12280228.0288446,1671320.97991801
1148,0.0,0.0,0.0,0.0,0.0,0.0,m1047486,PQ,1.0,1.0,1.0,7199.557856794634,1000000.0,0.95,1.05,0,0,abc,False,False,False,12280409.2195008,1671735.5811344
1149,0.013299721105864939,0.0033328836023855044,0.0,0.0,0.0,0.0,l3177665,PQ,1.0,1.0,1.0,7199.557856794634,1000000.0,0.95,1.05,0,0,a,False,True,False,12280408.9778368,1671675.58292634
1150,0.0,0.0,0.0,0.0,0.0,0.0,p827502,PQ,1.0,1.0,1.0,7199.557856794634,1000000.0,0.95,1.05,0,0,a,False,False,False,12280375.7142208,1671736.4740624
1151,0.0,0.0,0.0,0.0,0.0,0.0,n1137993,PQ,1.0,1.0,1.0,7199.557856794634,1000000.0,0.95,1.05,0,0,a,False,False,False,12280299.2664767,1671738.5097744
1152,0.008869813997339299,0.0022227582938569045,0.0,0.0,0.0,0.0,l2860482,PQ,1.0,1.0,1.0,7199.557856794634,1000000.0,0.95,1.05,0,0,a,False,True,False,12280088.3019965,1671744.12948641
1153,0.005319888434578475,0.001333153829669198,0.0,0.0,0.0,0.0,l3254204,PQ,1.0,1.0,1.0,7199.557856794634,1000000.0,0.95,1.05,0,0,a,False,True,False,12278069.1787946,1671893.87105455
1154,0.0,0.0,0.0,0.0,0.0,0.0,m1047484,PQ,1.0,1.0,1.0,7199.557856794634,1000000.0,0.95,1.05,0,0,abc,False,False,False,12280300.0406207,1672044.01812669
1155,0.0,0.0,0.009730166548112124,0.002438617146719583,0.0,0.0,l3010560,PQ,1.0,1.0,1.0,7199.557856794634,1000000.0,0.95,1.05,0,0,abc,False,True,False,12280209.9982526,1672215.70196685
1156,0.0,0.0,0.0,0.0,0.0,0.0,m1047483,PQ,1.0,1.0,1.0,7199.557856794634,1000000.0,0.95,1.05,0,0,abc,False,False,False,12280156.0498366,1672308.09953493
1157,0.0,0.0,0.0,0.0,0.0,0.0,m1047480,PQ,1.0,1.0,1.0,7199.557856794634,1000000.0,0.95,1.05,0,0,abc,False,False,False,12280006.3738044,1672522.05819113
1158,0.0,0.0,0.0,0.0,0.0,0.0,m1069483,PQ,1.0,1.0,1.0,7199.557856794634,1000000.0,0.95,1.05,0,0,abc,False,False,False,12279784.4689082,1672823.06094341
1159,0.0,0.0,0.0,0.0,0.0,0.0,m1069481,PQ,1.0,1.0,1.0,7199.557856794634,1000000.0,0.95,1.05,0,0,abc,False,False,False,12279668.8183481,1672943.77006352
1160,0.0,0.0,0.0,0.0,0.0,0.0,l2745848,PQ,1.0,1.0,1.0,7199.557856794634,1000000.0,0.95,1.05,0,0,abc,False,False,False,12279608.4392121,1673008.00353558
1161,0.0,0.0,0.014590251022212019,0.0036566728825468352,0.0,0.0,l2673308,PQ,1.0,1.0,1.0,7199.557856794634,1000000.0,0.95,1.05,0,0,abc,False,True,False,12279476.6995639,1673143.28212771
1162,0.0,0.0,0.009730167656765232,0.002438617330190225,0.0,0.0,l2991939,PQ,1.0,1.0,1.0,7199.557856794634,1000000.0,0.95,1.05,0,0,abc,False,True,False,12279177.3311156,1673359.78849591
1163,0.0,0.0,0.009730167863935837,0.0024386173755585783,0.0,0.0,l3216367,PQ,1.0,1.0,1.0,7199.557856794634,1000000.0,0.95,1.05,0,0,abc,False,True,False,12278909.6206514,1673511.27086405
1164,0.0,0.0,0.0,0.0,0.0,0.0,m1069468,PQ,1.0,1.0,1.0,7199.557856794634,1000000.0,0.95,1.05,0,0,abc,False,False,False,12278791.4018993,1673577.79809611
1165,0.0,0.0,0.0,0.0,0.0,0.0,m1069464,PQ,1.0,1.0,1.0,7199.557856794634,1000000.0,0.95,1.05,0,0,abc,False,False,False,12278609.6623791,1673734.40046426
1166,0.0,0.0,0.0,0.0,0.0,0.0,p873787,PQ,1.0,1.0,1.0,7199.557856794634,1000000.0,0.95,1.05,0,0,b,False,False,False,12278589.2233391,1673733.52392026
1167,0.0,0.0,0.0,0.0,0.0,0.0,m1069463,PQ,1.0,1.0,1.0,7199.557856794634,1000000.0,0.95,1.05,0,0,b,False,False,False,12278541.2960431,1673730.43144026
1168,0.0,0.0,0.0,0.0,0.0,0.0,m1069462,PQ,1.0,1.0,1.0,7199.557856794634,1000000.0,0.95,1.05,0,0,b,False,False,False,12278537.6424111,1673723.70580825
1169,0.0,0.0,0.009730168111859956,0.002438617429566786,0.0,0.0,l3216342,PQ,1.0,1.0,1.0,7199.557856794634,1000000.0,0.95,1.05,0,0,b,False,True,False,12278490.587563,1673637.14094417
1170,0.0,0.0,0.009730168112656406,0.002438617430743444,0.0,0.0,l2879063,PQ,1.0,1.0,1.0,7199.557856794634,1000000.0,0.95,1.05,0,0,b,False,True,False,12278386.5000109,1673462.83156801
1171,0.0,0.0,0.0,0.0,0.0,0.0,m1069461,PQ,1.0,1.0,1.0,7199.557856794634,1000000.0,0.95,1.05,0,0,abc,False,False,False,12278380.5812909,1673864.75156838
1172,0.0,0.0,0.009730168378314393,0.002438617478084195,0.0,0.0,l2876798,PQ,1.0,1.0,1.0,7199.557856794634,1000000.0,0.95,1.05,0,0,abc,False,True,False,12278355.8906029,1674023.65998453
1173,0.0,0.0,0.0,0.0,0.0,0.0,m1069457,PQ,1.0,1.0,1.0,7199.557856794634,1000000.0,0.95,1.05,0,0,abc,False,False,False,12278166.0901547,1674265.50830476
1174,0.0,0.0,0.0,0.0,0.0,0.0,e182745,PQ,1.0,1.0,1.0,7199.557856794634,1000000.0,0.95,1.05,0,0,a,False,False,False,12278159.9625387,1674300.88136079
1175,0.0,0.0,0.0,0.0,0.0,0.0,n1139260,PQ,1.0,1.0,1.0,7199.557856794634,1000000.0,0.95,1.05,0,0,abc,False,False,False,12278144.5984427,1674259.07348875
1176,0.0,0.0,0.0,0.0,0.010170039890268217,0.002549123448110295,l2925506,PQ,1.0,1.0,1.0,7199.557856794634,1000000.0,0.95,1.05,0,0,abc,False,True,False,12277823.3819304,1674162.85025666
1177,0.0,0.0,0.0,0.0,0.0,0.0,m1069438,PQ,1.0,1.0,1.0,7199.557856794634,1000000.0,0.95,1.05,0,0,abc,False,False,False,12277723.8900903,1674138.06945664
1178,0.0,0.0,0.0,0.0,0.0,0.0,p827575,PQ,1.0,1.0,1.0,7199.557856794634,1000000.0,0.95,1.05,0,0,c,False,False,False,12277722.2803623,1674105.12123261
1179,0.0,0.0,0.0,0.0,0.0,0.0,m1069437,PQ,1.0,1.0,1.0,7199.557856794634,1000000.0,0.95,1.05,0,0,c,False,False,False,12277721.4693543,1674088.45870459
1180,0.0,0.0,0.0,0.0,0.0,0.0,n1139259,PQ,1.0,1.0,1.0,7199.557856794634,1000000.0,0.95,1.05,0,0,c,False,False,False,12277721.8420903,1674203.4539047
1181,0.0,0.0,0.0,0.0,0.010170039905585652,0.0025491235349099275,l2710543,PQ,1.0,1.0,1.0,7199.557856794634,1000000.0,0.95,1.05,0,0,c,False,True,False,12277718.8028583,1674320.31278481
1182,0.0,0.0,0.0,0.0,0.0,0.0,n1139258,PQ,1.0,1.0,1.0,7199.557856794634,1000000.0,0.95,1.05,0,0,c,False,False,False,12277719.6712103,1674051.56193656
1183,0.0,0.0,0.0,0.0,0.01017003990860339,0.0025491235393926984,l3066810,PQ,1.0,1.0,1.0,7199.557856794634,1000000.0,0.95,1.05,0,0,c,False,True,False,12277713.1708583,1673918.31905643
1184,0.0,0.0,0.0,0.0,0.01017003991786525,0.0025491235531513758,l2897769,PQ,1.0,1.0,1.0,7199.557856794634,1000000.0,0.95,1.05,0,0,c,False,True,False,12277690.0284583,1673493.65806404
1185,0.0,0.0,0.0,0.0,0.010170039920490726,0.0025491235570516053,l3778577,PQ,1.0,1.0,1.0,7199.557856794634,1000000.0,0.95,1.05,0,0,c,False,True,False,12277734.4782503,1673318.35745587
1186,0.0,0.0,0.0,0.0,0.010170039922013291,0.002549123559313425,l3141395,PQ,1.0,1.0,1.0,7199.557856794634,1000000.0,0.95,1.05,0,0,c,False,True,False,12277712.0239783,1673109.80961568
1187,0.0,0.0,0.009730168996867407,0.0024386176030556763,0.0,0.0,l2766749,PQ,1.0,1.0,1.0,7199.557856794634,1000000.0,0.95,1.05,0,0,abc,False,True,False,12277507.6417701,1674082.99054459
1188,0.0,0.0,0.0,0.0,0.0,0.0,d5956499-2_int,PQ,1.0,1.0,1.0,7199.557856794634,1000000.0,0.95,1.05,0,0,abc,False,False,False,12277236.0242978,1674009.03316852
1189,0.0,0.0,0.0,0.0,0.0,0.0,q14411,PQ,1.0,1.0,1.0,7199.557856794634,1000000.0,0.95,1.05,0,0,abc,False,False,False,12277237.0242978,1674009.03316852
1190,0.0,0.0,0.0,0.0,0.0,0.0,m1069428,PQ,1.0,1.0,1.0,7199.557856794634,1000000.0,0.95,1.05,0,0,abc,False,False,False,12277235.0242978,1674009.03316852
1191,0.0,0.0,0.0,0.0,0.0,0.0,m1069424,PQ,1.0,1.0,1.0,7199.557856794634,1000000.0,0.95,1.05,0,0,abc,False,False,False,12276991.3000096,1673946.92961646
1192,0.0,0.0,0.014590254121097133,0.003656673561491283,0.0,0.0,l2935549,PQ,1.0,1.0,1.0,7199.557856794634,1000000.0,0.95,1.05,0,0,abc,False,True,False,12276709.0610333,1673877.42868839
1193,0.0,0.0,0.0,0.0,0.0,0.0,m1069420,PQ,1.0,1.0,1.0,7199.557856794634,1000000.0,0.95,1.05,0,0,abc,False,False,False,12276405.6703131,1673792.57185632
1194,0.0,0.0,0.0,0.0,0.0,0.0,m4277837,PQ,1.0,1.0,1.0,7199.557856794634,1000000.0,0.95,1.05,0,0,abc,False,False,False,12275856.2615446,1673715.50971224
1195,0.0,0.0,0.0,0.0,0.0,0.0,m1069419,PQ,1.0,1.0,1.0,7199.557856794634,1000000.0,0.95,1.05,0,0,abc,False,False,False,12275633.8200723,1673756.98171228
1196,0.0,0.0,0.0,0.0,0.0,0.0,m1069418,PQ,1.0,1.0,1.0,7199.557856794634,1000000.0,0.95,1.05,0,0,abc,False,False,False,12275482.3786642,1673805.72820833
1197,0.0,0.0,0.0,0.0,0.0,0.0,m1069417,PQ,1.0,1.0,1.0,7199.557856794634,1000000.0,0.95,1.05,0,0,abc,False,False,False,12275198.9108879,1673856.39163237
1198,0.0,0.0,0.0,0.0,0.0,0.0,p901910,PQ,1.0,1.0,1.0,7199.557856794634,1000000.0,0.95,1.05,0,0,b,False,False,False,12275197.7230479,1673842.28500836
1199,0.0,0.0,0.0,0.0,0.0,0.0,n1139252,PQ,1.0,1.0,1.0,7199.557856794634,1000000.0,0.95,1.05,0,0,b,False,False,False,12275195.8634639,1673820.15432034
1200,0.0,0.0,0.0145902553519875,0.0036566738393612372,0.0,0.0,l3122812,PQ,1.0,1.0,1.0,7199.557856794634,1000000.0,0.95,1.05,0,0,b,False,True,False,12275194.1472399,1673799.75214432
1201,0.0,0.0,0.0,0.0,0.0,0.0,n1138597,PQ,1.0,1.0,1.0,7199.557856794634,1000000.0,0.95,1.05,0,0,abc,False,False,False,12275094.6676878,1673856.91182437
1202,0.0,0.0,0.0,0.0,0.0,0.0,m1069411,PQ,1.0,1.0,1.0,7199.557856794634,1000000.0,0.95,1.05,0,0,abc,False,False,False,12274937.5819917,1673857.69825638
1203,0.008869810567882752,0.002222754800234694,0.0,0.0,0.0,0.0,l2766741,PQ,1.0,1.0,1.0,7199.557856794634,1000000.0,0.95,1.05,0,0,abc,False,True,False,12274652.9919114,1673829.86184035
1204,0.0,0.0,0.0,0.0,0.0,0.0,m1069382,PQ,1.0,1.0,1.0,7199.557856794634,1000000.0,0.95,1.05,0,0,abc,False,False,False,12274454.7905673,1673799.05992032
1205,0.0,0.0,0.005840102468122396,0.0014636720122705447,0.0,0.0,l2822877,PQ,1.0,1.0,1.0,7199.557856794634,1000000.0,0.95,1.05,0,0,abc,False,True,False,12274330.1083271,1673774.5289763
1206,0.0,0.0,0.0,0.0,0.0,0.0,n1138598,PQ,1.0,1.0,1.0,7199.557856794634,1000000.0,0.95,1.05,0,0,abc,False,False,False,12274258.1211271,1673749.07643227
1207,0.0,0.0,0.0,0.0,0.0,0.0,m1069376,PQ,1.0,1.0,1.0,7199.557856794634,1000000.0,0.95,1.05,0,0,abc,False,False,False,12274212.274599,1673732.86856026
1208,0.0,0.0,0.0,0.0,0.0,0.0,p827563,PQ,1.0,1.0,1.0,7199.557856794634,1000000.0,0.95,1.05,0,0,b,False,False,False,12274222.907815,1673703.12750423
1209,0.0,0.0,0.0,0.0,0.0,0.0,n1138595,PQ,1.0,1.0,1.0,7199.557856794634,1000000.0,0.95,1.05,0,0,b,False,False,False,12274230.325671,1673682.37716821
1210,0.0,0.0,0.0,0.0,0.0,0.0,m3036167,PQ,1.0,1.0,1.0,7199.557856794634,1000000.0,0.95,1.05,0,0,b,False,False,False,12274380.4522632,1673326.61499188
1211,0.0,0.0,0.005840102535344679,0.0014636720757649204,0.0,0.0,l2973156,PQ,1.0,1.0,1.0,7199.557856794634,1000000.0,0.95,1.05,0,0,b,False,True,False,12274385.0315912,1673317.46043187
1212,0.0,0.0,0.0,0.0,0.0,0.0,m1069393,PQ,1.0,1.0,1.0,7199.557856794634,1000000.0,0.95,1.05,0,0,b,False,False,False,12274633.0198154,1673027.3817116
1213,0.0,0.0,0.005840102568595529,0.0014636721249382209,0.0,0.0,l3029501,PQ,1.0,1.0,1.0,7199.557856794634,1000000.0,0.95,1.05,0,0,b,False,True,False,12274370.3269512,1672780.59361537
1214,0.0,0.0,0.0,0.0,0.0,0.0,m3036165,PQ,1.0,1.0,1.0,7199.557856794634,1000000.0,0.95,1.05,0,0,b,False,False,False,12274366.3497352,1672775.94055937
1215,0.0,0.0,0.009730170896942014,0.0024386182026194855,0.0,0.0,l3197636,PQ,1.0,1.0,1.0,7199.557856794634,1000000.0,0.95,1.05,0,0,b,False,True,False,12273970.2091908,1672361.20007898
1216,0.0,0.0,0.0,0.0,0.0,0.0,m1047424,PQ,1.0,1.0,1.0,7199.557856794634,1000000.0,0.95,1.05,0,0,b,False,False,False,12273673.9782785,1672366.06203099
1217,0.0,0.0,0.009730170900145713,0.002438618207360632,0.0,0.0,l2691949,PQ,1.0,1.0,1.0,7199.557856794634,1000000.0,0.95,1.05,0,0,b,False,True,False,12273461.0518143,1672360.33991898
1218,0.0,0.0,0.009730170899911154,0.002438618207013511,0.0,0.0,l3104127,PQ,1.0,1.0,1.0,7199.557856794634,1000000.0,0.95,1.05,0,0,b,False,True,False,12273627.2019585,1672219.31054285
1219,0.0,0.0,0.009730170890064989,0.002438618192442386,0.0,0.0,l3235252,PQ,1.0,1.0,1.0,7199.557856794634,1000000.0,0.95,1.05,0,0,b,False,True,False,12274156.192167,1672817.76481541
1220,0.0,0.0,0.0,0.0,0.0,0.0,m1069408,PQ,1.0,1.0,1.0,7199.557856794634,1000000.0,0.95,1.05,0,0,b,False,False,False,12274779.0094476,1672850.93831944
1221,0.0,0.0,0.005840102579844436,0.0014636721415685592,0.0,0.0,l2897774,PQ,1.0,1.0,1.0,7199.557856794634,1000000.0,0.95,1.05,0,0,b,False,True,False,12274685.2888715,1672772.81940737
1222,0.0,0.0,0.005840102596557493,0.0014636721662849713,0.0,0.0,l2822867,PQ,1.0,1.0,1.0,7199.557856794634,1000000.0,0.95,1.05,0,0,b,False,True,False,12274962.3095437,1672662.78036726
1223,0.0,0.0,0.0,0.0,0.0,0.0,m1069412,PQ,1.0,1.0,1.0,7199.557856794634,1000000.0,0.95,1.05,0,0,b,False,False,False,12274970.9398157,1672653.92071925
1224,0.0,0.0,0.005840102609877951,0.0014636721859856107,0.0,0.0,l3066813,PQ,1.0,1.0,1.0,7199.557856794634,1000000.0,0.95,1.05,0,0,b,False,True,False,12275125.8300559,1672523.27879913
1225,0.0,0.0,0.0058401026269678975,0.0014636722112631438,0.0,0.0,l2991910,PQ,1.0,1.0,1.0,7199.557856794634,1000000.0,0.95,1.05,0,0,b,False,True,False,12275295.691176,1672297.38849492
1226,0.0,0.0,0.005840102635731929,0.0014636722242267342,0.0,0.0,l2879072,PQ,1.0,1.0,1.0,7199.557856794634,1000000.0,0.95,1.05,0,0,b,False,True,False,12275412.6401681,1672205.94119884
1227,0.0,0.0,0.0,0.0,0.0,0.0,m1047441,PQ,1.0,1.0,1.0,7199.557856794634,1000000.0,0.95,1.05,0,0,b,False,False,False,12275454.0712082,1671455.18126214
1228,0.0,0.0,0.009730171074254584,0.002438618464877088,0.0,0.0,l2804258,PQ,1.0,1.0,1.0,7199.557856794634,1000000.0,0.95,1.05,0,0,b,False,True,False,12275265.880488,1671424.72750211
1229,0.0,0.0,0.005840102679547623,0.0014636722890476361,0.0,0.0,l3197635,PQ,1.0,1.0,1.0,7199.557856794634,1000000.0,0.95,1.05,0,0,b,False,True,False,12275365.9293841,1671634.0617743
1230,0.0,0.0,0.0,0.0,0.0,0.0,m1047442,PQ,1.0,1.0,1.0,7199.557856794634,1000000.0,0.95,1.05,0,0,b,False,False,False,12275473.1503762,1671318.21102201
1231,0.0,0.0,0.0,0.0,0.0,0.0,m1047444,PQ,1.0,1.0,1.0,7199.557856794634,1000000.0,0.95,1.05,0,0,b,False,False,False,12275678.6712724,1671224.6419979199
1232,0.0,0.0,0.0,0.0,0.0,0.0,m1047447,PQ,1.0,1.0,1.0,7199.557856794634,1000000.0,0.95,1.05,0,0,b,False,False,False,12275849.6710806,1670756.71086149
1233,0.0,0.0,0.009730171176751708,0.0024386186165525283,0.0,0.0,l2766722,PQ,1.0,1.0,1.0,7199.557856794634,1000000.0,0.95,1.05,0,0,b,False,True,False,12275861.0989206,1670433.77812519
1234,0.0,0.0,0.009730171190576316,0.0024386186370141264,0.0,0.0,l2879071,PQ,1.0,1.0,1.0,7199.557856794634,1000000.0,0.95,1.05,0,0,b,False,True,False,12275875.0580886,1670261.61914903
1235,0.0,0.0,0.009730171210505381,0.002438618666512318,0.0,0.0,l3029504,PQ,1.0,1.0,1.0,7199.557856794634,1000000.0,0.95,1.05,0,0,b,False,True,False,12275924.2510486,1670004.25108479
1236,0.0,0.0,0.01459025674870684,0.0036566750047150763,0.0,0.0,l3046854,PQ,1.0,1.0,1.0,7199.557856794634,1000000.0,0.95,1.05,0,0,b,False,True,False,12275992.4002967,1669822.98260462
1237,0.0,0.0,0.0,0.0,0.0,0.0,m1047453,PQ,1.0,1.0,1.0,7199.557856794634,1000000.0,0.95,1.05,0,0,b,False,False,False,12276053.0415767,1669661.67802847
1238,0.0,0.0,0.005840102777038024,0.0014636724333279753,0.0,0.0,l2691948,PQ,1.0,1.0,1.0,7199.557856794634,1000000.0,0.95,1.05,0,0,b,False,True,False,12275837.2479125,1669586.9833724
1239,0.0,0.0,0.00973017125045172,0.002438618725644095,0.0,0.0,l2785547,PQ,1.0,1.0,1.0,7199.557856794634,1000000.0,0.95,1.05,0,0,b,False,True,False,12276195.2260249,1669452.67962827
1240,0.0,0.0,0.0,0.0,0.0,0.0,m1047457,PQ,1.0,1.0,1.0,7199.557856794634,1000000.0,0.95,1.05,0,0,b,False,False,False,12276271.3174169,1669348.39137218
1241,0.0,0.0,0.00973017126363044,0.002438618745153472,0.0,0.0,l2710546,PQ,1.0,1.0,1.0,7199.557856794634,1000000.0,0.95,1.05,0,0,b,False,True,False,12276376.129961,1669268.7692281
1242,0.0,0.0,0.0,0.0,0.0,0.0,m4362181,PQ,1.0,1.0,1.0,7199.557856794634,1000000.0,0.95,1.05,0,0,b,False,False,False,12276426.2281371,1669200.14484404
1243,0.0,0.0,0.009730171276640533,0.002438618764413745,0.0,0.0,l3254214,PQ,1.0,1.0,1.0,7199.557856794634,1000000.0,0.95,1.05,0,0,b,False,True,False,12276552.8477852,1669026.71201188
1244,0.0,0.0,0.005840102807672268,0.0014636724786783876,0.0,0.0,l3214112,PQ,1.0,1.0,1.0,7199.557856794634,1000000.0,0.95,1.05,0,0,b,False,True,False,12276820.4681375,1668968.36039582
1245,0.0,0.0,0.009730171300010231,0.0024386187990122696,0.0,0.0,l3160104,PQ,1.0,1.0,1.0,7199.557856794634,1000000.0,0.95,1.05,0,0,b,False,True,False,12277159.8504098,1668968.92973982
1246,0.0,0.0,0.0,0.0,0.0,0.0,m1047471,PQ,1.0,1.0,1.0,7199.557856794634,1000000.0,0.95,1.05,0,0,b,False,False,False,12277443.289514,1668737.26817161
1247,0.0,0.0,0.005840102822566277,0.0014636725007295417,0.0,0.0,l3216349,PQ,1.0,1.0,1.0,7199.557856794634,1000000.0,0.95,1.05,0,0,b,False,True,False,12277469.8725541,1668791.46644366
1248,0.0,0.0,0.009730171313105817,0.0024386188184012452,0.0,0.0,l2973180,PQ,1.0,1.0,1.0,7199.557856794634,1000000.0,0.95,1.05,0,0,b,False,True,False,12277459.8291621,1668487.94465137
1249,0.0,0.0,0.005840102827496519,0.0014636725080292672,0.0,0.0,l2879077,PQ,1.0,1.0,1.0,7199.557856794634,1000000.0,0.95,1.05,0,0,b,False,True,False,12277645.5213222,1668498.43041138
1250,0.0,0.0,0.0,0.0,0.0,0.0,m1026693,PQ,1.0,1.0,1.0,7199.557856794634,1000000.0,0.95,1.05,0,0,b,False,False,False,12277956.5101225,1668258.65876316
1251,0.0,0.0,0.0,0.0,0.0,0.0,m1026699,PQ,1.0,1.0,1.0,7199.557856794634,1000000.0,0.95,1.05,0,0,b,False,False,False,12278121.9147947,1668039.49818696
1252,0.0,0.0,0.0,0.0,0.0,0.0,m1026704,PQ,1.0,1.0,1.0,7199.557856794634,1000000.0,0.95,1.05,0,0,b,False,False,False,12278196.4619947,1667884.08365881
1253,0.0,0.0,0.014590256924936313,0.0036566752656184516,0.0,0.0,l2841634,PQ,1.0,1.0,1.0,7199.557856794634,1000000.0,0.95,1.05,0,0,b,False,True,False,12277659.4886822,1667855.96052279
1254,0.0,0.0,0.009730171340931982,0.0024386188596020658,0.0,0.0,l2991915,PQ,1.0,1.0,1.0,7199.557856794634,1000000.0,0.95,1.05,0,0,b,False,True,False,12278376.7187629,1667888.15917882
1255,0.0,0.0,0.009730171342489904,0.0024386188619089175,0.0,0.0,l2673320,PQ,1.0,1.0,1.0,7199.557856794634,1000000.0,0.95,1.05,0,0,b,False,True,False,12278571.4098351,1667906.89837883
1256,0.0,0.0,0.009730171343347924,0.0024386188631794095,0.0,0.0,l3048209,PQ,1.0,1.0,1.0,7199.557856794634,1000000.0,0.95,1.05,0,0,b,False,True,False,12278785.7985713,1667928.16890685
1257,0.0,0.0,0.0,0.0,0.0,0.0,m1026722,PQ,1.0,1.0,1.0,7199.557856794634,1000000.0,0.95,1.05,0,0,b,False,False,False,12278422.3645869,1668086.401483
1258,0.0,0.0,0.0,0.0,0.0,0.0,m1026736,PQ,1.0,1.0,1.0,7199.557856794634,1000000.0,0.95,1.05,0,0,b,False,False,False,12278653.5551152,1668119.57908303
1259,0.0,0.0,0.0,0.0,0.0,0.0,m1026745,PQ,1.0,1.0,1.0,7199.557856794634,1000000.0,0.95,1.05,0,0,b,False,False,False,12278996.0544435,1668194.5031151
1260,0.0,0.0,0.005840102838334229,0.0014636725240763026,0.0,0.0,l3029183,PQ,1.0,1.0,1.0,7199.557856794634,1000000.0,0.95,1.05,0,0,b,False,True,False,12279283.9704757,1668273.70337118
1261,0.0,0.0,0.009730171331338586,0.002438618845397204,0.0,0.0,l2991916,PQ,1.0,1.0,1.0,7199.557856794634,1000000.0,0.95,1.05,0,0,b,False,True,False,12277959.7705385,1668592.54829947
1262,0.0,0.0,0.009730171258793732,0.0024386187379935994,0.0,0.0,l3139086,PQ,1.0,1.0,1.0,7199.557856794634,1000000.0,0.95,1.05,0,0,b,False,True,False,12276103.0619288,1669206.74350004
1263,0.0,0.0,0.005840102790794965,0.0014636724536930643,0.0,0.0,l3029520,PQ,1.0,1.0,1.0,7199.557856794634,1000000.0,0.95,1.05,0,0,b,False,True,False,12275937.8415766,1669060.51220391
1264,0.0,0.0,0.0145902567682324,0.003656675033619018,0.0,0.0,l2913406,PQ,1.0,1.0,1.0,7199.557856794634,1000000.0,0.95,1.05,0,0,b,False,True,False,12276294.963625,1669788.17889259
1265,0.0,0.0,0.00973017115029987,0.0024386185774042473,0.0,0.0,l2954349,PQ,1.0,1.0,1.0,7199.557856794634,1000000.0,0.95,1.05,0,0,b,False,True,False,12275985.9286167,1670646.29908538
1266,0.0,0.0,0.0038900683993224523,0.0009749461826582058,0.0,0.0,l3235250,PQ,1.0,1.0,1.0,7199.557856794634,1000000.0,0.95,1.05,0,0,b,False,True,False,12275606.7496083,1671154.10068586
1267,0.0,0.0,0.0038900683398347753,0.000974946094659772,0.0,0.0,l2879061,PQ,1.0,1.0,1.0,7199.557856794634,1000000.0,0.95,1.05,0,0,b,False,True,False,12275161.2317839,1672845.51111943
1268,0.0,0.0,0.01945034149301794,0.004874729168424396,0.0,0.0,l3085391,PQ,1.0,1.0,1.0,7199.557856794634,1000000.0,0.95,1.05,0,0,b,False,True,False,12274578.5143434,1673463.21659201
1269,0.0,0.0,0.0,0.0,0.0,0.0,n1138599,PQ,1.0,1.0,1.0,7199.557856794634,1000000.0,0.95,1.05,0,0,abc,False,False,False,12274177.110439,1673795.88552032
1270,0.0,0.0,0.0,0.0,0.006100024176336876,0.0015289743986348016,l3181545,PQ,1.0,1.0,1.0,7199.557856794634,1000000.0,0.95,1.05,0,0,abc,False,True,False,12274076.0907909,1673976.93691249
1271,0.0,0.0,0.0,0.0,0.0,0.0,n1138603,PQ,1.0,1.0,1.0,7199.557856794634,1000000.0,0.95,1.05,0,0,abc,False,False,False,12273879.8391427,1674143.94312064
1272,0.0,0.0,0.0,0.0,0.010170040411220514,0.0025491262782858667,l3125349,PQ,1.0,1.0,1.0,7199.557856794634,1000000.0,0.95,1.05,0,0,abc,False,True,False,12273824.6701187,1674190.89147269
1273,0.0,0.0,0.0,0.0,0.0,0.0,n1138604,PQ,1.0,1.0,1.0,7199.557856794634,1000000.0,0.95,1.05,0,0,abc,False,False,False,12273641.4519425,1674265.52468876
1274,0.008869810150393858,0.0022227546273190816,0.0,0.0,0.0,0.0,l3143999,PQ,1.0,1.0,1.0,7199.557856794634,1000000.0,0.95,1.05,0,0,abc,False,True,False,12273404.0723583,1674362.22305685
1275,0.0,0.0,0.0,0.0,0.0,0.0,m1069350,PQ,1.0,1.0,1.0,7199.557856794634,1000000.0,0.95,1.05,0,0,abc,False,False,False,12273394.8809343,1674365.26228885
1276,0.0,0.0,0.0,0.0,0.0,0.0,n1144668,PQ,1.0,1.0,1.0,7199.557856794634,1000000.0,0.95,1.05,0,0,abc,False,False,False,12273307.5337342,1674373.72462486
1277,0.0,0.0,0.0,0.0,0.0,0.0,m4113347,PQ,1.0,1.0,1.0,7199.557856794634,1000000.0,0.95,1.05,0,0,abc,False,False,False,12273210.8394621,1674383.09627286
1278,0.0,0.0,0.0,0.0,0.0,0.0,n1138607,PQ,1.0,1.0,1.0,7199.557856794634,1000000.0,0.95,1.05,0,0,abc,False,False,False,12273135.010214,1674390.44449687
1279,0.008869810033749669,0.002222754609860872,0.0,0.0,0.0,0.0,l3159448,PQ,1.0,1.0,1.0,7199.557856794634,1000000.0,0.95,1.05,0,0,abc,False,True,False,12272924.9919098,1674410.79752089
1280,0.0,0.0,0.0,0.0,0.0,0.0,m1069311,PQ,1.0,1.0,1.0,7199.557856794634,1000000.0,0.95,1.05,0,0,abc,False,False,False,12272916.8654458,1674411.58395289
1281,0.0,0.0,0.0,0.0,0.0,0.0,m1069312,PQ,1.0,1.0,1.0,7199.557856794634,1000000.0,0.95,1.05,0,0,c,False,False,False,12272919.3721978,1674324.77332881
1282,0.0,0.0,0.0,0.0,0.0,0.0,p873801,PQ,1.0,1.0,1.0,7199.557856794634,1000000.0,0.95,1.05,0,0,c,False,False,False,12272927.0644858,1674346.56814483
1283,0.0,0.0,0.0,0.0,0.0,0.0,n1138608,PQ,1.0,1.0,1.0,7199.557856794634,1000000.0,0.95,1.05,0,0,c,False,False,False,12272944.7428218,1674361.62094484
1284,0.0,0.0,0.0,0.0,0.030520123957141956,0.007649888381944848,l3232301,PQ,1.0,1.0,1.0,7199.557856794634,1000000.0,0.95,1.05,0,0,c,False,True,False,12273205.4163581,1674368.16225685
1285,0.0,0.0,0.0,0.0,0.0,0.0,m1069328,PQ,1.0,1.0,1.0,7199.557856794634,1000000.0,0.95,1.05,0,0,c,False,False,False,12273253.4706301,1674362.25172885
1286,0.0,0.0,0.0,0.0,0.03052012710740193,0.007649889594261443,l2763811,PQ,1.0,1.0,1.0,7199.557856794634,1000000.0,0.95,1.05,0,0,c,False,True,False,12273326.6497662,1673874.28296039
1287,0.0,0.0,0.0,0.0,0.030520128339009106,0.007649890068120341,l2763812,PQ,1.0,1.0,1.0,7199.557856794634,1000000.0,0.95,1.05,0,0,c,False,True,False,12273399.6937343,1673563.8635041
1288,0.0,0.0,0.0,0.0,0.030520130039323412,0.007649890722124863,l2951995,PQ,1.0,1.0,1.0,7199.557856794634,1000000.0,0.95,1.05,0,0,c,False,True,False,12273784.1442946,1673335.24526389
1289,0.0,0.0,0.0,0.0,0.030520130966872602,0.0076498910788384555,l3101194,PQ,1.0,1.0,1.0,7199.557856794634,1000000.0,0.95,1.05,0,0,c,False,True,False,12273315.2424062,1673233.33268779
1290,0.0,0.0,0.0,0.0,0.03052013165176537,0.007649891342191904,l2862616,PQ,1.0,1.0,1.0,7199.557856794634,1000000.0,0.95,1.05,0,0,c,False,True,False,12272661.8443896,1673272.08494383
1291,0.0,0.0,0.0,0.0,0.0,0.0,p873800,PQ,1.0,1.0,1.0,7199.557856794634,1000000.0,0.95,1.05,0,0,c,False,False,False,12272901.4194298,1674340.80097683
1292,0.0,0.0,0.0,0.0,0.0,0.0,221-306686,PQ,1.0,1.0,1.0,7199.557856794634,1000000.0,0.95,1.05,0,0,c,False,False,False,12272896.5410938,1674355.73908884
1293,0.0,0.0,0.0,0.0,0.015260061116420549,0.00382494435912569,l2970258,PQ,1.0,1.0,1.0,7199.557856794634,1000000.0,0.95,1.05,0,0,c,False,True,False,12272802.6566777,1674352.58926484
1294,0.0,0.0,0.0,0.0,0.0,0.0,m1069310,PQ,1.0,1.0,1.0,7199.557856794634,1000000.0,0.95,1.05,0,0,abc,False,False,False,12272915.0345338,1674411.76008089
1295,0.0,0.0,0.0,0.0,0.0,0.0,m1069285,PQ,1.0,1.0,1.0,7199.557856794634,1000000.0,0.95,1.05,0,0,ac,False,False,False,12272646.1362296,1674432.62510491
1296,0.0,0.0,0.0,0.0,0.0,0.0,m4113348,PQ,1.0,1.0,1.0,7199.557856794634,1000000.0,0.95,1.05,0,0,ac,False,False,False,12272640.4960376,1674432.50632091
1297,0.0,0.0,0.0,0.0,0.0,0.0,m1069284,PQ,1.0,1.0,1.0,7199.557856794634,1000000.0,0.95,1.05,0,0,ac,False,False,False,12272635.7241976,1674432.40801691
1298,0.0,0.0,0.0,0.0,0.0,0.0,p850401,PQ,1.0,1.0,1.0,7199.557856794634,1000000.0,0.95,1.05,0,0,a,False,False,False,12272605.6063095,1674434.25531291
1299,0.0,0.0,0.0,0.0,0.0,0.0,221-311583,PQ,1.0,1.0,1.0,7199.557856794634,1000000.0,0.95,1.05,0,0,a,False,False,False,12272591.9502455,1674435.49230491
1300,0.0,0.0,0.0,0.0,0.0,0.0,n1139250,PQ,1.0,1.0,1.0,7199.557856794634,1000000.0,0.95,1.05,0,0,a,False,False,False,12272578.8512375,1674436.68014491
1301,0.013299714881203118,0.0033328779573424078,0.0,0.0,0.0,0.0,l2821770,PQ,1.0,1.0,1.0,7199.557856794634,1000000.0,0.95,1.05,0,0,a,False,True,False,12272258.4948852,1674617.44891308
1302,0.0,0.0,0.0,0.0,0.0,0.0,m1069247,PQ,1.0,1.0,1.0,7199.557856794634,1000000.0,0.95,1.05,0,0,a,False,False,False,12272219.0381172,1674825.80424128
1303,0.0,0.0,0.0,0.0,0.0,0.0,m1069248,PQ,1.0,1.0,1.0,7199.557856794634,1000000.0,0.95,1.05,0,0,a,False,False,False,12272219.7303412,1675228.67451365
1304,0.01329971451667656,0.003332877820862874,0.0,0.0,0.0,0.0,l2915534,PQ,1.0,1.0,1.0,7199.557856794634,1000000.0,0.95,1.05,0,0,a,False,True,False,12272482.7754614,1675717.38056211
1305,0.0,0.0,0.0,0.0,0.0,0.0,193-48013,PQ,1.0,1.0,1.0,7199.557856794634,1000000.0,0.95,1.05,0,0,a,False,False,False,12272222.4992372,1675299.28136172
1306,0.0,0.0,0.0,0.0,0.0,0.0,p850400,PQ,1.0,1.0,1.0,7199.557856794634,1000000.0,0.95,1.05,0,0,c,False,False,False,12272613.5976055,1674436.71291291
1307,0.0,0.0,0.0,0.0,0.0,0.0,221-311595,PQ,1.0,1.0,1.0,7199.557856794634,1000000.0,0.95,1.05,0,0,c,False,False,False,12272591.6676215,1674443.62696092
1308,0.0,0.0,0.0,0.0,0.0,0.0,n1139251,PQ,1.0,1.0,1.0,7199.557856794634,1000000.0,0.95,1.05,0,0,c,False,False,False,12272579.5803255,1674447.43624092
1309,0.0,0.0,0.0,0.0,0.0,0.0,m1069249,PQ,1.0,1.0,1.0,7199.557856794634,1000000.0,0.95,1.05,0,0,c,False,False,False,12272224.5759092,1674838.95649729
1310,0.0,0.0,0.0,0.0,0.015260061652124525,0.0038249445878044317,l2803194,PQ,1.0,1.0,1.0,7199.557856794634,1000000.0,0.95,1.05,0,0,c,False,True,False,12272339.4850933,1674884.64328133
1311,0.0,0.0,0.0,0.0,0.010170041176411735,0.0025491269992935677,l3047073,PQ,1.0,1.0,1.0,7199.557856794634,1000000.0,0.95,1.05,0,0,c,False,True,False,12272535.3844855,1674772.50299323
1312,0.0,0.0,0.0,0.0,0.0,0.0,m1069250,PQ,1.0,1.0,1.0,7199.557856794634,1000000.0,0.95,1.05,0,0,c,False,False,False,12272224.5759092,1675227.29006565
1313,0.0,0.0,0.0,0.0,0.020340082664137546,0.005098255118847554,l2690868,PQ,1.0,1.0,1.0,7199.557856794634,1000000.0,0.95,1.05,0,0,c,False,True,False,12272246.0348532,1675277.1301937
1314,0.0,0.0,0.0,0.0,0.0,0.0,228-979371-2_int,PQ,1.0,1.0,1.0,7199.557856794634,1000000.0,0.95,1.05,0,0,c,False,False,False,12272223.4992372,1675299.28136172
1315,0.0,0.0,0.0,0.0,0.0,0.0,n1138606,PQ,1.0,1.0,1.0,7199.557856794634,1000000.0,0.95,1.05,0,0,c,False,False,False,12273237.8361981,1674424.3470889
1316,0.0,0.0,0.0,0.0,0.0,0.0,m1069335,PQ,1.0,1.0,1.0,7199.557856794634,1000000.0,0.95,1.05,0,0,c,False,False,False,12273295.7905022,1674512.89851299
1317,0.0,0.0,0.0,0.0,0.0,0.0,p827564,PQ,1.0,1.0,1.0,7199.557856794634,1000000.0,0.95,1.05,0,0,c,False,False,False,12273316.1107582,1674545.89588902
1318,0.0,0.0,0.0,0.0,0.0,0.0,m1069348,PQ,1.0,1.0,1.0,7199.557856794634,1000000.0,0.95,1.05,0,0,c,False,False,False,12273371.2060542,1674739.9316012
1319,0.0,0.0,0.0,0.0,0.0,0.0,m1069356,PQ,1.0,1.0,1.0,7199.557856794634,1000000.0,0.95,1.05,0,0,c,False,False,False,12273446.6666623,1675048.75361748
1320,0.0,0.0,0.0,0.0,0.0,0.0,m1069363,PQ,1.0,1.0,1.0,7199.557856794634,1000000.0,0.95,1.05,0,0,c,False,False,False,12273491.1533184,1675263.48232168
1321,0.0,0.0,0.0,0.0,0.0,0.0,m1069364,PQ,1.0,1.0,1.0,7199.557856794634,1000000.0,0.95,1.05,0,0,c,False,False,False,12273512.0511104,1675566.65595397
1322,0.0,0.0,0.0,0.0,0.0,0.0,m1069365,PQ,1.0,1.0,1.0,7199.557856794634,1000000.0,0.95,1.05,0,0,c,False,False,False,12273535.4720384,1675716.41800211
1323,0.0,0.0,0.0,0.0,0.010170040620511722,0.0025491266500917956,l3235243,PQ,1.0,1.0,1.0,7199.557856794634,1000000.0,0.95,1.05,0,0,c,False,True,False,12273547.6658304,1675984.64046636
1324,0.0,0.0,0.0,0.0,0.0,0.0,d6049822-1_int,PQ,1.0,1.0,1.0,7199.557856794634,1000000.0,0.95,1.05,0,0,a,False,False,False,12274469.2582153,1673833.48270435
1325,0.0,0.0,0.0,0.0,0.0,0.0,e182722,PQ,1.0,1.0,1.0,7199.557856794634,1000000.0,0.95,1.05,0,0,a,False,False,False,12274468.2582153,1673833.48270435
1326,0.0,0.0,0.0,0.0,0.0,0.0,n1138596,PQ,1.0,1.0,1.0,7199.557856794634,1000000.0,0.95,1.05,0,0,a,False,False,False,12274484.2244233,1673874.29115239
1327,0.005319886330755499,0.0013331516884698238,0.0,0.0,0.0,0.0,l3254207,PQ,1.0,1.0,1.0,7199.557856794634,1000000.0,0.95,1.05,0,0,a,False,True,False,12274513.4985353,1673949.12097646
1328,0.0,0.0,0.0,0.0,0.0,0.0,m1069390,PQ,1.0,1.0,1.0,7199.557856794634,1000000.0,0.95,1.05,0,0,a,False,False,False,12274614.5509514,1674158.59860866
1329,0.01329971579170247,0.003332878170236763,0.0,0.0,0.0,0.0,l2897801,PQ,1.0,1.0,1.0,7199.557856794634,1000000.0,0.95,1.05,0,0,a,False,True,False,12274578.3709834,1674297.32193679
1330,0.0,0.0,0.0,0.0,0.0,0.0,m1069384,PQ,1.0,1.0,1.0,7199.557856794634,1000000.0,0.95,1.05,0,0,a,False,False,False,12274550.6492553,1674474.31009695
1331,0.008869810439079154,0.0022227546505483356,0.0,0.0,0.0,0.0,l2785514,PQ,1.0,1.0,1.0,7199.557856794634,1000000.0,0.95,1.05,0,0,a,False,True,False,12274707.5301515,1674672.54011313
1332,0.008869810432841052,0.0022227546415063033,0.0,0.0,0.0,0.0,l3235244,PQ,1.0,1.0,1.0,7199.557856794634,1000000.0,0.95,1.05,0,0,a,False,True,False,12274704.2615435,1674866.87892932
1333,0.0,0.0,0.0,0.0,0.0,0.0,m1069398,PQ,1.0,1.0,1.0,7199.557856794634,1000000.0,0.95,1.05,0,0,a,False,False,False,12274662.2980234,1675068.9182255
1334,0.005319886298861386,0.0013331516422404853,0.0,0.0,0.0,0.0,l3010559,PQ,1.0,1.0,1.0,7199.557856794634,1000000.0,0.95,1.05,0,0,a,False,True,False,12274323.4195591,1675048.33992148
1335,0.008869810426734143,0.00222275463265438,0.0,0.0,0.0,0.0,l2785513,PQ,1.0,1.0,1.0,7199.557856794634,1000000.0,0.95,1.05,0,0,a,False,True,False,12274619.8716554,1675283.8517297
1336,0.008869810426050328,0.002222754631663194,0.0,0.0,0.0,0.0,l3160101,PQ,1.0,1.0,1.0,7199.557856794634,1000000.0,0.95,1.05,0,0,a,False,True,False,12274965.3119117,1675089.04187352
1337,0.00886981044741344,0.0022227546626286173,0.0,0.0,0.0,0.0,l3066805,PQ,1.0,1.0,1.0,7199.557856794634,1000000.0,0.95,1.05,0,0,a,False,True,False,12274500.4486793,1674596.05140906
1338,0.008869810463588979,0.0022227546860743895,0.0,0.0,0.0,0.0,l2841618,PQ,1.0,1.0,1.0,7199.557856794634,1000000.0,0.95,1.05,0,0,a,False,True,False,12274464.3506313,1674140.35092864
1339,0.01329971611731585,0.0033328785133388624,0.0,0.0,0.0,0.0,l2991905,PQ,1.0,1.0,1.0,7199.557856794634,1000000.0,0.95,1.05,0,0,a,False,True,False,12274910.5156237,1673674.84872021
1340,0.0,0.0,0.0,0.0,0.0,0.0,p827499,PQ,1.0,1.0,1.0,7199.557856794634,1000000.0,0.95,1.05,0,0,a,False,False,False,12276424.5160091,1673775.8274083
1341,0.0,0.0,0.0,0.0,0.0,0.0,n1139254,PQ,1.0,1.0,1.0,7199.557856794634,1000000.0,0.95,1.05,0,0,a,False,False,False,12276440.1545371,1673761.93377629
1342,0.008869811269105144,0.0022227555226201775,0.0,0.0,0.0,0.0,l3122811,PQ,1.0,1.0,1.0,7199.557856794634,1000000.0,0.95,1.05,0,0,a,False,True,False,12276507.8818972,1673701.77992023
1343,0.0,0.0,0.0,0.0,0.0,0.0,n1139255,PQ,1.0,1.0,1.0,7199.557856794634,1000000.0,0.95,1.05,0,0,a,False,False,False,12276991.0419616,1673911.93339243
1344,0.0,0.0,0.0,0.0,0.0,0.0,p827500,PQ,1.0,1.0,1.0,7199.557856794634,1000000.0,0.95,1.05,0,0,a,False,False,False,12276990.9518496,1673899.63310441
1345,0.008869811513029062,0.0022227557801124155,0.0,0.0,0.0,0.0,l2822861,PQ,1.0,1.0,1.0,7199.557856794634,1000000.0,0.95,1.05,0,0,a,False,True,False,12276992.8810656,1673577.52776011
1346,0.00886981150759408,0.0022227557722339928,0.0,0.0,0.0,0.0,l2841616,PQ,1.0,1.0,1.0,7199.557856794634,1000000.0,0.95,1.05,0,0,a,False,True,False,12277017.9731616,1672901.31911948
1347,0.0,0.0,0.0,0.0,0.0,0.0,p827576,PQ,1.0,1.0,1.0,7199.557856794634,1000000.0,0.95,1.05,0,0,b,False,False,False,12277221.0938018,1673981.11483249
1348,0.0,0.0,0.0,0.0,0.0,0.0,n1139256,PQ,1.0,1.0,1.0,7199.557856794634,1000000.0,0.95,1.05,0,0,b,False,False,False,12277207.0076578,1673952.88110446
1349,0.0,0.0,0.005840101536977255,0.0014636718023604708,0.0,0.0,l2973178,PQ,1.0,1.0,1.0,7199.557856794634,1000000.0,0.95,1.05,0,0,b,False,True,False,12277242.6920098,1673755.56859228
1350,0.0,0.0,0.0,0.0,0.0,0.0,n1139257,PQ,1.0,1.0,1.0,7199.557856794634,1000000.0,0.95,1.05,0,0,b,False,False,False,12277256.5692579,1673959.45518447
1351,0.0,0.0,0.009730169170603192,0.0024386176539800486,0.0,0.0,l3029518,PQ,1.0,1.0,1.0,7199.557856794634,1000000.0,0.95,1.05,0,0,b,False,True,False,12277292.2085539,1673877.43278439
1352,0.0,0.0,0.005840101537565327,0.0014636718032297856,0.0,0.0,l2897807,PQ,1.0,1.0,1.0,7199.557856794634,1000000.0,0.95,1.05,0,0,b,False,True,False,12277432.820138,1673609.14068814
1353,0.0,0.0,0.0,0.0,0.0,0.0,p827574,PQ,1.0,1.0,1.0,7199.557856794634,1000000.0,0.95,1.05,0,0,a,False,False,False,12278357.9959469,1673847.36814437
1354,0.005319887428551428,0.0013331528326819956,0.0,0.0,0.0,0.0,l3160123,PQ,1.0,1.0,1.0,7199.557856794634,1000000.0,0.95,1.05,0,0,a,False,True,False,12278197.5105707,1673728.18273626
1355,0.008869812307976736,0.0022227566141613574,0.0,0.0,0.0,0.0,l2897805,PQ,1.0,1.0,1.0,7199.557856794634,1000000.0,0.95,1.05,0,0,a,False,True,False,12277959.9466665,1673543.21147208
1356,0.0,0.0,0.0,0.0,0.0,0.0,p827506,PQ,1.0,1.0,1.0,7199.557856794634,1000000.0,0.95,1.05,0,0,a,False,False,False,12278794.9654193,1673605.50344014
1357,0.0,0.0,0.0,0.0,0.0,0.0,m1069469,PQ,1.0,1.0,1.0,7199.557856794634,1000000.0,0.95,1.05,0,0,a,False,False,False,12278797.9145393,1673628.44513616
1358,0.0,0.0,0.0,0.0,0.0,0.0,n1139263,PQ,1.0,1.0,1.0,7199.557856794634,1000000.0,0.95,1.05,0,0,a,False,False,False,12278801.3797553,1673655.35995219
1359,0.008869812563395084,0.0022227568814842933,0.0,0.0,0.0,0.0,l3048227,PQ,1.0,1.0,1.0,7199.557856794634,1000000.0,0.95,1.05,0,0,a,False,True,False,12278812.2587313,1673739.92187227
1360,0.0,0.0,0.0,0.0,0.0,0.0,m1069467,PQ,1.0,1.0,1.0,7199.557856794634,1000000.0,0.95,1.05,0,0,a,False,False,False,12278772.2735793,1673576.64712011
1361,0.0,0.0,0.0,0.0,0.0,0.0,m1069466,PQ,1.0,1.0,1.0,7199.557856794634,1000000.0,0.95,1.05,0,0,a,False,False,False,12278722.0402352,1673572.20705611
1362,0.0,0.0,0.0,0.0,0.0,0.0,n1139264,PQ,1.0,1.0,1.0,7199.557856794634,1000000.0,0.95,1.05,0,0,a,False,False,False,12278715.6258992,1673488.15713603
1363,0.0,0.0,0.0,0.0,0.0,0.0,m1069465,PQ,1.0,1.0,1.0,7199.557856794634,1000000.0,0.95,1.05,0,0,a,False,False,False,12278701.9534512,1673335.51150389
1364,0.005319887579091542,0.0013331529891691257,0.0,0.0,0.0,0.0,l3010561,PQ,1.0,1.0,1.0,7199.557856794634,1000000.0,0.95,1.05,0,0,a,False,True,False,12278665.7366192,1673088.73569566
1365,0.0,0.0,0.0,0.0,0.0,0.0,p827507,PQ,1.0,1.0,1.0,7199.557856794634,1000000.0,0.95,1.05,0,0,c,False,False,False,12279641.8257081,1672926.26785551
1366,0.0,0.0,0.0,0.0,0.0,0.0,n1137956,PQ,1.0,1.0,1.0,7199.557856794634,1000000.0,0.95,1.05,0,0,c,False,False,False,12279610.9131961,1672906.22203149
1367,0.0,0.0,0.0,0.0,0.0061000237724320805,0.001528971601439907,l3141396,PQ,1.0,1.0,1.0,7199.557856794634,1000000.0,0.95,1.05,0,0,c,False,True,False,12279471.0880439,1672815.54887941
1368,0.0,0.0,0.0,0.0,0.006100023773793339,0.001528971603463351,l3066808,PQ,1.0,1.0,1.0,7199.557856794634,1000000.0,0.95,1.05,0,0,c,False,True,False,12279063.6384435,1672482.58913509
1369,0.0,0.0,0.0,0.0,0.0,0.0,p827503,PQ,1.0,1.0,1.0,7199.557856794634,1000000.0,0.95,1.05,0,0,c,False,False,False,12279803.2408762,1672842.88967943
1370,0.0,0.0,0.0,0.0,0.0,0.0,n1137994,PQ,1.0,1.0,1.0,7199.557856794634,1000000.0,0.95,1.05,0,0,c,False,False,False,12279872.8646843,1672916.4456475
1371,0.0,0.0,0.0,0.0,0.0,0.0,m1069484,PQ,1.0,1.0,1.0,7199.557856794634,1000000.0,0.95,1.05,0,0,c,False,False,False,12280000.0004284,1673050.76167962
1372,0.0,0.0,0.0,0.0,0.004070015874875703,0.0010201497978506353,l2785517,PQ,1.0,1.0,1.0,7199.557856794634,1000000.0,0.95,1.05,0,0,c,False,True,False,12280286.5320127,1673342.0487199
1373,0.0,0.0,0.0,0.0,0.010170039690355069,0.002549121390975618,l3066809,PQ,1.0,1.0,1.0,7199.557856794634,1000000.0,0.95,1.05,0,0,c,False,True,False,12280532.2305729,1673559.6405281
1374,0.0,0.0,0.0,0.0,0.0,0.0,m1069487,PQ,1.0,1.0,1.0,7199.557856794634,1000000.0,0.95,1.05,0,0,c,False,False,False,12280706.1180611,1673675.13134421
1375,0.0,0.0,0.0,0.0,0.0,0.0,m1069488,PQ,1.0,1.0,1.0,7199.557856794634,1000000.0,0.95,1.05,0,0,c,False,False,False,12281152.9015495,1673667.7790242
1376,0.0,0.0,0.0,0.0,0.010170039723434207,0.0025491214401359274,l2748125,PQ,1.0,1.0,1.0,7199.557856794634,1000000.0,0.95,1.05,0,0,c,False,True,False,12281160.6184135,1673854.54024037
1377,0.0,0.0,0.0,0.0,0.00610002382670554,0.0015289716098090427,l2673303,PQ,1.0,1.0,1.0,7199.557856794634,1000000.0,0.95,1.05,0,0,c,False,True,False,12281160.3808455,1674031.51201654
1378,0.0,0.0,0.0,0.0,0.0,0.0,m1069489,PQ,1.0,1.0,1.0,7199.557856794634,1000000.0,0.95,1.05,0,0,c,False,False,False,12281393.4964937,1673665.1821602
1379,0.0,0.0,0.0,0.0,0.015260059622292708,0.003824936323803256,l2933120,PQ,1.0,1.0,1.0,7199.557856794634,1000000.0,0.95,1.05,0,0,c,False,True,False,12281635.7380299,1673662.01595219
1380,0.0,0.0,0.0,0.0,0.015260059644483459,0.003824936356782161,l3104117,PQ,1.0,1.0,1.0,7199.557856794634,1000000.0,0.95,1.05,0,0,c,False,True,False,12281870.4715982,1674260.46203275
1381,0.0,0.0,0.0,0.0,0.0,0.0,m1069494,PQ,1.0,1.0,1.0,7199.557856794634,1000000.0,0.95,1.05,0,0,c,False,False,False,12282281.2676305,1674299.23476879
1382,0.0,0.0,0.0,0.0,0.010170039754384295,0.0025491214861322943,l2745806,PQ,1.0,1.0,1.0,7199.557856794634,1000000.0,0.95,1.05,0,0,c,False,True,False,12282281.6649425,1674499.23425697
1383,0.0,0.0,0.0,0.0,0.010170039708127061,0.002549121417387915,l2954344,PQ,1.0,1.0,1.0,7199.557856794634,1000000.0,0.95,1.05,0,0,c,False,True,False,12280676.938157,1673898.13806441
1384,0.0,0.0,0.0,0.0,0.010170039710530692,0.0025491214209603795,l2897767,PQ,1.0,1.0,1.0,7199.557856794634,1000000.0,0.95,1.05,0,0,c,False,True,False,12280658.768301,1674064.21038457
1385,0.0,0.0,0.0,0.0,0.010170039713601264,0.0025491214255240783,l3254208,PQ,1.0,1.0,1.0,7199.557856794634,1000000.0,0.95,1.05,0,0,c,False,True,False,12280689.9306691,1674489.89947296
1386,0.0,0.0,0.0,0.0,0.0,0.0,p827504,PQ,1.0,1.0,1.0,7199.557856794634,1000000.0,0.95,1.05,0,0,a,False,False,False,12280043.5081405,1672540.14203115
1387,0.0,0.0,0.0,0.0,0.0,0.0,n1137957,PQ,1.0,1.0,1.0,7199.557856794634,1000000.0,0.95,1.05,0,0,a,False,False,False,12280070.7055805,1672553.38439916
1388,0.008869813441724068,0.002222757793926457,0.0,0.0,0.0,0.0,l3104119,PQ,1.0,1.0,1.0,7199.557856794634,1000000.0,0.95,1.05,0,0,a,False,True,False,12280200.5897406,1672616.63892722
1389,0.0,0.0,0.0,0.0,0.0,0.0,p827505,PQ,1.0,1.0,1.0,7199.557856794634,1000000.0,0.95,1.05,0,0,c,False,False,False,12280130.7160765,1672303.87246293
1390,0.0,0.0,0.0,0.0,0.0,0.0,n1137958,PQ,1.0,1.0,1.0,7199.557856794634,1000000.0,0.95,1.05,0,0,c,False,False,False,12280115.9172285,1672301.31655893
1391,0.0,0.0,0.0,0.0,0.0,0.0,m1047478,PQ,1.0,1.0,1.0,7199.557856794634,1000000.0,0.95,1.05,0,0,c,False,False,False,12279829.0907323,1672251.75086288
1392,0.0,0.0,0.0,0.0,0.015260059246983605,0.003824935065429546,l3254209,PQ,1.0,1.0,1.0,7199.557856794634,1000000.0,0.95,1.05,0,0,c,False,True,False,12279878.3615163,1672165.8003988
1393,0.0,0.0,0.0,0.0,0.0061000236833512345,0.0015289711167033439,l2766716,PQ,1.0,1.0,1.0,7199.557856794634,1000000.0,0.95,1.05,0,0,c,False,True,False,12279690.2691001,1672238.20129487
1394,0.0,0.0,0.0,0.0,0.0061000236839318794,0.0015289711175667058,l3235245,PQ,1.0,1.0,1.0,7199.557856794634,1000000.0,0.95,1.05,0,0,c,False,True,False,12279688.1309881,1672012.90081466
1395,0.0,0.0,0.0,0.0,0.0,0.0,p1164481,PQ,1.0,1.0,1.0,7199.557856794634,1000000.0,0.95,1.05,0,0,a,False,False,False,12280625.750445,1670321.60097308
1396,0.008869815052034212,0.002222759265222873,0.0,0.0,0.0,0.0,l3729297,PQ,1.0,1.0,1.0,7199.557856794634,1000000.0,0.95,1.05,0,0,a,False,True,False,12280526.0087489,1670178.88404495
1397,0.013299722641819197,0.0033328849929482197,0.0,0.0,0.0,0.0,l3729298,PQ,1.0,1.0,1.0,7199.557856794634,1000000.0,0.95,1.05,0,0,a,False,True,False,12280472.9123009,1669980.52295676
1398,0.008869815001660928,0.002222759192212432,0.0,0.0,0.0,0.0,l3727707,PQ,1.0,1.0,1.0,7199.557856794634,1000000.0,0.95,1.05,0,0,a,False,True,False,12280469.3610689,1669785.06183658
1399,0.005319889030598783,0.0013331543592826442,0.0,0.0,0.0,0.0,l3727708,PQ,1.0,1.0,1.0,7199.557856794634,1000000.0,0.95,1.05,0,0,a,False,True,False,12280294.0891327,1669741.09127654
1400,0.0,0.0,0.0,0.0,0.0,0.0,m3949157,PQ,1.0,1.0,1.0,7199.557856794634,1000000.0,0.95,1.05,0,0,a,False,False,False,12280278.5611967,1669735.07834854
1401,0.005319889028314075,0.0013331543559708938,0.0,0.0,0.0,0.0,l3727711,PQ,1.0,1.0,1.0,7199.557856794634,1000000.0,0.95,1.05,0,0,a,False,True,False,12280151.5155646,1669833.94759663
1402,0.008869814976558022,0.00222275915582656,0.0,0.0,0.0,0.0,l3727712,PQ,1.0,1.0,1.0,7199.557856794634,1000000.0,0.95,1.05,0,0,a,False,True,False,12280154.1738686,1669973.56385276
1403,0.00886981495518955,0.0022227591248543126,0.0,0.0,0.0,0.0,l3728037,PQ,1.0,1.0,1.0,7199.557856794634,1000000.0,0.95,1.05,0,0,a,False,True,False,12279948.5178044,1669631.96564444
1404,0.0,0.0,0.0,0.0,0.0,0.0,m3949154,PQ,1.0,1.0,1.0,7199.557856794634,1000000.0,0.95,1.05,0,0,a,False,False,False,12279608.3491,1669628.88954844
1405,0.008869814933280231,0.0022227590930967507,0.0,0.0,0.0,0.0,l3728038,PQ,1.0,1.0,1.0,7199.557856794634,1000000.0,0.95,1.05,0,0,a,False,True,False,12279615.9922361,1669619.09601243
1406,0.013299722491968237,0.003332884775745335,0.0,0.0,0.0,0.0,l3728039,PQ,1.0,1.0,1.0,7199.557856794634,1000000.0,0.95,1.05,0,0,a,False,True,False,12279773.8848442,1669413.10407624
1407,0.01329972248612608,0.003332884767276909,0.0,0.0,0.0,0.0,l3728040,PQ,1.0,1.0,1.0,7199.557856794634,1000000.0,0.95,1.05,0,0,a,False,True,False,12279902.0814523,1669262.2197241
1408,0.008869814920228581,0.0022227590741779706,0.0,0.0,0.0,0.0,l3728041,PQ,1.0,1.0,1.0,7199.557856794634,1000000.0,0.95,1.05,0,0,a,False,True,False,12279968.6824124,1669156.477388
1409,0.013299722496451451,0.0033328847822437836,0.0,0.0,0.0,0.0,l3728042,PQ,1.0,1.0,1.0,7199.557856794634,1000000.0,0.95,1.05,0,0,a,False,True,False,12279663.1453881,1669862.72609265
1410,0.013299722492611634,0.0033328847766778058,0.0,0.0,0.0,0.0,l3728043,PQ,1.0,1.0,1.0,7199.557856794634,1000000.0,0.95,1.05,0,0,a,False,True,False,12279626.9572281,1670076.61102085
1411,0.0132997225664773,0.0033328848837443667,0.0,0.0,0.0,0.0,l3727709,PQ,1.0,1.0,1.0,7199.557856794634,1000000.0,0.95,1.05,0,0,a,False,True,False,12280349.6349887,1669540.75182036
1412,0.013299722562279858,0.003332884877659849,0.0,0.0,0.0,0.0,l3727710,PQ,1.0,1.0,1.0,7199.557856794634,1000000.0,0.95,1.05,0,0,a,False,True,False,12280441.3853888,1669322.02132415
1413,0.0,0.0,0.0,0.0,0.0,0.0,p901912,PQ,1.0,1.0,1.0,7199.557856794634,1000000.0,0.95,1.05,0,0,b,False,False,False,12281408.5411017,1669871.72910066
1414,0.0,0.0,0.0,0.0,0.0,0.0,l3195365,PQ,1.0,1.0,1.0,7199.557856794634,1000000.0,0.95,1.05,0,0,b,False,False,False,12281289.1386056,1669843.11854064
1415,0.0,0.0,0.0,0.0,0.0,0.0,196-35813,PQ,1.0,1.0,1.0,7199.557856794634,1000000.0,0.95,1.05,0,0,abc,False,False,False,12281827.3038541,1669232.17146807
1416,0.0,0.0,0.0,0.0,0.0,0.0,n1140519,PQ,1.0,1.0,1.0,7199.557856794634,1000000.0,0.95,1.05,0,0,abc,False,False,False,12281814.5816781,1669211.24090805
1417,0.0,0.0,0.0,0.0,0.0061000232305977705,0.0015289685341632313,l2991914,PQ,1.0,1.0,1.0,7199.557856794634,1000000.0,0.95,1.05,0,0,abc,False,True,False,12281719.001518,1669053.9790839
1418,0.0,0.0,0.0,0.0,0.0,0.0,m1047503,PQ,1.0,1.0,1.0,7199.557856794634,1000000.0,0.95,1.05,0,0,abc,False,False,False,12281655.632302,1668955.67098781
1419,0.005319889688092603,0.0013331550795425721,0.0,0.0,0.0,0.0,l2841635,PQ,1.0,1.0,1.0,7199.557856794634,1000000.0,0.95,1.05,0,0,abc,False,True,False,12281613.3902539,1668890.13089175
1420,0.008869815921536397,0.0022227601758239863,0.0,0.0,0.0,0.0,l2822869,PQ,1.0,1.0,1.0,7199.557856794634,1000000.0,0.95,1.05,0,0,abc,False,True,False,12281507.6888778,1668726.1434356
1421,0.0,0.0,0.0,0.0,0.0,0.0,m1026808,PQ,1.0,1.0,1.0,7199.557856794634,1000000.0,0.95,1.05,0,0,abc,False,False,False,12281312.2687176,1668484.25005937
1422,0.0,0.0,0.0,0.0,0.0,0.0,n1140520,PQ,1.0,1.0,1.0,7199.557856794634,1000000.0,0.95,1.05,0,0,c,False,False,False,12281312.2810056,1668499.69197939
1423,0.0,0.0,0.0,0.0,0.010170038773628839,0.0025491169511791395,l2729410,PQ,1.0,1.0,1.0,7199.557856794634,1000000.0,0.95,1.05,0,0,c,False,True,False,12281312.3465416,1668574.25556345
1424,0.0,0.0,0.0,0.0,0.0,0.0,m1026807,PQ,1.0,1.0,1.0,7199.557856794634,1000000.0,0.95,1.05,0,0,abc,False,False,False,12281304.4453576,1668469.72154736
1425,0.0,0.0,0.0,0.0,0.0,0.0,n1140521,PQ,1.0,1.0,1.0,7199.557856794634,1000000.0,0.95,1.05,0,0,abc,False,False,False,12281275.9044296,1668416.72340331
1426,0.0,0.0,0.0,0.0,0.010170038782956142,0.0025491171218687205,l3254217,PQ,1.0,1.0,1.0,7199.557856794634,1000000.0,0.95,1.05,0,0,abc,False,True,False,12281220.0267976,1668312.96762721
1427,0.0,0.0,0.0,0.0,0.0,0.0,m1026800,PQ,1.0,1.0,1.0,7199.557856794634,1000000.0,0.95,1.05,0,0,abc,False,False,False,12281028.8787654,1668244.72826715
1428,0.0,0.0,0.0,0.0,0.0,0.0,m1026797,PQ,1.0,1.0,1.0,7199.557856794634,1000000.0,0.95,1.05,0,0,abc,False,False,False,12280846.1357252,1668187.35969109
1429,0.0,0.0,0.0,0.0,0.0,0.0,m1026796,PQ,1.0,1.0,1.0,7199.557856794634,1000000.0,0.95,1.05,0,0,abc,False,False,False,12280838.0461252,1668185.20929109
1430,0.0,0.0,0.0,0.0,0.0,0.0,m1026795,PQ,1.0,1.0,1.0,7199.557856794634,1000000.0,0.95,1.05,0,0,abc,False,False,False,12280738.2839491,1668183.45210709
1431,0.0,0.0,0.0,0.0,0.0,0.0,n1140522,PQ,1.0,1.0,1.0,7199.557856794634,1000000.0,0.95,1.05,0,0,c,False,False,False,12280738.5665731,1668142.77063505
1432,0.0,0.0,0.0,0.0,0.006100023274437086,0.0015289692800927682,l2822870,PQ,1.0,1.0,1.0,7199.557856794634,1000000.0,0.95,1.05,0,0,c,False,True,False,12280755.2536771,1668093.85620301
1433,0.0,0.0,0.0,0.0,0.006100023274967352,0.0015289692808820741,l2766725,PQ,1.0,1.0,1.0,7199.557856794634,1000000.0,0.95,1.05,0,0,c,False,True,False,12280654.864813,1667910.43732284
1434,0.0,0.0,0.0,0.0,0.0,0.0,m1026786,PQ,1.0,1.0,1.0,7199.557856794634,1000000.0,0.95,1.05,0,0,abc,False,False,False,12280526.3814849,1668066.54817098
1435,0.0,0.0,0.0,0.0,0.0,0.0,m1026785,PQ,1.0,1.0,1.0,7199.557856794634,1000000.0,0.95,1.05,0,0,abc,False,False,False,12280514.6177729,1668061.77223498
1436,0.0,0.0,0.0,0.0,0.0,0.0,m1026783,PQ,1.0,1.0,1.0,7199.557856794634,1000000.0,0.95,1.05,0,0,abc,False,False,False,12280424.2026688,1668025.07617094
1437,0.0,0.0,0.0,0.0,0.0,0.0,m1026784,PQ,1.0,1.0,1.0,7199.557856794634,1000000.0,0.95,1.05,0,0,c,False,False,False,12280429.6749248,1667998.89863492
1438,0.0,0.0,0.0,0.0,0.0,0.0,n1140523,PQ,1.0,1.0,1.0,7199.557856794634,1000000.0,0.95,1.05,0,0,c,False,False,False,12280440.2262208,1667948.45229887
1439,0.0,0.0,0.0,0.0,0.006100023279545057,0.0015289694576556682,l2766724,PQ,1.0,1.0,1.0,7199.557856794634,1000000.0,0.95,1.05,0,0,c,False,True,False,12280454.9103808,1667878.25914681
1440,0.0,0.0,0.0,0.0,0.0,0.0,m1026780,PQ,1.0,1.0,1.0,7199.557856794634,1000000.0,0.95,1.05,0,0,abc,False,False,False,12280371.0816448,1667999.91034692
1441,0.0,0.0,0.0,0.0,0.0,0.0,m1026774,PQ,1.0,1.0,1.0,7199.557856794634,1000000.0,0.95,1.05,0,0,abc,False,False,False,12280049.7791165,1667857.88973879
1442,0.0,0.0,0.0,0.0,0.0,0.0,m1026769,PQ,1.0,1.0,1.0,7199.557856794634,1000000.0,0.95,1.05,0,0,abc,False,False,False,12279688.8887481,1667706.53434665
1443,0.0,0.0,0.0,0.0,0.0,0.0,d6140776-1_int,PQ,1.0,1.0,1.0,7199.557856794634,1000000.0,0.95,1.05,0,0,a,False,False,False,12279698.4207161,1667685.52596263
1444,0.0,0.0,0.0,0.0,0.0,0.0,e182730,PQ,1.0,1.0,1.0,7199.557856794634,1000000.0,0.95,1.05,0,0,a,False,False,False,12279697.4207161,1667685.52596263
1445,0.0,0.0,0.0,0.0,0.0,0.0,n1142109,PQ,1.0,1.0,1.0,7199.557856794634,1000000.0,0.95,1.05,0,0,a,False,False,False,12279729.1401402,1667613.39130656
1446,0.008869814277721022,0.0022227581533853717,0.0,0.0,0.0,0.0,l2729429,PQ,1.0,1.0,1.0,7199.557856794634,1000000.0,0.95,1.05,0,0,a,False,True,False,12279825.1258043,1667404.80250637
1447,0.0035499256687189567,0.0008896043988961009,0.0,0.0,0.0,0.0,l3197647,PQ,1.0,1.0,1.0,7199.557856794634,1000000.0,0.95,1.05,0,0,a,False,True,False,12280185.7294526,1667269.68775424
1448,0.0,0.0,0.0,0.0,0.0,0.0,m1026778,PQ,1.0,1.0,1.0,7199.557856794634,1000000.0,0.95,1.05,0,0,a,False,False,False,12280190.7306686,1667267.88141824
1449,0.00886981426195657,0.0022227581343949167,0.0,0.0,0.0,0.0,l2841633,PQ,1.0,1.0,1.0,7199.557856794634,1000000.0,0.95,1.05,0,0,abc,False,True,False,12279664.6486201,1667692.41133863
1450,0.0,0.0,0.0,0.0,0.0,0.0,d5534970-1_int,PQ,1.0,1.0,1.0,7199.557856794634,1000000.0,0.95,1.05,0,0,abc,False,False,False,12279354.2829878,1667533.41281049
1451,0.0,0.0,0.0,0.0,0.0,0.0,e182732,PQ,1.0,1.0,1.0,7199.557856794634,1000000.0,0.95,1.05,0,0,abc,False,False,False,12279353.2829878,1667533.41281049
1452,0.0,0.0,0.0,0.0,0.0,0.0,m1026760,PQ,1.0,1.0,1.0,7199.557856794634,1000000.0,0.95,1.05,0,0,abc,False,False,False,12279326.4582838,1667519.71578647
1453,0.0,0.0,0.0,0.0,0.0,0.0,m1026744,PQ,1.0,1.0,1.0,7199.557856794634,1000000.0,0.95,1.05,0,0,abc,False,False,False,12278982.1198515,1667364.42004233
1454,0.0,0.0,0.0,0.0,0.0,0.0,m1026724,PQ,1.0,1.0,1.0,7199.557856794634,1000000.0,0.95,1.05,0,0,abc,False,False,False,12278485.229995,1667122.8994021
1455,0.0,0.0,0.0,0.0,0.0,0.0,r18243,PQ,1.0,1.0,1.0,7199.557856794634,1000000.0,0.95,1.05,0,0,abc,False,False,False,12278469.280171,1667108.32583409
1456,0.0,0.0,0.0,0.0,0.0,0.0,n1139552,PQ,1.0,1.0,1.0,7199.557856794634,1000000.0,0.95,1.05,0,0,abc,False,False,False,12278392.6849709,1667041.60609003
1457,0.0,0.0,0.0,0.0,0.0,0.0,m1026702,PQ,1.0,1.0,1.0,7199.557856794634,1000000.0,0.95,1.05,0,0,abc,False,False,False,12278175.7812907,1666852.66989785
1458,0.008869813051492932,0.0022227566540421358,0.009730166099508138,0.002438616353648873,0.010170038897816147,0.002549119864804494,l2729414,PQ,1.0,1.0,1.0,7199.557856794634,1000000.0,0.95,1.05,0,0,abc,False,True,False,12278019.0683306,1666900.0114659
1459,0.0,0.0,0.0,0.0,0.0,0.0,n1139551,PQ,1.0,1.0,1.0,7199.557856794634,1000000.0,0.95,1.05,0,0,abc,False,False,False,12278010.8066986,1666463.86528949
1460,0.0,0.0,0.0,0.0,0.0,0.0,m1026695,PQ,1.0,1.0,1.0,7199.557856794634,1000000.0,0.95,1.05,0,0,abc,False,False,False,12277981.7210025,1666395.69965743
1461,0.0,0.0,0.0,0.0,0.0,0.0,n1140818,PQ,1.0,1.0,1.0,7199.557856794634,1000000.0,0.95,1.05,0,0,abc,False,False,False,12278027.4569386,1666193.41460124
1462,0.0,0.0,0.005840099899406296,0.0014636709731757588,0.0,0.0,l2973167,PQ,1.0,1.0,1.0,7199.557856794634,1000000.0,0.95,1.05,0,0,abc,False,True,False,12278035.1901866,1666159.20890521
1463,0.0,0.0,0.0,0.0,0.0,0.0,n1140819,PQ,1.0,1.0,1.0,7199.557856794634,1000000.0,0.95,1.05,0,0,abc,False,False,False,12278103.5442346,1665943.435721
1464,0.0,0.0,0.0,0.0,0.0,0.0,m1026700,PQ,1.0,1.0,1.0,7199.557856794634,1000000.0,0.95,1.05,0,0,abc,False,False,False,12278130.2255787,1665859.20557693
1465,0.0,0.0,0.0,0.0,0.0,0.0,n1140821,PQ,1.0,1.0,1.0,7199.557856794634,1000000.0,0.95,1.05,0,0,c,False,False,False,12278131.7124267,1665822.65287289
1466,0.0,0.0,0.0,0.0,0.02034007793557593,0.005098242068459698,l3189188,PQ,1.0,1.0,1.0,7199.557856794634,1000000.0,0.95,1.05,0,0,c,False,True,False,12278133.8259627,1665770.67872884
1467,0.0,0.0,0.0,0.0,0.0,0.0,n1140820,PQ,1.0,1.0,1.0,7199.557856794634,1000000.0,0.95,1.05,0,0,b,False,False,False,12278060.2372266,1665839.95028091
1468,0.0,0.0,0.005840099963743093,0.0014636709543570132,0.0,0.0,l3189189,PQ,1.0,1.0,1.0,7199.557856794634,1000000.0,0.95,1.05,0,0,b,False,True,False,12277929.4068905,1665803.95872888
1469,0.0,0.0,0.0,0.0,0.0,0.0,n1140823,PQ,1.0,1.0,1.0,7199.557856794634,1000000.0,0.95,1.05,0,0,abc,False,False,False,12278251.6146348,1665856.55136892
1470,0.00886981246471858,0.002222755970304272,0.009730166576632665,0.0024386162414874487,0.015260058471736207,0.0038249349888833705,l2851933,PQ,1.0,1.0,1.0,7199.557856794634,1000000.0,0.95,1.05,0,0,abc,False,True,False,12278449.914283,1665852.21780092
1471,0.01773962491989044,0.004445510928089965,0.029180499573708375,0.007313341676929209,0.020340077936190082,0.005098242147246938,l3207907,PQ,1.0,1.0,1.0,7199.557856794634,1000000.0,0.95,1.05,0,0,abc,False,True,False,12278524.985771,1665832.9911769
1472,0.0,0.0,0.0,0.0,0.0,0.0,m3037441,PQ,1.0,1.0,1.0,7199.557856794634,1000000.0,0.95,1.05,0,0,abc,False,False,False,12278532.690347,1665831.0169049
1473,0.0,0.0,0.0,0.0,0.0,0.0,n1140824,PQ,1.0,1.0,1.0,7199.557856794634,1000000.0,0.95,1.05,0,0,a,False,False,False,12278562.6812591,1665933.126089
1474,0.005319887512332466,0.0013331524320638985,0.0,0.0,0.0,0.0,l3226771,PQ,1.0,1.0,1.0,7199.557856794634,1000000.0,0.95,1.05,0,0,a,False,True,False,12278819.6888753,1666269.19469731
1475,0.00886981244582896,0.002222755943558982,0.0,0.0,0.0,0.0,l3189190,PQ,1.0,1.0,1.0,7199.557856794634,1000000.0,0.95,1.05,0,0,a,False,True,False,12279158.8212916,1666040.28154509
1476,0.0,0.0,0.0,0.0,0.0,0.0,m1026706,PQ,1.0,1.0,1.0,7199.557856794634,1000000.0,0.95,1.05,0,0,abc,False,False,False,12278248.0797868,1665604.65146469
1477,0.0,0.0,0.0,0.0,0.0,0.0,n1140828,PQ,1.0,1.0,1.0,7199.557856794634,1000000.0,0.95,1.05,0,0,abc,False,False,False,12278259.0611628,1665213.43431232
1478,0.0,0.0,0.0,0.0,0.0,0.0,m1026708,PQ,1.0,1.0,1.0,7199.557856794634,1000000.0,0.95,1.05,0,0,abc,False,False,False,12278260.1834668,1665173.51469629
1479,0.0,0.0,0.0,0.0,0.0,0.0,m1026709,PQ,1.0,1.0,1.0,7199.557856794634,1000000.0,0.95,1.05,0,0,abc,False,False,False,12278260.2530988,1665171.11444029
1480,0.0,0.0,0.0,0.0,0.0,0.0,p827561,PQ,1.0,1.0,1.0,7199.557856794634,1000000.0,0.95,1.05,0,0,c,False,False,False,12278242.0013228,1665175.86989629
1481,0.0,0.0,0.0,0.0,0.0,0.0,m1026705,PQ,1.0,1.0,1.0,7199.557856794634,1000000.0,0.95,1.05,0,0,c,False,False,False,12278220.5546668,1665181.4568403
1482,0.0,0.0,0.0,0.0,0.004070015611851448,0.0010201495685905663,l2710532,PQ,1.0,1.0,1.0,7199.557856794634,1000000.0,0.95,1.05,0,0,c,False,True,False,12278312.9112748,1665215.56013633
1483,0.0,0.0,0.0,0.0,0.0,0.0,n1140829,PQ,1.0,1.0,1.0,7199.557856794634,1000000.0,0.95,1.05,0,0,c,False,False,False,12278198.2888107,1665187.2608723
1484,0.0,0.0,0.0,0.0,0.0,0.0,m1026703,PQ,1.0,1.0,1.0,7199.557856794634,1000000.0,0.95,1.05,0,0,c,False,False,False,12278180.5408427,1665191.8852563
1485,0.0,0.0,0.0,0.0,0.010170039012119653,0.002549120786901951,l2973166,PQ,1.0,1.0,1.0,7199.557856794634,1000000.0,0.95,1.05,0,0,c,False,True,False,12277941.0190505,1665185.7617363
1486,0.0,0.0,0.0,0.0,0.0,0.0,m1026701,PQ,1.0,1.0,1.0,7199.557856794634,1000000.0,0.95,1.05,0,0,abc,False,False,False,12278164.4353707,1665004.39085613
1487,0.0,0.0,0.0,0.0,0.0,0.0,p827560,PQ,1.0,1.0,1.0,7199.557856794634,1000000.0,0.95,1.05,0,0,a,False,False,False,12278179.9346347,1664997.53824812
1488,0.0,0.0,0.0,0.0,0.0,0.0,n1147866,PQ,1.0,1.0,1.0,7199.557856794634,1000000.0,0.95,1.05,0,0,a,False,False,False,12278221.4353068,1664979.18407211
1489,0.0,0.0,0.0,0.0,0.0,0.0,m1026713,PQ,1.0,1.0,1.0,7199.557856794634,1000000.0,0.95,1.05,0,0,a,False,False,False,12278316.2208428,1664938.74016807
1490,0.003549924847745242,0.0008896034197445553,0.0,0.0,0.0,0.0,l2785530,PQ,1.0,1.0,1.0,7199.557856794634,1000000.0,0.95,1.05,0,0,a,False,True,False,12278321.8897069,1664759.5401679
1491,0.0053198873727441165,0.0013331522785182252,0.0,0.0,0.0,0.0,l2822868,PQ,1.0,1.0,1.0,7199.557856794634,1000000.0,0.95,1.05,0,0,a,False,True,False,12278334.3292589,1664380.88954355
1492,0.00886981221424903,0.0022227556892259527,0.0,0.0,0.0,0.0,l2766723,PQ,1.0,1.0,1.0,7199.557856794634,1000000.0,0.95,1.05,0,0,a,False,True,False,12278339.5803309,1664187.95155937
1493,0.008869812212749148,0.002222755687053912,0.0,0.0,0.0,0.0,l3122822,PQ,1.0,1.0,1.0,7199.557856794634,1000000.0,0.95,1.05,0,0,a,False,True,False,12278499.639723,1664285.66163946
1494,0.005319887379505136,0.0013331522883090266,0.0,0.0,0.0,0.0,l2860504,PQ,1.0,1.0,1.0,7199.557856794634,1000000.0,0.95,1.05,0,0,a,False,True,False,12278329.3198509,1664980.35143211
1495,0.008869812217673089,0.002222755694184405,0.0,0.0,0.0,0.0,l2860493,PQ,1.0,1.0,1.0,7199.557856794634,1000000.0,0.95,1.05,0,0,a,False,True,False,12279012.3483315,1664964.77024809
1496,0.008869812215374173,0.0022227556908552435,0.0,0.0,0.0,0.0,l3085403,PQ,1.0,1.0,1.0,7199.557856794634,1000000.0,0.95,1.05,0,0,a,False,True,False,12279299.7810358,1664964.36884009
1497,0.0,0.0,0.0,0.0,0.0,0.0,m1026697,PQ,1.0,1.0,1.0,7199.557856794634,1000000.0,0.95,1.05,0,0,abc,False,False,False,12278036.0093866,1664850.22560799
1498,0.0,0.0,0.0,0.0,0.0,0.0,m1026690,PQ,1.0,1.0,1.0,7199.557856794634,1000000.0,0.95,1.05,0,0,abc,False,False,False,12277902.3691945,1664697.56768784
1499,0.005319887317050148,0.0013331522336627872,0.0,0.0,0.0,0.0,l2879078,PQ,1.0,1.0,1.0,7199.557856794634,1000000.0,0.95,1.05,0,0,abc,False,True,False,12277691.2285863,1664462.25248763
1500,0.0,0.0,0.0,0.0,0.0,0.0,m1026681,PQ,1.0,1.0,1.0,7199.557856794634,1000000.0,0.95,1.05,0,0,abc,False,False,False,12277560.8692901,1664316.53728749
1501,0.008869812077379753,0.00222275558554643,0.0,0.0,0.0,0.0,l3048221,PQ,1.0,1.0,1.0,7199.557856794634,1000000.0,0.95,1.05,0,0,abc,False,True,False,12277419.78257,1664158.84128734
1502,0.0,0.0,0.0,0.0,0.0,0.0,d5835167-6_int,PQ,1.0,1.0,1.0,7199.557856794634,1000000.0,0.95,1.05,0,0,abc,False,False,False,12277097.9440417,1663798.46291901
1503,0.0,0.0,0.0,0.0,0.0,0.0,q14414,PQ,1.0,1.0,1.0,7199.557856794634,1000000.0,0.95,1.05,0,0,abc,False,False,False,12277098.9440417,1663798.46291901
1504,0.005319887258329954,0.0013331521952610415,0.0,0.0,0.0,0.0,l2691952,PQ,1.0,1.0,1.0,7199.557856794634,1000000.0,0.95,1.05,0,0,abc,False,True,False,12277096.9440417,1663798.46291901
1505,0.0,0.0,0.0,0.0,0.0,0.0,m3036170,PQ,1.0,1.0,1.0,7199.557856794634,1000000.0,0.95,1.05,0,0,abc,False,False,False,12277091.9510177,1663793.342919
1506,0.0,0.0,0.0,0.0,0.00610002347132745,0.001528971440628348,l3197642,PQ,1.0,1.0,1.0,7199.557856794634,1000000.0,0.95,1.05,0,0,c,False,True,False,12276942.4879776,1663873.44019908
1507,0.0,0.0,0.0,0.0,0.0,0.0,m1026670,PQ,1.0,1.0,1.0,7199.557856794634,1000000.0,0.95,1.05,0,0,abc,False,False,False,12277054.7019937,1663755.13133497
1508,0.0,0.0,0.0,0.0,0.0,0.0,m1026662,PQ,1.0,1.0,1.0,7199.557856794634,1000000.0,0.95,1.05,0,0,abc,False,False,False,12276922.2455455,1663670.99539889
1509,0.0,0.0,0.0,0.0,0.0,0.0,n1140832,PQ,1.0,1.0,1.0,7199.557856794634,1000000.0,0.95,1.05,0,0,c,False,False,False,12276942.5371296,1663650.09351087
1510,0.0,0.0,0.0,0.0,0.010170039146630333,0.0025491211923375475,l2841631,PQ,1.0,1.0,1.0,7199.557856794634,1000000.0,0.95,1.05,0,0,c,False,True,False,12277002.2404256,1663588.59616681
1511,0.0,0.0,0.0,0.0,0.0,0.0,n1140831,PQ,1.0,1.0,1.0,7199.557856794634,1000000.0,0.95,1.05,0,0,c,False,False,False,12277030.1341856,1663670.68000689
1512,0.0,0.0,0.0,0.0,0.010170039149440988,0.002549121196513098,l3141402,PQ,1.0,1.0,1.0,7199.557856794634,1000000.0,0.95,1.05,0,0,c,False,True,False,12277430.940074,1663669.50445489
1513,0.0,0.0,0.0,0.0,0.006100023493695817,0.0015289714902427872,l2673319,PQ,1.0,1.0,1.0,7199.557856794634,1000000.0,0.95,1.05,0,0,abc,False,True,False,12276624.3106973,1663309.19981455
1514,0.0,0.0,0.0,0.0,0.0,0.0,m1026658,PQ,1.0,1.0,1.0,7199.557856794634,1000000.0,0.95,1.05,0,0,abc,False,False,False,12276549.5300252,1663229.61043848
1515,0.008869811969517293,0.0022227555208848603,0.0,0.0,0.0,0.0,l3172805,PQ,1.0,1.0,1.0,7199.557856794634,1000000.0,0.95,1.05,0,0,a,False,True,False,12276268.3723929,1663438.05997467
1516,0.0,0.0,0.0,0.0,0.0,0.0,m1026655,PQ,1.0,1.0,1.0,7199.557856794634,1000000.0,0.95,1.05,0,0,abc,False,False,False,12276389.1183771,1663058.88096632
1517,0.0,0.0,0.0,0.0,0.0,0.0,n1141474,PQ,1.0,1.0,1.0,7199.557856794634,1000000.0,0.95,1.05,0,0,a,False,False,False,12276380.254633,1663072.67629433
1518,0.008869811961509702,0.002222755520760359,0.0,0.0,0.0,0.0,l2710518,PQ,1.0,1.0,1.0,7199.557856794634,1000000.0,0.95,1.05,0,0,a,False,True,False,12276338.229673,1663138.08531839
1519,0.0,0.0,0.0,0.0,0.0,0.0,n1141475,PQ,1.0,1.0,1.0,7199.557856794634,1000000.0,0.95,1.05,0,0,c,False,False,False,12276414.2719131,1663036.1276863
1520,0.0,0.0,0.0,0.0,0.0,0.0,m1009655,PQ,1.0,1.0,1.0,7199.557856794634,1000000.0,0.95,1.05,0,0,c,False,False,False,12276433.6582811,1663018.59271028
1521,0.0,0.0,0.0,0.0,0.0,0.0,p827528,PQ,1.0,1.0,1.0,7199.557856794634,1000000.0,0.95,1.05,0,0,c,False,False,False,12276453.2699291,1663006.10810227
1522,0.0,0.0,0.0,0.0,0.0,0.0,221-240988,PQ,1.0,1.0,1.0,7199.557856794634,1000000.0,0.95,1.05,0,0,c,False,False,False,12276470.9523611,1662994.84819826
1523,0.0,0.0,0.0,0.0,0.030520117753392223,0.0076498711600299476,l3141411,PQ,1.0,1.0,1.0,7199.557856794634,1000000.0,0.95,1.05,0,0,c,False,True,False,12276584.6491292,1662922.46778219
1524,0.0,0.0,0.0,0.0,0.0,0.0,m1009651,PQ,1.0,1.0,1.0,7199.557856794634,1000000.0,0.95,1.05,0,0,abc,False,False,False,12276247.3885849,1662908.03347818
1525,0.0,0.0,0.0,0.0,0.0,0.0,m1009650,PQ,1.0,1.0,1.0,7199.557856794634,1000000.0,0.95,1.05,0,0,abc,False,False,False,12276225.3316249,1662888.25389416
1526,0.0,0.0,0.0,0.0,0.0,0.0,e203026,PQ,1.0,1.0,1.0,7199.557856794634,1000000.0,0.95,1.05,0,0,abc,False,False,False,12275527.7746322,1662334.47059764
1527,0.0,0.0,0.0,0.0,0.010170039188040804,0.0025491212785662804,l2879092,PQ,1.0,1.0,1.0,7199.557856794634,1000000.0,0.95,1.05,0,0,c,False,True,False,12276407.7592731,1662843.14874212
1528,0.0,0.0,0.0,0.0,0.0,0.0,n1141473,PQ,1.0,1.0,1.0,7199.557856794634,1000000.0,0.95,1.05,0,0,a,False,False,False,12276876.5751455,1663672.46995889
1529,0.008869812005665797,0.002222755541954026,0.0,0.0,0.0,0.0,l3216350,PQ,1.0,1.0,1.0,7199.557856794634,1000000.0,0.95,1.05,0,0,a,False,True,False,12276741.3170334,1663676.83219889
1530,0.0,0.0,0.0,0.0,0.0,0.0,n1140830,PQ,1.0,1.0,1.0,7199.557856794634,1000000.0,0.95,1.05,0,0,a,False,False,False,12277883.8757544,1664731.43341588
1531,0.008869812161396085,0.0022227556454841157,0.0,0.0,0.0,0.0,l3216351,PQ,1.0,1.0,1.0,7199.557856794634,1000000.0,0.95,1.05,0,0,a,False,True,False,12277870.1336744,1664756.5992399
1532,0.005319887337595061,0.0013331522472882491,0.0,0.0,0.0,0.0,l2879081,PQ,1.0,1.0,1.0,7199.557856794634,1000000.0,0.95,1.05,0,0,a,False,True,False,12277776.1591463,1664801.13914394
1533,0.0,0.0,0.0,0.0,0.0,0.0,m1026682,PQ,1.0,1.0,1.0,7199.557856794634,1000000.0,0.95,1.05,0,0,a,False,False,False,12277607.4285222,1664726.57146387
1534,0.00531988733152815,0.0013331522385033054,0.0,0.0,0.0,0.0,l3066816,PQ,1.0,1.0,1.0,7199.557856794634,1000000.0,0.95,1.05,0,0,a,False,True,False,12277333.7378979,1664599.95591175
1535,0.0,0.0,0.0,0.0,0.0,0.0,m1026667,PQ,1.0,1.0,1.0,7199.557856794634,1000000.0,0.95,1.05,0,0,a,False,False,False,12277019.9392416,1664354.33107952
1536,0.0,0.0,0.0,0.0,0.0,0.0,m1026661,PQ,1.0,1.0,1.0,7199.557856794634,1000000.0,0.95,1.05,0,0,a,False,False,False,12276838.5437855,1664355.56397553
1537,0.0,0.0,0.0,0.0,0.0,0.0,p827530,PQ,1.0,1.0,1.0,7199.557856794634,1000000.0,0.95,1.05,0,0,a,False,False,False,12276835.9796895,1664339.11443951
1538,0.0,0.0,0.0,0.0,0.0,0.0,221-240991,PQ,1.0,1.0,1.0,7199.557856794634,1000000.0,0.95,1.05,0,0,a,False,False,False,12276832.5349535,1664317.00423149
1539,0.017739623974801708,0.004445510113510374,0.0,0.0,0.0,0.0,l3066817,PQ,1.0,1.0,1.0,7199.557856794634,1000000.0,0.95,1.05,0,0,a,False,True,False,12276569.2358812,1663734.54483895
1540,0.0,0.0,0.0,0.0,0.0,0.0,n1140825,PQ,1.0,1.0,1.0,7199.557856794634,1000000.0,0.95,1.05,0,0,abc,False,False,False,12278297.6086188,1665607.51456869
1541,0.0,0.0,0.0,0.0,0.0061000233847238365,0.0015289711365998773,l3216368,PQ,1.0,1.0,1.0,7199.557856794634,1000000.0,0.95,1.05,0,0,abc,False,True,False,12278364.4389549,1665611.3811927
1542,0.0,0.0,0.0,0.0,0.0,0.0,n1140827,PQ,1.0,1.0,1.0,7199.557856794634,1000000.0,0.95,1.05,0,0,abc,False,False,False,12278455.280043,1665613.6258007
1543,0.0,0.0,0.0,0.0,0.0,0.0,m1026726,PQ,1.0,1.0,1.0,7199.557856794634,1000000.0,0.95,1.05,0,0,abc,False,False,False,12278511.919531,1665615.0266327
1544,0.0,0.0,0.0,0.0,0.0,0.0,l2876847,PQ,1.0,1.0,1.0,7199.557856794634,1000000.0,0.95,1.05,0,0,b,False,False,False,12278539.0555311,1665377.45863248
1545,0.01773962477378902,0.0044455107783281335,0.01945033309753688,0.004874725381794184,0.02034007797692224,0.005098242336221266,l2814529,PQ,1.0,1.0,1.0,7199.557856794634,1000000.0,0.95,1.05,0,0,abc,False,True,False,12278603.6330671,1665706.94087278
1546,0.0,0.0,0.009730166629835708,0.0024386162168720136,0.0,0.0,l2916610,PQ,1.0,1.0,1.0,7199.557856794634,1000000.0,0.95,1.05,0,0,b,False,True,False,12278727.8114992,1665617.5702487
1547,0.0,0.0,0.0,0.0,0.0,0.0,n1140822,PQ,1.0,1.0,1.0,7199.557856794634,1000000.0,0.95,1.05,0,0,c,False,False,False,12278214.7874988,1665619.6264407
1548,0.0,0.0,0.0,0.0,0.0061000233845659,0.0015289711325533314,l2935560,PQ,1.0,1.0,1.0,7199.557856794634,1000000.0,0.95,1.05,0,0,c,False,True,False,12278080.4796586,1665680.03015276
1549,0.0,0.0,0.0,0.0,0.0,0.0,n1138594,PQ,1.0,1.0,1.0,7199.557856794634,1000000.0,0.95,1.05,0,0,a,False,False,False,12277919.8058665,1666400.40186543
1550,0.0,0.0,0.0,0.0,0.0,0.0,m1026679,PQ,1.0,1.0,1.0,7199.557856794634,1000000.0,0.95,1.05,0,0,a,False,False,False,12277460.779434,1666435.25882546
1551,0.0,0.0,0.0,0.0,0.0,0.0,p827537,PQ,1.0,1.0,1.0,7199.557856794634,1000000.0,0.95,1.05,0,0,a,False,False,False,12277432.414634,1666442.04180147
1552,0.00886981260948401,0.002222756083950499,0.0,0.0,0.0,0.0,l3122827,PQ,1.0,1.0,1.0,7199.557856794634,1000000.0,0.95,1.05,0,0,a,False,True,False,12277209.9199138,1666495.24064952
1553,0.0053198875920086,0.0013331524895260336,0.0,0.0,0.0,0.0,l2954355,PQ,1.0,1.0,1.0,7199.557856794634,1000000.0,0.95,1.05,0,0,a,False,True,False,12277044.4619937,1666397.94016943
1554,0.0,0.0,0.0,0.0,0.0,0.0,m1026665,PQ,1.0,1.0,1.0,7199.557856794634,1000000.0,0.95,1.05,0,0,a,False,False,False,12276972.9089696,1666366.6016734
1555,0.0,0.0,0.0,0.0,0.0,0.0,l3232933,PQ,1.0,1.0,1.0,7199.557856794634,1000000.0,0.95,1.05,0,0,a,False,False,False,12276548.4568732,1666147.9490012
1556,0.0,0.0,0.0,0.0,0.0,0.0,m1026660,PQ,1.0,1.0,1.0,7199.557856794634,1000000.0,0.95,1.05,0,0,a,False,False,False,12276748.1696414,1666531.71962555
1557,0.0,0.0,0.0,0.0,0.0,0.0,m1026657,PQ,1.0,1.0,1.0,7199.557856794634,1000000.0,0.95,1.05,0,0,a,False,False,False,12276478.3005851,1666714.59373772
1558,0.0,0.0,0.0,0.0,0.0,0.0,m1026656,PQ,1.0,1.0,1.0,7199.557856794634,1000000.0,0.95,1.05,0,0,a,False,False,False,12276461.7650331,1666725.33754573
1559,0.005319887491214295,0.0013331523436795922,0.0,0.0,0.0,0.0,l2729428,PQ,1.0,1.0,1.0,7199.557856794634,1000000.0,0.95,1.05,0,0,a,False,True,False,12275943.0598806,1667050.19130604
1560,0.0,0.0,0.0,0.0,0.0,0.0,m1026648,PQ,1.0,1.0,1.0,7199.557856794634,1000000.0,0.95,1.05,0,0,a,False,False,False,12275753.2553365,1667200.08442618
1561,0.0,0.0,0.0,0.0,0.0,0.0,m1026647,PQ,1.0,1.0,1.0,7199.557856794634,1000000.0,0.95,1.05,0,0,a,False,False,False,12275597.1772563,1667270.61345024
1562,0.0,0.0,0.0,0.0,0.0,0.0,m3036169,PQ,1.0,1.0,1.0,7199.557856794634,1000000.0,0.95,1.05,0,0,a,False,False,False,12275370.1441681,1667530.81594648
1563,0.005319887437168376,0.001333152265464554,0.0,0.0,0.0,0.0,l2673317,PQ,1.0,1.0,1.0,7199.557856794634,1000000.0,0.95,1.05,0,0,a,False,True,False,12275364.8398481,1667537.48833049
1564,0.005319887416909747,0.0013331522361453656,0.0,0.0,0.0,0.0,l2710517,PQ,1.0,1.0,1.0,7199.557856794634,1000000.0,0.95,1.05,0,0,a,False,True,False,12275161.3587599,1667793.57844273
1565,0.0,0.0,0.0,0.0,0.0,0.0,m1026646,PQ,1.0,1.0,1.0,7199.557856794634,1000000.0,0.95,1.05,0,0,a,False,False,False,12275065.2420238,1667921.66036285
1566,0.005319887376152517,0.0013331521771605887,0.0,0.0,0.0,0.0,l3178978,PQ,1.0,1.0,1.0,7199.557856794634,1000000.0,0.95,1.05,0,0,a,False,True,False,12274683.3391755,1668441.02087533
1567,0.0,0.0,0.0,0.0,0.0,0.0,m1047432,PQ,1.0,1.0,1.0,7199.557856794634,1000000.0,0.95,1.05,0,0,a,False,False,False,12274372.4486792,1668888.82836375
1568,0.0,0.0,0.0,0.0,0.0,0.0,p903360,PQ,1.0,1.0,1.0,7199.557856794634,1000000.0,0.95,1.05,0,0,a,False,False,False,12274186.588583,1669175.05274801
1569,0.0,0.0,0.0,0.0,0.0,0.0,m1047430,PQ,1.0,1.0,1.0,7199.557856794634,1000000.0,0.95,1.05,0,0,a,False,False,False,12274173.899175,1669204.28590004
1570,0.003549924804010325,0.0008896032855159816,0.0,0.0,0.0,0.0,l2916234,PQ,1.0,1.0,1.0,7199.557856794634,1000000.0,0.95,1.05,0,0,a,False,True,False,12273931.0514308,1669693.9913725
1571,0.0,0.0,0.0,0.0,0.0,0.0,m1047423,PQ,1.0,1.0,1.0,7199.557856794634,1000000.0,0.95,1.05,0,0,a,False,False,False,12273521.0500224,1670437.27201319
1572,0.0,0.0,0.0,0.0,0.0,0.0,m1047420,PQ,1.0,1.0,1.0,7199.557856794634,1000000.0,0.95,1.05,0,0,a,False,False,False,12273449.4519423,1670586.55892533
1573,0.008869812020435316,0.002222755231478528,0.0,0.0,0.0,0.0,l2820556,PQ,1.0,1.0,1.0,7199.557856794634,1000000.0,0.95,1.05,0,0,a,False,True,False,12273126.470054,1670877.7271816
1574,0.0,0.0,0.0,0.0,0.0,0.0,m1047410,PQ,1.0,1.0,1.0,7199.557856794634,1000000.0,0.95,1.05,0,0,a,False,False,False,12273023.2303739,1670956.00174167
1575,0.0,0.0,0.0,0.0,0.0,0.0,m1047409,PQ,1.0,1.0,1.0,7199.557856794634,1000000.0,0.95,1.05,0,0,a,False,False,False,12272800.0516217,1671166.63034987
1576,0.005319887238608779,0.0013331519780724482,0.0,0.0,0.0,0.0,l2841648,PQ,1.0,1.0,1.0,7199.557856794634,1000000.0,0.95,1.05,0,0,a,False,True,False,12272898.4703098,1671570.81953425
1577,0.00531988723774241,0.001333151976818159,0.0,0.0,0.0,0.0,l2710544,PQ,1.0,1.0,1.0,7199.557856794634,1000000.0,0.95,1.05,0,0,a,False,True,False,12273172.9842301,1671448.14843013
1578,0.0053198872354962255,0.001333151973566803,0.0,0.0,0.0,0.0,l3082992,PQ,1.0,1.0,1.0,7199.557856794634,1000000.0,0.95,1.05,0,0,a,False,True,False,12272631.4684536,1671303.21147
1579,0.0,0.0,0.0,0.0,0.0,0.0,m1047406,PQ,1.0,1.0,1.0,7199.557856794634,1000000.0,0.95,1.05,0,0,a,False,False,False,12272462.1398134,1671400.97889409
1580,0.003549924749785509,0.0008896032070220074,0.0,0.0,0.0,0.0,l2691947,PQ,1.0,1.0,1.0,7199.557856794634,1000000.0,0.95,1.05,0,0,a,False,True,False,12272253.5592052,1671454.16955014
1581,0.005319887229099925,0.0013331519643071381,0.0,0.0,0.0,0.0,l3216348,PQ,1.0,1.0,1.0,7199.557856794634,1000000.0,0.95,1.05,0,0,a,False,True,False,12272422.7813494,1671313.50881401
1582,0.005319887218117648,0.001333151948408361,0.0,0.0,0.0,0.0,l2841627,PQ,1.0,1.0,1.0,7199.557856794634,1000000.0,0.95,1.05,0,0,a,False,True,False,12272190.3661171,1670741.13377347
1583,0.008869811950819585,0.0022227551306987143,0.0,0.0,0.0,0.0,l3254216,PQ,1.0,1.0,1.0,7199.557856794634,1000000.0,0.95,1.05,0,0,a,False,True,False,12272050.459045,1670419.51175717
1584,0.0,0.0,0.0,0.0,0.0,0.0,m1047401,PQ,1.0,1.0,1.0,7199.557856794634,1000000.0,0.95,1.05,0,0,a,False,False,False,12272009.429413,1670317.46401308
1585,0.0,0.0,0.0,0.0,0.0,0.0,m1047403,PQ,1.0,1.0,1.0,7199.557856794634,1000000.0,0.95,1.05,0,0,a,False,False,False,12272151.8882931,1670290.45089305
1586,0.0,0.0,0.0,0.0,0.0,0.0,m1047404,PQ,1.0,1.0,1.0,7199.557856794634,1000000.0,0.95,1.05,0,0,a,False,False,False,12272200.4914292,1670070.76193285
1587,0.01329971801909691,0.003332878833157643,0.0,0.0,0.0,0.0,l3091052,PQ,1.0,1.0,1.0,7199.557856794634,1000000.0,0.95,1.05,0,0,a,False,True,False,12272140.2597491,1669875.85786867
1588,0.00531988721125448,0.0013331519384725298,0.0,0.0,0.0,0.0,l2748132,PQ,1.0,1.0,1.0,7199.557856794634,1000000.0,0.95,1.05,0,0,a,False,True,False,12271940.8214129,1670146.82874892
1589,0.0,0.0,0.0,0.0,0.0,0.0,l2689726,PQ,1.0,1.0,1.0,7199.557856794634,1000000.0,0.95,1.05,0,0,a,False,False,False,12271639.1469166,1669362.21127619
1590,0.0,0.0,0.0,0.0,0.0,0.0,m1047400,PQ,1.0,1.0,1.0,7199.557856794634,1000000.0,0.95,1.05,0,0,a,False,False,False,12271577.9813486,1668919.92929178
1591,0.0,0.0,0.0,0.0,0.0,0.0,m1047419,PQ,1.0,1.0,1.0,7199.557856794634,1000000.0,0.95,1.05,0,0,a,False,False,False,12273409.6183423,1670575.33998132
1592,0.008869812045182363,0.002222755267301947,0.0,0.0,0.0,0.0,l2973157,PQ,1.0,1.0,1.0,7199.557856794634,1000000.0,0.95,1.05,0,0,a,False,True,False,12273264.4110461,1670514.44065326
1593,0.005319887350819908,0.001333152140496975,0.0,0.0,0.0,0.0,l2879075,PQ,1.0,1.0,1.0,7199.557856794634,1000000.0,0.95,1.05,0,0,a,False,True,False,12274227.208615,1668824.91847569
1594,0.0,0.0,0.0,0.0,0.0,0.0,l3251830,PQ,1.0,1.0,1.0,7199.557856794634,1000000.0,0.95,1.05,0,0,a,False,False,False,12274047.6563589,1668748.68781962
1595,0.0,0.0,0.0,0.0,0.0,0.0,m1047433,PQ,1.0,1.0,1.0,7199.557856794634,1000000.0,0.95,1.05,0,0,a,False,False,False,12274519.6548233,1668919.61389978
1596,0.0,0.0,0.0,0.0,0.0,0.0,m1047434,PQ,1.0,1.0,1.0,7199.557856794634,1000000.0,0.95,1.05,0,0,a,False,False,False,12274783.8509196,1668777.27789964
1597,0.0,0.0,0.0,0.0,0.0,0.0,m1047435,PQ,1.0,1.0,1.0,7199.557856794634,1000000.0,0.95,1.05,0,0,a,False,False,False,12275027.5752078,1668649.56871553
1598,0.0,0.0,0.0,0.0,0.0,0.0,l2970841,PQ,1.0,1.0,1.0,7199.557856794634,1000000.0,0.95,1.05,0,0,a,False,False,False,12275161.1580559,1668578.90042746
1599,0.0,0.0,0.0,0.0,0.0,0.0,n1139549,PQ,1.0,1.0,1.0,7199.557856794634,1000000.0,0.95,1.05,0,0,a,False,False,False,12274942.5463437,1667919.70247485
1600,0.005319887404136802,0.001333152217657213,0.0,0.0,0.0,0.0,l2879074,PQ,1.0,1.0,1.0,7199.557856794634,1000000.0,0.95,1.05,0,0,a,False,True,False,12274887.1110797,1667786.57018672
1601,0.008869812266568964,0.002222755587723126,0.0,0.0,0.0,0.0,l3122820,PQ,1.0,1.0,1.0,7199.557856794634,1000000.0,0.95,1.05,0,0,a,False,True,False,12274675.6509835,1667666.90964261
1602,0.005319887401711804,0.0013331522141459171,0.0,0.0,0.0,0.0,l3141398,PQ,1.0,1.0,1.0,7199.557856794634,1000000.0,0.95,1.05,0,0,a,False,True,False,12274484.7937673,1667627.36685857
1603,0.0,0.0,0.0,0.0,0.0,0.0,n1139550,PQ,1.0,1.0,1.0,7199.557856794634,1000000.0,0.95,1.05,0,0,a,False,False,False,12275299.094952,1667501.82855446
1604,0.008869812324421416,0.0022227556714553265,0.0,0.0,0.0,0.0,l3197639,PQ,1.0,1.0,1.0,7199.557856794634,1000000.0,0.95,1.05,0,0,a,False,True,False,12275225.330088,1667471.73114643
1605,0.005319887472770181,0.001333152316987411,0.0,0.0,0.0,0.0,l2973159,PQ,1.0,1.0,1.0,7199.557856794634,1000000.0,0.95,1.05,0,0,a,False,True,False,12275951.5795606,1667443.8250984
1606,0.008869812526307613,0.0022227559635939064,0.0,0.0,0.0,0.0,l3160106,PQ,1.0,1.0,1.0,7199.557856794634,1000000.0,0.95,1.05,0,0,a,False,True,False,12276594.7007132,1667635.87834658
1607,0.0,0.0,0.0,0.0,0.0,0.0,n1140817,PQ,1.0,1.0,1.0,7199.557856794634,1000000.0,0.95,1.05,0,0,abc,False,False,False,12278952.1330354,1667456.45716241
1608,0.005319888270943561,0.0013331533430807213,0.014590248268555574,0.0036566716770784807,0.006100023310056754,0.0015289702194860725,l3235258,PQ,1.0,1.0,1.0,7199.557856794634,1000000.0,0.95,1.05,0,0,abc,False,True,False,12278933.5371954,1667504.81044246
1609,0.0,0.0,0.0,0.0,0.0,0.0,n1140524,PQ,1.0,1.0,1.0,7199.557856794634,1000000.0,0.95,1.05,0,0,a,False,False,False,12280396.0713408,1668117.07233103
1610,0.00531988895763189,0.001333154187103443,0.0,0.0,0.0,0.0,l3197641,PQ,1.0,1.0,1.0,7199.557856794634,1000000.0,0.95,1.05,0,0,a,False,True,False,12280304.0301247,1668491.07809138
1611,0.01329972238648121,0.0033328844568082995,0.0,0.0,0.0,0.0,l2973161,PQ,1.0,1.0,1.0,7199.557856794634,1000000.0,0.95,1.05,0,0,a,False,True,False,12280087.0609085,1668264.59796317
1612,0.0,0.0,0.0,0.0,0.0,0.0,n1136660,PQ,1.0,1.0,1.0,7199.557856794634,1000000.0,0.95,1.05,0,0,a,False,False,False,12282727.575983,1671292.22599799
1613,0.00886982192726269,0.0022227673714834023,0.0,0.0,0.0,0.0,l3010568,PQ,1.0,1.0,1.0,7199.557856794634,1000000.0,0.95,1.05,0,0,a,False,True,False,12282835.8906071,1671220.39034992
1614,0.0,0.0,0.0,0.0,0.0,0.0,p827527,PQ,1.0,1.0,1.0,7199.557856794634,1000000.0,0.95,1.05,0,0,abc,False,False,False,12283106.5788633,1672012.31918266
1615,0.0,0.0,0.0,0.0,0.0,0.0,n1136658,PQ,1.0,1.0,1.0,7199.557856794634,1000000.0,0.95,1.05,0,0,abc,False,False,False,12283103.2570073,1672032.19297468
1616,0.0,0.0,0.0,0.0,0.0,0.0,m1047566,PQ,1.0,1.0,1.0,7199.557856794634,1000000.0,0.95,1.05,0,0,abc,False,False,False,12283080.0408793,1672170.9982228
1617,0.0,0.0,0.0,0.0,0.0,0.0,n1137995,PQ,1.0,1.0,1.0,7199.557856794634,1000000.0,0.95,1.05,0,0,a,False,False,False,12283060.4701913,1672175.10651081
1618,0.008869824888796722,0.0022227710205563224,0.0,0.0,0.0,0.0,l3141401,PQ,1.0,1.0,1.0,7199.557856794634,1000000.0,0.95,1.05,0,0,a,False,True,False,12282978.2716632,1672192.35886282
1619,0.00886982967583456,0.002222777104893811,0.0,0.0,0.0,0.0,l3197654,PQ,1.0,1.0,1.0,7199.557856794634,1000000.0,0.95,1.05,0,0,a,False,True,False,12284118.6103523,1672755.58753535
1620,0.0,0.0,0.0,0.0,0.0,0.0,p895089,PQ,1.0,1.0,1.0,7199.557856794634,1000000.0,0.95,1.05,0,0,c,False,False,False,12283389.8172636,1676362.37358671
1621,0.0,0.0,0.0,0.0,0.01017003794633818,0.002549079657522041,l3235242,PQ,1.0,1.0,1.0,7199.557856794634,1000000.0,0.95,1.05,0,0,c,False,True,False,12283192.5088474,1676340.52961869
1622,0.0,0.0,0.0,0.0,0.0,0.0,m1089195,PQ,1.0,1.0,1.0,7199.557856794634,1000000.0,0.95,1.05,0,0,c,False,False,False,12282743.058863,1676298.34081865
1623,0.0,0.0,0.0,0.0,0.010170037951405376,0.002549079665151872,l3141393,PQ,1.0,1.0,1.0,7199.557856794634,1000000.0,0.95,1.05,0,0,c,False,True,False,12282735.399343,1675928.5580343
1624,0.0,0.0,0.0,0.0,0.0,0.0,p895087,PQ,1.0,1.0,1.0,7199.557856794634,1000000.0,0.95,1.05,0,0,a,False,False,False,12283309.9493595,1676960.16840327
1625,0.0,0.0,0.0,0.0,0.0,0.0,m1089205,PQ,1.0,1.0,1.0,7199.557856794634,1000000.0,0.95,1.05,0,0,a,False,False,False,12283336.6921435,1676964.86651527
1626,0.0,0.0,0.0,0.0,0.0,0.0,n1134472,PQ,1.0,1.0,1.0,7199.557856794634,1000000.0,0.95,1.05,0,0,a,False,False,False,12283383.3742556,1676973.06670728
1627,0.008869848195796773,0.002222800004045132,0.0,0.0,0.0,0.0,l2973148,PQ,1.0,1.0,1.0,7199.557856794634,1000000.0,0.95,1.05,0,0,a,False,True,False,12283638.2888158,1677305.03931559
1628,0.0,0.0,0.0,0.0,0.0,0.0,m1089200,PQ,1.0,1.0,1.0,7199.557856794634,1000000.0,0.95,1.05,0,0,a,False,False,False,12283162.9684954,1676898.51950721
1629,0.00886984819825993,0.0022228000076472375,0.0,0.0,0.0,0.0,l2916602,PQ,1.0,1.0,1.0,7199.557856794634,1000000.0,0.95,1.05,0,0,a,False,True,False,12283160.5887194,1676810.45960313
1630,0.0,0.0,0.0,0.0,0.0,0.0,p827498,PQ,1.0,1.0,1.0,7199.557856794634,1000000.0,0.95,1.05,0,0,a,False,False,False,12282928.3250391,1678311.21352452
1631,0.0,0.0,0.0,0.0,0.0,0.0,n1136032,PQ,1.0,1.0,1.0,7199.557856794634,1000000.0,0.95,1.05,0,0,a,False,False,False,12283028.9842392,1678327.72859654
1632,0.0,0.0,0.0,0.0,0.0,0.0,m1089204,PQ,1.0,1.0,1.0,7199.557856794634,1000000.0,0.95,1.05,0,0,a,False,False,False,12283334.1690075,1678313.81858053
1633,0.005319912422166808,0.0013331831636382494,0.0,0.0,0.0,0.0,l3157167,PQ,1.0,1.0,1.0,7199.557856794634,1000000.0,0.95,1.05,0,0,a,False,True,False,12283510.5591517,1678310.35746052
1634,0.008869853979581038,0.002222807184602515,0.0,0.0,0.0,0.0,l2785511,PQ,1.0,1.0,1.0,7199.557856794634,1000000.0,0.95,1.05,0,0,a,False,True,False,12283921.9491041,1678304.59848452
1635,0.005319912422877214,0.001333183164678891,0.0,0.0,0.0,0.0,l3010557,PQ,1.0,1.0,1.0,7199.557856794634,1000000.0,0.95,1.05,0,0,a,False,True,False,12283332.8705755,1678457.91176466
1636,0.0,0.0,0.0,0.0,0.0,0.0,p901934,PQ,1.0,1.0,1.0,7199.557856794634,1000000.0,0.95,1.05,0,0,a,False,False,False,12283294.6753755,1679236.38114138
1637,0.0,0.0,0.0,0.0,0.0,0.0,n1140517,PQ,1.0,1.0,1.0,7199.557856794634,1000000.0,0.95,1.05,0,0,a,False,False,False,12283261.4772955,1679269.56283742
1638,0.005319914859493305,0.0013331861812272874,0.0,0.0,0.0,0.0,l3157718,PQ,1.0,1.0,1.0,7199.557856794634,1000000.0,0.95,1.05,0,0,a,False,True,False,12282953.1836632,1679336.33992548
1639,0.0,0.0,0.0,0.0,0.0,0.0,p901946,PQ,1.0,1.0,1.0,7199.557856794634,1000000.0,0.95,1.05,0,0,a,False,False,False,12282092.3068624,1680794.95829484
1640,0.0,0.0,0.0,0.0,0.0,0.0,n1142105,PQ,1.0,1.0,1.0,7199.557856794634,1000000.0,0.95,1.05,0,0,a,False,False,False,12282094.4613584,1680806.36975085
1641,0.008869868440896989,0.0022228251294275215,0.0,0.0,0.0,0.0,l3027122,PQ,1.0,1.0,1.0,7199.557856794634,1000000.0,0.95,1.05,0,0,a,False,True,False,12282101.5146704,1680843.69250288
1642,0.0,0.0,0.0,0.0,0.0,0.0,m1108506,PQ,1.0,1.0,1.0,7199.557856794634,1000000.0,0.95,1.05,0,0,a,False,False,False,12282097.9757264,1680867.0397029
1643,0.0,0.0,0.0,0.0,0.0,0.0,m1108501,PQ,1.0,1.0,1.0,7199.557856794634,1000000.0,0.95,1.05,0,0,a,False,False,False,12282046.4480463,1681120.79099914
1644,0.0,0.0,0.0,0.0,0.0,0.0,m1108499,PQ,1.0,1.0,1.0,7199.557856794634,1000000.0,0.95,1.05,0,0,a,False,False,False,12281996.0754383,1681302.14139931
1645,0.0,0.0,0.0,0.0,0.0,0.0,m1108507,PQ,1.0,1.0,1.0,7199.557856794634,1000000.0,0.95,1.05,0,0,a,False,False,False,12282199.1223505,1681282.43963929
1646,0.005319921076973719,0.001333193898957083,0.0,0.0,0.0,0.0,l3108449,PQ,1.0,1.0,1.0,7199.557856794634,1000000.0,0.95,1.05,0,0,a,False,True,False,12282402.6034387,1681267.90703128
1647,0.00886986840695137,0.002222825079494958,0.0,0.0,0.0,0.0,l3065665,PQ,1.0,1.0,1.0,7199.557856794634,1000000.0,0.95,1.05,0,0,a,False,True,False,12281877.6887502,1681313.24975132
1648,0.008869868389288212,0.002222825053512333,0.0,0.0,0.0,0.0,l3235946,PQ,1.0,1.0,1.0,7199.557856794634,1000000.0,0.95,1.05,0,0,a,False,True,False,12281849.4099661,1681668.25826365
1649,0.0,0.0,0.0,0.0,0.0,0.0,m1126005,PQ,1.0,1.0,1.0,7199.557856794634,1000000.0,0.95,1.05,0,0,a,False,False,False,12281807.6717261,1682240.26056818
1650,0.008869868354571955,0.002222825002442265,0.0,0.0,0.0,0.0,l2767342,PQ,1.0,1.0,1.0,7199.557856794634,1000000.0,0.95,1.05,0,0,a,False,True,False,12282016.3915983,1682333.23157627
1651,0.008869868348864824,0.0022228249940463816,0.0,0.0,0.0,0.0,l2748780,PQ,1.0,1.0,1.0,7199.557856794634,1000000.0,0.95,1.05,0,0,a,False,True,False,12282099.6591824,1682470.3206004
1652,0.00886986834200907,0.0022228249839606625,0.0,0.0,0.0,0.0,l2823544,PQ,1.0,1.0,1.0,7199.557856794634,1000000.0,0.95,1.05,0,0,a,False,True,False,12282274.2388945,1682615.54837653
1653,0.0,0.0,0.0,0.0,0.0,0.0,m1126016,PQ,1.0,1.0,1.0,7199.557856794634,1000000.0,0.95,1.05,0,0,a,False,False,False,12282252.5915345,1682714.65109662
1654,0.0,0.0,0.0,0.0,0.0,0.0,l3120534,PQ,1.0,1.0,1.0,7199.557856794634,1000000.0,0.95,1.05,0,0,a,False,False,False,12282271.6829905,1682829.67496873
1655,0.0,0.0,0.0,0.0,0.0,0.0,m1126020,PQ,1.0,1.0,1.0,7199.557856794634,1000000.0,0.95,1.05,0,0,a,False,False,False,12282324.6237906,1683166.88226505
1656,0.0,0.0,0.0,0.0,0.0,0.0,m1126025,PQ,1.0,1.0,1.0,7199.557856794634,1000000.0,0.95,1.05,0,0,a,False,False,False,12282666.2793429,1682931.87016883
1657,0.008869868326393351,0.0022228249609875543,0.0,0.0,0.0,0.0,l2823545,PQ,1.0,1.0,1.0,7199.557856794634,1000000.0,0.95,1.05,0,0,a,False,True,False,12282841.1785431,1682879.96975278
1658,0.0,0.0,0.0,0.0,0.0,0.0,m1126023,PQ,1.0,1.0,1.0,7199.557856794634,1000000.0,0.95,1.05,0,0,a,False,False,False,12282379.2644306,1683243.69455312
1659,0.0,0.0,0.0,0.0,0.0,0.0,m1126017,PQ,1.0,1.0,1.0,7199.557856794634,1000000.0,0.95,1.05,0,0,a,False,False,False,12282259.7841105,1683465.47656932
1660,0.013299802562608843,0.0033329835564566727,0.0,0.0,0.0,0.0,l2748781,PQ,1.0,1.0,1.0,7199.557856794634,1000000.0,0.95,1.05,0,0,a,False,True,False,12282264.4699345,1683616.19298546
1661,0.013299802565623436,0.003332983560891641,0.0,0.0,0.0,0.0,l3101782,PQ,1.0,1.0,1.0,7199.557856794634,1000000.0,0.95,1.05,0,0,a,False,True,False,12282182.8817104,1683370.78524124
1662,0.005319921032958842,0.0013331938342086588,0.0,0.0,0.0,0.0,l3195321,PQ,1.0,1.0,1.0,7199.557856794634,1000000.0,0.95,1.05,0,0,a,False,True,False,12282062.2340303,1682823.03125673
1663,0.005319921047530042,0.0013331938556446331,0.0,0.0,0.0,0.0,l3011229,PQ,1.0,1.0,1.0,7199.557856794634,1000000.0,0.95,1.05,0,0,a,False,True,False,12281551.7413579,1682174.74095212
1664,0.0,0.0,0.0,0.0,0.0,0.0,p829798,PQ,1.0,1.0,1.0,7199.557856794634,1000000.0,0.95,1.05,0,0,a,False,False,False,12281097.1181254,1681107.17179913
1665,0.0,0.0,0.0,0.0,0.0,0.0,m1108489,PQ,1.0,1.0,1.0,7199.557856794634,1000000.0,0.95,1.05,0,0,a,False,False,False,12281096.8314054,1681106.36898313
1666,0.0,0.0,0.0,0.0,0.0,0.0,n1142101,PQ,1.0,1.0,1.0,7199.557856794634,1000000.0,0.95,1.05,0,0,a,False,False,False,12281091.9243974,1681060.98530308
1667,0.008869872848872529,0.002222830498390194,0.0,0.0,0.0,0.0,l2936214,PQ,1.0,1.0,1.0,7199.557856794634,1000000.0,0.95,1.05,0,0,a,False,True,False,12281116.7092935,1680942.32827897
1668,0.0,0.0,0.0,0.0,0.0,0.0,m1108492,PQ,1.0,1.0,1.0,7199.557856794634,1000000.0,0.95,1.05,0,0,a,False,False,False,12281125.4010055,1681159.33845518
1669,0.0,0.0,0.0,0.0,0.0,0.0,n1142102,PQ,1.0,1.0,1.0,7199.557856794634,1000000.0,0.95,1.05,0,0,a,False,False,False,12281140.1588935,1681178.25787919
1670,0.008869872848309606,0.0022228304975608006,0.0,0.0,0.0,0.0,l2804956,PQ,1.0,1.0,1.0,7199.557856794634,1000000.0,0.95,1.05,0,0,a,False,True,False,12281246.1510856,1681314.15906332
1671,0.0,0.0,0.0,0.0,0.0,0.0,p829797,PQ,1.0,1.0,1.0,7199.557856794634,1000000.0,0.95,1.05,0,0,a,False,False,False,12280577.778093,1681379.71963938
1672,0.0,0.0,0.0,0.0,0.0,0.0,m1108483,PQ,1.0,1.0,1.0,7199.557856794634,1000000.0,0.95,1.05,0,0,a,False,False,False,12280575.652269,1681398.7496554
1673,0.0,0.0,0.0,0.0,0.0,0.0,n1142098,PQ,1.0,1.0,1.0,7199.557856794634,1000000.0,0.95,1.05,0,0,a,False,False,False,12280573.2028609,1681420.67963942
1674,0.008869875243468514,0.002222833406139287,0.0,0.0,0.0,0.0,l2936212,PQ,1.0,1.0,1.0,7199.557856794634,1000000.0,0.95,1.05,0,0,a,False,True,False,12280554.2998209,1681589.68059958
1675,0.0,0.0,0.0,0.0,0.0,0.0,m1108486,PQ,1.0,1.0,1.0,7199.557856794634,1000000.0,0.95,1.05,0,0,a,False,False,False,12280596.193709,1681323.53480733
1676,0.008869875243679964,0.0022228334064510664,0.0,0.0,0.0,0.0,l3067447,PQ,1.0,1.0,1.0,7199.557856794634,1000000.0,0.95,1.05,0,0,a,False,True,False,12280617.136557,1681282.23074329
1677,0.0,0.0,0.0,0.0,0.006100022626452963,0.0015289201724243996,l2730149,PQ,1.0,1.0,1.0,7199.557856794634,1000000.0,0.95,1.05,0,0,abc,False,True,False,12279249.3101237,1681765.89051974
1678,0.0,0.0,0.0,0.0,0.0,0.0,d5867591-1_int,PQ,1.0,1.0,1.0,7199.557856794634,1000000.0,0.95,1.05,0,0,abc,False,False,False,12279249.9414837,1681682.00034366
1679,0.0,0.0,0.0,0.0,0.0,0.0,e183472,PQ,1.0,1.0,1.0,7199.557856794634,1000000.0,0.95,1.05,0,0,abc,False,False,False,12279248.9414837,1681682.00034366
1680,0.0,0.0,0.005840057964412336,0.001463667382317757,0.0,0.0,l2989566,PQ,1.0,1.0,1.0,7199.557856794634,1000000.0,0.95,1.05,0,0,abc,False,True,False,12279294.0179638,1681174.62472719
1681,0.0,0.0,0.0,0.0,0.0,0.0,m1108378,PQ,1.0,1.0,1.0,7199.557856794634,1000000.0,0.95,1.05,0,0,abc,False,False,False,12279281.7586357,1680891.45186293
1682,0.0,0.0,0.0,0.0,0.0,0.0,p904451,PQ,1.0,1.0,1.0,7199.557856794634,1000000.0,0.95,1.05,0,0,a,False,False,False,12279304.5487798,1680888.52731892
1683,0.0,0.0,0.0,0.0,0.0,0.0,221-282819,PQ,1.0,1.0,1.0,7199.557856794634,1000000.0,0.95,1.05,0,0,a,False,False,False,12279310.6968758,1680874.47803891
1684,0.0,0.0,0.0,0.0,0.0,0.0,n1230122,PQ,1.0,1.0,1.0,7199.557856794634,1000000.0,0.95,1.05,0,0,a,False,False,False,12279310.9385398,1680856.07061489
1685,0.01773976109642134,0.004445679207343593,0.0,0.0,0.0,0.0,l3233412,PQ,1.0,1.0,1.0,7199.557856794634,1000000.0,0.95,1.05,0,0,a,False,True,False,12279673.0822841,1680848.28821489
1686,0.0,0.0,0.0,0.0,0.0,0.0,m1108413,PQ,1.0,1.0,1.0,7199.557856794634,1000000.0,0.95,1.05,0,0,a,False,False,False,12279696.5933241,1680891.59522293
1687,0.0,0.0,0.0,0.0,0.0,0.0,m1108460,PQ,1.0,1.0,1.0,7199.557856794634,1000000.0,0.95,1.05,0,0,a,False,False,False,12280112.3332285,1680807.45519085
1688,0.026599640231814523,0.006666011933297318,0.0,0.0,0.0,0.0,l2821087,PQ,1.0,1.0,1.0,7199.557856794634,1000000.0,0.95,1.05,0,0,a,False,True,False,12280180.7978686,1680893.04520693
1689,0.017739759699417712,0.004445678671051091,0.0,0.0,0.0,0.0,l2990098,PQ,1.0,1.0,1.0,7199.557856794634,1000000.0,0.95,1.05,0,0,a,False,True,False,12280145.9654846,1680674.69154272
1690,0.0,0.0,0.0,0.0,0.0,0.0,m1108462,PQ,1.0,1.0,1.0,7199.557856794634,1000000.0,0.95,1.05,0,0,a,False,False,False,12280114.5286845,1680549.79631061
1691,0.013299819483591055,0.003333005723924408,0.0,0.0,0.0,0.0,l3027671,PQ,1.0,1.0,1.0,7199.557856794634,1000000.0,0.95,1.05,0,0,a,False,True,False,12280197.7921726,1680204.84757429
1692,0.0,0.0,0.0,0.0,0.0,0.0,m1108423,PQ,1.0,1.0,1.0,7199.557856794634,1000000.0,0.95,1.05,0,0,a,False,False,False,12279794.2173882,1680151.32104624
1693,0.02659963839330642,0.006666011227558692,0.0,0.0,0.0,0.0,l2802481,PQ,1.0,1.0,1.0,7199.557856794634,1000000.0,0.95,1.05,0,0,a,False,True,False,12279690.5599161,1680117.33243821
1694,0.017739758760307534,0.004445678310563458,0.0,0.0,0.0,0.0,l3214549,PQ,1.0,1.0,1.0,7199.557856794634,1000000.0,0.95,1.05,0,0,a,False,True,False,12279489.2005559,1680164.06370225
1695,0.0,0.0,0.0,0.0,0.0,0.0,m1108393,PQ,1.0,1.0,1.0,7199.557856794634,1000000.0,0.95,1.05,0,0,a,False,False,False,12279507.890604,1680150.46907824
1696,0.0,0.0,0.0,0.0,0.0,0.0,193-51796,PQ,1.0,1.0,1.0,7199.557856794634,1000000.0,0.95,1.05,0,0,a,False,False,False,12279506.043308,1680144.86984623
1697,0.0,0.0,0.0,0.0,0.0,0.0,m1108379,PQ,1.0,1.0,1.0,7199.557856794634,1000000.0,0.95,1.05,0,0,abc,False,False,False,12279282.7293877,1680856.69320689
1698,0.0,0.0,0.0,0.0,0.0,0.0,m1108380,PQ,1.0,1.0,1.0,7199.557856794634,1000000.0,0.95,1.05,0,0,abc,False,False,False,12279286.4075957,1680725.01909477
1699,0.0,0.0,0.0,0.0,0.0,0.0,p904452,PQ,1.0,1.0,1.0,7199.557856794634,1000000.0,0.95,1.05,0,0,b,False,False,False,12279307.6781238,1680727.87810277
1700,0.0,0.0,0.0,0.0,0.0,0.0,221-282818,PQ,1.0,1.0,1.0,7199.557856794634,1000000.0,0.95,1.05,0,0,b,False,False,False,12279313.7770678,1680744.73314279
1701,0.0,0.0,0.0,0.0,0.0,0.0,n1230123,PQ,1.0,1.0,1.0,7199.557856794634,1000000.0,0.95,1.05,0,0,b,False,False,False,12279313.0193078,1680766.00776681
1702,0.0,0.0,0.029180290358513813,0.0073133241092020705,0.0,0.0,l2708744,PQ,1.0,1.0,1.0,7199.557856794634,1000000.0,0.95,1.05,0,0,b,False,True,False,12279458.4068279,1680782.09275882
1703,0.0,0.0,0.029180290795451626,0.0073133242735855895,0.0,0.0,l2690187,PQ,1.0,1.0,1.0,7199.557856794634,1000000.0,0.95,1.05,0,0,b,False,True,False,12279603.171756,1680652.7902307
1704,0.0,0.0,0.0,0.0,0.0,0.0,m1108412,PQ,1.0,1.0,1.0,7199.557856794634,1000000.0,0.95,1.05,0,0,b,False,False,False,12279692.8782521,1680883.55477492
1705,0.0,0.0,0.029180291348549575,0.00731332448172761,0.0,0.0,l3027670,PQ,1.0,1.0,1.0,7199.557856794634,1000000.0,0.95,1.05,0,0,b,False,True,False,12279854.3507643,1680892.21371893
1706,0.0,0.0,0.0,0.0,0.0,0.0,m1108459,PQ,1.0,1.0,1.0,7199.557856794634,1000000.0,0.95,1.05,0,0,b,False,False,False,12280108.0037565,1680568.65429463
1707,0.0,0.0,0.02918029198690961,0.007313324722026513,0.0,0.0,l2802480,PQ,1.0,1.0,1.0,7199.557856794634,1000000.0,0.95,1.05,0,0,b,False,True,False,12279933.5387324,1680498.74376656
1708,0.0,0.0,0.014590146070973909,0.0036566628902049538,0.0,0.0,l3252336,PQ,1.0,1.0,1.0,7199.557856794634,1000000.0,0.95,1.05,0,0,b,False,True,False,12279705.8707641,1680441.82575051
1709,0.0,0.0,0.0194501948958132,0.004874714235549206,0.0,0.0,l3233413,PQ,1.0,1.0,1.0,7199.557856794634,1000000.0,0.95,1.05,0,0,b,False,True,False,12280172.9622206,1680405.94479047
1710,0.0,0.0,0.0,0.0,0.0,0.0,m1108464,PQ,1.0,1.0,1.0,7199.557856794634,1000000.0,0.95,1.05,0,0,b,False,False,False,12280152.5477566,1680280.35733436
1711,0.0,0.0,0.029180292530791317,0.007313324926818742,0.0,0.0,l3102286,PQ,1.0,1.0,1.0,7199.557856794634,1000000.0,0.95,1.05,0,0,b,False,True,False,12279984.8902844,1680128.16635822
1712,0.0,0.0,0.0,0.0,0.0,0.0,m1108433,PQ,1.0,1.0,1.0,7199.557856794634,1000000.0,0.95,1.05,0,0,b,False,False,False,12279882.8097723,1680151.05480624
1713,0.0,0.0,0.0,0.0,0.0,0.0,228-1048090-1_int,PQ,1.0,1.0,1.0,7199.557856794634,1000000.0,0.95,1.05,0,0,b,False,False,False,12279507.043308,1680144.86984623
1714,0.0,0.0,0.0,0.0,0.0,0.0,l2898495,PQ,1.0,1.0,1.0,7199.557856794634,1000000.0,0.95,1.05,0,0,abc,False,False,False,12279294.2391478,1680444.59874251
1715,0.0,0.0,0.009730096768800314,0.002438610330120064,0.0,0.0,l2952003,PQ,1.0,1.0,1.0,7199.557856794634,1000000.0,0.95,1.05,0,0,abc,False,True,False,12279289.5205558,1679983.17205408
1716,0.0,0.0,0.0,0.0,0.0,0.0,m1108381,PQ,1.0,1.0,1.0,7199.557856794634,1000000.0,0.95,1.05,0,0,abc,False,False,False,12279302.0952758,1679631.53454975
1717,0.0,0.0,0.0,0.0,0.0,0.0,p862322,PQ,1.0,1.0,1.0,7199.557856794634,1000000.0,0.95,1.05,0,0,abc,False,False,False,12279326.3558838,1679631.65333375
1718,0.0,0.0,0.0,0.0,0.0,0.0,221-308718,PQ,1.0,1.0,1.0,7199.557856794634,1000000.0,0.95,1.05,0,0,abc,False,False,False,12279343.4280118,1679631.67381375
1719,0.017739761621375114,0.004445679215010699,0.01945019353272212,0.004874713593649143,0.020340075430664267,0.005098073200051029,l2803199,PQ,1.0,1.0,1.0,7199.557856794634,1000000.0,0.95,1.05,0,0,abc,False,True,False,12279453.9176119,1679631.80898175
1720,0.00886988080816984,0.002222840083984979,0.0,0.0,0.0,0.0,l3254237,PQ,1.0,1.0,1.0,7199.557856794634,1000000.0,0.95,1.05,0,0,abc,False,True,False,12279173.2596916,1679418.22715755
1721,0.0,0.0,0.0,0.0,0.0,0.0,m1108387,PQ,1.0,1.0,1.0,7199.557856794634,1000000.0,0.95,1.05,0,0,abc,False,False,False,12279461.6959159,1679232.79304538
1722,0.0,0.0,0.0,0.0,0.0,0.0,p850080,PQ,1.0,1.0,1.0,7199.557856794634,1000000.0,0.95,1.05,0,0,abc,False,False,False,12279459.7298359,1679243.38120539
1723,0.0,0.0,0.0,0.0,0.0,0.0,221-311905,PQ,1.0,1.0,1.0,7199.557856794634,1000000.0,0.95,1.05,0,0,abc,False,False,False,12279457.7596599,1679259.94952541
1724,0.017739761523062503,0.004445679092920362,0.01945019364205619,0.00487471359407436,0.020340075439365727,0.0050980733636347845,l3215203,PQ,1.0,1.0,1.0,7199.557856794634,1000000.0,0.95,1.05,0,0,abc,False,True,False,12279452.3488439,1679305.50114145
1725,0.0,0.0,0.0,0.0,0.0,0.0,m1108398,PQ,1.0,1.0,1.0,7199.557856794634,1000000.0,0.95,1.05,0,0,abc,False,False,False,12279558.762924,1679256.8365654
1726,0.0,0.0,0.0,0.0,0.0,0.0,m1108395,PQ,1.0,1.0,1.0,7199.557856794634,1000000.0,0.95,1.05,0,0,abc,False,False,False,12279524.557228,1679036.2915412
1727,0.0035499522763901203,0.0008896371698801594,0.009730096881003306,0.0024386103234591626,0.00407001509257179,0.0010201157166549058,l2728247,PQ,1.0,1.0,1.0,7199.557856794634,1000000.0,0.95,1.05,0,0,abc,False,True,False,12279275.3197237,1678903.34357307
1728,0.005319928478672137,0.0013332028601278638,0.005840058151138475,0.0014636674018485205,0.00610002262149709,0.0015289204841882496,l2896685,PQ,1.0,1.0,1.0,7199.557856794634,1000000.0,0.95,1.05,0,0,abc,False,True,False,12279617.0981561,1678739.54862892
1729,0.0,0.0,0.0,0.0,0.0,0.0,m1089185,PQ,1.0,1.0,1.0,7199.557856794634,1000000.0,0.95,1.05,0,0,abc,False,False,False,12279640.5723321,1678664.28462885
1730,0.0,0.0,0.0,0.0,0.0,0.0,p850083,PQ,1.0,1.0,1.0,7199.557856794634,1000000.0,0.95,1.05,0,0,abc,False,False,False,12279616.8974521,1678663.71118885
1731,0.0,0.0,0.0,0.0,0.0,0.0,221-312488,PQ,1.0,1.0,1.0,7199.557856794634,1000000.0,0.95,1.05,0,0,abc,False,False,False,12279597.547948,1678663.47771685
1732,0.0,0.0,0.0,0.0,0.0,0.0,m1089183,PQ,1.0,1.0,1.0,7199.557856794634,1000000.0,0.95,1.05,0,0,abc,False,False,False,12279553.204652,1678662.94933285
1733,0.00886988073518368,0.00222284002700666,0.009730096892893366,0.002438610314739723,0.01017003773161476,0.002549036213911047,l2990826,PQ,1.0,1.0,1.0,7199.557856794634,1000000.0,0.95,1.05,0,0,abc,False,True,False,12279603.163564,1678542.04770074
1734,0.0,0.0,0.0,0.0,0.0,0.0,p850072,PQ,1.0,1.0,1.0,7199.557856794634,1000000.0,0.95,1.05,0,0,abc,False,False,False,12279558.984108,1679266.92910941
1735,0.0,0.0,0.0,0.0,0.0,0.0,221-311609,PQ,1.0,1.0,1.0,7199.557856794634,1000000.0,0.95,1.05,0,0,abc,False,False,False,12279559.274924,1679280.25339743
1736,0.017739761489853893,0.004445679081957931,0.019450193661639754,0.004874713584101538,0.020340075464135705,0.005098073390872495,l2915542,PQ,1.0,1.0,1.0,7199.557856794634,1000000.0,0.95,1.05,0,0,abc,False,True,False,12279562.265004,1679416.79765355
1737,0.0,0.0,0.0,0.0,0.0,0.0,p901945,PQ,1.0,1.0,1.0,7199.557856794634,1000000.0,0.95,1.05,0,0,abc,False,False,False,12278479.696299,1681837.67701581
1738,0.0,0.0,0.0,0.0,0.0,0.0,m1125988,PQ,1.0,1.0,1.0,7199.557856794634,1000000.0,0.95,1.05,0,0,abc,False,False,False,12278485.123499,1681819.52354379
1739,0.02659965418310517,0.006666026782615533,0.029180278131261957,0.007313322575891141,0.030520113273171622,0.0076496012482855326,l2767340,PQ,1.0,1.0,1.0,7199.557856794634,1000000.0,0.95,1.05,0,0,abc,False,True,False,12278552.9696431,1681592.51093558
1740,0.0,0.0,0.0,0.0,0.0,0.0,m3037449,PQ,1.0,1.0,1.0,7199.557856794634,1000000.0,0.95,1.05,0,0,abc,False,False,False,12278554.7882671,1681586.42018357
1741,0.0,0.0,0.0,0.0,0.0,0.0,m1108375,PQ,1.0,1.0,1.0,7199.557856794634,1000000.0,0.95,1.05,0,0,c,False,False,False,12278592.0823471,1681539.07451953
1742,0.0,0.0,0.0,0.0,0.006100022640244314,0.0015289175758738539,l3160793,PQ,1.0,1.0,1.0,7199.557856794634,1000000.0,0.95,1.05,0,0,c,False,True,False,12278491.726251,1681393.70338339
1743,0.0035499538516654276,0.0008896391041189486,0.0,0.0,0.0,0.0,l2898457,PQ,1.0,1.0,1.0,7199.557856794634,1000000.0,0.95,1.05,0,0,a,False,True,False,12278406.7506349,1681713.71157569
1744,0.0,0.0,0.0,0.0,0.0,0.0,p895102,PQ,1.0,1.0,1.0,7199.557856794634,1000000.0,0.95,1.05,0,0,b,False,False,False,12277930.9715625,1682352.40495229
1745,0.0,0.0,0.0,0.0,0.0,0.0,m1125978,PQ,1.0,1.0,1.0,7199.557856794634,1000000.0,0.95,1.05,0,0,b,False,False,False,12277957.1245225,1682371.7954163
1746,0.0,0.0,0.0058400531598509645,0.0014636669011474169,0.0,0.0,l3254869,PQ,1.0,1.0,1.0,7199.557856794634,1000000.0,0.95,1.05,0,0,b,False,True,False,12277646.4388262,1682307.68072825
1747,0.0,0.0,0.0038900354096337328,0.0009749425866624315,0.0,0.0,l2798067,PQ,1.0,1.0,1.0,7199.557856794634,1000000.0,0.95,1.05,0,0,b,False,True,False,12277412.606378,1682276.29308022
1748,0.0,0.0,0.0,0.0,0.0,0.0,m1125982,PQ,1.0,1.0,1.0,7199.557856794634,1000000.0,0.95,1.05,0,0,b,False,False,False,12278161.7197227,1682523.47848845
1749,0.0,0.0,0.014590132809632509,0.0036566612117302174,0.0,0.0,l3029055,PQ,1.0,1.0,1.0,7199.557856794634,1000000.0,0.95,1.05,0,0,b,False,True,False,12278265.2911788,1682694.57250461
1750,0.0,0.0,0.0,0.0,0.0,0.0,p895111,PQ,1.0,1.0,1.0,7199.557856794634,1000000.0,0.95,1.05,0,0,c,False,False,False,12276444.5249691,1684762.95420253
1751,0.0,0.0,0.0,0.0,0.0,0.0,l2895496,PQ,1.0,1.0,1.0,7199.557856794634,1000000.0,0.95,1.05,0,0,c,False,False,False,12276445.0943131,1684533.77071432
1752,0.0,0.0,0.0,0.0,0.0,0.0,m1142873,PQ,1.0,1.0,1.0,7199.557856794634,1000000.0,0.95,1.05,0,0,c,False,False,False,12276444.0006811,1684367.89090616
1753,0.0,0.0,0.0,0.0,0.01017003745989037,0.002549009060531773,l3552667,PQ,1.0,1.0,1.0,7199.557856794634,1000000.0,0.95,1.05,0,0,c,False,True,False,12276441.9035291,1684186.40943399
1754,0.0,0.0,0.0,0.0,0.006100022471446694,0.0015289042078774579,l3160862,PQ,1.0,1.0,1.0,7199.557856794634,1000000.0,0.95,1.05,0,0,c,False,True,False,12276438.0983451,1683533.19983339
1755,0.0,0.0,0.0,0.0,0.01017003746668406,0.002549009070938852,l3104850,PQ,1.0,1.0,1.0,7199.557856794634,1000000.0,0.95,1.05,0,0,c,False,True,False,12276443.1405211,1683099.62184898
1756,0.0,0.0,0.0,0.0,0.0,0.0,p829956,PQ,1.0,1.0,1.0,7199.557856794634,1000000.0,0.95,1.05,0,0,c,False,False,False,12276415.0501531,1684914.77653867
1757,0.0,0.0,0.0,0.0,0.00407001498249928,0.001020104563965464,l3160861,PQ,1.0,1.0,1.0,7199.557856794634,1000000.0,0.95,1.05,0,0,c,False,True,False,12276592.1284252,1685011.02844276
1758,0.0,0.0,0.0,0.0,0.0,0.0,p895114,PQ,1.0,1.0,1.0,7199.557856794634,1000000.0,0.95,1.05,0,0,a,False,False,False,12275798.0410005,1685829.61813953
1759,0.0,0.0,0.0,0.0,0.0,0.0,n1141479,PQ,1.0,1.0,1.0,7199.557856794634,1000000.0,0.95,1.05,0,0,a,False,False,False,12275809.6695445,1685845.19522754
1760,0.017739816594846396,0.004445745147131332,0.0,0.0,0.0,0.0,l3198348,PQ,1.0,1.0,1.0,7199.557856794634,1000000.0,0.95,1.05,0,0,a,False,True,False,12275830.0799125,1685872.53602757
1761,0.0053199468727559256,0.0013332249590719343,0.0,0.0,0.0,0.0,l3081380,PQ,1.0,1.0,1.0,7199.557856794634,1000000.0,0.95,1.05,0,0,abc,False,True,False,12275244.626344,1686081.98089176
1762,0.0,0.0,0.0,0.0,0.0,0.0,d5799561-2_int,PQ,1.0,1.0,1.0,7199.557856794634,1000000.0,0.95,1.05,0,0,abc,False,False,False,12275179.0704399,1685787.16719549
1763,0.0,0.0,0.0,0.0,0.0,0.0,e193509,PQ,1.0,1.0,1.0,7199.557856794634,1000000.0,0.95,1.05,0,0,abc,False,False,False,12275178.0704399,1685787.16719549
1764,0.0,0.0,0.0,0.0,0.0,0.0,m1142839,PQ,1.0,1.0,1.0,7199.557856794634,1000000.0,0.95,1.05,0,0,abc,False,False,False,12275125.9119759,1685589.1706513
1765,0.0,0.0,0.0,0.0,0.015260056565817574,0.0038247531240702395,l3067507,PQ,1.0,1.0,1.0,7199.557856794634,1000000.0,0.95,1.05,0,0,c,False,True,False,12275262.128552,1685567.28162728
1766,0.0,0.0,0.0,0.0,0.0,0.0,m1142832,PQ,1.0,1.0,1.0,7199.557856794634,1000000.0,0.95,1.05,0,0,abc,False,False,False,12275067.2900238,1685356.98069909
1767,0.0,0.0,0.0,0.0,0.0,0.0,p829962,PQ,1.0,1.0,1.0,7199.557856794634,1000000.0,0.95,1.05,0,0,c,False,False,False,12275080.8395918,1685350.43529108
1768,0.0,0.0,0.0,0.0,0.0,0.0,m1142835,PQ,1.0,1.0,1.0,7199.557856794634,1000000.0,0.95,1.05,0,0,c,False,False,False,12275098.9439119,1685341.68623507
1769,0.0,0.0,0.0,0.0,0.0,0.0,m1142833,PQ,1.0,1.0,1.0,7199.557856794634,1000000.0,0.95,1.05,0,0,c,False,False,False,12275079.0660238,1685320.06345105
1770,0.0,0.0,0.0,0.0,0.006100022701289175,0.001528898669114525,l2767408,PQ,1.0,1.0,1.0,7199.557856794634,1000000.0,0.95,1.05,0,0,c,False,True,False,12275131.1016079,1685156.9115789
1771,0.0,0.0,0.0,0.0,0.004070015147125227,0.0010201011652813629,l3217053,PQ,1.0,1.0,1.0,7199.557856794634,1000000.0,0.95,1.05,0,0,c,False,True,False,12275182.0271759,1685017.11100277
1772,0.0,0.0,0.0,0.0,0.0,0.0,m3037455,PQ,1.0,1.0,1.0,7199.557856794634,1000000.0,0.95,1.05,0,0,c,False,False,False,12275185.0090639,1685008.93129076
1773,0.0,0.0,0.0,0.0,0.010170037850298673,0.002548999837285756,l3217052,PQ,1.0,1.0,1.0,7199.557856794634,1000000.0,0.95,1.05,0,0,c,False,True,False,12275194.8394639,1684775.18076254
1774,0.0,0.0,0.0,0.0,0.006100022702572708,0.0015288986710830495,l3086074,PQ,1.0,1.0,1.0,7199.557856794634,1000000.0,0.95,1.05,0,0,c,False,True,False,12275424.1089682,1684848.45820261
1775,0.0,0.0,0.0,0.0,0.010170037846053812,0.0025489998307755292,l3104853,PQ,1.0,1.0,1.0,7199.557856794634,1000000.0,0.95,1.05,0,0,c,False,True,False,12275209.310632,1685288.36860302
1776,0.008869910267196128,0.0022228759798177036,0.0,0.0,0.0,0.0,l3160865,PQ,1.0,1.0,1.0,7199.557856794634,1000000.0,0.95,1.05,0,0,abc,False,True,False,12275007.4556558,1685145.19292289
1777,0.0,0.0,0.0,0.0,0.0,0.0,m1142828,PQ,1.0,1.0,1.0,7199.557856794634,1000000.0,0.95,1.05,0,0,abc,False,False,False,12274659.0335114,1684897.57333866
1778,0.0,0.0,0.0,0.0,0.006100022929321063,0.001528899406762653,l2674047,PQ,1.0,1.0,1.0,7199.557856794634,1000000.0,0.95,1.05,0,0,abc,False,True,False,12274658.9679754,1684897.52009066
1779,0.0,0.0,0.0,0.0,0.010170038344892947,0.0025490014411846396,l2692655,PQ,1.0,1.0,1.0,7199.557856794634,1000000.0,0.95,1.05,0,0,abc,False,True,False,12274502.0543113,1684774.16905054
1780,0.0,0.0,0.0,0.0,0.0,0.0,m1142821,PQ,1.0,1.0,1.0,7199.557856794634,1000000.0,0.95,1.05,0,0,abc,False,False,False,12274365.0635912,1684664.30613844
1781,0.0,0.0,0.00973006686410106,0.002438606903445549,0.0,0.0,l2711226,PQ,1.0,1.0,1.0,7199.557856794634,1000000.0,0.95,1.05,0,0,abc,False,True,False,12274361.0249352,1684660.78357844
1782,0.0,0.0,0.0,0.0,0.0,0.0,m1142819,PQ,1.0,1.0,1.0,7199.557856794634,1000000.0,0.95,1.05,0,0,abc,False,False,False,12274167.738791,1684492.22908228
1783,0.0,0.0,0.009730067124696245,0.002438606822212754,0.0,0.0,l2861219,PQ,1.0,1.0,1.0,7199.557856794634,1000000.0,0.95,1.05,0,0,b,False,True,False,12274039.3005189,1684644.84194642
1784,0.0,0.0,0.0,0.0,0.0,0.0,p829960,PQ,1.0,1.0,1.0,7199.557856794634,1000000.0,0.95,1.05,0,0,b,False,False,False,12274174.140839,1684487.05173827
1785,0.0,0.0,0.0,0.0,0.0,0.0,n1141478,PQ,1.0,1.0,1.0,7199.557856794634,1000000.0,0.95,1.05,0,0,b,False,False,False,12274219.303335,1684450.64239424
1786,0.0,0.0,0.0,0.0,0.0,0.0,m1142826,PQ,1.0,1.0,1.0,7199.557856794634,1000000.0,0.95,1.05,0,0,b,False,False,False,12274537.5092873,1684194.118106
1787,0.0,0.0,0.005840040289194987,0.0014636653021455291,0.0,0.0,l3160864,PQ,1.0,1.0,1.0,7199.557856794634,1000000.0,0.95,1.05,0,0,b,False,True,False,12274704.7448715,1684442.97058623
1788,0.0,0.0,0.0,0.0,0.0,0.0,m1125940,PQ,1.0,1.0,1.0,7199.557856794634,1000000.0,0.95,1.05,0,0,b,False,False,False,12274684.9980555,1683265.44840914
1789,0.0,0.0,0.005840040289768571,0.001463665302975067,0.0,0.0,l3048963,PQ,1.0,1.0,1.0,7199.557856794634,1000000.0,0.95,1.05,0,0,b,False,True,False,12274599.2605834,1683196.41032907
1790,0.0,0.0,0.001950013452934648,0.0004887237809805077,0.0,0.0,l3254915,PQ,1.0,1.0,1.0,7199.557856794634,1000000.0,0.95,1.05,0,0,b,False,True,False,12275160.1381519,1682928.65071282
1791,0.0,0.0,0.0,0.0,0.0,0.0,m1142818,PQ,1.0,1.0,1.0,7199.557856794634,1000000.0,0.95,1.05,0,0,abc,False,False,False,12273985.1882628,1684327.31183413
1792,0.013299862681611596,0.003333057888115371,0.0,0.0,0.0,0.0,l2955074,PQ,1.0,1.0,1.0,7199.557856794634,1000000.0,0.95,1.05,0,0,abc,False,True,False,12273758.9497986,1684121.84008993
1793,0.0,0.0,0.0,0.0,0.010170039101274798,0.0025490038348665784,l3030199,PQ,1.0,1.0,1.0,7199.557856794634,1000000.0,0.95,1.05,0,0,abc,False,True,False,12273546.1707904,1683921.11151375
1794,0.0,0.0,0.0,0.0,0.0,0.0,m1125934,PQ,1.0,1.0,1.0,7199.557856794634,1000000.0,0.95,1.05,0,0,abc,False,False,False,12273477.4481023,1683853.92072969
1795,0.0,0.0,0.0,0.0,0.010170039281947537,0.0025490043933262684,l2730163,PQ,1.0,1.0,1.0,7199.557856794634,1000000.0,0.95,1.05,0,0,abc,False,True,False,12273327.1208062,1683710.26991355
1796,0.0053199444992455885,0.0013332231214928593,0.0,0.0,0.0,0.0,l2992624,PQ,1.0,1.0,1.0,7199.557856794634,1000000.0,0.95,1.05,0,0,abc,False,True,False,12273178.6080381,1683476.04834533
1797,0.0,0.0,0.0,0.0,0.0,0.0,m1125919,PQ,1.0,1.0,1.0,7199.557856794634,1000000.0,0.95,1.05,0,0,abc,False,False,False,12273089.388966,1683334.2980732
1798,0.0,0.0,0.0,0.0,0.0,0.0,m1125917,PQ,1.0,1.0,1.0,7199.557856794634,1000000.0,0.95,1.05,0,0,abc,False,False,False,12273025.7698939,1683219.52815309
1799,0.0,0.0,0.0,0.0,0.0,0.0,p1197121,PQ,1.0,1.0,1.0,7199.557856794634,1000000.0,0.95,1.05,0,0,c,False,False,False,12273043.8086779,1683199.39631308
1800,0.0,0.0,0.0,0.0,0.015260059451574923,0.003824762247120684,l2805031,PQ,1.0,1.0,1.0,7199.557856794634,1000000.0,0.95,1.05,0,0,c,False,True,False,12273149.260198,1683081.71004097
1801,0.0,0.0,0.0,0.0,0.0,0.0,m1125914,PQ,1.0,1.0,1.0,7199.557856794634,1000000.0,0.95,1.05,0,0,abc,False,False,False,12272876.4215418,1682961.18933685
1802,0.0,0.0,0.009730069202758788,0.0024386061099349247,0.0,0.0,l2917328,PQ,1.0,1.0,1.0,7199.557856794634,1000000.0,0.95,1.05,0,0,abc,False,True,False,12272808.6491257,1682841.20930474
1803,0.0,0.0,0.0,0.0,0.010170040000340845,0.002549006606712974,l2861218,PQ,1.0,1.0,1.0,7199.557856794634,1000000.0,0.95,1.05,0,0,abc,False,True,False,12272704.4100216,1682656.66812057
1804,0.0,0.0,0.0,0.0,0.0,0.0,d5958866-1_int,PQ,1.0,1.0,1.0,7199.557856794634,1000000.0,0.95,1.05,0,0,abc,False,False,False,12272443.7493494,1682204.12975215
1805,0.0,0.0,0.0,0.0,0.0,0.0,e183493,PQ,1.0,1.0,1.0,7199.557856794634,1000000.0,0.95,1.05,0,0,abc,False,False,False,12272442.7493494,1682204.12975215
1806,0.0,0.0,0.0,0.0,0.0,0.0,m1125902,PQ,1.0,1.0,1.0,7199.557856794634,1000000.0,0.95,1.05,0,0,abc,False,False,False,12272291.4103412,1681953.42178392
1807,0.0,0.0,0.0,0.0,0.0,0.0,226-23751,PQ,1.0,1.0,1.0,7199.557856794634,1000000.0,0.95,1.05,0,0,abc,False,False,False,12272155.9187571,1681744.61589572
1808,0.0053199431208277095,0.0013332220884276966,0.0,0.0,0.0,0.0,l2955081,PQ,1.0,1.0,1.0,7199.557856794634,1000000.0,0.95,1.05,0,0,abc,False,True,False,12272081.019301,1681629.19061561
1809,0.0,0.0,0.0,0.0,0.0,0.0,m1108315,PQ,1.0,1.0,1.0,7199.557856794634,1000000.0,0.95,1.05,0,0,abc,False,False,False,12271788.5894768,1681524.37807152
1810,0.0,0.0,0.0,0.0,0.0,0.0,p860843,PQ,1.0,1.0,1.0,7199.557856794634,1000000.0,0.95,1.05,0,0,c,False,False,False,12271806.5995888,1681557.93250355
1811,0.0,0.0,0.0,0.0,0.006100024542031906,0.0015289043627431003,l3179682,PQ,1.0,1.0,1.0,7199.557856794634,1000000.0,0.95,1.05,0,0,c,False,True,False,12271868.3385968,1681672.94818365
1812,0.0,0.0,0.0,0.0,0.010170040917235026,0.0025490093267449476,l2786274,PQ,1.0,1.0,1.0,7199.557856794634,1000000.0,0.95,1.05,0,0,c,False,True,False,12271928.6603889,1681741.04827972
1813,0.0,0.0,0.0,0.0,0.0,0.0,n1230121,PQ,1.0,1.0,1.0,7199.557856794634,1000000.0,0.95,1.05,0,0,c,False,False,False,12271796.2080368,1681495.48079149
1814,0.0,0.0,0.0,0.0,0.0,0.0,m1108316,PQ,1.0,1.0,1.0,7199.557856794634,1000000.0,0.95,1.05,0,0,c,False,False,False,12271808.5329008,1681447.63541544
1815,0.0,0.0,0.0,0.0,0.0,0.0,196-35541,PQ,1.0,1.0,1.0,7199.557856794634,1000000.0,0.95,1.05,0,0,c,False,False,False,12271812.9115248,1681420.47893542
1816,0.0,0.0,0.0,0.0,0.0,0.0,m1108317,PQ,1.0,1.0,1.0,7199.557856794634,1000000.0,0.95,1.05,0,0,c,False,False,False,12271853.4905968,1681178.02031119
1817,0.0,0.0,0.0,0.0,0.0,0.0,l2820590,PQ,1.0,1.0,1.0,7199.557856794634,1000000.0,0.95,1.05,0,0,c,False,False,False,12271973.4419569,1680994.71202302
1818,0.0,0.0,0.0,0.0,0.0,0.0,m1108328,PQ,1.0,1.0,1.0,7199.557856794634,1000000.0,0.95,1.05,0,0,c,False,False,False,12272155.1732851,1680988.14613502
1819,0.0,0.0,0.0,0.0,0.00610002463811048,0.0015289045084226644,l2767414,PQ,1.0,1.0,1.0,7199.557856794634,1000000.0,0.95,1.05,0,0,c,False,True,False,12272156.5495411,1680868.5716069
1820,0.0,0.0,0.0,0.0,0.0,0.0,m1108331,PQ,1.0,1.0,1.0,7199.557856794634,1000000.0,0.95,1.05,0,0,c,False,False,False,12272323.5762293,1680569.35061463
1821,0.0,0.0,0.0,0.0,0.0,0.0,m1108334,PQ,1.0,1.0,1.0,7199.557856794634,1000000.0,0.95,1.05,0,0,c,False,False,False,12272624.0587895,1680690.51029474
1822,0.0,0.0,0.0,0.0,0.0061000246872807235,0.0015289045829892985,l2692664,PQ,1.0,1.0,1.0,7199.557856794634,1000000.0,0.95,1.05,0,0,c,False,True,False,12272574.7306615,1680809.22056685
1823,0.0,0.0,0.0,0.0,0.0,0.0,m1108335,PQ,1.0,1.0,1.0,7199.557856794634,1000000.0,0.95,1.05,0,0,c,False,False,False,12272694.1085816,1680172.53013426
1824,0.0,0.0,0.0,0.0,0.0,0.0,m1108340,PQ,1.0,1.0,1.0,7199.557856794634,1000000.0,0.95,1.05,0,0,c,False,False,False,12273112.781222,1679666.58811779
1825,0.0,0.0,0.0,0.0,0.0,0.0,m1108344,PQ,1.0,1.0,1.0,7199.557856794634,1000000.0,0.95,1.05,0,0,c,False,False,False,12273290.1380222,1679520.77870965
1826,0.0,0.0,0.0,0.0,0.010170041383457507,0.0025490100338050625,l2804250,PQ,1.0,1.0,1.0,7199.557856794634,1000000.0,0.95,1.05,0,0,c,False,True,False,12273412.0185983,1679564.15125369
1827,0.0,0.0,0.0,0.0,0.0,0.0,l2820583,PQ,1.0,1.0,1.0,7199.557856794634,1000000.0,0.95,1.05,0,0,c,False,False,False,12273621.5822465,1679650.78165377
1828,0.0,0.0,0.0,0.0,0.0,0.0,m1108354,PQ,1.0,1.0,1.0,7199.557856794634,1000000.0,0.95,1.05,0,0,c,False,False,False,12273652.1465985,1680138.93474223
1829,0.0,0.0,0.0,0.0,0.0,0.0,m1108350,PQ,1.0,1.0,1.0,7199.557856794634,1000000.0,0.95,1.05,0,0,c,False,False,False,12273571.2915584,1680382.22895045
1830,0.0,0.0,0.0,0.0,0.006100024832598521,0.0015289048034421461,l3198356,PQ,1.0,1.0,1.0,7199.557856794634,1000000.0,0.95,1.05,0,0,c,False,True,False,12273443.5496063,1680570.44834263
1831,0.0,0.0,0.0,0.0,0.0,0.0,m1108345,PQ,1.0,1.0,1.0,7199.557856794634,1000000.0,0.95,1.05,0,0,c,False,False,False,12273310.9375102,1680719.75983077
1832,0.0,0.0,0.0,0.0,0.0,0.0,m1108347,PQ,1.0,1.0,1.0,7199.557856794634,1000000.0,0.95,1.05,0,0,c,False,False,False,12273422.0701823,1680781.27355882
1833,0.0,0.0,0.0,0.0,0.0,0.0,m1108355,PQ,1.0,1.0,1.0,7199.557856794634,1000000.0,0.95,1.05,0,0,c,False,False,False,12273700.7620225,1680893.47119093
1834,0.0,0.0,0.0,0.0,0.0,0.0,m1108352,PQ,1.0,1.0,1.0,7199.557856794634,1000000.0,0.95,1.05,0,0,c,False,False,False,12273617.4821505,1681167.61237518
1835,0.0,0.0,0.0,0.0,0.0,0.0,m1108356,PQ,1.0,1.0,1.0,7199.557856794634,1000000.0,0.95,1.05,0,0,c,False,False,False,12273720.0091266,1681452.26799145
1836,0.0,0.0,0.0,0.0,0.006100024837232073,0.0015289048104835455,l2842390,PQ,1.0,1.0,1.0,7199.557856794634,1000000.0,0.95,1.05,0,0,c,False,True,False,12273947.3289348,1681437.42818343
1837,0.0,0.0,0.0,0.0,0.006100024837191629,0.0015289048104220838,l2674052,PQ,1.0,1.0,1.0,7199.557856794634,1000000.0,0.95,1.05,0,0,c,False,True,False,12273664.6967425,1681649.23234363
1838,0.0,0.0,0.0,0.0,0.0,0.0,m1108360,PQ,1.0,1.0,1.0,7199.557856794634,1000000.0,0.95,1.05,0,0,c,False,False,False,12274271.2406151,1680168.20066225
1839,0.0,0.0,0.0,0.0,0.015260062129690307,0.0038247691852542065,l3048968,PQ,1.0,1.0,1.0,7199.557856794634,1000000.0,0.95,1.05,0,0,c,False,True,False,12274442.9817992,1680113.0807902
1840,0.0,0.0,0.0,0.0,0.0,0.0,m1108353,PQ,1.0,1.0,1.0,7199.557856794634,1000000.0,0.95,1.05,0,0,c,False,False,False,12273623.3599105,1679285.25870943
1841,0.0,0.0,0.0,0.0,0.010170041465864595,0.0025490101588009602,l3048205,PQ,1.0,1.0,1.0,7199.557856794634,1000000.0,0.95,1.05,0,0,c,False,True,False,12273857.2783747,1679132.33045329
1842,0.0,0.0,0.0,0.0,0.0,0.0,m1108361,PQ,1.0,1.0,1.0,7199.557856794634,1000000.0,0.95,1.05,0,0,c,False,False,False,12274395.2019592,1678780.65198896
1843,0.0,0.0,0.0,0.0,0.01017004154314981,0.00254901027605755,l3048228,PQ,1.0,1.0,1.0,7199.557856794634,1000000.0,0.95,1.05,0,0,c,False,True,False,12274434.7201672,1678880.88930105
1844,0.0,0.0,0.0,0.0,0.006100024918239361,0.0015289049333320865,l2991940,PQ,1.0,1.0,1.0,7199.557856794634,1000000.0,0.95,1.05,0,0,c,False,True,False,12274546.0535433,1679157.03752531
1845,0.0,0.0,0.0,0.0,0.0,0.0,m1089155,PQ,1.0,1.0,1.0,7199.557856794634,1000000.0,0.95,1.05,0,0,c,False,False,False,12274800.6486156,1678680.82018087
1846,0.0,0.0,0.0,0.0,0.0,0.0,m1089158,PQ,1.0,1.0,1.0,7199.557856794634,1000000.0,0.95,1.05,0,0,c,False,False,False,12275124.1916559,1678597.54850079
1847,0.0,0.0,0.0,0.0,0.0,0.0,m1089162,PQ,1.0,1.0,1.0,7199.557856794634,1000000.0,0.95,1.05,0,0,c,False,False,False,12275685.1101844,1678413.56846862
1848,0.0,0.0,0.0,0.0,0.00610002499707412,0.0015289050529486532,l3197626,PQ,1.0,1.0,1.0,7199.557856794634,1000000.0,0.95,1.05,0,0,c,False,True,False,12275665.1217044,1678767.61032495
1849,0.0,0.0,0.0,0.0,0.004070016678544665,0.0010201054241068925,l2991640,PQ,1.0,1.0,1.0,7199.557856794634,1000000.0,0.95,1.05,0,0,c,False,True,False,12275646.7511444,1678042.12680427
1850,0.0,0.0,0.0,0.0,0.0,0.0,m1089160,PQ,1.0,1.0,1.0,7199.557856794634,1000000.0,0.95,1.05,0,0,c,False,False,False,12275595.6289683,1677709.31041996
1851,0.0,0.0,0.0,0.0,0.0,0.0,m1089163,PQ,1.0,1.0,1.0,7199.557856794634,1000000.0,0.95,1.05,0,0,c,False,False,False,12275855.8314646,1677620.32072388
1852,0.0,0.0,0.0,0.0,0.0040700166792533386,0.001020105425183142,l3066807,PQ,1.0,1.0,1.0,7199.557856794634,1000000.0,0.95,1.05,0,0,c,False,True,False,12276119.4705048,1677482.04795575
1853,0.0,0.0,0.0,0.0,0.0,0.0,m1089165,PQ,1.0,1.0,1.0,7199.557856794634,1000000.0,0.95,1.05,0,0,c,False,False,False,12276490.1994651,1678152.41160438
1854,0.0,0.0,0.0,0.0,0.010170041756066894,0.0025490105991411265,l2748128,PQ,1.0,1.0,1.0,7199.557856794634,1000000.0,0.95,1.05,0,0,c,False,True,False,12276612.3094173,1678081.57947631
1855,0.0,0.0,0.0,0.0,0.0,0.0,m1089170,PQ,1.0,1.0,1.0,7199.557856794634,1000000.0,0.95,1.05,0,0,c,False,False,False,12277100.7287457,1677786.58146003
1856,0.0,0.0,0.0,0.0,0.00610002508345348,0.0015289051840382244,l2879062,PQ,1.0,1.0,1.0,7199.557856794634,1000000.0,0.95,1.05,0,0,c,False,True,False,12277347.3202339,1677286.25096357
1857,0.0,0.0,0.0,0.0,0.0,0.0,m1089173,PQ,1.0,1.0,1.0,7199.557856794634,1000000.0,0.95,1.05,0,0,c,False,False,False,12277474.7304101,1677019.24091532
1858,0.0,0.0,0.0,0.0,0.006100025092949926,0.001528905198451808,l2673307,PQ,1.0,1.0,1.0,7199.557856794634,1000000.0,0.95,1.05,0,0,c,False,True,False,12277198.9794978,1677027.62133133
1859,0.0,0.0,0.0,0.0,0.0,0.0,m1089174,PQ,1.0,1.0,1.0,7199.557856794634,1000000.0,0.95,1.05,0,0,c,False,False,False,12277505.5732901,1676927.27342723
1860,0.0,0.0,0.0,0.0,0.0,0.0,p827501,PQ,1.0,1.0,1.0,7199.557856794634,1000000.0,0.95,1.05,0,0,c,False,False,False,12277686.5509543,1676630.01851496
1861,0.0,0.0,0.0,0.0,0.0,0.0,n1140516,PQ,1.0,1.0,1.0,7199.557856794634,1000000.0,0.95,1.05,0,0,c,False,False,False,12277692.8669863,1676617.38235495
1862,0.0,0.0,0.0,0.0,0.0,0.0,m1089176,PQ,1.0,1.0,1.0,7199.557856794634,1000000.0,0.95,1.05,0,0,c,False,False,False,12277877.6989864,1676247.6692026
1863,0.0,0.0,0.0,0.0,0.0,0.0,m1089179,PQ,1.0,1.0,1.0,7199.557856794634,1000000.0,0.95,1.05,0,0,c,False,False,False,12277961.7980585,1676036.3401784
1864,0.0,0.0,0.0,0.0,0.0,0.0,m1069451,PQ,1.0,1.0,1.0,7199.557856794634,1000000.0,0.95,1.05,0,0,c,False,False,False,12278022.2591146,1675667.85173006
1865,0.0,0.0,0.0,0.0,0.006100025115731078,0.001528905233029959,l2804282,PQ,1.0,1.0,1.0,7199.557856794634,1000000.0,0.95,1.05,0,0,c,False,True,False,12278102.9912746,1674999.74907344
1866,0.0,0.0,0.0,0.0,0.015260062836557124,0.0038247702577463953,l3104154,PQ,1.0,1.0,1.0,7199.557856794634,1000000.0,0.95,1.05,0,0,c,False,True,False,12278111.4618027,1674732.82094519
1867,0.0,0.0,0.0,0.0,0.010170041878357098,0.00254901078474526,l3104155,PQ,1.0,1.0,1.0,7199.557856794634,1000000.0,0.95,1.05,0,0,c,False,True,False,12278118.3717547,1674600.83963307
1868,0.0,0.0,0.0,0.0,0.0,0.0,m1069456,PQ,1.0,1.0,1.0,7199.557856794634,1000000.0,0.95,1.05,0,0,c,False,False,False,12278144.0127147,1674393.30350487
1869,0.0,0.0,0.0,0.0,0.0,0.0,n1147867,PQ,1.0,1.0,1.0,7199.557856794634,1000000.0,0.95,1.05,0,0,c,False,False,False,12278156.6611627,1674320.00968081
1870,0.0,0.0,0.0,0.0,0.0,0.0,d5837361-8_int,PQ,1.0,1.0,1.0,7199.557856794634,1000000.0,0.95,1.05,0,0,c,False,False,False,12278160.9625387,1674300.88136079
1871,0.0,0.0,0.0,0.0,0.006100025119508886,0.0015289052387644356,l2897806,PQ,1.0,1.0,1.0,7199.557856794634,1000000.0,0.95,1.05,0,0,c,False,True,False,12278347.1005869,1674353.65012884
1872,0.0,0.0,0.0,0.0,0.006100025096033092,0.001528905203131351,l2935551,PQ,1.0,1.0,1.0,7199.557856794634,1000000.0,0.95,1.05,0,0,c,False,True,False,12277674.3940262,1677018.75349132
1873,0.0,0.0,0.0,0.0,0.0,0.0,d5746546-1_int,PQ,1.0,1.0,1.0,7199.557856794634,1000000.0,0.95,1.05,0,0,c,False,False,False,12277780.5096743,1677018.77806732
1874,0.0,0.0,0.0,0.0,0.0,0.0,e182723,PQ,1.0,1.0,1.0,7199.557856794634,1000000.0,0.95,1.05,0,0,c,False,False,False,12277779.5096743,1677018.77806732
1875,0.0,0.0,0.0,0.0,0.0,0.0,m1089177,PQ,1.0,1.0,1.0,7199.557856794634,1000000.0,0.95,1.05,0,0,c,False,False,False,12277941.0395305,1677022.93960332
1876,0.0,0.0,0.0,0.0,0.004070016751158552,0.0010201055339013247,l2822863,PQ,1.0,1.0,1.0,7199.557856794634,1000000.0,0.95,1.05,0,0,c,False,True,False,12278380.1716909,1677032.90926733
1877,0.0,0.0,0.0,0.0,0.0,0.0,m1089188,PQ,1.0,1.0,1.0,7199.557856794634,1000000.0,0.95,1.05,0,0,c,False,False,False,12279840.1990843,1677050.37870735
1878,0.0,0.0,0.0,0.0,0.0,0.0,m1089189,PQ,1.0,1.0,1.0,7199.557856794634,1000000.0,0.95,1.05,0,0,c,False,False,False,12279858.8317883,1677267.15950755
1879,0.0,0.0,0.0,0.0,0.015260062852760345,0.0038247702808114382,l2841619,PQ,1.0,1.0,1.0,7199.557856794634,1000000.0,0.95,1.05,0,0,c,False,True,False,12279905.7309883,1677511.39989178
1880,0.0,0.0,0.0,0.0,0.010170041889986107,0.002549010801377345,l2785515,PQ,1.0,1.0,1.0,7199.557856794634,1000000.0,0.95,1.05,0,0,c,False,True,False,12280283.1200447,1677454.85870773
1881,0.0,0.0,0.0,0.0,0.010170041883495648,0.0025490107915255335,l2673306,PQ,1.0,1.0,1.0,7199.557856794634,1000000.0,0.95,1.05,0,0,c,False,True,False,12280080.3393725,1677113.94862741
1882,0.0,0.0,0.0,0.0,0.006100025103254512,0.0015289052134821333,l2729406,PQ,1.0,1.0,1.0,7199.557856794634,1000000.0,0.95,1.05,0,0,c,False,True,False,12277937.7504425,1677474.04027574
1883,0.0,0.0,0.0,0.0,0.010170041855595731,0.0025490107491795712,l2897768,PQ,1.0,1.0,1.0,7199.557856794634,1000000.0,0.95,1.05,0,0,c,False,True,False,12277952.0618665,1678112.75822834
1884,0.0,0.0,0.0,0.0,0.004070016724140727,0.0010201054933024584,l3029497,PQ,1.0,1.0,1.0,7199.557856794634,1000000.0,0.95,1.05,0,0,c,False,True,False,12277195.8091938,1677909.48194015
1885,0.0,0.0,0.0,0.0,0.006100025065932462,0.0015289051574469996,l3085392,PQ,1.0,1.0,1.0,7199.557856794634,1000000.0,0.95,1.05,0,0,c,False,True,False,12276913.4391455,1677610.78113987
1886,0.0,0.0,0.0,0.0,0.010170041749134216,0.0025490105886220218,l3197627,PQ,1.0,1.0,1.0,7199.557856794634,1000000.0,0.95,1.05,0,0,c,False,True,False,12276407.3005211,1677744.880084
1887,0.0,0.0,0.0,0.0,0.010170041755914568,0.002549010598916658,l3216343,PQ,1.0,1.0,1.0,7199.557856794634,1000000.0,0.95,1.05,0,0,c,False,True,False,12276860.4901535,1678491.38018069
1888,0.0,0.0,0.0,0.0,0.006100025047192873,0.0015289051290128912,l3082981,PQ,1.0,1.0,1.0,7199.557856794634,1000000.0,0.95,1.05,0,0,c,False,True,False,12276757.5249054,1678712.9041489
1889,0.0,0.0,0.0,0.0,0.0,0.0,m1108368,PQ,1.0,1.0,1.0,7199.557856794634,1000000.0,0.95,1.05,0,0,c,False,False,False,12276675.5598493,1679175.62926933
1890,0.0,0.0,0.0,0.0,0.010170041765232144,0.0025490106130639555,l3085393,PQ,1.0,1.0,1.0,7199.557856794634,1000000.0,0.95,1.05,0,0,c,False,True,False,12276906.3694495,1679174.40046933
1891,0.0,0.0,0.0,0.0,0.010170041765232651,0.0025490106130647205,l2897770,PQ,1.0,1.0,1.0,7199.557856794634,1000000.0,0.95,1.05,0,0,c,False,True,False,12276647.2892573,1679404.80866154
1892,0.0,0.0,0.0,0.0,0.010170041589999696,0.0025490103471446216,l2935550,PQ,1.0,1.0,1.0,7199.557856794634,1000000.0,0.95,1.05,0,0,c,False,True,False,12274937.8318477,1678457.71106066
1893,0.0,0.0,0.0,0.0,0.0,0.0,m3037540,PQ,1.0,1.0,1.0,7199.557856794634,1000000.0,0.95,1.05,0,0,c,False,False,False,12274857.1488396,1678913.37877308
1894,0.0,0.0,0.0,0.0,0.00610002494767856,0.0015289049780033567,l2822862,PQ,1.0,1.0,1.0,7199.557856794634,1000000.0,0.95,1.05,0,0,c,False,True,False,12275043.4308238,1678869.06824504
1895,0.0,0.0,0.0,0.0,0.006100024948049141,0.0015289049785662662,l3066806,PQ,1.0,1.0,1.0,7199.557856794634,1000000.0,0.95,1.05,0,0,c,False,True,False,12275088.3885198,1679076.28078924
1896,0.0,0.0,0.0,0.0,0.006100024947060373,0.0015289049770643378,l2710509,PQ,1.0,1.0,1.0,7199.557856794634,1000000.0,0.95,1.05,0,0,c,False,True,False,12274859.9300236,1678923.98741309
1897,0.0,0.0,0.0,0.0,0.0,0.0,m1108364,PQ,1.0,1.0,1.0,7199.557856794634,1000000.0,0.95,1.05,0,0,c,False,False,False,12274945.7903757,1679251.3438294
1898,0.0,0.0,0.0,0.0,0.010170041595243899,0.002549010355110408,l2897766,PQ,1.0,1.0,1.0,7199.557856794634,1000000.0,0.95,1.05,0,0,c,False,True,False,12275027.4564238,1679556.00840568
1899,0.0,0.0,0.0,0.0,0.0061000248009918856,0.0015289047554635248,l3085394,PQ,1.0,1.0,1.0,7199.557856794634,1000000.0,0.95,1.05,0,0,c,False,True,False,12273164.980646,1679334.70971748
1900,0.0,0.0,0.0,0.0,0.00610002480048307,0.001528904754690182,l2916605,PQ,1.0,1.0,1.0,7199.557856794634,1000000.0,0.95,1.05,0,0,c,False,True,False,12273072.050598,1679681.8784858
1901,0.0,0.0,0.0,0.0,0.00407001654803189,0.001020105226101191,l2822865,PQ,1.0,1.0,1.0,7199.557856794634,1000000.0,0.95,1.05,0,0,c,False,True,False,12272883.7083258,1679501.83061363
1902,0.0,0.0,0.0,0.0,0.006100024802599993,0.0015289047579076444,l2916606,PQ,1.0,1.0,1.0,7199.557856794634,1000000.0,0.95,1.05,0,0,c,False,True,False,12272884.6708858,1679248.0383574
1903,0.0,0.0,0.0,0.0,0.006100024802952193,0.0015289047584429458,l2822864,PQ,1.0,1.0,1.0,7199.557856794634,1000000.0,0.95,1.05,0,0,c,False,True,False,12272763.3883257,1679085.97192524
1904,0.0,0.0,0.0,0.0,0.010170041157702682,0.002549009691367413,l3045895,PQ,1.0,1.0,1.0,7199.557856794634,1000000.0,0.95,1.05,0,0,c,False,True,False,12272323.0969973,1680562.70280662
1905,0.0,0.0,0.0,0.0,0.0,0.0,m1108329,PQ,1.0,1.0,1.0,7199.557856794634,1000000.0,0.95,1.05,0,0,c,False,False,False,12272301.8797172,1680269.53979835
1906,0.0,0.0,0.0,0.0,0.006100024687904581,0.0015289045839379212,l2935552,PQ,1.0,1.0,1.0,7199.557856794634,1000000.0,0.95,1.05,0,0,c,False,True,False,12272277.7583732,1679769.45915788
1907,0.0,0.0,0.0,0.0,0.006100024628169335,0.0015289044933601672,l3160878,PQ,1.0,1.0,1.0,7199.557856794634,1000000.0,0.95,1.05,0,0,c,False,True,False,12272838.7383417,1681028.90952705
1908,0.0,0.0,0.0,0.0,0.006100024629274239,0.001528904495040671,l2917336,PQ,1.0,1.0,1.0,7199.557856794634,1000000.0,0.95,1.05,0,0,c,False,True,False,12273476.8500863,1681026.79189505
1909,0.0,0.0,0.0,0.0,0.02034008211424026,0.005098020077723167,l2875754,PQ,1.0,1.0,1.0,7199.557856794634,1000000.0,0.95,1.05,0,0,c,False,True,False,12272155.8081651,1681057.91739908
1910,0.0,0.0,0.0,0.0,0.0,0.0,m1108311,PQ,1.0,1.0,1.0,7199.557856794634,1000000.0,0.95,1.05,0,0,abc,False,False,False,12271556.1291886,1681478.80187947
1911,0.0,0.0,0.0,0.0,0.006100024577668336,0.001528904539295108,l2898526,PQ,1.0,1.0,1.0,7199.557856794634,1000000.0,0.95,1.05,0,0,c,False,True,False,12271531.6842605,1681401.6291434
1912,0.008869904397053896,0.0022228714143704563,0.0,0.0,0.0,0.0,l2879773,PQ,1.0,1.0,1.0,7199.557856794634,1000000.0,0.95,1.05,0,0,abc,False,True,False,12271272.5385323,1681411.68072741
1913,0.0,0.0,0.0,0.0,0.0,0.0,m1108298,PQ,1.0,1.0,1.0,7199.557856794634,1000000.0,0.95,1.05,0,0,abc,False,False,False,12270990.590372,1681297.9020393
1914,0.0,0.0,0.0,0.0,0.0,0.0,196-36167,PQ,1.0,1.0,1.0,7199.557856794634,1000000.0,0.95,1.05,0,0,abc,False,False,False,12270882.9966439,1681227.04533524
1915,0.0,0.0,0.0,0.0,0.004070016499841685,0.0010201055728783432,l3011298,PQ,1.0,1.0,1.0,7199.557856794634,1000000.0,0.95,1.05,0,0,abc,False,True,False,12270659.5393637,1681079.8883431
1916,0.0,0.0,0.0,0.0,0.0,0.0,m1108295,PQ,1.0,1.0,1.0,7199.557856794634,1000000.0,0.95,1.05,0,0,abc,False,False,False,12270559.9205476,1680836.50811888
1917,0.0,0.0,0.0,0.0,0.01017004136839571,0.0025490115127998697,l2936279,PQ,1.0,1.0,1.0,7199.557856794634,1000000.0,0.95,1.05,0,0,abc,False,True,False,12270541.4107236,1680562.39970262
1918,0.0,0.0,0.005840043478113676,0.0014636643823260052,0.0,0.0,l3179678,PQ,1.0,1.0,1.0,7199.557856794634,1000000.0,0.95,1.05,0,0,abc,False,True,False,12270391.3906275,1680264.34197434
1919,0.0,0.0,0.0,0.0,0.006100024921198517,0.0015289062018650696,l2804249,PQ,1.0,1.0,1.0,7199.557856794634,1000000.0,0.95,1.05,0,0,abc,False,True,False,12270197.5842913,1679930.25583003
1920,0.0,0.0,0.0,0.0,0.0,0.0,n1139547,PQ,1.0,1.0,1.0,7199.557856794634,1000000.0,0.95,1.05,0,0,abc,False,False,False,12270138.2864992,1679706.02440582
1921,0.0,0.0,0.0,0.0,0.006100024996765739,0.0015289065746087022,l2688693,PQ,1.0,1.0,1.0,7199.557856794634,1000000.0,0.95,1.05,0,0,abc,False,True,False,12270111.8058592,1679428.32789356
1922,0.0,0.0,0.0058400439551629406,0.0014636643141478598,0.0,0.0,l2688692,PQ,1.0,1.0,1.0,7199.557856794634,1000000.0,0.95,1.05,0,0,abc,False,True,False,12270099.6038752,1679300.36885344
1923,0.0,0.0,0.0,0.0,0.0,0.0,m1108286,PQ,1.0,1.0,1.0,7199.557856794634,1000000.0,0.95,1.05,0,0,abc,False,False,False,12270098.0187232,1679283.72270943
1924,0.0,0.0,0.0,0.0,0.0,0.0,l2933164,PQ,1.0,1.0,1.0,7199.557856794634,1000000.0,0.95,1.05,0,0,abc,False,False,False,12270065.2384352,1679025.65013319
1925,0.0,0.0,0.0,0.0,0.004070016738860871,0.0010201067417756936,l3029498,PQ,1.0,1.0,1.0,7199.557856794634,1000000.0,0.95,1.05,0,0,abc,False,True,False,12269978.7104351,1678821.829077
1926,0.0,0.0,0.0,0.0,0.0,0.0,m1089143,PQ,1.0,1.0,1.0,7199.557856794634,1000000.0,0.95,1.05,0,0,abc,False,False,False,12269872.861603,1678554.22920475
1927,0.0,0.0,0.0,0.0,0.0,0.0,m1089145,PQ,1.0,1.0,1.0,7199.557856794634,1000000.0,0.95,1.05,0,0,abc,False,False,False,12270114.7959392,1678531.48411673
1928,0.017739803174686153,0.0044457363484954665,0.019450147631278905,0.004874703142490966,0.02034008380209362,0.005098029279851015,l3047289,PQ,1.0,1.0,1.0,7199.557856794634,1000000.0,0.95,1.05,0,0,abc,False,True,False,12270356.2305634,1678503.9589967
1929,0.013299852441910181,0.0033330491081846256,0.019450147625039056,0.00487470314448384,0.01526006286985532,0.0038247752860708565,l3215385,PQ,1.0,1.0,1.0,7199.557856794634,1000000.0,0.95,1.05,0,0,abc,False,True,False,12270171.4313313,1678635.00232482
1930,0.003549960618804091,0.0008896486382677656,0.0,0.0,0.0,0.0,l3141400,PQ,1.0,1.0,1.0,7199.557856794634,1000000.0,0.95,1.05,0,0,a,False,True,False,12269650.5880668,1678773.45941295
1931,0.0,0.0,0.0,0.0,0.0,0.0,m1089141,PQ,1.0,1.0,1.0,7199.557856794634,1000000.0,0.95,1.05,0,0,abc,False,False,False,12269607.2319067,1678190.18901241
1932,0.0,0.0,0.0,0.0,0.0,0.0,p895105,PQ,1.0,1.0,1.0,7199.557856794634,1000000.0,0.95,1.05,0,0,a,False,False,False,12269602.3371867,1678212.29922043
1933,0.0,0.0,0.0,0.0,0.0,0.0,n1142110,PQ,1.0,1.0,1.0,7199.557856794634,1000000.0,0.95,1.05,0,0,a,False,False,False,12269595.3248347,1678243.96539646
1934,0.0035499604839425015,0.0008896485076170265,0.0,0.0,0.0,0.0,l2673316,PQ,1.0,1.0,1.0,7199.557856794634,1000000.0,0.95,1.05,0,0,a,False,True,False,12269589.0006107,1678272.53909249
1935,0.0,0.0,0.0,0.0,0.0,0.0,m1089138,PQ,1.0,1.0,1.0,7199.557856794634,1000000.0,0.95,1.05,0,0,a,False,False,False,12269427.8025306,1678341.29454855
1936,0.008869901263597718,0.002222868358429035,0.0,0.0,0.0,0.0,l2841628,PQ,1.0,1.0,1.0,7199.557856794634,1000000.0,0.95,1.05,0,0,a,False,True,False,12269110.7598423,1678277.88437249
1937,0.008869900998076928,0.0022228681043230574,0.0,0.0,0.0,0.0,l3160107,PQ,1.0,1.0,1.0,7199.557856794634,1000000.0,0.95,1.05,0,0,abc,False,True,False,12269397.9713625,1677893.94171613
1938,0.0,0.0,0.009730074660066285,0.002438604981280145,0.0,0.0,l3104125,PQ,1.0,1.0,1.0,7199.557856794634,1000000.0,0.95,1.05,0,0,abc,False,True,False,12269196.2105944,1677603.35099586
1939,0.0,0.0,0.0,0.0,0.0,0.0,m1089131,PQ,1.0,1.0,1.0,7199.557856794634,1000000.0,0.95,1.05,0,0,abc,False,False,False,12269148.0498263,1677487.47925176
1940,0.017739800834358183,0.004445734098494182,0.0,0.0,0.0,0.0,l3029502,PQ,1.0,1.0,1.0,7199.557856794634,1000000.0,0.95,1.05,0,0,abc,False,True,False,12269021.5981142,1677199.84174749
1941,0.0,0.0,0.0,0.0,0.0,0.0,d6138608-3_int,PQ,1.0,1.0,1.0,7199.557856794634,1000000.0,0.95,1.05,0,0,abc,False,False,False,12269022.5981142,1677199.84174749
1942,0.0,0.0,0.0,0.0,0.0,0.0,q14404,PQ,1.0,1.0,1.0,7199.557856794634,1000000.0,0.95,1.05,0,0,abc,False,False,False,12269024.5981142,1677199.84174749
1943,0.0,0.0,0.0,0.0,0.0,0.0,regxfmr_190-7361,PQ,1.0,1.0,1.0,7199.557856794634,1000000.0,0.95,1.05,0,0,abc,False,False,False,12269023.5981142,1677199.84174749
1944,0.0,0.0,0.0,0.0,0.0,0.0,190-7361,PQ,1.0,1.0,1.0,7199.557856794634,1000000.0,0.95,1.05,0,0,abc,False,False,False,12268910.6415701,1676925.80296323
1945,0.0,0.0,0.0,0.0,0.0,0.0,m1089120,PQ,1.0,1.0,1.0,7199.557856794634,1000000.0,0.95,1.05,0,0,abc,False,False,False,12268903.4817621,1676908.10005122
1946,0.0,0.0,0.0,0.0,0.0,0.0,m1089119,PQ,1.0,1.0,1.0,7199.557856794634,1000000.0,0.95,1.05,0,0,abc,False,False,False,12268828.221858,1676733.56129905
1947,0.0,0.0,0.0,0.0,0.0,0.0,p827521,PQ,1.0,1.0,1.0,7199.557856794634,1000000.0,0.95,1.05,0,0,b,False,False,False,12268810.101154,1676746.63982707
1948,0.0,0.0,0.0,0.0,0.0,0.0,n1139546,PQ,1.0,1.0,1.0,7199.557856794634,1000000.0,0.95,1.05,0,0,b,False,False,False,12268785.840546,1676764.26901108
1949,0.0,0.0,0.0,0.0,0.0,0.0,l2970842,PQ,1.0,1.0,1.0,7199.557856794634,1000000.0,0.95,1.05,0,0,b,False,False,False,12268558.7337298,1676929.30094724
1950,0.0,0.0,0.0,0.0,0.0,0.0,m1089113,PQ,1.0,1.0,1.0,7199.557856794634,1000000.0,0.95,1.05,0,0,b,False,False,False,12268367.5119696,1677067.30337936
1951,0.0,0.0,0.0,0.0,0.0,0.0,m1089103,PQ,1.0,1.0,1.0,7199.557856794634,1000000.0,0.95,1.05,0,0,b,False,False,False,12267225.7396805,1677900.67144414
1952,0.0,0.0,0.005840045225989937,0.001463664182096436,0.0,0.0,l3048196,PQ,1.0,1.0,1.0,7199.557856794634,1000000.0,0.95,1.05,0,0,b,False,True,False,12267075.6991044,1678047.70146028
1953,0.0,0.0,0.0,0.0,0.0,0.0,m1089097,PQ,1.0,1.0,1.0,7199.557856794634,1000000.0,0.95,1.05,0,0,b,False,False,False,12266422.0880958,1678669.76917286
1954,0.0,0.0,0.0,0.0,0.0,0.0,m1108268,PQ,1.0,1.0,1.0,7199.557856794634,1000000.0,0.95,1.05,0,0,b,False,False,False,12265996.2515514,1678866.16008504
1955,0.0,0.0,0.0,0.0,0.0,0.0,m1108267,PQ,1.0,1.0,1.0,7199.557856794634,1000000.0,0.95,1.05,0,0,b,False,False,False,12264626.6802221,1679000.48021317
1956,0.0,0.0,0.0,0.0,0.0,0.0,m1108266,PQ,1.0,1.0,1.0,7199.557856794634,1000000.0,0.95,1.05,0,0,b,False,False,False,12264000.0004135,1678995.60187716
1957,0.0,0.0,0.0,0.0,0.0,0.0,m1108265,PQ,1.0,1.0,1.0,7199.557856794634,1000000.0,0.95,1.05,0,0,b,False,False,False,12263547.7282851,1678992.07931716
1958,0.0,0.0,0.0,0.0,0.0,0.0,m1108264,PQ,1.0,1.0,1.0,7199.557856794634,1000000.0,0.95,1.05,0,0,b,False,False,False,12260421.0589702,1679540.54190967
1959,0.0,0.0,0.0,0.0,0.0,0.0,m1108263,PQ,1.0,1.0,1.0,7199.557856794634,1000000.0,0.95,1.05,0,0,b,False,False,False,12260104.7699459,1679627.65154175
1960,0.0,0.0,0.0,0.0,0.0,0.0,n1142112,PQ,1.0,1.0,1.0,7199.557856794634,1000000.0,0.95,1.05,0,0,b,False,False,False,12259796.0912896,1679861.66830997
1961,0.0,0.0,0.0,0.0,0.0,0.0,p827496,PQ,1.0,1.0,1.0,7199.557856794634,1000000.0,0.95,1.05,0,0,b,False,False,False,12259763.6509696,1679886.26069399
1962,0.0,0.0,0.0,0.0,0.0,0.0,m1108262,PQ,1.0,1.0,1.0,7199.557856794634,1000000.0,0.95,1.05,0,0,b,False,False,False,12259751.6988416,1679895.321046
1963,0.0,0.0,0.0,0.0,0.0,0.0,m1108261,PQ,1.0,1.0,1.0,7199.557856794634,1000000.0,0.95,1.05,0,0,b,False,False,False,12259739.6688895,1679904.27899801
1964,0.0,0.0,0.0,0.0,0.0,0.0,m1108260,PQ,1.0,1.0,1.0,7199.557856794634,1000000.0,0.95,1.05,0,0,b,False,False,False,12259611.1200254,1679999.9984221
1965,0.0,0.0,0.0,0.0,0.0,0.0,m1108259,PQ,1.0,1.0,1.0,7199.557856794634,1000000.0,0.95,1.05,0,0,b,False,False,False,12259517.2888573,1680069.86799016
1966,0.0,0.0,0.0,0.0,0.0,0.0,m1108258,PQ,1.0,1.0,1.0,7199.557856794634,1000000.0,0.95,1.05,0,0,b,False,False,False,12259380.8388092,1680136.07983022
1967,0.0,0.0,0.005840045243568835,0.0014636642075797144,0.0,0.0,l3195318,PQ,1.0,1.0,1.0,7199.557856794634,1000000.0,0.95,1.05,0,0,b,False,True,False,12259421.2294652,1680280.53755836
1968,0.0,0.0,0.0,0.0,0.0,0.0,m1108257,PQ,1.0,1.0,1.0,7199.557856794634,1000000.0,0.95,1.05,0,0,b,False,False,False,12259239.8790651,1680152.93487024
1969,0.0,0.0,0.003890030137559808,0.0009749407938348236,0.0,0.0,l3142078,PQ,1.0,1.0,1.0,7199.557856794634,1000000.0,0.95,1.05,0,0,b,False,True,False,12257810.0391917,1680082.43042217
1970,0.0,0.0,0.005840045245346092,0.0014636642101564048,0.0,0.0,l2879752,PQ,1.0,1.0,1.0,7199.557856794634,1000000.0,0.95,1.05,0,0,b,False,True,False,12257374.1797353,1680008.6614621
1971,0.0,0.0,0.0,0.0,0.0,0.0,m1108270,PQ,1.0,1.0,1.0,7199.557856794634,1000000.0,0.95,1.05,0,0,b,False,False,False,12266453.4020158,1678940.67861311
1972,0.0,0.0,0.00584004523466426,0.0014636641946708523,0.0,0.0,l2785516,PQ,1.0,1.0,1.0,7199.557856794634,1000000.0,0.95,1.05,0,0,b,False,True,False,12266512.3311679,1679341.16091748
1973,0.0,0.0,0.0,0.0,0.0,0.0,m1108274,PQ,1.0,1.0,1.0,7199.557856794634,1000000.0,0.95,1.05,0,0,b,False,False,False,12266599.1786559,1679829.38773394
1974,0.0,0.0,0.0,0.0,0.0,0.0,m1108269,PQ,1.0,1.0,1.0,7199.557856794634,1000000.0,0.95,1.05,0,0,b,False,False,False,12266402.0791358,1679869.18037397
1975,0.0,0.0,0.009730075369293795,0.002438604984257749,0.0,0.0,l2729405,PQ,1.0,1.0,1.0,7199.557856794634,1000000.0,0.95,1.05,0,0,b,False,True,False,12266170.1062715,1679922.17442202
1976,0.0,0.0,0.0,0.0,0.0,0.0,m1108276,PQ,1.0,1.0,1.0,7199.557856794634,1000000.0,0.95,1.05,0,0,b,False,False,False,12266630.09936,1679999.9984221
1977,0.0,0.0,0.009730075370066024,0.0024386049853772815,0.0,0.0,l2786273,PQ,1.0,1.0,1.0,7199.557856794634,1000000.0,0.95,1.05,0,0,b,False,True,False,12266654.319008,1680133.60994222
1978,0.0,0.0,0.0,0.0,0.0,0.0,m1108278,PQ,1.0,1.0,1.0,7199.557856794634,1000000.0,0.95,1.05,0,0,b,False,False,False,12266717.868448,1680482.17544655
1979,0.0,0.0,0.01459011301950573,0.003656654463609933,0.0,0.0,l3179699,PQ,1.0,1.0,1.0,7199.557856794634,1000000.0,0.95,1.05,0,0,b,False,True,False,12266361.8605117,1680608.49199066
1980,0.0,0.0,0.003890030133046972,0.000974940787292619,0.0,0.0,l2805036,PQ,1.0,1.0,1.0,7199.557856794634,1000000.0,0.95,1.05,0,0,b,False,True,False,12266761.2491841,1680695.42139874
1981,0.0,0.0,0.0038900301239926894,0.0009749407741671924,0.0,0.0,l2673305,PQ,1.0,1.0,1.0,7199.557856794634,1000000.0,0.95,1.05,0,0,b,False,True,False,12267274.9817926,1678256.26158847
1982,0.0,0.0,0.0058400452143028145,0.001463664165156867,0.0,0.0,l2691946,PQ,1.0,1.0,1.0,7199.557856794634,1000000.0,0.95,1.05,0,0,b,False,True,False,12268204.0774734,1676878.93243519
1983,0.0,0.0,0.0,0.0,0.0,0.0,m1089118,PQ,1.0,1.0,1.0,7199.557856794634,1000000.0,0.95,1.05,0,0,abc,False,False,False,12268725.4818899,1676496.02197083
1984,0.0,0.0,0.0,0.0,0.006100025485801914,0.0015289088534840261,l2973158,PQ,1.0,1.0,1.0,7199.557856794634,1000000.0,0.95,1.05,0,0,c,False,True,False,12268986.3888982,1676386.45806673
1985,0.00531993992776176,0.0013332190194144888,0.0,0.0,0.0,0.0,l3048208,PQ,1.0,1.0,1.0,7199.557856794634,1000000.0,0.95,1.05,0,0,a,False,True,False,12268587.2418898,1676550.56840288
1986,0.0,0.0,0.0,0.0,0.0,0.0,m1089115,PQ,1.0,1.0,1.0,7199.557856794634,1000000.0,0.95,1.05,0,0,abc,False,False,False,12268510.4582737,1676011.12110638
1987,0.0,0.0,0.0,0.0,0.0,0.0,m1089112,PQ,1.0,1.0,1.0,7199.557856794634,1000000.0,0.95,1.05,0,0,abc,False,False,False,12268360.8109136,1675750.86945814
1988,0.0,0.0,0.0,0.0,0.010170042724782512,0.002549017752484636,l2691951,PQ,1.0,1.0,1.0,7199.557856794634,1000000.0,0.95,1.05,0,0,c,False,True,False,12268574.1920338,1675749.12046614
1989,0.0,0.0,0.0,0.0,0.0,0.0,n1139542,PQ,1.0,1.0,1.0,7199.557856794634,1000000.0,0.95,1.05,0,0,c,False,False,False,12268650.0376658,1675749.21467414
1990,0.0,0.0,0.0,0.0,0.0,0.0,p827523,PQ,1.0,1.0,1.0,7199.557856794634,1000000.0,0.95,1.05,0,0,c,False,False,False,12268720.7182419,1675746.42939413
1991,0.0,0.0,0.0,0.0,0.004070017110748632,0.0010201083543679163,l2879076,PQ,1.0,1.0,1.0,7199.557856794634,1000000.0,0.95,1.05,0,0,c,False,True,False,12268835.82813,1675732.62997012
1992,0.0,0.0,0.0,0.0,0.0,0.0,m1089122,PQ,1.0,1.0,1.0,7199.557856794634,1000000.0,0.95,1.05,0,0,c,False,False,False,12268915.3683541,1675732.28590612
1993,0.0,0.0,0.0,0.0,0.0,0.0,m1089132,PQ,1.0,1.0,1.0,7199.557856794634,1000000.0,0.95,1.05,0,0,c,False,False,False,12269164.9704023,1675731.20865812
1994,0.0,0.0,0.0,0.0,0.006100025674107653,0.0015289094890120934,l3029503,PQ,1.0,1.0,1.0,7199.557856794634,1000000.0,0.95,1.05,0,0,c,False,True,False,12269301.8013785,1675660.08981005
1995,0.0,0.0,0.0,0.0,0.0,0.0,m1069202,PQ,1.0,1.0,1.0,7199.557856794634,1000000.0,0.95,1.05,0,0,c,False,False,False,12269491.4502746,1675577.67009798
1996,0.0,0.0,0.0,0.0,0.004070017137691459,0.0010201083951346705,l3104126,PQ,1.0,1.0,1.0,7199.557856794634,1000000.0,0.95,1.05,0,0,c,False,True,False,12269517.8203227,1675281.4719537
1997,0.0,0.0,0.0,0.0,0.006100025703430963,0.0015289095333808473,l2879073,PQ,1.0,1.0,1.0,7199.557856794634,1000000.0,0.95,1.05,0,0,c,False,True,False,12269853.839779,1675411.13902582
1998,0.0,0.0,0.0,0.0,0.0,0.0,m1069205,PQ,1.0,1.0,1.0,7199.557856794634,1000000.0,0.95,1.05,0,0,c,False,False,False,12270040.9901151,1675327.12187374
1999,0.0,0.0,0.0,0.0,0.0,0.0,m1069208,PQ,1.0,1.0,1.0,7199.557856794634,1000000.0,0.95,1.05,0,0,c,False,False,False,12270149.6406112,1675278.3385137
2000,0.0,0.0,0.0,0.0,0.006100025718390204,0.0015289095560171453,l3010567,PQ,1.0,1.0,1.0,7199.557856794634,1000000.0,0.95,1.05,0,0,c,False,True,False,12270365.8192994,1675570.58811397
2001,0.0,0.0,0.0,0.0,0.0,0.0,m1069213,PQ,1.0,1.0,1.0,7199.557856794634,1000000.0,0.95,1.05,0,0,c,False,False,False,12270440.2313315,1674917.86184136
2002,0.0,0.0,0.0,0.0,0.0,0.0,m1069217,PQ,1.0,1.0,1.0,7199.557856794634,1000000.0,0.95,1.05,0,0,c,False,False,False,12270634.7298917,1674667.80923313
2003,0.0,0.0,0.0,0.0,0.004070017178722661,0.0010201084572221731,l2841626,PQ,1.0,1.0,1.0,7199.557856794634,1000000.0,0.95,1.05,0,0,c,False,True,False,12270642.9096037,1674657.26203312
2004,0.0,0.0,0.0,0.0,0.010170042939803423,0.00254901807784122,l3235266,PQ,1.0,1.0,1.0,7199.557856794634,1000000.0,0.95,1.05,0,0,c,False,True,False,12270813.7619559,1674402.29832088
2005,0.0,0.0,0.0,0.0,0.0,0.0,l2801950,PQ,1.0,1.0,1.0,7199.557856794634,1000000.0,0.95,1.05,0,0,c,False,False,False,12270999.056804,1674219.15796871
2006,0.0,0.0,0.0,0.0,0.0,0.0,m1069224,PQ,1.0,1.0,1.0,7199.557856794634,1000000.0,0.95,1.05,0,0,c,False,False,False,12271064.7812201,1674133.53928063
2007,0.0,0.0,0.0,0.0,0.0,0.0,m1069218,PQ,1.0,1.0,1.0,7199.557856794634,1000000.0,0.95,1.05,0,0,c,False,False,False,12270765.6298598,1673879.5217444
2008,0.0,0.0,0.0,0.0,0.006100025769455349,0.0015289096332932002,l2954351,PQ,1.0,1.0,1.0,7199.557856794634,1000000.0,0.95,1.05,0,0,c,False,True,False,12270514.2091876,1674035.96846454
2009,0.0,0.0,0.0,0.0,0.006100025769020708,0.001528909632635396,l2860486,PQ,1.0,1.0,1.0,7199.557856794634,1000000.0,0.95,1.05,0,0,c,False,True,False,12270757.1716198,1673871.71886439
2010,0.0,0.0,0.0,0.0,0.015260064471129226,0.0038247812643652595,l3141399,PQ,1.0,1.0,1.0,7199.557856794634,1000000.0,0.95,1.05,0,0,c,False,True,False,12270513.6808036,1673647.20072018
2011,0.0,0.0,0.0,0.0,0.0,0.0,m1069210,PQ,1.0,1.0,1.0,7199.557856794634,1000000.0,0.95,1.05,0,0,c,False,False,False,12270330.3397474,1673474.00955202
2012,0.0,0.0,0.0,0.0,0.010170042969326182,0.0025490181225202068,l3085400,PQ,1.0,1.0,1.0,7199.557856794634,1000000.0,0.95,1.05,0,0,c,False,True,False,12270112.3260512,1673321.18779188
2013,0.0,0.0,0.0,0.0,0.0,0.0,m1069226,PQ,1.0,1.0,1.0,7199.557856794634,1000000.0,0.95,1.05,0,0,c,False,False,False,12271424.2789484,1674318.1705768
2014,0.0,0.0,0.0,0.0,0.0,0.0,d5712486-1_int,PQ,1.0,1.0,1.0,7199.557856794634,1000000.0,0.95,1.05,0,0,c,False,False,False,12271410.1237484,1674340.91976083
2015,0.0,0.0,0.0,0.0,0.0,0.0,e206210,PQ,1.0,1.0,1.0,7199.557856794634,1000000.0,0.95,1.05,0,0,c,False,False,False,12271409.1237484,1674340.91976083
2016,0.0,0.0,0.0,0.0,0.0,0.0,m1069225,PQ,1.0,1.0,1.0,7199.557856794634,1000000.0,0.95,1.05,0,0,c,False,False,False,12271400.7515244,1674353.48628884
2017,0.0,0.0,0.0,0.0,0.0,0.0,n1139544,PQ,1.0,1.0,1.0,7199.557856794634,1000000.0,0.95,1.05,0,0,c,False,False,False,12271378.5266284,1674386.85230487
2018,0.0,0.0,0.0,0.0,0.010170042966230973,0.002549018117238542,l2897776,PQ,1.0,1.0,1.0,7199.557856794634,1000000.0,0.95,1.05,0,0,c,False,True,False,12271330.1405803,1674459.49076894
2019,0.0,0.0,0.0,0.0,0.006100025772164044,0.0015289096370342792,l3254215,PQ,1.0,1.0,1.0,7199.557856794634,1000000.0,0.95,1.05,0,0,c,False,True,False,12271214.6210922,1674907.83073735
2020,0.0,0.0,0.0,0.0,0.015260064471325992,0.0038247812637667595,l3122819,PQ,1.0,1.0,1.0,7199.557856794634,1000000.0,0.95,1.05,0,0,c,False,True,False,12271581.0410606,1674284.89057677
2021,0.0,0.0,0.0,0.0,0.0,0.0,m1069227,PQ,1.0,1.0,1.0,7199.557856794634,1000000.0,0.95,1.05,0,0,c,False,False,False,12271454.3599725,1674334.66926482
2022,0.0,0.0,0.0,0.0,0.006100025771115886,0.0015289096358062646,l2748133,PQ,1.0,1.0,1.0,7199.557856794634,1000000.0,0.95,1.05,0,0,c,False,True,False,12271739.5603567,1674496.10900897
2023,0.0,0.0,0.0,0.0,0.006100025771630014,0.0015289096365843611,l3085399,PQ,1.0,1.0,1.0,7199.557856794634,1000000.0,0.95,1.05,0,0,c,False,True,False,12271981.9616369,1674636.0488491
2024,0.0,0.0,0.0,0.0,0.0061000257480134015,0.0015289096008444668,l2954350,PQ,1.0,1.0,1.0,7199.557856794634,1000000.0,0.95,1.05,0,0,c,False,True,False,12270427.3985635,1674465.15963294
2025,0.0,0.0,0.0,0.0,0.0,0.0,m1069206,PQ,1.0,1.0,1.0,7199.557856794634,1000000.0,0.95,1.05,0,0,c,False,False,False,12270052.7620192,1674428.43899291
2026,0.0,0.0,0.0,0.0,0.004070017181201699,0.0010201084609743369,l2841625,PQ,1.0,1.0,1.0,7199.557856794634,1000000.0,0.95,1.05,0,0,c,False,True,False,12269812.3882589,1674152.88059265
2027,0.0,0.0,0.0,0.0,0.006100025751218198,0.0015289096056950392,l3010566,PQ,1.0,1.0,1.0,7199.557856794634,1000000.0,0.95,1.05,0,0,c,False,True,False,12269531.9392347,1674207.7014567
2028,0.0,0.0,0.0,0.0,0.006100025736662974,0.0015289095836679698,l3178977,PQ,1.0,1.0,1.0,7199.557856794634,1000000.0,0.95,1.05,0,0,c,False,True,False,12270309.3682274,1674887.80129733
2029,0.0,0.0,0.0,0.0,0.006100025737381068,0.0015289095847548892,l3160105,PQ,1.0,1.0,1.0,7199.557856794634,1000000.0,0.95,1.05,0,0,c,False,True,False,12270119.1008352,1674842.17185729
2030,0.0,0.0,0.0,0.0,0.006100025737885665,0.0015289095855186567,l3235251,PQ,1.0,1.0,1.0,7199.557856794634,1000000.0,0.95,1.05,0,0,c,False,True,False,12270202.1677153,1674584.51297705
2031,0.0,0.0,0.0,0.0,0.010170042877319032,0.002549017983286203,l2691945,PQ,1.0,1.0,1.0,7199.557856794634,1000000.0,0.95,1.05,0,0,c,False,True,False,12270097.1585632,1675222.16187365
2032,0.0,0.0,0.0,0.0,0.00610002568554155,0.001528909506313023,l2785524,PQ,1.0,1.0,1.0,7199.557856794634,1000000.0,0.95,1.05,0,0,c,False,True,False,12269487.1126106,1675646.82696204
2033,0.0,0.0,0.0,0.0,0.0,0.0,m1069201,PQ,1.0,1.0,1.0,7199.557856794634,1000000.0,0.95,1.05,0,0,c,False,False,False,12269482.8200026,1675715.25064211
2034,0.0,0.0,0.0,0.0,0.004070017139279513,0.0010201083975387947,l3010565,PQ,1.0,1.0,1.0,7199.557856794634,1000000.0,0.95,1.05,0,0,c,False,True,False,12269540.1803867,1676182.30933054
2035,0.0,0.0,0.0,0.0,0.010170042829494665,0.002549017910927136,l2897775,PQ,1.0,1.0,1.0,7199.557856794634,1000000.0,0.95,1.05,0,0,c,False,True,False,12269464.5805146,1676578.54817891
2036,0.0,0.0,0.0,0.0,0.010170042791065632,0.002549017852776315,l2691950,PQ,1.0,1.0,1.0,7199.557856794634,1000000.0,0.95,1.05,0,0,c,False,True,False,12269288.3910744,1675749.62837014
2037,0.0,0.0,0.0,0.0,0.006100025666649912,0.00152890947772911,l2916609,PQ,1.0,1.0,1.0,7199.557856794634,1000000.0,0.95,1.05,0,0,c,False,True,False,12269249.1513944,1675979.15182635
2038,0.0,0.0,0.0,0.0,0.0,0.0,p860892,PQ,1.0,1.0,1.0,7199.557856794634,1000000.0,0.95,1.05,0,0,c,False,False,False,12268914.7990101,1675629.44353803
2039,0.0,0.0,0.0,0.0,0.0,0.0,n1139543,PQ,1.0,1.0,1.0,7199.557856794634,1000000.0,0.95,1.05,0,0,c,False,False,False,12268914.9014101,1675594.23432199
2040,0.0,0.0,0.0,0.0,0.00610002565358527,0.0015289094579635967,l2727795,PQ,1.0,1.0,1.0,7199.557856794634,1000000.0,0.95,1.05,0,0,c,False,True,False,12268915.3683541,1675431.38964984
2041,0.0,0.0,0.0,0.0,0.006100025654419847,0.0015289094592272076,l2972704,PQ,1.0,1.0,1.0,7199.557856794634,1000000.0,0.95,1.05,0,0,c,False,True,False,12268914.2255701,1675326.21665774
2042,0.0,0.0,0.0,0.0,0.010170042773162719,0.0025490178256954944,l3263051,PQ,1.0,1.0,1.0,7199.557856794634,1000000.0,0.95,1.05,0,0,c,False,True,False,12269045.1173462,1675210.75451364
2043,0.0,0.0,0.0,0.0,0.0,0.0,m1069199,PQ,1.0,1.0,1.0,7199.557856794634,1000000.0,0.95,1.05,0,0,c,False,False,False,12269044.5480022,1674976.40187342
2044,0.0,0.0,0.0,0.0,0.010170042775553596,0.0025490178293154733,l2785525,PQ,1.0,1.0,1.0,7199.557856794634,1000000.0,0.95,1.05,0,0,c,False,True,False,12269044.5480022,1674740.9064492
2045,0.0,0.0,0.0,0.0,0.0,0.0,p827520,PQ,1.0,1.0,1.0,7199.557856794634,1000000.0,0.95,1.05,0,0,c,False,False,False,12268345.6229456,1675750.39841814
2046,0.0,0.0,0.0,0.0,0.0,0.0,n1139545,PQ,1.0,1.0,1.0,7199.557856794634,1000000.0,0.95,1.05,0,0,c,False,False,False,12268324.6186575,1675749.75125014
2047,0.0,0.0,0.0,0.0,0.0,0.0,m1069174,PQ,1.0,1.0,1.0,7199.557856794634,1000000.0,0.95,1.05,0,0,c,False,False,False,12267988.2141772,1675714.0300341
2048,0.0,0.0,0.0,0.0,0.0061000256278402575,0.0015289094190218517,l3216347,PQ,1.0,1.0,1.0,7199.557856794634,1000000.0,0.95,1.05,0,0,c,False,True,False,12267748.180385,1675742.50133013
2049,0.0,0.0,0.0,0.0,0.006100025633350656,0.0015289094273635852,l2785523,PQ,1.0,1.0,1.0,7199.557856794634,1000000.0,0.95,1.05,0,0,c,False,True,False,12267466.1503047,1675742.50133013
2050,0.0,0.0,0.0,0.0,0.004070017106773304,0.0010201083483689583,l3141388,PQ,1.0,1.0,1.0,7199.557856794634,1000000.0,0.95,1.05,0,0,c,False,True,False,12267163.4477125,1675866.34798625
2051,0.0,0.0,0.0,0.0,0.006100025641264305,0.0015289094393434186,l3626914,PQ,1.0,1.0,1.0,7199.557856794634,1000000.0,0.95,1.05,0,0,c,False,True,False,12267036.8444483,1675889.43304227
2052,0.0,0.0,0.0,0.0,0.0,0.0,m1089102,PQ,1.0,1.0,1.0,7199.557856794634,1000000.0,0.95,1.05,0,0,c,False,False,False,12266895.6635202,1675902.43374628
2053,0.0,0.0,0.0,0.0,0.0,0.0,m1089096,PQ,1.0,1.0,1.0,7199.557856794634,1000000.0,0.95,1.05,0,0,c,False,False,False,12266339.6192317,1675915.99150629
2054,0.0,0.0,0.0,0.0,0.0,0.0,m1089093,PQ,1.0,1.0,1.0,7199.557856794634,1000000.0,0.95,1.05,0,0,c,False,False,False,12266053.0917434,1675930.74939431
2055,0.0,0.0,0.0,0.0,0.0,0.0,m1089094,PQ,1.0,1.0,1.0,7199.557856794634,1000000.0,0.95,1.05,0,0,c,False,False,False,12266073.8789434,1675732.96174612
2056,0.0,0.0,0.0,0.0,0.0,0.0,m1069147,PQ,1.0,1.0,1.0,7199.557856794634,1000000.0,0.95,1.05,0,0,c,False,False,False,12266085.4992955,1675532.72059394
2057,0.0,0.0,0.0,0.0,0.00407001712182701,0.0010201083711581258,l3066801,PQ,1.0,1.0,1.0,7199.557856794634,1000000.0,0.95,1.05,0,0,c,False,True,False,12265966.0886073,1675531.90139393
2058,0.0,0.0,0.0,0.0,0.004070017123485845,0.0010201083736694793,l2879055,PQ,1.0,1.0,1.0,7199.557856794634,1000000.0,0.95,1.05,0,0,c,False,True,False,12266088.6982715,1675336.84987375
2059,0.0,0.0,0.0,0.0,0.010170042793751269,0.002549017856917237,l2973144,PQ,1.0,1.0,1.0,7199.557856794634,1000000.0,0.95,1.05,0,0,c,False,True,False,12266095.4116155,1675038.62011348
2060,0.0,0.0,0.0,0.0,0.010170042802162289,0.002549017869651156,l2724120,PQ,1.0,1.0,1.0,7199.557856794634,1000000.0,0.95,1.05,0,0,c,False,True,False,12266092.4993595,1674487.99073696
2061,0.0,0.0,0.0,0.0,0.0,0.0,m1069149,PQ,1.0,1.0,1.0,7199.557856794634,1000000.0,0.95,1.05,0,0,c,False,False,False,12266092.5403195,1674471.23809695
2062,0.0,0.0,0.0,0.0,0.0,0.0,m1069148,PQ,1.0,1.0,1.0,7199.557856794634,1000000.0,0.95,1.05,0,0,c,False,False,False,12266091.5900475,1674268.12974476
2063,0.0,0.0,0.0,0.0,0.0061000256744978875,0.0015289094896555782,l2785518,PQ,1.0,1.0,1.0,7199.557856794634,1000000.0,0.95,1.05,0,0,c,False,True,False,12266165.6211515,1674319.82945681
2064,0.0,0.0,0.0,0.0,0.004070017130567167,0.0010201083843902846,l2766717,PQ,1.0,1.0,1.0,7199.557856794634,1000000.0,0.95,1.05,0,0,c,False,True,False,12266416.0915518,1674323.63054481
2065,0.0,0.0,0.0,0.0,0.010170042806192301,0.002549017875752484,l2673309,PQ,1.0,1.0,1.0,7199.557856794634,1000000.0,0.95,1.05,0,0,c,False,True,False,12266089.1693115,1673916.32020843
2066,0.0,0.0,0.0,0.0,0.0152600641008689,0.0038247807041321426,l2841629,PQ,1.0,1.0,1.0,7199.557856794634,1000000.0,0.95,1.05,0,0,c,False,True,False,12267938.2880332,1675529.52161793
2067,0.0,0.0,0.0,0.0,0.010170042721573694,0.0025490177476522125,l2841630,PQ,1.0,1.0,1.0,7199.557856794634,1000000.0,0.95,1.05,0,0,c,False,True,False,12268144.8001614,1675977.02190635
2068,0.0,0.0,0.0,0.0,0.010170042722046975,0.0025490177483688953,l2954352,PQ,1.0,1.0,1.0,7199.557856794634,1000000.0,0.95,1.05,0,0,c,False,True,False,12268170.4779854,1676066.50721843
2069,0.0,0.0,0.0,0.0,0.0,0.0,l3195356,PQ,1.0,1.0,1.0,7199.557856794634,1000000.0,0.95,1.05,0,0,abc,False,False,False,12268281.8850895,1675648.94869004
2070,0.0,0.0,0.0,0.0,0.0,0.0,m1069189,PQ,1.0,1.0,1.0,7199.557856794634,1000000.0,0.95,1.05,0,0,abc,False,False,False,12268159.0501454,1675446.08200185
2071,0.0,0.0,0.0,0.0,0.0,0.0,m1069184,PQ,1.0,1.0,1.0,7199.557856794634,1000000.0,0.95,1.05,0,0,abc,False,False,False,12268112.9496653,1675374.97953779
2072,0.0,0.0,0.0,0.0,0.0,0.0,m1069175,PQ,1.0,1.0,1.0,7199.557856794634,1000000.0,0.95,1.05,0,0,abc,False,False,False,12267998.9497932,1675199.13006562
2073,0.0,0.0,0.0,0.0,0.0,0.0,n1139541,PQ,1.0,1.0,1.0,7199.557856794634,1000000.0,0.95,1.05,0,0,abc,False,False,False,12267924.8900172,1675076.80302551
2074,0.0,0.0,0.0,0.0,0.0,0.0,d6413567-3_int,PQ,1.0,1.0,1.0,7199.557856794634,1000000.0,0.95,1.05,0,0,abc,False,False,False,12267900.4579531,1675034.79854547
2075,0.0,0.0,0.0,0.0,0.0,0.0,e182724,PQ,1.0,1.0,1.0,7199.557856794634,1000000.0,0.95,1.05,0,0,abc,False,False,False,12267899.4579531,1675034.79854547
2076,0.0,0.0,0.0,0.0,0.0,0.0,m1069169,PQ,1.0,1.0,1.0,7199.557856794634,1000000.0,0.95,1.05,0,0,abc,False,False,False,12267722.969505,1674785.92148924
2077,0.005319939144073828,0.0013332181157942533,0.0,0.0,0.0,0.0,l3010556,PQ,1.0,1.0,1.0,7199.557856794634,1000000.0,0.95,1.05,0,0,abc,False,True,False,12267568.9394248,1674600.99937707
2078,0.0,0.0,0.0,0.0,0.015260063939253393,0.003824782137501623,l2766718,PQ,1.0,1.0,1.0,7199.557856794634,1000000.0,0.95,1.05,0,0,abc,False,True,False,12267337.6383046,1674340.44872083
2079,0.00886989826833685,0.0022228651104497284,0.0,0.0,0.0,0.0,l3048206,PQ,1.0,1.0,1.0,7199.557856794634,1000000.0,0.95,1.05,0,0,abc,False,True,False,12267129.3116484,1674122.95112062
2080,0.0,0.0,0.0,0.0,0.0,0.0,m1069156,PQ,1.0,1.0,1.0,7199.557856794634,1000000.0,0.95,1.05,0,0,abc,False,False,False,12266990.3097923,1673984.05985649
2081,0.0,0.0,0.0,0.0,0.0040700170434257495,0.0010201088113126705,l2710510,PQ,1.0,1.0,1.0,7199.557856794634,1000000.0,0.95,1.05,0,0,c,False,True,False,12267047.7807684,1673946.15956846
2082,0.0,0.0,0.0,0.0,0.010170042588639417,0.002549018942827769,l3197628,PQ,1.0,1.0,1.0,7199.557856794634,1000000.0,0.95,1.05,0,0,c,False,True,False,12267224.0193605,1673854.06100837
2083,0.0,0.0,0.0,0.0,0.0,0.0,m1069155,PQ,1.0,1.0,1.0,7199.557856794634,1000000.0,0.95,1.05,0,0,abc,False,False,False,12266690.101664,1673706.03156823
2084,0.0,0.0,0.0,0.0,0.0,0.0,m1069154,PQ,1.0,1.0,1.0,7199.557856794634,1000000.0,0.95,1.05,0,0,abc,False,False,False,12266442.2117438,1673488.37012803
2085,0.0,0.0,0.005840046542569527,0.0014636642761279867,0.0,0.0,l3104120,PQ,1.0,1.0,1.0,7199.557856794634,1000000.0,0.95,1.05,0,0,b,False,True,False,12266509.3492799,1673288.60820785
2086,0.003549959137557125,0.0008896470063688169,0.0,0.0,0.0,0.0,l2804251,PQ,1.0,1.0,1.0,7199.557856794634,1000000.0,0.95,1.05,0,0,a,False,True,False,12266421.3180478,1673615.46900815
2087,0.00886989767846762,0.002222864304092482,0.0,0.0,0.0,0.0,l3197630,PQ,1.0,1.0,1.0,7199.557856794634,1000000.0,0.95,1.05,0,0,abc,False,True,False,12266003.7718074,1673104.07931167
2088,0.005319938541562911,0.0013332172988897754,0.0,0.0,0.0,0.0,l3235256,PQ,1.0,1.0,1.0,7199.557856794634,1000000.0,0.95,1.05,0,0,abc,False,True,False,12265706.5619511,1672847.37889543
2089,0.0,0.0,0.0,0.0,0.0,0.0,m1069136,PQ,1.0,1.0,1.0,7199.557856794634,1000000.0,0.95,1.05,0,0,abc,False,False,False,12265616.621983,1672776.55086337
2090,0.0,0.0,0.0,0.0,0.0,0.0,m1069135,PQ,1.0,1.0,1.0,7199.557856794634,1000000.0,0.95,1.05,0,0,abc,False,False,False,12265429.3119028,1672616.09006322
2091,0.0,0.0,0.0,0.0,0.0,0.0,n1139539,PQ,1.0,1.0,1.0,7199.557856794634,1000000.0,0.95,1.05,0,0,a,False,False,False,12265373.4137908,1672692.64430329
2092,0.005319938458262387,0.00133321718298411,0.0,0.0,0.0,0.0,l2710520,PQ,1.0,1.0,1.0,7199.557856794634,1000000.0,0.95,1.05,0,0,a,False,True,False,12265145.0904626,1673005.32065558
2093,0.0,0.0,0.0,0.0,0.0,0.0,m1069131,PQ,1.0,1.0,1.0,7199.557856794634,1000000.0,0.95,1.05,0,0,a,False,False,False,12265180.1112626,1673141.25870371
2094,0.0,0.0,0.0,0.0,0.0,0.0,p827534,PQ,1.0,1.0,1.0,7199.557856794634,1000000.0,0.95,1.05,0,0,a,False,False,False,12265169.9204146,1673168.12027173
2095,0.0,0.0,0.0,0.0,0.0,0.0,m1069130,PQ,1.0,1.0,1.0,7199.557856794634,1000000.0,0.95,1.05,0,0,a,False,False,False,12265164.1532466,1673183.31643175
2096,0.008869897388330541,0.0022228639032056707,0.0,0.0,0.0,0.0,l3085396,PQ,1.0,1.0,1.0,7199.557856794634,1000000.0,0.95,1.05,0,0,a,False,True,False,12265072.4315185,1673424.98043197
2097,0.0053199384550449745,0.0013332171782044699,0.0,0.0,0.0,0.0,l3122813,PQ,1.0,1.0,1.0,7199.557856794634,1000000.0,0.95,1.05,0,0,a,False,True,False,12264780.1983022,1674108.81172861
2098,0.0,0.0,0.0,0.0,0.0,0.0,m1069133,PQ,1.0,1.0,1.0,7199.557856794634,1000000.0,0.95,1.05,0,0,a,False,False,False,12265202.7826226,1673147.76724771
2099,0.00886989738948018,0.002222863904913519,0.0,0.0,0.0,0.0,l2710521,PQ,1.0,1.0,1.0,7199.557856794634,1000000.0,0.95,1.05,0,0,a,False,True,False,12265260.1102387,1673164.22907173
2100,0.0,0.0,0.0,0.0,0.0,0.0,r18242,PQ,1.0,1.0,1.0,7199.557856794634,1000000.0,0.95,1.05,0,0,abc,False,False,False,12265257.6485427,1672458.68078307
2101,0.008869897274137426,0.002222863759205388,0.0,0.0,0.0,0.0,l3254218,PQ,1.0,1.0,1.0,7199.557856794634,1000000.0,0.95,1.05,0,0,abc,False,True,False,12265166.1111346,1672374.68820699
2102,0.00886989719464488,0.0022228636579976636,0.0,0.0,0.0,0.0,l2860490,PQ,1.0,1.0,1.0,7199.557856794634,1000000.0,0.95,1.05,0,0,abc,False,True,False,12264992.4202544,1672218.17185485
2103,0.0,0.0,0.0,0.0,0.01017004244701499,0.002549020193137783,l3104134,PQ,1.0,1.0,1.0,7199.557856794634,1000000.0,0.95,1.05,0,0,abc,False,True,False,12264837.2310063,1672079.87860672
2104,0.0,0.0,0.0,0.0,0.0,0.0,m1047346,PQ,1.0,1.0,1.0,7199.557856794634,1000000.0,0.95,1.05,0,0,abc,False,False,False,12264735.5887662,1671966.14907061
2105,0.0,0.0,0.0,0.0,0.0,0.0,m1047345,PQ,1.0,1.0,1.0,7199.557856794634,1000000.0,0.95,1.05,0,0,abc,False,False,False,12264646.3819821,1671856.24110251
2106,0.005319938208887925,0.0013332168616791385,0.0,0.0,0.0,0.0,l2991922,PQ,1.0,1.0,1.0,7199.557856794634,1000000.0,0.95,1.05,0,0,abc,False,True,False,12264532.099486,1671718.18132638
2107,0.0,0.0,0.0,0.0,0.0,0.0,m1047339,PQ,1.0,1.0,1.0,7199.557856794634,1000000.0,0.95,1.05,0,0,abc,False,False,False,12264379.6013099,1671536.88827021
2108,0.0,0.0,0.0,0.0,0.0,0.0,p895104,PQ,1.0,1.0,1.0,7199.557856794634,1000000.0,0.95,1.05,0,0,a,False,False,False,12264403.8864939,1671529.47041421
2109,0.0,0.0,0.0,0.0,0.0,0.0,n1139537,PQ,1.0,1.0,1.0,7199.557856794634,1000000.0,0.95,1.05,0,0,a,False,False,False,12264448.5410859,1671515.83483019
2110,0.008869896901197624,0.0022228632724750675,0.0,0.0,0.0,0.0,l3122826,PQ,1.0,1.0,1.0,7199.557856794634,1000000.0,0.95,1.05,0,0,a,False,True,False,12264777.0198062,1671415.5196941
2111,0.0,0.0,0.0,0.0,0.0,0.0,m1047358,PQ,1.0,1.0,1.0,7199.557856794634,1000000.0,0.95,1.05,0,0,a,False,False,False,12265116.1604146,1671441.54158213
2112,0.0035499587362723805,0.0008896464695216353,0.0,0.0,0.0,0.0,l2729411,PQ,1.0,1.0,1.0,7199.557856794634,1000000.0,0.95,1.05,0,0,a,False,True,False,12265378.9106228,1671619.57012629
2113,0.0035499587362844607,0.0008896464695395764,0.0,0.0,0.0,0.0,l2897781,PQ,1.0,1.0,1.0,7199.557856794634,1000000.0,0.95,1.05,0,0,a,False,True,False,12265414.3615028,1671430.67899012
2114,0.005319938162734703,0.0013332167997005036,0.0,0.0,0.0,0.0,l3197644,PQ,1.0,1.0,1.0,7199.557856794634,1000000.0,0.95,1.05,0,0,a,False,True,False,12265059.2915505,1671477.65191816
2115,0.0035499587080092725,0.0008896464326930045,0.01459011807946029,0.003656655045010153,0.0,0.0,l2860491,PQ,1.0,1.0,1.0,7199.557856794634,1000000.0,0.95,1.05,0,0,abc,False,True,False,12264185.5287337,1671346.44065404
2116,0.0,0.0,0.0,0.0,0.0,0.0,d5926308-3_int,PQ,1.0,1.0,1.0,7199.557856794634,1000000.0,0.95,1.05,0,0,abc,False,False,False,12264022.3119015,1671194.02849389
2117,0.0,0.0,0.0,0.0,0.0,0.0,q14412,PQ,1.0,1.0,1.0,7199.557856794634,1000000.0,0.95,1.05,0,0,abc,False,False,False,12264023.3119015,1671194.02849389
2118,0.0,0.0,0.0,0.0,0.0,0.0,m1047325,PQ,1.0,1.0,1.0,7199.557856794634,1000000.0,0.95,1.05,0,0,abc,False,False,False,12264021.3119015,1671194.02849389
2119,0.0,0.0,0.0,0.0,0.0,0.0,m1047324,PQ,1.0,1.0,1.0,7199.557856794634,1000000.0,0.95,1.05,0,0,abc,False,False,False,12264000.0004135,1671172.72929387
2120,0.0,0.0,0.009730078917233376,0.002438605408830688,0.0,0.0,l2897780,PQ,1.0,1.0,1.0,7199.557856794634,1000000.0,0.95,1.05,0,0,abc,False,True,False,12263788.5198373,1670954.62958167
2121,0.0,0.0,0.0019500158243136924,0.0004887234985911104,0.0,0.0,l3235255,PQ,1.0,1.0,1.0,7199.557856794634,1000000.0,0.95,1.05,0,0,abc,False,True,False,12263685.7511972,1670855.26062158
2122,0.0,0.0,0.0,0.0,0.0,0.0,m1047316,PQ,1.0,1.0,1.0,7199.557856794634,1000000.0,0.95,1.05,0,0,abc,False,False,False,12263567.7290531,1670735.69018947
2123,0.0035499586057493667,0.0008896463014698982,0.003890031592683383,0.0009749409630387611,0.004070016971926673,0.0010201095733673984,l3216370,PQ,1.0,1.0,1.0,7199.557856794634,1000000.0,0.95,1.05,0,0,abc,False,True,False,12263533.0400291,1670702.20129344
2124,0.0,0.0,0.0,0.0,0.0,0.0,m1047312,PQ,1.0,1.0,1.0,7199.557856794634,1000000.0,0.95,1.05,0,0,abc,False,False,False,12263309.3083169,1670458.30087721
2125,0.0,0.0,0.0,0.0,0.0,0.0,p893163,PQ,1.0,1.0,1.0,7199.557856794634,1000000.0,0.95,1.05,0,0,a,False,False,False,12263319.6097569,1670449.4248452
2126,0.0,0.0,0.0,0.0,0.0,0.0,m1047314,PQ,1.0,1.0,1.0,7199.557856794634,1000000.0,0.95,1.05,0,0,a,False,False,False,12263329.3705249,1670441.01985319
2127,0.0,0.0,0.0,0.0,0.0,0.0,m1047311,PQ,1.0,1.0,1.0,7199.557856794634,1000000.0,0.95,1.05,0,0,a,False,False,False,12263296.2215969,1670473.57895722
2128,0.005319937915854534,0.0013332164817359995,0.0,0.0,0.0,0.0,l2748158,PQ,1.0,1.0,1.0,7199.557856794634,1000000.0,0.95,1.05,0,0,a,False,True,False,12263273.7591328,1670499.76878125
2129,0.0,0.0,0.0,0.0,0.0,0.0,n1137961,PQ,1.0,1.0,1.0,7199.557856794634,1000000.0,0.95,1.05,0,0,a,False,False,False,12263377.3060129,1670399.54785315
2130,0.00886989647492731,0.0022228627205895645,0.0,0.0,0.0,0.0,l3104133,PQ,1.0,1.0,1.0,7199.557856794634,1000000.0,0.95,1.05,0,0,a,False,True,False,12263682.8880932,1670135.15924491
2131,0.0,0.0,0.0,0.0,0.0,0.0,m1047323,PQ,1.0,1.0,1.0,7199.557856794634,1000000.0,0.95,1.05,0,0,a,False,False,False,12264000.0004135,1669861.73076465
2132,0.013299844751333759,0.003333040147521564,0.0,0.0,0.0,0.0,l3010569,PQ,1.0,1.0,1.0,7199.557856794634,1000000.0,0.95,1.05,0,0,a,False,True,False,12264099.6601896,1669775.76801257
2133,0.0,0.0,0.0,0.0,0.0,0.0,m1047335,PQ,1.0,1.0,1.0,7199.557856794634,1000000.0,0.95,1.05,0,0,a,False,False,False,12264237.2202537,1669670.73838048
2134,0.0035499585591626907,0.0008896462389866036,0.0,0.0,0.0,0.0,l2710519,PQ,1.0,1.0,1.0,7199.557856794634,1000000.0,0.95,1.05,0,0,a,False,True,False,12264479.191454,1669529.93018835
2135,0.0,0.0,0.0,0.0,0.0,0.0,m1047344,PQ,1.0,1.0,1.0,7199.557856794634,1000000.0,0.95,1.05,0,0,a,False,False,False,12264597.4798381,1669417.88001224
2136,0.0035499585584852964,0.0008896462379810299,0.0,0.0,0.0,0.0,l3029499,PQ,1.0,1.0,1.0,7199.557856794634,1000000.0,0.95,1.05,0,0,a,False,True,False,12264762.0694062,1669233.74842807
2137,0.005319937896000351,0.001333216452264107,0.0,0.0,0.0,0.0,l2897772,PQ,1.0,1.0,1.0,7199.557856794634,1000000.0,0.95,1.05,0,0,a,False,True,False,12264828.1993263,1669385.57895621
2138,0.0,0.0,0.0,0.0,0.0,0.0,l3101814,PQ,1.0,1.0,1.0,7199.557856794634,1000000.0,0.95,1.05,0,0,a,False,False,False,12265005.3062705,1669331.47079616
2139,0.008869896454240606,0.0022228626898813802,0.0,0.0,0.0,0.0,l3066819,PQ,1.0,1.0,1.0,7199.557856794634,1000000.0,0.95,1.05,0,0,a,False,True,False,12264515.760542,1669252.06983609
2140,0.008869896457400672,0.0022228626945723826,0.0,0.0,0.0,0.0,l2954354,PQ,1.0,1.0,1.0,7199.557856794634,1000000.0,0.95,1.05,0,0,a,False,True,False,12264362.7790379,1669819.75905261
2141,0.008869896456645822,0.002222862693451827,0.0,0.0,0.0,0.0,l2673321,PQ,1.0,1.0,1.0,7199.557856794634,1000000.0,0.95,1.05,0,0,a,False,True,False,12264550.28163,1669792.88929259
2142,0.0,0.0,0.0,0.0,0.0,0.0,n1137960,PQ,1.0,1.0,1.0,7199.557856794634,1000000.0,0.95,1.05,0,0,abc,False,False,False,12263275.9914528,1670421.33038118
2143,0.0,0.0,0.0,0.0,0.0,0.0,m1047309,PQ,1.0,1.0,1.0,7199.557856794634,1000000.0,0.95,1.05,0,0,abc,False,False,False,12263220.7487008,1670360.02964512
2144,0.0,0.0,0.0,0.0,0.0,0.0,d6049825-1_int,PQ,1.0,1.0,1.0,7199.557856794634,1000000.0,0.95,1.05,0,0,abc,False,False,False,12263211.1810208,1670349.38823711
2145,0.0,0.0,0.0,0.0,0.0,0.0,e182748,PQ,1.0,1.0,1.0,7199.557856794634,1000000.0,0.95,1.05,0,0,abc,False,False,False,12263210.1810208,1670349.38823711
2146,0.0,0.0,0.0,0.0,0.010170042407130594,0.0025490210481238056,l2673346,PQ,1.0,1.0,1.0,7199.557856794634,1000000.0,0.95,1.05,0,0,abc,False,True,False,12263062.3399966,1670200.46996497
2147,0.0,0.0,0.009730079305800159,0.0024386054930336343,0.0,0.0,l3254238,PQ,1.0,1.0,1.0,7199.557856794634,1000000.0,0.95,1.05,0,0,abc,False,True,False,12262766.2196764,1669897.25946869
2148,0.0,0.0,0.0,0.0,0.0,0.0,m1047303,PQ,1.0,1.0,1.0,7199.557856794634,1000000.0,0.95,1.05,0,0,abc,False,False,False,12262537.7611802,1669665.00807647
2149,0.005319937759247389,0.0013332162820499024,0.0,0.0,0.0,0.0,l3027116,PQ,1.0,1.0,1.0,7199.557856794634,1000000.0,0.95,1.05,0,0,abc,False,True,False,12262370.689436,1669497.05978831
2150,0.0,0.0,0.0,0.0,0.0,0.0,m1047300,PQ,1.0,1.0,1.0,7199.557856794634,1000000.0,0.95,1.05,0,0,abc,False,False,False,12262215.3609239,1669332.88801216
2151,0.0,0.0,0.0,0.0,0.0,0.0,m1047299,PQ,1.0,1.0,1.0,7199.557856794634,1000000.0,0.95,1.05,0,0,abc,False,False,False,12262068.8797717,1669187.75034803
2152,0.0,0.0,0.0,0.0,0.01017004236367371,0.0025490213550711676,l3104157,PQ,1.0,1.0,1.0,7199.557856794634,1000000.0,0.95,1.05,0,0,c,False,True,False,12262249.4601239,1669184.55956402
2153,0.0,0.0,0.0,0.0,0.0,0.0,l3139121,PQ,1.0,1.0,1.0,7199.557856794634,1000000.0,0.95,1.05,0,0,abc,False,False,False,12261975.1591956,1669073.71770792
2154,0.008869896100943424,0.002222862211289328,0.0,0.0,0.0,0.0,l2763153,PQ,1.0,1.0,1.0,7199.557856794634,1000000.0,0.95,1.05,0,0,abc,False,True,False,12261838.0414995,1668869.35597973
2155,0.0,0.0,0.0,0.0,0.0,0.0,m1047293,PQ,1.0,1.0,1.0,7199.557856794634,1000000.0,0.95,1.05,0,0,abc,False,False,False,12261737.3085714,1668746.82823562
2156,0.0,0.0,0.0,0.0,0.0,0.0,m1047292,PQ,1.0,1.0,1.0,7199.557856794634,1000000.0,0.95,1.05,0,0,abc,False,False,False,12261694.4889874,1668696.70138757
2157,0.0,0.0,0.0,0.0,0.015260063507963356,0.0038247862616964455,l2766750,PQ,1.0,1.0,1.0,7199.557856794634,1000000.0,0.95,1.05,0,0,c,False,True,False,12261808.2881555,1668543.26113143
2158,0.0,0.0,0.009730079703773294,0.0024386056671279613,0.0,0.0,l2691954,PQ,1.0,1.0,1.0,7199.557856794634,1000000.0,0.95,1.05,0,0,abc,False,True,False,12261521.4288912,1668463.13108335
2159,0.0,0.0,0.005840047862877533,0.001463664621236781,0.0,0.0,l3122849,PQ,1.0,1.0,1.0,7199.557856794634,1000000.0,0.95,1.05,0,0,abc,False,True,False,12261398.9298191,1668291.75853919
2160,0.0,0.0,0.0,0.0,0.0,0.0,m1026357,PQ,1.0,1.0,1.0,7199.557856794634,1000000.0,0.95,1.05,0,0,abc,False,False,False,12261226.4103949,1668077.61965899
2161,0.0,0.0,0.0,0.0,0.006100025352910648,0.0015289116942614946,l3178997,PQ,1.0,1.0,1.0,7199.557856794634,1000000.0,0.95,1.05,0,0,c,False,True,False,12261415.8913551,1668046.94881096
2162,0.0,0.0,0.0,0.0,0.0,0.0,m1026363,PQ,1.0,1.0,1.0,7199.557856794634,1000000.0,0.95,1.05,0,0,c,False,False,False,12261513.2491792,1668000.00045892
2163,0.0,0.0,0.0,0.0,0.010170042273247934,0.002549021556168602,l2897779,PQ,1.0,1.0,1.0,7199.557856794634,1000000.0,0.95,1.05,0,0,c,False,True,False,12261777.6009234,1667872.7295468
2164,0.0,0.0,0.0,0.0,0.00610002535680695,0.0015289117001674902,l2804261,PQ,1.0,1.0,1.0,7199.557856794634,1000000.0,0.95,1.05,0,0,c,False,True,False,12262088.4299797,1667811.58036274
2165,0.0,0.0,0.0,0.0,0.006100025357397324,0.001528911701062384,l3178980,PQ,1.0,1.0,1.0,7199.557856794634,1000000.0,0.95,1.05,0,0,c,False,True,False,12262407.418268,1667819.30132275
2166,0.0,0.0,0.0,0.0,0.0,0.0,m1026356,PQ,1.0,1.0,1.0,7199.557856794634,1000000.0,0.95,1.05,0,0,abc,False,False,False,12261168.0792589,1668000.00045892
2167,0.0,0.0,0.0,0.0,0.0,0.0,m1026354,PQ,1.0,1.0,1.0,7199.557856794634,1000000.0,0.95,1.05,0,0,abc,False,False,False,12261094.4290828,1667896.40033082
2168,0.0,0.0,0.00973007987997237,0.00243860577209839,0.0,0.0,l3235275,PQ,1.0,1.0,1.0,7199.557856794634,1000000.0,0.95,1.05,0,0,abc,False,True,False,12260947.0140427,1667712.50221865
2169,0.0,0.0,0.0,0.0,0.0,0.0,m1026347,PQ,1.0,1.0,1.0,7199.557856794634,1000000.0,0.95,1.05,0,0,abc,False,False,False,12260775.1581705,1667488.84013844
2170,0.0,0.0,0.0,0.0,0.0,0.0,n1145956,PQ,1.0,1.0,1.0,7199.557856794634,1000000.0,0.95,1.05,0,0,a,False,False,False,12260758.3399945,1667517.51623447
2171,0.00886989587547522,0.002222861814049434,0.0,0.0,0.0,0.0,l2729412,PQ,1.0,1.0,1.0,7199.557856794634,1000000.0,0.95,1.05,0,0,a,False,True,False,12260693.2258824,1667628.53421857
2172,0.0,0.0,0.0,0.0,0.0,0.0,m1026341,PQ,1.0,1.0,1.0,7199.557856794634,1000000.0,0.95,1.05,0,0,abc,False,False,False,12260653.7486344,1667373.95143434
2173,0.0,0.0,0.005840048004981061,0.0014636647189918174,0.0,0.0,l2973162,PQ,1.0,1.0,1.0,7199.557856794634,1000000.0,0.95,1.05,0,0,abc,False,True,False,12260500.2387463,1667209.50932218
2174,0.0,0.0,0.0,0.0,0.0,0.0,m1026333,PQ,1.0,1.0,1.0,7199.557856794634,1000000.0,0.95,1.05,0,0,abc,False,False,False,12260380.9017861,1667082.36129007
2175,0.0,0.0,0.0,0.0,0.0,0.0,m1026331,PQ,1.0,1.0,1.0,7199.557856794634,1000000.0,0.95,1.05,0,0,abc,False,False,False,12260276.83881,1666972.51066596
2176,0.0,0.0,0.0,0.0,0.0,0.0,m1026330,PQ,1.0,1.0,1.0,7199.557856794634,1000000.0,0.95,1.05,0,0,abc,False,False,False,12260148.7609859,1666837.30989784
2177,0.0,0.0,0.005840048032712695,0.0014636647573826244,0.0,0.0,l2766726,PQ,1.0,1.0,1.0,7199.557856794634,1000000.0,0.95,1.05,0,0,b,False,True,False,12260163.1420419,1666934.97082593
2178,0.0,0.0,0.0,0.0,0.0,0.0,m1026329,PQ,1.0,1.0,1.0,7199.557856794634,1000000.0,0.95,1.05,0,0,abc,False,False,False,12260066.6157059,1666752.17453776
2179,0.0,0.0,0.0,0.0,0.0,0.0,m1026328,PQ,1.0,1.0,1.0,7199.557856794634,1000000.0,0.95,1.05,0,0,abc,False,False,False,12259988.9309698,1666671.36045768
2180,0.0,0.0,0.0,0.0,0.0,0.0,d6140778-1_int,PQ,1.0,1.0,1.0,7199.557856794634,1000000.0,0.95,1.05,0,0,b,False,False,False,12259979.3182338,1666660.03911367
2181,0.0,0.0,0.0,0.0,0.0,0.0,e182731,PQ,1.0,1.0,1.0,7199.557856794634,1000000.0,0.95,1.05,0,0,b,False,False,False,12259978.3182338,1666660.03911367
2182,0.0,0.0,0.0,0.0,0.0,0.0,m1026327,PQ,1.0,1.0,1.0,7199.557856794634,1000000.0,0.95,1.05,0,0,b,False,False,False,12259881.4396417,1666556.70112958
2183,0.0,0.0,0.009730080059466337,0.0024386059619878313,0.0,0.0,l3197643,PQ,1.0,1.0,1.0,7199.557856794634,1000000.0,0.95,1.05,0,0,b,False,True,False,12260427.6781062,1665925.52800899
2184,0.0,0.0,0.0,0.0,0.0,0.0,m1026339,PQ,1.0,1.0,1.0,7199.557856794634,1000000.0,0.95,1.05,0,0,b,False,False,False,12260530.4016903,1665840.11002491
2185,0.0,0.0,0.005840048052521713,0.0014636647855562292,0.0,0.0,l2766727,PQ,1.0,1.0,1.0,7199.557856794634,1000000.0,0.95,1.05,0,0,b,False,True,False,12260757.7993225,1665771.48973684
2186,0.0,0.0,0.009730080060374206,0.0024386059633082734,0.0,0.0,l3029507,PQ,1.0,1.0,1.0,7199.557856794634,1000000.0,0.95,1.05,0,0,b,False,True,False,12260675.3714184,1666090.99821714
2187,0.0,0.0,0.00584004805810996,0.0014636647936761788,0.0,0.0,l2841636,PQ,1.0,1.0,1.0,7199.557856794634,1000000.0,0.95,1.05,0,0,b,False,True,False,12259640.7300095,1666311.51047335
2188,0.0,0.0,0.0,0.0,0.0,0.0,m1026324,PQ,1.0,1.0,1.0,7199.557856794634,1000000.0,0.95,1.05,0,0,b,False,False,False,12259520.7704573,1666191.35021724
2189,0.0,0.0,0.0,0.0,0.0,0.0,m1026323,PQ,1.0,1.0,1.0,7199.557856794634,1000000.0,0.95,1.05,0,0,b,False,False,False,12259397.4112252,1666056.98093711
2190,0.0,0.0,0.0,0.0,0.0,0.0,m1026320,PQ,1.0,1.0,1.0,7199.557856794634,1000000.0,0.95,1.05,0,0,b,False,False,False,12259127.488921,1665780.57056885
2191,0.0,0.0,0.009730080107175425,0.002438606031338467,0.0,0.0,l3104130,PQ,1.0,1.0,1.0,7199.557856794634,1000000.0,0.95,1.05,0,0,b,False,True,False,12258961.3387768,1665606.01952869
2192,0.0,0.0,0.009730080116130965,0.002438606044359344,0.0,0.0,l2763072,PQ,1.0,1.0,1.0,7199.557856794634,1000000.0,0.95,1.05,0,0,b,False,True,False,12258785.6080887,1665426.63111252
2193,0.0,0.0,0.0,0.0,0.0,0.0,m4118754,PQ,1.0,1.0,1.0,7199.557856794634,1000000.0,0.95,1.05,0,0,b,False,False,False,12258616.7382005,1665257.40077637
2194,0.0,0.0,0.0,0.0,0.0,0.0,m1026312,PQ,1.0,1.0,1.0,7199.557856794634,1000000.0,0.95,1.05,0,0,b,False,False,False,12258310.4106482,1664935.63949607
2195,0.0,0.0,0.0038900320416098673,0.0009749412268289382,0.0,0.0,l2973163,PQ,1.0,1.0,1.0,7199.557856794634,1000000.0,0.95,1.05,0,0,b,False,True,False,12258187.8091761,1664810.08890395
2196,0.0,0.0,0.0,0.0,0.0,0.0,m1026309,PQ,1.0,1.0,1.0,7199.557856794634,1000000.0,0.95,1.05,0,0,b,False,False,False,12257990.5785839,1664608.86061576
2197,0.0,0.0,0.009730080155840232,0.002438606102104355,0.0,0.0,l2804260,PQ,1.0,1.0,1.0,7199.557856794634,1000000.0,0.95,1.05,0,0,b,False,True,False,12258553.9588084,1664209.86925539
2198,0.0,0.0,0.009730080194752517,0.002438606158705098,0.0,0.0,l2860488,PQ,1.0,1.0,1.0,7199.557856794634,1000000.0,0.95,1.05,0,0,b,False,True,False,12257487.1187434,1663444.20807068
2199,0.0,0.0,0.0,0.0,0.0,0.0,m1026308,PQ,1.0,1.0,1.0,7199.557856794634,1000000.0,0.95,1.05,0,0,b,False,False,False,12257432.0889834,1663277.32883852
2200,0.0,0.0,0.00973008020005011,0.0024386061664121864,0.0,0.0,l2991918,PQ,1.0,1.0,1.0,7199.557856794634,1000000.0,0.95,1.05,0,0,b,False,True,False,12257489.3182955,1663254.6083265
2201,0.0,0.0,0.009730080200566813,0.0024386061671639995,0.0,0.0,l2897764,PQ,1.0,1.0,1.0,7199.557856794634,1000000.0,0.95,1.05,0,0,b,False,True,False,12257094.6318311,1663358.5811906
2202,0.0,0.0,0.009730080207985091,0.0024386061779565794,0.0,0.0,l2991902,PQ,1.0,1.0,1.0,7199.557856794634,1000000.0,0.95,1.05,0,0,b,False,True,False,12257352.6101993,1662976.92819824
2203,0.0,0.0,0.0,0.0,0.0,0.0,m1008758,PQ,1.0,1.0,1.0,7199.557856794634,1000000.0,0.95,1.05,0,0,b,False,False,False,12257295.4996713,1662687.43110997
2204,0.0,0.0,0.009730080222131137,0.0024386061985387326,0.0,0.0,l2710537,PQ,1.0,1.0,1.0,7199.557856794634,1000000.0,0.95,1.05,0,0,b,False,True,False,12257085.5305191,1662355.74931766
2205,0.0,0.0,0.0,0.0,0.0,0.0,m1008752,PQ,1.0,1.0,1.0,7199.557856794634,1000000.0,0.95,1.05,0,0,b,False,False,False,12256954.470807,1662120.38086944
2206,0.0,0.0,0.0,0.0,0.0,0.0,m1008746,PQ,1.0,1.0,1.0,7199.557856794634,1000000.0,0.95,1.05,0,0,b,False,False,False,12256853.1316709,1661880.67885322
2207,0.0,0.0,0.0,0.0,0.0,0.0,m1008743,PQ,1.0,1.0,1.0,7199.557856794634,1000000.0,0.95,1.05,0,0,b,False,False,False,12256801.2312548,1661631.74854899
2208,0.0,0.0,0.0038900320762023893,0.0009749412771512363,0.0,0.0,l3104115,PQ,1.0,1.0,1.0,7199.557856794634,1000000.0,0.95,1.05,0,0,b,False,True,False,12256585.6915426,1661651.31923701
2209,0.0,0.0,0.0,0.0,0.0,0.0,m1008742,PQ,1.0,1.0,1.0,7199.557856794634,1000000.0,0.95,1.05,0,0,b,False,False,False,12256769.6510948,1661363.50150874
2210,0.0,0.0,0.009730080233464451,0.002438606215029775,0.0,0.0,l2804247,PQ,1.0,1.0,1.0,7199.557856794634,1000000.0,0.95,1.05,0,0,b,False,True,False,12257105.8589671,1661320.6000047
2211,0.0,0.0,0.005840048156360968,0.001463664936567311,0.0,0.0,l3029495,PQ,1.0,1.0,1.0,7199.557856794634,1000000.0,0.95,1.05,0,0,b,False,True,False,12256762.2414308,1661272.57850065
2212,0.0,0.0,0.0,0.0,0.0,0.0,d5565090-1_int,PQ,1.0,1.0,1.0,7199.557856794634,1000000.0,0.95,1.05,0,0,b,False,False,False,12256742.5156708,1661104.7326125
2213,0.0,0.0,0.0,0.0,0.0,0.0,e182744,PQ,1.0,1.0,1.0,7199.557856794634,1000000.0,0.95,1.05,0,0,b,False,False,False,12256741.5156708,1661104.7326125
2214,0.0,0.0,0.009730080233873017,0.002438606215559546,0.0,0.0,l2801895,PQ,1.0,1.0,1.0,7199.557856794634,1000000.0,0.95,1.05,0,0,b,False,True,False,12256840.7003108,1661004.79430841
2215,0.0,0.0,0.009730080231378635,0.0024386062119946044,0.0,0.0,l2954339,PQ,1.0,1.0,1.0,7199.557856794634,1000000.0,0.95,1.05,0,0,b,False,True,False,12256750.5883108,1661965.6585653
2216,0.0,0.0,0.0038900320766411204,0.0009749412777896477,0.0,0.0,l3048200,PQ,1.0,1.0,1.0,7199.557856794634,1000000.0,0.95,1.05,0,0,b,False,True,False,12256746.6315748,1662171.49075749
2217,0.0,0.0,0.0,0.0,0.0,0.0,m1008733,PQ,1.0,1.0,1.0,7199.557856794634,1000000.0,0.95,1.05,0,0,b,False,False,False,12256542.0609506,1662232.02963755
2218,0.0,0.0,0.014590120310417289,0.0036566563050189987,0.0,0.0,l3225319,PQ,1.0,1.0,1.0,7199.557856794634,1000000.0,0.95,1.05,0,0,b,False,True,False,12256497.0663905,1662230.70662955
2219,0.0,0.0,0.009730080234735247,0.002438606216878958,0.0,0.0,l3048201,PQ,1.0,1.0,1.0,7199.557856794634,1000000.0,0.95,1.05,0,0,b,False,True,False,12256329.6915424,1662225.79142954
2220,0.0,0.0,0.009730080234721465,0.0024386062168589013,0.0,0.0,l3216339,PQ,1.0,1.0,1.0,7199.557856794634,1000000.0,0.95,1.05,0,0,b,False,True,False,12256617.7099746,1662493.66163779
2221,0.0,0.0,0.009730080226652579,0.0024386062051177065,0.0,0.0,l3085389,PQ,1.0,1.0,1.0,7199.557856794634,1000000.0,0.95,1.05,0,0,b,False,True,False,12256929.5302629,1662216.12896553
2222,0.0,0.0,0.009730080215679202,0.0024386061891512015,0.0,0.0,l2673300,PQ,1.0,1.0,1.0,7199.557856794634,1000000.0,0.95,1.05,0,0,b,False,True,False,12257194.3202792,1662629.75942992
2223,0.0,0.0,0.0,0.0,0.0,0.0,m1008753,PQ,1.0,1.0,1.0,7199.557856794634,1000000.0,0.95,1.05,0,0,b,False,False,False,12257034.019223,1662633.17139792
2224,0.0,0.0,0.009730080216597999,0.0024386061904881325,0.0,0.0,l3141390,PQ,1.0,1.0,1.0,7199.557856794634,1000000.0,0.95,1.05,0,0,b,False,True,False,12256762.1390308,1662711.970246
2225,0.0,0.0,0.0,0.0,0.0,0.0,m1026307,PQ,1.0,1.0,1.0,7199.557856794634,1000000.0,0.95,1.05,0,0,b,False,False,False,12256493.4045665,1663235.35712648
2226,0.0,0.0,0.0038900320703450547,0.0009749412686285493,0.0,0.0,l3085388,PQ,1.0,1.0,1.0,7199.557856794634,1000000.0,0.95,1.05,0,0,b,False,True,False,12256335.7208544,1663614.61805484
2227,0.0,0.0,0.009730080215356662,0.002438606188681888,0.0,0.0,l2822859,PQ,1.0,1.0,1.0,7199.557856794634,1000000.0,0.95,1.05,0,0,b,False,True,False,12257433.3915114,1662736.28819802
2228,0.0,0.0,0.005840048075495427,0.0014636648189495364,0.0,0.0,l2879079,PQ,1.0,1.0,1.0,7199.557856794634,1000000.0,0.95,1.05,0,0,b,False,True,False,12259341.7998332,1665728.0516568
2229,0.0,0.0,0.003890032016880714,0.0009749411908733302,0.0,0.0,l2991917,PQ,1.0,1.0,1.0,7199.557856794634,1000000.0,0.95,1.05,0,0,b,False,True,False,12259270.2386171,1666122.95930517
2230,0.0,0.0,0.009730080055779664,0.0024386059566258852,0.0,0.0,l3122823,PQ,1.0,1.0,1.0,7199.557856794634,1000000.0,0.95,1.05,0,0,b,False,True,False,12259812.5981696,1666661.98061767
2231,0.005319937534518613,0.0013332158783959532,0.0,0.0,0.0,0.0,l3104135,PQ,1.0,1.0,1.0,7199.557856794634,1000000.0,0.95,1.05,0,0,a,False,True,False,12259867.3207297,1666975.35738597
2232,0.0,0.0,0.0058400480328797836,0.0014636647576256236,0.0,0.0,l2785526,PQ,1.0,1.0,1.0,7199.557856794634,1000000.0,0.95,1.05,0,0,b,False,True,False,12260455.3383942,1666655.97997767
2233,0.0,0.0,0.0,0.0,0.006100025277871351,0.0015289117407236844,l3214055,PQ,1.0,1.0,1.0,7199.557856794634,1000000.0,0.95,1.05,0,0,c,False,True,False,12260448.5308422,1666869.95092187
2234,0.0,0.0,0.0,0.0,0.0,0.0,n1145955,PQ,1.0,1.0,1.0,7199.557856794634,1000000.0,0.95,1.05,0,0,a,False,False,False,12260386.1651461,1667127.23297011
2235,0.0,0.0,0.0,0.0,0.0,0.0,m1026335,PQ,1.0,1.0,1.0,7199.557856794634,1000000.0,0.95,1.05,0,0,a,False,False,False,12260391.3793542,1667171.65818615
2236,0.008869895851856132,0.002222861753792977,0.0,0.0,0.0,0.0,l2804259,PQ,1.0,1.0,1.0,7199.557856794634,1000000.0,0.95,1.05,0,0,a,False,True,False,12260220.371354,1667324.38983429
2237,0.0,0.0,0.0,0.0,0.0,0.0,p827531,PQ,1.0,1.0,1.0,7199.557856794634,1000000.0,0.95,1.05,0,0,a,False,False,False,12260684.0918024,1667369.74893833
2238,0.0,0.0,0.0,0.0,0.0,0.0,m1026343,PQ,1.0,1.0,1.0,7199.557856794634,1000000.0,0.95,1.05,0,0,a,False,False,False,12260704.2932744,1667367.19713033
2239,0.0,0.0,0.0,0.0,0.0,0.0,m1026344,PQ,1.0,1.0,1.0,7199.557856794634,1000000.0,0.95,1.05,0,0,a,False,False,False,12260734.9313545,1667363.35098633
2240,0.0,0.0,0.0,0.0,0.0,0.0,m1026364,PQ,1.0,1.0,1.0,7199.557856794634,1000000.0,0.95,1.05,0,0,a,False,False,False,12261536.7602192,1666951.89959394
2241,0.005319937533337397,0.001333215898934296,0.0,0.0,0.0,0.0,l3010570,PQ,1.0,1.0,1.0,7199.557856794634,1000000.0,0.95,1.05,0,0,a,False,True,False,12261651.3908753,1666792.8519138
2242,0.005319937521483364,0.001333215881352733,0.0,0.0,0.0,0.0,l2991919,PQ,1.0,1.0,1.0,7199.557856794634,1000000.0,0.95,1.05,0,0,a,False,True,False,12261158.4700429,1667350.28884232
2243,0.0,0.0,0.0,0.0,0.0,0.0,m1026361,PQ,1.0,1.0,1.0,7199.557856794634,1000000.0,0.95,1.05,0,0,a,False,False,False,12261438.2800911,1667347.24141831
2244,0.0,0.0,0.0,0.0,0.0,0.0,m1026366,PQ,1.0,1.0,1.0,7199.557856794634,1000000.0,0.95,1.05,0,0,a,False,False,False,12261667.7298193,1667340.74106631
2245,0.00531993750681667,0.0013332158595975043,0.0,0.0,0.0,0.0,l3122824,PQ,1.0,1.0,1.0,7199.557856794634,1000000.0,0.95,1.05,0,0,a,False,True,False,12261699.6990994,1667138.05050612
2246,0.005319937506829111,0.0013332158596159579,0.0,0.0,0.0,0.0,l2860489,PQ,1.0,1.0,1.0,7199.557856794634,1000000.0,0.95,1.05,0,0,a,False,True,False,12261657.7110033,1667537.04186649
2247,0.008869895794468648,0.0022228616855812285,0.0,0.0,0.0,0.0,l3104131,PQ,1.0,1.0,1.0,7199.557856794634,1000000.0,0.95,1.05,0,0,a,False,True,False,12261974.9093396,1667348.31866631
2248,0.0,0.0,0.0,0.0,0.0,0.0,m1026377,PQ,1.0,1.0,1.0,7199.557856794634,1000000.0,0.95,1.05,0,0,a,False,False,False,12262175.4290198,1667348.67911431
2249,0.013299843736563875,0.003333038603822593,0.0,0.0,0.0,0.0,l3048210,PQ,1.0,1.0,1.0,7199.557856794634,1000000.0,0.95,1.05,0,0,a,False,True,False,12262471.5206681,1667054.34874604
2250,0.0,0.0,0.0,0.0,0.0,0.0,m1026378,PQ,1.0,1.0,1.0,7199.557856794634,1000000.0,0.95,1.05,0,0,a,False,False,False,12262365.847964,1667354.38893832
2251,0.0035499582862326437,0.0008896458238780556,0.0,0.0,0.0,0.0,l2897778,PQ,1.0,1.0,1.0,7199.557856794634,1000000.0,0.95,1.05,0,0,a,False,True,False,12262660.0308763,1667363.98586633
2252,0.0,0.0,0.0,0.0,0.0,0.0,m3037452,PQ,1.0,1.0,1.0,7199.557856794634,1000000.0,0.95,1.05,0,0,a,False,False,False,12262666.5394203,1667364.19885833
2253,0.0,0.0,0.0,0.0,0.0,0.0,m1026387,PQ,1.0,1.0,1.0,7199.557856794634,1000000.0,0.95,1.05,0,0,a,False,False,False,12263025.6111646,1667489.08999444
2254,0.013299843695472676,0.003333038542868366,0.0,0.0,0.0,0.0,l3085402,PQ,1.0,1.0,1.0,7199.557856794634,1000000.0,0.95,1.05,0,0,a,False,True,False,12263233.5487008,1667718.99028266
2255,0.0,0.0,0.0,0.0,0.0,0.0,m1026394,PQ,1.0,1.0,1.0,7199.557856794634,1000000.0,0.95,1.05,0,0,a,False,False,False,12263268.7087648,1667751.88116269
2256,0.0,0.0,0.0,0.0,0.0,0.0,m1026393,PQ,1.0,1.0,1.0,7199.557856794634,1000000.0,0.95,1.05,0,0,a,False,False,False,12263268.6104608,1667609.90151456
2257,0.008869895754071959,0.0022228616256568753,0.0,0.0,0.0,0.0,l2804252,PQ,1.0,1.0,1.0,7199.557856794634,1000000.0,0.95,1.05,0,0,a,False,True,False,12263268.5899808,1667522.43143448
2258,0.00886989575324975,0.002222861624437145,0.0,0.0,0.0,0.0,l3195310,PQ,1.0,1.0,1.0,7199.557856794634,1000000.0,0.95,1.05,0,0,a,False,True,False,12263268.8398368,1667317.04161028
2259,0.008869895753072374,0.0022228616241740198,0.0,0.0,0.0,0.0,l2935559,PQ,1.0,1.0,1.0,7199.557856794634,1000000.0,0.95,1.05,0,0,a,False,True,False,12263480.537501,1667622.79162657
2260,0.008869895752575001,0.0022228616234361825,0.0,0.0,0.0,0.0,l3048214,PQ,1.0,1.0,1.0,7199.557856794634,1000000.0,0.95,1.05,0,0,a,False,True,False,12263563.9402531,1667533.56026649
2261,0.005319937481953504,0.0013332158227163464,0.0,0.0,0.0,0.0,l3104132,PQ,1.0,1.0,1.0,7199.557856794634,1000000.0,0.95,1.05,0,0,a,False,True,False,12263080.5508127,1667715.00897065
2262,0.0035499582860145287,0.0008896458235544898,0.0,0.0,0.0,0.0,l2973164,PQ,1.0,1.0,1.0,7199.557856794634,1000000.0,0.95,1.05,0,0,a,False,True,False,12262647.3087003,1667597.83060255
2263,0.013299843781603872,0.003333038670632239,0.0,0.0,0.0,0.0,l3122825,PQ,1.0,1.0,1.0,7199.557856794634,1000000.0,0.95,1.05,0,0,a,False,True,False,12261468.8198672,1667399.57191436
2264,0.005319937512360185,0.0013332158678201666,0.0,0.0,0.0,0.0,l2991920,PQ,1.0,1.0,1.0,7199.557856794634,1000000.0,0.95,1.05,0,0,a,False,True,False,12261426.3197711,1667594.68897054
2265,0.008869895853566402,0.002222861773239302,0.0,0.0,0.0,0.0,l2748135,PQ,1.0,1.0,1.0,7199.557856794634,1000000.0,0.95,1.05,0,0,a,False,True,False,12260581.4870023,1667372.99706634
2266,0.0,0.0,0.0,0.0,0.010170042424000927,0.002549021277637285,l3048230,PQ,1.0,1.0,1.0,7199.557856794634,1000000.0,0.95,1.05,0,0,c,False,True,False,12263342.6210849,1669209.04135605
2267,0.0,0.0,0.0,0.0,0.010170042428669552,0.0025490212847107305,l2991943,PQ,1.0,1.0,1.0,7199.557856794634,1000000.0,0.95,1.05,0,0,c,False,True,False,12263545.0904611,1669106.83796395
2268,0.0,0.0,0.0,0.0,0.0,0.0,m1047319,PQ,1.0,1.0,1.0,7199.557856794634,1000000.0,0.95,1.05,0,0,c,False,False,False,12263661.5520292,1668880.86164374
2269,0.0,0.0,0.0,0.0,0.010170042433206824,0.0025490212915851877,l2991921,PQ,1.0,1.0,1.0,7199.557856794634,1000000.0,0.95,1.05,0,0,c,False,True,False,12263759.5734053,1668948.3309558
2270,0.0,0.0,0.0,0.0,0.0,0.0,m1047318,PQ,1.0,1.0,1.0,7199.557856794634,1000000.0,0.95,1.05,0,0,c,False,False,False,12263654.8919332,1668637.94017151
2271,0.0,0.0,0.0,0.0,0.010170042436332394,0.002549021296320762,l2841637,PQ,1.0,1.0,1.0,7199.557856794634,1000000.0,0.95,1.05,0,0,c,False,True,False,12263650.3986212,1668397.68929129
2272,0.0,0.0,0.0,0.0,0.010170042441611495,0.0025490213043190997,l3254205,PQ,1.0,1.0,1.0,7199.557856794634,1000000.0,0.95,1.05,0,0,c,False,True,False,12264857.1580463,1668451.49844334
2273,0.0,0.0,0.0,0.0,0.0,0.0,n1145954,PQ,1.0,1.0,1.0,7199.557856794634,1000000.0,0.95,1.05,0,0,abc,False,False,False,12262532.3216921,1669677.59098848
2274,0.0,0.0,0.0,0.0,0.0,0.0,p827580,PQ,1.0,1.0,1.0,7199.557856794634,1000000.0,0.95,1.05,0,0,abc,False,False,False,12262524.8383001,1669694.9006845
2275,0.0,0.0,0.0,0.0,0.0,0.0,d5686080-1_int,PQ,1.0,1.0,1.0,7199.557856794634,1000000.0,0.95,1.05,0,0,abc,False,False,False,12262516.7088921,1669719.14900452
2276,0.0,0.0,0.0,0.0,0.0,0.0,f739845,PQ,1.0,1.0,1.0,7199.557856794634,1000000.0,0.95,1.05,0,0,abc,False,False,False,12262514.7088921,1669719.14900452
2277,0.008869896261856271,0.002222862461784826,0.009730079384552405,0.002438605511785947,0.010170042401169466,0.0025490212447180087,293471,PQ,1.0,1.0,1.0,7199.557856794634,1000000.0,0.95,1.05,0,0,abc,False,True,False,12262515.7088921,1669719.14900452
2278,0.0,0.0,0.0,0.0,0.0,0.0,l2766728,PQ,1.0,1.0,1.0,7199.557856794634,1000000.0,0.95,1.05,0,0,c,False,False,False,12263680.5820452,1670738.43041347
2279,0.0053199379735807475,0.001333216555890994,0.0,0.0,0.0,0.0,l2785527,PQ,1.0,1.0,1.0,7199.557856794634,1000000.0,0.95,1.05,0,0,a,False,True,False,12263394.0381729,1670868.46202959
2280,0.008869896582825068,0.0022228628615222944,0.0,0.0,0.0,0.0,l2766729,PQ,1.0,1.0,1.0,7199.557856794634,1000000.0,0.95,1.05,0,0,a,False,True,False,12263207.0803488,1671014.50900573
2281,0.0,0.0,0.0,0.0,0.0,0.0,p827532,PQ,1.0,1.0,1.0,7199.557856794634,1000000.0,0.95,1.05,0,0,a,False,False,False,12264049.0418216,1671178.88148588
2282,0.0,0.0,0.0,0.0,0.0,0.0,m1047326,PQ,1.0,1.0,1.0,7199.557856794634,1000000.0,0.95,1.05,0,0,a,False,False,False,12264070.0379176,1671167.40858987
2283,0.0,0.0,0.0,0.0,0.0,0.0,m1047338,PQ,1.0,1.0,1.0,7199.557856794634,1000000.0,0.95,1.05,0,0,a,False,False,False,12264364.6509099,1671006.43988572
2284,0.005319938077353847,0.0013332166900723807,0.0,0.0,0.0,0.0,l2691953,PQ,1.0,1.0,1.0,7199.557856794634,1000000.0,0.95,1.05,0,0,a,False,True,False,12264800.3915823,1670769.8590215
2285,0.0,0.0,0.0,0.0,0.0,0.0,m1047322,PQ,1.0,1.0,1.0,7199.557856794634,1000000.0,0.95,1.05,0,0,a,False,False,False,12263966.5279015,1671187.23732589
2286,0.008869896757294944,0.0022228630873943685,0.0,0.0,0.0,0.0,l3048211,PQ,1.0,1.0,1.0,7199.557856794634,1000000.0,0.95,1.05,0,0,a,False,True,False,12263724.9335333,1671220.89825392
2287,0.0,0.0,0.0,0.0,0.0,0.0,m1047340,PQ,1.0,1.0,1.0,7199.557856794634,1000000.0,0.95,1.05,0,0,a,False,False,False,12264418.2224939,1672026.49543867
2288,0.008869897027378365,0.0022228634406904,0.0,0.0,0.0,0.0,l2991923,PQ,1.0,1.0,1.0,7199.557856794634,1000000.0,0.95,1.05,0,0,a,False,True,False,12264242.4385577,1672146.04948678
2289,0.0,0.0,0.0,0.0,0.0,0.0,m1047342,PQ,1.0,1.0,1.0,7199.557856794634,1000000.0,0.95,1.05,0,0,a,False,False,False,12264504.144286,1672335.22734296
2290,0.008869897025990277,0.0022228634386288965,0.0,0.0,0.0,0.0,l3197645,PQ,1.0,1.0,1.0,7199.557856794634,1000000.0,0.95,1.05,0,0,a,False,True,False,12264275.9847978,1672415.26727903
2291,0.0,0.0,0.0,0.0,0.010170042446046856,0.002549020254824338,l3254219,PQ,1.0,1.0,1.0,7199.557856794634,1000000.0,0.95,1.05,0,0,c,False,True,False,12264838.7219503,1671880.14945453
2292,0.0,0.0,0.0,0.0,0.010170042447125606,0.0025490202564587535,l3254220,PQ,1.0,1.0,1.0,7199.557856794634,1000000.0,0.95,1.05,0,0,c,False,True,False,12265047.9702065,1671856.96199851
2293,0.0,0.0,0.0,0.0,0.0,0.0,p827533,PQ,1.0,1.0,1.0,7199.557856794634,1000000.0,0.95,1.05,0,0,b,False,False,False,12265455.5385909,1672590.7481112
2294,0.0,0.0,0.0,0.0,0.0,0.0,n1139538,PQ,1.0,1.0,1.0,7199.557856794634,1000000.0,0.95,1.05,0,0,b,False,False,False,12265477.6283189,1672569.40385518
2295,0.0,0.0,0.009730078151826088,0.002438605300982244,0.0,0.0,l3066818,PQ,1.0,1.0,1.0,7199.557856794634,1000000.0,0.95,1.05,0,0,b,False,True,False,12265559.740831,1672490.0684311
2296,0.0,0.0,0.009730078159343288,0.0024386053118929632,0.0,0.0,l3178981,PQ,1.0,1.0,1.0,7199.557856794634,1000000.0,0.95,1.05,0,0,b,False,True,False,12265673.7611831,1672330.52923095
2297,0.0,0.0,0.0,0.0,0.0,0.0,m1047368,PQ,1.0,1.0,1.0,7199.557856794634,1000000.0,0.95,1.05,0,0,b,False,False,False,12266158.8832315,1671812.33607847
2298,0.0,0.0,0.005840046927375744,0.001463664417600814,0.0,0.0,l2785528,PQ,1.0,1.0,1.0,7199.557856794634,1000000.0,0.95,1.05,0,0,b,False,True,False,12266075.7098554,1671701.30990237
2299,0.0,0.0,0.005840046934886714,0.0014636644285046657,0.0,0.0,l2841620,PQ,1.0,1.0,1.0,7199.557856794634,1000000.0,0.95,1.05,0,0,b,False,True,False,12266449.6787518,1671528.18017421
2300,0.0,0.0,0.003890031272594376,0.0009749409532696821,0.0,0.0,l2785520,PQ,1.0,1.0,1.0,7199.557856794634,1000000.0,0.95,1.05,0,0,b,False,True,False,12266836.3411522,1670862.35079759
2301,0.0,0.0,0.0,0.0,0.0,0.0,m1047386,PQ,1.0,1.0,1.0,7199.557856794634,1000000.0,0.95,1.05,0,0,b,False,False,False,12266801.4391361,1670422.96878118
2302,0.0,0.0,0.00973007823494931,0.002438605421658798,0.0,0.0,l3254211,PQ,1.0,1.0,1.0,7199.557856794634,1000000.0,0.95,1.05,0,0,b,False,True,False,12266981.8105923,1670420.53166117
2303,0.0,0.0,0.0,0.0,0.0,0.0,m1047379,PQ,1.0,1.0,1.0,7199.557856794634,1000000.0,0.95,1.05,0,0,b,False,False,False,12266504.8682558,1670519.69991727
2304,0.0,0.0,0.005840046958694114,0.0014636644630738069,0.0,0.0,l3119793,PQ,1.0,1.0,1.0,7199.557856794634,1000000.0,0.95,1.05,0,0,b,False,True,False,12266463.9737918,1670354.00442911
2305,0.0,0.0,0.0,0.0,0.0,0.0,m1047371,PQ,1.0,1.0,1.0,7199.557856794634,1000000.0,0.95,1.05,0,0,b,False,False,False,12266398.2534717,1670228.879821
2306,0.0,0.0,0.0,0.0,0.0,0.0,p841985,PQ,1.0,1.0,1.0,7199.557856794634,1000000.0,0.95,1.05,0,0,b,False,False,False,12266392.0767037,1670223.68609299
2307,0.0,0.0,0.0,0.0,0.0,0.0,221-306687,PQ,1.0,1.0,1.0,7199.557856794634,1000000.0,0.95,1.05,0,0,b,False,False,False,12266387.7718077,1670220.06932499
2308,0.0,0.0,0.014590117365802712,0.003656655139005532,0.0,0.0,l2916625,PQ,1.0,1.0,1.0,7199.557856794634,1000000.0,0.95,1.05,0,0,b,False,True,False,12266154.2711355,1669873.75662067
2309,0.0,0.0,0.014590117390362665,0.003656655148228553,0.0,0.0,l3139598,PQ,1.0,1.0,1.0,7199.557856794634,1000000.0,0.95,1.05,0,0,b,False,True,False,12266173.5018555,1669417.16321224
2310,0.0,0.0,0.0,0.0,0.0,0.0,m1047388,PQ,1.0,1.0,1.0,7199.557856794634,1000000.0,0.95,1.05,0,0,b,False,False,False,12266874.1185602,1669990.30010877
2311,0.0,0.0,0.0058400469625699844,0.0014636644687013886,0.0,0.0,l2729407,PQ,1.0,1.0,1.0,7199.557856794634,1000000.0,0.95,1.05,0,0,b,False,True,False,12267015.9016003,1670067.87015685
2312,0.0,0.0,0.005840046971026682,0.0014636644809826076,0.0,0.0,l2691942,PQ,1.0,1.0,1.0,7199.557856794634,1000000.0,0.95,1.05,0,0,b,False,True,False,12266578.5184319,1669352.18017218
2313,0.0,0.0,0.0,0.0,0.0,0.0,m1047374,PQ,1.0,1.0,1.0,7199.557856794634,1000000.0,0.95,1.05,0,0,b,False,False,False,12266470.3799358,1669131.52865197
2314,0.0,0.0,0.0019500156857834672,0.0004887235093449682,0.0,0.0,l2689678,PQ,1.0,1.0,1.0,7199.557856794634,1000000.0,0.95,1.05,0,0,b,False,True,False,12266355.1103037,1668863.56013972
2315,0.0,0.0,0.0,0.0,0.0,0.0,m1026463,PQ,1.0,1.0,1.0,7199.557856794634,1000000.0,0.95,1.05,0,0,b,False,False,False,12267538.4283208,1668440.29178733
2316,0.0,0.0,0.0,0.0,0.0,0.0,m1026468,PQ,1.0,1.0,1.0,7199.557856794634,1000000.0,0.95,1.05,0,0,b,False,False,False,12267595.5798089,1668318.71841122
2317,0.0,0.0,0.0,0.0,0.0,0.0,p901909,PQ,1.0,1.0,1.0,7199.557856794634,1000000.0,0.95,1.05,0,0,b,False,False,False,12267608.4944969,1668289.85799519
2318,0.0,0.0,0.0,0.0,0.0,0.0,m1026472,PQ,1.0,1.0,1.0,7199.557856794634,1000000.0,0.95,1.05,0,0,b,False,False,False,12267636.1588809,1668228.04116313
2319,0.0,0.0,0.0,0.0,0.0,0.0,d5472341-1_int,PQ,1.0,1.0,1.0,7199.557856794634,1000000.0,0.95,1.05,0,0,b,False,False,False,12267646.6089289,1668209.15860312
2320,0.0,0.0,0.0,0.0,0.0,0.0,f739842,PQ,1.0,1.0,1.0,7199.557856794634,1000000.0,0.95,1.05,0,0,b,False,False,False,12267644.6089289,1668209.15860312
2321,0.0,0.0,0.005840046991712755,0.0014636645110064114,0.0,0.0,l0247162,PQ,1.0,1.0,1.0,7199.557856794634,1000000.0,0.95,1.05,0,0,b,False,True,False,12267645.6089289,1668209.15860312
2322,0.0,0.0,0.0038900313027141723,0.0009749409970142244,0.0,0.0,l2766732,PQ,1.0,1.0,1.0,7199.557856794634,1000000.0,0.95,1.05,0,0,b,False,True,False,12267833.5492171,1668123.29825103
2323,0.0,0.0,0.0,0.0,0.0,0.0,m1026485,PQ,1.0,1.0,1.0,7199.557856794634,1000000.0,0.95,1.05,0,0,b,False,False,False,12267867.8900811,1668094.13063501
2324,0.0,0.0,0.0,0.0,0.0,0.0,m1026492,PQ,1.0,1.0,1.0,7199.557856794634,1000000.0,0.95,1.05,0,0,b,False,False,False,12268022.9359693,1668244.85114715
2325,0.0,0.0,0.01945015651761442,0.004874703990934384,0.0,0.0,l3048231,PQ,1.0,1.0,1.0,7199.557856794634,1000000.0,0.95,1.05,0,0,b,False,True,False,12268196.0165454,1668275.98893918
2326,0.0,0.0,0.0,0.0,0.0,0.0,p827542,PQ,1.0,1.0,1.0,7199.557856794634,1000000.0,0.95,1.05,0,0,b,False,False,False,12267878.7813451,1668072.54881099
2327,0.0,0.0,0.0,0.0,0.0,0.0,m1026486,PQ,1.0,1.0,1.0,7199.557856794634,1000000.0,0.95,1.05,0,0,b,False,False,False,12267885.6667211,1668058.89684297
2328,0.0,0.0,0.0,0.0,0.0,0.0,m1026488,PQ,1.0,1.0,1.0,7199.557856794634,1000000.0,0.95,1.05,0,0,b,False,False,False,12267901.6288331,1668027.25114695
2329,0.0,0.0,0.0,0.0,0.0,0.0,d6047588-1_int,PQ,1.0,1.0,1.0,7199.557856794634,1000000.0,0.95,1.05,0,0,b,False,False,False,12267911.6979532,1668011.24807493
2330,0.0,0.0,0.0,0.0,0.0,0.0,f739844,PQ,1.0,1.0,1.0,7199.557856794634,1000000.0,0.95,1.05,0,0,b,False,False,False,12267909.6979532,1668011.24807493
2331,0.0,0.0,0.005840046995074608,0.0014636645158902074,0.0,0.0,l0247171,PQ,1.0,1.0,1.0,7199.557856794634,1000000.0,0.95,1.05,0,0,b,False,True,False,12267910.6979532,1668011.24807493
2332,0.0,0.0,0.0,0.0,0.0,0.0,m1026487,PQ,1.0,1.0,1.0,7199.557856794634,1000000.0,0.95,1.05,0,0,b,False,False,False,12267899.0606411,1668090.915275
2333,0.0,0.0,0.014590117407963215,0.003656655252316258,0.0,0.0,l2897784,PQ,1.0,1.0,1.0,7199.557856794634,1000000.0,0.95,1.05,0,0,b,False,True,False,12267930.2393932,1668087.699915
2334,0.0,0.0,0.0,0.0,0.0,0.0,m1026496,PQ,1.0,1.0,1.0,7199.557856794634,1000000.0,0.95,1.05,0,0,b,False,False,False,12268070.7321933,1668036.28282695
2335,0.0,0.0,0.0389003130427155,0.009749408992756009,0.0,0.0,l2691959,PQ,1.0,1.0,1.0,7199.557856794634,1000000.0,0.95,1.05,0,0,b,False,True,False,12268211.9499854,1667982.6948589
2336,0.0,0.0,0.0,0.0,0.0,0.0,p827495,PQ,1.0,1.0,1.0,7199.557856794634,1000000.0,0.95,1.05,0,0,b,False,False,False,12267561.1488328,1668504.43105139
2337,0.0,0.0,0.0,0.0,0.0,0.0,m1026466,PQ,1.0,1.0,1.0,7199.557856794634,1000000.0,0.95,1.05,0,0,b,False,False,False,12267573.3016648,1668558.00263544
2338,0.0,0.0,0.0,0.0,0.0,0.0,d5865224-1_int,PQ,1.0,1.0,1.0,7199.557856794634,1000000.0,0.95,1.05,0,0,b,False,False,False,12267579.7785928,1668577.95015546
2339,0.0,0.0,0.0,0.0,0.0,0.0,f739841,PQ,1.0,1.0,1.0,7199.557856794634,1000000.0,0.95,1.05,0,0,b,False,False,False,12267577.7785928,1668577.95015546
2340,0.0,0.0,0.005840046990436391,0.001463664509152282,0.0,0.0,l0247160,PQ,1.0,1.0,1.0,7199.557856794634,1000000.0,0.95,1.05,0,0,b,False,True,False,12267578.7785928,1668577.95015546
2341,0.0,0.0,0.005840046974314049,0.0014636644857571213,0.0,0.0,l3197629,PQ,1.0,1.0,1.0,7199.557856794634,1000000.0,0.95,1.05,0,0,b,False,True,False,12267110.7485764,1669423.79054025
2342,0.0,0.0,0.003890031289202578,0.0009749409773880714,0.0,0.0,l2879065,PQ,1.0,1.0,1.0,7199.557856794634,1000000.0,0.95,1.05,0,0,b,False,True,False,12266863.0020162,1669145.70900399
2343,0.0,0.0,0.009730078186277467,0.002438605350991092,0.0,0.0,l2748130,PQ,1.0,1.0,1.0,7199.557856794634,1000000.0,0.95,1.05,0,0,b,False,True,False,12266354.2706237,1671885.85108654
2344,0.0,0.0,0.014590117240172519,0.003656655008650997,0.0,0.0,l3254212,PQ,1.0,1.0,1.0,7199.557856794634,1000000.0,0.95,1.05,0,0,b,False,True,False,12266469.3518398,1672092.78100673
2345,0.0,0.0,0.0,0.0,0.006100025475144187,0.001528910622497189,l2841638,PQ,1.0,1.0,1.0,7199.557856794634,1000000.0,0.95,1.05,0,0,c,False,True,False,12265745.3101111,1672682.71150328
2346,0.0,0.0,0.0,0.0,0.006100025475694858,0.0015289106233315035,l2860492,PQ,1.0,1.0,1.0,7199.557856794634,1000000.0,0.95,1.05,0,0,c,False,True,False,12266013.1844154,1672549.25972716
2347,0.0,0.0,0.0,0.0,0.006100025529393748,0.0015289102436162956,l3254210,PQ,1.0,1.0,1.0,7199.557856794634,1000000.0,0.95,1.05,0,0,c,False,True,False,12266982.7280963,1673509.59150405
2348,0.005319938840004575,0.0013332177086982388,0.0,0.0,0.0,0.0,l3085395,PQ,1.0,1.0,1.0,7199.557856794634,1000000.0,0.95,1.05,0,0,a,False,True,False,12266705.662368,1673886.0425764
2349,0.0,0.0,0.0,0.0,0.0,0.0,p827508,PQ,1.0,1.0,1.0,7199.557856794634,1000000.0,0.95,1.05,0,0,a,False,False,False,12267756.560801,1674770.74990523
2350,0.0,0.0,0.0,0.0,0.0,0.0,n1139540,PQ,1.0,1.0,1.0,7199.557856794634,1000000.0,0.95,1.05,0,0,a,False,False,False,12267783.557537,1674758.55611321
2351,0.008869898617492234,0.0022228655682644946,0.0,0.0,0.0,0.0,l2991907,PQ,1.0,1.0,1.0,7199.557856794634,1000000.0,0.95,1.05,0,0,a,False,True,False,12268033.6183373,1674645.60072111
2352,0.0,0.0,0.0,0.0,0.0,0.0,m1069192,PQ,1.0,1.0,1.0,7199.557856794634,1000000.0,0.95,1.05,0,0,a,False,False,False,12268205.1096654,1674569.48884904
2353,0.008869898606938929,0.0022228655525740894,0.0,0.0,0.0,0.0,l3235253,PQ,1.0,1.0,1.0,7199.557856794634,1000000.0,0.95,1.05,0,0,a,False,True,False,12268191.9819854,1674836.69140929
2354,0.0,0.0,0.0,0.0,0.0,0.0,m1069191,PQ,1.0,1.0,1.0,7199.557856794634,1000000.0,0.95,1.05,0,0,a,False,False,False,12268162.9208654,1674393.72948887
2355,0.008869898593072285,0.002222865531957919,0.0,0.0,0.0,0.0,l3195315,PQ,1.0,1.0,1.0,7199.557856794634,1000000.0,0.95,1.05,0,0,a,False,True,False,12268131.0785614,1674241.57947273
2356,0.0,0.0,0.0,0.0,0.0,0.0,m1069181,PQ,1.0,1.0,1.0,7199.557856794634,1000000.0,0.95,1.05,0,0,a,False,False,False,12268069.2207693,1673972.43950448
2357,0.0053199391715507555,0.0013332181460657404,0.0,0.0,0.0,0.0,l2748146,PQ,1.0,1.0,1.0,7199.557856794634,1000000.0,0.95,1.05,0,0,a,False,True,False,12268381.5080016,1673880.4187684
2358,0.005319939171925398,0.0013332181466228373,0.0,0.0,0.0,0.0,l2804253,PQ,1.0,1.0,1.0,7199.557856794634,1000000.0,0.95,1.05,0,0,a,False,True,False,12268019.9172173,1674007.17768051
2359,0.005319939166706616,0.0013332181388633884,0.0,0.0,0.0,0.0,l2973151,PQ,1.0,1.0,1.0,7199.557856794634,1000000.0,0.95,1.05,0,0,a,False,True,False,12268104.8805453,1673727.53966425
2360,0.0,0.0,0.0,0.0,0.0,0.0,m1069187,PQ,1.0,1.0,1.0,7199.557856794634,1000000.0,0.95,1.05,0,0,a,False,False,False,12268148.8019534,1673479.55144002
2361,0.013299847901642264,0.0033330443247078815,0.0,0.0,0.0,0.0,l2748129,PQ,1.0,1.0,1.0,7199.557856794634,1000000.0,0.95,1.05,0,0,a,False,True,False,12267874.5583691,1673406.81057596
2362,0.008869898559777725,0.002222865482454228,0.0,0.0,0.0,0.0,l2785519,PQ,1.0,1.0,1.0,7199.557856794634,1000000.0,0.95,1.05,0,0,a,False,True,False,12268144.0301134,1673302.21921586
2363,0.00886989855725448,0.0022228654787024528,0.0,0.0,0.0,0.0,l3104122,PQ,1.0,1.0,1.0,7199.557856794634,1000000.0,0.95,1.05,0,0,a,False,True,False,12268132.0206414,1673195.80923176
2364,0.008869898551565183,0.0022228654702430993,0.0,0.0,0.0,0.0,l2804283,PQ,1.0,1.0,1.0,7199.557856794634,1000000.0,0.95,1.05,0,0,a,False,True,False,12268072.8293453,1672912.18171149
2365,0.008869898544633494,0.002222865459936322,0.0,0.0,0.0,0.0,l2916627,PQ,1.0,1.0,1.0,7199.557856794634,1000000.0,0.95,1.05,0,0,a,False,True,False,12267923.0304332,1672497.51905511
2366,0.008869898541630863,0.002222865455471632,0.0,0.0,0.0,0.0,l2673310,PQ,1.0,1.0,1.0,7199.557856794634,1000000.0,0.95,1.05,0,0,a,False,True,False,12267838.2186571,1672257.19035089
2367,0.008869898539603783,0.0022228654524575004,0.0,0.0,0.0,0.0,l3104121,PQ,1.0,1.0,1.0,7199.557856794634,1000000.0,0.95,1.05,0,0,a,False,True,False,12267739.910561,1672018.56967866
2368,0.008869898539179633,0.0022228654518268182,0.0,0.0,0.0,0.0,l3104113,PQ,1.0,1.0,1.0,7199.557856794634,1000000.0,0.95,1.05,0,0,a,False,True,False,12267667.1696969,1671938.73863859
2369,0.0053199391872273405,0.0013332181693734332,0.0,0.0,0.0,0.0,l2991913,PQ,1.0,1.0,1.0,7199.557856794634,1000000.0,0.95,1.05,0,0,a,False,True,False,12268432.4704336,1674770.58196923
2370,0.008869898635015026,0.0022228655943152638,0.0,0.0,0.0,0.0,l2879064,PQ,1.0,1.0,1.0,7199.557856794634,1000000.0,0.95,1.05,0,0,a,False,True,False,12267632.9394249,1675046.05844948
2371,0.0,0.0,0.0,0.0,0.004070017072938167,0.0010201084775121382,l3197637,PQ,1.0,1.0,1.0,7199.557856794634,1000000.0,0.95,1.05,0,0,c,False,True,False,12268213.6416334,1675069.0615855
2372,0.0,0.0,0.0,0.0,0.006100025599207913,0.0015289095255631448,l2860487,PQ,1.0,1.0,1.0,7199.557856794634,1000000.0,0.95,1.05,0,0,c,False,True,False,12268398.2401616,1675290.42990571
2373,0.0,0.0,0.0,0.0,0.006100025566409043,0.0015289091993488896,l2991911,PQ,1.0,1.0,1.0,7199.557856794634,1000000.0,0.95,1.05,0,0,c,False,True,False,12268742.3615059,1675969.41153834
2374,0.0,0.0,0.0,0.0,0.0,0.0,l3270854,PQ,1.0,1.0,1.0,7199.557856794634,1000000.0,0.95,1.05,0,0,a,False,False,False,12269019.1159382,1677591.52174785
2375,0.0,0.0,0.0,0.0,0.0,0.0,m1089144,PQ,1.0,1.0,1.0,7199.557856794634,1000000.0,0.95,1.05,0,0,a,False,False,False,12269888.147875,1678471.26882067
2376,0.0,0.0,0.0,0.0,0.0,0.0,p827522,PQ,1.0,1.0,1.0,7199.557856794634,1000000.0,0.95,1.05,0,0,a,False,False,False,12269896.610211,1678470.43733267
2377,0.0,0.0,0.0,0.0,0.0,0.0,n1142111,PQ,1.0,1.0,1.0,7199.557856794634,1000000.0,0.95,1.05,0,0,a,False,False,False,12269930.766755,1678467.07451667
2378,0.005319940981214025,0.0013332200457940745,0.0,0.0,0.0,0.0,l2991912,PQ,1.0,1.0,1.0,7199.557856794634,1000000.0,0.95,1.05,0,0,a,False,True,False,12270101.4716512,1678450.26862865
2379,0.005319940978330671,0.0013332200414993103,0.0,0.0,0.0,0.0,l3104128,PQ,1.0,1.0,1.0,7199.557856794634,1000000.0,0.95,1.05,0,0,a,False,True,False,12270157.8080352,1678085.83931631
2380,0.0035499606135962446,0.0008896486305106875,0.0,0.0,0.0,0.0,l2673315,PQ,1.0,1.0,1.0,7199.557856794634,1000000.0,0.95,1.05,0,0,a,False,True,False,12270263.7510753,1677718.71073997
2381,0.0,0.0,0.0,0.0,0.0,0.0,m1089148,PQ,1.0,1.0,1.0,7199.557856794634,1000000.0,0.95,1.05,0,0,a,False,False,False,12270485.0088036,1677542.32878781
2382,0.008869901585099274,0.002222868661840066,0.0,0.0,0.0,0.0,l2766721,PQ,1.0,1.0,1.0,7199.557856794634,1000000.0,0.95,1.05,0,0,a,False,True,False,12270583.4889316,1677417.74075569
2383,0.003549960610982115,0.0008896486266168633,0.0,0.0,0.0,0.0,l2991906,PQ,1.0,1.0,1.0,7199.557856794634,1000000.0,0.95,1.05,0,0,a,False,True,False,12270845.2683879,1677904.07931614
2384,0.008869901582125302,0.0022228686574102294,0.0,0.0,0.0,0.0,l2879054,PQ,1.0,1.0,1.0,7199.557856794634,1000000.0,0.95,1.05,0,0,a,False,True,False,12270924.919204,1678099.52814833
2385,0.0,0.0,0.0,0.0,0.0,0.0,m1108299,PQ,1.0,1.0,1.0,7199.557856794634,1000000.0,0.95,1.05,0,0,b,False,False,False,12270993.318308,1681333.09077534
2386,0.0,0.0,0.0,0.0,0.0,0.0,m1108300,PQ,1.0,1.0,1.0,7199.557856794634,1000000.0,0.95,1.05,0,0,b,False,False,False,12270995.038628,1681355.32386336
2387,0.0,0.0,0.009730071452037544,0.0024386054394488466,0.0,0.0,l2711234,PQ,1.0,1.0,1.0,7199.557856794634,1000000.0,0.95,1.05,0,0,b,False,True,False,12271013.061028,1681587.91931957
2388,0.0,0.0,0.0038900285662274844,0.0009749409682282699,0.0,0.0,l3198355,PQ,1.0,1.0,1.0,7199.557856794634,1000000.0,0.95,1.05,0,0,b,False,True,False,12271041.8886761,1681976.74031194
2389,0.0,0.0,0.0,0.0,0.0,0.0,l2805037,PQ,1.0,1.0,1.0,7199.557856794634,1000000.0,0.95,1.05,0,0,b,False,False,False,12271067.9801961,1682339.37148027
2390,0.0,0.0,0.0,0.0,0.0,0.0,p893610,PQ,1.0,1.0,1.0,7199.557856794634,1000000.0,0.95,1.05,0,0,b,False,False,False,12271000.859044,1681266.12936728
2391,0.0,0.0,0.0,0.0,0.0,0.0,m1108302,PQ,1.0,1.0,1.0,7199.557856794634,1000000.0,0.95,1.05,0,0,b,False,False,False,12271088.2799721,1680990.58735102
2392,0.0,0.0,0.005840042886904676,0.0014636644728049332,0.0,0.0,l3236011,PQ,1.0,1.0,1.0,7199.557856794634,1000000.0,0.95,1.05,0,0,b,False,True,False,12271034.0694121,1680888.60104692
2393,0.0,0.0,0.014590107146235414,0.003656655147022613,0.0,0.0,l3198358,PQ,1.0,1.0,1.0,7199.557856794634,1000000.0,0.95,1.05,0,0,b,False,True,False,12271292.1092203,1680619.44879067
2394,0.0,0.0,0.005840042888270777,0.0014636644747822807,0.0,0.0,l3104859,PQ,1.0,1.0,1.0,7199.557856794634,1000000.0,0.95,1.05,0,0,b,False,True,False,12271640.6009966,1680608.45103066
2395,0.0,0.0,0.0,0.0,0.0,0.0,l2970845,PQ,1.0,1.0,1.0,7199.557856794634,1000000.0,0.95,1.05,0,0,b,False,False,False,12271750.1034607,1680254.68770233
2396,0.0,0.0,0.005840042888649621,0.0014636644753306383,0.0,0.0,l2897771,PQ,1.0,1.0,1.0,7199.557856794634,1000000.0,0.95,1.05,0,0,b,False,True,False,12271675.2695407,1679976.39727007
2397,0.0,0.0,0.0,0.0,0.0,0.0,p829986,PQ,1.0,1.0,1.0,7199.557856794634,1000000.0,0.95,1.05,0,0,a,False,False,False,12272314.1390453,1681974.81519194
2398,0.0,0.0,0.0,0.0,0.0,0.0,m1125904,PQ,1.0,1.0,1.0,7199.557856794634,1000000.0,0.95,1.05,0,0,a,False,False,False,12272365.4086773,1682023.07426398
2399,0.0,0.0,0.0,0.0,0.0,0.0,m1125903,PQ,1.0,1.0,1.0,7199.557856794634,1000000.0,0.95,1.05,0,0,a,False,False,False,12272331.2152693,1682037.86082399
2400,0.008869905570524016,0.0022228723872330615,0.0,0.0,0.0,0.0,l2989565,PQ,1.0,1.0,1.0,7199.557856794634,1000000.0,0.95,1.05,0,0,a,False,True,False,12272283.4067572,1682055.58012001
2401,0.0,0.0,0.0,0.0,0.0,0.0,n1142108,PQ,1.0,1.0,1.0,7199.557856794634,1000000.0,0.95,1.05,0,0,a,False,False,False,12272407.7244533,1682000.19400796
2402,0.005319943363472902,0.0013332222681284166,0.0,0.0,0.0,0.0,l2674051,PQ,1.0,1.0,1.0,7199.557856794634,1000000.0,0.95,1.05,0,0,a,False,True,False,12272620.3560055,1681885.21519185
2403,0.0,0.0,0.0,0.0,0.0,0.0,p829963,PQ,1.0,1.0,1.0,7199.557856794634,1000000.0,0.95,1.05,0,0,b,False,False,False,12272885.6293498,1682950.22024884
2404,0.0,0.0,0.0,0.0,0.0,0.0,m1125916,PQ,1.0,1.0,1.0,7199.557856794634,1000000.0,0.95,1.05,0,0,b,False,False,False,12272899.7154938,1682933.44712883
2405,0.0,0.0,0.0038900276162659713,0.0009749412555160721,0.0,0.0,l2879767,PQ,1.0,1.0,1.0,7199.557856794634,1000000.0,0.95,1.05,0,0,b,False,True,False,12273046.0491899,1682759.19100067
2406,0.0,0.0,0.0038900276163227176,0.0009749412555981667,0.0,0.0,l2767407,PQ,1.0,1.0,1.0,7199.557856794634,1000000.0,0.95,1.05,0,0,b,False,True,False,12273255.4981501,1682663.34050458
2407,0.0,0.0,0.0,0.0,0.0,0.0,m1125913,PQ,1.0,1.0,1.0,7199.557856794634,1000000.0,0.95,1.05,0,0,b,False,False,False,12272849.7033338,1682967.95183286
2408,0.0,0.0,0.014590103582040756,0.003656656222755757,0.0,0.0,l3068944,PQ,1.0,1.0,1.0,7199.557856794634,1000000.0,0.95,1.05,0,0,b,False,True,False,12272726.0532856,1683008.9323129
2409,0.0,0.0,0.0,0.0,0.0,0.0,m1125911,PQ,1.0,1.0,1.0,7199.557856794634,1000000.0,0.95,1.05,0,0,b,False,False,False,12272718.9098616,1683010.3577209
2410,0.0,0.0,0.0038900276182330116,0.0009749412583616652,0.0,0.0,l2711224,PQ,1.0,1.0,1.0,7199.557856794634,1000000.0,0.95,1.05,0,0,b,False,True,False,12272389.0507893,1683114.568153
2411,0.0,0.0,0.0,0.0,0.0,0.0,m1125905,PQ,1.0,1.0,1.0,7199.557856794634,1000000.0,0.95,1.05,0,0,b,False,False,False,12272443.9699574,1683331.3407612
2412,0.0,0.0,0.005840041464040142,0.0014636649088774216,0.0,0.0,l2917310,PQ,1.0,1.0,1.0,7199.557856794634,1000000.0,0.95,1.05,0,0,b,False,True,False,12272392.0900213,1683759.4301056
2413,0.0,0.0,0.009730069082796769,0.0024386061679965852,0.0,0.0,l3142098,PQ,1.0,1.0,1.0,7199.557856794634,1000000.0,0.95,1.05,0,0,b,False,True,False,12272369.1114613,1683368.81096923
2414,0.0,0.0,0.005840041465720246,0.0014636649113080194,0.0,0.0,l3142079,PQ,1.0,1.0,1.0,7199.557856794634,1000000.0,0.95,1.05,0,0,b,False,True,False,12271782.3307888,1683425.79042529
2415,0.0,0.0,0.0,0.0,0.0,0.0,m3036162,PQ,1.0,1.0,1.0,7199.557856794634,1000000.0,0.95,1.05,0,0,b,False,False,False,12271776.0639088,1683431.13570529
2416,0.0,0.0,0.009730069086109147,0.0024386061727885953,0.0,0.0,l2955055,PQ,1.0,1.0,1.0,7199.557856794634,1000000.0,0.95,1.05,0,0,b,False,True,False,12271843.5987568,1683555.22812141
2417,0.0,0.0,0.009730069086183617,0.0024386061728963342,0.0,0.0,l2879753,PQ,1.0,1.0,1.0,7199.557856794634,1000000.0,0.95,1.05,0,0,b,False,True,False,12271609.5123566,1683340.56904921
2418,0.0,0.0,0.0038900276189362194,0.0009749412593789798,0.0,0.0,l2748839,PQ,1.0,1.0,1.0,7199.557856794634,1000000.0,0.95,1.05,0,0,b,False,True,False,12272521.8308215,1683601.00092145
2419,0.0,0.0,0.0,0.0,0.0,0.0,p829961,PQ,1.0,1.0,1.0,7199.557856794634,1000000.0,0.95,1.05,0,0,a,False,False,False,12273121.178022,1683321.48168919
2420,0.0,0.0,0.0,0.0,0.0,0.0,n1141476,PQ,1.0,1.0,1.0,7199.557856794634,1000000.0,0.95,1.05,0,0,a,False,False,False,12273151.271334,1683309.34524118
2421,0.005319944388764564,0.001333223036628474,0.0,0.0,0.0,0.0,l2692654,PQ,1.0,1.0,1.0,7199.557856794634,1000000.0,0.95,1.05,0,0,a,False,True,False,12273383.6906623,1683215.62876109
2422,0.0,0.0,0.0,0.0,0.0,0.0,m1125929,PQ,1.0,1.0,1.0,7199.557856794634,1000000.0,0.95,1.05,0,0,a,False,False,False,12273390.7644543,1683212.38472909
2423,0.013299860967499307,0.0033330565850178497,0.0,0.0,0.0,0.0,l2842379,PQ,1.0,1.0,1.0,7199.557856794634,1000000.0,0.95,1.05,0,0,a,False,True,False,12273715.5199106,1682835.42165674
2424,0.0,0.0,0.0,0.0,0.0,0.0,p829965,PQ,1.0,1.0,1.0,7199.557856794634,1000000.0,0.95,1.05,0,0,abc,False,False,False,12273768.4689026,1684366.57199416
2425,0.0053199452686122275,0.0013332236972641495,0.0,0.0,0.0,0.0,l2936271,PQ,1.0,1.0,1.0,7199.557856794634,1000000.0,0.95,1.05,0,0,abc,False,True,False,12273686.1393025,1684406.7291782
2426,0.0,0.0,0.0,0.0,0.0,0.0,m1142815,PQ,1.0,1.0,1.0,7199.557856794634,1000000.0,0.95,1.05,0,0,abc,False,False,False,12273453.5889023,1684789.18089056
2427,0.005319945259091149,0.0013332236810954118,0.0,0.0,0.0,0.0,l2917359,PQ,1.0,1.0,1.0,7199.557856794634,1000000.0,0.95,1.05,0,0,a,False,True,False,12273513.1611264,1684788.74671456
2428,0.0,0.0,0.0,0.0,0.0,0.0,m1142814,PQ,1.0,1.0,1.0,7199.557856794634,1000000.0,0.95,1.05,0,0,abc,False,False,False,12273423.8396543,1685271.46031501
2429,0.0,0.0,0.0,0.0,0.0,0.0,m1142810,PQ,1.0,1.0,1.0,7199.557856794634,1000000.0,0.95,1.05,0,0,abc,False,False,False,12273141.309862,1686201.78889187
2430,0.0,0.0,0.0,0.0,0.0,0.0,m1142808,PQ,1.0,1.0,1.0,7199.557856794634,1000000.0,0.95,1.05,0,0,b,False,False,False,12273107.677606,1686252.94383592
2431,0.0,0.0,0.0097300674166109,0.0024386067725667457,0.0,0.0,l3160868,PQ,1.0,1.0,1.0,7199.557856794634,1000000.0,0.95,1.05,0,0,b,False,True,False,12272958.6487419,1686514.70690816
2432,0.0,0.0,0.005840040464029413,0.0014636652718063245,0.0,0.0,l3082988,PQ,1.0,1.0,1.0,7199.557856794634,1000000.0,0.95,1.05,0,0,b,False,True,False,12272900.9688698,1686580.58287622
2433,0.0,0.0,0.0,0.0,0.0,0.0,m1149225,PQ,1.0,1.0,1.0,7199.557856794634,1000000.0,0.95,1.05,0,0,b,False,False,False,12272676.1107576,1686610.63932425
2434,0.0,0.0,0.00973006741830555,0.002438606775017813,0.0,0.0,l2767409,PQ,1.0,1.0,1.0,7199.557856794634,1000000.0,0.95,1.05,0,0,b,False,True,False,12272454.1403254,1686634.91631628
2435,0.0,0.0,0.0,0.0,0.0,0.0,m1142800,PQ,1.0,1.0,1.0,7199.557856794634,1000000.0,0.95,1.05,0,0,b,False,False,False,12272256.4509812,1686401.39106806
2436,0.0,0.0,0.0,0.0,0.0,0.0,m1142799,PQ,1.0,1.0,1.0,7199.557856794634,1000000.0,0.95,1.05,0,0,b,False,False,False,12272059.916709,1686166.70255584
2437,0.0,0.0,0.0,0.0,0.0,0.0,m1142798,PQ,1.0,1.0,1.0,7199.557856794634,1000000.0,0.95,1.05,0,0,b,False,False,False,12272058.757541,1685836.06524353
2438,0.0,0.0,0.0,0.0,0.0,0.0,m1142801,PQ,1.0,1.0,1.0,7199.557856794634,1000000.0,0.95,1.05,0,0,b,False,False,False,12272318.8781173,1685819.87785152
2439,0.0,0.0,0.009730067420608775,0.002438606778349135,0.0,0.0,l3217064,PQ,1.0,1.0,1.0,7199.557856794634,1000000.0,0.95,1.05,0,0,b,False,True,False,12272646.0502136,1685779.41346748
2440,0.0,0.0,0.0,0.0,0.0,0.0,l3200222,PQ,1.0,1.0,1.0,7199.557856794634,1000000.0,0.95,1.05,0,0,b,False,False,False,12272594.0678775,1685027.76469878
2441,0.0,0.0,0.0,0.0,0.0,0.0,n1141477,PQ,1.0,1.0,1.0,7199.557856794634,1000000.0,0.95,1.05,0,0,a,False,False,False,12273420.9028223,1684716.83733849
2442,0.01329986314325991,0.003333058196098372,0.0,0.0,0.0,0.0,l2879794,PQ,1.0,1.0,1.0,7199.557856794634,1000000.0,0.95,1.05,0,0,a,False,True,False,12273382.6379903,1684632.14844241
2443,0.0,0.0,0.0,0.0,0.0,0.0,m1142811,PQ,1.0,1.0,1.0,7199.557856794634,1000000.0,0.95,1.05,0,0,a,False,False,False,12273298.8297342,1684559.75164234
2444,0.008869908725879191,0.0022228747353001638,0.0,0.0,0.0,0.0,l2992657,PQ,1.0,1.0,1.0,7199.557856794634,1000000.0,0.95,1.05,0,0,a,False,True,False,12273131.336102,1684536.50684232
2445,0.008869908724139513,0.0022228747327010076,0.0,0.0,0.0,0.0,l2917330,PQ,1.0,1.0,1.0,7199.557856794634,1000000.0,0.95,1.05,0,0,a,False,True,False,12273101.218214,1684389.05084218
2446,0.013299863135272816,0.003333058184165252,0.0,0.0,0.0,0.0,l2861222,PQ,1.0,1.0,1.0,7199.557856794634,1000000.0,0.95,1.05,0,0,a,False,True,False,12272877.8920058,1684198.23049001
2447,0.0,0.0,0.0,0.0,0.0,0.0,p829976,PQ,1.0,1.0,1.0,7199.557856794634,1000000.0,0.95,1.05,0,0,a,False,False,False,12275334.6687121,1686407.46134006
2448,0.008869911851327175,0.0022228772044178002,0.0,0.0,0.0,0.0,l2955078,PQ,1.0,1.0,1.0,7199.557856794634,1000000.0,0.95,1.05,0,0,a,False,True,False,12275184.8779919,1686308.01865197
2449,0.017739823699395828,0.004445753403995441,0.0,0.0,0.0,0.0,l2692660,PQ,1.0,1.0,1.0,7199.557856794634,1000000.0,0.95,1.05,0,0,a,False,True,False,12275536.0116883,1686531.82818818
2450,0.005319947129087413,0.001333225155181717,0.0,0.0,0.0,0.0,l2955076,PQ,1.0,1.0,1.0,7199.557856794634,1000000.0,0.95,1.05,0,0,a,False,True,False,12276011.9218327,1686425.77455608
2451,0.0,0.0,0.0,0.0,0.0,0.0,p829975,PQ,1.0,1.0,1.0,7199.557856794634,1000000.0,0.95,1.05,0,0,c,False,False,False,12275436.7410322,1687171.97974078
2452,0.0,0.0,0.0,0.0,0.010170036357393887,0.002548991753613443,l3160871,PQ,1.0,1.0,1.0,7199.557856794634,1000000.0,0.95,1.05,0,0,c,False,True,False,12275470.8197522,1687194.5200288
2453,0.0,0.0,0.0,0.0,0.010170036359349427,0.0025489917566269673,l3030203,PQ,1.0,1.0,1.0,7199.557856794634,1000000.0,0.95,1.05,0,0,c,False,True,False,12275755.7989525,1687124.13026873
2454,0.0,0.0,0.0,0.0,0.006100021808724958,0.0015288938249361072,l3179673,PQ,1.0,1.0,1.0,7199.557856794634,1000000.0,0.95,1.05,0,0,c,False,True,False,12275926.9011606,1687076.12105269
2455,0.0,0.0,0.0,0.0,0.0,0.0,m1166369,PQ,1.0,1.0,1.0,7199.557856794634,1000000.0,0.95,1.05,0,0,a,False,False,False,12275309.53156,1688502.58172601
2456,0.005319954773645045,0.001333233379070825,0.0,0.0,0.0,0.0,l2839305,PQ,1.0,1.0,1.0,7199.557856794634,1000000.0,0.95,1.05,0,0,a,False,True,False,12275172.7947919,1688395.69250992
2457,0.0,0.0,0.0,0.0,0.0,0.0,m1166361,PQ,1.0,1.0,1.0,7199.557856794634,1000000.0,0.95,1.05,0,0,a,False,False,False,12275103.4249359,1688071.96924561
2458,0.0,0.0,0.0,0.0,0.0,0.0,l2989600,PQ,1.0,1.0,1.0,7199.557856794634,1000000.0,0.95,1.05,0,0,a,False,False,False,12275130.7534479,1688024.02966157
2459,0.0,0.0,0.0,0.0,0.0,0.0,m1166362,PQ,1.0,1.0,1.0,7199.557856794634,1000000.0,0.95,1.05,0,0,a,False,False,False,12275143.5780239,1687698.16009327
2460,0.008869924590625309,0.0022228909064091434,0.0,0.0,0.0,0.0,l2898522,PQ,1.0,1.0,1.0,7199.557856794634,1000000.0,0.95,1.05,0,0,a,False,True,False,12275309.978024,1687545.05161312
2461,0.0,0.0,0.0,0.0,0.0,0.0,m1166355,PQ,1.0,1.0,1.0,7199.557856794634,1000000.0,0.95,1.05,0,0,a,False,False,False,12274859.4180236,1687545.71926112
2462,0.0,0.0,0.0,0.0,0.0,0.0,l2805035,PQ,1.0,1.0,1.0,7199.557856794634,1000000.0,0.95,1.05,0,0,a,False,False,False,12274646.6103434,1687522.1099171
2463,0.0,0.0,0.0,0.0,0.0,0.0,l2858200,PQ,1.0,1.0,1.0,7199.557856794634,1000000.0,0.95,1.05,0,0,a,False,False,False,12274511.1269513,1687627.5286692
2464,0.008869924591758721,0.002222890908115879,0.0,0.0,0.0,0.0,l2692661,PQ,1.0,1.0,1.0,7199.557856794634,1000000.0,0.95,1.05,0,0,a,False,True,False,12275309.629864,1687977.94146953
2465,0.0,0.0,0.0,0.0,0.0,0.0,p829978,PQ,1.0,1.0,1.0,7199.557856794634,1000000.0,0.95,1.05,0,0,a,False,False,False,12275296.289192,1688506.02646202
2466,0.013299886933226573,0.0033330824463740625,0.0,0.0,0.0,0.0,l2992656,PQ,1.0,1.0,1.0,7199.557856794634,1000000.0,0.95,1.05,0,0,a,False,True,False,12275120.2390159,1688551.84022206
2467,0.0,0.0,0.0,0.0,0.0,0.0,m1166356,PQ,1.0,1.0,1.0,7199.557856794634,1000000.0,0.95,1.05,0,0,a,False,False,False,12274930.5983117,1688597.8997421
2468,0.0,0.0,0.0,0.0,0.0,0.0,l2727019,PQ,1.0,1.0,1.0,7199.557856794634,1000000.0,0.95,1.05,0,0,a,False,False,False,12274729.5666315,1688605.89103811
2469,0.013299886930280436,0.0033330824419376417,0.0,0.0,0.0,0.0,l2730187,PQ,1.0,1.0,1.0,7199.557856794634,1000000.0,0.95,1.05,0,0,a,False,True,False,12274943.9512717,1688764.52092626
2470,0.0053199547722791625,0.0013332333770140058,0.0,0.0,0.0,0.0,l3104856,PQ,1.0,1.0,1.0,7199.557856794634,1000000.0,0.95,1.05,0,0,a,False,True,False,12274751.4105995,1688400.32098992
2471,0.0,0.0,0.0,0.0,0.0,0.0,p830058,PQ,1.0,1.0,1.0,7199.557856794634,1000000.0,0.95,1.05,0,0,c,False,False,False,12275284.828584,1689138.37103861
2472,0.0,0.0,0.0,0.0,0.0,0.0,m1166370,PQ,1.0,1.0,1.0,7199.557856794634,1000000.0,0.95,1.05,0,0,c,False,False,False,12275313.9019921,1689139.46876661
2473,0.0,0.0,0.0,0.0,0.0,0.0,m1166364,PQ,1.0,1.0,1.0,7199.557856794634,1000000.0,0.95,1.05,0,0,c,False,False,False,12275200.3035279,1689132.2434226
2474,0.0,0.0,0.0,0.0,0.0,0.0,m1166358,PQ,1.0,1.0,1.0,7199.557856794634,1000000.0,0.95,1.05,0,0,c,False,False,False,12274956.4399757,1689110.10044658
2475,0.0,0.0,0.0,0.0,0.010170034634496351,0.0025489761083299675,l3030205,PQ,1.0,1.0,1.0,7199.557856794634,1000000.0,0.95,1.05,0,0,c,False,True,False,12274847.0644876,1688940.49327842
2476,0.0,0.0,0.0,0.0,0.004070013863573772,0.001020091674303776,l3067506,PQ,1.0,1.0,1.0,7199.557856794634,1000000.0,0.95,1.05,0,0,c,False,True,False,12276120.6706328,1689145.49807861
2477,0.0,0.0,0.0,0.0,0.0,0.0,m1166386,PQ,1.0,1.0,1.0,7199.557856794634,1000000.0,0.95,1.05,0,0,c,False,False,False,12276021.3713047,1689001.53187048
2478,0.0,0.0,0.0,0.0,0.006100020779705045,0.0015288844476546099,l3048966,PQ,1.0,1.0,1.0,7199.557856794634,1000000.0,0.95,1.05,0,0,c,False,True,False,12275885.3185686,1688845.46198233
2479,0.0,0.0,0.0,0.0,0.010170034649132688,0.0025489761310426174,l2898515,PQ,1.0,1.0,1.0,7199.557856794634,1000000.0,0.95,1.05,0,0,c,False,True,False,12276646.6707613,1688920.1894064
2480,0.0,0.0,0.0,0.0,0.0,0.0,m1166387,PQ,1.0,1.0,1.0,7199.557856794634,1000000.0,0.95,1.05,0,0,c,False,False,False,12276842.0212895,1688911.1986864
2481,0.0,0.0,0.0,0.0,0.0061000207835687275,0.001528884453650413,l3048946,PQ,1.0,1.0,1.0,7199.557856794634,1000000.0,0.95,1.05,0,0,c,False,True,False,12277121.9214497,1688896.37935838
2482,0.0,0.0,0.0,0.0,0.006100020783707466,0.0015288844538657127,l3198347,PQ,1.0,1.0,1.0,7199.557856794634,1000000.0,0.95,1.05,0,0,c,False,True,False,12276943.1310496,1688541.39951805
2483,0.0,0.0,0.0,0.0,0.0,0.0,m1186065,PQ,1.0,1.0,1.0,7199.557856794634,1000000.0,0.95,1.05,0,0,abc,False,False,False,12274759.3117835,1691427.92854474
2484,0.0,0.0,0.0,0.0,0.0,0.0,m1186064,PQ,1.0,1.0,1.0,7199.557856794634,1000000.0,0.95,1.05,0,0,abc,False,False,False,12274644.9186954,1691623.61904092
2485,0.0,0.0,0.0,0.0,0.0,0.0,m1186063,PQ,1.0,1.0,1.0,7199.557856794634,1000000.0,0.95,1.05,0,0,abc,False,False,False,12274638.3650954,1691639.17974494
2486,0.0,0.0,0.0,0.0,0.0,0.0,p829979,PQ,1.0,1.0,1.0,7199.557856794634,1000000.0,0.95,1.05,0,0,b,False,False,False,12274625.5323274,1691639.80643294
2487,0.0,0.0,0.0,0.0,0.0,0.0,m3036172,PQ,1.0,1.0,1.0,7199.557856794634,1000000.0,0.95,1.05,0,0,b,False,False,False,12274518.8110473,1691645.02064094
2488,0.0,0.0,0.0038900151099909154,0.0009749419911513114,0.0,0.0,l3086079,PQ,1.0,1.0,1.0,7199.557856794634,1000000.0,0.95,1.05,0,0,b,False,True,False,12274515.1123593,1691636.95971293
2489,0.0,0.0,0.0038900151100218854,0.0009749419911963271,0.0,0.0,l2936276,PQ,1.0,1.0,1.0,7199.557856794634,1000000.0,0.95,1.05,0,0,b,False,True,False,12274415.1208072,1691418.95011273
2490,0.0,0.0,0.0,0.0,0.0,0.0,m1209763,PQ,1.0,1.0,1.0,7199.557856794634,1000000.0,0.95,1.05,0,0,b,False,False,False,12274330.1288071,1692000.00048127
2491,0.0,0.0,0.003890015110857331,0.0009749419924105817,0.0,0.0,l2936275,PQ,1.0,1.0,1.0,7199.557856794634,1000000.0,0.95,1.05,0,0,b,False,True,False,12274176.098727,1692308.56854556
2492,0.0,0.0,0.00973003779733673,0.0024386080027013883,0.0,0.0,l3179674,PQ,1.0,1.0,1.0,7199.557856794634,1000000.0,0.95,1.05,0,0,b,False,True,False,12274043.3186949,1692575.20995381
2493,0.0,0.0,0.0,0.0,0.0,0.0,m1209758,PQ,1.0,1.0,1.0,7199.557856794634,1000000.0,0.95,1.05,0,0,b,False,False,False,12273837.3595267,1692909.61968212
2494,0.0,0.0,0.0,0.0,0.0,0.0,m1209753,PQ,1.0,1.0,1.0,7199.557856794634,1000000.0,0.95,1.05,0,0,b,False,False,False,12273440.4407423,1692894.66928211
2495,0.0,0.0,0.0,0.0,0.0,0.0,m1209748,PQ,1.0,1.0,1.0,7199.557856794634,1000000.0,0.95,1.05,0,0,b,False,False,False,12272765.5387257,1692869.70006608
2496,0.0,0.0,0.009730037799501665,0.002438608005848086,0.0,0.0,l3142099,PQ,1.0,1.0,1.0,7199.557856794634,1000000.0,0.95,1.05,0,0,b,False,True,False,12272774.8079737,1692606.51977784
2497,0.0,0.0,0.0,0.0,0.0,0.0,m1209752,PQ,1.0,1.0,1.0,7199.557856794634,1000000.0,0.95,1.05,0,0,b,False,False,False,12273262.7193981,1692480.12131372
2498,0.0,0.0,0.0,0.0,0.0,0.0,m1209751,PQ,1.0,1.0,1.0,7199.557856794634,1000000.0,0.95,1.05,0,0,b,False,False,False,12273072.09975,1692000.00048127
2499,0.0,0.0,0.0,0.0,0.0,0.0,m1209750,PQ,1.0,1.0,1.0,7199.557856794634,1000000.0,0.95,1.05,0,0,b,False,False,False,12273067.540902,1691988.22038526
2500,0.0,0.0,0.005840022687729168,0.0014636660121073346,0.0,0.0,l3086075,PQ,1.0,1.0,1.0,7199.557856794634,1000000.0,0.95,1.05,0,0,b,False,True,False,12273420.1819263,1691850.88150513
2501,0.0,0.0,0.0,0.0,0.0,0.0,m1209749,PQ,1.0,1.0,1.0,7199.557856794634,1000000.0,0.95,1.05,0,0,b,False,False,False,12273042.1702779,1692000.00048127
2502,0.0,0.0,0.005840022687821203,0.001463666012241108,0.0,0.0,l2748840,PQ,1.0,1.0,1.0,7199.557856794634,1000000.0,0.95,1.05,0,0,b,False,True,False,12272449.8804854,1692304.77974556
2503,0.0,0.0,0.0,0.0,0.0,0.0,m1209776,PQ,1.0,1.0,1.0,7199.557856794634,1000000.0,0.95,1.05,0,0,abc,False,False,False,12274580.9105034,1691831.13878511
2504,0.0,0.0,0.0,0.0,0.0,0.0,m1209775,PQ,1.0,1.0,1.0,7199.557856794634,1000000.0,0.95,1.05,0,0,abc,False,False,False,12274556.9734793,1692047.92777732
2505,0.0,0.0,0.0,0.0,0.0,0.0,m1209774,PQ,1.0,1.0,1.0,7199.557856794634,1000000.0,0.95,1.05,0,0,abc,False,False,False,12274473.0669193,1692571.0443218
2506,0.0,0.0,0.0,0.0,0.006100019832874534,0.0015288757748111272,l3123509,PQ,1.0,1.0,1.0,7199.557856794634,1000000.0,0.95,1.05,0,0,abc,False,True,False,12274449.1421832,1692774.79574599
2507,0.0,0.0,0.0,0.0,0.0,0.0,m1209772,PQ,1.0,1.0,1.0,7199.557856794634,1000000.0,0.95,1.05,0,0,abc,False,False,False,12274424.7464072,1693072.88214627
2508,0.0,0.0,0.0,0.0,0.0,0.0,e192258,PQ,1.0,1.0,1.0,7199.557856794634,1000000.0,0.95,1.05,0,0,abc,False,False,False,12274381.6441992,1693643.1682268
2509,0.0,0.0,0.0,0.0,0.0,0.0,221-242079,PQ,1.0,1.0,1.0,7199.557856794634,1000000.0,0.95,1.05,0,0,abc,False,False,False,12274487.2308873,1692572.33046581
2510,0.017739878250670808,0.004445812192503918,0.019450075583027162,0.004874708926827057,0.02034006616346139,0.005097924339668002,l3011293,PQ,1.0,1.0,1.0,7199.557856794634,1000000.0,0.95,1.05,0,0,abc,False,True,False,12274654.8883594,1692623.11267385
2511,0.0,0.0,0.0,0.0,0.0,0.0,p829977,PQ,1.0,1.0,1.0,7199.557856794634,1000000.0,0.95,1.05,0,0,abc,False,False,False,12274540.5608073,1691218.52873654
2512,0.0,0.0,0.0,0.0,0.0,0.0,m1186061,PQ,1.0,1.0,1.0,7199.557856794634,1000000.0,0.95,1.05,0,0,abc,False,False,False,12274351.8417032,1691061.8403524
2513,0.008869939076396932,0.002222906538498556,0.0,0.0,0.0,0.0,l3139366,PQ,1.0,1.0,1.0,7199.557856794634,1000000.0,0.95,1.05,0,0,abc,False,True,False,12273921.8804868,1691229.42000055
2514,0.0,0.0,0.0,0.0,0.0,0.0,m4362177,PQ,1.0,1.0,1.0,7199.557856794634,1000000.0,0.95,1.05,0,0,abc,False,False,False,12273545.2409984,1691274.1401286
2515,0.0,0.0,0.0,0.0,0.0,0.0,m1186052,PQ,1.0,1.0,1.0,7199.557856794634,1000000.0,0.95,1.05,0,0,abc,False,False,False,12273330.6228862,1691285.33040061
2516,0.0,0.0,0.0,0.0,0.0,0.0,198-5320,PQ,1.0,1.0,1.0,7199.557856794634,1000000.0,0.95,1.05,0,0,abc,False,False,False,12273314.3986302,1691275.1436486
2517,0.0,0.0,0.0,0.0,0.0,0.0,221-311359,PQ,1.0,1.0,1.0,7199.557856794634,1000000.0,0.95,1.05,0,0,abc,False,False,False,12273303.5851902,1691268.35248059
2518,0.08867938978693443,0.022224048335212902,0.09726037898889651,0.0243760530935914,0.10170033189786053,0.02548962162343526,l3234149,PQ,1.0,1.0,1.0,7199.557856794634,1000000.0,0.95,1.05,0,0,abc,False,True,False,12273169.7074301,1691184.30665651
2519,0.0,0.0,0.009730037827762002,0.0024386079847821653,0.0,0.0,l2861223,PQ,1.0,1.0,1.0,7199.557856794634,1000000.0,0.95,1.05,0,0,b,False,True,False,12274277.5402631,1690968.05014431
2520,0.0,0.0,0.0,0.0,0.0,0.0,m1209795,PQ,1.0,1.0,1.0,7199.557856794634,1000000.0,0.95,1.05,0,0,c,False,False,False,12275954.0412566,1692212.30844947
2521,0.0,0.0,0.0,0.0,0.0061000189501897095,0.0015288682530052358,l2936268,PQ,1.0,1.0,1.0,7199.557856794634,1000000.0,0.95,1.05,0,0,c,False,True,False,12276137.8410648,1692121.20112138
2522,0.0,0.0,0.0,0.0,0.0,0.0,l2839332,PQ,1.0,1.0,1.0,7199.557856794634,1000000.0,0.95,1.05,0,0,c,False,False,False,12276307.554729,1693083.88809828
