id,name,bus,pa,pb,pc,qa,qb,qc,sa_max,sb_max,sc_max,phases,qa_max,qb_max,qc_max,qa_min,qb_min,qc_min
9,l2801909,l2801909,0.0,0.0,0.001628,0.0,0.0,0.0,0.0,0.0,0.001628,c,"(None,)","(None,)","(None,)","(None,)","(None,)","(None,)"
14,l2823592,l2823592,0.000708,0.0,0.0,0.0,0.0,0.0,0.000708,0.0,0.0,a,"(None,)","(None,)","(None,)","(None,)","(None,)","(None,)"
21,l3160863,l3160863,0.0,0.0,0.00244,0.0,0.0,0.0,0.0,0.0,0.00244,c,"(None,)","(None,)","(None,)","(None,)","(None,)","(None,)"
22,l2730108,l2730108,0.0,0.0,0.00244,0.0,0.0,0.0,0.0,0.0,0.00244,c,"(None,)","(None,)","(None,)","(None,)","(None,)","(None,)"
23,l2786204,l2786204,0.0,0.0,0.006104,0.0,0.0,0.0,0.0,0.0,0.006104,c,"(None,)","(None,)","(None,)","(None,)","(None,)","(None,)"
25,l2936216,l2936216,0.0,0.0,0.001628,0.0,0.0,0.0,0.0,0.0,0.001628,c,"(None,)","(None,)","(None,)","(None,)","(None,)","(None,)"
28,l2992556,l2992556,0.0,0.0,0.00244,0.0,0.0,0.0,0.0,0.0,0.00244,c,"(None,)","(None,)","(None,)","(None,)","(None,)","(None,)"
32,l3253570,l3253570,0.0,0.0,0.004068,0.0,0.0,0.0,0.0,0.0,0.004068,c,"(None,)","(None,)","(None,)","(None,)","(None,)","(None,)"
33,l2937757,l2937757,0.0,0.0,0.004068,0.0,0.0,0.0,0.0,0.0,0.004068,c,"(None,)","(None,)","(None,)","(None,)","(None,)","(None,)"
34,l3067448,l3067448,0.0,0.0,0.004068,0.0,0.0,0.0,0.0,0.0,0.004068,c,"(None,)","(None,)","(None,)","(None,)","(None,)","(None,)"
35,l2763407,l2763407,0.0,0.0,0.004068,0.0,0.0,0.0,0.0,0.0,0.004068,c,"(None,)","(None,)","(None,)","(None,)","(None,)","(None,)"
36,l2861157,l2861157,0.0,0.0,0.004068,0.0,0.0,0.0,0.0,0.0,0.004068,c,"(None,)","(None,)","(None,)","(None,)","(None,)","(None,)"
39,l2806553,l2806553,0.0,0.0,0.004068,0.0,0.0,0.0,0.0,0.0,0.004068,c,"(None,)","(None,)","(None,)","(None,)","(None,)","(None,)"
41,l3254873,l3254873,0.0,0.0,0.00244,0.0,0.0,0.0,0.0,0.0,0.00244,c,"(None,)","(None,)","(None,)","(None,)","(None,)","(None,)"
45,l3179637,l3179637,0.0,0.0,0.006104,0.0,0.0,0.0,0.0,0.0,0.006104,c,"(None,)","(None,)","(None,)","(None,)","(None,)","(None,)"
48,l3048890,l3048890,0.0,0.0,0.004068,0.0,0.0,0.0,0.0,0.0,0.004068,c,"(None,)","(None,)","(None,)","(None,)","(None,)","(None,)"
50,l3048889,l3048889,0.0,0.0,0.004068,0.0,0.0,0.0,0.0,0.0,0.004068,c,"(None,)","(None,)","(None,)","(None,)","(None,)","(None,)"
52,l2952007,l2952007,0.0,0.0,0.004068,0.0,0.0,0.0,0.0,0.0,0.004068,c,"(None,)","(None,)","(None,)","(None,)","(None,)","(None,)"
53,l2861158,l2861158,0.0,0.0,0.004068,0.0,0.0,0.0,0.0,0.0,0.004068,c,"(None,)","(None,)","(None,)","(None,)","(None,)","(None,)"
54,l3064514,l3064514,0.0,0.0,0.00244,0.0,0.0,0.0,0.0,0.0,0.00244,c,"(None,)","(None,)","(None,)","(None,)","(None,)","(None,)"
55,l3048888,l3048888,0.0,0.0,0.00244,0.0,0.0,0.0,0.0,0.0,0.00244,c,"(None,)","(None,)","(None,)","(None,)","(None,)","(None,)"
58,l2764411,l2764411,0.0,0.0,0.00244,0.0,0.0,0.0,0.0,0.0,0.00244,c,"(None,)","(None,)","(None,)","(None,)","(None,)","(None,)"
59,l2767343,l2767343,0.0,0.0,0.006104,0.0,0.0,0.0,0.0,0.0,0.006104,c,"(None,)","(None,)","(None,)","(None,)","(None,)","(None,)"
60,l2804957,l2804957,0.0,0.0,0.001628,0.0,0.0,0.0,0.0,0.0,0.001628,c,"(None,)","(None,)","(None,)","(None,)","(None,)","(None,)"
61,l3048937,l3048937,0.0,0.0,0.00244,0.0,0.0,0.0,0.0,0.0,0.00244,c,"(None,)","(None,)","(None,)","(None,)","(None,)","(None,)"
62,l3176661,l3176661,0.0,0.0,0.001628,0.0,0.0,0.0,0.0,0.0,0.001628,c,"(None,)","(None,)","(None,)","(None,)","(None,)","(None,)"
63,l2970804,l2970804,0.0,0.0,0.004068,0.0,0.0,0.0,0.0,0.0,0.004068,c,"(None,)","(None,)","(None,)","(None,)","(None,)","(None,)"
64,l2891575,l2891575,0.0,0.0,0.00244,0.0,0.0,0.0,0.0,0.0,0.00244,c,"(None,)","(None,)","(None,)","(None,)","(None,)","(None,)"
65,l2745811,l2745811,0.0,0.0,0.004068,0.0,0.0,0.0,0.0,0.0,0.004068,c,"(None,)","(None,)","(None,)","(None,)","(None,)","(None,)"
67,l3027124,l3027124,0.0,0.0,0.004068,0.0,0.0,0.0,0.0,0.0,0.004068,c,"(None,)","(None,)","(None,)","(None,)","(None,)","(None,)"
70,l3142050,l3142050,0.0,0.0,0.00244,0.0,0.0,0.0,0.0,0.0,0.00244,c,"(None,)","(None,)","(None,)","(None,)","(None,)","(None,)"
74,l2936270,l2936270,0.003548,0.0,0.0,0.0,0.0,0.0,0.003548,0.0,0.0,a,"(None,)","(None,)","(None,)","(None,)","(None,)","(None,)"
75,l3086078,l3086078,0.003548,0.0,0.0,0.0,0.0,0.0,0.003548,0.0,0.0,a,"(None,)","(None,)","(None,)","(None,)","(None,)","(None,)"
78,l3217056,l3217056,0.007096,0.0,0.0,0.0,0.0,0.0,0.007096,0.0,0.0,a,"(None,)","(None,)","(None,)","(None,)","(None,)","(None,)"
79,l3217057,l3217057,0.00142,0.0,0.0,0.0,0.0,0.0,0.00142,0.0,0.0,a,"(None,)","(None,)","(None,)","(None,)","(None,)","(None,)"
83,l2823611,l2823611,0.002128,0.0,0.0,0.0,0.0,0.0,0.002128,0.0,0.0,a,"(None,)","(None,)","(None,)","(None,)","(None,)","(None,)"
84,l3030204,l3030204,0.003548,0.0,0.0,0.0,0.0,0.0,0.003548,0.0,0.0,a,"(None,)","(None,)","(None,)","(None,)","(None,)","(None,)"
91,l3086098,l3086098,0.007096,0.0,0.0,0.0,0.0,0.0,0.007096,0.0,0.0,a,"(None,)","(None,)","(None,)","(None,)","(None,)","(None,)"
92,l2973833,l2973833,0.0,0.002336,0.0,0.0,0.0,0.0,0.0,0.002336,0.0,b,"(None,)","(None,)","(None,)","(None,)","(None,)","(None,)"
95,l2786266,l2786266,0.002128,0.0,0.0,0.0,0.0,0.0,0.002128,0.0,0.0,a,"(None,)","(None,)","(None,)","(None,)","(None,)","(None,)"
98,l2917333,l2917333,0.003548,0.0,0.0,0.0,0.0,0.0,0.003548,0.0,0.0,a,"(None,)","(None,)","(None,)","(None,)","(None,)","(None,)"
99,l2842383,l2842383,0.002128,0.0,0.0,0.0,0.0,0.0,0.002128,0.0,0.0,a,"(None,)","(None,)","(None,)","(None,)","(None,)","(None,)"
104,l2842384,l2842384,0.0,0.0,0.001628,0.0,0.0,0.0,0.0,0.0,0.001628,c,"(None,)","(None,)","(None,)","(None,)","(None,)","(None,)"
107,l2805034,l2805034,0.00142,0.0,0.0,0.0,0.0,0.0,0.00142,0.0,0.0,a,"(None,)","(None,)","(None,)","(None,)","(None,)","(None,)"
114,l3048965,l3048965,0.0,0.005836,0.0,0.0,0.0,0.0,0.0,0.005836,0.0,b,"(None,)","(None,)","(None,)","(None,)","(None,)","(None,)"
116,l2955077,l2955077,0.0,0.0,0.004068,0.0,0.0,0.0,0.0,0.0,0.004068,c,"(None,)","(None,)","(None,)","(None,)","(None,)","(None,)"
121,l3160872,l3160872,0.0,0.0,0.006104,0.0,0.0,0.0,0.0,0.0,0.006104,c,"(None,)","(None,)","(None,)","(None,)","(None,)","(None,)"
126,l2711225,l2711225,0.0,0.0,0.00244,0.0,0.0,0.0,0.0,0.0,0.00244,c,"(None,)","(None,)","(None,)","(None,)","(None,)","(None,)"
127,l3030200,l3030200,0.0,0.0,0.00244,0.0,0.0,0.0,0.0,0.0,0.00244,c,"(None,)","(None,)","(None,)","(None,)","(None,)","(None,)"
130,l3048962,l3048962,0.00532,0.0,0.0,0.0,0.0,0.0,0.00532,0.0,0.0,a,"(None,)","(None,)","(None,)","(None,)","(None,)","(None,)"
139,l3251799,l3251799,0.00532,0.0,0.0,0.0,0.0,0.0,0.00532,0.0,0.0,a,"(None,)","(None,)","(None,)","(None,)","(None,)","(None,)"
141,l3214071,l3214071,0.0,0.0,0.004068,0.0,0.0,0.0,0.0,0.0,0.004068,c,"(None,)","(None,)","(None,)","(None,)","(None,)","(None,)"
145,l3236004,l3236004,0.0,0.0,0.00244,0.0,0.0,0.0,0.0,0.0,0.00244,c,"(None,)","(None,)","(None,)","(None,)","(None,)","(None,)"
147,l2936211,l2936211,0.0,0.0,0.00244,0.0,0.0,0.0,0.0,0.0,0.00244,c,"(None,)","(None,)","(None,)","(None,)","(None,)","(None,)"
148,l2842329,l2842329,0.0,0.0,0.00244,0.0,0.0,0.0,0.0,0.0,0.00244,c,"(None,)","(None,)","(None,)","(None,)","(None,)","(None,)"
149,l3214069,l3214069,0.0,0.0,0.004068,0.0,0.0,0.0,0.0,0.0,0.004068,c,"(None,)","(None,)","(None,)","(None,)","(None,)","(None,)"
155,l2861197,l2861197,0.0,0.0,0.00244,0.0,0.0,0.0,0.0,0.0,0.00244,c,"(None,)","(None,)","(None,)","(None,)","(None,)","(None,)"
156,l3160896,l3160896,0.0,0.0,0.00244,0.0,0.0,0.0,0.0,0.0,0.00244,c,"(None,)","(None,)","(None,)","(None,)","(None,)","(None,)"
159,l2917255,l2917255,0.0,0.0,0.004068,0.0,0.0,0.0,0.0,0.0,0.004068,c,"(None,)","(None,)","(None,)","(None,)","(None,)","(None,)"
160,l3104796,l3104796,0.0,0.0,0.004068,0.0,0.0,0.0,0.0,0.0,0.004068,c,"(None,)","(None,)","(None,)","(None,)","(None,)","(None,)"
161,l3123452,l3123452,0.0,0.0,0.004068,0.0,0.0,0.0,0.0,0.0,0.004068,c,"(None,)","(None,)","(None,)","(None,)","(None,)","(None,)"
165,l2767341,l2767341,0.0,0.0,0.006104,0.0,0.0,0.0,0.0,0.0,0.006104,c,"(None,)","(None,)","(None,)","(None,)","(None,)","(None,)"
168,l3030126,l3030126,0.0,0.0,0.004068,0.0,0.0,0.0,0.0,0.0,0.004068,c,"(None,)","(None,)","(None,)","(None,)","(None,)","(None,)"
169,l3254870,l3254870,0.0,0.0,0.004068,0.0,0.0,0.0,0.0,0.0,0.004068,c,"(None,)","(None,)","(None,)","(None,)","(None,)","(None,)"
172,l3150961,l3150961,0.0,0.0,0.006104,0.0,0.0,0.0,0.0,0.0,0.006104,c,"(None,)","(None,)","(None,)","(None,)","(None,)","(None,)"
175,l3048887,l3048887,0.0,0.005836,0.0,0.0,0.0,0.0,0.0,0.005836,0.0,b,"(None,)","(None,)","(None,)","(None,)","(None,)","(None,)"
177,l2955005,l2955005,0.0,0.002336,0.0,0.0,0.0,0.0,0.0,0.002336,0.0,b,"(None,)","(None,)","(None,)","(None,)","(None,)","(None,)"
179,l3216988,l3216988,0.0,0.003892,0.0,0.0,0.0,0.0,0.0,0.003892,0.0,b,"(None,)","(None,)","(None,)","(None,)","(None,)","(None,)"
180,l3179607,l3179607,0.0,0.003892,0.0,0.0,0.0,0.0,0.0,0.003892,0.0,b,"(None,)","(None,)","(None,)","(None,)","(None,)","(None,)"
184,l3067478,l3067478,0.00532,0.0,0.0,0.0,0.0,0.0,0.00532,0.0,0.0,a,"(None,)","(None,)","(None,)","(None,)","(None,)","(None,)"
190,l2859403,l2859403,0.003548,0.0,0.0,0.0,0.0,0.0,0.003548,0.0,0.0,a,"(None,)","(None,)","(None,)","(None,)","(None,)","(None,)"
191,l2973791,l2973791,0.007096,0.0,0.0,0.0,0.0,0.0,0.007096,0.0,0.0,a,"(None,)","(None,)","(None,)","(None,)","(None,)","(None,)"
192,l3179650,l3179650,0.0,0.002336,0.0,0.0,0.0,0.0,0.0,0.002336,0.0,b,"(None,)","(None,)","(None,)","(None,)","(None,)","(None,)"
193,l3232902,l3232902,0.003548,0.0,0.0,0.0,0.0,0.0,0.003548,0.0,0.0,a,"(None,)","(None,)","(None,)","(None,)","(None,)","(None,)"
195,l2933135,l2933135,0.003548,0.0,0.0,0.0,0.0,0.0,0.003548,0.0,0.0,a,"(None,)","(None,)","(None,)","(None,)","(None,)","(None,)"
197,l2730106,l2730106,0.0,0.0,0.004068,0.0,0.0,0.0,0.0,0.0,0.004068,c,"(None,)","(None,)","(None,)","(None,)","(None,)","(None,)"
201,l3142049,l3142049,0.0,0.0,0.001628,0.0,0.0,0.0,0.0,0.0,0.001628,c,"(None,)","(None,)","(None,)","(None,)","(None,)","(None,)"
204,l3104830,l3104830,0.0,0.0,0.001628,0.0,0.0,0.0,0.0,0.0,0.001628,c,"(None,)","(None,)","(None,)","(None,)","(None,)","(None,)"
208,l2955047,l2955047,0.003548,0.0,0.0,0.0,0.0,0.0,0.003548,0.0,0.0,a,"(None,)","(None,)","(None,)","(None,)","(None,)","(None,)"
209,l3179646,l3179646,0.0,0.005836,0.0,0.0,0.0,0.0,0.0,0.005836,0.0,b,"(None,)","(None,)","(None,)","(None,)","(None,)","(None,)"
210,l2674027,l2674027,0.0,0.003892,0.0,0.0,0.0,0.0,0.0,0.003892,0.0,b,"(None,)","(None,)","(None,)","(None,)","(None,)","(None,)"
211,l2692633,l2692633,0.0,0.0,0.004068,0.0,0.0,0.0,0.0,0.0,0.004068,c,"(None,)","(None,)","(None,)","(None,)","(None,)","(None,)"
221,l2955006,l2955006,0.0,0.0,0.004068,0.0,0.0,0.0,0.0,0.0,0.004068,c,"(None,)","(None,)","(None,)","(None,)","(None,)","(None,)"
222,l2692600,l2692600,0.0,0.0,0.004068,0.0,0.0,0.0,0.0,0.0,0.004068,c,"(None,)","(None,)","(None,)","(None,)","(None,)","(None,)"
223,l3235945,l3235945,0.0,0.0,0.004068,0.0,0.0,0.0,0.0,0.0,0.004068,c,"(None,)","(None,)","(None,)","(None,)","(None,)","(None,)"
224,l2842330,l2842330,0.0,0.0,0.004068,0.0,0.0,0.0,0.0,0.0,0.004068,c,"(None,)","(None,)","(None,)","(None,)","(None,)","(None,)"
225,l3086002,l3086002,0.0,0.0,0.004068,0.0,0.0,0.0,0.0,0.0,0.004068,c,"(None,)","(None,)","(None,)","(None,)","(None,)","(None,)"
227,l2730107,l2730107,0.0,0.0,0.004068,0.0,0.0,0.0,0.0,0.0,0.004068,c,"(None,)","(None,)","(None,)","(None,)","(None,)","(None,)"
228,l3179608,l3179608,0.0,0.0,0.006104,0.0,0.0,0.0,0.0,0.0,0.006104,c,"(None,)","(None,)","(None,)","(None,)","(None,)","(None,)"
232,l2936213,l2936213,0.0,0.005836,0.0,0.0,0.0,0.0,0.0,0.005836,0.0,b,"(None,)","(None,)","(None,)","(None,)","(None,)","(None,)"
234,l3141394,l3141394,0.0,0.003892,0.0,0.0,0.0,0.0,0.0,0.003892,0.0,b,"(None,)","(None,)","(None,)","(None,)","(None,)","(None,)"
243,l3097861,l3097861,0.0,0.0,0.001628,0.0,0.0,0.0,0.0,0.0,0.001628,c,"(None,)","(None,)","(None,)","(None,)","(None,)","(None,)"
244,l2804277,l2804277,0.0,0.0,0.004068,0.0,0.0,0.0,0.0,0.0,0.004068,c,"(None,)","(None,)","(None,)","(None,)","(None,)","(None,)"
246,l3197625,l3197625,0.0,0.0,0.00244,0.0,0.0,0.0,0.0,0.0,0.00244,c,"(None,)","(None,)","(None,)","(None,)","(None,)","(None,)"
255,l3160098,l3160098,0.002128,0.0,0.0,0.0,0.0,0.0,0.002128,0.0,0.0,a,"(None,)","(None,)","(None,)","(None,)","(None,)","(None,)"
257,l3118855,l3118855,0.0,0.0,0.006104,0.0,0.0,0.0,0.0,0.0,0.006104,c,"(None,)","(None,)","(None,)","(None,)","(None,)","(None,)"
258,l3231255,l3231255,0.0,0.0,0.004068,0.0,0.0,0.0,0.0,0.0,0.004068,c,"(None,)","(None,)","(None,)","(None,)","(None,)","(None,)"
269,l3066814,l3066814,0.0,0.001556,0.0,0.0,0.0,0.0,0.0,0.001556,0.0,b,"(None,)","(None,)","(None,)","(None,)","(None,)","(None,)"
281,l2820535,l2820535,0.0,0.003892,0.0,0.0,0.0,0.0,0.0,0.003892,0.0,b,"(None,)","(None,)","(None,)","(None,)","(None,)","(None,)"
283,l2748144,l2748144,0.003548,0.0,0.0,0.0,0.0,0.0,0.003548,0.0,0.0,a,"(None,)","(None,)","(None,)","(None,)","(None,)","(None,)"
287,l2783231,l2783231,0.0,0.003892,0.0,0.0,0.0,0.0,0.0,0.003892,0.0,b,"(None,)","(None,)","(None,)","(None,)","(None,)","(None,)"
288,l3254227,l3254227,0.0,0.001556,0.0,0.0,0.0,0.0,0.0,0.001556,0.0,b,"(None,)","(None,)","(None,)","(None,)","(None,)","(None,)"
293,l2691966,l2691966,0.0,0.00778,0.0,0.0,0.0,0.0,0.0,0.00778,0.0,b,"(None,)","(None,)","(None,)","(None,)","(None,)","(None,)"
297,l3082983,l3082983,0.0,0.003892,0.0,0.0,0.0,0.0,0.0,0.003892,0.0,b,"(None,)","(None,)","(None,)","(None,)","(None,)","(None,)"
299,l2804270,l2804270,0.0,0.002336,0.0,0.0,0.0,0.0,0.0,0.002336,0.0,b,"(None,)","(None,)","(None,)","(None,)","(None,)","(None,)"
300,l3104145,l3104145,0.0,0.002336,0.0,0.0,0.0,0.0,0.0,0.002336,0.0,b,"(None,)","(None,)","(None,)","(None,)","(None,)","(None,)"
303,l2916619,l2916619,0.0,0.003892,0.0,0.0,0.0,0.0,0.0,0.003892,0.0,b,"(None,)","(None,)","(None,)","(None,)","(None,)","(None,)"
307,l2804269,l2804269,0.0,0.003892,0.0,0.0,0.0,0.0,0.0,0.003892,0.0,b,"(None,)","(None,)","(None,)","(None,)","(None,)","(None,)"
308,l2989564,l2989564,0.0,0.002336,0.0,0.0,0.0,0.0,0.0,0.002336,0.0,b,"(None,)","(None,)","(None,)","(None,)","(None,)","(None,)"
309,l2897789,l2897789,0.0,0.002336,0.0,0.0,0.0,0.0,0.0,0.002336,0.0,b,"(None,)","(None,)","(None,)","(None,)","(None,)","(None,)"
311,l2935547,l2935547,0.0,0.002336,0.0,0.0,0.0,0.0,0.0,0.002336,0.0,b,"(None,)","(None,)","(None,)","(None,)","(None,)","(None,)"
312,l3160113,l3160113,0.0,0.003892,0.0,0.0,0.0,0.0,0.0,0.003892,0.0,b,"(None,)","(None,)","(None,)","(None,)","(None,)","(None,)"
314,l2954361,l2954361,0.0,0.003892,0.0,0.0,0.0,0.0,0.0,0.003892,0.0,b,"(None,)","(None,)","(None,)","(None,)","(None,)","(None,)"
316,l3254228,l3254228,0.0,0.003892,0.0,0.0,0.0,0.0,0.0,0.003892,0.0,b,"(None,)","(None,)","(None,)","(None,)","(None,)","(None,)"
317,l2897791,l2897791,0.0,0.005836,0.0,0.0,0.0,0.0,0.0,0.005836,0.0,b,"(None,)","(None,)","(None,)","(None,)","(None,)","(None,)"
320,l3197653,l3197653,0.0,0.003892,0.0,0.0,0.0,0.0,0.0,0.003892,0.0,b,"(None,)","(None,)","(None,)","(None,)","(None,)","(None,)"
321,l2785535,l2785535,0.0,0.005836,0.0,0.0,0.0,0.0,0.0,0.005836,0.0,b,"(None,)","(None,)","(None,)","(None,)","(None,)","(None,)"
322,l2726974,l2726974,0.0,0.003892,0.0,0.0,0.0,0.0,0.0,0.003892,0.0,b,"(None,)","(None,)","(None,)","(None,)","(None,)","(None,)"
323,l2916618,l2916618,0.0,0.005836,0.0,0.0,0.0,0.0,0.0,0.005836,0.0,b,"(None,)","(None,)","(None,)","(None,)","(None,)","(None,)"
329,l3102793,l3102793,0.0,0.003892,0.0,0.0,0.0,0.0,0.0,0.003892,0.0,b,"(None,)","(None,)","(None,)","(None,)","(None,)","(None,)"
330,l2991929,l2991929,0.0,0.003892,0.0,0.0,0.0,0.0,0.0,0.003892,0.0,b,"(None,)","(None,)","(None,)","(None,)","(None,)","(None,)"
331,l2916617,l2916617,0.0,0.003892,0.0,0.0,0.0,0.0,0.0,0.003892,0.0,b,"(None,)","(None,)","(None,)","(None,)","(None,)","(None,)"
332,l2801902,l2801902,0.0,0.005836,0.0,0.0,0.0,0.0,0.0,0.005836,0.0,b,"(None,)","(None,)","(None,)","(None,)","(None,)","(None,)"
333,l3122835,l3122835,0.0,0.002336,0.0,0.0,0.0,0.0,0.0,0.002336,0.0,b,"(None,)","(None,)","(None,)","(None,)","(None,)","(None,)"
334,l2973171,l2973171,0.0,0.003892,0.0,0.0,0.0,0.0,0.0,0.003892,0.0,b,"(None,)","(None,)","(None,)","(None,)","(None,)","(None,)"
336,l3235273,l3235273,0.0,0.003892,0.0,0.0,0.0,0.0,0.0,0.003892,0.0,b,"(None,)","(None,)","(None,)","(None,)","(None,)","(None,)"
337,l3176660,l3176660,0.0,0.002336,0.0,0.0,0.0,0.0,0.0,0.002336,0.0,b,"(None,)","(None,)","(None,)","(None,)","(None,)","(None,)"
339,l3085410,l3085410,0.0,0.002336,0.0,0.0,0.0,0.0,0.0,0.002336,0.0,b,"(None,)","(None,)","(None,)","(None,)","(None,)","(None,)"
340,l2860499,l2860499,0.0,0.00778,0.0,0.0,0.0,0.0,0.0,0.00778,0.0,b,"(None,)","(None,)","(None,)","(None,)","(None,)","(None,)"
343,l3254229,l3254229,0.0,0.003892,0.0,0.0,0.0,0.0,0.0,0.003892,0.0,b,"(None,)","(None,)","(None,)","(None,)","(None,)","(None,)"
345,l3178988,l3178988,0.0,0.001556,0.0,0.0,0.0,0.0,0.0,0.001556,0.0,b,"(None,)","(None,)","(None,)","(None,)","(None,)","(None,)"
347,l3066826,l3066826,0.0,0.005836,0.0,0.0,0.0,0.0,0.0,0.005836,0.0,b,"(None,)","(None,)","(None,)","(None,)","(None,)","(None,)"
349,l2710530,l2710530,0.0,0.002336,0.0,0.0,0.0,0.0,0.0,0.002336,0.0,b,"(None,)","(None,)","(None,)","(None,)","(None,)","(None,)"
351,l2822873,l2822873,0.0,0.001556,0.0,0.0,0.0,0.0,0.0,0.001556,0.0,b,"(None,)","(None,)","(None,)","(None,)","(None,)","(None,)"
352,l2785536,l2785536,0.0,0.002336,0.0,0.0,0.0,0.0,0.0,0.002336,0.0,b,"(None,)","(None,)","(None,)","(None,)","(None,)","(None,)"
354,l3160115,l3160115,0.0,0.00778,0.0,0.0,0.0,0.0,0.0,0.00778,0.0,b,"(None,)","(None,)","(None,)","(None,)","(None,)","(None,)"
355,l2935567,l2935567,0.0,0.002336,0.0,0.0,0.0,0.0,0.0,0.002336,0.0,b,"(None,)","(None,)","(None,)","(None,)","(None,)","(None,)"
357,l2804272,l2804272,0.0,0.002336,0.0,0.0,0.0,0.0,0.0,0.002336,0.0,b,"(None,)","(None,)","(None,)","(None,)","(None,)","(None,)"
358,l2841641,l2841641,0.0,0.002336,0.0,0.0,0.0,0.0,0.0,0.002336,0.0,b,"(None,)","(None,)","(None,)","(None,)","(None,)","(None,)"
364,l2673331,l2673331,0.0,0.00778,0.0,0.0,0.0,0.0,0.0,0.00778,0.0,b,"(None,)","(None,)","(None,)","(None,)","(None,)","(None,)"
367,l2691965,l2691965,0.0,0.00078,0.0,0.0,0.0,0.0,0.0,0.00078,0.0,b,"(None,)","(None,)","(None,)","(None,)","(None,)","(None,)"
368,l2785534,l2785534,0.0,0.003892,0.0,0.0,0.0,0.0,0.0,0.003892,0.0,b,"(None,)","(None,)","(None,)","(None,)","(None,)","(None,)"
374,l3008237,l3008237,0.0,0.0,0.004068,0.0,0.0,0.0,0.0,0.0,0.004068,c,"(None,)","(None,)","(None,)","(None,)","(None,)","(None,)"
379,l3197652,l3197652,0.003548,0.0,0.0,0.0,0.0,0.0,0.003548,0.0,0.0,a,"(None,)","(None,)","(None,)","(None,)","(None,)","(None,)"
380,l2748143,l2748143,0.003548,0.0,0.0,0.0,0.0,0.0,0.003548,0.0,0.0,a,"(None,)","(None,)","(None,)","(None,)","(None,)","(None,)"
381,l3251854,l3251854,0.003548,0.0,0.0,0.0,0.0,0.0,0.003548,0.0,0.0,a,"(None,)","(None,)","(None,)","(None,)","(None,)","(None,)"
383,l2729424,l2729424,0.002128,0.0,0.0,0.0,0.0,0.0,0.002128,0.0,0.0,a,"(None,)","(None,)","(None,)","(None,)","(None,)","(None,)"
384,l3104144,l3104144,0.00142,0.0,0.0,0.0,0.0,0.0,0.00142,0.0,0.0,a,"(None,)","(None,)","(None,)","(None,)","(None,)","(None,)"
389,l3160114,l3160114,0.002128,0.0,0.0,0.0,0.0,0.0,0.002128,0.0,0.0,a,"(None,)","(None,)","(None,)","(None,)","(None,)","(None,)"
393,l2729423,l2729423,0.0,0.0,0.00244,0.0,0.0,0.0,0.0,0.0,0.00244,c,"(None,)","(None,)","(None,)","(None,)","(None,)","(None,)"
395,l2897790,l2897790,0.0,0.0,0.004068,0.0,0.0,0.0,0.0,0.0,0.004068,c,"(None,)","(None,)","(None,)","(None,)","(None,)","(None,)"
396,l2935566,l2935566,0.0,0.0,0.004068,0.0,0.0,0.0,0.0,0.0,0.004068,c,"(None,)","(None,)","(None,)","(None,)","(None,)","(None,)"
400,l2766738,l2766738,0.0,0.0,0.004068,0.0,0.0,0.0,0.0,0.0,0.004068,c,"(None,)","(None,)","(None,)","(None,)","(None,)","(None,)"
407,l2916620,l2916620,0.00142,0.001556,0.001628,0.0,0.0,0.0,0.00142,0.001556,0.001628,abc,"(None, None, None)","(None, None, None)","(None, None, None)","(None, None, None)","(None, None, None)","(None, None, None)"
413,l2897792,l2897792,0.002128,0.0,0.0,0.0,0.0,0.0,0.002128,0.0,0.0,a,"(None,)","(None,)","(None,)","(None,)","(None,)","(None,)"
414,l2785538,l2785538,0.003548,0.0,0.0,0.0,0.0,0.0,0.003548,0.0,0.0,a,"(None,)","(None,)","(None,)","(None,)","(None,)","(None,)"
415,l2897793,l2897793,0.00142,0.0,0.0,0.0,0.0,0.0,0.00142,0.0,0.0,a,"(None,)","(None,)","(None,)","(None,)","(None,)","(None,)"
418,l3254230,l3254230,0.000708,0.0,0.0,0.0,0.0,0.0,0.000708,0.0,0.0,a,"(None,)","(None,)","(None,)","(None,)","(None,)","(None,)"
424,l2973150,l2973150,0.002128,0.0,0.0,0.0,0.0,0.0,0.002128,0.0,0.0,a,"(None,)","(None,)","(None,)","(None,)","(None,)","(None,)"
426,l3066804,l3066804,0.00532,0.0,0.0,0.0,0.0,0.0,0.00532,0.0,0.0,a,"(None,)","(None,)","(None,)","(None,)","(None,)","(None,)"
427,l2820533,l2820533,0.003548,0.0,0.0,0.0,0.0,0.0,0.003548,0.0,0.0,a,"(None,)","(None,)","(None,)","(None,)","(None,)","(None,)"
428,l3254231,l3254231,0.00142,0.0,0.0,0.0,0.0,0.0,0.00142,0.0,0.0,a,"(None,)","(None,)","(None,)","(None,)","(None,)","(None,)"
434,l2691967,l2691967,0.0,0.002336,0.0,0.0,0.0,0.0,0.0,0.002336,0.0,b,"(None,)","(None,)","(None,)","(None,)","(None,)","(None,)"
439,l2764403,l2764403,0.003548,0.0,0.0,0.0,0.0,0.0,0.003548,0.0,0.0,a,"(None,)","(None,)","(None,)","(None,)","(None,)","(None,)"
442,l2785537,l2785537,0.002128,0.0,0.0,0.0,0.0,0.0,0.002128,0.0,0.0,a,"(None,)","(None,)","(None,)","(None,)","(None,)","(None,)"
443,l2748157,l2748157,0.00532,0.0,0.0,0.0,0.0,0.0,0.00532,0.0,0.0,a,"(None,)","(None,)","(None,)","(None,)","(None,)","(None,)"
445,l2841632,l2841632,0.0,0.003892,0.0,0.0,0.0,0.0,0.0,0.003892,0.0,b,"(None,)","(None,)","(None,)","(None,)","(None,)","(None,)"
453,l3104129,l3104129,0.00532,0.0,0.0,0.0,0.0,0.0,0.00532,0.0,0.0,a,"(None,)","(None,)","(None,)","(None,)","(None,)","(None,)"
455,l3178979,l3178979,0.0,0.0,0.006104,0.0,0.0,0.0,0.0,0.0,0.006104,c,"(None,)","(None,)","(None,)","(None,)","(None,)","(None,)"
459,l3029505,l3029505,0.0,0.0,0.004068,0.0,0.0,0.0,0.0,0.0,0.004068,c,"(None,)","(None,)","(None,)","(None,)","(None,)","(None,)"
460,l2673318,l2673318,0.0,0.0,0.004068,0.0,0.0,0.0,0.0,0.0,0.004068,c,"(None,)","(None,)","(None,)","(None,)","(None,)","(None,)"
464,l3085401,l3085401,0.00532,0.0,0.0,0.0,0.0,0.0,0.00532,0.0,0.0,a,"(None,)","(None,)","(None,)","(None,)","(None,)","(None,)"
469,l2858166,l2858166,0.00142,0.0,0.0,0.0,0.0,0.0,0.00142,0.0,0.0,a,"(None,)","(None,)","(None,)","(None,)","(None,)","(None,)"
472,l3066815,l3066815,0.0,0.0,0.004068,0.0,0.0,0.0,0.0,0.0,0.004068,c,"(None,)","(None,)","(None,)","(None,)","(None,)","(None,)"
476,l3103822,l3103822,0.0,0.0,0.006104,0.0,0.0,0.0,0.0,0.0,0.006104,c,"(None,)","(None,)","(None,)","(None,)","(None,)","(None,)"
481,l2785521,l2785521,0.0,0.0,0.006104,0.0,0.0,0.0,0.0,0.0,0.006104,c,"(None,)","(None,)","(None,)","(None,)","(None,)","(None,)"
484,l2879070,l2879070,0.0,0.002336,0.0,0.0,0.0,0.0,0.0,0.002336,0.0,b,"(None,)","(None,)","(None,)","(None,)","(None,)","(None,)"
485,l3216345,l3216345,0.0,0.005836,0.0,0.0,0.0,0.0,0.0,0.005836,0.0,b,"(None,)","(None,)","(None,)","(None,)","(None,)","(None,)"
489,l3649297,l3649297,0.00532,0.0,0.0,0.0,0.0,0.0,0.00532,0.0,0.0,a,"(None,)","(None,)","(None,)","(None,)","(None,)","(None,)"
490,l3649298,l3649298,0.00532,0.0,0.0,0.0,0.0,0.0,0.00532,0.0,0.0,a,"(None,)","(None,)","(None,)","(None,)","(None,)","(None,)"
491,l3649299,l3649299,0.003548,0.0,0.0,0.0,0.0,0.0,0.003548,0.0,0.0,a,"(None,)","(None,)","(None,)","(None,)","(None,)","(None,)"
493,l3649306,l3649306,0.00532,0.0,0.0,0.0,0.0,0.0,0.00532,0.0,0.0,a,"(None,)","(None,)","(None,)","(None,)","(None,)","(None,)"
494,l3649300,l3649300,0.00532,0.0,0.0,0.0,0.0,0.0,0.00532,0.0,0.0,a,"(None,)","(None,)","(None,)","(None,)","(None,)","(None,)"
495,l3649301,l3649301,0.00532,0.0,0.0,0.0,0.0,0.0,0.00532,0.0,0.0,a,"(None,)","(None,)","(None,)","(None,)","(None,)","(None,)"
496,l3649302,l3649302,0.00532,0.0,0.0,0.0,0.0,0.0,0.00532,0.0,0.0,a,"(None,)","(None,)","(None,)","(None,)","(None,)","(None,)"
497,l3649304,l3649304,0.00532,0.0,0.0,0.0,0.0,0.0,0.00532,0.0,0.0,a,"(None,)","(None,)","(None,)","(None,)","(None,)","(None,)"
498,l3649305,l3649305,0.002128,0.0,0.0,0.0,0.0,0.0,0.002128,0.0,0.0,a,"(None,)","(None,)","(None,)","(None,)","(None,)","(None,)"
499,l3235254,l3235254,0.0,0.0,0.004068,0.0,0.0,0.0,0.0,0.0,0.004068,c,"(None,)","(None,)","(None,)","(None,)","(None,)","(None,)"
508,l2804262,l2804262,0.002128,0.0,0.0,0.0,0.0,0.0,0.002128,0.0,0.0,a,"(None,)","(None,)","(None,)","(None,)","(None,)","(None,)"
509,l2841639,l2841639,0.003548,0.0,0.0,0.0,0.0,0.0,0.003548,0.0,0.0,a,"(None,)","(None,)","(None,)","(None,)","(None,)","(None,)"
511,l2729413,l2729413,0.002128,0.0,0.0,0.0,0.0,0.0,0.002128,0.0,0.0,a,"(None,)","(None,)","(None,)","(None,)","(None,)","(None,)"
513,l2916598,l2916598,0.00142,0.0,0.0,0.0,0.0,0.0,0.00142,0.0,0.0,a,"(None,)","(None,)","(None,)","(None,)","(None,)","(None,)"
514,l3048212,l3048212,0.00142,0.0,0.0,0.0,0.0,0.0,0.00142,0.0,0.0,a,"(None,)","(None,)","(None,)","(None,)","(None,)","(None,)"
515,l3120376,l3120376,0.003548,0.0,0.0,0.0,0.0,0.0,0.003548,0.0,0.0,a,"(None,)","(None,)","(None,)","(None,)","(None,)","(None,)"
517,l2916599,l2916599,0.003548,0.0,0.0,0.0,0.0,0.0,0.003548,0.0,0.0,a,"(None,)","(None,)","(None,)","(None,)","(None,)","(None,)"
518,l3235249,l3235249,0.00142,0.0,0.0,0.0,0.0,0.0,0.00142,0.0,0.0,a,"(None,)","(None,)","(None,)","(None,)","(None,)","(None,)"
519,l2954348,l2954348,0.003548,0.0,0.0,0.0,0.0,0.0,0.003548,0.0,0.0,a,"(None,)","(None,)","(None,)","(None,)","(None,)","(None,)"
520,l2841615,l2841615,0.002128,0.0,0.0,0.0,0.0,0.0,0.002128,0.0,0.0,a,"(None,)","(None,)","(None,)","(None,)","(None,)","(None,)"
522,l3216336,l3216336,0.003548,0.0,0.0,0.0,0.0,0.0,0.003548,0.0,0.0,a,"(None,)","(None,)","(None,)","(None,)","(None,)","(None,)"
523,l2691936,l2691936,0.002128,0.0,0.0,0.0,0.0,0.0,0.002128,0.0,0.0,a,"(None,)","(None,)","(None,)","(None,)","(None,)","(None,)"
525,l3197618,l3197618,0.002128,0.0,0.0,0.0,0.0,0.0,0.002128,0.0,0.0,a,"(None,)","(None,)","(None,)","(None,)","(None,)","(None,)"
527,l3270814,l3270814,0.003548,0.0,0.0,0.0,0.0,0.0,0.003548,0.0,0.0,a,"(None,)","(None,)","(None,)","(None,)","(None,)","(None,)"
528,l3141389,l3141389,0.002128,0.0,0.0,0.0,0.0,0.0,0.002128,0.0,0.0,a,"(None,)","(None,)","(None,)","(None,)","(None,)","(None,)"
529,l2860477,l2860477,0.002128,0.0,0.0,0.0,0.0,0.0,0.002128,0.0,0.0,a,"(None,)","(None,)","(None,)","(None,)","(None,)","(None,)"
530,l3216337,l3216337,0.002128,0.0,0.0,0.0,0.0,0.0,0.002128,0.0,0.0,a,"(None,)","(None,)","(None,)","(None,)","(None,)","(None,)"
531,l2691973,l2691973,0.002128,0.0,0.0,0.0,0.0,0.0,0.002128,0.0,0.0,a,"(None,)","(None,)","(None,)","(None,)","(None,)","(None,)"
533,l2954357,l2954357,0.00532,0.0,0.0,0.0,0.0,0.0,0.00532,0.0,0.0,a,"(None,)","(None,)","(None,)","(None,)","(None,)","(None,)"
534,l2973165,l2973165,0.003548,0.0,0.0,0.0,0.0,0.0,0.003548,0.0,0.0,a,"(None,)","(None,)","(None,)","(None,)","(None,)","(None,)"
536,l3197646,l3197646,0.0,0.003892,0.0,0.0,0.0,0.0,0.0,0.003892,0.0,b,"(None,)","(None,)","(None,)","(None,)","(None,)","(None,)"
539,l2822871,l2822871,0.0,0.003892,0.0,0.0,0.0,0.0,0.0,0.003892,0.0,b,"(None,)","(None,)","(None,)","(None,)","(None,)","(None,)"
547,l2820528,l2820528,0.0,0.0,0.004068,0.0,0.0,0.0,0.0,0.0,0.004068,c,"(None,)","(None,)","(None,)","(None,)","(None,)","(None,)"
548,l2745799,l2745799,0.0,0.0,0.004068,0.0,0.0,0.0,0.0,0.0,0.004068,c,"(None,)","(None,)","(None,)","(None,)","(None,)","(None,)"
549,l3120484,l3120484,0.0,0.0,0.00244,0.0,0.0,0.0,0.0,0.0,0.00244,c,"(None,)","(None,)","(None,)","(None,)","(None,)","(None,)"
556,l3085398,l3085398,0.0,0.003892,0.0,0.0,0.0,0.0,0.0,0.003892,0.0,b,"(None,)","(None,)","(None,)","(None,)","(None,)","(None,)"
558,l3160102,l3160102,0.0,0.003892,0.0,0.0,0.0,0.0,0.0,0.003892,0.0,b,"(None,)","(None,)","(None,)","(None,)","(None,)","(None,)"
564,l3122818,l3122818,0.0,0.0,0.004068,0.0,0.0,0.0,0.0,0.0,0.004068,c,"(None,)","(None,)","(None,)","(None,)","(None,)","(None,)"
565,l2876814,l2876814,0.00142,0.0,0.0,0.0,0.0,0.0,0.00142,0.0,0.0,a,"(None,)","(None,)","(None,)","(None,)","(None,)","(None,)"
570,l2746587,l2746587,0.0,0.0,0.004068,0.0,0.0,0.0,0.0,0.0,0.004068,c,"(None,)","(None,)","(None,)","(None,)","(None,)","(None,)"
572,l2991933,l2991933,0.0,0.0,0.008136,0.0,0.0,0.0,0.0,0.0,0.008136,c,"(None,)","(None,)","(None,)","(None,)","(None,)","(None,)"
573,l3122837,l3122837,0.0,0.0,0.006104,0.0,0.0,0.0,0.0,0.0,0.006104,c,"(None,)","(None,)","(None,)","(None,)","(None,)","(None,)"
574,l3048222,l3048222,0.0,0.0,0.006104,0.0,0.0,0.0,0.0,0.0,0.006104,c,"(None,)","(None,)","(None,)","(None,)","(None,)","(None,)"
576,l2673323,l2673323,0.0,0.0,0.004068,0.0,0.0,0.0,0.0,0.0,0.004068,c,"(None,)","(None,)","(None,)","(None,)","(None,)","(None,)"
578,l2710525,l2710525,0.0,0.0,0.004068,0.0,0.0,0.0,0.0,0.0,0.004068,c,"(None,)","(None,)","(None,)","(None,)","(None,)","(None,)"
582,l2689691,l2689691,0.003548,0.0,0.0,0.0,0.0,0.0,0.003548,0.0,0.0,a,"(None,)","(None,)","(None,)","(None,)","(None,)","(None,)"
585,l2766730,l2766730,0.0,0.002336,0.0,0.0,0.0,0.0,0.0,0.002336,0.0,b,"(None,)","(None,)","(None,)","(None,)","(None,)","(None,)"
586,l2673322,l2673322,0.0,0.001556,0.0,0.0,0.0,0.0,0.0,0.001556,0.0,b,"(None,)","(None,)","(None,)","(None,)","(None,)","(None,)"
587,l2859391,l2859391,0.0,0.003892,0.0,0.0,0.0,0.0,0.0,0.003892,0.0,b,"(None,)","(None,)","(None,)","(None,)","(None,)","(None,)"
592,l3101789,l3101789,0.003548,0.0,0.0,0.0,0.0,0.0,0.003548,0.0,0.0,a,"(None,)","(None,)","(None,)","(None,)","(None,)","(None,)"
596,l3010563,l3010563,0.002128,0.0,0.0,0.0,0.0,0.0,0.002128,0.0,0.0,a,"(None,)","(None,)","(None,)","(None,)","(None,)","(None,)"
597,l2841623,l2841623,0.002128,0.0,0.0,0.0,0.0,0.0,0.002128,0.0,0.0,a,"(None,)","(None,)","(None,)","(None,)","(None,)","(None,)"
600,l3156034,l3156034,0.00142,0.0,0.0,0.0,0.0,0.0,0.00142,0.0,0.0,a,"(None,)","(None,)","(None,)","(None,)","(None,)","(None,)"
601,l3066821,l3066821,0.003548,0.0,0.0,0.0,0.0,0.0,0.003548,0.0,0.0,a,"(None,)","(None,)","(None,)","(None,)","(None,)","(None,)"
603,l2748140,l2748140,0.003548,0.0,0.0,0.0,0.0,0.0,0.003548,0.0,0.0,a,"(None,)","(None,)","(None,)","(None,)","(None,)","(None,)"
604,l3141412,l3141412,0.002128,0.0,0.0,0.0,0.0,0.0,0.002128,0.0,0.0,a,"(None,)","(None,)","(None,)","(None,)","(None,)","(None,)"
606,l3029500,l3029500,0.003548,0.0,0.0,0.0,0.0,0.0,0.003548,0.0,0.0,a,"(None,)","(None,)","(None,)","(None,)","(None,)","(None,)"
608,l3178976,l3178976,0.002128,0.0,0.0,0.0,0.0,0.0,0.002128,0.0,0.0,a,"(None,)","(None,)","(None,)","(None,)","(None,)","(None,)"
610,l2973169,l2973169,0.002128,0.0,0.0,0.0,0.0,0.0,0.002128,0.0,0.0,a,"(None,)","(None,)","(None,)","(None,)","(None,)","(None,)"
611,l3216346,l3216346,0.002128,0.0,0.0,0.0,0.0,0.0,0.002128,0.0,0.0,a,"(None,)","(None,)","(None,)","(None,)","(None,)","(None,)"
612,l2858163,l2858163,0.002128,0.0,0.0,0.0,0.0,0.0,0.002128,0.0,0.0,a,"(None,)","(None,)","(None,)","(None,)","(None,)","(None,)"
613,l2766747,l2766747,0.003548,0.0,0.0,0.0,0.0,0.0,0.003548,0.0,0.0,a,"(None,)","(None,)","(None,)","(None,)","(None,)","(None,)"
616,l3065696,l3065696,0.003548,0.0,0.0,0.0,0.0,0.0,0.003548,0.0,0.0,a,"(None,)","(None,)","(None,)","(None,)","(None,)","(None,)"
617,l3047058,l3047058,0.00532,0.0,0.0,0.0,0.0,0.0,0.00532,0.0,0.0,a,"(None,)","(None,)","(None,)","(None,)","(None,)","(None,)"
618,l3178982,l3178982,0.003548,0.0,0.0,0.0,0.0,0.0,0.003548,0.0,0.0,a,"(None,)","(None,)","(None,)","(None,)","(None,)","(None,)"
620,l2914323,l2914323,0.0,0.001556,0.0,0.0,0.0,0.0,0.0,0.001556,0.0,b,"(None,)","(None,)","(None,)","(None,)","(None,)","(None,)"
623,l2710542,l2710542,0.0,0.003892,0.0,0.0,0.0,0.0,0.0,0.003892,0.0,b,"(None,)","(None,)","(None,)","(None,)","(None,)","(None,)"
624,l2729430,l2729430,0.0,0.003892,0.0,0.0,0.0,0.0,0.0,0.003892,0.0,b,"(None,)","(None,)","(None,)","(None,)","(None,)","(None,)"
625,l2766742,l2766742,0.0,0.002336,0.0,0.0,0.0,0.0,0.0,0.002336,0.0,b,"(None,)","(None,)","(None,)","(None,)","(None,)","(None,)"
627,l3254234,l3254234,0.0,0.003892,0.0,0.0,0.0,0.0,0.0,0.003892,0.0,b,"(None,)","(None,)","(None,)","(None,)","(None,)","(None,)"
628,l3104114,l3104114,0.0,0.003892,0.0,0.0,0.0,0.0,0.0,0.003892,0.0,b,"(None,)","(None,)","(None,)","(None,)","(None,)","(None,)"
630,l2691939,l2691939,0.0,0.003892,0.0,0.0,0.0,0.0,0.0,0.003892,0.0,b,"(None,)","(None,)","(None,)","(None,)","(None,)","(None,)"
631,l2860478,l2860478,0.0,0.002336,0.0,0.0,0.0,0.0,0.0,0.002336,0.0,b,"(None,)","(None,)","(None,)","(None,)","(None,)","(None,)"
632,l2822858,l2822858,0.0,0.003892,0.0,0.0,0.0,0.0,0.0,0.003892,0.0,b,"(None,)","(None,)","(None,)","(None,)","(None,)","(None,)"
633,l2822857,l2822857,0.0,0.002336,0.0,0.0,0.0,0.0,0.0,0.002336,0.0,b,"(None,)","(None,)","(None,)","(None,)","(None,)","(None,)"
634,l2954338,l2954338,0.0,0.003892,0.0,0.0,0.0,0.0,0.0,0.003892,0.0,b,"(None,)","(None,)","(None,)","(None,)","(None,)","(None,)"
636,l2766715,l2766715,0.0,0.002336,0.0,0.0,0.0,0.0,0.0,0.002336,0.0,b,"(None,)","(None,)","(None,)","(None,)","(None,)","(None,)"
637,l3254206,l3254206,0.0,0.003892,0.0,0.0,0.0,0.0,0.0,0.003892,0.0,b,"(None,)","(None,)","(None,)","(None,)","(None,)","(None,)"
641,l2801896,l2801896,0.0,0.002336,0.0,0.0,0.0,0.0,0.0,0.002336,0.0,b,"(None,)","(None,)","(None,)","(None,)","(None,)","(None,)"
643,l2673326,l2673326,0.0,0.002336,0.0,0.0,0.0,0.0,0.0,0.002336,0.0,b,"(None,)","(None,)","(None,)","(None,)","(None,)","(None,)"
644,l2691938,l2691938,0.0,0.003892,0.0,0.0,0.0,0.0,0.0,0.003892,0.0,b,"(None,)","(None,)","(None,)","(None,)","(None,)","(None,)"
646,l2991901,l2991901,0.0,0.003892,0.0,0.0,0.0,0.0,0.0,0.003892,0.0,b,"(None,)","(None,)","(None,)","(None,)","(None,)","(None,)"
648,l3231269,l3231269,0.0,0.002336,0.0,0.0,0.0,0.0,0.0,0.002336,0.0,b,"(None,)","(None,)","(None,)","(None,)","(None,)","(None,)"
649,l2911069,l2911069,0.0,0.002336,0.0,0.0,0.0,0.0,0.0,0.002336,0.0,b,"(None,)","(None,)","(None,)","(None,)","(None,)","(None,)"
650,l2948732,l2948732,0.0,0.002336,0.0,0.0,0.0,0.0,0.0,0.002336,0.0,b,"(None,)","(None,)","(None,)","(None,)","(None,)","(None,)"
651,l3216338,l3216338,0.0,0.003892,0.0,0.0,0.0,0.0,0.0,0.003892,0.0,b,"(None,)","(None,)","(None,)","(None,)","(None,)","(None,)"
652,l2973146,l2973146,0.0,0.003892,0.0,0.0,0.0,0.0,0.0,0.003892,0.0,b,"(None,)","(None,)","(None,)","(None,)","(None,)","(None,)"
653,l2804245,l2804245,0.0,0.003892,0.0,0.0,0.0,0.0,0.0,0.003892,0.0,b,"(None,)","(None,)","(None,)","(None,)","(None,)","(None,)"
655,l3251806,l3251806,0.0,0.002336,0.0,0.0,0.0,0.0,0.0,0.002336,0.0,b,"(None,)","(None,)","(None,)","(None,)","(None,)","(None,)"
656,l3160108,l3160108,0.0,0.005836,0.0,0.0,0.0,0.0,0.0,0.005836,0.0,b,"(None,)","(None,)","(None,)","(None,)","(None,)","(None,)"
657,l3029510,l3029510,0.0,0.002336,0.0,0.0,0.0,0.0,0.0,0.002336,0.0,b,"(None,)","(None,)","(None,)","(None,)","(None,)","(None,)"
658,l2729409,l2729409,0.0,0.003892,0.0,0.0,0.0,0.0,0.0,0.003892,0.0,b,"(None,)","(None,)","(None,)","(None,)","(None,)","(None,)"
659,l2841624,l2841624,0.0,0.002336,0.0,0.0,0.0,0.0,0.0,0.002336,0.0,b,"(None,)","(None,)","(None,)","(None,)","(None,)","(None,)"
661,l2748139,l2748139,0.0,0.002336,0.0,0.0,0.0,0.0,0.0,0.002336,0.0,b,"(None,)","(None,)","(None,)","(None,)","(None,)","(None,)"
662,l2991927,l2991927,0.0,0.003892,0.0,0.0,0.0,0.0,0.0,0.003892,0.0,b,"(None,)","(None,)","(None,)","(None,)","(None,)","(None,)"
663,l2860479,l2860479,0.0,0.001556,0.0,0.0,0.0,0.0,0.0,0.001556,0.0,b,"(None,)","(None,)","(None,)","(None,)","(None,)","(None,)"
665,l3178969,l3178969,0.0,0.002336,0.0,0.0,0.0,0.0,0.0,0.002336,0.0,b,"(None,)","(None,)","(None,)","(None,)","(None,)","(None,)"
666,l2729401,l2729401,0.0,0.002336,0.0,0.0,0.0,0.0,0.0,0.002336,0.0,b,"(None,)","(None,)","(None,)","(None,)","(None,)","(None,)"
669,l3315860,l3315860,0.0,0.002336,0.0,0.0,0.0,0.0,0.0,0.002336,0.0,b,"(None,)","(None,)","(None,)","(None,)","(None,)","(None,)"
671,l3177881,l3177881,0.0,0.0,0.004068,0.0,0.0,0.0,0.0,0.0,0.004068,c,"(None,)","(None,)","(None,)","(None,)","(None,)","(None,)"
673,l2685805,l2685805,0.003548,0.0,0.0,0.0,0.0,0.0,0.003548,0.0,0.0,a,"(None,)","(None,)","(None,)","(None,)","(None,)","(None,)"
675,l3122817,l3122817,0.0,0.0,0.00244,0.0,0.0,0.0,0.0,0.0,0.00244,c,"(None,)","(None,)","(None,)","(None,)","(None,)","(None,)"
676,l2673314,l2673314,0.0,0.0,0.001628,0.0,0.0,0.0,0.0,0.0,0.001628,c,"(None,)","(None,)","(None,)","(None,)","(None,)","(None,)"
679,l3197634,l3197634,0.0,0.005836,0.0,0.0,0.0,0.0,0.0,0.005836,0.0,b,"(None,)","(None,)","(None,)","(None,)","(None,)","(None,)"
684,l3122816,l3122816,0.0,0.003892,0.0,0.0,0.0,0.0,0.0,0.003892,0.0,b,"(None,)","(None,)","(None,)","(None,)","(None,)","(None,)"
685,l3160103,l3160103,0.0,0.0,0.00244,0.0,0.0,0.0,0.0,0.0,0.00244,c,"(None,)","(None,)","(None,)","(None,)","(None,)","(None,)"
688,l2804256,l2804256,0.0,0.001556,0.0,0.0,0.0,0.0,0.0,0.001556,0.0,b,"(None,)","(None,)","(None,)","(None,)","(None,)","(None,)"
691,l3632979,l3632979,0.002128,0.0,0.0,0.0,0.0,0.0,0.002128,0.0,0.0,a,"(None,)","(None,)","(None,)","(None,)","(None,)","(None,)"
700,l2916608,l2916608,0.0,0.0,0.001628,0.0,0.0,0.0,0.0,0.0,0.001628,c,"(None,)","(None,)","(None,)","(None,)","(None,)","(None,)"
702,l2673313,l2673313,0.0,0.003892,0.0,0.0,0.0,0.0,0.0,0.003892,0.0,b,"(None,)","(None,)","(None,)","(None,)","(None,)","(None,)"
706,l2804257,l2804257,0.0,0.002336,0.0,0.0,0.0,0.0,0.0,0.002336,0.0,b,"(None,)","(None,)","(None,)","(None,)","(None,)","(None,)"
707,l2860485,l2860485,0.0,0.002336,0.0,0.0,0.0,0.0,0.0,0.002336,0.0,b,"(None,)","(None,)","(None,)","(None,)","(None,)","(None,)"
708,l2860506,l2860506,0.0,0.002336,0.0,0.0,0.0,0.0,0.0,0.002336,0.0,b,"(None,)","(None,)","(None,)","(None,)","(None,)","(None,)"
710,l2785522,l2785522,0.0,0.003892,0.0,0.0,0.0,0.0,0.0,0.003892,0.0,b,"(None,)","(None,)","(None,)","(None,)","(None,)","(None,)"
713,l3122815,l3122815,0.0,0.002336,0.0,0.0,0.0,0.0,0.0,0.002336,0.0,b,"(None,)","(None,)","(None,)","(None,)","(None,)","(None,)"
714,l3254213,l3254213,0.0,0.003892,0.0,0.0,0.0,0.0,0.0,0.003892,0.0,b,"(None,)","(None,)","(None,)","(None,)","(None,)","(None,)"
722,l3215340,l3215340,0.003548,0.0,0.0,0.0,0.0,0.0,0.003548,0.0,0.0,a,"(None,)","(None,)","(None,)","(None,)","(None,)","(None,)"
724,l2726983,l2726983,0.00532,0.0,0.0,0.0,0.0,0.0,0.00532,0.0,0.0,a,"(None,)","(None,)","(None,)","(None,)","(None,)","(None,)"
726,l2764412,l2764412,0.003548,0.0,0.0,0.0,0.0,0.0,0.003548,0.0,0.0,a,"(None,)","(None,)","(None,)","(None,)","(None,)","(None,)"
728,l3251808,l3251808,0.002128,0.0,0.0,0.0,0.0,0.0,0.002128,0.0,0.0,a,"(None,)","(None,)","(None,)","(None,)","(None,)","(None,)"
731,l3101788,l3101788,0.003548,0.0,0.0,0.0,0.0,0.0,0.003548,0.0,0.0,a,"(None,)","(None,)","(None,)","(None,)","(None,)","(None,)"
732,l3101787,l3101787,0.003548,0.0,0.0,0.0,0.0,0.0,0.003548,0.0,0.0,a,"(None,)","(None,)","(None,)","(None,)","(None,)","(None,)"
733,l3027132,l3027132,0.002128,0.0,0.0,0.0,0.0,0.0,0.002128,0.0,0.0,a,"(None,)","(None,)","(None,)","(None,)","(None,)","(None,)"
735,l3195327,l3195327,0.002128,0.0,0.0,0.0,0.0,0.0,0.002128,0.0,0.0,a,"(None,)","(None,)","(None,)","(None,)","(None,)","(None,)"
736,l3139103,l3139103,0.003548,0.0,0.0,0.0,0.0,0.0,0.003548,0.0,0.0,a,"(None,)","(None,)","(None,)","(None,)","(None,)","(None,)"
737,l2876812,l2876812,0.002128,0.0,0.0,0.0,0.0,0.0,0.002128,0.0,0.0,a,"(None,)","(None,)","(None,)","(None,)","(None,)","(None,)"
738,l2970811,l2970811,0.003548,0.0,0.0,0.0,0.0,0.0,0.003548,0.0,0.0,a,"(None,)","(None,)","(None,)","(None,)","(None,)","(None,)"
746,l3120504,l3120504,0.002128,0.0,0.0,0.0,0.0,0.0,0.002128,0.0,0.0,a,"(None,)","(None,)","(None,)","(None,)","(None,)","(None,)"
751,l2989571,l2989571,0.002128,0.0,0.0,0.0,0.0,0.0,0.002128,0.0,0.0,a,"(None,)","(None,)","(None,)","(None,)","(None,)","(None,)"
752,l3177894,l3177894,0.003548,0.0,0.0,0.0,0.0,0.0,0.003548,0.0,0.0,a,"(None,)","(None,)","(None,)","(None,)","(None,)","(None,)"
753,l3082993,l3082993,0.003548,0.0,0.0,0.0,0.0,0.0,0.003548,0.0,0.0,a,"(None,)","(None,)","(None,)","(None,)","(None,)","(None,)"
755,l3312692,l3312692,0.003548,0.0,0.0,0.0,0.0,0.0,0.003548,0.0,0.0,a,"(None,)","(None,)","(None,)","(None,)","(None,)","(None,)"
757,l3120503,l3120503,0.002128,0.0,0.0,0.0,0.0,0.0,0.002128,0.0,0.0,a,"(None,)","(None,)","(None,)","(None,)","(None,)","(None,)"
758,l3251807,l3251807,0.003548,0.0,0.0,0.0,0.0,0.0,0.003548,0.0,0.0,a,"(None,)","(None,)","(None,)","(None,)","(None,)","(None,)"
759,l2858175,l2858175,0.002128,0.0,0.0,0.0,0.0,0.0,0.002128,0.0,0.0,a,"(None,)","(None,)","(None,)","(None,)","(None,)","(None,)"
762,l3008248,l3008248,0.002128,0.0,0.0,0.0,0.0,0.0,0.002128,0.0,0.0,a,"(None,)","(None,)","(None,)","(None,)","(None,)","(None,)"
763,l3140238,l3140238,0.003548,0.0,0.0,0.0,0.0,0.0,0.003548,0.0,0.0,a,"(None,)","(None,)","(None,)","(None,)","(None,)","(None,)"
775,l3010564,l3010564,0.0,0.0,0.00244,0.0,0.0,0.0,0.0,0.0,0.00244,c,"(None,)","(None,)","(None,)","(None,)","(None,)","(None,)"
776,l2710515,l2710515,0.0,0.0,0.006104,0.0,0.0,0.0,0.0,0.0,0.006104,c,"(None,)","(None,)","(None,)","(None,)","(None,)","(None,)"
779,l2766746,l2766746,0.0,0.0,0.004068,0.0,0.0,0.0,0.0,0.0,0.004068,c,"(None,)","(None,)","(None,)","(None,)","(None,)","(None,)"
782,l3235241,l3235241,0.0,0.0,0.004068,0.0,0.0,0.0,0.0,0.0,0.004068,c,"(None,)","(None,)","(None,)","(None,)","(None,)","(None,)"
783,l2691941,l2691941,0.0,0.0,0.004068,0.0,0.0,0.0,0.0,0.0,0.004068,c,"(None,)","(None,)","(None,)","(None,)","(None,)","(None,)"
784,l3235267,l3235267,0.0,0.0,0.004068,0.0,0.0,0.0,0.0,0.0,0.004068,c,"(None,)","(None,)","(None,)","(None,)","(None,)","(None,)"
786,l3235268,l3235268,0.0,0.0,0.004068,0.0,0.0,0.0,0.0,0.0,0.004068,c,"(None,)","(None,)","(None,)","(None,)","(None,)","(None,)"
788,l2841645,l2841645,0.0,0.0,0.004068,0.0,0.0,0.0,0.0,0.0,0.004068,c,"(None,)","(None,)","(None,)","(None,)","(None,)","(None,)"
789,l3066829,l3066829,0.0,0.0,0.004068,0.0,0.0,0.0,0.0,0.0,0.004068,c,"(None,)","(None,)","(None,)","(None,)","(None,)","(None,)"
790,l3104118,l3104118,0.0,0.0,0.006104,0.0,0.0,0.0,0.0,0.0,0.006104,c,"(None,)","(None,)","(None,)","(None,)","(None,)","(None,)"
791,l2748126,l2748126,0.0,0.0,0.004068,0.0,0.0,0.0,0.0,0.0,0.004068,c,"(None,)","(None,)","(None,)","(None,)","(None,)","(None,)"
792,l2879089,l2879089,0.0,0.0,0.006104,0.0,0.0,0.0,0.0,0.0,0.006104,c,"(None,)","(None,)","(None,)","(None,)","(None,)","(None,)"
794,l2916607,l2916607,0.0,0.0,0.004068,0.0,0.0,0.0,0.0,0.0,0.004068,c,"(None,)","(None,)","(None,)","(None,)","(None,)","(None,)"
795,l3235248,l3235248,0.0,0.0,0.00244,0.0,0.0,0.0,0.0,0.0,0.00244,c,"(None,)","(None,)","(None,)","(None,)","(None,)","(None,)"
798,l2766744,l2766744,0.0,0.003892,0.0,0.0,0.0,0.0,0.0,0.003892,0.0,b,"(None,)","(None,)","(None,)","(None,)","(None,)","(None,)"
800,l2731712,l2731712,0.0,0.003892,0.0,0.0,0.0,0.0,0.0,0.003892,0.0,b,"(None,)","(None,)","(None,)","(None,)","(None,)","(None,)"
802,l2785543,l2785543,0.0,0.003892,0.0,0.0,0.0,0.0,0.0,0.003892,0.0,b,"(None,)","(None,)","(None,)","(None,)","(None,)","(None,)"
803,l3010580,l3010580,0.0,0.002336,0.0,0.0,0.0,0.0,0.0,0.002336,0.0,b,"(None,)","(None,)","(None,)","(None,)","(None,)","(None,)"
804,l3216361,l3216361,0.0,0.003892,0.0,0.0,0.0,0.0,0.0,0.003892,0.0,b,"(None,)","(None,)","(None,)","(None,)","(None,)","(None,)"
805,l2729434,l2729434,0.0,0.002336,0.0,0.0,0.0,0.0,0.0,0.002336,0.0,b,"(None,)","(None,)","(None,)","(None,)","(None,)","(None,)"
806,l2748152,l2748152,0.0,0.002336,0.0,0.0,0.0,0.0,0.0,0.002336,0.0,b,"(None,)","(None,)","(None,)","(None,)","(None,)","(None,)"
808,l2710516,l2710516,0.003548,0.0,0.0,0.0,0.0,0.0,0.003548,0.0,0.0,a,"(None,)","(None,)","(None,)","(None,)","(None,)","(None,)"
809,l2691944,l2691944,0.003548,0.0,0.0,0.0,0.0,0.0,0.003548,0.0,0.0,a,"(None,)","(None,)","(None,)","(None,)","(None,)","(None,)"
810,l2673312,l2673312,0.003548,0.0,0.0,0.0,0.0,0.0,0.003548,0.0,0.0,a,"(None,)","(None,)","(None,)","(None,)","(None,)","(None,)"
811,l3235247,l3235247,0.002128,0.0,0.0,0.0,0.0,0.0,0.002128,0.0,0.0,a,"(None,)","(None,)","(None,)","(None,)","(None,)","(None,)"
819,l2935556,l2935556,0.0,0.003892,0.0,0.0,0.0,0.0,0.0,0.003892,0.0,b,"(None,)","(None,)","(None,)","(None,)","(None,)","(None,)"
821,l3104124,l3104124,0.0,0.002336,0.0,0.0,0.0,0.0,0.0,0.002336,0.0,b,"(None,)","(None,)","(None,)","(None,)","(None,)","(None,)"
824,l2954347,l2954347,0.0,0.003892,0.0,0.0,0.0,0.0,0.0,0.003892,0.0,b,"(None,)","(None,)","(None,)","(None,)","(None,)","(None,)"
826,l2764399,l2764399,0.0,0.002336,0.0,0.0,0.0,0.0,0.0,0.002336,0.0,b,"(None,)","(None,)","(None,)","(None,)","(None,)","(None,)"
827,l3008232,l3008232,0.0,0.001556,0.0,0.0,0.0,0.0,0.0,0.001556,0.0,b,"(None,)","(None,)","(None,)","(None,)","(None,)","(None,)"
829,l2766720,l2766720,0.003548,0.0,0.0,0.0,0.0,0.0,0.003548,0.0,0.0,a,"(None,)","(None,)","(None,)","(None,)","(None,)","(None,)"
830,l2729408,l2729408,0.0,0.003892,0.0,0.0,0.0,0.0,0.0,0.003892,0.0,b,"(None,)","(None,)","(None,)","(None,)","(None,)","(None,)"
832,l2991909,l2991909,0.003548,0.0,0.0,0.0,0.0,0.0,0.003548,0.0,0.0,a,"(None,)","(None,)","(None,)","(None,)","(None,)","(None,)"
834,l2710536,l2710536,0.003548,0.0,0.0,0.0,0.0,0.0,0.003548,0.0,0.0,a,"(None,)","(None,)","(None,)","(None,)","(None,)","(None,)"
838,l3197638,l3197638,0.003548,0.0,0.0,0.0,0.0,0.0,0.003548,0.0,0.0,a,"(None,)","(None,)","(None,)","(None,)","(None,)","(None,)"
841,l2935557,l2935557,0.00532,0.0,0.0,0.0,0.0,0.0,0.00532,0.0,0.0,a,"(None,)","(None,)","(None,)","(None,)","(None,)","(None,)"
843,l2673311,l2673311,0.003548,0.0,0.0,0.0,0.0,0.0,0.003548,0.0,0.0,a,"(None,)","(None,)","(None,)","(None,)","(None,)","(None,)"
844,l2766748,l2766748,0.002128,0.0,0.0,0.0,0.0,0.0,0.002128,0.0,0.0,a,"(None,)","(None,)","(None,)","(None,)","(None,)","(None,)"
847,l2876813,l2876813,0.003548,0.0,0.0,0.0,0.0,0.0,0.003548,0.0,0.0,a,"(None,)","(None,)","(None,)","(None,)","(None,)","(None,)"
848,l2785531,l2785531,0.002128,0.0,0.0,0.0,0.0,0.0,0.002128,0.0,0.0,a,"(None,)","(None,)","(None,)","(None,)","(None,)","(None,)"
849,l3216358,l3216358,0.003548,0.0,0.0,0.0,0.0,0.0,0.003548,0.0,0.0,a,"(None,)","(None,)","(None,)","(None,)","(None,)","(None,)"
851,l2952013,l2952013,0.00142,0.0,0.0,0.0,0.0,0.0,0.00142,0.0,0.0,a,"(None,)","(None,)","(None,)","(None,)","(None,)","(None,)"
853,l3141403,l3141403,0.003548,0.0,0.0,0.0,0.0,0.0,0.003548,0.0,0.0,a,"(None,)","(None,)","(None,)","(None,)","(None,)","(None,)"
855,l2857591,l2857591,0.002128,0.0,0.0,0.0,0.0,0.0,0.002128,0.0,0.0,a,"(None,)","(None,)","(None,)","(None,)","(None,)","(None,)"
856,l3027133,l3027133,0.003548,0.0,0.0,0.0,0.0,0.0,0.003548,0.0,0.0,a,"(None,)","(None,)","(None,)","(None,)","(None,)","(None,)"
859,l3122847,l3122847,0.002128,0.0,0.0,0.0,0.0,0.0,0.002128,0.0,0.0,a,"(None,)","(None,)","(None,)","(None,)","(None,)","(None,)"
860,l2785546,l2785546,0.003548,0.0,0.0,0.0,0.0,0.0,0.003548,0.0,0.0,a,"(None,)","(None,)","(None,)","(None,)","(None,)","(None,)"
862,l2914324,l2914324,0.000708,0.0,0.0,0.0,0.0,0.0,0.000708,0.0,0.0,a,"(None,)","(None,)","(None,)","(None,)","(None,)","(None,)"
864,l3010585,l3010585,0.00532,0.0,0.0,0.0,0.0,0.0,0.00532,0.0,0.0,a,"(None,)","(None,)","(None,)","(None,)","(None,)","(None,)"
866,l2952014,l2952014,0.002128,0.0,0.0,0.0,0.0,0.0,0.002128,0.0,0.0,a,"(None,)","(None,)","(None,)","(None,)","(None,)","(None,)"
867,l3120502,l3120502,0.002128,0.0,0.0,0.0,0.0,0.0,0.002128,0.0,0.0,a,"(None,)","(None,)","(None,)","(None,)","(None,)","(None,)"
869,l2821010,l2821010,0.00532,0.0,0.0,0.0,0.0,0.0,0.00532,0.0,0.0,a,"(None,)","(None,)","(None,)","(None,)","(None,)","(None,)"
872,l3233353,l3233353,0.002128,0.0,0.0,0.0,0.0,0.0,0.002128,0.0,0.0,a,"(None,)","(None,)","(None,)","(None,)","(None,)","(None,)"
873,l3195751,l3195751,0.003548,0.0,0.0,0.0,0.0,0.0,0.003548,0.0,0.0,a,"(None,)","(None,)","(None,)","(None,)","(None,)","(None,)"
874,l2895461,l2895461,0.003548,0.0,0.0,0.0,0.0,0.0,0.003548,0.0,0.0,a,"(None,)","(None,)","(None,)","(None,)","(None,)","(None,)"
876,l2879087,l2879087,0.002128,0.0,0.0,0.0,0.0,0.0,0.002128,0.0,0.0,a,"(None,)","(None,)","(None,)","(None,)","(None,)","(None,)"
877,l2785529,l2785529,0.0,0.0,0.004068,0.0,0.0,0.0,0.0,0.0,0.004068,c,"(None,)","(None,)","(None,)","(None,)","(None,)","(None,)"
880,l3342743,l3342743,0.0,0.0,0.001628,0.0,0.0,0.0,0.0,0.0,0.001628,c,"(None,)","(None,)","(None,)","(None,)","(None,)","(None,)"
883,l3197661,l3197661,0.0,0.0,0.00244,0.0,0.0,0.0,0.0,0.0,0.00244,c,"(None,)","(None,)","(None,)","(None,)","(None,)","(None,)"
884,l3122848,l3122848,0.0,0.0,0.00244,0.0,0.0,0.0,0.0,0.0,0.00244,c,"(None,)","(None,)","(None,)","(None,)","(None,)","(None,)"
891,l3645812,l3645812,0.0,0.0,0.006104,0.0,0.0,0.0,0.0,0.0,0.006104,c,"(None,)","(None,)","(None,)","(None,)","(None,)","(None,)"
896,l3645809,l3645809,0.0,0.0,0.008136,0.0,0.0,0.0,0.0,0.0,0.008136,c,"(None,)","(None,)","(None,)","(None,)","(None,)","(None,)"
897,l3645810,l3645810,0.0,0.0,0.012208,0.0,0.0,0.0,0.0,0.0,0.012208,c,"(None,)","(None,)","(None,)","(None,)","(None,)","(None,)"
899,l3645811,l3645811,0.0,0.0,0.012208,0.0,0.0,0.0,0.0,0.0,0.012208,c,"(None,)","(None,)","(None,)","(None,)","(None,)","(None,)"
903,l3029506,l3029506,0.0,0.001556,0.0,0.0,0.0,0.0,0.0,0.001556,0.0,b,"(None,)","(None,)","(None,)","(None,)","(None,)","(None,)"
905,l2973160,l2973160,0.0,0.002336,0.0,0.0,0.0,0.0,0.0,0.002336,0.0,b,"(None,)","(None,)","(None,)","(None,)","(None,)","(None,)"
910,l3253995,l3253995,0.0,0.0,0.00244,0.0,0.0,0.0,0.0,0.0,0.00244,c,"(None,)","(None,)","(None,)","(None,)","(None,)","(None,)"
915,l2972930,l2972930,0.003548,0.0,0.0,0.0,0.0,0.0,0.003548,0.0,0.0,a,"(None,)","(None,)","(None,)","(None,)","(None,)","(None,)"
921,l2729206,l2729206,0.0,0.0,0.006104,0.0,0.0,0.0,0.0,0.0,0.006104,c,"(None,)","(None,)","(None,)","(None,)","(None,)","(None,)"
922,l2729207,l2729207,0.0,0.0,0.008136,0.0,0.0,0.0,0.0,0.0,0.008136,c,"(None,)","(None,)","(None,)","(None,)","(None,)","(None,)"
925,l2878848,l2878848,0.0,0.0,0.006104,0.0,0.0,0.0,0.0,0.0,0.006104,c,"(None,)","(None,)","(None,)","(None,)","(None,)","(None,)"
926,l2766499,l2766499,0.0,0.0,0.008136,0.0,0.0,0.0,0.0,0.0,0.008136,c,"(None,)","(None,)","(None,)","(None,)","(None,)","(None,)"
928,l2897554,l2897554,0.0,0.0,0.008136,0.0,0.0,0.0,0.0,0.0,0.008136,c,"(None,)","(None,)","(None,)","(None,)","(None,)","(None,)"
930,l3216123,l3216123,0.002128,0.0,0.0,0.0,0.0,0.0,0.002128,0.0,0.0,a,"(None,)","(None,)","(None,)","(None,)","(None,)","(None,)"
934,l3104123,l3104123,0.0,0.0,0.00244,0.0,0.0,0.0,0.0,0.0,0.00244,c,"(None,)","(None,)","(None,)","(None,)","(None,)","(None,)"
935,l2973153,l2973153,0.002128,0.0,0.0,0.0,0.0,0.0,0.002128,0.0,0.0,a,"(None,)","(None,)","(None,)","(None,)","(None,)","(None,)"
939,l2822866,l2822866,0.0,0.003892,0.0,0.0,0.0,0.0,0.0,0.003892,0.0,b,"(None,)","(None,)","(None,)","(None,)","(None,)","(None,)"
945,l2929261,l2929261,0.002128,0.0,0.0,0.0,0.0,0.0,0.002128,0.0,0.0,a,"(None,)","(None,)","(None,)","(None,)","(None,)","(None,)"
948,l3159645,l3159645,0.003548,0.0,0.0,0.0,0.0,0.0,0.003548,0.0,0.0,a,"(None,)","(None,)","(None,)","(None,)","(None,)","(None,)"
949,l2983432,l2983432,0.003548,0.0,0.0,0.0,0.0,0.0,0.003548,0.0,0.0,a,"(None,)","(None,)","(None,)","(None,)","(None,)","(None,)"
950,l2935554,l2935554,0.00142,0.0,0.0,0.0,0.0,0.0,0.00142,0.0,0.0,a,"(None,)","(None,)","(None,)","(None,)","(None,)","(None,)"
953,l2954345,l2954345,0.0,0.0,0.00244,0.0,0.0,0.0,0.0,0.0,0.00244,c,"(None,)","(None,)","(None,)","(None,)","(None,)","(None,)"
954,l2895449,l2895449,0.0,0.0,0.004068,0.0,0.0,0.0,0.0,0.0,0.004068,c,"(None,)","(None,)","(None,)","(None,)","(None,)","(None,)"
960,l3176656,l3176656,0.003548,0.0,0.0,0.0,0.0,0.0,0.003548,0.0,0.0,a,"(None,)","(None,)","(None,)","(None,)","(None,)","(None,)"
961,l2841621,l2841621,0.0,0.0,0.004068,0.0,0.0,0.0,0.0,0.0,0.004068,c,"(None,)","(None,)","(None,)","(None,)","(None,)","(None,)"
966,l2973155,l2973155,0.002128,0.0,0.0,0.0,0.0,0.0,0.002128,0.0,0.0,a,"(None,)","(None,)","(None,)","(None,)","(None,)","(None,)"
967,l3784018,l3784018,0.00142,0.0,0.0,0.0,0.0,0.0,0.00142,0.0,0.0,a,"(None,)","(None,)","(None,)","(None,)","(None,)","(None,)"
969,l2876797,l2876797,0.002128,0.0,0.0,0.0,0.0,0.0,0.002128,0.0,0.0,a,"(None,)","(None,)","(None,)","(None,)","(None,)","(None,)"
973,l2876796,l2876796,0.002128,0.0,0.0,0.0,0.0,0.0,0.002128,0.0,0.0,a,"(None,)","(None,)","(None,)","(None,)","(None,)","(None,)"
977,l2973154,l2973154,0.002128,0.0,0.0,0.0,0.0,0.0,0.002128,0.0,0.0,a,"(None,)","(None,)","(None,)","(None,)","(None,)","(None,)"
978,l2879069,l2879069,0.00142,0.0,0.0,0.0,0.0,0.0,0.00142,0.0,0.0,a,"(None,)","(None,)","(None,)","(None,)","(None,)","(None,)"
979,l3197633,l3197633,0.003548,0.0,0.0,0.0,0.0,0.0,0.003548,0.0,0.0,a,"(None,)","(None,)","(None,)","(None,)","(None,)","(None,)"
980,l3066812,l3066812,0.003548,0.0,0.0,0.0,0.0,0.0,0.003548,0.0,0.0,a,"(None,)","(None,)","(None,)","(None,)","(None,)","(None,)"
981,l2841622,l2841622,0.002128,0.0,0.0,0.0,0.0,0.0,0.002128,0.0,0.0,a,"(None,)","(None,)","(None,)","(None,)","(None,)","(None,)"
982,l2804254,l2804254,0.003548,0.0,0.0,0.0,0.0,0.0,0.003548,0.0,0.0,a,"(None,)","(None,)","(None,)","(None,)","(None,)","(None,)"
987,l3178971,l3178971,0.002128,0.0,0.0,0.0,0.0,0.0,0.002128,0.0,0.0,a,"(None,)","(None,)","(None,)","(None,)","(None,)","(None,)"
988,l2879067,l2879067,0.003548,0.0,0.0,0.0,0.0,0.0,0.003548,0.0,0.0,a,"(None,)","(None,)","(None,)","(None,)","(None,)","(None,)"
994,l3197632,l3197632,0.0,0.002336,0.0,0.0,0.0,0.0,0.0,0.002336,0.0,b,"(None,)","(None,)","(None,)","(None,)","(None,)","(None,)"
995,l2710514,l2710514,0.0,0.003892,0.0,0.0,0.0,0.0,0.0,0.003892,0.0,b,"(None,)","(None,)","(None,)","(None,)","(None,)","(None,)"
997,l3157710,l3157710,0.0,0.002336,0.0,0.0,0.0,0.0,0.0,0.002336,0.0,b,"(None,)","(None,)","(None,)","(None,)","(None,)","(None,)"
1003,l3048203,l3048203,0.0,0.003892,0.0,0.0,0.0,0.0,0.0,0.003892,0.0,b,"(None,)","(None,)","(None,)","(None,)","(None,)","(None,)"
1004,l2860500,l2860500,0.0,0.002336,0.0,0.0,0.0,0.0,0.0,0.002336,0.0,b,"(None,)","(None,)","(None,)","(None,)","(None,)","(None,)"
1006,l3010562,l3010562,0.0,0.002336,0.0,0.0,0.0,0.0,0.0,0.002336,0.0,b,"(None,)","(None,)","(None,)","(None,)","(None,)","(None,)"
1008,l3160117,l3160117,0.0,0.003892,0.0,0.0,0.0,0.0,0.0,0.003892,0.0,b,"(None,)","(None,)","(None,)","(None,)","(None,)","(None,)"
1009,l3215549,l3215549,0.0,0.003892,0.0,0.0,0.0,0.0,0.0,0.003892,0.0,b,"(None,)","(None,)","(None,)","(None,)","(None,)","(None,)"
1010,l2897800,l2897800,0.0,0.001556,0.0,0.0,0.0,0.0,0.0,0.001556,0.0,b,"(None,)","(None,)","(None,)","(None,)","(None,)","(None,)"
1012,l2989432,l2989432,0.0,0.003892,0.0,0.0,0.0,0.0,0.0,0.003892,0.0,b,"(None,)","(None,)","(None,)","(None,)","(None,)","(None,)"
1013,l3066830,l3066830,0.0,0.003892,0.0,0.0,0.0,0.0,0.0,0.003892,0.0,b,"(None,)","(None,)","(None,)","(None,)","(None,)","(None,)"
1014,l3197660,l3197660,0.0,0.003892,0.0,0.0,0.0,0.0,0.0,0.003892,0.0,b,"(None,)","(None,)","(None,)","(None,)","(None,)","(None,)"
1017,l2935568,l2935568,0.0,0.002336,0.0,0.0,0.0,0.0,0.0,0.002336,0.0,b,"(None,)","(None,)","(None,)","(None,)","(None,)","(None,)"
1018,l3235246,l3235246,0.0,0.002336,0.0,0.0,0.0,0.0,0.0,0.002336,0.0,b,"(None,)","(None,)","(None,)","(None,)","(None,)","(None,)"
1019,l2710512,l2710512,0.0,0.003892,0.0,0.0,0.0,0.0,0.0,0.003892,0.0,b,"(None,)","(None,)","(None,)","(None,)","(None,)","(None,)"
1021,l2710513,l2710513,0.0,0.001556,0.0,0.0,0.0,0.0,0.0,0.001556,0.0,b,"(None,)","(None,)","(None,)","(None,)","(None,)","(None,)"
1026,l2710504,l2710504,0.0,0.005836,0.0,0.0,0.0,0.0,0.0,0.005836,0.0,b,"(None,)","(None,)","(None,)","(None,)","(None,)","(None,)"
1028,l3159037,l3159037,0.0,0.005836,0.0,0.0,0.0,0.0,0.0,0.005836,0.0,b,"(None,)","(None,)","(None,)","(None,)","(None,)","(None,)"
1030,l2690941,l2690941,0.0,0.003892,0.0,0.0,0.0,0.0,0.0,0.003892,0.0,b,"(None,)","(None,)","(None,)","(None,)","(None,)","(None,)"
1031,l3234185,l3234185,0.0,0.003892,0.0,0.0,0.0,0.0,0.0,0.003892,0.0,b,"(None,)","(None,)","(None,)","(None,)","(None,)","(None,)"
1032,l3065750,l3065750,0.0,0.003892,0.0,0.0,0.0,0.0,0.0,0.003892,0.0,b,"(None,)","(None,)","(None,)","(None,)","(None,)","(None,)"
1033,l2748124,l2748124,0.0,0.003892,0.0,0.0,0.0,0.0,0.0,0.003892,0.0,b,"(None,)","(None,)","(None,)","(None,)","(None,)","(None,)"
1034,l2726975,l2726975,0.0,0.002336,0.0,0.0,0.0,0.0,0.0,0.002336,0.0,b,"(None,)","(None,)","(None,)","(None,)","(None,)","(None,)"
1035,l2954346,l2954346,0.0,0.003892,0.0,0.0,0.0,0.0,0.0,0.003892,0.0,b,"(None,)","(None,)","(None,)","(None,)","(None,)","(None,)"
1037,l2710505,l2710505,0.0,0.002336,0.0,0.0,0.0,0.0,0.0,0.002336,0.0,b,"(None,)","(None,)","(None,)","(None,)","(None,)","(None,)"
1038,l3178974,l3178974,0.0,0.002336,0.0,0.0,0.0,0.0,0.0,0.002336,0.0,b,"(None,)","(None,)","(None,)","(None,)","(None,)","(None,)"
1041,l3448661,l3448661,0.0,0.002336,0.0,0.0,0.0,0.0,0.0,0.002336,0.0,b,"(None,)","(None,)","(None,)","(None,)","(None,)","(None,)"
1042,l2691943,l2691943,0.0,0.002336,0.0,0.0,0.0,0.0,0.0,0.002336,0.0,b,"(None,)","(None,)","(None,)","(None,)","(None,)","(None,)"
1043,l3216344,l3216344,0.0,0.00778,0.0,0.0,0.0,0.0,0.0,0.00778,0.0,b,"(None,)","(None,)","(None,)","(None,)","(None,)","(None,)"
1044,l2860501,l2860501,0.0,0.003892,0.0,0.0,0.0,0.0,0.0,0.003892,0.0,b,"(None,)","(None,)","(None,)","(None,)","(None,)","(None,)"
1048,l2879068,l2879068,0.0,0.003892,0.0,0.0,0.0,0.0,0.0,0.003892,0.0,b,"(None,)","(None,)","(None,)","(None,)","(None,)","(None,)"
1050,l2973152,l2973152,0.0,0.003892,0.0,0.0,0.0,0.0,0.0,0.003892,0.0,b,"(None,)","(None,)","(None,)","(None,)","(None,)","(None,)"
1052,l3178975,l3178975,0.0,0.003892,0.0,0.0,0.0,0.0,0.0,0.003892,0.0,b,"(None,)","(None,)","(None,)","(None,)","(None,)","(None,)"
1053,l2748131,l2748131,0.0,0.002336,0.0,0.0,0.0,0.0,0.0,0.002336,0.0,b,"(None,)","(None,)","(None,)","(None,)","(None,)","(None,)"
1054,l2729427,l2729427,0.0,0.002336,0.0,0.0,0.0,0.0,0.0,0.002336,0.0,b,"(None,)","(None,)","(None,)","(None,)","(None,)","(None,)"
1058,l2860483,l2860483,0.0,0.003892,0.0,0.0,0.0,0.0,0.0,0.003892,0.0,b,"(None,)","(None,)","(None,)","(None,)","(None,)","(None,)"
1059,l3141397,l3141397,0.0,0.003892,0.0,0.0,0.0,0.0,0.0,0.003892,0.0,b,"(None,)","(None,)","(None,)","(None,)","(None,)","(None,)"
1060,l2879066,l2879066,0.0,0.002336,0.0,0.0,0.0,0.0,0.0,0.002336,0.0,b,"(None,)","(None,)","(None,)","(None,)","(None,)","(None,)"
1061,l3048207,l3048207,0.0,0.002336,0.0,0.0,0.0,0.0,0.0,0.002336,0.0,b,"(None,)","(None,)","(None,)","(None,)","(None,)","(None,)"
1063,l2935553,l2935553,0.0,0.003892,0.0,0.0,0.0,0.0,0.0,0.003892,0.0,b,"(None,)","(None,)","(None,)","(None,)","(None,)","(None,)"
1068,l2897765,l2897765,0.0,0.002336,0.0,0.0,0.0,0.0,0.0,0.002336,0.0,b,"(None,)","(None,)","(None,)","(None,)","(None,)","(None,)"
1070,l2916603,l2916603,0.0,0.002336,0.0,0.0,0.0,0.0,0.0,0.002336,0.0,b,"(None,)","(None,)","(None,)","(None,)","(None,)","(None,)"
1072,l2684420,l2684420,0.0,0.002336,0.0,0.0,0.0,0.0,0.0,0.002336,0.0,b,"(None,)","(None,)","(None,)","(None,)","(None,)","(None,)"
1075,l3197624,l3197624,0.0,0.00078,0.0,0.0,0.0,0.0,0.0,0.00078,0.0,b,"(None,)","(None,)","(None,)","(None,)","(None,)","(None,)"
1077,l2860480,l2860480,0.0,0.003892,0.0,0.0,0.0,0.0,0.0,0.003892,0.0,b,"(None,)","(None,)","(None,)","(None,)","(None,)","(None,)"
1078,l2710508,l2710508,0.0,0.002336,0.0,0.0,0.0,0.0,0.0,0.002336,0.0,b,"(None,)","(None,)","(None,)","(None,)","(None,)","(None,)"
1079,l2822860,l2822860,0.0,0.003892,0.0,0.0,0.0,0.0,0.0,0.003892,0.0,b,"(None,)","(None,)","(None,)","(None,)","(None,)","(None,)"
1082,l3048199,l3048199,0.0,0.002336,0.0,0.0,0.0,0.0,0.0,0.002336,0.0,b,"(None,)","(None,)","(None,)","(None,)","(None,)","(None,)"
1084,l3254203,l3254203,0.0,0.002336,0.0,0.0,0.0,0.0,0.0,0.002336,0.0,b,"(None,)","(None,)","(None,)","(None,)","(None,)","(None,)"
1085,l3122810,l3122810,0.0,0.003892,0.0,0.0,0.0,0.0,0.0,0.003892,0.0,b,"(None,)","(None,)","(None,)","(None,)","(None,)","(None,)"
1086,l2785512,l2785512,0.0,0.003892,0.0,0.0,0.0,0.0,0.0,0.003892,0.0,b,"(None,)","(None,)","(None,)","(None,)","(None,)","(None,)"
1088,l2973149,l2973149,0.0,0.002336,0.0,0.0,0.0,0.0,0.0,0.002336,0.0,b,"(None,)","(None,)","(None,)","(None,)","(None,)","(None,)"
1089,l2804248,l2804248,0.0,0.001556,0.0,0.0,0.0,0.0,0.0,0.001556,0.0,b,"(None,)","(None,)","(None,)","(None,)","(None,)","(None,)"
1091,l3160100,l3160100,0.0,0.002336,0.0,0.0,0.0,0.0,0.0,0.002336,0.0,b,"(None,)","(None,)","(None,)","(None,)","(None,)","(None,)"
1092,l3085390,l3085390,0.0,0.002336,0.0,0.0,0.0,0.0,0.0,0.002336,0.0,b,"(None,)","(None,)","(None,)","(None,)","(None,)","(None,)"
1094,l2673343,l2673343,0.0,0.002336,0.0,0.0,0.0,0.0,0.0,0.002336,0.0,b,"(None,)","(None,)","(None,)","(None,)","(None,)","(None,)"
1096,l3085397,l3085397,0.0,0.003892,0.0,0.0,0.0,0.0,0.0,0.003892,0.0,b,"(None,)","(None,)","(None,)","(None,)","(None,)","(None,)"
1098,l3066811,l3066811,0.0,0.003892,0.0,0.0,0.0,0.0,0.0,0.003892,0.0,b,"(None,)","(None,)","(None,)","(None,)","(None,)","(None,)"
1099,l2860484,l2860484,0.0,0.002336,0.0,0.0,0.0,0.0,0.0,0.002336,0.0,b,"(None,)","(None,)","(None,)","(None,)","(None,)","(None,)"
1101,l2991908,l2991908,0.002128,0.0,0.0,0.0,0.0,0.0,0.002128,0.0,0.0,a,"(None,)","(None,)","(None,)","(None,)","(None,)","(None,)"
1102,l3178973,l3178973,0.003548,0.0,0.0,0.0,0.0,0.0,0.003548,0.0,0.0,a,"(None,)","(None,)","(None,)","(None,)","(None,)","(None,)"
1104,l3122814,l3122814,0.0,0.0,0.00244,0.0,0.0,0.0,0.0,0.0,0.00244,c,"(None,)","(None,)","(None,)","(None,)","(None,)","(None,)"
1107,l2860481,l2860481,0.0,0.0,0.001628,0.0,0.0,0.0,0.0,0.0,0.001628,c,"(None,)","(None,)","(None,)","(None,)","(None,)","(None,)"
1110,l2804255,l2804255,0.0,0.003892,0.0,0.0,0.0,0.0,0.0,0.003892,0.0,b,"(None,)","(None,)","(None,)","(None,)","(None,)","(None,)"
1112,l2935555,l2935555,0.002128,0.0,0.0,0.0,0.0,0.0,0.002128,0.0,0.0,a,"(None,)","(None,)","(None,)","(None,)","(None,)","(None,)"
1113,l2897773,l2897773,0.00142,0.0,0.0,0.0,0.0,0.0,0.00142,0.0,0.0,a,"(None,)","(None,)","(None,)","(None,)","(None,)","(None,)"
1114,l3197631,l3197631,0.002128,0.0,0.0,0.0,0.0,0.0,0.002128,0.0,0.0,a,"(None,)","(None,)","(None,)","(None,)","(None,)","(None,)"
1115,l2748127,l2748127,0.002128,0.0,0.0,0.0,0.0,0.0,0.002128,0.0,0.0,a,"(None,)","(None,)","(None,)","(None,)","(None,)","(None,)"
1117,l3178972,l3178972,0.0,0.0,0.008136,0.0,0.0,0.0,0.0,0.0,0.008136,c,"(None,)","(None,)","(None,)","(None,)","(None,)","(None,)"
1120,l2710511,l2710511,0.003548,0.0,0.0,0.0,0.0,0.0,0.003548,0.0,0.0,a,"(None,)","(None,)","(None,)","(None,)","(None,)","(None,)"
1121,l2766719,l2766719,0.003548,0.0,0.0,0.0,0.0,0.0,0.003548,0.0,0.0,a,"(None,)","(None,)","(None,)","(None,)","(None,)","(None,)"
1123,l2685809,l2685809,0.002128,0.0,0.0,0.0,0.0,0.0,0.002128,0.0,0.0,a,"(None,)","(None,)","(None,)","(None,)","(None,)","(None,)"
1124,l2954353,l2954353,0.003548,0.0,0.0,0.0,0.0,0.0,0.003548,0.0,0.0,a,"(None,)","(None,)","(None,)","(None,)","(None,)","(None,)"
1127,l2897777,l2897777,0.0,0.0,0.004068,0.0,0.0,0.0,0.0,0.0,0.004068,c,"(None,)","(None,)","(None,)","(None,)","(None,)","(None,)"
1132,l3157708,l3157708,0.0,0.0,0.00244,0.0,0.0,0.0,0.0,0.0,0.00244,c,"(None,)","(None,)","(None,)","(None,)","(None,)","(None,)"
1135,l3197640,l3197640,0.0,0.0,0.001628,0.0,0.0,0.0,0.0,0.0,0.001628,c,"(None,)","(None,)","(None,)","(None,)","(None,)","(None,)"
1137,l2820531,l2820531,0.0,0.003892,0.0,0.0,0.0,0.0,0.0,0.003892,0.0,b,"(None,)","(None,)","(None,)","(None,)","(None,)","(None,)"
1140,l3160109,l3160109,0.0,0.003892,0.0,0.0,0.0,0.0,0.0,0.003892,0.0,b,"(None,)","(None,)","(None,)","(None,)","(None,)","(None,)"
1142,l3104136,l3104136,0.0,0.002336,0.0,0.0,0.0,0.0,0.0,0.002336,0.0,b,"(None,)","(None,)","(None,)","(None,)","(None,)","(None,)"
1143,l2822872,l2822872,0.0,0.003892,0.0,0.0,0.0,0.0,0.0,0.003892,0.0,b,"(None,)","(None,)","(None,)","(None,)","(None,)","(None,)"
1145,l2726973,l2726973,0.003548,0.0,0.0,0.0,0.0,0.0,0.003548,0.0,0.0,a,"(None,)","(None,)","(None,)","(None,)","(None,)","(None,)"
1147,l3122821,l3122821,0.0,0.003892,0.0,0.0,0.0,0.0,0.0,0.003892,0.0,b,"(None,)","(None,)","(None,)","(None,)","(None,)","(None,)"
1149,l3177665,l3177665,0.00532,0.0,0.0,0.0,0.0,0.0,0.00532,0.0,0.0,a,"(None,)","(None,)","(None,)","(None,)","(None,)","(None,)"
1152,l2860482,l2860482,0.003548,0.0,0.0,0.0,0.0,0.0,0.003548,0.0,0.0,a,"(None,)","(None,)","(None,)","(None,)","(None,)","(None,)"
1153,l3254204,l3254204,0.002128,0.0,0.0,0.0,0.0,0.0,0.002128,0.0,0.0,a,"(None,)","(None,)","(None,)","(None,)","(None,)","(None,)"
1155,l3010560,l3010560,0.0,0.003892,0.0,0.0,0.0,0.0,0.0,0.003892,0.0,b,"(None,)","(None,)","(None,)","(None,)","(None,)","(None,)"
1161,l2673308,l2673308,0.0,0.005836,0.0,0.0,0.0,0.0,0.0,0.005836,0.0,b,"(None,)","(None,)","(None,)","(None,)","(None,)","(None,)"
1162,l2991939,l2991939,0.0,0.003892,0.0,0.0,0.0,0.0,0.0,0.003892,0.0,b,"(None,)","(None,)","(None,)","(None,)","(None,)","(None,)"
1163,l3216367,l3216367,0.0,0.003892,0.0,0.0,0.0,0.0,0.0,0.003892,0.0,b,"(None,)","(None,)","(None,)","(None,)","(None,)","(None,)"
1169,l3216342,l3216342,0.0,0.003892,0.0,0.0,0.0,0.0,0.0,0.003892,0.0,b,"(None,)","(None,)","(None,)","(None,)","(None,)","(None,)"
1170,l2879063,l2879063,0.0,0.003892,0.0,0.0,0.0,0.0,0.0,0.003892,0.0,b,"(None,)","(None,)","(None,)","(None,)","(None,)","(None,)"
1172,l2876798,l2876798,0.0,0.003892,0.0,0.0,0.0,0.0,0.0,0.003892,0.0,b,"(None,)","(None,)","(None,)","(None,)","(None,)","(None,)"
1176,l2925506,l2925506,0.0,0.0,0.004068,0.0,0.0,0.0,0.0,0.0,0.004068,c,"(None,)","(None,)","(None,)","(None,)","(None,)","(None,)"
1181,l2710543,l2710543,0.0,0.0,0.004068,0.0,0.0,0.0,0.0,0.0,0.004068,c,"(None,)","(None,)","(None,)","(None,)","(None,)","(None,)"
1183,l3066810,l3066810,0.0,0.0,0.004068,0.0,0.0,0.0,0.0,0.0,0.004068,c,"(None,)","(None,)","(None,)","(None,)","(None,)","(None,)"
1184,l2897769,l2897769,0.0,0.0,0.004068,0.0,0.0,0.0,0.0,0.0,0.004068,c,"(None,)","(None,)","(None,)","(None,)","(None,)","(None,)"
1185,l3778577,l3778577,0.0,0.0,0.004068,0.0,0.0,0.0,0.0,0.0,0.004068,c,"(None,)","(None,)","(None,)","(None,)","(None,)","(None,)"
1186,l3141395,l3141395,0.0,0.0,0.004068,0.0,0.0,0.0,0.0,0.0,0.004068,c,"(None,)","(None,)","(None,)","(None,)","(None,)","(None,)"
1187,l2766749,l2766749,0.0,0.003892,0.0,0.0,0.0,0.0,0.0,0.003892,0.0,b,"(None,)","(None,)","(None,)","(None,)","(None,)","(None,)"
1192,l2935549,l2935549,0.0,0.005836,0.0,0.0,0.0,0.0,0.0,0.005836,0.0,b,"(None,)","(None,)","(None,)","(None,)","(None,)","(None,)"
1200,l3122812,l3122812,0.0,0.005836,0.0,0.0,0.0,0.0,0.0,0.005836,0.0,b,"(None,)","(None,)","(None,)","(None,)","(None,)","(None,)"
1203,l2766741,l2766741,0.003548,0.0,0.0,0.0,0.0,0.0,0.003548,0.0,0.0,a,"(None,)","(None,)","(None,)","(None,)","(None,)","(None,)"
1205,l2822877,l2822877,0.0,0.002336,0.0,0.0,0.0,0.0,0.0,0.002336,0.0,b,"(None,)","(None,)","(None,)","(None,)","(None,)","(None,)"
1211,l2973156,l2973156,0.0,0.002336,0.0,0.0,0.0,0.0,0.0,0.002336,0.0,b,"(None,)","(None,)","(None,)","(None,)","(None,)","(None,)"
1213,l3029501,l3029501,0.0,0.002336,0.0,0.0,0.0,0.0,0.0,0.002336,0.0,b,"(None,)","(None,)","(None,)","(None,)","(None,)","(None,)"
1215,l3197636,l3197636,0.0,0.003892,0.0,0.0,0.0,0.0,0.0,0.003892,0.0,b,"(None,)","(None,)","(None,)","(None,)","(None,)","(None,)"
1217,l2691949,l2691949,0.0,0.003892,0.0,0.0,0.0,0.0,0.0,0.003892,0.0,b,"(None,)","(None,)","(None,)","(None,)","(None,)","(None,)"
1218,l3104127,l3104127,0.0,0.003892,0.0,0.0,0.0,0.0,0.0,0.003892,0.0,b,"(None,)","(None,)","(None,)","(None,)","(None,)","(None,)"
1219,l3235252,l3235252,0.0,0.003892,0.0,0.0,0.0,0.0,0.0,0.003892,0.0,b,"(None,)","(None,)","(None,)","(None,)","(None,)","(None,)"
1221,l2897774,l2897774,0.0,0.002336,0.0,0.0,0.0,0.0,0.0,0.002336,0.0,b,"(None,)","(None,)","(None,)","(None,)","(None,)","(None,)"
1222,l2822867,l2822867,0.0,0.002336,0.0,0.0,0.0,0.0,0.0,0.002336,0.0,b,"(None,)","(None,)","(None,)","(None,)","(None,)","(None,)"
1224,l3066813,l3066813,0.0,0.002336,0.0,0.0,0.0,0.0,0.0,0.002336,0.0,b,"(None,)","(None,)","(None,)","(None,)","(None,)","(None,)"
1225,l2991910,l2991910,0.0,0.002336,0.0,0.0,0.0,0.0,0.0,0.002336,0.0,b,"(None,)","(None,)","(None,)","(None,)","(None,)","(None,)"
1226,l2879072,l2879072,0.0,0.002336,0.0,0.0,0.0,0.0,0.0,0.002336,0.0,b,"(None,)","(None,)","(None,)","(None,)","(None,)","(None,)"
1228,l2804258,l2804258,0.0,0.003892,0.0,0.0,0.0,0.0,0.0,0.003892,0.0,b,"(None,)","(None,)","(None,)","(None,)","(None,)","(None,)"
1229,l3197635,l3197635,0.0,0.002336,0.0,0.0,0.0,0.0,0.0,0.002336,0.0,b,"(None,)","(None,)","(None,)","(None,)","(None,)","(None,)"
1233,l2766722,l2766722,0.0,0.003892,0.0,0.0,0.0,0.0,0.0,0.003892,0.0,b,"(None,)","(None,)","(None,)","(None,)","(None,)","(None,)"
1234,l2879071,l2879071,0.0,0.003892,0.0,0.0,0.0,0.0,0.0,0.003892,0.0,b,"(None,)","(None,)","(None,)","(None,)","(None,)","(None,)"
1235,l3029504,l3029504,0.0,0.003892,0.0,0.0,0.0,0.0,0.0,0.003892,0.0,b,"(None,)","(None,)","(None,)","(None,)","(None,)","(None,)"
1236,l3046854,l3046854,0.0,0.005836,0.0,0.0,0.0,0.0,0.0,0.005836,0.0,b,"(None,)","(None,)","(None,)","(None,)","(None,)","(None,)"
1238,l2691948,l2691948,0.0,0.002336,0.0,0.0,0.0,0.0,0.0,0.002336,0.0,b,"(None,)","(None,)","(None,)","(None,)","(None,)","(None,)"
1239,l2785547,l2785547,0.0,0.003892,0.0,0.0,0.0,0.0,0.0,0.003892,0.0,b,"(None,)","(None,)","(None,)","(None,)","(None,)","(None,)"
1241,l2710546,l2710546,0.0,0.003892,0.0,0.0,0.0,0.0,0.0,0.003892,0.0,b,"(None,)","(None,)","(None,)","(None,)","(None,)","(None,)"
1243,l3254214,l3254214,0.0,0.003892,0.0,0.0,0.0,0.0,0.0,0.003892,0.0,b,"(None,)","(None,)","(None,)","(None,)","(None,)","(None,)"
1244,l3214112,l3214112,0.0,0.002336,0.0,0.0,0.0,0.0,0.0,0.002336,0.0,b,"(None,)","(None,)","(None,)","(None,)","(None,)","(None,)"
1245,l3160104,l3160104,0.0,0.003892,0.0,0.0,0.0,0.0,0.0,0.003892,0.0,b,"(None,)","(None,)","(None,)","(None,)","(None,)","(None,)"
1247,l3216349,l3216349,0.0,0.002336,0.0,0.0,0.0,0.0,0.0,0.002336,0.0,b,"(None,)","(None,)","(None,)","(None,)","(None,)","(None,)"
1248,l2973180,l2973180,0.0,0.003892,0.0,0.0,0.0,0.0,0.0,0.003892,0.0,b,"(None,)","(None,)","(None,)","(None,)","(None,)","(None,)"
1249,l2879077,l2879077,0.0,0.002336,0.0,0.0,0.0,0.0,0.0,0.002336,0.0,b,"(None,)","(None,)","(None,)","(None,)","(None,)","(None,)"
1253,l2841634,l2841634,0.0,0.005836,0.0,0.0,0.0,0.0,0.0,0.005836,0.0,b,"(None,)","(None,)","(None,)","(None,)","(None,)","(None,)"
1254,l2991915,l2991915,0.0,0.003892,0.0,0.0,0.0,0.0,0.0,0.003892,0.0,b,"(None,)","(None,)","(None,)","(None,)","(None,)","(None,)"
1255,l2673320,l2673320,0.0,0.003892,0.0,0.0,0.0,0.0,0.0,0.003892,0.0,b,"(None,)","(None,)","(None,)","(None,)","(None,)","(None,)"
1256,l3048209,l3048209,0.0,0.003892,0.0,0.0,0.0,0.0,0.0,0.003892,0.0,b,"(None,)","(None,)","(None,)","(None,)","(None,)","(None,)"
1260,l3029183,l3029183,0.0,0.002336,0.0,0.0,0.0,0.0,0.0,0.002336,0.0,b,"(None,)","(None,)","(None,)","(None,)","(None,)","(None,)"
1261,l2991916,l2991916,0.0,0.003892,0.0,0.0,0.0,0.0,0.0,0.003892,0.0,b,"(None,)","(None,)","(None,)","(None,)","(None,)","(None,)"
1262,l3139086,l3139086,0.0,0.003892,0.0,0.0,0.0,0.0,0.0,0.003892,0.0,b,"(None,)","(None,)","(None,)","(None,)","(None,)","(None,)"
1263,l3029520,l3029520,0.0,0.002336,0.0,0.0,0.0,0.0,0.0,0.002336,0.0,b,"(None,)","(None,)","(None,)","(None,)","(None,)","(None,)"
1264,l2913406,l2913406,0.0,0.005836,0.0,0.0,0.0,0.0,0.0,0.005836,0.0,b,"(None,)","(None,)","(None,)","(None,)","(None,)","(None,)"
1265,l2954349,l2954349,0.0,0.003892,0.0,0.0,0.0,0.0,0.0,0.003892,0.0,b,"(None,)","(None,)","(None,)","(None,)","(None,)","(None,)"
1266,l3235250,l3235250,0.0,0.001556,0.0,0.0,0.0,0.0,0.0,0.001556,0.0,b,"(None,)","(None,)","(None,)","(None,)","(None,)","(None,)"
1267,l2879061,l2879061,0.0,0.001556,0.0,0.0,0.0,0.0,0.0,0.001556,0.0,b,"(None,)","(None,)","(None,)","(None,)","(None,)","(None,)"
1268,l3085391,l3085391,0.0,0.00778,0.0,0.0,0.0,0.0,0.0,0.00778,0.0,b,"(None,)","(None,)","(None,)","(None,)","(None,)","(None,)"
1270,l3181545,l3181545,0.0,0.0,0.00244,0.0,0.0,0.0,0.0,0.0,0.00244,c,"(None,)","(None,)","(None,)","(None,)","(None,)","(None,)"
1272,l3125349,l3125349,0.0,0.0,0.004068,0.0,0.0,0.0,0.0,0.0,0.004068,c,"(None,)","(None,)","(None,)","(None,)","(None,)","(None,)"
1274,l3143999,l3143999,0.003548,0.0,0.0,0.0,0.0,0.0,0.003548,0.0,0.0,a,"(None,)","(None,)","(None,)","(None,)","(None,)","(None,)"
1279,l3159448,l3159448,0.003548,0.0,0.0,0.0,0.0,0.0,0.003548,0.0,0.0,a,"(None,)","(None,)","(None,)","(None,)","(None,)","(None,)"
1284,l3232301,l3232301,0.0,0.0,0.012208,0.0,0.0,0.0,0.0,0.0,0.012208,c,"(None,)","(None,)","(None,)","(None,)","(None,)","(None,)"
1286,l2763811,l2763811,0.0,0.0,0.012208,0.0,0.0,0.0,0.0,0.0,0.012208,c,"(None,)","(None,)","(None,)","(None,)","(None,)","(None,)"
1287,l2763812,l2763812,0.0,0.0,0.012208,0.0,0.0,0.0,0.0,0.0,0.012208,c,"(None,)","(None,)","(None,)","(None,)","(None,)","(None,)"
1288,l2951995,l2951995,0.0,0.0,0.012208,0.0,0.0,0.0,0.0,0.0,0.012208,c,"(None,)","(None,)","(None,)","(None,)","(None,)","(None,)"
1289,l3101194,l3101194,0.0,0.0,0.012208,0.0,0.0,0.0,0.0,0.0,0.012208,c,"(None,)","(None,)","(None,)","(None,)","(None,)","(None,)"
1290,l2862616,l2862616,0.0,0.0,0.012208,0.0,0.0,0.0,0.0,0.0,0.012208,c,"(None,)","(None,)","(None,)","(None,)","(None,)","(None,)"
1293,l2970258,l2970258,0.0,0.0,0.006104,0.0,0.0,0.0,0.0,0.0,0.006104,c,"(None,)","(None,)","(None,)","(None,)","(None,)","(None,)"
1301,l2821770,l2821770,0.00532,0.0,0.0,0.0,0.0,0.0,0.00532,0.0,0.0,a,"(None,)","(None,)","(None,)","(None,)","(None,)","(None,)"
1304,l2915534,l2915534,0.00532,0.0,0.0,0.0,0.0,0.0,0.00532,0.0,0.0,a,"(None,)","(None,)","(None,)","(None,)","(None,)","(None,)"
1310,l2803194,l2803194,0.0,0.0,0.006104,0.0,0.0,0.0,0.0,0.0,0.006104,c,"(None,)","(None,)","(None,)","(None,)","(None,)","(None,)"
1311,l3047073,l3047073,0.0,0.0,0.004068,0.0,0.0,0.0,0.0,0.0,0.004068,c,"(None,)","(None,)","(None,)","(None,)","(None,)","(None,)"
1313,l2690868,l2690868,0.0,0.0,0.008136,0.0,0.0,0.0,0.0,0.0,0.008136,c,"(None,)","(None,)","(None,)","(None,)","(None,)","(None,)"
1323,l3235243,l3235243,0.0,0.0,0.004068,0.0,0.0,0.0,0.0,0.0,0.004068,c,"(None,)","(None,)","(None,)","(None,)","(None,)","(None,)"
1327,l3254207,l3254207,0.002128,0.0,0.0,0.0,0.0,0.0,0.002128,0.0,0.0,a,"(None,)","(None,)","(None,)","(None,)","(None,)","(None,)"
1329,l2897801,l2897801,0.00532,0.0,0.0,0.0,0.0,0.0,0.00532,0.0,0.0,a,"(None,)","(None,)","(None,)","(None,)","(None,)","(None,)"
1331,l2785514,l2785514,0.003548,0.0,0.0,0.0,0.0,0.0,0.003548,0.0,0.0,a,"(None,)","(None,)","(None,)","(None,)","(None,)","(None,)"
1332,l3235244,l3235244,0.003548,0.0,0.0,0.0,0.0,0.0,0.003548,0.0,0.0,a,"(None,)","(None,)","(None,)","(None,)","(None,)","(None,)"
1334,l3010559,l3010559,0.002128,0.0,0.0,0.0,0.0,0.0,0.002128,0.0,0.0,a,"(None,)","(None,)","(None,)","(None,)","(None,)","(None,)"
1335,l2785513,l2785513,0.003548,0.0,0.0,0.0,0.0,0.0,0.003548,0.0,0.0,a,"(None,)","(None,)","(None,)","(None,)","(None,)","(None,)"
1336,l3160101,l3160101,0.003548,0.0,0.0,0.0,0.0,0.0,0.003548,0.0,0.0,a,"(None,)","(None,)","(None,)","(None,)","(None,)","(None,)"
1337,l3066805,l3066805,0.003548,0.0,0.0,0.0,0.0,0.0,0.003548,0.0,0.0,a,"(None,)","(None,)","(None,)","(None,)","(None,)","(None,)"
1338,l2841618,l2841618,0.003548,0.0,0.0,0.0,0.0,0.0,0.003548,0.0,0.0,a,"(None,)","(None,)","(None,)","(None,)","(None,)","(None,)"
1339,l2991905,l2991905,0.00532,0.0,0.0,0.0,0.0,0.0,0.00532,0.0,0.0,a,"(None,)","(None,)","(None,)","(None,)","(None,)","(None,)"
1342,l3122811,l3122811,0.003548,0.0,0.0,0.0,0.0,0.0,0.003548,0.0,0.0,a,"(None,)","(None,)","(None,)","(None,)","(None,)","(None,)"
1345,l2822861,l2822861,0.003548,0.0,0.0,0.0,0.0,0.0,0.003548,0.0,0.0,a,"(None,)","(None,)","(None,)","(None,)","(None,)","(None,)"
1346,l2841616,l2841616,0.003548,0.0,0.0,0.0,0.0,0.0,0.003548,0.0,0.0,a,"(None,)","(None,)","(None,)","(None,)","(None,)","(None,)"
1349,l2973178,l2973178,0.0,0.002336,0.0,0.0,0.0,0.0,0.0,0.002336,0.0,b,"(None,)","(None,)","(None,)","(None,)","(None,)","(None,)"
1351,l3029518,l3029518,0.0,0.003892,0.0,0.0,0.0,0.0,0.0,0.003892,0.0,b,"(None,)","(None,)","(None,)","(None,)","(None,)","(None,)"
1352,l2897807,l2897807,0.0,0.002336,0.0,0.0,0.0,0.0,0.0,0.002336,0.0,b,"(None,)","(None,)","(None,)","(None,)","(None,)","(None,)"
1354,l3160123,l3160123,0.002128,0.0,0.0,0.0,0.0,0.0,0.002128,0.0,0.0,a,"(None,)","(None,)","(None,)","(None,)","(None,)","(None,)"
1355,l2897805,l2897805,0.003548,0.0,0.0,0.0,0.0,0.0,0.003548,0.0,0.0,a,"(None,)","(None,)","(None,)","(None,)","(None,)","(None,)"
1359,l3048227,l3048227,0.003548,0.0,0.0,0.0,0.0,0.0,0.003548,0.0,0.0,a,"(None,)","(None,)","(None,)","(None,)","(None,)","(None,)"
1364,l3010561,l3010561,0.002128,0.0,0.0,0.0,0.0,0.0,0.002128,0.0,0.0,a,"(None,)","(None,)","(None,)","(None,)","(None,)","(None,)"
1367,l3141396,l3141396,0.0,0.0,0.00244,0.0,0.0,0.0,0.0,0.0,0.00244,c,"(None,)","(None,)","(None,)","(None,)","(None,)","(None,)"
1368,l3066808,l3066808,0.0,0.0,0.00244,0.0,0.0,0.0,0.0,0.0,0.00244,c,"(None,)","(None,)","(None,)","(None,)","(None,)","(None,)"
1372,l2785517,l2785517,0.0,0.0,0.001628,0.0,0.0,0.0,0.0,0.0,0.001628,c,"(None,)","(None,)","(None,)","(None,)","(None,)","(None,)"
1373,l3066809,l3066809,0.0,0.0,0.004068,0.0,0.0,0.0,0.0,0.0,0.004068,c,"(None,)","(None,)","(None,)","(None,)","(None,)","(None,)"
1376,l2748125,l2748125,0.0,0.0,0.004068,0.0,0.0,0.0,0.0,0.0,0.004068,c,"(None,)","(None,)","(None,)","(None,)","(None,)","(None,)"
1377,l2673303,l2673303,0.0,0.0,0.00244,0.0,0.0,0.0,0.0,0.0,0.00244,c,"(None,)","(None,)","(None,)","(None,)","(None,)","(None,)"
1379,l2933120,l2933120,0.0,0.0,0.006104,0.0,0.0,0.0,0.0,0.0,0.006104,c,"(None,)","(None,)","(None,)","(None,)","(None,)","(None,)"
1380,l3104117,l3104117,0.0,0.0,0.006104,0.0,0.0,0.0,0.0,0.0,0.006104,c,"(None,)","(None,)","(None,)","(None,)","(None,)","(None,)"
1382,l2745806,l2745806,0.0,0.0,0.004068,0.0,0.0,0.0,0.0,0.0,0.004068,c,"(None,)","(None,)","(None,)","(None,)","(None,)","(None,)"
1383,l2954344,l2954344,0.0,0.0,0.004068,0.0,0.0,0.0,0.0,0.0,0.004068,c,"(None,)","(None,)","(None,)","(None,)","(None,)","(None,)"
1384,l2897767,l2897767,0.0,0.0,0.004068,0.0,0.0,0.0,0.0,0.0,0.004068,c,"(None,)","(None,)","(None,)","(None,)","(None,)","(None,)"
1385,l3254208,l3254208,0.0,0.0,0.004068,0.0,0.0,0.0,0.0,0.0,0.004068,c,"(None,)","(None,)","(None,)","(None,)","(None,)","(None,)"
1388,l3104119,l3104119,0.003548,0.0,0.0,0.0,0.0,0.0,0.003548,0.0,0.0,a,"(None,)","(None,)","(None,)","(None,)","(None,)","(None,)"
1392,l3254209,l3254209,0.0,0.0,0.006104,0.0,0.0,0.0,0.0,0.0,0.006104,c,"(None,)","(None,)","(None,)","(None,)","(None,)","(None,)"
1393,l2766716,l2766716,0.0,0.0,0.00244,0.0,0.0,0.0,0.0,0.0,0.00244,c,"(None,)","(None,)","(None,)","(None,)","(None,)","(None,)"
1394,l3235245,l3235245,0.0,0.0,0.00244,0.0,0.0,0.0,0.0,0.0,0.00244,c,"(None,)","(None,)","(None,)","(None,)","(None,)","(None,)"
1396,l3729297,l3729297,0.003548,0.0,0.0,0.0,0.0,0.0,0.003548,0.0,0.0,a,"(None,)","(None,)","(None,)","(None,)","(None,)","(None,)"
1397,l3729298,l3729298,0.00532,0.0,0.0,0.0,0.0,0.0,0.00532,0.0,0.0,a,"(None,)","(None,)","(None,)","(None,)","(None,)","(None,)"
1398,l3727707,l3727707,0.003548,0.0,0.0,0.0,0.0,0.0,0.003548,0.0,0.0,a,"(None,)","(None,)","(None,)","(None,)","(None,)","(None,)"
1399,l3727708,l3727708,0.002128,0.0,0.0,0.0,0.0,0.0,0.002128,0.0,0.0,a,"(None,)","(None,)","(None,)","(None,)","(None,)","(None,)"
1401,l3727711,l3727711,0.002128,0.0,0.0,0.0,0.0,0.0,0.002128,0.0,0.0,a,"(None,)","(None,)","(None,)","(None,)","(None,)","(None,)"
1402,l3727712,l3727712,0.003548,0.0,0.0,0.0,0.0,0.0,0.003548,0.0,0.0,a,"(None,)","(None,)","(None,)","(None,)","(None,)","(None,)"
1403,l3728037,l3728037,0.003548,0.0,0.0,0.0,0.0,0.0,0.003548,0.0,0.0,a,"(None,)","(None,)","(None,)","(None,)","(None,)","(None,)"
1405,l3728038,l3728038,0.003548,0.0,0.0,0.0,0.0,0.0,0.003548,0.0,0.0,a,"(None,)","(None,)","(None,)","(None,)","(None,)","(None,)"
1406,l3728039,l3728039,0.00532,0.0,0.0,0.0,0.0,0.0,0.00532,0.0,0.0,a,"(None,)","(None,)","(None,)","(None,)","(None,)","(None,)"
1407,l3728040,l3728040,0.00532,0.0,0.0,0.0,0.0,0.0,0.00532,0.0,0.0,a,"(None,)","(None,)","(None,)","(None,)","(None,)","(None,)"
1408,l3728041,l3728041,0.003548,0.0,0.0,0.0,0.0,0.0,0.003548,0.0,0.0,a,"(None,)","(None,)","(None,)","(None,)","(None,)","(None,)"
1409,l3728042,l3728042,0.00532,0.0,0.0,0.0,0.0,0.0,0.00532,0.0,0.0,a,"(None,)","(None,)","(None,)","(None,)","(None,)","(None,)"
1410,l3728043,l3728043,0.00532,0.0,0.0,0.0,0.0,0.0,0.00532,0.0,0.0,a,"(None,)","(None,)","(None,)","(None,)","(None,)","(None,)"
1411,l3727709,l3727709,0.00532,0.0,0.0,0.0,0.0,0.0,0.00532,0.0,0.0,a,"(None,)","(None,)","(None,)","(None,)","(None,)","(None,)"
1412,l3727710,l3727710,0.00532,0.0,0.0,0.0,0.0,0.0,0.00532,0.0,0.0,a,"(None,)","(None,)","(None,)","(None,)","(None,)","(None,)"
1417,l2991914,l2991914,0.0,0.0,0.00244,0.0,0.0,0.0,0.0,0.0,0.00244,c,"(None,)","(None,)","(None,)","(None,)","(None,)","(None,)"
1419,l2841635,l2841635,0.002128,0.0,0.0,0.0,0.0,0.0,0.002128,0.0,0.0,a,"(None,)","(None,)","(None,)","(None,)","(None,)","(None,)"
1420,l2822869,l2822869,0.003548,0.0,0.0,0.0,0.0,0.0,0.003548,0.0,0.0,a,"(None,)","(None,)","(None,)","(None,)","(None,)","(None,)"
1423,l2729410,l2729410,0.0,0.0,0.004068,0.0,0.0,0.0,0.0,0.0,0.004068,c,"(None,)","(None,)","(None,)","(None,)","(None,)","(None,)"
1426,l3254217,l3254217,0.0,0.0,0.004068,0.0,0.0,0.0,0.0,0.0,0.004068,c,"(None,)","(None,)","(None,)","(None,)","(None,)","(None,)"
1432,l2822870,l2822870,0.0,0.0,0.00244,0.0,0.0,0.0,0.0,0.0,0.00244,c,"(None,)","(None,)","(None,)","(None,)","(None,)","(None,)"
1433,l2766725,l2766725,0.0,0.0,0.00244,0.0,0.0,0.0,0.0,0.0,0.00244,c,"(None,)","(None,)","(None,)","(None,)","(None,)","(None,)"
1439,l2766724,l2766724,0.0,0.0,0.00244,0.0,0.0,0.0,0.0,0.0,0.00244,c,"(None,)","(None,)","(None,)","(None,)","(None,)","(None,)"
1446,l2729429,l2729429,0.003548,0.0,0.0,0.0,0.0,0.0,0.003548,0.0,0.0,a,"(None,)","(None,)","(None,)","(None,)","(None,)","(None,)"
1447,l3197647,l3197647,0.00142,0.0,0.0,0.0,0.0,0.0,0.00142,0.0,0.0,a,"(None,)","(None,)","(None,)","(None,)","(None,)","(None,)"
1449,l2841633,l2841633,0.003548,0.0,0.0,0.0,0.0,0.0,0.003548,0.0,0.0,a,"(None,)","(None,)","(None,)","(None,)","(None,)","(None,)"
1458,l2729414,l2729414,0.003548,0.003892,0.004068,0.0,0.0,0.0,0.003548,0.003892,0.004068,abc,"(None, None, None)","(None, None, None)","(None, None, None)","(None, None, None)","(None, None, None)","(None, None, None)"
1462,l2973167,l2973167,0.0,0.002336,0.0,0.0,0.0,0.0,0.0,0.002336,0.0,b,"(None,)","(None,)","(None,)","(None,)","(None,)","(None,)"
1466,l3189188,l3189188,0.0,0.0,0.008136,0.0,0.0,0.0,0.0,0.0,0.008136,c,"(None,)","(None,)","(None,)","(None,)","(None,)","(None,)"
1468,l3189189,l3189189,0.0,0.002336,0.0,0.0,0.0,0.0,0.0,0.002336,0.0,b,"(None,)","(None,)","(None,)","(None,)","(None,)","(None,)"
1470,l2851933,l2851933,0.003548,0.003892,0.006104,0.0,0.0,0.0,0.003548,0.003892,0.006104,abc,"(None, None, None)","(None, None, None)","(None, None, None)","(None, None, None)","(None, None, None)","(None, None, None)"
1471,l3207907,l3207907,0.007096,0.011672,0.008136,0.0,0.0,0.0,0.007096,0.011672,0.008136,abc,"(None, None, None)","(None, None, None)","(None, None, None)","(None, None, None)","(None, None, None)","(None, None, None)"
1474,l3226771,l3226771,0.002128,0.0,0.0,0.0,0.0,0.0,0.002128,0.0,0.0,a,"(None,)","(None,)","(None,)","(None,)","(None,)","(None,)"
1475,l3189190,l3189190,0.003548,0.0,0.0,0.0,0.0,0.0,0.003548,0.0,0.0,a,"(None,)","(None,)","(None,)","(None,)","(None,)","(None,)"
1482,l2710532,l2710532,0.0,0.0,0.001628,0.0,0.0,0.0,0.0,0.0,0.001628,c,"(None,)","(None,)","(None,)","(None,)","(None,)","(None,)"
1485,l2973166,l2973166,0.0,0.0,0.004068,0.0,0.0,0.0,0.0,0.0,0.004068,c,"(None,)","(None,)","(None,)","(None,)","(None,)","(None,)"
1490,l2785530,l2785530,0.00142,0.0,0.0,0.0,0.0,0.0,0.00142,0.0,0.0,a,"(None,)","(None,)","(None,)","(None,)","(None,)","(None,)"
1491,l2822868,l2822868,0.002128,0.0,0.0,0.0,0.0,0.0,0.002128,0.0,0.0,a,"(None,)","(None,)","(None,)","(None,)","(None,)","(None,)"
1492,l2766723,l2766723,0.003548,0.0,0.0,0.0,0.0,0.0,0.003548,0.0,0.0,a,"(None,)","(None,)","(None,)","(None,)","(None,)","(None,)"
1493,l3122822,l3122822,0.003548,0.0,0.0,0.0,0.0,0.0,0.003548,0.0,0.0,a,"(None,)","(None,)","(None,)","(None,)","(None,)","(None,)"
1494,l2860504,l2860504,0.002128,0.0,0.0,0.0,0.0,0.0,0.002128,0.0,0.0,a,"(None,)","(None,)","(None,)","(None,)","(None,)","(None,)"
1495,l2860493,l2860493,0.003548,0.0,0.0,0.0,0.0,0.0,0.003548,0.0,0.0,a,"(None,)","(None,)","(None,)","(None,)","(None,)","(None,)"
1496,l3085403,l3085403,0.003548,0.0,0.0,0.0,0.0,0.0,0.003548,0.0,0.0,a,"(None,)","(None,)","(None,)","(None,)","(None,)","(None,)"
1499,l2879078,l2879078,0.002128,0.0,0.0,0.0,0.0,0.0,0.002128,0.0,0.0,a,"(None,)","(None,)","(None,)","(None,)","(None,)","(None,)"
1501,l3048221,l3048221,0.003548,0.0,0.0,0.0,0.0,0.0,0.003548,0.0,0.0,a,"(None,)","(None,)","(None,)","(None,)","(None,)","(None,)"
1504,l2691952,l2691952,0.002128,0.0,0.0,0.0,0.0,0.0,0.002128,0.0,0.0,a,"(None,)","(None,)","(None,)","(None,)","(None,)","(None,)"
1506,l3197642,l3197642,0.0,0.0,0.00244,0.0,0.0,0.0,0.0,0.0,0.00244,c,"(None,)","(None,)","(None,)","(None,)","(None,)","(None,)"
1510,l2841631,l2841631,0.0,0.0,0.004068,0.0,0.0,0.0,0.0,0.0,0.004068,c,"(None,)","(None,)","(None,)","(None,)","(None,)","(None,)"
1512,l3141402,l3141402,0.0,0.0,0.004068,0.0,0.0,0.0,0.0,0.0,0.004068,c,"(None,)","(None,)","(None,)","(None,)","(None,)","(None,)"
1513,l2673319,l2673319,0.0,0.0,0.00244,0.0,0.0,0.0,0.0,0.0,0.00244,c,"(None,)","(None,)","(None,)","(None,)","(None,)","(None,)"
1515,l3172805,l3172805,0.003548,0.0,0.0,0.0,0.0,0.0,0.003548,0.0,0.0,a,"(None,)","(None,)","(None,)","(None,)","(None,)","(None,)"
1518,l2710518,l2710518,0.003548,0.0,0.0,0.0,0.0,0.0,0.003548,0.0,0.0,a,"(None,)","(None,)","(None,)","(None,)","(None,)","(None,)"
1523,l3141411,l3141411,0.0,0.0,0.012208,0.0,0.0,0.0,0.0,0.0,0.012208,c,"(None,)","(None,)","(None,)","(None,)","(None,)","(None,)"
1527,l2879092,l2879092,0.0,0.0,0.004068,0.0,0.0,0.0,0.0,0.0,0.004068,c,"(None,)","(None,)","(None,)","(None,)","(None,)","(None,)"
1529,l3216350,l3216350,0.003548,0.0,0.0,0.0,0.0,0.0,0.003548,0.0,0.0,a,"(None,)","(None,)","(None,)","(None,)","(None,)","(None,)"
1531,l3216351,l3216351,0.003548,0.0,0.0,0.0,0.0,0.0,0.003548,0.0,0.0,a,"(None,)","(None,)","(None,)","(None,)","(None,)","(None,)"
1532,l2879081,l2879081,0.002128,0.0,0.0,0.0,0.0,0.0,0.002128,0.0,0.0,a,"(None,)","(None,)","(None,)","(None,)","(None,)","(None,)"
1534,l3066816,l3066816,0.002128,0.0,0.0,0.0,0.0,0.0,0.002128,0.0,0.0,a,"(None,)","(None,)","(None,)","(None,)","(None,)","(None,)"
1539,l3066817,l3066817,0.007096,0.0,0.0,0.0,0.0,0.0,0.007096,0.0,0.0,a,"(None,)","(None,)","(None,)","(None,)","(None,)","(None,)"
1541,l3216368,l3216368,0.0,0.0,0.00244,0.0,0.0,0.0,0.0,0.0,0.00244,c,"(None,)","(None,)","(None,)","(None,)","(None,)","(None,)"
1545,l2814529,l2814529,0.007096,0.00778,0.008136,0.0,0.0,0.0,0.007096,0.00778,0.008136,abc,"(None, None, None)","(None, None, None)","(None, None, None)","(None, None, None)","(None, None, None)","(None, None, None)"
1546,l2916610,l2916610,0.0,0.003892,0.0,0.0,0.0,0.0,0.0,0.003892,0.0,b,"(None,)","(None,)","(None,)","(None,)","(None,)","(None,)"
1548,l2935560,l2935560,0.0,0.0,0.00244,0.0,0.0,0.0,0.0,0.0,0.00244,c,"(None,)","(None,)","(None,)","(None,)","(None,)","(None,)"
1552,l3122827,l3122827,0.003548,0.0,0.0,0.0,0.0,0.0,0.003548,0.0,0.0,a,"(None,)","(None,)","(None,)","(None,)","(None,)","(None,)"
1553,l2954355,l2954355,0.002128,0.0,0.0,0.0,0.0,0.0,0.002128,0.0,0.0,a,"(None,)","(None,)","(None,)","(None,)","(None,)","(None,)"
1559,l2729428,l2729428,0.002128,0.0,0.0,0.0,0.0,0.0,0.002128,0.0,0.0,a,"(None,)","(None,)","(None,)","(None,)","(None,)","(None,)"
1563,l2673317,l2673317,0.002128,0.0,0.0,0.0,0.0,0.0,0.002128,0.0,0.0,a,"(None,)","(None,)","(None,)","(None,)","(None,)","(None,)"
1564,l2710517,l2710517,0.002128,0.0,0.0,0.0,0.0,0.0,0.002128,0.0,0.0,a,"(None,)","(None,)","(None,)","(None,)","(None,)","(None,)"
1566,l3178978,l3178978,0.002128,0.0,0.0,0.0,0.0,0.0,0.002128,0.0,0.0,a,"(None,)","(None,)","(None,)","(None,)","(None,)","(None,)"
1570,l2916234,l2916234,0.00142,0.0,0.0,0.0,0.0,0.0,0.00142,0.0,0.0,a,"(None,)","(None,)","(None,)","(None,)","(None,)","(None,)"
1573,l2820556,l2820556,0.003548,0.0,0.0,0.0,0.0,0.0,0.003548,0.0,0.0,a,"(None,)","(None,)","(None,)","(None,)","(None,)","(None,)"
1576,l2841648,l2841648,0.002128,0.0,0.0,0.0,0.0,0.0,0.002128,0.0,0.0,a,"(None,)","(None,)","(None,)","(None,)","(None,)","(None,)"
1577,l2710544,l2710544,0.002128,0.0,0.0,0.0,0.0,0.0,0.002128,0.0,0.0,a,"(None,)","(None,)","(None,)","(None,)","(None,)","(None,)"
1578,l3082992,l3082992,0.002128,0.0,0.0,0.0,0.0,0.0,0.002128,0.0,0.0,a,"(None,)","(None,)","(None,)","(None,)","(None,)","(None,)"
1580,l2691947,l2691947,0.00142,0.0,0.0,0.0,0.0,0.0,0.00142,0.0,0.0,a,"(None,)","(None,)","(None,)","(None,)","(None,)","(None,)"
1581,l3216348,l3216348,0.002128,0.0,0.0,0.0,0.0,0.0,0.002128,0.0,0.0,a,"(None,)","(None,)","(None,)","(None,)","(None,)","(None,)"
1582,l2841627,l2841627,0.002128,0.0,0.0,0.0,0.0,0.0,0.002128,0.0,0.0,a,"(None,)","(None,)","(None,)","(None,)","(None,)","(None,)"
1583,l3254216,l3254216,0.003548,0.0,0.0,0.0,0.0,0.0,0.003548,0.0,0.0,a,"(None,)","(None,)","(None,)","(None,)","(None,)","(None,)"
1587,l3091052,l3091052,0.00532,0.0,0.0,0.0,0.0,0.0,0.00532,0.0,0.0,a,"(None,)","(None,)","(None,)","(None,)","(None,)","(None,)"
1588,l2748132,l2748132,0.002128,0.0,0.0,0.0,0.0,0.0,0.002128,0.0,0.0,a,"(None,)","(None,)","(None,)","(None,)","(None,)","(None,)"
1592,l2973157,l2973157,0.003548,0.0,0.0,0.0,0.0,0.0,0.003548,0.0,0.0,a,"(None,)","(None,)","(None,)","(None,)","(None,)","(None,)"
1593,l2879075,l2879075,0.002128,0.0,0.0,0.0,0.0,0.0,0.002128,0.0,0.0,a,"(None,)","(None,)","(None,)","(None,)","(None,)","(None,)"
1600,l2879074,l2879074,0.002128,0.0,0.0,0.0,0.0,0.0,0.002128,0.0,0.0,a,"(None,)","(None,)","(None,)","(None,)","(None,)","(None,)"
1601,l3122820,l3122820,0.003548,0.0,0.0,0.0,0.0,0.0,0.003548,0.0,0.0,a,"(None,)","(None,)","(None,)","(None,)","(None,)","(None,)"
1602,l3141398,l3141398,0.002128,0.0,0.0,0.0,0.0,0.0,0.002128,0.0,0.0,a,"(None,)","(None,)","(None,)","(None,)","(None,)","(None,)"
1604,l3197639,l3197639,0.003548,0.0,0.0,0.0,0.0,0.0,0.003548,0.0,0.0,a,"(None,)","(None,)","(None,)","(None,)","(None,)","(None,)"
1605,l2973159,l2973159,0.002128,0.0,0.0,0.0,0.0,0.0,0.002128,0.0,0.0,a,"(None,)","(None,)","(None,)","(None,)","(None,)","(None,)"
1606,l3160106,l3160106,0.003548,0.0,0.0,0.0,0.0,0.0,0.003548,0.0,0.0,a,"(None,)","(None,)","(None,)","(None,)","(None,)","(None,)"
1608,l3235258,l3235258,0.002128,0.005836,0.00244,0.0,0.0,0.0,0.002128,0.005836,0.00244,abc,"(None, None, None)","(None, None, None)","(None, None, None)","(None, None, None)","(None, None, None)","(None, None, None)"
1610,l3197641,l3197641,0.002128,0.0,0.0,0.0,0.0,0.0,0.002128,0.0,0.0,a,"(None,)","(None,)","(None,)","(None,)","(None,)","(None,)"
1611,l2973161,l2973161,0.00532,0.0,0.0,0.0,0.0,0.0,0.00532,0.0,0.0,a,"(None,)","(None,)","(None,)","(None,)","(None,)","(None,)"
1613,l3010568,l3010568,0.003548,0.0,0.0,0.0,0.0,0.0,0.003548,0.0,0.0,a,"(None,)","(None,)","(None,)","(None,)","(None,)","(None,)"
1618,l3141401,l3141401,0.003548,0.0,0.0,0.0,0.0,0.0,0.003548,0.0,0.0,a,"(None,)","(None,)","(None,)","(None,)","(None,)","(None,)"
1619,l3197654,l3197654,0.003548,0.0,0.0,0.0,0.0,0.0,0.003548,0.0,0.0,a,"(None,)","(None,)","(None,)","(None,)","(None,)","(None,)"
1621,l3235242,l3235242,0.0,0.0,0.004068,0.0,0.0,0.0,0.0,0.0,0.004068,c,"(None,)","(None,)","(None,)","(None,)","(None,)","(None,)"
1623,l3141393,l3141393,0.0,0.0,0.004068,0.0,0.0,0.0,0.0,0.0,0.004068,c,"(None,)","(None,)","(None,)","(None,)","(None,)","(None,)"
1627,l2973148,l2973148,0.003548,0.0,0.0,0.0,0.0,0.0,0.003548,0.0,0.0,a,"(None,)","(None,)","(None,)","(None,)","(None,)","(None,)"
1629,l2916602,l2916602,0.003548,0.0,0.0,0.0,0.0,0.0,0.003548,0.0,0.0,a,"(None,)","(None,)","(None,)","(None,)","(None,)","(None,)"
1633,l3157167,l3157167,0.002128,0.0,0.0,0.0,0.0,0.0,0.002128,0.0,0.0,a,"(None,)","(None,)","(None,)","(None,)","(None,)","(None,)"
1634,l2785511,l2785511,0.003548,0.0,0.0,0.0,0.0,0.0,0.003548,0.0,0.0,a,"(None,)","(None,)","(None,)","(None,)","(None,)","(None,)"
1635,l3010557,l3010557,0.002128,0.0,0.0,0.0,0.0,0.0,0.002128,0.0,0.0,a,"(None,)","(None,)","(None,)","(None,)","(None,)","(None,)"
1638,l3157718,l3157718,0.002128,0.0,0.0,0.0,0.0,0.0,0.002128,0.0,0.0,a,"(None,)","(None,)","(None,)","(None,)","(None,)","(None,)"
1641,l3027122,l3027122,0.003548,0.0,0.0,0.0,0.0,0.0,0.003548,0.0,0.0,a,"(None,)","(None,)","(None,)","(None,)","(None,)","(None,)"
1646,l3108449,l3108449,0.002128,0.0,0.0,0.0,0.0,0.0,0.002128,0.0,0.0,a,"(None,)","(None,)","(None,)","(None,)","(None,)","(None,)"
1647,l3065665,l3065665,0.003548,0.0,0.0,0.0,0.0,0.0,0.003548,0.0,0.0,a,"(None,)","(None,)","(None,)","(None,)","(None,)","(None,)"
1648,l3235946,l3235946,0.003548,0.0,0.0,0.0,0.0,0.0,0.003548,0.0,0.0,a,"(None,)","(None,)","(None,)","(None,)","(None,)","(None,)"
1650,l2767342,l2767342,0.003548,0.0,0.0,0.0,0.0,0.0,0.003548,0.0,0.0,a,"(None,)","(None,)","(None,)","(None,)","(None,)","(None,)"
1651,l2748780,l2748780,0.003548,0.0,0.0,0.0,0.0,0.0,0.003548,0.0,0.0,a,"(None,)","(None,)","(None,)","(None,)","(None,)","(None,)"
1652,l2823544,l2823544,0.003548,0.0,0.0,0.0,0.0,0.0,0.003548,0.0,0.0,a,"(None,)","(None,)","(None,)","(None,)","(None,)","(None,)"
1657,l2823545,l2823545,0.003548,0.0,0.0,0.0,0.0,0.0,0.003548,0.0,0.0,a,"(None,)","(None,)","(None,)","(None,)","(None,)","(None,)"
1660,l2748781,l2748781,0.00532,0.0,0.0,0.0,0.0,0.0,0.00532,0.0,0.0,a,"(None,)","(None,)","(None,)","(None,)","(None,)","(None,)"
1661,l3101782,l3101782,0.00532,0.0,0.0,0.0,0.0,0.0,0.00532,0.0,0.0,a,"(None,)","(None,)","(None,)","(None,)","(None,)","(None,)"
1662,l3195321,l3195321,0.002128,0.0,0.0,0.0,0.0,0.0,0.002128,0.0,0.0,a,"(None,)","(None,)","(None,)","(None,)","(None,)","(None,)"
1663,l3011229,l3011229,0.002128,0.0,0.0,0.0,0.0,0.0,0.002128,0.0,0.0,a,"(None,)","(None,)","(None,)","(None,)","(None,)","(None,)"
1667,l2936214,l2936214,0.003548,0.0,0.0,0.0,0.0,0.0,0.003548,0.0,0.0,a,"(None,)","(None,)","(None,)","(None,)","(None,)","(None,)"
1670,l2804956,l2804956,0.003548,0.0,0.0,0.0,0.0,0.0,0.003548,0.0,0.0,a,"(None,)","(None,)","(None,)","(None,)","(None,)","(None,)"
1674,l2936212,l2936212,0.003548,0.0,0.0,0.0,0.0,0.0,0.003548,0.0,0.0,a,"(None,)","(None,)","(None,)","(None,)","(None,)","(None,)"
1676,l3067447,l3067447,0.003548,0.0,0.0,0.0,0.0,0.0,0.003548,0.0,0.0,a,"(None,)","(None,)","(None,)","(None,)","(None,)","(None,)"
1677,l2730149,l2730149,0.0,0.0,0.00244,0.0,0.0,0.0,0.0,0.0,0.00244,c,"(None,)","(None,)","(None,)","(None,)","(None,)","(None,)"
1680,l2989566,l2989566,0.0,0.002336,0.0,0.0,0.0,0.0,0.0,0.002336,0.0,b,"(None,)","(None,)","(None,)","(None,)","(None,)","(None,)"
1685,l3233412,l3233412,0.007096,0.0,0.0,0.0,0.0,0.0,0.007096,0.0,0.0,a,"(None,)","(None,)","(None,)","(None,)","(None,)","(None,)"
1688,l2821087,l2821087,0.01064,0.0,0.0,0.0,0.0,0.0,0.01064,0.0,0.0,a,"(None,)","(None,)","(None,)","(None,)","(None,)","(None,)"
1689,l2990098,l2990098,0.007096,0.0,0.0,0.0,0.0,0.0,0.007096,0.0,0.0,a,"(None,)","(None,)","(None,)","(None,)","(None,)","(None,)"
1691,l3027671,l3027671,0.00532,0.0,0.0,0.0,0.0,0.0,0.00532,0.0,0.0,a,"(None,)","(None,)","(None,)","(None,)","(None,)","(None,)"
1693,l2802481,l2802481,0.01064,0.0,0.0,0.0,0.0,0.0,0.01064,0.0,0.0,a,"(None,)","(None,)","(None,)","(None,)","(None,)","(None,)"
1694,l3214549,l3214549,0.007096,0.0,0.0,0.0,0.0,0.0,0.007096,0.0,0.0,a,"(None,)","(None,)","(None,)","(None,)","(None,)","(None,)"
1702,l2708744,l2708744,0.0,0.011672,0.0,0.0,0.0,0.0,0.0,0.011672,0.0,b,"(None,)","(None,)","(None,)","(None,)","(None,)","(None,)"
1703,l2690187,l2690187,0.0,0.011672,0.0,0.0,0.0,0.0,0.0,0.011672,0.0,b,"(None,)","(None,)","(None,)","(None,)","(None,)","(None,)"
1705,l3027670,l3027670,0.0,0.011672,0.0,0.0,0.0,0.0,0.0,0.011672,0.0,b,"(None,)","(None,)","(None,)","(None,)","(None,)","(None,)"
1707,l2802480,l2802480,0.0,0.011672,0.0,0.0,0.0,0.0,0.0,0.011672,0.0,b,"(None,)","(None,)","(None,)","(None,)","(None,)","(None,)"
1708,l3252336,l3252336,0.0,0.005836,0.0,0.0,0.0,0.0,0.0,0.005836,0.0,b,"(None,)","(None,)","(None,)","(None,)","(None,)","(None,)"
1709,l3233413,l3233413,0.0,0.00778,0.0,0.0,0.0,0.0,0.0,0.00778,0.0,b,"(None,)","(None,)","(None,)","(None,)","(None,)","(None,)"
1711,l3102286,l3102286,0.0,0.011672,0.0,0.0,0.0,0.0,0.0,0.011672,0.0,b,"(None,)","(None,)","(None,)","(None,)","(None,)","(None,)"
1715,l2952003,l2952003,0.0,0.003892,0.0,0.0,0.0,0.0,0.0,0.003892,0.0,b,"(None,)","(None,)","(None,)","(None,)","(None,)","(None,)"
1719,l2803199,l2803199,0.007096,0.00778,0.008136,0.0,0.0,0.0,0.007096,0.00778,0.008136,abc,"(None, None, None)","(None, None, None)","(None, None, None)","(None, None, None)","(None, None, None)","(None, None, None)"
1720,l3254237,l3254237,0.003548,0.0,0.0,0.0,0.0,0.0,0.003548,0.0,0.0,a,"(None,)","(None,)","(None,)","(None,)","(None,)","(None,)"
1724,l3215203,l3215203,0.007096,0.00778,0.008136,0.0,0.0,0.0,0.007096,0.00778,0.008136,abc,"(None, None, None)","(None, None, None)","(None, None, None)","(None, None, None)","(None, None, None)","(None, None, None)"
1727,l2728247,l2728247,0.00142,0.003892,0.001628,0.0,0.0,0.0,0.00142,0.003892,0.001628,abc,"(None, None, None)","(None, None, None)","(None, None, None)","(None, None, None)","(None, None, None)","(None, None, None)"
1728,l2896685,l2896685,0.002128,0.002336,0.00244,0.0,0.0,0.0,0.002128,0.002336,0.00244,abc,"(None, None, None)","(None, None, None)","(None, None, None)","(None, None, None)","(None, None, None)","(None, None, None)"
1733,l2990826,l2990826,0.003548,0.003892,0.004068,0.0,0.0,0.0,0.003548,0.003892,0.004068,abc,"(None, None, None)","(None, None, None)","(None, None, None)","(None, None, None)","(None, None, None)","(None, None, None)"
1736,l2915542,l2915542,0.007096,0.00778,0.008136,0.0,0.0,0.0,0.007096,0.00778,0.008136,abc,"(None, None, None)","(None, None, None)","(None, None, None)","(None, None, None)","(None, None, None)","(None, None, None)"
1739,l2767340,l2767340,0.01064,0.011672,0.012208,0.0,0.0,0.0,0.01064,0.011672,0.012208,abc,"(None, None, None)","(None, None, None)","(None, None, None)","(None, None, None)","(None, None, None)","(None, None, None)"
1742,l3160793,l3160793,0.0,0.0,0.00244,0.0,0.0,0.0,0.0,0.0,0.00244,c,"(None,)","(None,)","(None,)","(None,)","(None,)","(None,)"
1743,l2898457,l2898457,0.00142,0.0,0.0,0.0,0.0,0.0,0.00142,0.0,0.0,a,"(None,)","(None,)","(None,)","(None,)","(None,)","(None,)"
1746,l3254869,l3254869,0.0,0.002336,0.0,0.0,0.0,0.0,0.0,0.002336,0.0,b,"(None,)","(None,)","(None,)","(None,)","(None,)","(None,)"
1747,l2798067,l2798067,0.0,0.001556,0.0,0.0,0.0,0.0,0.0,0.001556,0.0,b,"(None,)","(None,)","(None,)","(None,)","(None,)","(None,)"
1749,l3029055,l3029055,0.0,0.005836,0.0,0.0,0.0,0.0,0.0,0.005836,0.0,b,"(None,)","(None,)","(None,)","(None,)","(None,)","(None,)"
1753,l3552667,l3552667,0.0,0.0,0.004068,0.0,0.0,0.0,0.0,0.0,0.004068,c,"(None,)","(None,)","(None,)","(None,)","(None,)","(None,)"
1754,l3160862,l3160862,0.0,0.0,0.00244,0.0,0.0,0.0,0.0,0.0,0.00244,c,"(None,)","(None,)","(None,)","(None,)","(None,)","(None,)"
1755,l3104850,l3104850,0.0,0.0,0.004068,0.0,0.0,0.0,0.0,0.0,0.004068,c,"(None,)","(None,)","(None,)","(None,)","(None,)","(None,)"
1757,l3160861,l3160861,0.0,0.0,0.001628,0.0,0.0,0.0,0.0,0.0,0.001628,c,"(None,)","(None,)","(None,)","(None,)","(None,)","(None,)"
1760,l3198348,l3198348,0.007096,0.0,0.0,0.0,0.0,0.0,0.007096,0.0,0.0,a,"(None,)","(None,)","(None,)","(None,)","(None,)","(None,)"
1761,l3081380,l3081380,0.002128,0.0,0.0,0.0,0.0,0.0,0.002128,0.0,0.0,a,"(None,)","(None,)","(None,)","(None,)","(None,)","(None,)"
1765,l3067507,l3067507,0.0,0.0,0.006104,0.0,0.0,0.0,0.0,0.0,0.006104,c,"(None,)","(None,)","(None,)","(None,)","(None,)","(None,)"
1770,l2767408,l2767408,0.0,0.0,0.00244,0.0,0.0,0.0,0.0,0.0,0.00244,c,"(None,)","(None,)","(None,)","(None,)","(None,)","(None,)"
1771,l3217053,l3217053,0.0,0.0,0.001628,0.0,0.0,0.0,0.0,0.0,0.001628,c,"(None,)","(None,)","(None,)","(None,)","(None,)","(None,)"
1773,l3217052,l3217052,0.0,0.0,0.004068,0.0,0.0,0.0,0.0,0.0,0.004068,c,"(None,)","(None,)","(None,)","(None,)","(None,)","(None,)"
1774,l3086074,l3086074,0.0,0.0,0.00244,0.0,0.0,0.0,0.0,0.0,0.00244,c,"(None,)","(None,)","(None,)","(None,)","(None,)","(None,)"
1775,l3104853,l3104853,0.0,0.0,0.004068,0.0,0.0,0.0,0.0,0.0,0.004068,c,"(None,)","(None,)","(None,)","(None,)","(None,)","(None,)"
1776,l3160865,l3160865,0.003548,0.0,0.0,0.0,0.0,0.0,0.003548,0.0,0.0,a,"(None,)","(None,)","(None,)","(None,)","(None,)","(None,)"
1778,l2674047,l2674047,0.0,0.0,0.00244,0.0,0.0,0.0,0.0,0.0,0.00244,c,"(None,)","(None,)","(None,)","(None,)","(None,)","(None,)"
1779,l2692655,l2692655,0.0,0.0,0.004068,0.0,0.0,0.0,0.0,0.0,0.004068,c,"(None,)","(None,)","(None,)","(None,)","(None,)","(None,)"
1781,l2711226,l2711226,0.0,0.003892,0.0,0.0,0.0,0.0,0.0,0.003892,0.0,b,"(None,)","(None,)","(None,)","(None,)","(None,)","(None,)"
1783,l2861219,l2861219,0.0,0.003892,0.0,0.0,0.0,0.0,0.0,0.003892,0.0,b,"(None,)","(None,)","(None,)","(None,)","(None,)","(None,)"
1787,l3160864,l3160864,0.0,0.002336,0.0,0.0,0.0,0.0,0.0,0.002336,0.0,b,"(None,)","(None,)","(None,)","(None,)","(None,)","(None,)"
1789,l3048963,l3048963,0.0,0.002336,0.0,0.0,0.0,0.0,0.0,0.002336,0.0,b,"(None,)","(None,)","(None,)","(None,)","(None,)","(None,)"
1790,l3254915,l3254915,0.0,0.00078,0.0,0.0,0.0,0.0,0.0,0.00078,0.0,b,"(None,)","(None,)","(None,)","(None,)","(None,)","(None,)"
1792,l2955074,l2955074,0.00532,0.0,0.0,0.0,0.0,0.0,0.00532,0.0,0.0,a,"(None,)","(None,)","(None,)","(None,)","(None,)","(None,)"
1793,l3030199,l3030199,0.0,0.0,0.004068,0.0,0.0,0.0,0.0,0.0,0.004068,c,"(None,)","(None,)","(None,)","(None,)","(None,)","(None,)"
1795,l2730163,l2730163,0.0,0.0,0.004068,0.0,0.0,0.0,0.0,0.0,0.004068,c,"(None,)","(None,)","(None,)","(None,)","(None,)","(None,)"
1796,l2992624,l2992624,0.002128,0.0,0.0,0.0,0.0,0.0,0.002128,0.0,0.0,a,"(None,)","(None,)","(None,)","(None,)","(None,)","(None,)"
1800,l2805031,l2805031,0.0,0.0,0.006104,0.0,0.0,0.0,0.0,0.0,0.006104,c,"(None,)","(None,)","(None,)","(None,)","(None,)","(None,)"
1802,l2917328,l2917328,0.0,0.003892,0.0,0.0,0.0,0.0,0.0,0.003892,0.0,b,"(None,)","(None,)","(None,)","(None,)","(None,)","(None,)"
1803,l2861218,l2861218,0.0,0.0,0.004068,0.0,0.0,0.0,0.0,0.0,0.004068,c,"(None,)","(None,)","(None,)","(None,)","(None,)","(None,)"
1808,l2955081,l2955081,0.002128,0.0,0.0,0.0,0.0,0.0,0.002128,0.0,0.0,a,"(None,)","(None,)","(None,)","(None,)","(None,)","(None,)"
1811,l3179682,l3179682,0.0,0.0,0.00244,0.0,0.0,0.0,0.0,0.0,0.00244,c,"(None,)","(None,)","(None,)","(None,)","(None,)","(None,)"
1812,l2786274,l2786274,0.0,0.0,0.004068,0.0,0.0,0.0,0.0,0.0,0.004068,c,"(None,)","(None,)","(None,)","(None,)","(None,)","(None,)"
1819,l2767414,l2767414,0.0,0.0,0.00244,0.0,0.0,0.0,0.0,0.0,0.00244,c,"(None,)","(None,)","(None,)","(None,)","(None,)","(None,)"
1822,l2692664,l2692664,0.0,0.0,0.00244,0.0,0.0,0.0,0.0,0.0,0.00244,c,"(None,)","(None,)","(None,)","(None,)","(None,)","(None,)"
1826,l2804250,l2804250,0.0,0.0,0.004068,0.0,0.0,0.0,0.0,0.0,0.004068,c,"(None,)","(None,)","(None,)","(None,)","(None,)","(None,)"
1830,l3198356,l3198356,0.0,0.0,0.00244,0.0,0.0,0.0,0.0,0.0,0.00244,c,"(None,)","(None,)","(None,)","(None,)","(None,)","(None,)"
1836,l2842390,l2842390,0.0,0.0,0.00244,0.0,0.0,0.0,0.0,0.0,0.00244,c,"(None,)","(None,)","(None,)","(None,)","(None,)","(None,)"
1837,l2674052,l2674052,0.0,0.0,0.00244,0.0,0.0,0.0,0.0,0.0,0.00244,c,"(None,)","(None,)","(None,)","(None,)","(None,)","(None,)"
1839,l3048968,l3048968,0.0,0.0,0.006104,0.0,0.0,0.0,0.0,0.0,0.006104,c,"(None,)","(None,)","(None,)","(None,)","(None,)","(None,)"
1841,l3048205,l3048205,0.0,0.0,0.004068,0.0,0.0,0.0,0.0,0.0,0.004068,c,"(None,)","(None,)","(None,)","(None,)","(None,)","(None,)"
1843,l3048228,l3048228,0.0,0.0,0.004068,0.0,0.0,0.0,0.0,0.0,0.004068,c,"(None,)","(None,)","(None,)","(None,)","(None,)","(None,)"
1844,l2991940,l2991940,0.0,0.0,0.00244,0.0,0.0,0.0,0.0,0.0,0.00244,c,"(None,)","(None,)","(None,)","(None,)","(None,)","(None,)"
1848,l3197626,l3197626,0.0,0.0,0.00244,0.0,0.0,0.0,0.0,0.0,0.00244,c,"(None,)","(None,)","(None,)","(None,)","(None,)","(None,)"
1849,l2991640,l2991640,0.0,0.0,0.001628,0.0,0.0,0.0,0.0,0.0,0.001628,c,"(None,)","(None,)","(None,)","(None,)","(None,)","(None,)"
1852,l3066807,l3066807,0.0,0.0,0.001628,0.0,0.0,0.0,0.0,0.0,0.001628,c,"(None,)","(None,)","(None,)","(None,)","(None,)","(None,)"
1854,l2748128,l2748128,0.0,0.0,0.004068,0.0,0.0,0.0,0.0,0.0,0.004068,c,"(None,)","(None,)","(None,)","(None,)","(None,)","(None,)"
1856,l2879062,l2879062,0.0,0.0,0.00244,0.0,0.0,0.0,0.0,0.0,0.00244,c,"(None,)","(None,)","(None,)","(None,)","(None,)","(None,)"
1858,l2673307,l2673307,0.0,0.0,0.00244,0.0,0.0,0.0,0.0,0.0,0.00244,c,"(None,)","(None,)","(None,)","(None,)","(None,)","(None,)"
1865,l2804282,l2804282,0.0,0.0,0.00244,0.0,0.0,0.0,0.0,0.0,0.00244,c,"(None,)","(None,)","(None,)","(None,)","(None,)","(None,)"
1866,l3104154,l3104154,0.0,0.0,0.006104,0.0,0.0,0.0,0.0,0.0,0.006104,c,"(None,)","(None,)","(None,)","(None,)","(None,)","(None,)"
1867,l3104155,l3104155,0.0,0.0,0.004068,0.0,0.0,0.0,0.0,0.0,0.004068,c,"(None,)","(None,)","(None,)","(None,)","(None,)","(None,)"
1871,l2897806,l2897806,0.0,0.0,0.00244,0.0,0.0,0.0,0.0,0.0,0.00244,c,"(None,)","(None,)","(None,)","(None,)","(None,)","(None,)"
1872,l2935551,l2935551,0.0,0.0,0.00244,0.0,0.0,0.0,0.0,0.0,0.00244,c,"(None,)","(None,)","(None,)","(None,)","(None,)","(None,)"
1876,l2822863,l2822863,0.0,0.0,0.001628,0.0,0.0,0.0,0.0,0.0,0.001628,c,"(None,)","(None,)","(None,)","(None,)","(None,)","(None,)"
1879,l2841619,l2841619,0.0,0.0,0.006104,0.0,0.0,0.0,0.0,0.0,0.006104,c,"(None,)","(None,)","(None,)","(None,)","(None,)","(None,)"
1880,l2785515,l2785515,0.0,0.0,0.004068,0.0,0.0,0.0,0.0,0.0,0.004068,c,"(None,)","(None,)","(None,)","(None,)","(None,)","(None,)"
1881,l2673306,l2673306,0.0,0.0,0.004068,0.0,0.0,0.0,0.0,0.0,0.004068,c,"(None,)","(None,)","(None,)","(None,)","(None,)","(None,)"
1882,l2729406,l2729406,0.0,0.0,0.00244,0.0,0.0,0.0,0.0,0.0,0.00244,c,"(None,)","(None,)","(None,)","(None,)","(None,)","(None,)"
1883,l2897768,l2897768,0.0,0.0,0.004068,0.0,0.0,0.0,0.0,0.0,0.004068,c,"(None,)","(None,)","(None,)","(None,)","(None,)","(None,)"
1884,l3029497,l3029497,0.0,0.0,0.001628,0.0,0.0,0.0,0.0,0.0,0.001628,c,"(None,)","(None,)","(None,)","(None,)","(None,)","(None,)"
1885,l3085392,l3085392,0.0,0.0,0.00244,0.0,0.0,0.0,0.0,0.0,0.00244,c,"(None,)","(None,)","(None,)","(None,)","(None,)","(None,)"
1886,l3197627,l3197627,0.0,0.0,0.004068,0.0,0.0,0.0,0.0,0.0,0.004068,c,"(None,)","(None,)","(None,)","(None,)","(None,)","(None,)"
1887,l3216343,l3216343,0.0,0.0,0.004068,0.0,0.0,0.0,0.0,0.0,0.004068,c,"(None,)","(None,)","(None,)","(None,)","(None,)","(None,)"
1888,l3082981,l3082981,0.0,0.0,0.00244,0.0,0.0,0.0,0.0,0.0,0.00244,c,"(None,)","(None,)","(None,)","(None,)","(None,)","(None,)"
1890,l3085393,l3085393,0.0,0.0,0.004068,0.0,0.0,0.0,0.0,0.0,0.004068,c,"(None,)","(None,)","(None,)","(None,)","(None,)","(None,)"
1891,l2897770,l2897770,0.0,0.0,0.004068,0.0,0.0,0.0,0.0,0.0,0.004068,c,"(None,)","(None,)","(None,)","(None,)","(None,)","(None,)"
1892,l2935550,l2935550,0.0,0.0,0.004068,0.0,0.0,0.0,0.0,0.0,0.004068,c,"(None,)","(None,)","(None,)","(None,)","(None,)","(None,)"
1894,l2822862,l2822862,0.0,0.0,0.00244,0.0,0.0,0.0,0.0,0.0,0.00244,c,"(None,)","(None,)","(None,)","(None,)","(None,)","(None,)"
1895,l3066806,l3066806,0.0,0.0,0.00244,0.0,0.0,0.0,0.0,0.0,0.00244,c,"(None,)","(None,)","(None,)","(None,)","(None,)","(None,)"
1896,l2710509,l2710509,0.0,0.0,0.00244,0.0,0.0,0.0,0.0,0.0,0.00244,c,"(None,)","(None,)","(None,)","(None,)","(None,)","(None,)"
1898,l2897766,l2897766,0.0,0.0,0.004068,0.0,0.0,0.0,0.0,0.0,0.004068,c,"(None,)","(None,)","(None,)","(None,)","(None,)","(None,)"
1899,l3085394,l3085394,0.0,0.0,0.00244,0.0,0.0,0.0,0.0,0.0,0.00244,c,"(None,)","(None,)","(None,)","(None,)","(None,)","(None,)"
1900,l2916605,l2916605,0.0,0.0,0.00244,0.0,0.0,0.0,0.0,0.0,0.00244,c,"(None,)","(None,)","(None,)","(None,)","(None,)","(None,)"
1901,l2822865,l2822865,0.0,0.0,0.001628,0.0,0.0,0.0,0.0,0.0,0.001628,c,"(None,)","(None,)","(None,)","(None,)","(None,)","(None,)"
1902,l2916606,l2916606,0.0,0.0,0.00244,0.0,0.0,0.0,0.0,0.0,0.00244,c,"(None,)","(None,)","(None,)","(None,)","(None,)","(None,)"
1903,l2822864,l2822864,0.0,0.0,0.00244,0.0,0.0,0.0,0.0,0.0,0.00244,c,"(None,)","(None,)","(None,)","(None,)","(None,)","(None,)"
1904,l3045895,l3045895,0.0,0.0,0.004068,0.0,0.0,0.0,0.0,0.0,0.004068,c,"(None,)","(None,)","(None,)","(None,)","(None,)","(None,)"
1906,l2935552,l2935552,0.0,0.0,0.00244,0.0,0.0,0.0,0.0,0.0,0.00244,c,"(None,)","(None,)","(None,)","(None,)","(None,)","(None,)"
1907,l3160878,l3160878,0.0,0.0,0.00244,0.0,0.0,0.0,0.0,0.0,0.00244,c,"(None,)","(None,)","(None,)","(None,)","(None,)","(None,)"
1908,l2917336,l2917336,0.0,0.0,0.00244,0.0,0.0,0.0,0.0,0.0,0.00244,c,"(None,)","(None,)","(None,)","(None,)","(None,)","(None,)"
1909,l2875754,l2875754,0.0,0.0,0.008136,0.0,0.0,0.0,0.0,0.0,0.008136,c,"(None,)","(None,)","(None,)","(None,)","(None,)","(None,)"
1911,l2898526,l2898526,0.0,0.0,0.00244,0.0,0.0,0.0,0.0,0.0,0.00244,c,"(None,)","(None,)","(None,)","(None,)","(None,)","(None,)"
1912,l2879773,l2879773,0.003548,0.0,0.0,0.0,0.0,0.0,0.003548,0.0,0.0,a,"(None,)","(None,)","(None,)","(None,)","(None,)","(None,)"
1915,l3011298,l3011298,0.0,0.0,0.001628,0.0,0.0,0.0,0.0,0.0,0.001628,c,"(None,)","(None,)","(None,)","(None,)","(None,)","(None,)"
1917,l2936279,l2936279,0.0,0.0,0.004068,0.0,0.0,0.0,0.0,0.0,0.004068,c,"(None,)","(None,)","(None,)","(None,)","(None,)","(None,)"
1918,l3179678,l3179678,0.0,0.002336,0.0,0.0,0.0,0.0,0.0,0.002336,0.0,b,"(None,)","(None,)","(None,)","(None,)","(None,)","(None,)"
1919,l2804249,l2804249,0.0,0.0,0.00244,0.0,0.0,0.0,0.0,0.0,0.00244,c,"(None,)","(None,)","(None,)","(None,)","(None,)","(None,)"
1921,l2688693,l2688693,0.0,0.0,0.00244,0.0,0.0,0.0,0.0,0.0,0.00244,c,"(None,)","(None,)","(None,)","(None,)","(None,)","(None,)"
1922,l2688692,l2688692,0.0,0.002336,0.0,0.0,0.0,0.0,0.0,0.002336,0.0,b,"(None,)","(None,)","(None,)","(None,)","(None,)","(None,)"
1925,l3029498,l3029498,0.0,0.0,0.001628,0.0,0.0,0.0,0.0,0.0,0.001628,c,"(None,)","(None,)","(None,)","(None,)","(None,)","(None,)"
1928,l3047289,l3047289,0.007096,0.00778,0.008136,0.0,0.0,0.0,0.007096,0.00778,0.008136,abc,"(None, None, None)","(None, None, None)","(None, None, None)","(None, None, None)","(None, None, None)","(None, None, None)"
1929,l3215385,l3215385,0.00532,0.00778,0.006104,0.0,0.0,0.0,0.00532,0.00778,0.006104,abc,"(None, None, None)","(None, None, None)","(None, None, None)","(None, None, None)","(None, None, None)","(None, None, None)"
1930,l3141400,l3141400,0.00142,0.0,0.0,0.0,0.0,0.0,0.00142,0.0,0.0,a,"(None,)","(None,)","(None,)","(None,)","(None,)","(None,)"
1934,l2673316,l2673316,0.00142,0.0,0.0,0.0,0.0,0.0,0.00142,0.0,0.0,a,"(None,)","(None,)","(None,)","(None,)","(None,)","(None,)"
1936,l2841628,l2841628,0.003548,0.0,0.0,0.0,0.0,0.0,0.003548,0.0,0.0,a,"(None,)","(None,)","(None,)","(None,)","(None,)","(None,)"
1937,l3160107,l3160107,0.003548,0.0,0.0,0.0,0.0,0.0,0.003548,0.0,0.0,a,"(None,)","(None,)","(None,)","(None,)","(None,)","(None,)"
1938,l3104125,l3104125,0.0,0.003892,0.0,0.0,0.0,0.0,0.0,0.003892,0.0,b,"(None,)","(None,)","(None,)","(None,)","(None,)","(None,)"
1940,l3029502,l3029502,0.007096,0.0,0.0,0.0,0.0,0.0,0.007096,0.0,0.0,a,"(None,)","(None,)","(None,)","(None,)","(None,)","(None,)"
1952,l3048196,l3048196,0.0,0.002336,0.0,0.0,0.0,0.0,0.0,0.002336,0.0,b,"(None,)","(None,)","(None,)","(None,)","(None,)","(None,)"
1967,l3195318,l3195318,0.0,0.002336,0.0,0.0,0.0,0.0,0.0,0.002336,0.0,b,"(None,)","(None,)","(None,)","(None,)","(None,)","(None,)"
1969,l3142078,l3142078,0.0,0.001556,0.0,0.0,0.0,0.0,0.0,0.001556,0.0,b,"(None,)","(None,)","(None,)","(None,)","(None,)","(None,)"
1970,l2879752,l2879752,0.0,0.002336,0.0,0.0,0.0,0.0,0.0,0.002336,0.0,b,"(None,)","(None,)","(None,)","(None,)","(None,)","(None,)"
1972,l2785516,l2785516,0.0,0.002336,0.0,0.0,0.0,0.0,0.0,0.002336,0.0,b,"(None,)","(None,)","(None,)","(None,)","(None,)","(None,)"
1975,l2729405,l2729405,0.0,0.003892,0.0,0.0,0.0,0.0,0.0,0.003892,0.0,b,"(None,)","(None,)","(None,)","(None,)","(None,)","(None,)"
1977,l2786273,l2786273,0.0,0.003892,0.0,0.0,0.0,0.0,0.0,0.003892,0.0,b,"(None,)","(None,)","(None,)","(None,)","(None,)","(None,)"
1979,l3179699,l3179699,0.0,0.005836,0.0,0.0,0.0,0.0,0.0,0.005836,0.0,b,"(None,)","(None,)","(None,)","(None,)","(None,)","(None,)"
1980,l2805036,l2805036,0.0,0.001556,0.0,0.0,0.0,0.0,0.0,0.001556,0.0,b,"(None,)","(None,)","(None,)","(None,)","(None,)","(None,)"
1981,l2673305,l2673305,0.0,0.001556,0.0,0.0,0.0,0.0,0.0,0.001556,0.0,b,"(None,)","(None,)","(None,)","(None,)","(None,)","(None,)"
1982,l2691946,l2691946,0.0,0.002336,0.0,0.0,0.0,0.0,0.0,0.002336,0.0,b,"(None,)","(None,)","(None,)","(None,)","(None,)","(None,)"
1984,l2973158,l2973158,0.0,0.0,0.00244,0.0,0.0,0.0,0.0,0.0,0.00244,c,"(None,)","(None,)","(None,)","(None,)","(None,)","(None,)"
1985,l3048208,l3048208,0.002128,0.0,0.0,0.0,0.0,0.0,0.002128,0.0,0.0,a,"(None,)","(None,)","(None,)","(None,)","(None,)","(None,)"
1988,l2691951,l2691951,0.0,0.0,0.004068,0.0,0.0,0.0,0.0,0.0,0.004068,c,"(None,)","(None,)","(None,)","(None,)","(None,)","(None,)"
1991,l2879076,l2879076,0.0,0.0,0.001628,0.0,0.0,0.0,0.0,0.0,0.001628,c,"(None,)","(None,)","(None,)","(None,)","(None,)","(None,)"
1994,l3029503,l3029503,0.0,0.0,0.00244,0.0,0.0,0.0,0.0,0.0,0.00244,c,"(None,)","(None,)","(None,)","(None,)","(None,)","(None,)"
1996,l3104126,l3104126,0.0,0.0,0.001628,0.0,0.0,0.0,0.0,0.0,0.001628,c,"(None,)","(None,)","(None,)","(None,)","(None,)","(None,)"
1997,l2879073,l2879073,0.0,0.0,0.00244,0.0,0.0,0.0,0.0,0.0,0.00244,c,"(None,)","(None,)","(None,)","(None,)","(None,)","(None,)"
2000,l3010567,l3010567,0.0,0.0,0.00244,0.0,0.0,0.0,0.0,0.0,0.00244,c,"(None,)","(None,)","(None,)","(None,)","(None,)","(None,)"
2003,l2841626,l2841626,0.0,0.0,0.001628,0.0,0.0,0.0,0.0,0.0,0.001628,c,"(None,)","(None,)","(None,)","(None,)","(None,)","(None,)"
2004,l3235266,l3235266,0.0,0.0,0.004068,0.0,0.0,0.0,0.0,0.0,0.004068,c,"(None,)","(None,)","(None,)","(None,)","(None,)","(None,)"
2008,l2954351,l2954351,0.0,0.0,0.00244,0.0,0.0,0.0,0.0,0.0,0.00244,c,"(None,)","(None,)","(None,)","(None,)","(None,)","(None,)"
2009,l2860486,l2860486,0.0,0.0,0.00244,0.0,0.0,0.0,0.0,0.0,0.00244,c,"(None,)","(None,)","(None,)","(None,)","(None,)","(None,)"
2010,l3141399,l3141399,0.0,0.0,0.006104,0.0,0.0,0.0,0.0,0.0,0.006104,c,"(None,)","(None,)","(None,)","(None,)","(None,)","(None,)"
2012,l3085400,l3085400,0.0,0.0,0.004068,0.0,0.0,0.0,0.0,0.0,0.004068,c,"(None,)","(None,)","(None,)","(None,)","(None,)","(None,)"
2018,l2897776,l2897776,0.0,0.0,0.004068,0.0,0.0,0.0,0.0,0.0,0.004068,c,"(None,)","(None,)","(None,)","(None,)","(None,)","(None,)"
2019,l3254215,l3254215,0.0,0.0,0.00244,0.0,0.0,0.0,0.0,0.0,0.00244,c,"(None,)","(None,)","(None,)","(None,)","(None,)","(None,)"
2020,l3122819,l3122819,0.0,0.0,0.006104,0.0,0.0,0.0,0.0,0.0,0.006104,c,"(None,)","(None,)","(None,)","(None,)","(None,)","(None,)"
2022,l2748133,l2748133,0.0,0.0,0.00244,0.0,0.0,0.0,0.0,0.0,0.00244,c,"(None,)","(None,)","(None,)","(None,)","(None,)","(None,)"
2023,l3085399,l3085399,0.0,0.0,0.00244,0.0,0.0,0.0,0.0,0.0,0.00244,c,"(None,)","(None,)","(None,)","(None,)","(None,)","(None,)"
2024,l2954350,l2954350,0.0,0.0,0.00244,0.0,0.0,0.0,0.0,0.0,0.00244,c,"(None,)","(None,)","(None,)","(None,)","(None,)","(None,)"
2026,l2841625,l2841625,0.0,0.0,0.001628,0.0,0.0,0.0,0.0,0.0,0.001628,c,"(None,)","(None,)","(None,)","(None,)","(None,)","(None,)"
2027,l3010566,l3010566,0.0,0.0,0.00244,0.0,0.0,0.0,0.0,0.0,0.00244,c,"(None,)","(None,)","(None,)","(None,)","(None,)","(None,)"
2028,l3178977,l3178977,0.0,0.0,0.00244,0.0,0.0,0.0,0.0,0.0,0.00244,c,"(None,)","(None,)","(None,)","(None,)","(None,)","(None,)"
2029,l3160105,l3160105,0.0,0.0,0.00244,0.0,0.0,0.0,0.0,0.0,0.00244,c,"(None,)","(None,)","(None,)","(None,)","(None,)","(None,)"
2030,l3235251,l3235251,0.0,0.0,0.00244,0.0,0.0,0.0,0.0,0.0,0.00244,c,"(None,)","(None,)","(None,)","(None,)","(None,)","(None,)"
2031,l2691945,l2691945,0.0,0.0,0.004068,0.0,0.0,0.0,0.0,0.0,0.004068,c,"(None,)","(None,)","(None,)","(None,)","(None,)","(None,)"
2032,l2785524,l2785524,0.0,0.0,0.00244,0.0,0.0,0.0,0.0,0.0,0.00244,c,"(None,)","(None,)","(None,)","(None,)","(None,)","(None,)"
2034,l3010565,l3010565,0.0,0.0,0.001628,0.0,0.0,0.0,0.0,0.0,0.001628,c,"(None,)","(None,)","(None,)","(None,)","(None,)","(None,)"
2035,l2897775,l2897775,0.0,0.0,0.004068,0.0,0.0,0.0,0.0,0.0,0.004068,c,"(None,)","(None,)","(None,)","(None,)","(None,)","(None,)"
2036,l2691950,l2691950,0.0,0.0,0.004068,0.0,0.0,0.0,0.0,0.0,0.004068,c,"(None,)","(None,)","(None,)","(None,)","(None,)","(None,)"
2037,l2916609,l2916609,0.0,0.0,0.00244,0.0,0.0,0.0,0.0,0.0,0.00244,c,"(None,)","(None,)","(None,)","(None,)","(None,)","(None,)"
2040,l2727795,l2727795,0.0,0.0,0.00244,0.0,0.0,0.0,0.0,0.0,0.00244,c,"(None,)","(None,)","(None,)","(None,)","(None,)","(None,)"
2041,l2972704,l2972704,0.0,0.0,0.00244,0.0,0.0,0.0,0.0,0.0,0.00244,c,"(None,)","(None,)","(None,)","(None,)","(None,)","(None,)"
2042,l3263051,l3263051,0.0,0.0,0.004068,0.0,0.0,0.0,0.0,0.0,0.004068,c,"(None,)","(None,)","(None,)","(None,)","(None,)","(None,)"
2044,l2785525,l2785525,0.0,0.0,0.004068,0.0,0.0,0.0,0.0,0.0,0.004068,c,"(None,)","(None,)","(None,)","(None,)","(None,)","(None,)"
2048,l3216347,l3216347,0.0,0.0,0.00244,0.0,0.0,0.0,0.0,0.0,0.00244,c,"(None,)","(None,)","(None,)","(None,)","(None,)","(None,)"
2049,l2785523,l2785523,0.0,0.0,0.00244,0.0,0.0,0.0,0.0,0.0,0.00244,c,"(None,)","(None,)","(None,)","(None,)","(None,)","(None,)"
2050,l3141388,l3141388,0.0,0.0,0.001628,0.0,0.0,0.0,0.0,0.0,0.001628,c,"(None,)","(None,)","(None,)","(None,)","(None,)","(None,)"
2051,l3626914,l3626914,0.0,0.0,0.00244,0.0,0.0,0.0,0.0,0.0,0.00244,c,"(None,)","(None,)","(None,)","(None,)","(None,)","(None,)"
2057,l3066801,l3066801,0.0,0.0,0.001628,0.0,0.0,0.0,0.0,0.0,0.001628,c,"(None,)","(None,)","(None,)","(None,)","(None,)","(None,)"
2058,l2879055,l2879055,0.0,0.0,0.001628,0.0,0.0,0.0,0.0,0.0,0.001628,c,"(None,)","(None,)","(None,)","(None,)","(None,)","(None,)"
2059,l2973144,l2973144,0.0,0.0,0.004068,0.0,0.0,0.0,0.0,0.0,0.004068,c,"(None,)","(None,)","(None,)","(None,)","(None,)","(None,)"
2060,l2724120,l2724120,0.0,0.0,0.004068,0.0,0.0,0.0,0.0,0.0,0.004068,c,"(None,)","(None,)","(None,)","(None,)","(None,)","(None,)"
2063,l2785518,l2785518,0.0,0.0,0.00244,0.0,0.0,0.0,0.0,0.0,0.00244,c,"(None,)","(None,)","(None,)","(None,)","(None,)","(None,)"
2064,l2766717,l2766717,0.0,0.0,0.001628,0.0,0.0,0.0,0.0,0.0,0.001628,c,"(None,)","(None,)","(None,)","(None,)","(None,)","(None,)"
2065,l2673309,l2673309,0.0,0.0,0.004068,0.0,0.0,0.0,0.0,0.0,0.004068,c,"(None,)","(None,)","(None,)","(None,)","(None,)","(None,)"
2066,l2841629,l2841629,0.0,0.0,0.006104,0.0,0.0,0.0,0.0,0.0,0.006104,c,"(None,)","(None,)","(None,)","(None,)","(None,)","(None,)"
2067,l2841630,l2841630,0.0,0.0,0.004068,0.0,0.0,0.0,0.0,0.0,0.004068,c,"(None,)","(None,)","(None,)","(None,)","(None,)","(None,)"
2068,l2954352,l2954352,0.0,0.0,0.004068,0.0,0.0,0.0,0.0,0.0,0.004068,c,"(None,)","(None,)","(None,)","(None,)","(None,)","(None,)"
2077,l3010556,l3010556,0.002128,0.0,0.0,0.0,0.0,0.0,0.002128,0.0,0.0,a,"(None,)","(None,)","(None,)","(None,)","(None,)","(None,)"
2078,l2766718,l2766718,0.0,0.0,0.006104,0.0,0.0,0.0,0.0,0.0,0.006104,c,"(None,)","(None,)","(None,)","(None,)","(None,)","(None,)"
2079,l3048206,l3048206,0.003548,0.0,0.0,0.0,0.0,0.0,0.003548,0.0,0.0,a,"(None,)","(None,)","(None,)","(None,)","(None,)","(None,)"
2081,l2710510,l2710510,0.0,0.0,0.001628,0.0,0.0,0.0,0.0,0.0,0.001628,c,"(None,)","(None,)","(None,)","(None,)","(None,)","(None,)"
2082,l3197628,l3197628,0.0,0.0,0.004068,0.0,0.0,0.0,0.0,0.0,0.004068,c,"(None,)","(None,)","(None,)","(None,)","(None,)","(None,)"
2085,l3104120,l3104120,0.0,0.002336,0.0,0.0,0.0,0.0,0.0,0.002336,0.0,b,"(None,)","(None,)","(None,)","(None,)","(None,)","(None,)"
2086,l2804251,l2804251,0.00142,0.0,0.0,0.0,0.0,0.0,0.00142,0.0,0.0,a,"(None,)","(None,)","(None,)","(None,)","(None,)","(None,)"
2087,l3197630,l3197630,0.003548,0.0,0.0,0.0,0.0,0.0,0.003548,0.0,0.0,a,"(None,)","(None,)","(None,)","(None,)","(None,)","(None,)"
2088,l3235256,l3235256,0.002128,0.0,0.0,0.0,0.0,0.0,0.002128,0.0,0.0,a,"(None,)","(None,)","(None,)","(None,)","(None,)","(None,)"
2092,l2710520,l2710520,0.002128,0.0,0.0,0.0,0.0,0.0,0.002128,0.0,0.0,a,"(None,)","(None,)","(None,)","(None,)","(None,)","(None,)"
2096,l3085396,l3085396,0.003548,0.0,0.0,0.0,0.0,0.0,0.003548,0.0,0.0,a,"(None,)","(None,)","(None,)","(None,)","(None,)","(None,)"
2097,l3122813,l3122813,0.002128,0.0,0.0,0.0,0.0,0.0,0.002128,0.0,0.0,a,"(None,)","(None,)","(None,)","(None,)","(None,)","(None,)"
2099,l2710521,l2710521,0.003548,0.0,0.0,0.0,0.0,0.0,0.003548,0.0,0.0,a,"(None,)","(None,)","(None,)","(None,)","(None,)","(None,)"
2101,l3254218,l3254218,0.003548,0.0,0.0,0.0,0.0,0.0,0.003548,0.0,0.0,a,"(None,)","(None,)","(None,)","(None,)","(None,)","(None,)"
2102,l2860490,l2860490,0.003548,0.0,0.0,0.0,0.0,0.0,0.003548,0.0,0.0,a,"(None,)","(None,)","(None,)","(None,)","(None,)","(None,)"
2103,l3104134,l3104134,0.0,0.0,0.004068,0.0,0.0,0.0,0.0,0.0,0.004068,c,"(None,)","(None,)","(None,)","(None,)","(None,)","(None,)"
2106,l2991922,l2991922,0.002128,0.0,0.0,0.0,0.0,0.0,0.002128,0.0,0.0,a,"(None,)","(None,)","(None,)","(None,)","(None,)","(None,)"
2110,l3122826,l3122826,0.003548,0.0,0.0,0.0,0.0,0.0,0.003548,0.0,0.0,a,"(None,)","(None,)","(None,)","(None,)","(None,)","(None,)"
2112,l2729411,l2729411,0.00142,0.0,0.0,0.0,0.0,0.0,0.00142,0.0,0.0,a,"(None,)","(None,)","(None,)","(None,)","(None,)","(None,)"
2113,l2897781,l2897781,0.00142,0.0,0.0,0.0,0.0,0.0,0.00142,0.0,0.0,a,"(None,)","(None,)","(None,)","(None,)","(None,)","(None,)"
2114,l3197644,l3197644,0.002128,0.0,0.0,0.0,0.0,0.0,0.002128,0.0,0.0,a,"(None,)","(None,)","(None,)","(None,)","(None,)","(None,)"
2115,l2860491,l2860491,0.00142,0.005836,0.0,0.0,0.0,0.0,0.00142,0.005836,0.0,ab,"(None, None)","(None, None)","(None, None)","(None, None)","(None, None)","(None, None)"
2120,l2897780,l2897780,0.0,0.003892,0.0,0.0,0.0,0.0,0.0,0.003892,0.0,b,"(None,)","(None,)","(None,)","(None,)","(None,)","(None,)"
2121,l3235255,l3235255,0.0,0.00078,0.0,0.0,0.0,0.0,0.0,0.00078,0.0,b,"(None,)","(None,)","(None,)","(None,)","(None,)","(None,)"
2123,l3216370,l3216370,0.00142,0.001556,0.001628,0.0,0.0,0.0,0.00142,0.001556,0.001628,abc,"(None, None, None)","(None, None, None)","(None, None, None)","(None, None, None)","(None, None, None)","(None, None, None)"
2128,l2748158,l2748158,0.002128,0.0,0.0,0.0,0.0,0.0,0.002128,0.0,0.0,a,"(None,)","(None,)","(None,)","(None,)","(None,)","(None,)"
2130,l3104133,l3104133,0.003548,0.0,0.0,0.0,0.0,0.0,0.003548,0.0,0.0,a,"(None,)","(None,)","(None,)","(None,)","(None,)","(None,)"
2132,l3010569,l3010569,0.00532,0.0,0.0,0.0,0.0,0.0,0.00532,0.0,0.0,a,"(None,)","(None,)","(None,)","(None,)","(None,)","(None,)"
2134,l2710519,l2710519,0.00142,0.0,0.0,0.0,0.0,0.0,0.00142,0.0,0.0,a,"(None,)","(None,)","(None,)","(None,)","(None,)","(None,)"
2136,l3029499,l3029499,0.00142,0.0,0.0,0.0,0.0,0.0,0.00142,0.0,0.0,a,"(None,)","(None,)","(None,)","(None,)","(None,)","(None,)"
2137,l2897772,l2897772,0.002128,0.0,0.0,0.0,0.0,0.0,0.002128,0.0,0.0,a,"(None,)","(None,)","(None,)","(None,)","(None,)","(None,)"
2139,l3066819,l3066819,0.003548,0.0,0.0,0.0,0.0,0.0,0.003548,0.0,0.0,a,"(None,)","(None,)","(None,)","(None,)","(None,)","(None,)"
2140,l2954354,l2954354,0.003548,0.0,0.0,0.0,0.0,0.0,0.003548,0.0,0.0,a,"(None,)","(None,)","(None,)","(None,)","(None,)","(None,)"
2141,l2673321,l2673321,0.003548,0.0,0.0,0.0,0.0,0.0,0.003548,0.0,0.0,a,"(None,)","(None,)","(None,)","(None,)","(None,)","(None,)"
2146,l2673346,l2673346,0.0,0.0,0.004068,0.0,0.0,0.0,0.0,0.0,0.004068,c,"(None,)","(None,)","(None,)","(None,)","(None,)","(None,)"
2147,l3254238,l3254238,0.0,0.003892,0.0,0.0,0.0,0.0,0.0,0.003892,0.0,b,"(None,)","(None,)","(None,)","(None,)","(None,)","(None,)"
2149,l3027116,l3027116,0.002128,0.0,0.0,0.0,0.0,0.0,0.002128,0.0,0.0,a,"(None,)","(None,)","(None,)","(None,)","(None,)","(None,)"
2152,l3104157,l3104157,0.0,0.0,0.004068,0.0,0.0,0.0,0.0,0.0,0.004068,c,"(None,)","(None,)","(None,)","(None,)","(None,)","(None,)"
2154,l2763153,l2763153,0.003548,0.0,0.0,0.0,0.0,0.0,0.003548,0.0,0.0,a,"(None,)","(None,)","(None,)","(None,)","(None,)","(None,)"
2157,l2766750,l2766750,0.0,0.0,0.006104,0.0,0.0,0.0,0.0,0.0,0.006104,c,"(None,)","(None,)","(None,)","(None,)","(None,)","(None,)"
2158,l2691954,l2691954,0.0,0.003892,0.0,0.0,0.0,0.0,0.0,0.003892,0.0,b,"(None,)","(None,)","(None,)","(None,)","(None,)","(None,)"
2159,l3122849,l3122849,0.0,0.002336,0.0,0.0,0.0,0.0,0.0,0.002336,0.0,b,"(None,)","(None,)","(None,)","(None,)","(None,)","(None,)"
2161,l3178997,l3178997,0.0,0.0,0.00244,0.0,0.0,0.0,0.0,0.0,0.00244,c,"(None,)","(None,)","(None,)","(None,)","(None,)","(None,)"
2163,l2897779,l2897779,0.0,0.0,0.004068,0.0,0.0,0.0,0.0,0.0,0.004068,c,"(None,)","(None,)","(None,)","(None,)","(None,)","(None,)"
2164,l2804261,l2804261,0.0,0.0,0.00244,0.0,0.0,0.0,0.0,0.0,0.00244,c,"(None,)","(None,)","(None,)","(None,)","(None,)","(None,)"
2165,l3178980,l3178980,0.0,0.0,0.00244,0.0,0.0,0.0,0.0,0.0,0.00244,c,"(None,)","(None,)","(None,)","(None,)","(None,)","(None,)"
2168,l3235275,l3235275,0.0,0.003892,0.0,0.0,0.0,0.0,0.0,0.003892,0.0,b,"(None,)","(None,)","(None,)","(None,)","(None,)","(None,)"
2171,l2729412,l2729412,0.003548,0.0,0.0,0.0,0.0,0.0,0.003548,0.0,0.0,a,"(None,)","(None,)","(None,)","(None,)","(None,)","(None,)"
2173,l2973162,l2973162,0.0,0.002336,0.0,0.0,0.0,0.0,0.0,0.002336,0.0,b,"(None,)","(None,)","(None,)","(None,)","(None,)","(None,)"
2177,l2766726,l2766726,0.0,0.002336,0.0,0.0,0.0,0.0,0.0,0.002336,0.0,b,"(None,)","(None,)","(None,)","(None,)","(None,)","(None,)"
2183,l3197643,l3197643,0.0,0.003892,0.0,0.0,0.0,0.0,0.0,0.003892,0.0,b,"(None,)","(None,)","(None,)","(None,)","(None,)","(None,)"
2185,l2766727,l2766727,0.0,0.002336,0.0,0.0,0.0,0.0,0.0,0.002336,0.0,b,"(None,)","(None,)","(None,)","(None,)","(None,)","(None,)"
2186,l3029507,l3029507,0.0,0.003892,0.0,0.0,0.0,0.0,0.0,0.003892,0.0,b,"(None,)","(None,)","(None,)","(None,)","(None,)","(None,)"
2187,l2841636,l2841636,0.0,0.002336,0.0,0.0,0.0,0.0,0.0,0.002336,0.0,b,"(None,)","(None,)","(None,)","(None,)","(None,)","(None,)"
2191,l3104130,l3104130,0.0,0.003892,0.0,0.0,0.0,0.0,0.0,0.003892,0.0,b,"(None,)","(None,)","(None,)","(None,)","(None,)","(None,)"
2192,l2763072,l2763072,0.0,0.003892,0.0,0.0,0.0,0.0,0.0,0.003892,0.0,b,"(None,)","(None,)","(None,)","(None,)","(None,)","(None,)"
2195,l2973163,l2973163,0.0,0.001556,0.0,0.0,0.0,0.0,0.0,0.001556,0.0,b,"(None,)","(None,)","(None,)","(None,)","(None,)","(None,)"
2197,l2804260,l2804260,0.0,0.003892,0.0,0.0,0.0,0.0,0.0,0.003892,0.0,b,"(None,)","(None,)","(None,)","(None,)","(None,)","(None,)"
2198,l2860488,l2860488,0.0,0.003892,0.0,0.0,0.0,0.0,0.0,0.003892,0.0,b,"(None,)","(None,)","(None,)","(None,)","(None,)","(None,)"
2200,l2991918,l2991918,0.0,0.003892,0.0,0.0,0.0,0.0,0.0,0.003892,0.0,b,"(None,)","(None,)","(None,)","(None,)","(None,)","(None,)"
2201,l2897764,l2897764,0.0,0.003892,0.0,0.0,0.0,0.0,0.0,0.003892,0.0,b,"(None,)","(None,)","(None,)","(None,)","(None,)","(None,)"
2202,l2991902,l2991902,0.0,0.003892,0.0,0.0,0.0,0.0,0.0,0.003892,0.0,b,"(None,)","(None,)","(None,)","(None,)","(None,)","(None,)"
2204,l2710537,l2710537,0.0,0.003892,0.0,0.0,0.0,0.0,0.0,0.003892,0.0,b,"(None,)","(None,)","(None,)","(None,)","(None,)","(None,)"
2208,l3104115,l3104115,0.0,0.001556,0.0,0.0,0.0,0.0,0.0,0.001556,0.0,b,"(None,)","(None,)","(None,)","(None,)","(None,)","(None,)"
2210,l2804247,l2804247,0.0,0.003892,0.0,0.0,0.0,0.0,0.0,0.003892,0.0,b,"(None,)","(None,)","(None,)","(None,)","(None,)","(None,)"
2211,l3029495,l3029495,0.0,0.002336,0.0,0.0,0.0,0.0,0.0,0.002336,0.0,b,"(None,)","(None,)","(None,)","(None,)","(None,)","(None,)"
2214,l2801895,l2801895,0.0,0.003892,0.0,0.0,0.0,0.0,0.0,0.003892,0.0,b,"(None,)","(None,)","(None,)","(None,)","(None,)","(None,)"
2215,l2954339,l2954339,0.0,0.003892,0.0,0.0,0.0,0.0,0.0,0.003892,0.0,b,"(None,)","(None,)","(None,)","(None,)","(None,)","(None,)"
2216,l3048200,l3048200,0.0,0.001556,0.0,0.0,0.0,0.0,0.0,0.001556,0.0,b,"(None,)","(None,)","(None,)","(None,)","(None,)","(None,)"
2218,l3225319,l3225319,0.0,0.005836,0.0,0.0,0.0,0.0,0.0,0.005836,0.0,b,"(None,)","(None,)","(None,)","(None,)","(None,)","(None,)"
2219,l3048201,l3048201,0.0,0.003892,0.0,0.0,0.0,0.0,0.0,0.003892,0.0,b,"(None,)","(None,)","(None,)","(None,)","(None,)","(None,)"
2220,l3216339,l3216339,0.0,0.003892,0.0,0.0,0.0,0.0,0.0,0.003892,0.0,b,"(None,)","(None,)","(None,)","(None,)","(None,)","(None,)"
2221,l3085389,l3085389,0.0,0.003892,0.0,0.0,0.0,0.0,0.0,0.003892,0.0,b,"(None,)","(None,)","(None,)","(None,)","(None,)","(None,)"
2222,l2673300,l2673300,0.0,0.003892,0.0,0.0,0.0,0.0,0.0,0.003892,0.0,b,"(None,)","(None,)","(None,)","(None,)","(None,)","(None,)"
2224,l3141390,l3141390,0.0,0.003892,0.0,0.0,0.0,0.0,0.0,0.003892,0.0,b,"(None,)","(None,)","(None,)","(None,)","(None,)","(None,)"
2226,l3085388,l3085388,0.0,0.001556,0.0,0.0,0.0,0.0,0.0,0.001556,0.0,b,"(None,)","(None,)","(None,)","(None,)","(None,)","(None,)"
2227,l2822859,l2822859,0.0,0.003892,0.0,0.0,0.0,0.0,0.0,0.003892,0.0,b,"(None,)","(None,)","(None,)","(None,)","(None,)","(None,)"
2228,l2879079,l2879079,0.0,0.002336,0.0,0.0,0.0,0.0,0.0,0.002336,0.0,b,"(None,)","(None,)","(None,)","(None,)","(None,)","(None,)"
2229,l2991917,l2991917,0.0,0.001556,0.0,0.0,0.0,0.0,0.0,0.001556,0.0,b,"(None,)","(None,)","(None,)","(None,)","(None,)","(None,)"
2230,l3122823,l3122823,0.0,0.003892,0.0,0.0,0.0,0.0,0.0,0.003892,0.0,b,"(None,)","(None,)","(None,)","(None,)","(None,)","(None,)"
2231,l3104135,l3104135,0.002128,0.0,0.0,0.0,0.0,0.0,0.002128,0.0,0.0,a,"(None,)","(None,)","(None,)","(None,)","(None,)","(None,)"
2232,l2785526,l2785526,0.0,0.002336,0.0,0.0,0.0,0.0,0.0,0.002336,0.0,b,"(None,)","(None,)","(None,)","(None,)","(None,)","(None,)"
2233,l3214055,l3214055,0.0,0.0,0.00244,0.0,0.0,0.0,0.0,0.0,0.00244,c,"(None,)","(None,)","(None,)","(None,)","(None,)","(None,)"
2236,l2804259,l2804259,0.003548,0.0,0.0,0.0,0.0,0.0,0.003548,0.0,0.0,a,"(None,)","(None,)","(None,)","(None,)","(None,)","(None,)"
2241,l3010570,l3010570,0.002128,0.0,0.0,0.0,0.0,0.0,0.002128,0.0,0.0,a,"(None,)","(None,)","(None,)","(None,)","(None,)","(None,)"
2242,l2991919,l2991919,0.002128,0.0,0.0,0.0,0.0,0.0,0.002128,0.0,0.0,a,"(None,)","(None,)","(None,)","(None,)","(None,)","(None,)"
2245,l3122824,l3122824,0.002128,0.0,0.0,0.0,0.0,0.0,0.002128,0.0,0.0,a,"(None,)","(None,)","(None,)","(None,)","(None,)","(None,)"
2246,l2860489,l2860489,0.002128,0.0,0.0,0.0,0.0,0.0,0.002128,0.0,0.0,a,"(None,)","(None,)","(None,)","(None,)","(None,)","(None,)"
2247,l3104131,l3104131,0.003548,0.0,0.0,0.0,0.0,0.0,0.003548,0.0,0.0,a,"(None,)","(None,)","(None,)","(None,)","(None,)","(None,)"
2249,l3048210,l3048210,0.00532,0.0,0.0,0.0,0.0,0.0,0.00532,0.0,0.0,a,"(None,)","(None,)","(None,)","(None,)","(None,)","(None,)"
2251,l2897778,l2897778,0.00142,0.0,0.0,0.0,0.0,0.0,0.00142,0.0,0.0,a,"(None,)","(None,)","(None,)","(None,)","(None,)","(None,)"
2254,l3085402,l3085402,0.00532,0.0,0.0,0.0,0.0,0.0,0.00532,0.0,0.0,a,"(None,)","(None,)","(None,)","(None,)","(None,)","(None,)"
2257,l2804252,l2804252,0.003548,0.0,0.0,0.0,0.0,0.0,0.003548,0.0,0.0,a,"(None,)","(None,)","(None,)","(None,)","(None,)","(None,)"
2258,l3195310,l3195310,0.003548,0.0,0.0,0.0,0.0,0.0,0.003548,0.0,0.0,a,"(None,)","(None,)","(None,)","(None,)","(None,)","(None,)"
2259,l2935559,l2935559,0.003548,0.0,0.0,0.0,0.0,0.0,0.003548,0.0,0.0,a,"(None,)","(None,)","(None,)","(None,)","(None,)","(None,)"
2260,l3048214,l3048214,0.003548,0.0,0.0,0.0,0.0,0.0,0.003548,0.0,0.0,a,"(None,)","(None,)","(None,)","(None,)","(None,)","(None,)"
2261,l3104132,l3104132,0.002128,0.0,0.0,0.0,0.0,0.0,0.002128,0.0,0.0,a,"(None,)","(None,)","(None,)","(None,)","(None,)","(None,)"
2262,l2973164,l2973164,0.00142,0.0,0.0,0.0,0.0,0.0,0.00142,0.0,0.0,a,"(None,)","(None,)","(None,)","(None,)","(None,)","(None,)"
2263,l3122825,l3122825,0.00532,0.0,0.0,0.0,0.0,0.0,0.00532,0.0,0.0,a,"(None,)","(None,)","(None,)","(None,)","(None,)","(None,)"
2264,l2991920,l2991920,0.002128,0.0,0.0,0.0,0.0,0.0,0.002128,0.0,0.0,a,"(None,)","(None,)","(None,)","(None,)","(None,)","(None,)"
2265,l2748135,l2748135,0.003548,0.0,0.0,0.0,0.0,0.0,0.003548,0.0,0.0,a,"(None,)","(None,)","(None,)","(None,)","(None,)","(None,)"
2266,l3048230,l3048230,0.0,0.0,0.004068,0.0,0.0,0.0,0.0,0.0,0.004068,c,"(None,)","(None,)","(None,)","(None,)","(None,)","(None,)"
2267,l2991943,l2991943,0.0,0.0,0.004068,0.0,0.0,0.0,0.0,0.0,0.004068,c,"(None,)","(None,)","(None,)","(None,)","(None,)","(None,)"
2269,l2991921,l2991921,0.0,0.0,0.004068,0.0,0.0,0.0,0.0,0.0,0.004068,c,"(None,)","(None,)","(None,)","(None,)","(None,)","(None,)"
2271,l2841637,l2841637,0.0,0.0,0.004068,0.0,0.0,0.0,0.0,0.0,0.004068,c,"(None,)","(None,)","(None,)","(None,)","(None,)","(None,)"
2272,l3254205,l3254205,0.0,0.0,0.004068,0.0,0.0,0.0,0.0,0.0,0.004068,c,"(None,)","(None,)","(None,)","(None,)","(None,)","(None,)"
2277,293471,293471,0.003548,0.003892,0.004068,0.0,0.0,0.0,0.003548,0.003892,0.004068,abc,"(None, None, None)","(None, None, None)","(None, None, None)","(None, None, None)","(None, None, None)","(None, None, None)"
2279,l2785527,l2785527,0.002128,0.0,0.0,0.0,0.0,0.0,0.002128,0.0,0.0,a,"(None,)","(None,)","(None,)","(None,)","(None,)","(None,)"
2280,l2766729,l2766729,0.003548,0.0,0.0,0.0,0.0,0.0,0.003548,0.0,0.0,a,"(None,)","(None,)","(None,)","(None,)","(None,)","(None,)"
2284,l2691953,l2691953,0.002128,0.0,0.0,0.0,0.0,0.0,0.002128,0.0,0.0,a,"(None,)","(None,)","(None,)","(None,)","(None,)","(None,)"
2286,l3048211,l3048211,0.003548,0.0,0.0,0.0,0.0,0.0,0.003548,0.0,0.0,a,"(None,)","(None,)","(None,)","(None,)","(None,)","(None,)"
2288,l2991923,l2991923,0.003548,0.0,0.0,0.0,0.0,0.0,0.003548,0.0,0.0,a,"(None,)","(None,)","(None,)","(None,)","(None,)","(None,)"
2290,l3197645,l3197645,0.003548,0.0,0.0,0.0,0.0,0.0,0.003548,0.0,0.0,a,"(None,)","(None,)","(None,)","(None,)","(None,)","(None,)"
2291,l3254219,l3254219,0.0,0.0,0.004068,0.0,0.0,0.0,0.0,0.0,0.004068,c,"(None,)","(None,)","(None,)","(None,)","(None,)","(None,)"
2292,l3254220,l3254220,0.0,0.0,0.004068,0.0,0.0,0.0,0.0,0.0,0.004068,c,"(None,)","(None,)","(None,)","(None,)","(None,)","(None,)"
2295,l3066818,l3066818,0.0,0.003892,0.0,0.0,0.0,0.0,0.0,0.003892,0.0,b,"(None,)","(None,)","(None,)","(None,)","(None,)","(None,)"
2296,l3178981,l3178981,0.0,0.003892,0.0,0.0,0.0,0.0,0.0,0.003892,0.0,b,"(None,)","(None,)","(None,)","(None,)","(None,)","(None,)"
2298,l2785528,l2785528,0.0,0.002336,0.0,0.0,0.0,0.0,0.0,0.002336,0.0,b,"(None,)","(None,)","(None,)","(None,)","(None,)","(None,)"
2299,l2841620,l2841620,0.0,0.002336,0.0,0.0,0.0,0.0,0.0,0.002336,0.0,b,"(None,)","(None,)","(None,)","(None,)","(None,)","(None,)"
2300,l2785520,l2785520,0.0,0.001556,0.0,0.0,0.0,0.0,0.0,0.001556,0.0,b,"(None,)","(None,)","(None,)","(None,)","(None,)","(None,)"
2302,l3254211,l3254211,0.0,0.003892,0.0,0.0,0.0,0.0,0.0,0.003892,0.0,b,"(None,)","(None,)","(None,)","(None,)","(None,)","(None,)"
2304,l3119793,l3119793,0.0,0.002336,0.0,0.0,0.0,0.0,0.0,0.002336,0.0,b,"(None,)","(None,)","(None,)","(None,)","(None,)","(None,)"
2308,l2916625,l2916625,0.0,0.005836,0.0,0.0,0.0,0.0,0.0,0.005836,0.0,b,"(None,)","(None,)","(None,)","(None,)","(None,)","(None,)"
2309,l3139598,l3139598,0.0,0.005836,0.0,0.0,0.0,0.0,0.0,0.005836,0.0,b,"(None,)","(None,)","(None,)","(None,)","(None,)","(None,)"
2311,l2729407,l2729407,0.0,0.002336,0.0,0.0,0.0,0.0,0.0,0.002336,0.0,b,"(None,)","(None,)","(None,)","(None,)","(None,)","(None,)"
2312,l2691942,l2691942,0.0,0.002336,0.0,0.0,0.0,0.0,0.0,0.002336,0.0,b,"(None,)","(None,)","(None,)","(None,)","(None,)","(None,)"
2314,l2689678,l2689678,0.0,0.00078,0.0,0.0,0.0,0.0,0.0,0.00078,0.0,b,"(None,)","(None,)","(None,)","(None,)","(None,)","(None,)"
2321,l0247162,l0247162,0.0,0.002336,0.0,0.0,0.0,0.0,0.0,0.002336,0.0,b,"(None,)","(None,)","(None,)","(None,)","(None,)","(None,)"
2322,l2766732,l2766732,0.0,0.001556,0.0,0.0,0.0,0.0,0.0,0.001556,0.0,b,"(None,)","(None,)","(None,)","(None,)","(None,)","(None,)"
2325,l3048231,l3048231,0.0,0.00778,0.0,0.0,0.0,0.0,0.0,0.00778,0.0,b,"(None,)","(None,)","(None,)","(None,)","(None,)","(None,)"
2331,l0247171,l0247171,0.0,0.002336,0.0,0.0,0.0,0.0,0.0,0.002336,0.0,b,"(None,)","(None,)","(None,)","(None,)","(None,)","(None,)"
2333,l2897784,l2897784,0.0,0.005836,0.0,0.0,0.0,0.0,0.0,0.005836,0.0,b,"(None,)","(None,)","(None,)","(None,)","(None,)","(None,)"
2335,l2691959,l2691959,0.0,0.01556,0.0,0.0,0.0,0.0,0.0,0.01556,0.0,b,"(None,)","(None,)","(None,)","(None,)","(None,)","(None,)"
2340,l0247160,l0247160,0.0,0.002336,0.0,0.0,0.0,0.0,0.0,0.002336,0.0,b,"(None,)","(None,)","(None,)","(None,)","(None,)","(None,)"
2341,l3197629,l3197629,0.0,0.002336,0.0,0.0,0.0,0.0,0.0,0.002336,0.0,b,"(None,)","(None,)","(None,)","(None,)","(None,)","(None,)"
2342,l2879065,l2879065,0.0,0.001556,0.0,0.0,0.0,0.0,0.0,0.001556,0.0,b,"(None,)","(None,)","(None,)","(None,)","(None,)","(None,)"
2343,l2748130,l2748130,0.0,0.003892,0.0,0.0,0.0,0.0,0.0,0.003892,0.0,b,"(None,)","(None,)","(None,)","(None,)","(None,)","(None,)"
2344,l3254212,l3254212,0.0,0.005836,0.0,0.0,0.0,0.0,0.0,0.005836,0.0,b,"(None,)","(None,)","(None,)","(None,)","(None,)","(None,)"
2345,l2841638,l2841638,0.0,0.0,0.00244,0.0,0.0,0.0,0.0,0.0,0.00244,c,"(None,)","(None,)","(None,)","(None,)","(None,)","(None,)"
2346,l2860492,l2860492,0.0,0.0,0.00244,0.0,0.0,0.0,0.0,0.0,0.00244,c,"(None,)","(None,)","(None,)","(None,)","(None,)","(None,)"
2347,l3254210,l3254210,0.0,0.0,0.00244,0.0,0.0,0.0,0.0,0.0,0.00244,c,"(None,)","(None,)","(None,)","(None,)","(None,)","(None,)"
2348,l3085395,l3085395,0.002128,0.0,0.0,0.0,0.0,0.0,0.002128,0.0,0.0,a,"(None,)","(None,)","(None,)","(None,)","(None,)","(None,)"
2351,l2991907,l2991907,0.003548,0.0,0.0,0.0,0.0,0.0,0.003548,0.0,0.0,a,"(None,)","(None,)","(None,)","(None,)","(None,)","(None,)"
2353,l3235253,l3235253,0.003548,0.0,0.0,0.0,0.0,0.0,0.003548,0.0,0.0,a,"(None,)","(None,)","(None,)","(None,)","(None,)","(None,)"
2355,l3195315,l3195315,0.003548,0.0,0.0,0.0,0.0,0.0,0.003548,0.0,0.0,a,"(None,)","(None,)","(None,)","(None,)","(None,)","(None,)"
2357,l2748146,l2748146,0.002128,0.0,0.0,0.0,0.0,0.0,0.002128,0.0,0.0,a,"(None,)","(None,)","(None,)","(None,)","(None,)","(None,)"
2358,l2804253,l2804253,0.002128,0.0,0.0,0.0,0.0,0.0,0.002128,0.0,0.0,a,"(None,)","(None,)","(None,)","(None,)","(None,)","(None,)"
2359,l2973151,l2973151,0.002128,0.0,0.0,0.0,0.0,0.0,0.002128,0.0,0.0,a,"(None,)","(None,)","(None,)","(None,)","(None,)","(None,)"
2361,l2748129,l2748129,0.00532,0.0,0.0,0.0,0.0,0.0,0.00532,0.0,0.0,a,"(None,)","(None,)","(None,)","(None,)","(None,)","(None,)"
2362,l2785519,l2785519,0.003548,0.0,0.0,0.0,0.0,0.0,0.003548,0.0,0.0,a,"(None,)","(None,)","(None,)","(None,)","(None,)","(None,)"
2363,l3104122,l3104122,0.003548,0.0,0.0,0.0,0.0,0.0,0.003548,0.0,0.0,a,"(None,)","(None,)","(None,)","(None,)","(None,)","(None,)"
2364,l2804283,l2804283,0.003548,0.0,0.0,0.0,0.0,0.0,0.003548,0.0,0.0,a,"(None,)","(None,)","(None,)","(None,)","(None,)","(None,)"
2365,l2916627,l2916627,0.003548,0.0,0.0,0.0,0.0,0.0,0.003548,0.0,0.0,a,"(None,)","(None,)","(None,)","(None,)","(None,)","(None,)"
2366,l2673310,l2673310,0.003548,0.0,0.0,0.0,0.0,0.0,0.003548,0.0,0.0,a,"(None,)","(None,)","(None,)","(None,)","(None,)","(None,)"
2367,l3104121,l3104121,0.003548,0.0,0.0,0.0,0.0,0.0,0.003548,0.0,0.0,a,"(None,)","(None,)","(None,)","(None,)","(None,)","(None,)"
2368,l3104113,l3104113,0.003548,0.0,0.0,0.0,0.0,0.0,0.003548,0.0,0.0,a,"(None,)","(None,)","(None,)","(None,)","(None,)","(None,)"
2369,l2991913,l2991913,0.002128,0.0,0.0,0.0,0.0,0.0,0.002128,0.0,0.0,a,"(None,)","(None,)","(None,)","(None,)","(None,)","(None,)"
2370,l2879064,l2879064,0.003548,0.0,0.0,0.0,0.0,0.0,0.003548,0.0,0.0,a,"(None,)","(None,)","(None,)","(None,)","(None,)","(None,)"
2371,l3197637,l3197637,0.0,0.0,0.001628,0.0,0.0,0.0,0.0,0.0,0.001628,c,"(None,)","(None,)","(None,)","(None,)","(None,)","(None,)"
2372,l2860487,l2860487,0.0,0.0,0.00244,0.0,0.0,0.0,0.0,0.0,0.00244,c,"(None,)","(None,)","(None,)","(None,)","(None,)","(None,)"
2373,l2991911,l2991911,0.0,0.0,0.00244,0.0,0.0,0.0,0.0,0.0,0.00244,c,"(None,)","(None,)","(None,)","(None,)","(None,)","(None,)"
2378,l2991912,l2991912,0.002128,0.0,0.0,0.0,0.0,0.0,0.002128,0.0,0.0,a,"(None,)","(None,)","(None,)","(None,)","(None,)","(None,)"
2379,l3104128,l3104128,0.002128,0.0,0.0,0.0,0.0,0.0,0.002128,0.0,0.0,a,"(None,)","(None,)","(None,)","(None,)","(None,)","(None,)"
2380,l2673315,l2673315,0.00142,0.0,0.0,0.0,0.0,0.0,0.00142,0.0,0.0,a,"(None,)","(None,)","(None,)","(None,)","(None,)","(None,)"
2382,l2766721,l2766721,0.003548,0.0,0.0,0.0,0.0,0.0,0.003548,0.0,0.0,a,"(None,)","(None,)","(None,)","(None,)","(None,)","(None,)"
2383,l2991906,l2991906,0.00142,0.0,0.0,0.0,0.0,0.0,0.00142,0.0,0.0,a,"(None,)","(None,)","(None,)","(None,)","(None,)","(None,)"
2384,l2879054,l2879054,0.003548,0.0,0.0,0.0,0.0,0.0,0.003548,0.0,0.0,a,"(None,)","(None,)","(None,)","(None,)","(None,)","(None,)"
2387,l2711234,l2711234,0.0,0.003892,0.0,0.0,0.0,0.0,0.0,0.003892,0.0,b,"(None,)","(None,)","(None,)","(None,)","(None,)","(None,)"
2388,l3198355,l3198355,0.0,0.001556,0.0,0.0,0.0,0.0,0.0,0.001556,0.0,b,"(None,)","(None,)","(None,)","(None,)","(None,)","(None,)"
2392,l3236011,l3236011,0.0,0.002336,0.0,0.0,0.0,0.0,0.0,0.002336,0.0,b,"(None,)","(None,)","(None,)","(None,)","(None,)","(None,)"
2393,l3198358,l3198358,0.0,0.005836,0.0,0.0,0.0,0.0,0.0,0.005836,0.0,b,"(None,)","(None,)","(None,)","(None,)","(None,)","(None,)"
2394,l3104859,l3104859,0.0,0.002336,0.0,0.0,0.0,0.0,0.0,0.002336,0.0,b,"(None,)","(None,)","(None,)","(None,)","(None,)","(None,)"
2396,l2897771,l2897771,0.0,0.002336,0.0,0.0,0.0,0.0,0.0,0.002336,0.0,b,"(None,)","(None,)","(None,)","(None,)","(None,)","(None,)"
2400,l2989565,l2989565,0.003548,0.0,0.0,0.0,0.0,0.0,0.003548,0.0,0.0,a,"(None,)","(None,)","(None,)","(None,)","(None,)","(None,)"
2402,l2674051,l2674051,0.002128,0.0,0.0,0.0,0.0,0.0,0.002128,0.0,0.0,a,"(None,)","(None,)","(None,)","(None,)","(None,)","(None,)"
2405,l2879767,l2879767,0.0,0.001556,0.0,0.0,0.0,0.0,0.0,0.001556,0.0,b,"(None,)","(None,)","(None,)","(None,)","(None,)","(None,)"
2406,l2767407,l2767407,0.0,0.001556,0.0,0.0,0.0,0.0,0.0,0.001556,0.0,b,"(None,)","(None,)","(None,)","(None,)","(None,)","(None,)"
2408,l3068944,l3068944,0.0,0.005836,0.0,0.0,0.0,0.0,0.0,0.005836,0.0,b,"(None,)","(None,)","(None,)","(None,)","(None,)","(None,)"
2410,l2711224,l2711224,0.0,0.001556,0.0,0.0,0.0,0.0,0.0,0.001556,0.0,b,"(None,)","(None,)","(None,)","(None,)","(None,)","(None,)"
2412,l2917310,l2917310,0.0,0.002336,0.0,0.0,0.0,0.0,0.0,0.002336,0.0,b,"(None,)","(None,)","(None,)","(None,)","(None,)","(None,)"
2413,l3142098,l3142098,0.0,0.003892,0.0,0.0,0.0,0.0,0.0,0.003892,0.0,b,"(None,)","(None,)","(None,)","(None,)","(None,)","(None,)"
2414,l3142079,l3142079,0.0,0.002336,0.0,0.0,0.0,0.0,0.0,0.002336,0.0,b,"(None,)","(None,)","(None,)","(None,)","(None,)","(None,)"
2416,l2955055,l2955055,0.0,0.003892,0.0,0.0,0.0,0.0,0.0,0.003892,0.0,b,"(None,)","(None,)","(None,)","(None,)","(None,)","(None,)"
2417,l2879753,l2879753,0.0,0.003892,0.0,0.0,0.0,0.0,0.0,0.003892,0.0,b,"(None,)","(None,)","(None,)","(None,)","(None,)","(None,)"
2418,l2748839,l2748839,0.0,0.001556,0.0,0.0,0.0,0.0,0.0,0.001556,0.0,b,"(None,)","(None,)","(None,)","(None,)","(None,)","(None,)"
2421,l2692654,l2692654,0.002128,0.0,0.0,0.0,0.0,0.0,0.002128,0.0,0.0,a,"(None,)","(None,)","(None,)","(None,)","(None,)","(None,)"
2423,l2842379,l2842379,0.00532,0.0,0.0,0.0,0.0,0.0,0.00532,0.0,0.0,a,"(None,)","(None,)","(None,)","(None,)","(None,)","(None,)"
2425,l2936271,l2936271,0.002128,0.0,0.0,0.0,0.0,0.0,0.002128,0.0,0.0,a,"(None,)","(None,)","(None,)","(None,)","(None,)","(None,)"
2427,l2917359,l2917359,0.002128,0.0,0.0,0.0,0.0,0.0,0.002128,0.0,0.0,a,"(None,)","(None,)","(None,)","(None,)","(None,)","(None,)"
2431,l3160868,l3160868,0.0,0.003892,0.0,0.0,0.0,0.0,0.0,0.003892,0.0,b,"(None,)","(None,)","(None,)","(None,)","(None,)","(None,)"
2432,l3082988,l3082988,0.0,0.002336,0.0,0.0,0.0,0.0,0.0,0.002336,0.0,b,"(None,)","(None,)","(None,)","(None,)","(None,)","(None,)"
2434,l2767409,l2767409,0.0,0.003892,0.0,0.0,0.0,0.0,0.0,0.003892,0.0,b,"(None,)","(None,)","(None,)","(None,)","(None,)","(None,)"
2439,l3217064,l3217064,0.0,0.003892,0.0,0.0,0.0,0.0,0.0,0.003892,0.0,b,"(None,)","(None,)","(None,)","(None,)","(None,)","(None,)"
2442,l2879794,l2879794,0.00532,0.0,0.0,0.0,0.0,0.0,0.00532,0.0,0.0,a,"(None,)","(None,)","(None,)","(None,)","(None,)","(None,)"
2444,l2992657,l2992657,0.003548,0.0,0.0,0.0,0.0,0.0,0.003548,0.0,0.0,a,"(None,)","(None,)","(None,)","(None,)","(None,)","(None,)"
2445,l2917330,l2917330,0.003548,0.0,0.0,0.0,0.0,0.0,0.003548,0.0,0.0,a,"(None,)","(None,)","(None,)","(None,)","(None,)","(None,)"
2446,l2861222,l2861222,0.00532,0.0,0.0,0.0,0.0,0.0,0.00532,0.0,0.0,a,"(None,)","(None,)","(None,)","(None,)","(None,)","(None,)"
2448,l2955078,l2955078,0.003548,0.0,0.0,0.0,0.0,0.0,0.003548,0.0,0.0,a,"(None,)","(None,)","(None,)","(None,)","(None,)","(None,)"
2449,l2692660,l2692660,0.007096,0.0,0.0,0.0,0.0,0.0,0.007096,0.0,0.0,a,"(None,)","(None,)","(None,)","(None,)","(None,)","(None,)"
2450,l2955076,l2955076,0.002128,0.0,0.0,0.0,0.0,0.0,0.002128,0.0,0.0,a,"(None,)","(None,)","(None,)","(None,)","(None,)","(None,)"
2452,l3160871,l3160871,0.0,0.0,0.004068,0.0,0.0,0.0,0.0,0.0,0.004068,c,"(None,)","(None,)","(None,)","(None,)","(None,)","(None,)"
2453,l3030203,l3030203,0.0,0.0,0.004068,0.0,0.0,0.0,0.0,0.0,0.004068,c,"(None,)","(None,)","(None,)","(None,)","(None,)","(None,)"
2454,l3179673,l3179673,0.0,0.0,0.00244,0.0,0.0,0.0,0.0,0.0,0.00244,c,"(None,)","(None,)","(None,)","(None,)","(None,)","(None,)"
2456,l2839305,l2839305,0.002128,0.0,0.0,0.0,0.0,0.0,0.002128,0.0,0.0,a,"(None,)","(None,)","(None,)","(None,)","(None,)","(None,)"
2460,l2898522,l2898522,0.003548,0.0,0.0,0.0,0.0,0.0,0.003548,0.0,0.0,a,"(None,)","(None,)","(None,)","(None,)","(None,)","(None,)"
2464,l2692661,l2692661,0.003548,0.0,0.0,0.0,0.0,0.0,0.003548,0.0,0.0,a,"(None,)","(None,)","(None,)","(None,)","(None,)","(None,)"
2466,l2992656,l2992656,0.00532,0.0,0.0,0.0,0.0,0.0,0.00532,0.0,0.0,a,"(None,)","(None,)","(None,)","(None,)","(None,)","(None,)"
2469,l2730187,l2730187,0.00532,0.0,0.0,0.0,0.0,0.0,0.00532,0.0,0.0,a,"(None,)","(None,)","(None,)","(None,)","(None,)","(None,)"
2470,l3104856,l3104856,0.002128,0.0,0.0,0.0,0.0,0.0,0.002128,0.0,0.0,a,"(None,)","(None,)","(None,)","(None,)","(None,)","(None,)"
2475,l3030205,l3030205,0.0,0.0,0.004068,0.0,0.0,0.0,0.0,0.0,0.004068,c,"(None,)","(None,)","(None,)","(None,)","(None,)","(None,)"
2476,l3067506,l3067506,0.0,0.0,0.001628,0.0,0.0,0.0,0.0,0.0,0.001628,c,"(None,)","(None,)","(None,)","(None,)","(None,)","(None,)"
2478,l3048966,l3048966,0.0,0.0,0.00244,0.0,0.0,0.0,0.0,0.0,0.00244,c,"(None,)","(None,)","(None,)","(None,)","(None,)","(None,)"
2479,l2898515,l2898515,0.0,0.0,0.004068,0.0,0.0,0.0,0.0,0.0,0.004068,c,"(None,)","(None,)","(None,)","(None,)","(None,)","(None,)"
2481,l3048946,l3048946,0.0,0.0,0.00244,0.0,0.0,0.0,0.0,0.0,0.00244,c,"(None,)","(None,)","(None,)","(None,)","(None,)","(None,)"
2482,l3198347,l3198347,0.0,0.0,0.00244,0.0,0.0,0.0,0.0,0.0,0.00244,c,"(None,)","(None,)","(None,)","(None,)","(None,)","(None,)"
2488,l3086079,l3086079,0.0,0.001556,0.0,0.0,0.0,0.0,0.0,0.001556,0.0,b,"(None,)","(None,)","(None,)","(None,)","(None,)","(None,)"
2489,l2936276,l2936276,0.0,0.001556,0.0,0.0,0.0,0.0,0.0,0.001556,0.0,b,"(None,)","(None,)","(None,)","(None,)","(None,)","(None,)"
2491,l2936275,l2936275,0.0,0.001556,0.0,0.0,0.0,0.0,0.0,0.001556,0.0,b,"(None,)","(None,)","(None,)","(None,)","(None,)","(None,)"
2492,l3179674,l3179674,0.0,0.003892,0.0,0.0,0.0,0.0,0.0,0.003892,0.0,b,"(None,)","(None,)","(None,)","(None,)","(None,)","(None,)"
2496,l3142099,l3142099,0.0,0.003892,0.0,0.0,0.0,0.0,0.0,0.003892,0.0,b,"(None,)","(None,)","(None,)","(None,)","(None,)","(None,)"
2500,l3086075,l3086075,0.0,0.002336,0.0,0.0,0.0,0.0,0.0,0.002336,0.0,b,"(None,)","(None,)","(None,)","(None,)","(None,)","(None,)"
2502,l2748840,l2748840,0.0,0.002336,0.0,0.0,0.0,0.0,0.0,0.002336,0.0,b,"(None,)","(None,)","(None,)","(None,)","(None,)","(None,)"
2506,l3123509,l3123509,0.0,0.0,0.00244,0.0,0.0,0.0,0.0,0.0,0.00244,c,"(None,)","(None,)","(None,)","(None,)","(None,)","(None,)"
2510,l3011293,l3011293,0.007096,0.00778,0.008136,0.0,0.0,0.0,0.007096,0.00778,0.008136,abc,"(None, None, None)","(None, None, None)","(None, None, None)","(None, None, None)","(None, None, None)","(None, None, None)"
2513,l3139366,l3139366,0.003548,0.0,0.0,0.0,0.0,0.0,0.003548,0.0,0.0,a,"(None,)","(None,)","(None,)","(None,)","(None,)","(None,)"
2518,l3234149,l3234149,0.035472,0.038904,0.04068,0.0,0.0,0.0,0.035472,0.038904,0.04068,abc,"(None, None, None)","(None, None, None)","(None, None, None)","(None, None, None)","(None, None, None)","(None, None, None)"
2519,l2861223,l2861223,0.0,0.003892,0.0,0.0,0.0,0.0,0.0,0.003892,0.0,b,"(None,)","(None,)","(None,)","(None,)","(None,)","(None,)"
2521,l2936268,l2936268,0.0,0.0,0.00244,0.0,0.0,0.0,0.0,0.0,0.00244,c,"(None,)","(None,)","(None,)","(None,)","(None,)","(None,)"
