fb,tb,from_name,to_name,raa,rab,rac,rbb,rbc,rcc,xaa,xab,xac,xbb,xbc,xcc,type,name,status,s_base,v_ln_base,z_base,phases
1,2,_392-5165_sn,_392-5165_ln,1.7217630853994492e-05,0.0,0.0,1.7217630853994492e-05,0.0,1.7217630853994492e-05,1.7217630853994492e-05,0.0,0.0,1.7217630853994492e-05,0.0,1.7217630853994492e-05,switch,_392-5165-0,CLOSED,1000000.0,7621.02355330306,58.08,abc
2,3,_392-5165_ln,_416-4523_sn,0.0018151726768227178,0.000217464479794613,0.00023227420190722272,0.0018261409613081721,0.00021746447979461317,0.001815172676822718,0.0008891723335513855,-0.00016887345287029608,-0.0001699634797057733,0.0008905331647025609,-0.00016887345287029614,0.0008891723335513857,line,_389-152001-0,,1000000.0,7621.02355330306,58.08,abc
3,4,_416-4523_sn,_416-4523_ln,0.0,0.0,0.0,0.0,0.0,0.0,0.00030347107438016537,0.0,0.0,0.00030347107438016537,0.0,0.00030347107438016537,transformer,_416:4523_c_tnk,,1000000.0,7621.02355330306,58.08,cab
4,5,_416-4523_ln,_500-15112_n,0.005668450831433146,0.0006791016232442679,0.0007253496649289079,0.005702702769061359,0.0006791016232442684,0.0056684508314331465,0.0027767218611009126,-0.0005273607720920468,-0.0005307647256666791,0.0027809714868080506,-0.000527360772092047,0.002776721861100913,line,_389-274673-0,,1000000.0,7621.02355330306,58.08,abc
5,6,_500-15112_n,_396-7712_sn,0.0006271665512587623,0.00022588368943661535,0.0002261506304775984,0.0006266327933504137,0.00022588368943661535,0.0006271665512587623,0.0034111344520805337,0.0019136264122205566,0.0019460558119754235,0.0034116842342410965,0.0019136264122205566,0.0034111344520805337,line,_389-154243-0,,1000000.0,7621.02355330306,58.08,abc
6,7,_396-7712_sn,_396-7712_ln,1.7217630853994492e-05,0.0,0.0,1.7217630853994492e-05,0.0,1.7217630853994492e-05,1.7217630853994492e-05,0.0,0.0,1.7217630853994492e-05,0.0,1.7217630853994492e-05,switch,_396-7712-0_c,CLOSED,1000000.0,7621.02355330306,58.08,cba
7,8,_396-7712_ln,_500-15126_n,0.0003946035765951798,0.00014212255351836721,0.0001422905087278734,0.0003942677443043033,0.00014212255351836721,0.0003946035765951798,0.002146233488275833,0.0012040243935421188,0.0012244284745703898,0.002146579402780474,0.0012040243935421188,0.002146233488275833,line,_389-445931-0,,1000000.0,7621.02355330306,58.08,abc
8,9,_500-15126_n,_500-2944322_n,0.00027887238388854795,0.0001004401826409572,0.00010055887915675068,0.00027863504607130975,0.0001004401826409572,0.00027887238388854795,0.0015167760374126997,0.0008509024570537949,0.0008653223332406916,0.0015170205004846344,0.0008509024570537949,0.0015167760374126997,line,_389-446129-11,,1000000.0,7621.02355330306,58.08,abc
9,10,_500-2944322_n,_393-71378_n,0.0005859367847275776,0.000211034154237421,0.00021128354664355547,0.0005854381159257849,0.000211034154237421,0.0005859367847275776,0.0031868873572960823,0.0017878251078534658,0.0018181226072734756,0.003187400996919902,0.0017878251078534658,0.0031868873572960823,line,_389-446129-13,,1000000.0,7621.02355330306,58.08,abc
10,11,_393-71378_n,_409-1200484_n,9.905303252871922e-05,3.567547470853671e-05,3.571763467316282e-05,9.896873221112096e-05,3.567547470853671e-05,9.905303252871922e-05,0.0005387455870591556,0.00030223311316118404,0.0003073549271073495,0.0005388324182049248,0.00030223311316118404,0.0005387455870591556,line,_389-446129-15,,1000000.0,7621.02355330306,58.08,abc
11,12,_409-1200484_n,_500-15132_n,5.511412322751812e-05,1.9850200030134527e-05,1.9873658266862386e-05,5.5067217666187815e-05,1.9850200030134527e-05,5.511412322751812e-05,0.0002997635702354789,0.00016816560398968443,0.00017101543380075598,0.0002998118839755607,0.00016816560398968443,0.0002997635702354789,line,_389-446129-16,,1000000.0,7621.02355330306,58.08,abc
12,13,_500-15132_n,_500-15137_n,0.0005158377155534071,0.0001857868952129181,0.00018600645133639405,0.0005153987054379146,0.0001857868952129181,0.0005158377155534071,0.002805621249531141,0.0015739370585393967,0.001600609889628274,0.0028060734394210318,0.0015739370585393967,0.002805621249531141,line,_389-446130-0,,1000000.0,7621.02355330306,58.08,abc
13,14,_500-15137_n,_403-1278617_sn,3.513419529864828e-05,1.2654121370976698e-05,1.2669075546463733e-05,3.510429390394462e-05,1.2654121370976698e-05,3.513419529864828e-05,0.00019109352019619624,0.0001072023435571721,0.00010901905534149576,0.00019112431927781519,0.0001072023435571721,0.00019109352019619624,line,_389-3108929-0,,1000000.0,7621.02355330306,58.08,abc
14,15,_403-1278617_sn,_403-1278617_ln,1.7217630853994492e-05,0.0,0.0,1.7217630853994492e-05,0.0,1.7217630853994492e-05,1.7217630853994492e-05,0.0,0.0,1.7217630853994492e-05,0.0,1.7217630853994492e-05,switch,_403-1278617-0,CLOSED,1000000.0,7621.02355330306,58.08,abc
15,16,_403-1278617_ln,_409-23073_n,0.000601429694943608,0.00021661416438414086,0.0002168701510411527,0.0006009178407075243,0.00021661416438414086,0.000601429694943608,0.0032711526927078987,0.0018350974665786767,0.0018661960702312911,0.0032716799136134926,0.0018350974665786767,0.0032711526927078987,line,_389-160365-0,,1000000.0,7621.02355330306,58.08,abc
16,17,_409-23073_n,_409-23073_n_sec,0.0,0.0,0.0,0.0,0.0,0.0,0.40800038046035486,0.0,0.0,0.40800038046035486,0.0,0.40800038046035486,transformer,avc10829_avc12818_avc12597_tnk,,1000000.0,119.99994404998696,0.014399986572000001,abc
17,18,_409-23073_n_sec,_406-92372_n,3.5944459267080395,0.8865084340346221,0.8519570286977656,3.619455349493459,0.8865084340346222,3.59444592670804,1.0556943819280682,0.4400933781160149,0.3355291889182436,0.9867922140562511,0.44009337811601484,1.055694381928068,line,_389-153101-0,,1000000.0,119.99994404998696,0.014399986572000001,abc
16,19,_409-23073_n,_409-23055_n,0.0006059167126564475,0.00021823023289657884,0.00021848812936395406,0.0006054010396880281,0.00021823023289657884,0.0006059167126564475,0.003295557407335365,0.0018487883682859777,0.001880118985732736,0.0032960885616176478,0.0018487883682859777,0.003295557407335365,line,_389-160365-1,,1000000.0,7621.02355330306,58.08,abc
19,20,_409-23055_n,_500-15144_n,0.00042880650406663495,0.0001544412644433662,0.00015462377745262366,0.00042844156294814334,0.0001544412644433662,0.00042880650406663495,0.002332261879021045,0.0013083852291977754,0.0013305578682040386,0.0023326377762461063,0.0013083852291977754,0.002332261879021045,line,_389-160365-2,,1000000.0,7621.02355330306,58.08,abc
20,21,_500-15144_n,_396-174451_sn,4.233035578150394e-05,1.5245929362622526e-05,1.5263946441522572e-05,4.2294330004752554e-05,1.5245929362622526e-05,4.233035578150394e-05,0.000230233156862887,0.00012915945006888207,0.00013134825944758526,0.0002302702641901388,0.00012915945006888207,0.000230233156862887,line,_389-160365-3,,1000000.0,7621.02355330306,58.08,abc
21,22,_396-174451_sn,_396-174451_ln,1.7217630853994492e-05,0.0,0.0,1.7217630853994492e-05,0.0,1.7217630853994492e-05,1.7217630853994492e-05,0.0,0.0,1.7217630853994492e-05,0.0,1.7217630853994492e-05,switch,_396-174451-0_a,CLOSED,1000000.0,7621.02355330306,58.08,abc
22,23,_396-174451_ln,_403-36888_sn,0.00041822391512125895,0.00015062978210271058,0.00015080779084224302,0.0004178679804469552,0.00015062978210271058,0.00041822391512125895,0.002274703589805324,0.001276095366680555,0.0012977208033421424,0.0022750702101985714,0.001276095366680555,0.002274703589805324,line,_389-3352394-0,,1000000.0,7621.02355330306,58.08,abc
23,24,_403-36888_sn,_403-36888_ln,1.7217630853994492e-05,0.0,0.0,1.7217630853994492e-05,0.0,1.7217630853994492e-05,1.7217630853994492e-05,0.0,0.0,1.7217630853994492e-05,0.0,1.7217630853994492e-05,switch,_403-36888-0,CLOSED,1000000.0,7621.02355330306,58.08,abc
24,25,_403-36888_ln,_500-15145_n,0.00042491211133473657,0.00015303863894200492,0.00015321949438000358,0.0004245504845877061,0.00015303863894200492,0.00042491211133473657,0.0023110804285896595,0.001296502559791438,0.001318473828334861,0.002311452911940613,0.001296502559791438,0.0023110804285896595,line,_389-455932-0,,1000000.0,7621.02355330306,58.08,abc
25,26,_500-15145_n,_403-1425849_sn,0.00034126732831048483,0.00012291268252146283,0.000123057936211555,0.0003409768884983151,0.00012291268252146283,0.00034126732831048483,0.0018561397106285952,0.0010412834864553275,0.0010589296676664322,0.0018564388699008995,0.0010412834864553275,0.0018561397106285952,line,_389-3326462-0,,1000000.0,7621.02355330306,58.08,abc
26,27,_403-1425849_sn,_403-1425849_ln,1.7217630853994492e-05,0.0,0.0,1.7217630853994492e-05,0.0,1.7217630853994492e-05,1.7217630853994492e-05,0.0,0.0,1.7217630853994492e-05,0.0,1.7217630853994492e-05,switch,_403-1425849-0,CLOSED,1000000.0,7621.02355330306,58.08,abc
27,28,_403-1425849_ln,_500-15147_n,0.0004830740201785231,0.00017398654588624828,0.00017419215679065562,0.0004826628940142362,0.00017398654588624828,0.0004830740201785231,0.002627420786119267,0.0014739676441860824,0.0014989463368158431,0.0026278442549378645,0.0014739676441860824,0.002627420786119267,line,_389-3326461-10,,1000000.0,7621.02355330306,58.08,abc
28,29,_500-15147_n,_409-1472851_n,1.710146373572759e-05,6.159355462499501e-06,6.166634362375118e-06,1.7086909321920027e-05,6.159355462499501e-06,1.710146373572759e-05,9.301419537260636e-05,5.2180417827828345e-05,5.3064696816824435e-05,9.302918673281608e-05,5.2180417827828345e-05,9.301419537260636e-05,line,_389-3326461-11,,1000000.0,7621.02355330306,58.08,abc
29,30,_409-1472851_n,_389-3326461-12_n,0.0003226419717666231,0.0001162044736019089,0.00011634179977728505,0.00032236738329622397,0.0001162044736019089,0.0003226419717666231,0.001754837121608925,0.0009844533284250193,0.001001136433509495,0.0017551199536572383,0.0009844533284250193,0.001754837121608925,line,_389-3326461-12,,1000000.0,7621.02355330306,58.08,abc
30,31,_389-3326461-12_n,_390-190458_ln,1.7217630853994492e-05,0.0,0.0,1.7217630853994492e-05,0.0,1.7217630853994492e-05,1.7217630853994492e-05,0.0,0.0,1.7217630853994492e-05,0.0,1.7217630853994492e-05,switch,_390-190458-0,CLOSED,1000000.0,7621.02355330306,58.08,abc
29,32,_409-1472851_n,_409-1472851_n_sec,0.0,0.0,0.0,0.0,0.0,0.0,0.40800038046035486,0.0,0.0,0.40800038046035486,0.0,0.40800038046035486,transformer,____ave07943_tnk,,1000000.0,119.99994404998696,0.014399986572000001,c
32,33,_409-1472851_n_sec,_406-2841587_n,22.706759871275803,6.541161917966823,0.0,22.706759871275803,0.0,0.0,9.239882806746273,7.067213395732047,0.0,9.239882806746273,0.0,0.0,line,_389-3988817-1,,1000000.0,119.99994404998696,0.014399986572000001,ab
25,34,_500-15145_n,_403-1425850_sn,4.5293480686209215e-05,1.6313144418006103e-05,1.633242269242915e-05,4.5254933105085235e-05,1.6313144418006103e-05,4.5293480686209215e-05,0.00024634947784328906,0.00013820061157370381,0.00014054263760891622,0.0002463891826834485,0.00013820061157370381,0.00024634947784328906,line,_389-3326463-0,,1000000.0,7621.02355330306,58.08,abc
34,35,_403-1425850_sn,_403-1425850_ln,1.7217630853994492e-05,0.0,0.0,1.7217630853994492e-05,0.0,1.7217630853994492e-05,1.7217630853994492e-05,0.0,0.0,1.7217630853994492e-05,0.0,1.7217630853994492e-05,switch,_403-1425850-0,CLOSED,1000000.0,7621.02355330306,58.08,abc
35,36,_403-1425850_ln,_409-1541093_n,0.0012914991548936855,0.0004651533048536133,0.00046570300593085366,0.0012904000084450005,0.0004651533048536133,0.0012914991548936855,0.007024413615886683,0.003940654821601592,0.004007435395745827,0.0070255457604411365,0.003940654821601592,0.007024413615886683,line,_389-3465363-4,,1000000.0,7621.02355330306,58.08,abc
36,37,_409-1541093_n,_392-100534_sn,6.21409622872478e-05,2.238102430432987e-05,2.240747337615514e-05,6.208807644697675e-05,2.238102430432987e-05,6.21409622872478e-05,0.00033798227427471814,0.00018960607270111887,0.00019281924486905515,0.00033803674783112385,0.00018960607270111887,0.00033798227427471814,line,_389-3465363-5,,1000000.0,7621.02355330306,58.08,abc
37,38,_392-100534_sn,_392-100534_ln,1.7217630853994492e-05,0.0,0.0,1.7217630853994492e-05,0.0,1.7217630853994492e-05,1.7217630853994492e-05,0.0,0.0,1.7217630853994492e-05,0.0,1.7217630853994492e-05,switch,_392-100534-0,CLOSED,1000000.0,7621.02355330306,58.08,abc
38,39,_392-100534_ln,_500-15165_n,0.000981742836577944,0.00025253357396247953,0.00025283200885737987,0.000981146105611834,0.00025253357396247953,0.000981742836577944,0.0038792280327789304,0.002139397130940963,0.0021756525694898022,0.00387984267854753,0.002139397130940963,0.0038792280327789304,line,_389-3077585-5,,1000000.0,7621.02355330306,58.08,abc
39,40,_500-15165_n,_403-1269049_sn,0.00016287929902088018,6.921651930630627e-06,6.929831684451247e-06,0.00016286294331823505,6.921651930630627e-06,0.00016287929902088018,0.00012057814337781676,5.863839033127246e-05,5.963210978920372e-05,0.00012059499010438912,5.863839033127246e-05,0.00012057814337781676,line,_389-3096210-0,,1000000.0,7621.02355330306,58.08,abc
40,41,_403-1269049_sn,_403-1269049_ln,1.7217630853994492e-05,0.0,0.0,1.7217630853994492e-05,0.0,1.7217630853994492e-05,1.7217630853994492e-05,0.0,0.0,1.7217630853994492e-05,0.0,1.7217630853994492e-05,switch,_403-1269049-0,CLOSED,1000000.0,7621.02355330306,58.08,abc
41,42,_403-1269049_ln,_409-1333350_n,0.0001485286999882035,6.311814756125725e-06,6.319273826790344e-06,0.00014851378531662842,6.311814756125725e-06,0.0001485286999882035,0.00010995451841060826,5.347201232851717e-05,5.4378179411300297e-05,0.00010996988084409051,5.347201232851717e-05,0.00010995451841060826,line,_389-4600595-0,,1000000.0,7621.02355330306,58.08,abc
42,43,_409-1333350_n,_409-1333350_n_sec,0.0,0.0,0.0,0.0,0.0,0.0,0.40800038046035486,0.0,0.0,0.40800038046035486,0.0,0.40800038046035486,transformer,ava14619_____tnk,,1000000.0,119.99994404998696,0.014399986572000001,a
43,44,_409-1333350_n_sec,_406-2022164_n,1.0334194876220055,0.2976983169786806,0.0,1.0334194876220055,0.0,0.0,0.4205212460943953,0.32163972701237875,0.0,0.4205212460943953,0.0,0.0,line,_389-3247444-0,,1000000.0,119.99994404998696,0.014399986572000001,ab
43,45,_409-1333350_n_sec,_500-3105238_n,24.770751960878982,7.135738446367769,0.0,24.770751960878982,0.0,0.0,10.079766838202021,7.709606789902775,0.0,10.079766838202021,0.0,0.0,line,_389-3247443-0,,1000000.0,119.99994404998696,0.014399986572000001,ab
42,46,_409-1333350_n,_500-4536981_n,0.0005359948738704735,2.2777418467758054e-05,2.2804335983634717e-05,0.000535941051360007,2.2777418467758054e-05,0.0005359948738704735,0.0003967923925252385,0.00019296421840290983,0.00019623429961469237,0.00039684783087215274,0.00019296421840290983,0.0003967923925252385,line,_389-4600595-5,,1000000.0,7621.02355330306,58.08,abc
46,47,_500-4536981_n,_402-2365640_sn,5.549016096623535e-05,2.000265932376075e-05,2.000265932376075e-05,5.553742678533317e-05,2.002629773127761e-05,5.553742678533317e-05,0.0003021145866174621,0.00016945719849037325,0.00016945719849037325,0.00030206590180410775,0.00017232891639523185,0.00030206590180410775,line,_394-3610164-1,,1000000.0,7621.02355330306,58.08,abc
47,48,_402-2365640_sn,_402-2365640_ln,1.7217630853994492e-05,0.0,0.0,1.7217630853994492e-05,0.0,1.7217630853994492e-05,1.7217630853994492e-05,0.0,0.0,1.7217630853994492e-05,0.0,1.7217630853994492e-05,switch,_402-2365640-0,CLOSED,1000000.0,7621.02355330306,58.08,abc
48,49,_402-2365640_ln,_500-4537015_n,2.7745080483117674e-05,0.0,0.0,0.0,0.0,0.0,0.00015105729330873105,0.0,0.0,0.0,0.0,0.0,line,_394-3610165-0,,1000000.0,7621.02355330306,58.08,a
49,50,_500-4537015_n,_395-3109850_sn,0.004817296059568144,0.0,0.0,0.0,0.0,0.0,0.0018701095499732586,0.0,0.0,0.0,0.0,0.0,line,_411-3122942-0,,1000000.0,7621.02355330306,58.08,a
50,51,_395-3109850_sn,_391-2602718_n,1.7217630853994492e-05,0.0,0.0,0.0,0.0,0.0,1.7217630853994492e-05,0.0,0.0,0.0,0.0,0.0,switch,_395-3109850-0_a,CLOSED,1000000.0,7621.02355330306,58.08,a
52,51,_395-3109884_sn,_391-2602718_n,0.0,0.0,0.0,0.0,0.0,1.7217630853994492e-05,0.0,0.0,0.0,0.0,0.0,1.7217630853994492e-05,switch,_395-3109884-0_c,CLOSED,1000000.0,7621.02355330306,58.08,c
72,51,_395-3109851_sn,_391-2602718_n,0.0,0.0,0.0,1.7217630853994492e-05,0.0,0.0,0.0,0.0,0.0,1.7217630853994492e-05,0.0,0.0,switch,_395-3109851-0_b,CLOSED,1000000.0,7621.02355330306,58.08,b
53,52,_500-4537019_n,_395-3109884_sn,0.0,0.0,0.0,0.0,0.0,0.0051723102981707115,0.0,0.0,0.0,0.0,0.0,0.002007835661883491,line,_411-3122976-0,,1000000.0,7621.02355330306,58.08,c
48,53,_402-2365640_ln,_500-4537019_n,0.0,0.0,0.0,0.0,0.0,2.7768713392666585e-05,0.0,0.0,0.0,0.0,0.0,0.00015103295090205388,line,_394-3610169-0,,1000000.0,7621.02355330306,58.08,c
51,54,_391-2602718_n,_395-3109896_ln,0.0,0.0,0.0,0.0,0.0,1.7217630853994492e-05,0.0,0.0,0.0,0.0,0.0,1.7217630853994492e-05,switch,_395-3109896-0_c,CLOSED,1000000.0,7621.02355330306,58.08,c
54,55,_395-3109896_ln,_395-3109899_sn,0.0,0.0,0.0,0.0,0.0,0.0008653797988149961,0.0,0.0,0.0,0.0,0.0,0.00043174961353577415,line,_411-3122988-0,,1000000.0,7621.02355330306,58.08,c
55,56,_395-3109899_sn,_391-2602721_n,0.0,0.0,0.0,0.0,0.0,1.7217630853994492e-05,0.0,0.0,0.0,0.0,0.0,1.7217630853994492e-05,switch,_395-3109899-0_c,CLOSED,1000000.0,7621.02355330306,58.08,c
57,56,_395-3109897_sn,_391-2602721_n,1.7217630853994492e-05,0.0,0.0,0.0,0.0,0.0,1.7217630853994492e-05,0.0,0.0,0.0,0.0,0.0,switch,_395-3109897-0_a,CLOSED,1000000.0,7621.02355330306,58.08,a
59,56,_395-3109898_sn,_391-2602721_n,0.0,0.0,0.0,1.7217630853994492e-05,0.0,0.0,0.0,0.0,0.0,1.7217630853994492e-05,0.0,0.0,switch,_395-3109898-0_b,CLOSED,1000000.0,7621.02355330306,58.08,b
58,57,_395-3109894_ln,_395-3109897_sn,0.0003838955264783034,0.0,0.0,0.0,0.0,0.0,0.00019156071737922687,0.0,0.0,0.0,0.0,0.0,line,_411-3122986-0,,1000000.0,7621.02355330306,58.08,a
51,58,_391-2602718_n,_395-3109894_ln,1.7217630853994492e-05,0.0,0.0,0.0,0.0,0.0,1.7217630853994492e-05,0.0,0.0,0.0,0.0,0.0,switch,_395-3109894-0_a,CLOSED,1000000.0,7621.02355330306,58.08,a
60,59,_395-3109895_ln,_395-3109898_sn,0.0,0.0,0.0,0.0005419550255205027,0.0,0.0,0.0,0.0,0.0,0.0002703886468607879,0.0,0.0,line,_411-3122987-0,,1000000.0,7621.02355330306,58.08,b
51,60,_391-2602718_n,_395-3109895_ln,0.0,0.0,0.0,1.7217630853994492e-05,0.0,0.0,0.0,0.0,0.0,1.7217630853994492e-05,0.0,0.0,switch,_395-3109895-0_b,CLOSED,1000000.0,7621.02355330306,58.08,b
56,61,_391-2602721_n,_391-2602721_ln,0.0,0.0,0.0,0.0,0.0,0.0,0.0765,0.0,0.0,0.0765,0.0,0.0765,transformer,ave31592_tnk,,1000000.0,277.1281292110204,0.07680000000000002,abc
61,62,_391-2602721_ln,_406-2057957_n,0.4716125055498517,0.11631513515326361,0.11178178698961297,0.4748938893243433,0.11631513515326364,0.47161250554985173,0.1385133293720122,0.05774284687022103,0.044023408530105695,0.12947295856370664,0.057742846870221014,0.13851332937201216,line,_389-4600596-0,,1000000.0,277.1281292110204,0.07680000000000002,abc
51,63,_391-2602718_n,_395-3109889_ln,0.0,0.0,0.0,0.0,0.0,1.7217630853994492e-05,0.0,0.0,0.0,0.0,0.0,1.7217630853994492e-05,switch,_395-3109889-0_c,CLOSED,1000000.0,7621.02355330306,58.08,c
63,64,_395-3109889_ln,_395-3109890_sn,0.0,0.0,0.0,0.0,0.0,0.003570784321372989,0.0,0.0,0.0,0.0,0.0,0.0017815122942359974,line,_411-3122979-0,,1000000.0,7621.02355330306,58.08,c
64,65,_395-3109890_sn,_391-1713300_n,0.0,0.0,0.0,0.0,0.0,1.7217630853994492e-05,0.0,0.0,0.0,0.0,0.0,1.7217630853994492e-05,switch,_395-3109890-0_c,CLOSED,1000000.0,7621.02355330306,58.08,c
66,65,_395-3109888_sn,_391-1713300_n,0.0,0.0,0.0,1.7217630853994492e-05,0.0,0.0,0.0,0.0,0.0,1.7217630853994492e-05,0.0,0.0,switch,_395-3109888-0_b,CLOSED,1000000.0,7621.02355330306,58.08,b
68,65,_395-3109886_sn,_391-1713300_n,1.7217630853994492e-05,0.0,0.0,0.0,0.0,0.0,1.7217630853994492e-05,0.0,0.0,0.0,0.0,0.0,switch,_395-3109886-0_a,CLOSED,1000000.0,7621.02355330306,58.08,a
67,66,_395-3109887_ln,_395-3109888_sn,0.0,0.0,0.0,0.0035897236098992435,0.0,0.0,0.0,0.0,0.0,0.0017909613598521004,0.0,0.0,line,_411-3122978-0,,1000000.0,7621.02355330306,58.08,b
51,67,_391-2602718_n,_395-3109887_ln,0.0,0.0,0.0,1.7217630853994492e-05,0.0,0.0,0.0,0.0,0.0,1.7217630853994492e-05,0.0,0.0,switch,_395-3109887-0_b,CLOSED,1000000.0,7621.02355330306,58.08,b
69,68,_395-3109885_ln,_395-3109886_sn,0.0037748512679517425,0.0,0.0,0.0,0.0,0.0,0.0018836198054253395,0.0,0.0,0.0,0.0,0.0,line,_411-3122977-0,,1000000.0,7621.02355330306,58.08,a
51,69,_391-2602718_n,_395-3109885_ln,1.7217630853994492e-05,0.0,0.0,0.0,0.0,0.0,1.7217630853994492e-05,0.0,0.0,0.0,0.0,0.0,switch,_395-3109885-0_a,CLOSED,1000000.0,7621.02355330306,58.08,a
65,70,_391-1713300_n,_391-1713300_ln,0.0,0.0,0.0,0.0,0.0,0.0,0.0765,0.0,0.0,0.0765,0.0,0.0765,transformer,ava11860_tnk,,1000000.0,277.1281292110204,0.07680000000000002,abc
70,71,_391-1713300_ln,_406-1943459_n,0.5949167807438911,0.14672601965143534,0.1410074162137129,0.5990560905555123,0.14672601965143536,0.5949167807438911,0.17472798755419192,0.07283985934802183,0.05553343936367524,0.1633239890708657,0.07283985934802183,0.1747279875541919,line,_389-3096211-0,,1000000.0,277.1281292110204,0.07680000000000002,abc
73,72,_500-4537017_n,_395-3109851_sn,0.0,0.0,0.0,0.004908310945532388,0.0,0.0,0.0,0.0,0.0,0.0019053539304357758,0.0,0.0,line,_411-3122943-0,,1000000.0,7621.02355330306,58.08,b
48,73,_402-2365640_ln,_500-4537017_n,0.0,0.0,0.0,2.7768713392666585e-05,0.0,0.0,0.0,0.0,0.0,0.00015103295090205388,0.0,0.0,line,_394-3610167-0,,1000000.0,7621.02355330306,58.08,b
39,74,_500-15165_n,_396-269492_sn,7.776180883785694e-05,2.000265932376075e-05,2.002629773127761e-05,7.77145430187591e-05,2.000265932376075e-05,7.776180883785694e-05,0.00030726558675476666,0.00016945719849037325,0.00017232891639523185,0.0003073142715681211,0.00016945719849037325,0.00030726558675476666,line,_389-3077585-6,,1000000.0,7621.02355330306,58.08,abc
74,75,_396-269492_sn,_396-269492_ln,1.7217630853994492e-05,0.0,0.0,1.7217630853994492e-05,0.0,1.7217630853994492e-05,1.7217630853994492e-05,0.0,0.0,1.7217630853994492e-05,0.0,1.7217630853994492e-05,switch,_396-269492-0_a,CLOSED,1000000.0,7621.02355330306,58.08,abc
75,76,_396-269492_ln,_500-15167_n,0.0004958500706840786,0.00012754744504770004,0.00012769817592977784,0.0004955486790357766,0.00012754744504770004,0.0004958500706840786,0.0019592865082243742,0.0010805479592762676,0.0010988595385384985,0.0019595969481241626,0.0010805479592762676,0.0019592865082243742,line,_389-4554209-0,,1000000.0,7621.02355330306,58.08,abc
76,77,_500-15167_n,_396-164547_sn,5.549016096623535e-05,2.000265932376075e-05,2.000265932376075e-05,5.553742678533317e-05,2.002629773127761e-05,5.553742678533317e-05,0.0003021145866174621,0.00016945719849037325,0.00016945719849037325,0.00030206590180410775,0.00017232891639523185,0.00030206590180410775,line,_394-2623098-0,,1000000.0,7621.02355330306,58.08,abc
77,78,_396-164547_sn,_396-164547_ln,1.7217630853994492e-05,0.0,0.0,1.7217630853994492e-05,0.0,1.7217630853994492e-05,1.7217630853994492e-05,0.0,0.0,1.7217630853994492e-05,0.0,1.7217630853994492e-05,switch,_396-164547-0_a,CLOSED,1000000.0,7621.02355330306,58.08,abc
78,79,_396-164547_ln,_500-3093431_n,0.0,0.0,0.0,2.7768713392666585e-05,0.0,0.0,0.0,0.0,0.0,0.00015103295090205388,0.0,0.0,line,_394-2623101-0,,1000000.0,7621.02355330306,58.08,b
79,80,_500-3093431_n,_411-2255921-0_n,0.0,0.0,0.0,0.015466104617601941,0.0,0.0,0.0,0.0,0.0,0.0069857977951562076,0.0,0.0,line,_411-2255921-0,,1000000.0,7621.02355330306,58.08,b
78,81,_396-164547_ln,_500-3093429_n,2.7745080483117674e-05,0.0,0.0,0.0,0.0,0.0,0.00015105729330873105,0.0,0.0,0.0,0.0,0.0,line,_394-2623099-0,,1000000.0,7621.02355330306,58.08,a
81,82,_500-3093429_n,_411-2255920-0_n,0.01532699741186123,0.0,0.0,0.0,0.0,0.0,0.006922735352926758,0.0,0.0,0.0,0.0,0.0,line,_411-2255920-0,,1000000.0,7621.02355330306,58.08,a
78,83,_396-164547_ln,_500-3093433_n,0.0,0.0,0.0,0.0,0.0,2.7768713392666585e-05,0.0,0.0,0.0,0.0,0.0,0.00015103295090205388,line,_394-2623103-0,,1000000.0,7621.02355330306,58.08,c
83,84,_500-3093433_n,_411-2255922-0_n,0.0,0.0,0.0,0.0,0.0,0.015676082062220098,0.0,0.0,0.0,0.0,0.0,0.007080641325955591,line,_411-2255922-0,,1000000.0,7621.02355330306,58.08,c
76,85,_500-15167_n,_389-160652-0_n,0.0,0.0,0.0,0.00023532619122634843,0.0,0.0,0.0,0.0,0.0,0.00017425179186889706,0.0,0.0,line,_389-160652-0,,1000000.0,7621.02355330306,58.08,b
85,86,_389-160652-0_n,_403-40080_ln,0.0,0.0,0.0,1.7217630853994492e-05,0.0,0.0,0.0,0.0,0.0,1.7217630853994492e-05,0.0,0.0,switch,_403-40080-0,CLOSED,1000000.0,7621.02355330306,58.08,b
76,87,_500-15167_n,_500-1391185_n,0.0012994282751228473,0.0003342517553461363,0.00033464676178394085,0.0012986384459933499,0.0003342517553461363,0.0012994282751228473,0.005134520368911209,0.002831691783310171,0.00287967924012886,0.0051353339099538785,0.002831691783310171,0.005134520368911209,line,_389-4585905-1,,1000000.0,7621.02355330306,58.08,abc
87,88,_500-1391185_n,_500-15176_n,0.0007290169578549086,0.00018752493116025706,0.0001877465412307276,0.0007285738408008666,0.00018752493116025706,0.0007290169578549086,0.002880614875825938,0.0015886612358472494,0.0016155835912052986,0.0028810712959511354,0.0015886612358472494,0.002880614875825938,line,_389-4585905-3,,1000000.0,7621.02355330306,58.08,abc
88,89,_500-15176_n,_500-4034322_n,0.00031436633694816555,8.086440933934985e-05,8.095997192583572e-05,0.00031417525622827615,8.086440933934985e-05,0.00031436633694816555,0.0012421773415756728,0.0006850617231653505,0.0006966711681099922,0.0012423741588394163,0.0006850617231653505,0.0012421773415756728,line,_389-4585905-5,,1000000.0,7621.02355330306,58.08,abc
89,90,_500-4034322_n,_409-234868_n,0.0001516118193652729,3.899908730958843e-05,3.904517499741474e-05,0.00015151966542834288,3.899908730958843e-05,0.0001516118193652729,0.000599074215639248,0.0003303898732762004,0.0003359888476669231,0.0005991691361823582,0.0003303898732762004,0.000599074215639248,line,_389-4585905-7,,1000000.0,7621.02355330306,58.08,abc
90,91,_409-234868_n,_409-234868_n_sec,0.0,0.0,0.0,0.0,0.0,0.0,0.0765,0.0,0.0,0.0765,0.0,0.0765,transformer,sg0952_sg0394_sg0396_tnk,,1000000.0,277.1281292110204,0.07680000000000002,abc
91,92,_409-234868_n_sec,_406-689012_n,2.9208358863271813,0.7203740716810505,0.6922977042272901,2.9411584676255136,0.7203740716810506,2.920835886327182,0.8578540611274452,0.35761854771132423,0.27265000389092275,0.8018643679537719,0.35761854771132406,0.8578540611274451,line,_389-937571-3,,1000000.0,277.1281292110204,0.07680000000000002,abc
90,93,_409-234868_n,_409-2046499_n,0.0005544085059979526,0.0001426104232579711,0.00014277895501400213,0.0005540715208822201,0.0001426104232579711,0.0005544085059979526,0.0021906724836159206,0.0012081574959443228,0.0012286316188727124,0.002191019585555034,0.0012081574959443228,0.0021906724836159206,line,_389-4585905-14,,1000000.0,7621.02355330306,58.08,abc
93,94,_409-2046499_n,_409-2046499_n_sec,0.0,0.0,0.0,0.0,0.0,0.0,0.40800038046035486,0.0,0.0,0.40800038046035486,0.0,0.40800038046035486,transformer,__avc21495___tnk,,1000000.0,119.99994404998696,0.014399986572000001,b
94,95,_409-2046499_n_sec,_406-3392071_n,9.534220011146271,2.746533508434163,0.0,9.534220011146271,0.0,0.0,3.8796849949590353,2.967414451141753,0.0,3.8796849949590353,0.0,0.0,line,_389-4625078-1,,1000000.0,119.99994404998696,0.014399986572000001,ab
93,96,_409-2046499_n,_409-23087_n,0.0004870781593212716,0.00012529104750203188,0.00012543911185643249,0.00048678209948792864,0.00012529104750203188,0.0004870781593212716,0.001924625451181915,0.001061432360666073,0.0010794199961402557,0.0019249303991972706,0.001061432360666073,0.001924625451181915,line,_389-4585905-15,,1000000.0,7621.02355330306,58.08,abc
96,97,_409-23087_n,_403-37193_sn,3.0938768455305886e-05,7.958375127288959e-06,7.967780042474783e-06,3.091996299984167e-05,7.958375127288959e-06,3.0938768455305886e-05,0.0001222504849740764,6.742123293595644e-05,6.856379143163952e-05,0.00012226985499890186,6.742123293595644e-05,0.0001222504849740764,line,_389-4585905-10,,1000000.0,7621.02355330306,58.08,abc
97,98,_403-37193_sn,_403-37193_ln,1.7217630853994492e-05,0.0,0.0,1.7217630853994492e-05,0.0,1.7217630853994492e-05,1.7217630853994492e-05,0.0,0.0,1.7217630853994492e-05,0.0,1.7217630853994492e-05,switch,_403-37193-0,CLOSED,1000000.0,7621.02355330306,58.08,abc
98,99,_403-37193_ln,_500-3376242_n,0.0004849444511519402,0.00012474219404497752,0.0001248896097845377,0.0004846496882465604,0.00012474219404497752,0.0004849444511519402,0.0019161943832526687,0.0010567826204635933,0.0010746914588001429,0.0019164979954042435,0.0010567826204635933,0.0019161943832526687,line,_389-150210-8,,1000000.0,7621.02355330306,58.08,abc
99,100,_500-3376242_n,_402-1760651_sn,5.549016096623535e-05,2.000265932376075e-05,2.000265932376075e-05,5.553742678533317e-05,2.002629773127761e-05,5.553742678533317e-05,0.0003021145866174621,0.00016945719849037325,0.00016945719849037325,0.00030206590180410775,0.00017232891639523185,0.00030206590180410775,line,_394-2861178-1,,1000000.0,7621.02355330306,58.08,abc
100,101,_402-1760651_sn,_402-1760651_ln,1.7217630853994492e-05,0.0,0.0,1.7217630853994492e-05,0.0,1.7217630853994492e-05,1.7217630853994492e-05,0.0,0.0,1.7217630853994492e-05,0.0,1.7217630853994492e-05,switch,_402-1760651-0,CLOSED,1000000.0,7621.02355330306,58.08,abc
101,102,_402-1760651_ln,_500-3376246_n,0.0,0.0,0.0,2.7768713392666585e-05,0.0,0.0,0.0,0.0,0.0,0.00015103295090205388,0.0,0.0,line,_394-2861181-0,,1000000.0,7621.02355330306,58.08,b
102,103,_500-3376246_n,_395-2453703_sn,0.0,0.0,0.0,0.02198705711063287,0.0,0.0,0.0,0.0,0.0,0.010969638329094113,0.0,0.0,line,_411-2459449-0,,1000000.0,7621.02355330306,58.08,b
103,104,_395-2453703_sn,_391-2013548_n,0.0,0.0,0.0,1.7217630853994492e-05,0.0,0.0,0.0,0.0,0.0,1.7217630853994492e-05,0.0,0.0,switch,_395-2453703-0_b,CLOSED,1000000.0,7621.02355330306,58.08,b
107,104,_395-2453702_sn,_391-2013548_n,1.7217630853994492e-05,0.0,0.0,0.0,0.0,0.0,1.7217630853994492e-05,0.0,0.0,0.0,0.0,0.0,switch,_395-2453702-0_a,CLOSED,1000000.0,7621.02355330306,58.08,a
109,104,_395-2453704_sn,_391-2013548_n,0.0,0.0,0.0,0.0,0.0,1.7217630853994492e-05,0.0,0.0,0.0,0.0,0.0,1.7217630853994492e-05,switch,_395-2453704-0_c,CLOSED,1000000.0,7621.02355330306,58.08,c
104,105,_391-2013548_n,_391-2013548_ln,0.0,0.0,0.0,0.0,0.0,0.0,0.0765,0.0,0.0,0.0765,0.0,0.0765,transformer,ave30724_tnk,,1000000.0,277.1281292110204,0.07680000000000002,abc
105,106,_391-2013548_ln,_406-2517323_n,0.3978407169722212,0.09812058887230618,0.09429636779570703,0.40060881166466944,0.09812058887230618,0.39784071697222123,0.11684643986130637,0.04871044624247695,0.037137065296346146,0.10922020526882516,0.048710446242476946,0.11684643986130634,line,_389-3606091-1,,1000000.0,277.1281292110204,0.07680000000000002,abc
108,107,_500-3376244_n,_395-2453702_sn,0.022345342077271263,0.0,0.0,0.0,0.0,0.0,0.01115014232563147,0.0,0.0,0.0,0.0,0.0,line,_411-2459448-0,,1000000.0,7621.02355330306,58.08,a
101,108,_402-1760651_ln,_500-3376244_n,2.7745080483117674e-05,0.0,0.0,0.0,0.0,0.0,0.00015105729330873105,0.0,0.0,0.0,0.0,0.0,line,_394-2861179-0,,1000000.0,7621.02355330306,58.08,a
110,109,_500-3376248_n,_395-2453704_sn,0.0,0.0,0.0,0.0,0.0,0.021866137037734473,0.0,0.0,0.0,0.0,0.0,0.010909309679391304,line,_411-2459450-0,,1000000.0,7621.02355330306,58.08,c
101,110,_402-1760651_ln,_500-3376248_n,0.0,0.0,0.0,0.0,0.0,2.7768713392666585e-05,0.0,0.0,0.0,0.0,0.0,0.00015103295090205388,line,_394-2861183-0,,1000000.0,7621.02355330306,58.08,c
99,111,_500-3376242_n,_500-15194_n,0.0018373598124798514,0.00047262381024129824,0.00047318233968719975,0.0018362430134005584,0.00047262381024129824,0.0018373598124798514,0.007260086272406836,0.004003942952135344,0.0040717960428751435,0.007261236599551641,0.004003942952135344,0.007260086272406836,line,_389-150210-9,,1000000.0,7621.02355330306,58.08,abc
111,112,_500-15194_n,_403-37197_sn,0.000537338840643301,0.0001382195956015358,0.00013838293843884363,0.000537012230951273,0.0001382195956015358,0.000537338840643301,0.0021232239401819475,0.0011709595743244847,0.0011908033201518079,0.002123560355210812,0.0011709595743244847,0.0021232239401819475,line,_389-150210-1,,1000000.0,7621.02355330306,58.08,abc
112,113,_403-37197_sn,_403-37197_ln,1.7217630853994492e-05,0.0,0.0,1.7217630853994492e-05,0.0,1.7217630853994492e-05,1.7217630853994492e-05,0.0,0.0,1.7217630853994492e-05,0.0,1.7217630853994492e-05,switch,_403-37197-0,CLOSED,1000000.0,7621.02355330306,58.08,abc
113,114,_403-37197_ln,_390-8029_sn,6.942178348166646e-05,2.5003324154700936e-05,2.503287216409702e-05,6.936270120779419e-05,2.5003324154700936e-05,6.942178348166646e-05,0.00037758237725513474,0.00021182149811296654,0.00021541114549403987,0.0003776432332718277,0.00021182149811296654,0.00037758237725513474,line,_389-150133-0,,1000000.0,7621.02355330306,58.08,abc
114,115,_390-8029_sn,_390-8029_ln,1.7217630853994492e-05,0.0,0.0,1.7217630853994492e-05,0.0,1.7217630853994492e-05,1.7217630853994492e-05,0.0,0.0,1.7217630853994492e-05,0.0,1.7217630853994492e-05,switch,_390-8029-0,CLOSED,1000000.0,7621.02355330306,58.08,abc
115,116,_390-8029_ln,_500-15200_n,0.0004957731269129743,0.00017856032469503502,0.00017877134072311234,0.0004953511930156619,0.00017856032469503502,0.0004957731269129743,0.0026964907331781325,0.0015127154792067467,0.0015383508146501186,0.002696925334194906,0.0015127154792067467,0.0026964907331781325,line,_389-150232-0,,1000000.0,7621.02355330306,58.08,abc
116,117,_500-15200_n,_394-1034905-1_n,5.549016096623535e-05,2.000265932376075e-05,2.000265932376075e-05,5.553742678533317e-05,2.002629773127761e-05,5.553742678533317e-05,0.0003021145866174621,0.00016945719849037325,0.00016945719849037325,0.00030206590180410775,0.00017232891639523185,0.00030206590180410775,line,_394-1034905-1,,1000000.0,7621.02355330306,58.08,abc
117,118,_394-1034905-1_n,_402-606216_ln,1.7217630853994492e-05,0.0,0.0,1.7217630853994492e-05,0.0,1.7217630853994492e-05,1.7217630853994492e-05,0.0,0.0,1.7217630853994492e-05,0.0,1.7217630853994492e-05,switch,_402-606216-0,CLOSED,1000000.0,7621.02355330306,58.08,abc
116,119,_500-15200_n,_500-15201_n,2.1100003007833137e-05,5.42755085309362e-06,5.433964933182036e-06,2.1087177831309645e-05,5.42755085309362e-06,2.1100003007833137e-05,8.337389396699464e-05,4.598076422452202e-05,4.6759980363340365e-05,8.338710417549629e-05,4.598076422452202e-05,8.337389396699464e-05,line,_389-150179-0,,1000000.0,7621.02355330306,58.08,abc
119,120,_500-15201_n,_500-15202_n,0.0005388654290985452,0.00019408068078618476,0.0001943100382005823,0.0005384068209605,0.00019408068078618476,0.0005388654290985452,0.0029308680868645517,0.0016441997993768688,0.0016720633427677605,0.002931340463140467,0.0016441997993768688,0.0029308680868645517,line,_389-159696-8,,1000000.0,7621.02355330306,58.08,abc
120,121,_500-15202_n,_500-15213_n,0.0006269125691240734,0.00022579221386043963,0.0002260590467989493,0.0006263790273703853,0.00022579221386043963,0.0006269125691240734,0.0034097530531393564,0.0019128514555201434,0.001945267722418738,0.0034103026126559564,0.0019128514555201434,0.0034097530531393564,line,_389-159696-1,,1000000.0,7621.02355330306,58.08,abc
121,122,_500-15213_n,_500-3137441_n,0.00042406550421910646,0.00015273372035475247,0.0001529142154511731,0.0004237045979876111,0.00015273372035475247,0.00042406550421910646,0.0023064757654524017,0.0012939193707900605,0.001315846863145909,0.0023068475066568106,0.0012939193707900605,0.0023064757654524017,line,_389-159696-2,,1000000.0,7621.02355330306,58.08,abc
122,123,_500-3137441_n,_500-15223_n,0.0006693275856171404,0.00024106863508178741,0.0002413535211333549,0.0006687579460351474,0.00024106863508178741,0.0006693275856171404,0.0036404466763159697,0.0020422692244891636,0.002076878678385218,0.0036410334173744754,0.0020422692244891636,0.0036404466763159697,line,_389-159696-3,,1000000.0,7621.02355330306,58.08,abc
123,124,_500-15223_n,_402-36571_sn,0.0008609088129176323,3.509612939275705e-05,0.0,0.0008608258815795504,0.0,0.0,0.0006045014752355549,0.0002973250540585665,0.0,0.0006045868963028887,0.0,0.0,line,_389-150214-0,,1000000.0,7621.02355330306,58.08,ab
124,125,_402-36571_sn,_402-36571_ln,1.7217630853994492e-05,0.0,0.0,1.7217630853994492e-05,0.0,0.0,1.7217630853994492e-05,0.0,0.0,1.7217630853994492e-05,0.0,0.0,switch,_402-36571-0,CLOSED,1000000.0,7621.02355330306,58.08,ab
125,126,_402-36571_ln,_409-22385_n,0.006040573043547175,0.00024625225106507907,0.0,0.006039991155201087,0.0,0.0,0.004241489065162765,0.0020861834375125836,0.0,0.004242088422712537,0.0,0.0,line,_389-150307-0,,1000000.0,7621.02355330306,58.08,ab
126,127,_409-22385_n,_409-22385_n_sec,0.0,0.0,0.0,0.0,0.0,0.0,0.40800038046035486,0.0,0.0,0.40800038046035486,0.0,0.40800038046035486,transformer,__sb5486___tnk,,1000000.0,119.99994404998696,0.014399986572000001,b
127,128,_409-22385_n_sec,_406-92279_n,13.986749153407475,4.029178598667377,0.0,13.986749153407475,0.0,0.0,5.691517581437368,4.353212062842471,0.0,5.691517581437368,0.0,0.0,line,_389-152752-1,,1000000.0,119.99994404998696,0.014399986572000001,ab
127,129,_409-22385_n_sec,_406-92268_n,19.2250187325383,5.538172822471156,0.0,19.2250187325383,0.0,0.0,7.823085330235404,5.983562194255079,0.0,7.823085330235404,0.0,0.0,line,_389-152741-0,,1000000.0,119.99994404998696,0.014399986572000001,ab
127,130,_409-22385_n_sec,_406-92280_n,10.929193975153938,3.1483852310775617,0.0,10.929193975153938,0.0,0.0,4.447330754149817,3.401583779615763,0.0,4.447330754149817,0.0,0.0,line,_389-152753-1,,1000000.0,119.99994404998696,0.014399986572000001,ab
127,131,_409-22385_n_sec,_406-92270_n,13.386056283191927,3.856136326263791,0.0,13.386056283191927,0.0,0.0,5.447082366765418,4.166253433642438,0.0,5.447082366765418,0.0,0.0,line,_389-152743-0,,1000000.0,119.99994404998696,0.014399986572000001,ab
127,132,_409-22385_n_sec,_406-92273_n,16.691290512197845,4.80827887726172,0.0,16.691290512197845,0.0,0.0,6.792055277827658,5.194968924169633,0.0,6.792055277827658,0.0,0.0,line,_389-152746-2,,1000000.0,119.99994404998696,0.014399986572000001,ab
127,133,_409-22385_n_sec,_406-92272_n,16.477774089135448,4.746770960530587,0.0,16.477774089135448,0.0,0.0,6.705170722849476,5.128514435117488,0.0,6.705170722849476,0.0,0.0,line,_389-152745-0,,1000000.0,119.99994404998696,0.014399986572000001,ab
127,134,_409-22385_n_sec,_500-3249506_n,7.811854198442928,2.250369646803029,0.0,7.811854198442928,0.0,0.0,3.178816251468377,2.431348239454455,0.0,3.178816251468377,0.0,0.0,line,_389-3378931-0,,1000000.0,119.99994404998696,0.014399986572000001,ab
134,135,_500-3249506_n,_500-3249507_n,14.447944627222252,4.162035698806623,0.0,14.447944627222252,0.0,0.0,5.879188220190238,4.496753759195102,0.0,5.879188220190238,0.0,0.0,line,_389-3378932-1,,1000000.0,119.99994404998696,0.014399986572000001,ab
135,136,_500-3249507_n,_406-2102752_n,0.48112367330060307,0.13859783903415154,0.0,0.48112367330060307,0.0,0.0,0.19577986388416752,0.14974411533083196,0.0,0.19577986388416752,0.0,0.0,line,_389-3378932-2,,1000000.0,119.99994404998696,0.014399986572000001,ab
135,137,_500-3249507_n,_500-3249508_n,10.983284802329745,3.1639672366494485,0.0,10.983284802329745,0.0,0.0,4.4693415080776235,3.4184189168423065,0.0,4.4693415080776235,0.0,0.0,line,_389-3378933-1,,1000000.0,119.99994404998696,0.014399986572000001,ab
137,138,_500-3249508_n,_406-2102302_n,0.4754299020189392,0.13695762792132138,0.0,0.4754299020189392,0.0,0.0,0.1934629424180827,0.1479719956227748,0.0,0.1934629424180827,0.0,0.0,line,_389-3378933-2,,1000000.0,119.99994404998696,0.014399986572000001,ab
137,139,_500-3249508_n,_500-3249510_n,11.30782976538459,3.2574592700807696,0.0,11.30782976538459,0.0,0.0,4.601406031644458,3.519429740201566,0.0,4.601406031644458,0.0,0.0,line,_389-3378934-1,,1000000.0,119.99994404998696,0.014399986572000001,ab
139,140,_500-3249510_n,_406-2102721_n,0.47827678765977116,0.1377777334777365,0.0,0.47827678765977116,0.0,0.0,0.19462140315112514,0.1488580554768034,0.0,0.19462140315112514,0.0,0.0,line,_389-3378935-0,,1000000.0,119.99994404998696,0.014399986572000001,ab
139,141,_500-3249510_n,_500-3249509_n,11.914216406881799,3.432141753597185,0.0,11.914216406881799,0.0,0.0,4.848158167782492,3.708160489109656,0.0,4.848158167782492,0.0,0.0,line,_389-3378934-2,,1000000.0,119.99994404998696,0.014399986572000001,ab
141,142,_500-3249509_n,_406-2102272_n,0.43842038868812355,0.1262962556879251,0.0,0.43842038868812355,0.0,0.0,0.17840295288853136,0.1364532175204031,0.0,0.17840295288853136,0.0,0.0,line,_389-3378936-0,,1000000.0,119.99994404998696,0.014399986572000001,ab
141,143,_500-3249509_n,_500-3249512_n,14.624451536953837,4.212882243304359,0.0,14.624451536953837,0.0,0.0,5.951012785638868,4.551689470144876,0.0,5.951012785638868,0.0,0.0,line,_389-3378937-1,,1000000.0,119.99994404998696,0.014399986572000001,ab
143,144,_500-3249512_n,_500-3249511_n,14.584595137982188,4.201400765514547,0.0,14.584595137982188,0.0,0.0,5.9347943353762735,4.539284632188474,0.0,5.9347943353762735,0.0,0.0,line,_389-3378937-2,,1000000.0,119.99994404998696,0.014399986572000001,ab
144,145,_500-3249511_n,_406-2102300_n,0.5352145004764106,0.15417984460603845,0.0,0.5352145004764106,0.0,0.0,0.21779061781197334,0.1665792525573752,0.0,0.21779061781197334,0.0,0.0,line,_389-3378939-0,,1000000.0,119.99994404998696,0.014399986572000001,ab
143,146,_500-3249512_n,_406-2102301_n,0.5409082717580745,0.15582005571886864,0.0,0.5409082717580745,0.0,0.0,0.22010753927805815,0.1683513722654324,0.0,0.22010753927805815,0.0,0.0,line,_389-3378938-0,,1000000.0,119.99994404998696,0.014399986572000001,ab
127,147,_409-22385_n_sec,_406-92358_n,11.54127438793281,3.3247079257068077,0.0,11.54127438793281,0.0,0.0,4.696399811753936,3.59208664823191,0.0,4.696399811753936,0.0,0.0,line,_389-153055-0,,1000000.0,119.99994404998696,0.014399986572000001,ab
127,148,_409-22385_n_sec,_406-92274_n,29.26883127339349,8.431505225503622,0.0,29.26883127339349,0.0,0.0,11.91013479640903,9.109581359267949,0.0,11.91013479640903,0.0,0.0,line,_389-152747-2,,1000000.0,119.99994404998696,0.014399986572000001,ab
127,149,_409-22385_n_sec,_406-92269_n,15.791674649694945,4.54912552143455,0.0,15.791674649694945,0.0,0.0,6.425981686186256,4.914974010296598,0.0,6.425981686186256,0.0,0.0,line,_389-152742-0,,1000000.0,119.99994404998696,0.014399986572000001,ab
126,150,_409-22385_n,_389-150307-1_n,0.00019596707991695886,7.988866986014204e-06,0.0,0.00019594820240994115,0.0,0.0,0.0001376015521387623,6.76795518360942e-05,0.0,0.00013762099637824228,0.0,0.0,line,_389-150307-1,,1000000.0,7621.02355330306,58.08,ab
150,151,_389-150307-1_n,_403-36885_ln,0.0,0.0,0.0,1.7217630853994492e-05,0.0,0.0,0.0,0.0,0.0,1.7217630853994492e-05,0.0,0.0,switch,_403-36885-0,CLOSED,1000000.0,7621.02355330306,58.08,b
123,152,_500-15223_n,_409-23102_n,0.0010793394117167877,0.0003887407068881492,0.00038920010636594256,0.0010784208264611806,0.0003887407068881492,0.0010793394117167877,0.005870485033689894,0.0032933076578563546,0.0033491179193945297,0.0058714311963201605,0.0032933076578563546,0.005870485033689894,line,_389-159696-11,,1000000.0,7621.02355330306,58.08,abc
152,153,_409-23102_n,_409-23102_n_sec,0.0,0.0,0.0,0.0,0.0,0.0,0.40800038046035486,0.0,0.0,0.40800038046035486,0.0,0.40800038046035486,transformer,ave10054_____tnk,,1000000.0,119.99994404998696,0.014399986572000001,a
153,154,_409-23102_n_sec,_406-92303_n,7.097285902594105,2.0445231521428395,0.0,7.097285902594105,0.0,0.0,2.888042607474732,2.2089472160932786,0.0,2.888042607474732,0.0,0.0,line,_389-152776-2,,1000000.0,119.99994404998696,0.014399986572000001,ab
153,155,_409-23102_n_sec,_406-92311_n,5.178484980673356,1.4917720071190634,0.0,5.178484980673356,0.0,0.0,2.1072400734041463,1.6117428744780082,0.0,2.1072400734041463,0.0,0.0,line,_389-152784-0,,1000000.0,119.99994404998696,0.014399986572000001,ab
153,156,_409-23102_n_sec,_500-2816451_n,19.59796075148729,5.645606650361535,0.0,19.59796075148729,0.0,0.0,7.974843686263959,6.099636035132824,0.0,7.974843686263959,0.0,0.0,line,_389-2994705-0,,1000000.0,119.99994404998696,0.014399986572000001,ab
153,157,_409-23102_n_sec,_500-4570469_n,8.950608454775717,2.5784118693690683,0.0,8.950608454775717,0.0,0.0,3.642200544685341,2.7857721810658918,0.0,3.642200544685341,0.0,0.0,line,_389-4630047-0,,1000000.0,119.99994404998696,0.014399986572000001,ab
157,158,_500-4570469_n,_406-3397838_n,1.2156201686352517,0.35018507258924686,0.0,1.2156201686352517,0.0,0.0,0.4946627330091097,0.3783475576702086,0.0,0.4946627330091097,0.0,0.0,line,_389-4630048-1,,1000000.0,119.99994404998696,0.014399986572000001,ab
152,159,_409-23102_n,_500-15227_n,2.2181106429508066e-05,7.988866986014204e-06,7.998307935357828e-06,2.2162228922490338e-05,7.988866986014204e-06,2.2181106429508066e-05,0.00012064217419615278,6.76795518360942e-05,6.882648795053468e-05,0.00012066161843563276,6.76795518360942e-05,0.00012064217419615278,line,_389-159696-5,,1000000.0,7621.02355330306,58.08,abc
159,160,_500-15227_n,_389-150151-0_n,0.0005602845891239861,0.00020179512104367172,0.00020203359509999273,0.0005598077519429047,0.00020179512104367172,0.0005602845891239861,0.0030473660642371726,0.0017095544811117228,0.0017385255620482383,0.0030478572168206775,0.0017095544811117228,0.0030473660642371726,line,_389-150151-0,,1000000.0,7621.02355330306,58.08,abc
160,161,_389-150151-0_n,_390-8027_ln,1.7217630853994492e-05,0.0,0.0,1.7217630853994492e-05,0.0,1.7217630853994492e-05,1.7217630853994492e-05,0.0,0.0,1.7217630853994492e-05,0.0,1.7217630853994492e-05,switch,_390-8027-0,CLOSED,1000000.0,7621.02355330306,58.08,abc
159,162,_500-15227_n,_402-1807095_sn,0.0004906656657462787,2.000265932376075e-05,2.002629773127761e-05,0.0004906183999271808,2.000265932376075e-05,0.00047069964827179463,0.0003445290771107941,0.00016945719849037325,0.00017232891639523185,0.00034457776192414855,0.00016945719849037325,0.00034845489892443965,line,_389-3584718-0,,1000000.0,7621.02355330306,58.08,abc
162,163,_402-1807095_sn,_402-1807095_ln,1.7217630853994492e-05,0.0,0.0,1.7217630853994492e-05,0.0,1.7217630853994492e-05,1.7217630853994492e-05,0.0,0.0,1.7217630853994492e-05,0.0,1.7217630853994492e-05,switch,_402-1807095-0,CLOSED,1000000.0,7621.02355330306,58.08,abc
163,164,_402-1807095_ln,_409-23048_n,0.0024346291798843555,9.925100015067265e-05,9.936829133431193e-05,0.0024343946520777038,9.925100015067265e-05,0.002335559992568128,0.0017095154664567608,0.0008408280199484222,0.00085507716900378,0.0017097570351571703,0.0008408280199484222,0.0017289949634131875,line,_389-3584717-8,,1000000.0,7621.02355330306,58.08,abc
164,165,_409-23048_n,_409-23123_n,0.002581978472799015,0.00010525789631954593,0.00010538228623227183,0.0025817297508363237,0.00010525789631954593,0.0024769133930399928,0.0018129792289427766,0.0008917168432755618,0.0009068283832261287,0.0018132354179301235,0.0008917168432755618,0.001833637669340192,line,_389-3584717-3,,1000000.0,7621.02355330306,58.08,abc
165,166,_409-23123_n,_409-23123_n_sec,0.0,0.0,0.0,0.0,0.0,0.0,0.40800038046035486,0.0,0.0,0.40800038046035486,0.0,0.40800038046035486,transformer,avc10037_____tnk,,1000000.0,119.99994404998696,0.014399986572000001,a
166,167,_409-23123_n_sec,_406-92317_n,16.98451973320354,4.892749749572475,0.0,16.98451973320354,0.0,0.0,6.911376733331027,5.286233089134578,0.0,6.911376733331027,0.0,0.0,line,_389-455074-0,,1000000.0,119.99994404998696,0.014399986572000001,ab
166,168,_409-23123_n_sec,_406-92315_n,16.454999004008794,4.7402101160792665,0.0,16.454999004008794,0.0,0.0,6.695903036985138,5.121425956285259,0.0,6.695903036985138,0.0,0.0,line,_389-3079233-1,,1000000.0,119.99994404998696,0.014399986572000001,ab
166,169,_409-23123_n_sec,_406-92299_n,2.1465517731873063,0.618359589536984,0.0,2.1465517731873063,0.0,0.0,0.8734793927139783,0.6680891299375581,0.0,0.8734793927139783,0.0,0.0,line,_389-152772-0,,1000000.0,119.99994404998696,0.014399986572000001,ab
166,170,_409-23123_n_sec,_406-2306745_n,0.882534548657911,0.2542327224886804,0.0,0.882534548657911,0.0,0.0,0.35912282724314754,0.2746785547488634,0.0,0.35912282724314754,0.0,0.0,line,_389-3362292-0,,1000000.0,119.99994404998696,0.014399986572000001,ab
166,171,_409-23123_n_sec,_406-92316_n,13.924117669309172,4.011136276426245,0.0,13.924117669309172,0.0,0.0,5.666031445310434,4.333718746053842,0.0,5.666031445310434,0.0,0.0,line,_389-455075-0,,1000000.0,119.99994404998696,0.014399986572000001,ab
166,172,_409-23123_n_sec,_406-92302_n,12.011010518670085,3.4600253425152983,0.0,12.011010518670085,0.0,0.0,4.887545832705934,3.738286524146628,0.0,4.887545832705934,0.0,0.0,line,_389-152775-0,,1000000.0,119.99994404998696,0.014399986572000001,ab
166,173,_409-23123_n_sec,_406-92301_n,13.095673947827068,3.7724855595094513,0.0,13.095673947827068,0.0,0.0,5.328919371995093,4.075875328531522,0.0,5.328919371995093,0.0,0.0,line,_389-152774-0,,1000000.0,119.99994404998696,0.014399986572000001,ab
165,174,_409-23123_n,_409-23018_n,0.00117430654759399,4.787221819863473e-05,4.792879182638087e-05,0.0011741934266549907,4.787221819863473e-05,0.0011265220240651184,0.000824558919304797,0.0004055606732162897,0.0004124335346654177,0.0008246754363123678,0.0004055606732162897,0.0008339545599258693,line,_389-3584717-5,,1000000.0,7621.02355330306,58.08,abc
174,175,_409-23018_n,_409-23018_n_sec,0.0,0.0,0.0,0.0,0.0,0.0,0.40800038046035486,0.0,0.0,0.40800038046035486,0.0,0.40800038046035486,transformer,ava25490_____tnk,,1000000.0,119.99994404998696,0.014399986572000001,a
175,176,_409-23018_n_sec,_406-92314_n,6.439655319561918,1.8550787686109518,0.0,6.439655319561918,0.0,0.0,2.6204381781419346,2.004267389812674,0.0,2.6204381781419346,0.0,0.0,line,_389-3079234-0,,1000000.0,119.99994404998696,0.014399986572000001,ab
174,177,_409-23018_n,_500-15226_n,0.00019596707991695886,7.988866986014204e-06,7.998307935357828e-06,0.00019594820240994115,7.988866986014204e-06,0.00018799284732806435,0.0001376015521387623,6.76795518360942e-05,6.882648795053468e-05,0.00013762099637824228,6.76795518360942e-05,0.0001391694870704317,line,_389-3584717-6,,1000000.0,7621.02355330306,58.08,abc
164,178,_409-23048_n,_409-23048_n_sec,0.0,0.0,0.0,0.0,0.0,0.0,0.40800038046035486,0.0,0.0,0.40800038046035486,0.0,0.40800038046035486,transformer,ava21375_____tnk,,1000000.0,119.99994404998696,0.014399986572000001,a
178,179,_409-23048_n_sec,_406-2901811_n,1.2241608255577476,0.35264538925849215,0.0,1.2241608255577476,0.0,0.0,0.4981381152082369,0.38100573723229436,0.0,0.4981381152082369,0.0,0.0,line,_389-4059938-0,,1000000.0,119.99994404998696,0.014399986572000001,ab
178,180,_409-23048_n_sec,_406-92300_n,13.645122876507637,3.930765931897565,0.0,13.645122876507637,0.0,0.0,5.552502293472278,4.2468848803590395,0.0,5.552502293472278,0.0,0.0,line,_389-152773-0,,1000000.0,119.99994404998696,0.014399986572000001,ab
178,181,_409-23048_n_sec,_406-92297_n,7.202620671304887,2.074867057730198,0.0,7.202620671304887,0.0,0.0,2.930905654597301,2.2417314306923366,0.0,2.930905654597301,0.0,0.0,line,_389-152770-0,,1000000.0,119.99994404998696,0.014399986572000001,ab
178,182,_409-23048_n_sec,_406-92298_n,7.789079113316274,2.2438088023517087,0.0,7.789079113316274,0.0,0.0,3.169548565604038,2.4242597606222267,0.0,3.169548565604038,0.0,0.0,line,_389-152771-1,,1000000.0,119.99994404998696,0.014399986572000001,ab
159,183,_500-15227_n,_402-37852_sn,0.0004465356744672689,1.8203639658971297e-05,1.822515205117795e-05,0.00044649265968982777,1.8203639658971297e-05,0.0004465356744672689,0.00031354246804137827,0.00015421638338224518,0.00015682982178041684,0.00031358677419011694,0.00015421638338224518,0.00031354246804137827,line,_389-155521-0,,1000000.0,7621.02355330306,58.08,abc
183,184,_402-37852_sn,_402-37852_ln,1.7217630853994492e-05,0.0,0.0,1.7217630853994492e-05,0.0,1.7217630853994492e-05,1.7217630853994492e-05,0.0,0.0,1.7217630853994492e-05,0.0,1.7217630853994492e-05,switch,_402-37852-0,CLOSED,1000000.0,7621.02355330306,58.08,abc
184,185,_402-37852_ln,_409-23044_n,0.0035311472682746673,0.0001439520650418819,0.00014412218230085613,0.003530807112890581,0.0001439520650418819,0.0035311472682746673,0.0024794539223171636,0.0012195235275503846,0.0012401902657041002,0.002479804289701076,0.0012195235275503846,0.0024794539223171636,line,_389-3584754-1,,1000000.0,7621.02355330306,58.08,abc
185,186,_409-23044_n,_403-1545214_sn,0.0031781073380425886,0.00012955990772356625,0.00012971301686005884,0.003177801190991756,0.00012955990772356625,0.0031781073380425886,0.002231561049761836,0.0010975970066853598,0.0011161975087855798,0.0022318763878288227,0.0010975970066853598,0.002231561049761836,line,_389-3584754-3,,1000000.0,7621.02355330306,58.08,abc
186,187,_403-1545214_sn,_403-1545214_ln,1.7217630853994492e-05,0.0,0.0,1.7217630853994492e-05,0.0,1.7217630853994492e-05,1.7217630853994492e-05,0.0,0.0,1.7217630853994492e-05,0.0,1.7217630853994492e-05,switch,_403-1545214-0,CLOSED,1000000.0,7621.02355330306,58.08,abc
187,188,_403-1545214_ln,_409-1487587_n,0.0005931370014280472,2.4180043969119326e-05,2.4208619056254795e-05,0.0005930798645461195,2.4180043969119326e-05,0.0005931370014280472,0.0004164810337635058,0.00020484688780924692,0.00020831833948387025,0.00041653988598452707,0.00020484688780924692,0.0004164810337635058,line,_389-3584755-1,,1000000.0,7621.02355330306,58.08,abc
188,189,_409-1487587_n,_403-1545213_sn,0.00025879622004300676,1.0550183118934787e-05,1.0562650937533621e-05,0.0002587712902054948,1.0550183118934787e-05,0.00025879622004300676,0.0001817180803053884,8.93783394476664e-05,9.0892995537729e-05,0.00018174375857584672,8.93783394476664e-05,0.0001817180803053884,line,_389-3584755-2,,1000000.0,7621.02355330306,58.08,abc
189,190,_403-1545213_sn,_403-1545213_ln,0.0,0.0,0.0,0.0,0.0,1.7217630853994492e-05,0.0,0.0,0.0,0.0,0.0,1.7217630853994492e-05,switch,_403-1545213-0,CLOSED,1000000.0,7621.02355330306,58.08,c
190,191,_403-1545213_ln,_409-23083_n,0.0,0.0,0.0,0.0,0.0,0.002475019341393957,0.0,0.0,0.0,0.0,0.0,0.0017378760917067344,line,_389-3584715-6,,1000000.0,7621.02355330306,58.08,c
191,192,_409-23083_n,_403-1545212_sn,0.0,0.0,0.0,0.0,0.0,0.00019447114800919584,0.0,0.0,0.0,0.0,0.0,0.0001365511586109855,line,_389-3584715-1,,1000000.0,7621.02355330306,58.08,c
192,193,_403-1545212_sn,_403-1545212_ln,0.0,0.0,0.0,0.0,0.0,1.7217630853994492e-05,0.0,0.0,0.0,0.0,0.0,1.7217630853994492e-05,switch,_403-1545212-0,CLOSED,1000000.0,7621.02355330306,58.08,c
193,194,_403-1545212_ln,_409-1033379_n,0.0,0.0,0.0,0.0,0.0,0.0029858800878950374,0.0,0.0,0.0,0.0,0.0,0.002096585481442516,line,_389-150183-27,,1000000.0,7621.02355330306,58.08,c
194,195,_409-1033379_n,_409-1033379_n_sec,0.0,0.0,0.0,0.0,0.0,0.0,0.40800038046035486,0.0,0.0,0.40800038046035486,0.0,0.40800038046035486,transformer,____sc9539_tnk,,1000000.0,119.99994404998696,0.014399986572000001,c
195,196,_409-1033379_n_sec,_406-92179_n,7.769150913830448,2.238068063456802,0.0,7.769150913830448,0.0,0.0,3.1614393404727408,2.4180573416440265,0.0,3.1614393404727408,0.0,0.0,line,_389-3146629-2,,1000000.0,119.99994404998696,0.014399986572000001,ab
195,197,_409-1033379_n_sec,_406-1797411_n,8.105083419448622,2.334840519113784,0.0,8.105083419448622,0.0,0.0,3.2981377069717452,2.5226124044194003,0.0,3.2981377069717452,0.0,0.0,line,_389-2841670-6,,1000000.0,119.99994404998696,0.014399986572000001,ab
195,198,_409-1033379_n_sec,_406-1797412_n,6.855300623123386,1.9748141798475563,0.0,6.855300623123386,0.0,0.0,2.789573445166127,2.1336321285008486,0.0,2.789573445166127,0.0,0.0,line,_389-2841668-4,,1000000.0,119.99994404998696,0.014399986572000001,ab
194,199,_409-1033379_n,_409-1374934_n,0.0,0.0,0.0,0.0,0.0,0.0020097845180796505,0.0,0.0,0.0,0.0,0.0,0.0014112037045681462,line,_389-150183-24,,1000000.0,7621.02355330306,58.08,c
199,200,_409-1374934_n,_409-23023_n,0.0,0.0,0.0,0.0,0.0,0.006573124802710819,0.0,0.0,0.0,0.0,0.0,0.00461542916105131,line,_389-150183-25,,1000000.0,7621.02355330306,58.08,c
200,201,_409-23023_n,_500-15228_n,0.0,0.0,0.0,0.0,0.0,0.006086198966733948,0.0,0.0,0.0,0.0,0.0,0.004273526067759958,line,_389-150183-17,,1000000.0,7621.02355330306,58.08,c
201,202,_500-15228_n,_402-126809_sn,0.0,0.0,0.0,0.0,0.0,5.553742678533317e-05,0.0,0.0,0.0,0.0,0.0,0.00030206590180410775,line,_394-247275-0,,1000000.0,7621.02355330306,58.08,c
202,203,_402-126809_sn,_402-126809_ln,0.0,0.0,0.0,0.0,0.0,1.7217630853994492e-05,0.0,0.0,0.0,0.0,0.0,1.7217630853994492e-05,switch,_402-126809-0,CLOSED,1000000.0,7621.02355330306,58.08,c
203,204,_402-126809_ln,_500-15229_n,0.0,0.0,0.0,0.0,0.0,2.7768713392666585e-05,0.0,0.0,0.0,0.0,0.0,0.00015103295090205388,line,_394-247276-0,,1000000.0,7621.02355330306,58.08,c
204,205,_500-15229_n,_395-219035_sn,0.0,0.0,0.0,0.0,0.0,0.010202449042258277,0.0,0.0,0.0,0.0,0.0,0.0050901389622744556,line,_411-199169-1,,1000000.0,7621.02355330306,58.08,c
205,206,_395-219035_sn,_391-33215_n,0.0,0.0,0.0,0.0,0.0,1.7217630853994492e-05,0.0,0.0,0.0,0.0,0.0,1.7217630853994492e-05,switch,_395-219035-0_c,CLOSED,1000000.0,7621.02355330306,58.08,c
206,207,_391-33215_n,_391-33215_ln,0.0,0.0,0.0,0.0,0.0,0.0,0.40800038046035486,0.0,0.0,0.40800038046035486,0.0,0.40800038046035486,transformer,____ava21975_tnk,,1000000.0,119.99994404998696,0.014399986572000001,c
207,208,_391-33215_ln,_406-2739476_n,19.17662167664416,5.524231028012101,0.0,19.17662167664416,0.0,0.0,7.803391497773683,5.968499176736593,0.0,7.803391497773683,0.0,0.0,line,_389-3879074-1,,1000000.0,119.99994404998696,0.014399986572000001,ab
207,209,_391-33215_ln,_406-92234_n,4.7827678765977115,1.3777773347773647,0.0,4.7827678765977115,0.0,0.0,1.9462140315112513,1.4885805547680337,0.0,1.9462140315112513,0.0,0.0,line,_389-152671-0,,1000000.0,119.99994404998696,0.014399986572000001,ab
200,210,_409-23023_n,_409-23023_n_sec,0.0,0.0,0.0,0.0,0.0,0.0,0.40800038046035486,0.0,0.0,0.40800038046035486,0.0,0.40800038046035486,transformer,____ave09389_tnk,,1000000.0,119.99994404998696,0.014399986572000001,c
210,211,_409-23023_n_sec,_406-92185_n,11.709240640741896,3.3730941535352987,0.0,11.709240640741896,0.0,0.0,4.764748995003439,3.6443641796195974,0.0,4.764748995003439,0.0,0.0,line,_389-152685-1,,1000000.0,119.99994404998696,0.014399986572000001,ab
210,212,_409-23023_n_sec,_406-1855059_n,8.281590329180204,2.3856870636115204,0.0,8.281590329180204,0.0,0.0,3.3699622724203744,2.5775481153691726,0.0,3.3699622724203744,0.0,0.0,line,_389-2933041-2,,1000000.0,119.99994404998696,0.014399986572000001,ab
210,213,_409-23023_n_sec,_406-92187_n,18.854923599230144,5.431559100137195,0.0,18.854923599230144,0.0,0.0,7.67248543493989,5.868374413231362,0.0,7.67248543493989,0.0,0.0,line,_389-152687-1,,1000000.0,119.99994404998696,0.014399986572000001,ab
210,214,_409-23023_n_sec,_406-92194_n,9.770511519335324,2.8146022696166164,0.0,9.770511519335324,0.0,0.0,3.975837235801556,3.040957419026126,0.0,3.975837235801556,0.0,0.0,line,_389-152694-1,,1000000.0,119.99994404998696,0.014399986572000001,ab
210,215,_409-23023_n_sec,_406-92191_n,13.0273486924471,3.752803026155489,0.0,13.0273486924471,0.0,0.0,5.3011163144020745,4.0546098920348355,0.0,5.3011163144020745,0.0,0.0,line,_389-152691-1,,1000000.0,119.99994404998696,0.014399986572000001,ab
210,216,_409-23023_n_sec,_406-92184_n,9.275153417830563,2.6719039028003895,0.0,9.275153417830563,0.0,0.0,3.7742650682521766,2.8867830044251512,0.0,3.7742650682521766,0.0,0.0,line,_389-1258251-1,,1000000.0,119.99994404998696,0.014399986572000001,ab
210,217,_409-23023_n_sec,_500-2970209_n,18.05210184851553,5.200289333228137,0.0,18.05210184851553,0.0,0.0,7.345799508221931,5.618505534395299,0.0,7.345799508221931,0.0,0.0,line,_389-152690-4,,1000000.0,119.99994404998696,0.014399986572000001,ab
217,218,_500-2970209_n,_406-92189_n,1.839088123977453,0.5297881894441533,0.0,1.839088123977453,0.0,0.0,0.7483656335453978,0.5723946657024701,0.0,0.7483656335453978,0.0,0.0,line,_389-3133617-0,,1000000.0,119.99994404998696,0.014399986572000001,ab
217,219,_500-2970209_n,_406-92190_n,0.7601184661021363,0.21896818356283118,0.0,0.7601184661021363,0.0,0.0,0.30930901572232383,0.23657798102563396,0.0,0.30930901572232383,0.0,0.0,line,_389-152690-5,,1000000.0,119.99994404998696,0.014399986572000001,ab
210,220,_409-23023_n_sec,_406-769000_n,3.729420189489882,1.0743382789037785,0.0,3.729420189489882,0.0,0.0,1.517583560285559,1.160738408777455,0.0,1.517583560285559,0.0,0.0,line,_389-1294454-2,,1000000.0,119.99994404998696,0.014399986572000001,ab
210,221,_409-23023_n_sec,_406-92188_n,15.370335574851811,4.427749899085114,0.0,15.370335574851811,0.0,0.0,6.254529497695979,4.783837151900365,0.0,6.254529497695979,0.0,0.0,line,_389-152688-1,,1000000.0,119.99994404998696,0.014399986572000001,ab
210,222,_409-23023_n_sec,_406-92186_n,13.790314044190067,3.9725913152747347,0.0,13.790314044190067,0.0,0.0,5.61158379085744,4.292073932914497,0.0,5.61158379085744,0.0,0.0,line,_389-152686-1,,1000000.0,119.99994404998696,0.014399986572000001,ab
210,223,_409-23023_n_sec,_406-92192_n,8.281590329180204,2.3856870636115204,0.0,8.281590329180204,0.0,0.0,3.3699622724203744,2.5775481153691726,0.0,3.3699622724203744,0.0,0.0,line,_389-152692-1,,1000000.0,119.99994404998696,0.014399986572000001,ab
210,224,_409-23023_n_sec,_406-92193_n,10.391132589036696,2.993385280915108,0.0,10.391132589036696,0.0,0.0,4.228381675604802,3.2341184672043592,0.0,4.228381675604802,0.0,0.0,line,_389-152693-1,,1000000.0,119.99994404998696,0.014399986572000001,ab
199,225,_409-1374934_n,_409-1374934_n_sec,0.0,0.0,0.0,0.0,0.0,0.0,0.40800038046035486,0.0,0.0,0.40800038046035486,0.0,0.40800038046035486,transformer,____ave06289_tnk,,1000000.0,119.99994404998696,0.014399986572000001,c
225,226,_409-1374934_n_sec,_406-92182_n,10.021037455728539,2.8867715585811453,0.0,10.021037455728539,0.0,0.0,4.077781780309288,3.1189306861806427,0.0,4.077781780309288,0.0,0.0,line,_389-3332252-0,,1000000.0,119.99994404998696,0.014399986572000001,ab
225,227,_409-1374934_n_sec,_406-92200_n,6.755659625694268,1.946110485373028,0.0,6.755659625694268,0.0,0.0,2.7490273195096426,2.1026200336098477,0.0,2.7490273195096426,0.0,0.0,line,_389-3332251-0,,1000000.0,119.99994404998696,0.014399986572000001,ab
225,228,_409-1374934_n_sec,_406-92180_n,8.429628382503468,2.428332552545106,0.0,8.429628382503468,0.0,0.0,3.43020223053858,2.6236232277786597,0.0,3.43020223053858,0.0,0.0,line,_389-3332254-0,,1000000.0,119.99994404998696,0.014399986572000001,ab
225,229,_409-1374934_n_sec,_406-92181_n,10.265869620840087,2.957300636432844,0.0,10.265869620840087,0.0,0.0,4.177409403350936,3.1951318336271015,0.0,4.177409403350936,0.0,0.0,line,_389-3332253-0,,1000000.0,119.99994404998696,0.014399986572000001,ab
191,230,_409-23083_n,_409-23083_n_sec,0.0,0.0,0.0,0.0,0.0,0.0,0.40800038046035486,0.0,0.0,0.40800038046035486,0.0,0.40800038046035486,transformer,____ave09416_tnk,,1000000.0,119.99994404998696,0.014399986572000001,c
230,231,_409-23083_n_sec,_406-92381_n,4.150759264333014,1.1957139012532132,0.0,4.150759264333014,0.0,0.0,1.689035748775836,1.2918752671736866,0.0,1.689035748775836,0.0,0.0,line,_389-153126-1,,1000000.0,119.99994404998696,0.014399986572000001,ab
230,232,_409-23083_n_sec,_500-2984550_n,7.404749551803958,2.1330945522356703,0.0,7.404749551803958,0.0,0.0,3.013156366643312,2.304641680328367,0.0,3.013156366643312,0.0,0.0,line,_389-3146597-10,,1000000.0,119.99994404998696,0.014399986572000001,ab
232,233,_500-2984550_n,_500-2984552_n,7.5072374348739075,2.162618352266614,0.0,7.5072374348739075,0.0,0.0,3.0548609530328386,2.336539835073396,0.0,3.0548609530328386,0.0,0.0,line,_389-3146603-2,,1000000.0,119.99994404998696,0.014399986572000001,ab
233,234,_500-2984552_n,_406-2259716_n,2.189255057799786,0.6306611728832104,0.0,2.189255057799786,0.0,0.0,0.8908563037096144,0.681380027747987,0.0,0.8908563037096144,0.0,0.0,line,_389-3308513-1,,1000000.0,119.99994404998696,0.014399986572000001,ab
233,235,_500-2984552_n,_406-91618_n,2.4995655926504705,0.7200526785324561,0.0,2.4995655926504705,0.0,0.0,1.0171285236112373,0.7779605518371033,0.0,1.0171285236112373,0.0,0.0,line,_389-3335735-0,,1000000.0,119.99994404998696,0.014399986572000001,ab
232,236,_500-2984550_n,_500-2984511_n,1.3351893655501943,0.384629505958681,0.0,1.3351893655501943,0.0,0.0,0.543318083796891,0.41556207153940944,0.0,0.543318083796891,0.0,0.0,line,_389-3146597-7,,1000000.0,119.99994404998696,0.014399986572000001,ab
236,237,_500-2984511_n,_406-1965846_n,2.624828560847077,0.7561373230147205,0.0,2.624828560847077,0.0,0.0,1.0681007958651034,0.8169471854143615,0.0,1.0681007958651034,0.0,0.0,line,_389-3146599-1,,1000000.0,119.99994404998696,0.014399986572000001,ab
232,238,_500-2984550_n,_406-92360_n,1.5060025040001126,0.4338358393435869,0.0,1.5060025040001126,0.0,0.0,0.6128257277794356,0.468725662781125,0.0,0.6128257277794356,0.0,0.0,line,_389-3146600-1,,1000000.0,119.99994404998696,0.014399986572000001,ab
230,239,_409-23083_n_sec,_406-92247_n,5.568508313467335,1.6041264683479317,0.0,5.568508313467335,0.0,0.0,2.265949193830957,1.7331330744799252,0.0,2.265949193830957,0.0,0.0,line,_389-151696-1,,1000000.0,119.99994404998696,0.014399986572000001,ab
188,240,_409-1487587_n,_409-1487587_n_sec,0.0,0.0,0.0,0.0,0.0,0.0,0.40800038046035486,0.0,0.0,0.40800038046035486,0.0,0.40800038046035486,transformer,ave09929_ave11385_ave09917_tnk,,1000000.0,119.99994404998696,0.014399986572000001,abc
240,241,_409-1487587_n_sec,_406-92309_n,6.517216656791199,1.6073597017406478,1.5447133303753857,6.562562123123793,1.607359701740648,6.5172166567911995,1.914116709688186,0.7979488224011246,0.6083598038322181,1.7891877594968304,0.7979488224011245,1.9141167096881857,line,_389-3584759-0,,1000000.0,119.99994404998696,0.014399986572000001,abc
240,242,_409-1487587_n_sec,_406-92694_n,11.415667986151723,2.815478701367189,2.705746247513935,11.495095879313862,2.8154787013671894,11.415667986151725,3.352799514770768,1.3977007833520347,1.0656134209428503,3.133971832288109,1.3977007833520345,3.3527995147707674,line,_389-3584756-0,,1000000.0,119.99994404998696,0.014399986572000001,abc
240,243,_409-1487587_n_sec,_406-92307_n,12.177274589856085,3.0033159067021242,2.8862625530472386,12.262001586673305,3.0033159067021247,12.177274589856088,3.5764845636390294,1.4909496539301739,1.1367067830983184,3.3430575946096446,1.4909496539301736,3.576484563639029,line,_389-3584757-0,,1000000.0,119.99994404998696,0.014399986572000001,abc
240,244,_409-1487587_n_sec,_406-2711374_n,5.811817182511514,1.4333850207846743,1.3775192614128062,5.852254622949549,1.4333850207846746,5.811817182511515,1.7069397825076191,0.7115817872900069,0.5425131842712492,1.59553268074146,0.7115817872900068,1.706939782507619,line,_389-3833875-1,,1000000.0,119.99994404998696,0.014399986572000001,abc
240,245,_409-1487587_n_sec,_500-3458842_n,10.862027761318663,2.678932836234413,2.5745222172923095,10.937603538539653,2.6789328362344134,10.862027761318664,3.1901945161469767,1.3299147040018746,1.0139330063870302,2.981979599161384,1.3299147040018742,3.1901945161469762,line,_389-3584761-0,,1000000.0,119.99994404998696,0.014399986572000001,abc
240,246,_409-1487587_n_sec,_406-2030483_n,13.470038566623638,3.3221539674182514,3.1926739941738784,13.563760351932876,3.322153967418252,13.47003856662364,3.956171362456005,1.6492318696716648,1.2573818627718072,3.6979633166314394,1.6492318696716646,3.956171362456004,line,_389-3584758-0,,1000000.0,119.99994404998696,0.014399986572000001,abc
240,247,_409-1487587_n_sec,_406-92310_n,7.801549564145048,1.9241183837999303,1.8491264360164168,7.855831157305585,1.9241183837999307,7.801549564145049,2.291327290252007,0.9551987628225624,0.7282478721165317,2.1417788789837005,0.9551987628225623,2.2913272902520068,line,_389-3584760-0,,1000000.0,119.99994404998696,0.014399986572000001,abc
185,248,_409-23044_n,_409-23044_n_sec,0.0,0.0,0.0,0.0,0.0,0.0,0.40800038046035486,0.0,0.0,0.40800038046035486,0.0,0.40800038046035486,transformer,ave08775_____tnk,,1000000.0,119.99994404998696,0.014399986572000001,a
248,249,_409-23044_n_sec,_500-3458844_n,4.999131185300941,1.4401053570649123,0.0,4.999131185300941,0.0,0.0,2.0342570472224746,1.5559211036742067,0.0,2.0342570472224746,0.0,0.0,line,_389-3584765-0,,1000000.0,119.99994404998696,0.014399986572000001,ab
249,250,_500-3458844_n,_406-92304_n,5.241116464771658,1.5098143293601956,0.0,5.241116464771658,0.0,0.0,2.1327262095310795,1.631236191266637,0.0,2.1327262095310795,0.0,0.0,line,_389-3584766-0,,1000000.0,119.99994404998696,0.014399986572000001,ab
248,251,_409-23044_n_sec,_500-3243138_n,0.4611954738147793,0.13285710013924587,0.0,0.4611954738147793,0.0,0.0,0.18767063875287066,0.1435416963526318,0.0,0.18767063875287066,0.0,0.0,line,_389-3370581-0,,1000000.0,119.99994404998696,0.014399986572000001,ab
248,252,_409-23044_n_sec,_500-3458843_n,6.539296316991037,1.8837824630854803,0.0,6.539296316991037,0.0,0.0,2.660984303798419,2.0352794847036746,0.0,2.660984303798419,0.0,0.0,line,_389-3584762-0,,1000000.0,119.99994404998696,0.014399986572000001,ab
252,253,_500-3458843_n,_406-92306_n,7.883026339463727,2.2708722857134065,0.0,7.883026339463727,0.0,0.0,3.2077777697944367,2.45349973580517,0.0,3.2077777697944367,0.0,0.0,line,_389-3584764-0,,1000000.0,119.99994404998696,0.014399986572000001,ab
252,254,_500-3458843_n,_406-92313_n,9.366253758337185,2.6981472806056725,0.0,9.366253758337185,0.0,0.0,3.8113358117095335,2.9151369197540666,0.0,3.8113358117095335,0.0,0.0,line,_389-3584763-0,,1000000.0,119.99994404998696,0.014399986572000001,ab
248,255,_409-23044_n_sec,_500-3458845_n,1.7878441824424778,0.5150262894286816,0.0,1.7878441824424778,0.0,0.0,0.7275133403506343,0.5564455883299555,0.0,0.7275133403506343,0.0,0.0,line,_389-3584767-0,,1000000.0,119.99994404998696,0.014399986572000001,ab
255,256,_500-3458845_n,_406-2525652_n,2.8269574413461473,0.8143648175201924,0.0,2.8269574413461473,0.0,0.0,1.1503515079111144,0.8798574350503915,0.0,1.1503515079111144,0.0,0.0,line,_389-3616597-1,,1000000.0,119.99994404998696,0.014399986572000001,ab
248,257,_409-23044_n_sec,_406-92312_n,10.687208695683218,3.078676258782278,0.0,10.687208695683218,0.0,0.0,4.348861591841213,3.3262686920233326,0.0,4.348861591841213,0.0,0.0,line,_389-152977-1,,1000000.0,119.99994404998696,0.014399986572000001,ab
123,258,_500-15223_n,_402-36570_sn,0.000436812117066809,1.780724549554311e-05,1.7828289443698362e-05,0.00043677003895956345,1.780724549554311e-05,0.000436812117066809,0.00030671491011082896,0.00015085823768045425,0.00015341476703477957,0.0003067582514690591,0.00015085823768045425,0.00030671491011082896,line,_389-150157-0,,1000000.0,7621.02355330306,58.08,abc
258,259,_402-36570_sn,_402-36570_ln,1.7217630853994492e-05,0.0,0.0,1.7217630853994492e-05,0.0,1.7217630853994492e-05,1.7217630853994492e-05,0.0,0.0,1.7217630853994492e-05,0.0,1.7217630853994492e-05,switch,_402-36570-0,CLOSED,1000000.0,7621.02355330306,58.08,abc
259,260,_402-36570_ln,_409-23060_n,0.0022984993762779184,9.370148186267804e-05,9.381221482959772e-05,0.002298277961854004,9.370148186267804e-05,0.0022984993762779184,0.0016139296554290709,0.0007938139801233492,0.000807266402564859,0.0016141577170623608,0.0007938139801233492,0.0016139296554290709,line,_389-150144-0,,1000000.0,7621.02355330306,58.08,abc
260,261,_409-23060_n,_409-22703_n,0.00252513306030402,0.0001029405150564273,0.0001030621663731604,0.0025248898142593945,0.0001029405150564273,0.00252513306030402,0.001773064274887258,0.0008720846068650919,0.0008868634477900958,0.0017733148235608627,0.0008720846068650919,0.001773064274887258,line,_389-150144-1,,1000000.0,7621.02355330306,58.08,abc
261,262,_409-22703_n,_409-22703_n_sec,0.0,0.0,0.0,0.0,0.0,0.0,0.40800038046035486,0.0,0.0,0.40800038046035486,0.0,0.40800038046035486,transformer,avc10039_avc10021_ava25514_tnk,,1000000.0,119.99994404998696,0.014399986572000001,abc
262,263,_409-22703_n_sec,_500-3492705_n,1.8998009745540534,0.46855332400891664,0.45029159609045305,1.913019402859717,0.4685533240089168,1.8998009745540536,0.5579745130440765,0.23260603878532135,0.1773398996940834,0.5215571045363765,0.23260603878532132,0.5579745130440765,line,_389-3616593-0,,1000000.0,119.99994404998696,0.014399986572000001,abc
263,264,_500-3492705_n,_406-92666_n,1.0398318943565088,0.25645670101079765,0.2464613765583841,1.0470668329261765,0.2564567010107977,1.039831894356509,0.3054002512223497,0.12731395613989482,0.09706473799824092,0.28546764597405233,0.12731395613989482,0.30540025122234965,line,_389-3616594-0,,1000000.0,119.99994404998696,0.014399986572000001,abc
263,265,_500-3492705_n,_406-92667_n,4.61460532576591,1.1381132515127828,1.0937556224563962,4.646712809904815,1.138113251512783,4.614605325765911,1.3553167905597245,0.5649986918424521,0.43075756700840967,1.2668591207821454,0.5649986918424521,1.3553167905597243,line,_389-3616595-0,,1000000.0,119.99994404998696,0.014399986572000001,abc
262,266,_409-22703_n_sec,_406-92670_n,15.4372880964873,3.807342320681922,3.658952274149199,15.544697603414832,3.8073423206819226,15.437288096487302,4.533955621525315,1.8900961110174115,1.44101785357929,4.238037241447214,1.8900961110174113,4.5339556215253145,line,_389-153607-1,,1000000.0,119.99994404998696,0.014399986572000001,abc
261,267,_409-22703_n,_409-1262899_n,0.0008025674685148736,3.271776441218795e-05,3.275642906350744e-05,0.0008024901571979651,3.271776441218795e-05,0.0008025674685148736,0.0005635361276522594,0.00027717617984782095,0.00028187336477451797,0.0005636157599765419,0.00027717617984782095,0.0005635361276522594,line,_389-150144-10,,1000000.0,7621.02355330306,58.08,abc
267,268,_409-1262899_n,_409-1262899_n_sec,0.0,0.0,0.0,0.0,0.0,0.0,0.40800038046035486,0.0,0.0,0.40800038046035486,0.0,0.40800038046035486,transformer,ave01219_ave01218_ave01210_tnk,,1000000.0,119.99994404998696,0.014399986572000001,abc
268,269,_409-1262899_n_sec,_500-2987474_n,8.273689451312329,2.040563588583211,1.9610332232104934,8.331256097661253,2.0405635885832116,8.27368945131233,2.4299955124286416,1.0130061807455417,0.7723205099103275,2.2713966209394862,1.0130061807455415,2.429995512428641,line,_389-3148529-0,,1000000.0,119.99994404998696,0.014399986572000001,abc
269,270,_500-2987474_n,_406-2050947_n,2.054370580471913,0.5066752660510623,0.4869277466599426,2.0686644726190138,0.5066752660510625,2.0543705804719132,0.6033718476852367,0.25153108631963006,0.19176844182895703,0.5639914843433304,0.25153108631963,0.6033718476852367,line,_389-3148530-1,,1000000.0,119.99994404998696,0.014399986572000001,abc
267,271,_409-1262899_n,_403-39761_sn,0.001996321130909783,8.138277093767903e-05,8.147894610484747e-05,0.001996128825313484,8.138277093767903e-05,0.001996321130909783,0.0014017501628181548,0.0006894531444676924,0.00070113700893121,0.0014019482417310253,0.0006894531444676924,0.0014017501628181548,line,_389-150144-7,,1000000.0,7621.02355330306,58.08,abc
271,272,_403-39761_sn,_403-39761_ln,1.7217630853994492e-05,0.0,0.0,1.7217630853994492e-05,0.0,1.7217630853994492e-05,1.7217630853994492e-05,0.0,0.0,1.7217630853994492e-05,0.0,1.7217630853994492e-05,switch,_403-39761-0,CLOSED,1000000.0,7621.02355330306,58.08,abc
272,273,_403-39761_ln,_409-23029_n,0.00351319608538151,0.000143220260432476,0.000143389512871663,0.003512857659234708,0.000143220260432476,0.00351319608538151,0.0024668491999838417,0.001213323873947078,0.001233885549250616,0.002467197786216046,0.001213323873947078,0.0024668491999838417,line,_389-150172-0,,1000000.0,7621.02355330306,58.08,abc
273,274,_409-23029_n,_409-23066_n,0.009242615292113973,0.0003767878982678531,0.0003772331723557888,0.00924172495106734,0.0003767878982678531,0.009242615292113973,0.006489856411369029,0.0031920466490023515,0.0032461408839876225,0.006490773481854732,0.0031920466490023515,0.006489856411369029,line,_389-150172-12,,1000000.0,7621.02355330306,58.08,abc
274,275,_409-23066_n,_409-23100_n,0.003893910755907206,0.00015874061652362576,0.00015892821034913302,0.0038935356555196707,0.00015874061652362576,0.003893910755907206,0.0027341743528030405,0.0013448081941172002,0.0013675980773682579,0.002734560714294387,0.0013448081941172002,0.0027341743528030405,line,_389-150172-2,,1000000.0,7621.02355330306,58.08,abc
275,276,_409-23100_n,_500-15224_n,0.00019596707991695886,7.988866986014204e-06,7.998307935357828e-06,0.00019594820240994115,7.988866986014204e-06,0.00019596707991695886,0.0001376015521387623,6.76795518360942e-05,6.882648795053468e-05,0.00013762099637824228,6.76795518360942e-05,0.0001376015521387623,line,_389-150172-3,,1000000.0,7621.02355330306,58.08,abc
275,277,_409-23100_n,_409-23100_n_sec,0.0,0.0,0.0,0.0,0.0,0.0,0.40800038046035486,0.0,0.0,0.40800038046035486,0.0,0.40800038046035486,transformer,ave01431_ave01404_ave01433_tnk,,1000000.0,119.99994404998696,0.014399986572000001,abc
277,278,_409-23100_n_sec,_406-2306747_n,0.8796415754961816,0.21694850653075584,0.20849300233182222,0.8857619424483603,0.21694850653075587,0.8796415754961818,0.2583521044124201,0.107700725058884,0.08211152160391733,0.2414901978104821,0.10770072505888399,0.25835210441242007,line,_389-3362294-0,,1000000.0,119.99994404998696,0.014399986572000001,abc
277,279,_409-23100_n_sec,_406-92765_n,9.35286633626611,2.3067240566592826,2.2168201653683846,9.41794167561707,2.3067240566592826,9.352866336266112,2.7469514488323776,1.1451374217123516,0.8730579677247182,2.567665745409854,1.1451374217123513,2.746951448832377,line,_389-153734-0,,1000000.0,119.99994404998696,0.014399986572000001,abc
274,280,_409-23066_n,_409-23066_n_sec,0.0,0.0,0.0,0.0,0.0,0.0,0.40800038046035486,0.0,0.0,0.40800038046035486,0.0,0.40800038046035486,transformer,____ave01090_tnk,,1000000.0,119.99994404998696,0.014399986572000001,c
280,281,_409-23066_n_sec,_406-92212_n,24.87323984394893,7.165262246398712,0.0,24.87323984394893,0.0,0.0,10.12147142459155,7.741504944647805,0.0,10.12147142459155,0.0,0.0,line,_389-152712-0,,1000000.0,119.99994404998696,0.014399986572000001,ab
280,282,_409-23066_n_sec,_500-3983517_n,12.86792309656051,3.706877114996243,0.0,12.86792309656051,0.0,0.0,5.2362425133517,4.004990540209234,0.0,5.2362425133517,0.0,0.0,line,_389-4081222-0,,1000000.0,119.99994404998696,0.014399986572000001,ab
282,283,_500-3983517_n,_406-2891192_n,4.629036051992785,1.3334916347309496,0.0,4.629036051992785,0.0,0.0,1.883657151926961,1.44073332265049,0.0,1.883657151926961,0.0,0.0,line,_389-4081223-0,,1000000.0,119.99994404998696,0.014399986572000001,ab
282,284,_500-3983517_n,_406-92196_n,15.746124479441633,4.536003832531908,0.0,15.746124479441633,0.0,0.0,6.407446314457578,4.90079705263214,0.0,6.407446314457578,0.0,0.0,line,_389-152696-4,,1000000.0,119.99994404998696,0.014399986572000001,ab
280,285,_409-23066_n_sec,_406-92201_n,10.29718536288924,2.9663217975534097,0.0,10.29718536288924,0.0,0.0,4.190152471414402,3.2048784920214155,0.0,4.190152471414402,0.0,0.0,line,_389-152701-1,,1000000.0,119.99994404998696,0.014399986572000001,ab
280,286,_409-23066_n_sec,_406-92203_n,15.888468761483232,4.5770091103526624,0.0,15.888468761483232,0.0,0.0,6.465369351109699,4.94510004533357,0.0,6.465369351109699,0.0,0.0,line,_389-152703-1,,1000000.0,119.99994404998696,0.014399986572000001,ab
280,287,_409-23066_n_sec,_406-92230_n,9.147043563993124,2.63499915276171,0.0,9.147043563993124,0.0,0.0,3.7221343352652685,2.8469103109938647,0.0,3.7221343352652685,0.0,0.0,line,_389-152667-0,,1000000.0,119.99994404998696,0.014399986572000001,ab
280,288,_409-23066_n_sec,_406-2306746_n,0.8369843784045995,0.24111103358603883,0.0,0.8369843784045995,0.0,0.0,0.34058745551446895,0.2605015970844059,0.0,0.34058745551446895,0.0,0.0,line,_389-3362293-0,,1000000.0,119.99994404998696,0.014399986572000001,ab
280,289,_409-23066_n_sec,_500-3220070_n,20.773724521150896,5.984310245160971,0.0,20.773724521150896,0.0,0.0,8.453287969010477,6.465578754846633,0.0,8.453287969010477,0.0,0.0,line,_389-152670-2,,1000000.0,119.99994404998696,0.014399986572000001,ab
289,290,_500-3220070_n,_406-92204_n,3.219827659780959,0.9275393843054759,0.0,3.219827659780959,0.0,0.0,1.3102190890709673,1.002133694906337,0.0,1.3102190890709673,0.0,0.0,line,_389-3350181-0,,1000000.0,119.99994404998696,0.014399986572000001,ab
289,291,_500-3220070_n,_406-92233_n,2.972148609028578,0.8561902008973624,0.0,2.972148609028578,0.0,0.0,1.2094330052962776,0.9250464876058497,0.0,1.2094330052962776,0.0,0.0,line,_389-3350180-0,,1000000.0,119.99994404998696,0.014399986572000001,ab
280,292,_409-23066_n_sec,_500-3087972_n,19.336047272530752,5.570156939171347,0.0,19.336047272530752,0.0,0.0,7.86826529882406,6.018118528562194,0.0,7.86826529882406,0.0,0.0,line,_389-3231742-1,,1000000.0,119.99994404998696,0.014399986572000001,ab
292,293,_500-3087972_n,_406-2102383_n,9.861611859841949,2.8408456474218995,0.0,9.861611859841949,0.0,0.0,4.012907979258913,3.0693113343550413,0.0,4.012907979258913,0.0,0.0,line,_389-3231742-2,,1000000.0,119.99994404998696,0.014399986572000001,ab
292,294,_500-3087972_n,_406-2101886_n,0.8967689768620709,0.2583332502707559,0.0,0.8967689768620709,0.0,0.0,0.36491513090835964,0.2791088540190063,0.0,0.36491513090835964,0.0,0.0,line,_389-3231743-0,,1000000.0,119.99994404998696,0.014399986572000001,ab
280,295,_409-23066_n_sec,_406-92231_n,9.887233830609436,2.8482265974296355,0.0,9.887233830609436,0.0,0.0,4.023334125856295,3.0772858730412986,0.0,4.023334125856295,0.0,0.0,line,_389-152668-0,,1000000.0,119.99994404998696,0.014399986572000001,ab
280,296,_409-23066_n_sec,_406-2360853_n,2.288896055228905,0.6593648673577389,0.0,2.288896055228905,0.0,0.0,0.9314024293660988,0.7123921226389877,0.0,0.9314024293660988,0.0,0.0,line,_389-3422127-1,,1000000.0,119.99994404998696,0.014399986572000001,ab
280,297,_409-23066_n_sec,_406-92232_n,9.653789208061214,2.780977941803598,0.0,9.653789208061214,0.0,0.0,3.928340345746818,3.004628965010954,0.0,3.928340345746818,0.0,0.0,line,_389-152669-0,,1000000.0,119.99994404998696,0.014399986572000001,ab
280,298,_409-23066_n_sec,_406-92205_n,18.27985269978209,5.265897777741345,0.0,18.27985269978209,0.0,0.0,7.438476366865324,5.689390322717586,0.0,7.438476366865324,0.0,0.0,line,_389-152705-0,,1000000.0,119.99994404998696,0.014399986572000001,ab
280,299,_409-23066_n_sec,_406-92202_n,12.438043364794883,3.5830411759775633,0.0,12.438043364794883,0.0,0.0,5.061314942662295,3.8711955022509166,0.0,5.061314942662295,0.0,0.0,line,_389-152702-1,,1000000.0,119.99994404998696,0.014399986572000001,ab
273,300,_409-23029_n,_409-23029_n_sec,0.0,0.0,0.0,0.0,0.0,0.0,0.40800038046035486,0.0,0.0,0.40800038046035486,0.0,0.40800038046035486,transformer,ave09259_ave06159_ave09568_tnk,,1000000.0,119.99994404998696,0.014399986572000001,abc
300,301,_409-23029_n_sec,_500-3235504_n,7.098960446336597,1.7508368290629048,1.6825984788823733,7.1483535674906,1.750836829062905,7.098960446336598,2.084975769155825,0.8691758194847956,0.6626635896852879,1.948895334406638,0.8691758194847955,2.084975769155825,line,_389-153614-1,,1000000.0,119.99994404998696,0.014399986572000001,abc
300,302,_409-23029_n_sec,_500-2251096_n,13.388538228957856,3.3020533070687557,3.1733567511463288,13.481692951514336,3.302053307068756,13.388538228957858,3.9322345860088475,1.6392532082444837,1.249774086009783,3.6755888254605,1.6392532082444835,3.932234586008847,line,_389-153610-2,,1000000.0,119.99994404998696,0.014399986572000001,abc
300,303,_409-23029_n_sec,_406-92672_n,10.541647123598011,2.5999164472743295,2.4985854688391855,10.614993757584024,2.59991644727433,10.541647123598013,3.0960982225271176,1.2906882418398529,0.984026573598383,2.894024702834244,1.2906882418398526,3.096098222527117,line,_389-153609-1,,1000000.0,119.99994404998696,0.014399986572000001,abc
300,304,_409-23029_n_sec,_406-92671_n,6.385129902643209,1.5747827694500867,1.5134060744341853,6.429556336238575,1.5747827694500869,6.38512990264321,1.8753226237221035,0.7817765090536244,0.5960299587351441,1.7529256531163424,0.7817765090536243,1.8753226237221032,line,_389-153608-0,,1000000.0,119.99994404998696,0.014399986572000001,abc
300,305,_409-23029_n_sec,_406-92674_n,14.293473012695145,3.5252399495700453,3.387844759934977,14.39292408719604,3.5252399495700457,14.293473012695147,4.198015345180731,1.7500507592635275,1.334246641781225,3.924022830875757,1.7500507592635273,4.19801534518073,line,_389-153611-1,,1000000.0,119.99994404998696,0.014399986572000001,abc
300,306,_409-23029_n_sec,_500-3347060_n,8.06853342891226,1.9899653746000001,1.9124070597273533,8.124672641435279,1.9899653746000003,8.068533428912263,2.3697408682685563,0.9878874812909139,0.7531698994404044,2.215074625922984,0.9878874812909137,2.369740868268556,line,_389-3471691-1,,1000000.0,119.99994404998696,0.014399986572000001,abc
306,307,_500-3347060_n,_406-92195_n,9.988006898764949,2.4633705821415535,2.3673614386175594,10.057501416809815,2.463370582141554,9.98800689876495,2.9334932239033256,1.2229021624896927,0.9323461590425627,2.7420324697075182,1.2229021624896923,2.9334932239033256,line,_389-3471692-0,,1000000.0,119.99994404998696,0.014399986572000001,abc
306,308,_500-3347060_n,_406-92229_n,7.21137470518595,1.7785618778208294,1.7092429520238206,7.261549981860998,1.7785618778208294,7.211374705185952,2.1179920125312144,0.8829394904188385,0.673157074874287,1.9797567015389683,0.8829394904188382,2.117992012531214,line,_389-3471691-2,,1000000.0,119.99994404998696,0.014399986572000001,abc
300,309,_409-23029_n_sec,_406-92692_n,10.721509937756975,2.644276525287008,2.5412166258655007,10.796108020576659,2.6442765252870086,10.721509937756977,3.1489242119277403,1.3127101153343212,1.0008161499007813,2.943402890245972,1.312710115334321,3.14892421192774,line,_389-153613-1,,1000000.0,119.99994404998696,0.014399986572000001,abc
300,310,_409-23029_n_sec,_406-92691_n,11.637686147379195,2.870235672664089,2.7583690819682936,11.718658797695397,2.8702356726640894,11.637686147379197,3.418006595437162,1.4248840334467692,1.0863380541911234,3.194923032374461,1.424884033446769,3.4180065954371615,line,_389-153612-1,,1000000.0,119.99994404998696,0.014399986572000001,abc
260,311,_409-23060_n,_409-23060_n_sec,0.0,0.0,0.0,0.0,0.0,0.0,0.40800038046035486,0.0,0.0,0.40800038046035486,0.0,0.40800038046035486,transformer,__ava14550___tnk,,1000000.0,119.99994404998696,0.014399986572000001,b
311,312,_409-23060_n_sec,_406-92276_n,13.132683461157884,3.7831469317428477,0.0,13.132683461157884,0.0,0.0,5.343979361524644,4.0873941066338935,0.0,5.343979361524644,0.0,0.0,line,_389-152749-1,,1000000.0,119.99994404998696,0.014399986572000001,ab
311,313,_409-23060_n_sec,_406-92275_n,12.725578814518911,3.6658718371754886,0.0,12.725578814518911,0.0,0.0,5.178319476699579,3.960687547507804,0.0,5.178319476699579,0.0,0.0,line,_389-152748-1,,1000000.0,119.99994404998696,0.014399986572000001,ab
311,314,_409-23060_n_sec,_406-92277_n,13.508472365747703,3.891400865189641,0.0,13.508472365747703,0.0,0.0,5.496896178286243,4.204354007365668,0.0,5.496896178286243,0.0,0.0,line,_389-152750-1,,1000000.0,119.99994404998696,0.014399986572000001,ab
122,315,_500-3137441_n,_402-1616327_sn,5.549016096623535e-05,2.000265932376075e-05,2.000265932376075e-05,5.553742678533317e-05,2.002629773127761e-05,5.553742678533317e-05,0.0003021145866174621,0.00016945719849037325,0.00016945719849037325,0.00030206590180410775,0.00017232891639523185,0.00030206590180410775,line,_394-2659546-1,,1000000.0,7621.02355330306,58.08,abc
315,316,_402-1616327_sn,_402-1616327_ln,1.7217630853994492e-05,0.0,0.0,1.7217630853994492e-05,0.0,1.7217630853994492e-05,1.7217630853994492e-05,0.0,0.0,1.7217630853994492e-05,0.0,1.7217630853994492e-05,switch,_402-1616327-0,CLOSED,1000000.0,7621.02355330306,58.08,abc
316,317,_402-1616327_ln,_500-3137447_n,0.0,0.0,0.0,0.0,0.0,2.7768713392666585e-05,0.0,0.0,0.0,0.0,0.0,0.00015103295090205388,line,_394-2659551-0,,1000000.0,7621.02355330306,58.08,c
317,318,_500-3137447_n,_395-2277694_sn,0.0,0.0,0.0,0.0,0.0,0.004196509276913462,0.0,0.0,0.0,0.0,0.0,0.0020936948851680093,line,_411-2286626-0,,1000000.0,7621.02355330306,58.08,c
318,319,_395-2277694_sn,_391-1850027_n,0.0,0.0,0.0,0.0,0.0,1.7217630853994492e-05,0.0,0.0,0.0,0.0,0.0,1.7217630853994492e-05,switch,_395-2277694-0_c,CLOSED,1000000.0,7621.02355330306,58.08,c
322,319,_395-2277693_sn,_391-1850027_n,0.0,0.0,0.0,1.7217630853994492e-05,0.0,0.0,0.0,0.0,0.0,1.7217630853994492e-05,0.0,0.0,switch,_395-2277693-0_b,CLOSED,1000000.0,7621.02355330306,58.08,b
324,319,_395-2277692_sn,_391-1850027_n,1.7217630853994492e-05,0.0,0.0,0.0,0.0,0.0,1.7217630853994492e-05,0.0,0.0,0.0,0.0,0.0,switch,_395-2277692-0_a,CLOSED,1000000.0,7621.02355330306,58.08,a
319,320,_391-1850027_n,_391-1850027_ln,0.0,0.0,0.0,0.0,0.0,0.0,0.40800038046035486,0.0,0.0,0.40800038046035486,0.0,0.40800038046035486,transformer,ave30240_tnk,,1000000.0,119.99994404998696,0.014399986572000001,abc
320,321,_391-1850027_ln,_406-2232195_n,2.175215908734967,0.5364796934658307,0.5155705552869981,2.1903506180671912,0.5364796934658308,2.1752159087349674,0.6388643093137801,0.266327032573726,0.20304893840713098,0.597167454010585,0.266327032573726,0.63886430931378,line,_389-3275521-1,,1000000.0,119.99994404998696,0.014399986572000001,abc
323,322,_500-3137445_n,_395-2277693_sn,0.0,0.0,0.0,0.004052279310444296,0.0,0.0,0.0,0.0,0.0,0.00202173661624538,0.0,0.0,line,_411-2286625-0,,1000000.0,7621.02355330306,58.08,b
316,323,_402-1616327_ln,_500-3137445_n,0.0,0.0,0.0,2.7768713392666585e-05,0.0,0.0,0.0,0.0,0.0,0.00015103295090205388,0.0,0.0,line,_394-2659549-0,,1000000.0,7621.02355330306,58.08,b
325,324,_500-3137443_n,_395-2277692_sn,0.004143449249731669,0.0,0.0,0.0,0.0,0.0,0.002067547173535185,0.0,0.0,0.0,0.0,0.0,line,_411-2286624-0,,1000000.0,7621.02355330306,58.08,a
316,325,_402-1616327_ln,_500-3137443_n,2.7745080483117674e-05,0.0,0.0,0.0,0.0,0.0,0.00015105729330873105,0.0,0.0,0.0,0.0,0.0,line,_394-2659547-0,,1000000.0,7621.02355330306,58.08,a
121,326,_500-15213_n,_402-36889_sn,0.0,0.0,0.0,0.000879523229137751,0.0,0.0,0.0,0.0,0.0,0.0006177186707664615,0.0,0.0,line,_389-150227-0,,1000000.0,7621.02355330306,58.08,b
326,327,_402-36889_sn,_402-36889_ln,0.0,0.0,0.0,1.7217630853994492e-05,0.0,0.0,0.0,0.0,0.0,1.7217630853994492e-05,0.0,0.0,switch,_402-36889-0,CLOSED,1000000.0,7621.02355330306,58.08,b
327,328,_402-36889_ln,_409-23014_n,0.0,0.0,0.0,0.0022391943435700907,0.0,0.0,0.0,0.0,0.0,0.001572661309757471,0.0,0.0,line,_389-150196-0,,1000000.0,7621.02355330306,58.08,b
328,329,_409-23014_n,_409-23014_n_sec,0.0,0.0,0.0,0.0,0.0,0.0,0.40800038046035486,0.0,0.0,0.40800038046035486,0.0,0.40800038046035486,transformer,__se6671___tnk,,1000000.0,119.99994404998696,0.014399986572000001,b
329,330,_409-23014_n_sec,_500-3097377_n,6.74427208313094,1.9428300631473674,0.0,6.74427208313094,0.0,0.0,2.7443934765774727,2.0990757941937335,0.0,2.7443934765774727,0.0,0.0,line,_389-152739-1,,1000000.0,119.99994404998696,0.014399986572000001,ab
330,331,_500-3097377_n,_406-92266_n,2.5621970767487743,0.7380950007735883,0.0,2.5621970767487743,0.0,0.0,1.0426146597381702,0.7974538686257325,0.0,1.0426146597381702,0.0,0.0,line,_389-3240161-0,,1000000.0,119.99994404998696,0.014399986572000001,ab
330,332,_500-3097377_n,_406-92260_n,6.135038555992898,1.7673274740745364,0.0,6.135038555992898,0.0,0.0,2.496482879706397,1.9094589854316149,0.0,2.496482879706397,0.0,0.0,line,_389-3240162-0,,1000000.0,119.99994404998696,0.014399986572000001,ab
329,333,_409-23014_n_sec,_406-92271_n,8.970536654261542,2.5841526082639743,0.0,8.970536654261542,0.0,0.0,3.650309769816639,2.7919746000440924,0.0,3.650309769816639,0.0,0.0,line,_389-152744-1,,1000000.0,119.99994404998696,0.014399986572000001,ab
329,334,_409-23014_n_sec,_500-4530134_n,12.73981324272307,3.6699723649575637,0.0,12.73981324272307,0.0,0.0,5.184111780364791,3.9651178467779475,0.0,5.184111780364791,0.0,0.0,line,_389-4594214-0,,1000000.0,119.99994404998696,0.014399986572000001,ab
334,335,_500-4530134_n,_406-3408325_n,2.926598438775266,0.8430685119947209,0.0,2.926598438775266,0.0,0.0,1.190897633567599,0.9108695299413921,0.0,1.190897633567599,0.0,0.0,line,_389-4594215-1,,1000000.0,119.99994404998696,0.014399986572000001,ab
329,336,_409-23014_n_sec,_406-92262_n,13.642275990866805,3.92994582634115,0.0,13.642275990866805,0.0,0.0,5.551343832739236,4.245998820505011,0.0,5.551343832739236,0.0,0.0,line,_389-152735-1,,1000000.0,119.99994404998696,0.014399986572000001,ab
329,337,_409-23014_n_sec,_406-92261_n,11.327757964870413,3.2632000089756747,0.0,11.327757964870413,0.0,0.0,4.6095152567757545,3.525632159179766,0.0,4.6095152567757545,0.0,0.0,line,_389-152734-0,,1000000.0,119.99994404998696,0.014399986572000001,ab
329,338,_409-23014_n_sec,_500-3441489_n,10.08366893982684,2.904813880822277,0.0,10.08366893982684,0.0,0.0,4.103267916436221,3.138424002969271,0.0,4.103267916436221,0.0,0.0,line,_389-152736-4,,1000000.0,119.99994404998696,0.014399986572000001,ab
338,339,_500-3441489_n,_406-2292992_n,2.274661627024745,0.6552643395756634,0.0,2.274661627024745,0.0,0.0,0.9256101257008867,0.7079618233688447,0.0,0.9256101257008867,0.0,0.0,line,_389-3567394-0,,1000000.0,119.99994404998696,0.014399986572000001,ab
329,340,_409-23014_n_sec,_406-3360933_n,4.184921892022998,1.2055551679301941,0.0,4.184921892022998,0.0,0.0,1.7029372775723448,1.3025079854220296,0.0,1.7029372775723448,0.0,0.0,line,_389-4595121-0,,1000000.0,119.99994404998696,0.014399986572000001,ab
329,341,_409-23014_n_sec,_406-92267_n,2.4483216511154953,0.7052907785169843,0.0,2.4483216511154953,0.0,0.0,0.9962762304164738,0.7620114744645887,0.0,0.9962762304164738,0.0,0.0,line,_389-152740-0,,1000000.0,119.99994404998696,0.014399986572000001,ab
328,342,_409-23014_n,_500-15212_n,0.0,0.0,0.0,0.00019594820240994115,0.0,0.0,0.0,0.0,0.0,0.00013762099637824228,0.0,0.0,line,_389-150196-1,,1000000.0,7621.02355330306,58.08,b
342,343,_500-15212_n,_402-708672_sn,0.0,0.0,0.0,5.553742678533317e-05,0.0,0.0,0.0,0.0,0.0,0.00030206590180410775,0.0,0.0,line,_394-1294235-1,,1000000.0,7621.02355330306,58.08,b
343,344,_402-708672_sn,_402-708672_ln,0.0,0.0,0.0,1.7217630853994492e-05,0.0,0.0,0.0,0.0,0.0,1.7217630853994492e-05,0.0,0.0,switch,_402-708672-0,CLOSED,1000000.0,7621.02355330306,58.08,b
344,345,_402-708672_ln,_500-1328763_n,0.0,0.0,0.0,2.7768713392666585e-05,0.0,0.0,0.0,0.0,0.0,0.00015103295090205388,0.0,0.0,line,_394-1294236-0,,1000000.0,7621.02355330306,58.08,b
345,346,_500-1328763_n,_395-1100672_sn,0.0,0.0,0.0,0.006726361163516561,0.0,0.0,0.0,0.0,0.0,0.003355871996118972,0.0,0.0,line,_411-1099423-0,,1000000.0,7621.02355330306,58.08,b
346,347,_395-1100672_sn,_391-828099_n,0.0,0.0,0.0,1.7217630853994492e-05,0.0,0.0,0.0,0.0,0.0,1.7217630853994492e-05,0.0,0.0,switch,_395-1100672-0_b,CLOSED,1000000.0,7621.02355330306,58.08,b
347,348,_391-828099_n,_391-828099_ln,0.0,0.0,0.0,0.0,0.0,0.0,0.40800038046035486,0.0,0.0,0.40800038046035486,0.0,0.40800038046035486,transformer,__av01418___tnk,,1000000.0,119.99994404998696,0.014399986572000001,b
348,349,_391-828099_ln,_500-3172147_n,3.353631284900062,0.9660843454569856,0.0,3.353631284900062,0.0,0.0,1.3646667435239606,1.043778508045681,0.0,1.3646667435239606,0.0,0.0,line,_389-1774210-2,,1000000.0,119.99994404998696,0.014399986572000001,ab
349,350,_500-3172147_n,_406-1073029_n,1.972891749096556,0.568333150595663,0.0,1.972891749096556,0.0,0.0,0.8028132879983911,0.614039478841814,0.0,0.8028132879983911,0.0,0.0,line,_389-3305283-0,,1000000.0,119.99994404998696,0.014399986572000001,ab
120,351,_500-15202_n,_402-36899_sn,0.00040764144486542963,1.661806300525855e-05,1.6637701621259603e-05,0.00040760217676877065,1.661806300525855e-05,0.00040764144486542963,0.0002862322363191811,0.00014078380057508144,0.00014316960279786792,0.0002862726833058857,0.00014078380057508144,0.0002862322363191811,line,_389-150226-0,,1000000.0,7621.02355330306,58.08,abc
351,352,_402-36899_sn,_402-36899_ln,1.7217630853994492e-05,0.0,0.0,1.7217630853994492e-05,0.0,1.7217630853994492e-05,1.7217630853994492e-05,0.0,0.0,1.7217630853994492e-05,0.0,1.7217630853994492e-05,switch,_402-36899-0,CLOSED,1000000.0,7621.02355330306,58.08,abc
352,353,_402-36899_ln,_500-15205_n,0.0011908228659207613,0.00014675731604460446,0.00014693074844609625,0.0011904760817937523,0.00014675731604460446,0.0011908228659207613,0.0025336842595065426,0.001243288866363059,0.0012643583454424558,0.0025340414546386695,0.001243288866363059,0.0025336842595065426,line,_389-159694-0,,1000000.0,7621.02355330306,58.08,abc
353,354,_500-15205_n,_409-1258403_n,8.486437627484335e-05,1.0458707542759052e-05,1.0471067258884484e-05,8.48396625919919e-05,1.0458707542759052e-05,8.486437627484335e-05,0.00018056382734484605,8.860338274725309e-05,9.010490598104349e-05,0.00018058928297134082,8.860338274725309e-05,0.00018056382734484605,line,_389-159694-1,,1000000.0,7621.02355330306,58.08,abc
354,355,_409-1258403_n,_409-1258403_n_sec,0.0,0.0,0.0,0.0,0.0,0.0,0.40800038046035486,0.0,0.0,0.40800038046035486,0.0,0.40800038046035486,transformer,____ava16960_tnk,,1000000.0,119.99994404998696,0.014399986572000001,c
355,356,_409-1258403_n_sec,_500-3139959_n,7.168458043614904,2.065025791053217,0.0,7.168458043614904,0.0,0.0,2.917004125800792,2.231098712443994,0.0,2.917004125800792,0.0,0.0,line,_389-3257601-0,,1000000.0,119.99994404998696,0.014399986572000001,ab
355,357,_409-1258403_n_sec,_406-3142761_n,14.405241342609774,4.149734115460396,0.0,14.405241342609774,0.0,0.0,5.861811309194602,4.483462861384673,0.0,5.861811309194602,0.0,0.0,line,_389-3141496-2,,1000000.0,119.99994404998696,0.014399986572000001,ab
355,358,_409-1258403_n_sec,_500-4530673_n,16.631505913740376,4.791056660577004,0.0,16.631505913740376,0.0,0.0,6.7677276024337685,5.1763616672350325,0.0,6.7677276024337685,0.0,0.0,line,_389-3303089-4,,1000000.0,119.99994404998696,0.014399986572000001,ab
358,359,_500-4530673_n,_406-2254611_n,0.5864584420113861,0.1689417446215102,0.0,0.5864584420113861,0.0,0.0,0.23864291100673676,0.18252832992988988,0.0,0.23864291100673676,0.0,0.0,line,_389-3303089-5,,1000000.0,119.99994404998696,0.014399986572000001,ab
358,360,_500-4530673_n,_406-3360932_n,9.332091130647202,2.6883060139286914,0.0,9.332091130647202,0.0,0.0,3.797434282913025,2.9045042015057234,0.0,3.797434282913025,0.0,0.0,line,_389-4595122-0,,1000000.0,119.99994404998696,0.014399986572000001,ab
355,361,_409-1258403_n_sec,_406-3175501_n,13.995289810329972,4.0316389153366226,0.0,13.995289810329972,0.0,0.0,5.694992963636495,4.355870242404556,0.0,5.694992963636495,0.0,0.0,line,_389-4371575-1,,1000000.0,119.99994404998696,0.014399986572000001,ab
354,362,_409-1258403_n,_500-3418776_n,0.0007640268044802225,9.415885974355673e-05,9.42701332228434e-05,0.0007638043092830059,9.415885974355673e-05,0.0007640268044802225,0.0016256008712562237,0.0007976887636254157,0.0008112068503482868,0.001625830046109331,0.0007976887636254157,0.0016256008712562237,line,_389-159694-2,,1000000.0,7621.02355330306,58.08,abc
362,363,_500-3418776_n,_402-1786262_sn,5.549016096623535e-05,2.000265932376075e-05,2.000265932376075e-05,5.553742678533317e-05,2.002629773127761e-05,5.553742678533317e-05,0.0003021145866174621,0.00016945719849037325,0.00016945719849037325,0.00030206590180410775,0.00017232891639523185,0.00030206590180410775,line,_394-2896346-0,,1000000.0,7621.02355330306,58.08,abc
363,364,_402-1786262_sn,_402-1786262_ln,1.7217630853994492e-05,0.0,0.0,1.7217630853994492e-05,0.0,1.7217630853994492e-05,1.7217630853994492e-05,0.0,0.0,1.7217630853994492e-05,0.0,1.7217630853994492e-05,switch,_402-1786262-0,CLOSED,1000000.0,7621.02355330306,58.08,abc
364,365,_402-1786262_ln,_500-3418782_n,0.0,0.0,0.0,0.0,0.0,2.7768713392666585e-05,0.0,0.0,0.0,0.0,0.0,0.00015103295090205388,line,_394-2896351-0,,1000000.0,7621.02355330306,58.08,c
365,366,_500-3418782_n,_395-2483454_sn,0.0,0.0,0.0,0.0,0.0,0.001618580734820641,0.0,0.0,0.0,0.0,0.0,0.0008075316845761703,line,_411-2489506-0,,1000000.0,7621.02355330306,58.08,c
366,367,_395-2483454_sn,_391-2042005_n,0.0,0.0,0.0,0.0,0.0,1.7217630853994492e-05,0.0,0.0,0.0,0.0,0.0,1.7217630853994492e-05,switch,_395-2483454-0_c,CLOSED,1000000.0,7621.02355330306,58.08,c
538,367,_395-2483453_sn,_391-2042005_n,0.0,0.0,0.0,1.7217630853994492e-05,0.0,0.0,0.0,0.0,0.0,1.7217630853994492e-05,0.0,0.0,switch,_395-2483453-0_b,CLOSED,1000000.0,7621.02355330306,58.08,b
540,367,_395-2483452_sn,_391-2042005_n,1.7217630853994492e-05,0.0,0.0,0.0,0.0,0.0,1.7217630853994492e-05,0.0,0.0,0.0,0.0,0.0,switch,_395-2483452-0_a,CLOSED,1000000.0,7621.02355330306,58.08,a
367,368,_391-2042005_n,_395-2483455_ln,1.7217630853994492e-05,0.0,0.0,0.0,0.0,0.0,1.7217630853994492e-05,0.0,0.0,0.0,0.0,0.0,switch,_395-2483455-0_a,CLOSED,1000000.0,7621.02355330306,58.08,a
368,369,_395-2483455_ln,_395-2483456_sn,0.0046562812243820025,0.0,0.0,0.0,0.0,0.0,0.0023234461204706233,0.0,0.0,0.0,0.0,0.0,line,_411-2489507-0,,1000000.0,7621.02355330306,58.08,a
369,370,_395-2483456_sn,_391-2042008_n,1.7217630853994492e-05,0.0,0.0,0.0,0.0,0.0,1.7217630853994492e-05,0.0,0.0,0.0,0.0,0.0,switch,_395-2483456-0_a,CLOSED,1000000.0,7621.02355330306,58.08,a
525,370,_395-2483458_sn,_391-2042008_n,0.0,0.0,0.0,1.7217630853994492e-05,0.0,0.0,0.0,0.0,0.0,1.7217630853994492e-05,0.0,0.0,switch,_395-2483458-0_b,CLOSED,1000000.0,7621.02355330306,58.08,b
536,370,_395-2483460_sn,_391-2042008_n,0.0,0.0,0.0,0.0,0.0,1.7217630853994492e-05,0.0,0.0,0.0,0.0,0.0,1.7217630853994492e-05,switch,_395-2483460-0_c,CLOSED,1000000.0,7621.02355330306,58.08,c
370,371,_391-2042008_n,_395-2483462_ln,0.0,0.0,0.0,1.7217630853994492e-05,0.0,0.0,0.0,0.0,0.0,1.7217630853994492e-05,0.0,0.0,switch,_395-2483462-0_b,CLOSED,1000000.0,7621.02355330306,58.08,b
371,372,_395-2483462_ln,_500-3419402_n,0.0,0.0,0.0,0.0003212394707722335,0.0,0.0,0.0,0.0,0.0,0.0001602706898731283,0.0,0.0,line,_411-2489511-0,,1000000.0,7621.02355330306,58.08,b
372,373,_500-3419402_n,_402-1786263_sn,0.0,0.0,0.0,2.7768713392666585e-05,0.0,0.0,0.0,0.0,0.0,0.00015103295090205388,0.0,0.0,line,_394-2896363-0,,1000000.0,7621.02355330306,58.08,b
374,373,_500-3419404_n,_402-1786263_sn,0.0,0.0,0.0,0.0,0.0,2.7768713392666585e-05,0.0,0.0,0.0,0.0,0.0,0.00015103295090205388,line,_394-2896365-0,,1000000.0,7621.02355330306,58.08,c
523,373,_500-3419400_n,_402-1786263_sn,2.7745080483117674e-05,0.0,0.0,0.0,0.0,0.0,0.00015105729330873105,0.0,0.0,0.0,0.0,0.0,line,_394-2896361-0,,1000000.0,7621.02355330306,58.08,a
375,374,_395-2483463_ln,_500-3419404_n,0.0,0.0,0.0,0.0,0.0,0.0004909646333344339,0.0,0.0,0.0,0.0,0.0,0.0002449488548174342,line,_411-2489512-0,,1000000.0,7621.02355330306,58.08,c
370,375,_391-2042008_n,_395-2483463_ln,0.0,0.0,0.0,0.0,0.0,1.7217630853994492e-05,0.0,0.0,0.0,0.0,0.0,1.7217630853994492e-05,switch,_395-2483463-0_c,CLOSED,1000000.0,7621.02355330306,58.08,c
373,376,_402-1786263_sn,_402-1786263_ln,1.7217630853994492e-05,0.0,0.0,1.7217630853994492e-05,0.0,1.7217630853994492e-05,1.7217630853994492e-05,0.0,0.0,1.7217630853994492e-05,0.0,1.7217630853994492e-05,switch,_402-1786263-0,CLOSED,1000000.0,7621.02355330306,58.08,abc
376,377,_402-1786263_ln,_500-3419396_n,5.549016096623535e-05,2.000265932376075e-05,2.000265932376075e-05,5.553742678533317e-05,2.002629773127761e-05,5.553742678533317e-05,0.0003021145866174621,0.00016945719849037325,0.00016945719849037325,0.00030206590180410775,0.00017232891639523185,0.00030206590180410775,line,_394-2896359-0,,1000000.0,7621.02355330306,58.08,abc
377,378,_500-3419396_n,_500-15208_n,4.280331514736998e-05,5.275091559467394e-06,5.281325468766811e-06,4.2790850228613996e-05,5.275091559467394e-06,4.280331514736998e-05,9.107155140133637e-05,4.46891697238332e-05,4.54464977688645e-05,9.108439053656553e-05,4.46891697238332e-05,9.107155140133637e-05,line,_389-160325-0,,1000000.0,7621.02355330306,58.08,abc
378,379,_500-15208_n,_403-1527929_sn,0.00024533283287313934,1.0001329661880376e-05,1.0013148865638806e-05,0.0002453091999635904,1.0001329661880376e-05,0.00024533283287313934,0.00017226453855539704,8.472859924518663e-05,8.616445819761593e-05,0.00017228888096207427,8.472859924518663e-05,0.00017226453855539704,line,_389-3544712-0,,1000000.0,7621.02355330306,58.08,abc
379,380,_403-1527929_sn,_403-1527929_ln,1.7217630853994492e-05,0.0,0.0,1.7217630853994492e-05,0.0,1.7217630853994492e-05,1.7217630853994492e-05,0.0,0.0,1.7217630853994492e-05,0.0,1.7217630853994492e-05,switch,_403-1527929-0,CLOSED,1000000.0,7621.02355330306,58.08,abc
380,381,_403-1527929_ln,_409-22702_n,0.0009057867701505234,3.692564091627176e-05,3.696927828136766e-05,0.0009056995157192317,3.692564091627176e-05,0.0009057867701505234,0.0006360132810688593,0.00031282418806683236,0.0003181254843820515,0.0006361031550154633,0.00031282418806683236,0.0006360132810688593,line,_389-3544709-4,,1000000.0,7621.02355330306,58.08,abc
381,382,_409-22702_n,_409-22702_n_sec,0.0,0.0,0.0,0.0,0.0,0.0,0.40800038046035486,0.0,0.0,0.40800038046035486,0.0,0.40800038046035486,transformer,ava07306_____tnk,,1000000.0,119.99994404998696,0.014399986572000001,a
382,383,_409-22702_n_sec,_406-92206_n,31.048134798913477,8.944071198263059,0.0,31.048134798913477,0.0,0.0,12.634172754560538,9.663368768035818,0.0,12.634172754560538,0.0,0.0,line,_389-152706-0,,1000000.0,119.99994404998696,0.014399986572000001,ab
382,384,_409-22702_n_sec,_406-92228_n,10.374051275191702,2.9884646475766177,0.0,10.374051275191702,0.0,0.0,4.2214309112065465,3.2288021080801874,0.0,4.2214309112065465,0.0,0.0,line,_389-152665-0,,1000000.0,119.99994404998696,0.014399986572000001,ab
382,385,_409-22702_n_sec,_406-92227_n,5.838962449346372,1.6820364962073662,0.0,5.838962449346372,0.0,0.0,2.3760029634699857,1.8173087606126412,0.0,2.3760029634699857,0.0,0.0,line,_389-152664-0,,1000000.0,119.99994404998696,0.014399986572000001,ab
382,386,_409-22702_n_sec,_500-3452354_n,6.001234930873795,1.728782512923027,0.0,6.001234930873795,0.0,0.0,2.4420352252534037,1.8678141722922712,0.0,2.4420352252534037,0.0,0.0,line,_389-152715-1,,1000000.0,119.99994404998696,0.014399986572000001,ab
386,387,_500-3452354_n,_500-3954607_n,4.5550170253311535,1.3121688902641568,0.0,4.5550170253311535,0.0,0.0,1.8535371728678582,1.4176957664457466,0.0,1.8535371728678582,0.0,0.0,line,_389-3577679-2,,1000000.0,119.99994404998696,0.014399986572000001,ab
386,388,_500-3452354_n,_406-92215_n,2.5678908480304377,0.7397352118864186,0.0,2.5678908480304377,0.0,0.0,1.0449315812042552,0.7992259883337897,0.0,1.0449315812042552,0.0,0.0,line,_389-152715-2,,1000000.0,119.99994404998696,0.014399986572000001,ab
382,389,_409-22702_n_sec,_406-92249_n,17.11832335832264,4.931294710723985,0.0,17.11832335832264,0.0,0.0,6.96582438778402,5.32787790227392,0.0,6.96582438778402,0.0,0.0,line,_389-152722-2,,1000000.0,119.99994404998696,0.014399986572000001,ab
382,390,_409-22702_n_sec,_500-1383160_n,15.401651316900965,4.436771060205681,0.0,15.401651316900965,0.0,0.0,6.267272565759446,4.79358381029468,0.0,6.267272565759446,0.0,0.0,line,_389-1822529-0,,1000000.0,119.99994404998696,0.014399986572000001,ab
390,391,_500-1383160_n,_406-92252_n,11.393236334609549,3.2820624367732223,0.0,11.393236334609549,0.0,0.0,4.63615985363573,3.546011535822424,0.0,4.63615985363573,0.0,0.0,line,_389-1822531-2,,1000000.0,119.99994404998696,0.014399986572000001,ba
390,392,_500-1383160_n,_406-92251_n,13.166846088847867,3.792988198419829,0.0,13.166846088847867,0.0,0.0,5.357880890321153,4.098026824882236,0.0,5.357880890321153,0.0,0.0,line,_389-1822530-0,,1000000.0,119.99994404998696,0.014399986572000001,ab
382,393,_409-22702_n_sec,_406-92248_n,25.32020088955955,7.294018818755883,0.0,25.32020088955955,0.0,0.0,10.303349759679207,7.880616341730293,0.0,10.303349759679207,0.0,0.0,line,_389-152721-0,,1000000.0,119.99994404998696,0.014399986572000001,ab
381,394,_409-22702_n,_409-23090_n,0.003843797036997143,0.00015669766198903433,0.00015688284152596895,0.003843426764063693,0.00015669766198903433,0.003843797036997143,0.002698986169622517,0.0013275008278079699,0.0013499974106022813,0.0026993675587320114,0.0013275008278079699,0.002698986169622517,line,_389-3544709-1,,1000000.0,7621.02355330306,58.08,abc
394,395,_409-23090_n,_403-36881_sn,0.0003193814623074101,1.3020023675679638e-05,1.3035410261060277e-05,0.00031935069629406444,1.3020023675679638e-05,0.0003193814623074101,0.00022425901818034927,0.0001103021703588253,0.00011217141356823784,0.00022429070783782235,0.0001103021703588253,0.00022425901818034927,line,_389-3544709-2,,1000000.0,7621.02355330306,58.08,abc
395,396,_403-36881_sn,_403-36881_ln,0.0,0.0,0.0,0.0,0.0,1.7217630853994492e-05,0.0,0.0,0.0,0.0,0.0,1.7217630853994492e-05,switch,_403-36881-0,CLOSED,1000000.0,7621.02355330306,58.08,c
396,397,_403-36881_ln,_409-23086_n,0.0,0.0,0.0,0.0,0.0,0.008457999006492255,0.0,0.0,0.0,0.0,0.0,0.005938925006050092,line,_389-455073-0,,1000000.0,7621.02355330306,58.08,c
397,398,_409-23086_n,_409-23086_n_sec,0.0,0.0,0.0,0.0,0.0,0.0,0.40800038046035486,0.0,0.0,0.40800038046035486,0.0,0.40800038046035486,transformer,____ava25378_tnk,,1000000.0,119.99994404998696,0.014399986572000001,c
398,399,_409-23086_n_sec,_406-92246_n,7.034654418495801,2.0264808299017076,0.0,7.034654418495801,0.0,0.0,2.8625564713477982,2.1894538993046497,0.0,2.8625564713477982,0.0,0.0,line,_389-151695-0,,1000000.0,119.99994404998696,0.014399986572000001,ab
398,400,_409-23086_n_sec,_406-92225_n,23.498194079427087,6.76915126265022,0.0,23.498194079427087,0.0,0.0,9.561934890532063,7.313538035151995,0.0,9.561934890532063,0.0,0.0,line,_389-152662-0,,1000000.0,119.99994404998696,0.014399986572000001,ab
398,401,_409-23086_n_sec,_406-92245_n,10.826706092083986,3.1188614310466183,0.0,10.826706092083986,0.0,0.0,4.405626167760291,3.369685624870734,0.0,4.405626167760291,0.0,0.0,line,_389-151694-0,,1000000.0,119.99994404998696,0.014399986572000001,ab
398,402,_409-23086_n_sec,_406-92243_n,9.631014122934559,2.7744170973522766,0.0,9.631014122934559,0.0,0.0,3.919072659882478,2.997540486178725,0.0,3.919072659882478,0.0,0.0,line,_389-151692-0,,1000000.0,119.99994404998696,0.014399986572000001,ab
398,403,_409-23086_n_sec,_406-92209_n,10.596108355176597,3.052432880976995,0.0,10.596108355176597,0.0,0.0,4.311790848383856,3.297914776694418,0.0,4.311790848383856,0.0,0.0,line,_389-152709-0,,1000000.0,119.99994404998696,0.014399986572000001,ab
398,404,_409-23086_n_sec,_406-92208_n,11.048763172068881,3.182829664446996,0.0,11.048763172068881,0.0,0.0,4.495986104937599,3.438798293484964,0.0,4.495986104937599,0.0,0.0,line,_389-152708-0,,1000000.0,119.99994404998696,0.014399986572000001,ab
398,405,_409-23086_n_sec,_406-92244_n,10.214625679305113,2.942538736417372,0.0,10.214625679305113,0.0,0.0,4.1565571101561725,3.1791827562545865,0.0,4.1565571101561725,0.0,0.0,line,_389-151693-1,,1000000.0,119.99994404998696,0.014399986572000001,ab
398,406,_409-23086_n_sec,_406-92207_n,11.17971991154715,3.22055452004209,0.0,11.17971991154715,0.0,0.0,4.549275298657549,3.479557046770279,0.0,4.549275298657549,0.0,0.0,line,_389-152707-0,,1000000.0,119.99994404998696,0.014399986572000001,ab
397,407,_409-23086_n,_409-23085_n,0.0,0.0,0.0,0.0,0.0,0.0025371005155661237,0.0,0.0,0.0,0.0,0.0,0.0017814674231094723,line,_389-455073-1,,1000000.0,7621.02355330306,58.08,c
407,408,_409-23085_n,_500-15214_n,0.0,0.0,0.0,0.0,0.0,0.00019596707991695886,0.0,0.0,0.0,0.0,0.0,0.0001376015521387623,line,_389-455073-2,,1000000.0,7621.02355330306,58.08,c
407,409,_409-23085_n,_409-23085_n_sec,0.0,0.0,0.0,0.0,0.0,0.0,0.40800038046035486,0.0,0.0,0.40800038046035486,0.0,0.40800038046035486,transformer,____se2656_tnk,,1000000.0,119.99994404998696,0.014399986572000001,c
409,410,_409-23085_n_sec,_406-92242_n,9.8929276018911,2.849866808542466,0.0,9.8929276018911,0.0,0.0,4.02565104732238,3.0790579927493558,0.0,4.02565104732238,0.0,0.0,line,_389-151691-0,,1000000.0,119.99994404998696,0.014399986572000001,ab
409,411,_409-23085_n_sec,_406-92236_n,8.495106752242602,2.4471949803426525,0.0,8.495106752242602,0.0,0.0,3.4568468273985555,2.644002604421317,0.0,3.4568468273985555,0.0,0.0,line,_389-151685-0,,1000000.0,119.99994404998696,0.014399986572000001,ab
409,412,_409-23085_n_sec,_406-92241_n,10.097903368031002,2.908914408604353,0.0,10.097903368031002,0.0,0.0,4.1090602201014335,3.1428543022394146,0.0,4.1090602201014335,0.0,0.0,line,_389-151690-0,,1000000.0,119.99994404998696,0.014399986572000001,ab
409,413,_409-23085_n_sec,_406-92211_n,13.753304530859253,3.961929943041339,0.0,13.753304530859253,0.0,0.0,5.59652380132789,4.280555154812126,0.0,5.59652380132789,0.0,0.0,line,_389-152711-0,,1000000.0,119.99994404998696,0.014399986572000001,ab
409,414,_409-23085_n_sec,_406-92238_n,12.887851296046332,3.712617853891149,0.0,12.887851296046332,0.0,0.0,5.2443517384829965,4.011192959187434,0.0,5.2443517384829965,0.0,0.0,line,_389-151687-0,,1000000.0,119.99994404998696,0.014399986572000001,ab
409,415,_409-23085_n_sec,_406-92210_n,10.772615264908179,3.1032794254747307,0.0,10.772615264908179,0.0,0.0,4.3836154138324845,3.3528504876441905,0.0,4.3836154138324845,0.0,0.0,line,_389-152710-0,,1000000.0,119.99994404998696,0.014399986572000001,ab
409,416,_409-23085_n_sec,_406-92235_n,11.139863512575502,3.209073042252279,0.0,11.139863512575502,0.0,0.0,4.533056848394956,3.467152208813879,0.0,4.533056848394956,0.0,0.0,line,_389-152672-0,,1000000.0,119.99994404998696,0.014399986572000001,ab
409,417,_409-23085_n_sec,_406-92237_n,8.438169039425961,2.4307928692143506,0.0,8.438169039425961,0.0,0.0,3.4336776127377076,2.6262814073407457,0.0,3.4336776127377076,0.0,0.0,line,_389-151686-0,,1000000.0,119.99994404998696,0.014399986572000001,ab
394,418,_409-23090_n,_409-23090_n_sec,0.0,0.0,0.0,0.0,0.0,0.0,0.40800038046035486,0.0,0.0,0.40800038046035486,0.0,0.40800038046035486,transformer,ave01068_ave01250_ave01249_tnk,,1000000.0,119.99994404998696,0.014399986572000001,abc
418,419,_409-23090_n_sec,_500-3173285_n,4.5668292657549365,1.1263301057906652,1.0824317213712815,4.598604333797397,1.1263301057906654,4.566829265754937,1.3412848871251841,0.5591491316954841,0.42629783580308506,1.2537430397509053,0.5591491316954841,1.3412848871251841,line,_389-3305976-0,,1000000.0,119.99994404998696,0.014399986572000001,abc
419,420,_500-3173285_n,_406-92762_n,9.465280595115464,2.3344491054172067,2.243464638509831,9.531138089987468,2.334449105417207,9.465280595115464,2.7799676922077667,1.158901092646394,0.8835514529137173,2.5985271125421843,1.158901092646394,2.7799676922077663,line,_389-3305977-0,,1000000.0,119.99994404998696,0.014399986572000001,abc
378,421,_500-15208_n,_409-23063_n,0.0009646828078589336,0.00011888775716973045,0.000119028254350993,0.0009644018788518263,0.00011888775716973045,0.0009646828078589336,0.002052531670022026,0.0010071853916371423,0.00102425372717227,0.002052821032959936,0.0010071853916371423,0.002052531670022026,line,_389-160325-1,,1000000.0,7621.02355330306,58.08,abc
421,422,_409-23063_n,_409-23063_n_sec,0.0,0.0,0.0,0.0,0.0,0.0,0.40800038046035486,0.0,0.0,0.40800038046035486,0.0,0.40800038046035486,transformer,__ave01469___tnk,,1000000.0,119.99994404998696,0.014399986572000001,b
422,423,_409-23063_n_sec,_406-92218_n,6.989104248242489,2.0133591409990657,0.0,6.989104248242489,0.0,0.0,2.8440210996191198,2.1752769416401923,0.0,2.8440210996191198,0.0,0.0,line,_389-152718-0,,1000000.0,119.99994404998696,0.014399986572000001,ab
422,424,_409-23063_n_sec,_500-2797249_n,4.258940918684629,1.2268779123969866,0.0,4.258940918684629,0.0,0.0,1.7330572566314475,1.325545541626773,0.0,1.7330572566314475,0.0,0.0,line,_389-2978769-0,,1000000.0,119.99994404998696,0.014399986572000001,ab
422,425,_409-23063_n_sec,_406-92226_n,10.801084121316498,3.1114804810388823,0.0,10.801084121316498,0.0,0.0,4.395200021162909,3.3617110861844766,0.0,4.395200021162909,0.0,0.0,line,_389-152663-0,,1000000.0,119.99994404998696,0.014399986572000001,ab
422,426,_409-23063_n_sec,_406-92216_n,7.100132788234936,2.0453432576992547,0.0,7.100132788234936,0.0,0.0,2.8892010682077744,2.2098332759473074,0.0,2.8892010682077744,0.0,0.0,line,_389-152716-0,,1000000.0,119.99994404998696,0.014399986572000001,ab
421,427,_409-23063_n,_409-23019_n,0.0013899943612596792,0.0001713032623184267,0.00017150570221694761,0.0013895895756321005,0.0001713032623184267,0.0013899943612596792,0.0029574565073566916,0.0014512355809739588,0.001475829043153068,0.0029578734452856935,0.0014512355809739588,0.0029574565073566916,line,_389-160325-2,,1000000.0,7621.02355330306,58.08,abc
427,428,_409-23019_n,_409-23061_n,0.0013338304737541707,0.00016438161038779612,0.00016457587053249638,0.0013334420438292376,0.00016438161038779612,0.0013338304737541707,0.002837957997714476,0.0013925971906426867,0.0014161969333638645,0.002838358088916906,0.0013925971906426867,0.002837957997714476,line,_389-160325-3,,1000000.0,7621.02355330306,58.08,abc
428,429,_409-23061_n,_500-15210_n,0.0012450074093732122,0.00015343503310543308,0.00015361635698748317,0.001244644845955986,0.00015343503310543308,0.0012450074093732122,0.0026489713679278878,0.0012998607054932293,0.001321888883080498,0.00264934481606935,0.0012998607054932293,0.0026489713679278878,line,_389-160325-4,,1000000.0,7621.02355330306,58.08,abc
429,430,_500-15210_n,_403-39755_sn,8.11531061753604e-05,1.0001329661880376e-05,1.0013148865638806e-05,8.11294732658115e-05,1.0001329661880376e-05,8.11531061753604e-05,0.00017266745005571285,8.472859924518663e-05,8.616445819761593e-05,0.00017269179246239008,8.472859924518663e-05,0.00017266745005571285,line,_389-160325-5,,1000000.0,7621.02355330306,58.08,abc
430,431,_403-39755_sn,_403-39755_ln,1.7217630853994492e-05,0.0,0.0,1.7217630853994492e-05,0.0,1.7217630853994492e-05,1.7217630853994492e-05,0.0,0.0,1.7217630853994492e-05,0.0,1.7217630853994492e-05,switch,_403-39755-0,CLOSED,1000000.0,7621.02355330306,58.08,abc
431,432,_403-39755_ln,_500-3423255_n,0.005021843414360541,0.00020472233948129527,0.00020496427281676508,0.005021359660230324,0.00020472233948129527,0.005021843414360541,0.003526171072746756,0.0017343530955249483,0.0017637444278621752,0.0035266693499370937,0.0017343530955249483,0.003526171072746756,line,_389-747058-0,,1000000.0,7621.02355330306,58.08,abc
432,433,_500-3423255_n,_402-1788186_sn,5.549016096623535e-05,2.000265932376075e-05,2.000265932376075e-05,5.553742678533317e-05,2.002629773127761e-05,5.553742678533317e-05,0.0003021145866174621,0.00016945719849037325,0.00016945719849037325,0.00030206590180410775,0.00017232891639523185,0.00030206590180410775,line,_394-2898602-0,,1000000.0,7621.02355330306,58.08,abc
433,434,_402-1788186_sn,_402-1788186_ln,1.7217630853994492e-05,0.0,0.0,1.7217630853994492e-05,0.0,1.7217630853994492e-05,1.7217630853994492e-05,0.0,0.0,1.7217630853994492e-05,0.0,1.7217630853994492e-05,switch,_402-1788186-0,CLOSED,1000000.0,7621.02355330306,58.08,abc
434,435,_402-1788186_ln,_500-3423261_n,0.0,0.0,0.0,0.0,0.0,2.7768713392666585e-05,0.0,0.0,0.0,0.0,0.0,0.00015103295090205388,line,_394-2898607-0,,1000000.0,7621.02355330306,58.08,c
435,436,_500-3423261_n,_395-2485390_sn,0.0,0.0,0.0,0.0,0.0,0.00045308605628192563,0.0,0.0,0.0,0.0,0.0,0.0002260507235852286,line,_411-2491442-0,,1000000.0,7621.02355330306,58.08,c
436,437,_395-2485390_sn,_391-2042966_n,0.0,0.0,0.0,0.0,0.0,1.7217630853994492e-05,0.0,0.0,0.0,0.0,0.0,1.7217630853994492e-05,switch,_395-2485390-0_c,CLOSED,1000000.0,7621.02355330306,58.08,c
438,437,_395-2485388_sn,_391-2042966_n,1.7217630853994492e-05,0.0,0.0,0.0,0.0,0.0,1.7217630853994492e-05,0.0,0.0,0.0,0.0,0.0,switch,_395-2485388-0_a,CLOSED,1000000.0,7621.02355330306,58.08,a
458,437,_395-2485389_sn,_391-2042966_n,0.0,0.0,0.0,1.7217630853994492e-05,0.0,0.0,0.0,0.0,0.0,1.7217630853994492e-05,0.0,0.0,switch,_395-2485389-0_b,CLOSED,1000000.0,7621.02355330306,58.08,b
439,438,_500-3423257_n,_395-2485388_sn,0.0004866076123102592,0.0,0.0,0.0,0.0,0.0,0.00024281320533078472,0.0,0.0,0.0,0.0,0.0,line,_411-2491440-0,,1000000.0,7621.02355330306,58.08,a
434,439,_402-1788186_ln,_500-3423257_n,2.7745080483117674e-05,0.0,0.0,0.0,0.0,0.0,0.00015105729330873105,0.0,0.0,0.0,0.0,0.0,line,_394-2898603-0,,1000000.0,7621.02355330306,58.08,a
437,440,_391-2042966_n,_395-2485393_ln,0.0,0.0,0.0,1.7217630853994492e-05,0.0,0.0,0.0,0.0,0.0,1.7217630853994492e-05,0.0,0.0,switch,_395-2485393-0_b,CLOSED,1000000.0,7621.02355330306,58.08,b
440,441,_395-2485393_ln,_395-2485394_sn,0.0,0.0,0.0,0.002178746614693311,0.0,0.0,0.0,0.0,0.0,0.0010870059714524415,0.0,0.0,line,_411-2491444-0,,1000000.0,7621.02355330306,58.08,b
441,442,_395-2485394_sn,_391-33198_n,0.0,0.0,0.0,1.7217630853994492e-05,0.0,0.0,0.0,0.0,0.0,1.7217630853994492e-05,0.0,0.0,switch,_395-2485394-0_b,CLOSED,1000000.0,7621.02355330306,58.08,b
452,442,_395-2485392_sn,_391-33198_n,1.7217630853994492e-05,0.0,0.0,0.0,0.0,0.0,1.7217630853994492e-05,0.0,0.0,0.0,0.0,0.0,switch,_395-2485392-0_a,CLOSED,1000000.0,7621.02355330306,58.08,a
456,442,_395-2485396_sn,_391-33198_n,0.0,0.0,0.0,0.0,0.0,1.7217630853994492e-05,0.0,0.0,0.0,0.0,0.0,1.7217630853994492e-05,switch,_395-2485396-0_c,CLOSED,1000000.0,7621.02355330306,58.08,c
442,443,_391-33198_n,_395-57699_ln,0.0,0.0,0.0,0.0,0.0,1.7217630853994492e-05,0.0,0.0,0.0,0.0,0.0,1.7217630853994492e-05,switch,_395-57699-0_c,CLOSED,1000000.0,7621.02355330306,58.08,c
443,444,_395-57699_ln,_395-57700_sn,0.0,0.0,0.0,0.0,0.0,0.0048011096414054205,0.0,0.0,0.0,0.0,0.0,0.0023953381336820605,line,_411-56724-0,,1000000.0,7621.02355330306,58.08,c
444,445,_395-57700_sn,_391-33240_n,0.0,0.0,0.0,0.0,0.0,1.7217630853994492e-05,0.0,0.0,0.0,0.0,0.0,1.7217630853994492e-05,switch,_395-57700-0_c,CLOSED,1000000.0,7621.02355330306,58.08,c
446,445,_395-57443_sn,_391-33240_n,0.0,0.0,0.0,1.7217630853994492e-05,0.0,0.0,0.0,0.0,0.0,1.7217630853994492e-05,0.0,0.0,switch,_395-57443-0_b,CLOSED,1000000.0,7621.02355330306,58.08,b
448,445,_395-57696_sn,_391-33240_n,1.7217630853994492e-05,0.0,0.0,0.0,0.0,0.0,1.7217630853994492e-05,0.0,0.0,0.0,0.0,0.0,switch,_395-57696-0_a,CLOSED,1000000.0,7621.02355330306,58.08,a
447,446,_395-57444_ln,_395-57443_sn,0.0,0.0,0.0,0.004714425974689104,0.0,0.0,0.0,0.0,0.0,0.002352090487208359,0.0,0.0,line,_411-56465-0,,1000000.0,7621.02355330306,58.08,b
442,447,_391-33198_n,_395-57444_ln,0.0,0.0,0.0,1.7217630853994492e-05,0.0,0.0,0.0,0.0,0.0,1.7217630853994492e-05,0.0,0.0,switch,_395-57444-0_b,CLOSED,1000000.0,7621.02355330306,58.08,b
449,448,_395-57697_ln,_395-57696_sn,0.004824554216064141,0.0,0.0,0.0,0.0,0.0,0.002407412962433813,0.0,0.0,0.0,0.0,0.0,line,_411-56722-0,,1000000.0,7621.02355330306,58.08,a
442,449,_391-33198_n,_395-57697_ln,1.7217630853994492e-05,0.0,0.0,0.0,0.0,0.0,1.7217630853994492e-05,0.0,0.0,0.0,0.0,0.0,switch,_395-57697-0_a,CLOSED,1000000.0,7621.02355330306,58.08,a
445,450,_391-33240_n,_391-33240_ln,0.0,0.0,0.0,0.0,0.0,0.0,0.40800038046035486,0.0,0.0,0.40800038046035486,0.0,0.40800038046035486,transformer,se2496_tnk,,1000000.0,119.99994404998696,0.014399986572000001,abc
450,451,_391-33240_ln,_406-92240_n,4.471277145732986,1.1027638143464298,1.0597839192010514,4.502387381582559,1.1027638143464298,4.471277145732987,1.3132210802561033,0.5474500114015478,0.4173783733924359,1.227510877688425,0.5474500114015477,1.3132210802561033,line,_389-151689-0,,1000000.0,119.99994404998696,0.014399986572000001,abc
453,452,_395-2485391_ln,_395-2485392_sn,0.0022742349784919597,0.0,0.0,0.0,0.0,0.0,0.0011348245913813022,0.0,0.0,0.0,0.0,0.0,line,_411-2491443-0,,1000000.0,7621.02355330306,58.08,a
437,453,_391-2042966_n,_395-2485391_ln,1.7217630853994492e-05,0.0,0.0,0.0,0.0,0.0,1.7217630853994492e-05,0.0,0.0,0.0,0.0,0.0,switch,_395-2485391-0_a,CLOSED,1000000.0,7621.02355330306,58.08,a
442,454,_391-33198_n,_391-33198_ln,0.0,0.0,0.0,0.0,0.0,0.0,0.40800038046035486,0.0,0.0,0.40800038046035486,0.0,0.40800038046035486,transformer,sf6904_tnk,,1000000.0,119.99994404998696,0.014399986572000001,abc
454,455,_391-33198_ln,_406-92763_n,5.010865588209879,1.2358440483844655,1.1876773902799969,5.045730170560468,1.2358440483844657,5.01086558820988,1.4716990484579715,0.6135156318849528,0.46774710229963123,1.375645439923609,0.6135156318849527,1.4716990484579715,line,_389-153732-0,,1000000.0,119.99994404998696,0.014399986572000001,abc
457,456,_395-2485395_ln,_395-2485396_sn,0.0,0.0,0.0,0.0,0.0,0.002248676295405634,0.0,0.0,0.0,0.0,0.0,0.001121894829111898,line,_411-2491445-0,,1000000.0,7621.02355330306,58.08,c
437,457,_391-2042966_n,_395-2485395_ln,0.0,0.0,0.0,0.0,0.0,1.7217630853994492e-05,0.0,0.0,0.0,0.0,0.0,1.7217630853994492e-05,switch,_395-2485395-0_c,CLOSED,1000000.0,7621.02355330306,58.08,c
459,458,_500-3423259_n,_395-2485389_sn,0.0,0.0,0.0,0.00036713082373969534,0.0,0.0,0.0,0.0,0.0,0.0001831665027121466,0.0,0.0,line,_411-2491441-0,,1000000.0,7621.02355330306,58.08,b
434,459,_402-1788186_ln,_500-3423259_n,0.0,0.0,0.0,2.7768713392666585e-05,0.0,0.0,0.0,0.0,0.0,0.00015103295090205388,0.0,0.0,line,_394-2898605-0,,1000000.0,7621.02355330306,58.08,b
432,460,_500-3423255_n,_403-264122_sn,0.003960479725802661,0.00016145439195017257,0.00016164519281572403,0.003960098212826864,0.00016145439195017257,0.003960479725802661,0.0027809168647891084,0.0013677985762294608,0.0013909780675499279,0.0027813098313847055,0.0013677985762294608,0.0027809168647891084,line,_389-747058-1,,1000000.0,7621.02355330306,58.08,abc
460,461,_403-264122_sn,_403-264122_ln,1.7217630853994492e-05,0.0,0.0,1.7217630853994492e-05,0.0,1.7217630853994492e-05,1.7217630853994492e-05,0.0,0.0,1.7217630853994492e-05,0.0,1.7217630853994492e-05,switch,_403-264122-0,CLOSED,1000000.0,7621.02355330306,58.08,abc
461,462,_403-264122_ln,_402-36575_sn,0.0006133320821828484,2.5003324154700936e-05,2.503287216409702e-05,0.0006132729999089761,2.5003324154700936e-05,0.0006133320821828484,0.0004306613463884927,0.00021182149811296654,0.00021541114549403987,0.00043072220240518574,0.00021182149811296654,0.0004306613463884927,line,_389-747059-0,,1000000.0,7621.02355330306,58.08,abc
462,463,_402-36575_sn,_402-36575_ln,1.7217630853994492e-05,0.0,0.0,1.7217630853994492e-05,0.0,1.7217630853994492e-05,1.7217630853994492e-05,0.0,0.0,1.7217630853994492e-05,0.0,1.7217630853994492e-05,switch,_402-36575-0,CLOSED,1000000.0,7621.02355330306,58.08,abc
463,464,_402-36575_ln,_409-704709_n,0.0021541419471787847,8.781655312870576e-05,8.792033150317e-05,0.002153934438704697,8.781655312870576e-05,0.0021541419471787847,0.0015125666799986085,0.0007439584323967607,0.0007565659744180912,0.0015127804182035794,0.0007439584323967607,0.0015125666799986085,line,_389-150265-0,,1000000.0,7621.02355330306,58.08,abc
464,465,_409-704709_n,_409-704709_n_sec,0.0,0.0,0.0,0.0,0.0,0.0,0.40800038046035486,0.0,0.0,0.40800038046035486,0.0,0.40800038046035486,transformer,__av05378___tnk,,1000000.0,119.99994404998696,0.014399986572000001,b
465,466,_409-704709_n_sec,_500-1907647_n,12.731272585800575,3.6675120482883186,0.0,12.731272585800575,0.0,0.0,5.180636398165664,3.9624596672158616,0.0,5.180636398165664,0.0,0.0,line,_389-2216781-0,,1000000.0,119.99994404998696,0.014399986572000001,ab
466,467,_500-1907647_n,_406-2901826_n,0.8455250353270953,0.24357135025528412,0.0,0.8455250353270953,0.0,0.0,0.3440628377135962,0.2631597766464917,0.0,0.3440628377135962,0.0,0.0,line,_389-4059942-0,,1000000.0,119.99994404998696,0.014399986572000001,ab
466,468,_500-1907647_n,_406-1346311_n,1.9301884644840765,0.5560315672494365,0.0,1.9301884644840765,0.0,0.0,0.7854363770027548,0.6007485810313851,0.0,0.7854363770027548,0.0,0.0,line,_389-2216782-0,,1000000.0,119.99994404998696,0.014399986572000001,ab
464,469,_409-704709_n,_500-15219_n,0.00342942389854678,0.00013980517225524857,0.00013997038886876198,0.00342909354217397,0.00013980517225524857,0.00342942389854678,0.00240802716242834,0.0011843921571316487,0.0012044635391343568,0.0024083674366192397,0.0011843921571316487,0.00240802716242834,line,_389-150265-1,,1000000.0,7621.02355330306,58.08,abc
469,470,_500-15219_n,_402-1648646_sn,5.549016096623535e-05,2.000265932376075e-05,2.000265932376075e-05,5.553742678533317e-05,2.002629773127761e-05,5.553742678533317e-05,0.0003021145866174621,0.00016945719849037325,0.00016945719849037325,0.00030206590180410775,0.00017232891639523185,0.00030206590180410775,line,_394-2704376-0,,1000000.0,7621.02355330306,58.08,abc
470,471,_402-1648646_sn,_402-1648646_ln,1.7217630853994492e-05,0.0,0.0,1.7217630853994492e-05,0.0,1.7217630853994492e-05,1.7217630853994492e-05,0.0,0.0,1.7217630853994492e-05,0.0,1.7217630853994492e-05,switch,_402-1648646-0,CLOSED,1000000.0,7621.02355330306,58.08,abc
471,472,_402-1648646_ln,_500-3189672_n,0.0,0.0,0.0,2.7768713392666585e-05,0.0,0.0,0.0,0.0,0.0,0.00015103295090205388,0.0,0.0,line,_394-2704379-0,,1000000.0,7621.02355330306,58.08,b
472,473,_500-3189672_n,_395-2314493_sn,0.0,0.0,0.0,0.0004785812523749601,0.0,0.0,0.0,0.0,0.0,0.00023877061960690543,0.0,0.0,line,_411-2324705-0,,1000000.0,7621.02355330306,58.08,b
473,474,_395-2314493_sn,_391-1885211_n,0.0,0.0,0.0,1.7217630853994492e-05,0.0,0.0,0.0,0.0,0.0,1.7217630853994492e-05,0.0,0.0,switch,_395-2314493-0_b,CLOSED,1000000.0,7621.02355330306,58.08,b
495,474,_395-2314494_sn,_391-1885211_n,0.0,0.0,0.0,0.0,0.0,1.7217630853994492e-05,0.0,0.0,0.0,0.0,0.0,1.7217630853994492e-05,switch,_395-2314494-0_c,CLOSED,1000000.0,7621.02355330306,58.08,c
497,474,_395-2314492_sn,_391-1885211_n,1.7217630853994492e-05,0.0,0.0,0.0,0.0,0.0,1.7217630853994492e-05,0.0,0.0,0.0,0.0,0.0,switch,_395-2314492-0_a,CLOSED,1000000.0,7621.02355330306,58.08,a
474,475,_391-1885211_n,_395-2314497_ln,0.0,0.0,0.0,1.7217630853994492e-05,0.0,0.0,0.0,0.0,0.0,1.7217630853994492e-05,0.0,0.0,switch,_395-2314497-0_b,CLOSED,1000000.0,7621.02355330306,58.08,b
475,476,_395-2314497_ln,_395-2314498_sn,0.0,0.0,0.0,0.0018021461466904887,0.0,0.0,0.0,0.0,0.0,0.0008991149359322436,0.0,0.0,line,_411-2324708-0,,1000000.0,7621.02355330306,58.08,b
476,477,_395-2314498_sn,_391-1885212_n,0.0,0.0,0.0,1.7217630853994492e-05,0.0,0.0,0.0,0.0,0.0,1.7217630853994492e-05,0.0,0.0,switch,_395-2314498-0_b,CLOSED,1000000.0,7621.02355330306,58.08,b
478,477,_395-2314496_sn,_391-1885212_n,1.7217630853994492e-05,0.0,0.0,0.0,0.0,0.0,1.7217630853994492e-05,0.0,0.0,0.0,0.0,0.0,switch,_395-2314496-0_a,CLOSED,1000000.0,7621.02355330306,58.08,a
482,477,_395-2314500_sn,_391-1885212_n,0.0,0.0,0.0,0.0,0.0,1.7217630853994492e-05,0.0,0.0,0.0,0.0,0.0,1.7217630853994492e-05,switch,_395-2314500-0_c,CLOSED,1000000.0,7621.02355330306,58.08,c
479,478,_395-2314495_ln,_395-2314496_sn,0.001897623997108122,0.0,0.0,0.0,0.0,0.0,0.0009468988022255902,0.0,0.0,0.0,0.0,0.0,line,_411-2324707-0,,1000000.0,7621.02355330306,58.08,a
474,479,_391-1885211_n,_395-2314495_ln,1.7217630853994492e-05,0.0,0.0,0.0,0.0,0.0,1.7217630853994492e-05,0.0,0.0,0.0,0.0,0.0,switch,_395-2314495-0_a,CLOSED,1000000.0,7621.02355330306,58.08,a
477,480,_391-1885212_n,_391-1885212_ln,0.0,0.0,0.0,0.0,0.0,0.0,0.0765,0.0,0.0,0.0765,0.0,0.0765,transformer,ava02057_tnk,,1000000.0,277.1281292110204,0.07680000000000002,abc
480,481,_391-1885212_ln,_406-2272517_n,0.47108556420286857,0.11618517410839964,0.11165689113822792,0.4743632816267742,0.11618517410839964,0.4710855642028686,0.13835856587550713,0.05767832972287999,0.043974220364150274,0.12932829604017176,0.05767832972287999,0.13835856587550713,line,_389-3322291-0,,1000000.0,277.1281292110204,0.07680000000000002,abc
483,482,_395-2314499_ln,_395-2314500_sn,0.0,0.0,0.0,0.0,0.0,0.0018728042615768986,0.0,0.0,0.0,0.0,0.0,0.0009343672191923194,line,_411-2324709-0,,1000000.0,7621.02355330306,58.08,c
474,483,_391-1885211_n,_395-2314499_ln,0.0,0.0,0.0,0.0,0.0,1.7217630853994492e-05,0.0,0.0,0.0,0.0,0.0,1.7217630853994492e-05,switch,_395-2314499-0_c,CLOSED,1000000.0,7621.02355330306,58.08,c
474,484,_391-1885211_n,_395-2314501_ln,1.7217630853994492e-05,0.0,0.0,0.0,0.0,0.0,1.7217630853994492e-05,0.0,0.0,0.0,0.0,0.0,switch,_395-2314501-0_a,CLOSED,1000000.0,7621.02355330306,58.08,a
484,485,_395-2314501_ln,_395-2314502_sn,0.0062610665086926314,0.0,0.0,0.0,0.0,0.0,0.0031242208081109202,0.0,0.0,0.0,0.0,0.0,line,_411-2324710-0,,1000000.0,7621.02355330306,58.08,a
485,486,_395-2314502_sn,_391-33189_n,1.7217630853994492e-05,0.0,0.0,0.0,0.0,0.0,1.7217630853994492e-05,0.0,0.0,0.0,0.0,0.0,switch,_395-2314502-0_a,CLOSED,1000000.0,7621.02355330306,58.08,a
487,486,_395-2314506_sn,_391-33189_n,0.0,0.0,0.0,0.0,0.0,1.7217630853994492e-05,0.0,0.0,0.0,0.0,0.0,1.7217630853994492e-05,switch,_395-2314506-0_c,CLOSED,1000000.0,7621.02355330306,58.08,c
493,486,_395-2314504_sn,_391-33189_n,0.0,0.0,0.0,1.7217630853994492e-05,0.0,0.0,0.0,0.0,0.0,1.7217630853994492e-05,0.0,0.0,switch,_395-2314504-0_b,CLOSED,1000000.0,7621.02355330306,58.08,b
488,487,_395-2314505_ln,_395-2314506_sn,0.0,0.0,0.0,0.0,0.0,0.00647505137345665,0.0,0.0,0.0,0.0,0.0,0.0032304901639053,line,_411-2324712-0,,1000000.0,7621.02355330306,58.08,c
474,488,_391-1885211_n,_395-2314505_ln,0.0,0.0,0.0,0.0,0.0,1.7217630853994492e-05,0.0,0.0,0.0,0.0,0.0,1.7217630853994492e-05,switch,_395-2314505-0_c,CLOSED,1000000.0,7621.02355330306,58.08,c
486,489,_391-33189_n,_391-33189_ln,0.0,0.0,0.0,0.0,0.0,0.0,0.40800038046035486,0.0,0.0,0.40800038046035486,0.0,0.40800038046035486,transformer,se7491_tnk,,1000000.0,119.99994404998696,0.014399986572000001,abc
489,490,_391-33189_ln,_406-92770_n,14.192300179730726,3.500287405687913,3.3638647341076746,14.291047314262679,3.500287405687914,14.192300179730728,4.16830072614288,1.737663455422889,1.324802505111126,3.8962476004566597,1.7376634554228887,4.1683007261428795,line,_389-153739-0,,1000000.0,119.99994404998696,0.014399986572000001,abc
489,491,_391-33189_ln,_406-92764_n,13.888781680837473,3.4254297740415183,3.291924656625768,13.985416995462606,3.4254297740415187,13.888781680837477,4.07915686902933,1.7005015439009739,1.2964700951008286,3.8129219091993685,1.7005015439009734,4.079156869029329,line,_389-153733-1,,1000000.0,119.99994404998696,0.014399986572000001,abc
489,492,_391-33189_ln,_406-92766_n,3.653463412603949,0.9010640846325322,0.8659453770970251,3.678883467037918,0.9010640846325323,3.6534634126039496,1.0730279097001474,0.4473193053563873,0.34103826864246806,1.0029944318007242,0.44731930535638725,1.0730279097001474,line,_389-153735-0,,1000000.0,119.99994404998696,0.014399986572000001,abc
494,493,_395-2314503_ln,_395-2314504_sn,0.0,0.0,0.0,0.006284930054020023,0.0,0.0,0.0,0.0,0.0,0.003135636082143653,0.0,0.0,line,_411-2324711-0,,1000000.0,7621.02355330306,58.08,b
474,494,_391-1885211_n,_395-2314503_ln,0.0,0.0,0.0,1.7217630853994492e-05,0.0,0.0,0.0,0.0,0.0,1.7217630853994492e-05,0.0,0.0,switch,_395-2314503-0_b,CLOSED,1000000.0,7621.02355330306,58.08,b
496,495,_500-3189674_n,_395-2314494_sn,0.0,0.0,0.0,0.0,0.0,0.0005645364849171902,0.0,0.0,0.0,0.0,0.0,0.00028165484047998736,line,_411-2324706-0,,1000000.0,7621.02355330306,58.08,c
471,496,_402-1648646_ln,_500-3189674_n,0.0,0.0,0.0,0.0,0.0,2.7768713392666585e-05,0.0,0.0,0.0,0.0,0.0,0.00015103295090205388,line,_394-2704381-0,,1000000.0,7621.02355330306,58.08,c
498,497,_500-3189670_n,_395-2314492_sn,0.000598061152255573,0.0,0.0,0.0,0.0,0.0,0.0002984276071505603,0.0,0.0,0.0,0.0,0.0,line,_411-2324704-0,,1000000.0,7621.02355330306,58.08,a
471,498,_402-1648646_ln,_500-3189670_n,2.7745080483117674e-05,0.0,0.0,0.0,0.0,0.0,0.00015105729330873105,0.0,0.0,0.0,0.0,0.0,line,_394-2704377-0,,1000000.0,7621.02355330306,58.08,a
429,499,_500-15210_n,_500-15209_n,0.0005318037932097624,2.167971155364923e-05,2.1705331839845095e-05,0.0005317525645552219,2.167971155364923e-05,0.0005318037932097624,0.00037341489912465643,0.0001836647379979503,0.00018677722493446624,0.00037346766574400863,0.0001836647379979503,0.00037341489912465643,line,_389-150261-0,,1000000.0,7621.02355330306,58.08,abc
499,500,_500-15209_n,_402-36574_sn,7.486096410841201e-05,2.698529497184187e-05,2.698529497184187e-05,7.492472973326198e-05,2.701718520149495e-05,7.492472973326198e-05,0.0004075783676165458,0.00022861222662192126,0.00022861222662192126,0.00040751268764731004,0.00023248641922222593,0.00040751268764731004,line,_394-68558-0,,1000000.0,7621.02355330306,58.08,abc
500,501,_402-36574_sn,_402-36574_ln,1.7217630853994492e-05,0.0,0.0,1.7217630853994492e-05,0.0,1.7217630853994492e-05,1.7217630853994492e-05,0.0,0.0,1.7217630853994492e-05,0.0,1.7217630853994492e-05,switch,_402-36574-0,CLOSED,1000000.0,7621.02355330306,58.08,abc
501,502,_402-36574_ln,_500-15206_n,0.0,0.0,0.0,2.7768713392666585e-05,0.0,0.0,0.0,0.0,0.0,0.00015103295090205388,0.0,0.0,line,_394-68902-0,,1000000.0,7621.02355330306,58.08,b
502,503,_500-15206_n,_395-57775_sn,0.0,0.0,0.0,0.005038579182157684,0.0,0.0,0.0,0.0,0.0,0.002513814879483965,0.0,0.0,line,_411-56764-0,,1000000.0,7621.02355330306,58.08,b
503,504,_395-57775_sn,_391-33252_n,0.0,0.0,0.0,1.7217630853994492e-05,0.0,0.0,0.0,0.0,0.0,1.7217630853994492e-05,0.0,0.0,switch,_395-57775-0_b,CLOSED,1000000.0,7621.02355330306,58.08,b
505,504,_395-57413_sn,_391-33252_n,0.0,0.0,0.0,0.0,0.0,1.7217630853994492e-05,0.0,0.0,0.0,0.0,0.0,1.7217630853994492e-05,switch,_395-57413-0_c,CLOSED,1000000.0,7621.02355330306,58.08,c
509,504,_395-57414_sn,_391-33252_n,1.7217630853994492e-05,0.0,0.0,0.0,0.0,0.0,1.7217630853994492e-05,0.0,0.0,0.0,0.0,0.0,switch,_395-57414-0_a,CLOSED,1000000.0,7621.02355330306,58.08,a
506,505,_500-15204_n,_395-57413_sn,0.0,0.0,0.0,0.0,0.0,0.005202476871327191,0.0,0.0,0.0,0.0,0.0,0.0025955856396233158,line,_411-56439-0,,1000000.0,7621.02355330306,58.08,c
501,506,_402-36574_ln,_500-15204_n,0.0,0.0,0.0,0.0,0.0,2.7768713392666585e-05,0.0,0.0,0.0,0.0,0.0,0.00015103295090205388,line,_394-68677-0,,1000000.0,7621.02355330306,58.08,c
504,507,_391-33252_n,_391-33252_ln,0.0,0.0,0.0,0.0,0.0,0.0,0.40800038046035486,0.0,0.0,0.40800038046035486,0.0,0.40800038046035486,transformer,ave30444_tnk,,1000000.0,119.99994404998696,0.014399986572000001,abc
507,508,_391-33252_ln,_406-92239_n,2.534941537052894,0.6251998494911878,0.6008328693396283,2.5525791440524634,0.6251998494911879,2.534941537052895,0.7445162881150255,0.3103707795626626,0.23662809101192786,0.6959238288340411,0.31037077956266257,0.7445162881150253,line,_389-151688-0,,1000000.0,119.99994404998696,0.014399986572000001,abc
510,509,_500-15207_n,_395-57414_sn,0.005111565292786063,0.0,0.0,0.0,0.0,0.0,0.002550629134440295,0.0,0.0,0.0,0.0,0.0,line,_411-56440-0,,1000000.0,7621.02355330306,58.08,a
501,510,_402-36574_ln,_500-15207_n,2.7745080483117674e-05,0.0,0.0,0.0,0.0,0.0,0.00015105729330873105,0.0,0.0,0.0,0.0,0.0,line,_394-68679-0,,1000000.0,7621.02355330306,58.08,a
428,511,_409-23061_n,_409-23061_n_sec,0.0,0.0,0.0,0.0,0.0,0.0,0.40800038046035486,0.0,0.0,0.40800038046035486,0.0,0.40800038046035486,transformer,ave01472_____tnk,,1000000.0,119.99994404998696,0.014399986572000001,a
511,512,_409-23061_n_sec,_500-3243137_n,10.448070301853335,3.00978739204341,0.0,10.448070301853335,0.0,0.0,4.2515508902656505,3.251839664284931,0.0,4.2515508902656505,0.0,0.0,line,_389-3370578-0,,1000000.0,119.99994404998696,0.014399986572000001,ab
512,513,_500-3243137_n,_406-2099290_n,4.338653716627924,1.2498408679766093,0.0,4.338653716627924,0.0,0.0,1.7654941571566352,1.3503552175395737,0.0,1.7654941571566352,0.0,0.0,line,_389-3370578-1,,1000000.0,119.99994404998696,0.014399986572000001,ab
512,514,_500-3243137_n,_406-2315083_n,10.99182545925224,3.166427553318694,0.0,10.99182545925224,0.0,0.0,4.472816890276751,3.4210770964043924,0.0,4.472816890276751,0.0,0.0,line,_389-3370579-0,,1000000.0,119.99994404998696,0.014399986572000001,ab
511,515,_409-23061_n_sec,_406-2315082_n,0.8654532348129192,0.2493120891501898,0.0,0.8654532348129192,0.0,0.0,0.35217206284489305,0.2693621956246918,0.0,0.35217206284489305,0.0,0.0,line,_389-3370577-0,,1000000.0,119.99994404998696,0.014399986572000001,ab
511,516,_409-23061_n_sec,_406-92224_n,3.624085420779099,1.0439943733164199,0.0,3.624085420779099,0.0,0.0,1.4747205131629897,1.127954194178397,0.0,1.4747205131629897,0.0,0.0,line,_389-152661-0,,1000000.0,119.99994404998696,0.014399986572000001,ab
511,517,_409-23061_n_sec,_406-92223_n,8.999005510669862,2.5923536638281255,0.0,8.999005510669862,0.0,0.0,3.661894377147063,2.8008351985843785,0.0,3.661894377147063,0.0,0.0,line,_389-152660-0,,1000000.0,119.99994404998696,0.014399986572000001,ab
427,518,_409-23019_n,_409-23019_n_sec,0.0,0.0,0.0,0.0,0.0,0.0,0.40800038046035486,0.0,0.0,0.40800038046035486,0.0,0.40800038046035486,transformer,se6469_____tnk,,1000000.0,119.99994404998696,0.014399986572000001,a
518,519,_409-23019_n_sec,_406-92221_n,7.760610256907954,2.235607746787558,0.0,7.760610256907954,0.0,0.0,3.157963958273614,2.415399162081941,0.0,3.157963958273614,0.0,0.0,line,_389-152658-0,,1000000.0,119.99994404998696,0.014399986572000001,ab
518,520,_409-23019_n_sec,_406-92222_n,6.1122634708662416,1.7607666296232156,0.0,6.1122634708662416,0.0,0.0,2.487215193842057,1.9023705065993861,0.0,2.487215193842057,0.0,0.0,line,_389-152659-0,,1000000.0,119.99994404998696,0.014399986572000001,ab
518,521,_409-23019_n_sec,_406-92219_n,9.20113439116893,2.6505811583335968,0.0,9.20113439116893,0.0,0.0,3.7441450891930734,2.8637454482204077,0.0,3.7441450891930734,0.0,0.0,line,_389-152719-0,,1000000.0,119.99994404998696,0.014399986572000001,ab
518,522,_409-23019_n_sec,_406-92220_n,6.678793713391804,1.92396763534982,0.0,6.678793713391804,0.0,0.0,2.717748879717497,2.078696417551076,0.0,2.717748879717497,0.0,0.0,line,_389-152720-0,,1000000.0,119.99994404998696,0.014399986572000001,ab
524,523,_395-2483461_ln,_500-3419400_n,0.0003562142551193365,0.0,0.0,0.0,0.0,0.0,0.00017774799012987085,0.0,0.0,0.0,0.0,0.0,line,_411-2489510-0,,1000000.0,7621.02355330306,58.08,a
370,524,_391-2042008_n,_395-2483461_ln,1.7217630853994492e-05,0.0,0.0,0.0,0.0,0.0,1.7217630853994492e-05,0.0,0.0,0.0,0.0,0.0,switch,_395-2483461-0_a,CLOSED,1000000.0,7621.02355330306,58.08,a
526,525,_395-2483457_ln,_395-2483458_sn,0.0,0.0,0.0,0.004578208784134891,0.0,0.0,0.0,0.0,0.0,0.0022841298998925426,0.0,0.0,line,_411-2489508-0,,1000000.0,7621.02355330306,58.08,b
367,526,_391-2042005_n,_395-2483457_ln,0.0,0.0,0.0,1.7217630853994492e-05,0.0,0.0,0.0,0.0,0.0,1.7217630853994492e-05,0.0,0.0,switch,_395-2483457-0_b,CLOSED,1000000.0,7621.02355330306,58.08,b
370,527,_391-2042008_n,_395-2525468_ln,1.7217630853994492e-05,0.0,0.0,0.0,0.0,0.0,1.7217630853994492e-05,0.0,0.0,0.0,0.0,0.0,switch,_395-2525468-0_a,CLOSED,1000000.0,7621.02355330306,58.08,a
527,528,_395-2525468_ln,_395-2525469_sn,0.0009819566787338766,0.0,0.0,0.0,0.0,0.0,0.0004899883245297873,0.0,0.0,0.0,0.0,0.0,line,_411-2532160-0,,1000000.0,7621.02355330306,58.08,a
528,529,_395-2525469_sn,_391-2076644_n,1.7217630853994492e-05,0.0,0.0,0.0,0.0,0.0,1.7217630853994492e-05,0.0,0.0,0.0,0.0,0.0,switch,_395-2525469-0_a,CLOSED,1000000.0,7621.02355330306,58.08,a
530,529,_395-2525473_sn,_391-2076644_n,0.0,0.0,0.0,0.0,0.0,1.7217630853994492e-05,0.0,0.0,0.0,0.0,0.0,1.7217630853994492e-05,switch,_395-2525473-0_c,CLOSED,1000000.0,7621.02355330306,58.08,c
532,529,_395-2525471_sn,_391-2076644_n,0.0,0.0,0.0,1.7217630853994492e-05,0.0,0.0,0.0,0.0,0.0,1.7217630853994492e-05,0.0,0.0,switch,_395-2525471-0_b,CLOSED,1000000.0,7621.02355330306,58.08,b
531,530,_395-2525472_ln,_395-2525473_sn,0.0,0.0,0.0,0.0,0.0,0.0009564340705758335,0.0,0.0,0.0,0.0,0.0,0.00047717781361319154,line,_411-2532162-0,,1000000.0,7621.02355330306,58.08,c
370,531,_391-2042008_n,_395-2525472_ln,0.0,0.0,0.0,0.0,0.0,1.7217630853994492e-05,0.0,0.0,0.0,0.0,0.0,1.7217630853994492e-05,switch,_395-2525472-0_c,CLOSED,1000000.0,7621.02355330306,58.08,c
533,532,_395-2525470_ln,_395-2525471_sn,0.0,0.0,0.0,0.0008865043898635104,0.0,0.0,0.0,0.0,0.0,0.000442288955953735,0.0,0.0,line,_411-2532161-0,,1000000.0,7621.02355330306,58.08,b
370,533,_391-2042008_n,_395-2525470_ln,0.0,0.0,0.0,1.7217630853994492e-05,0.0,0.0,0.0,0.0,0.0,1.7217630853994492e-05,0.0,0.0,switch,_395-2525470-0_b,CLOSED,1000000.0,7621.02355330306,58.08,b
529,534,_391-2076644_n,_391-2076644_ln,0.0,0.0,0.0,0.0,0.0,0.0,0.0765,0.0,0.0,0.0765,0.0,0.0765,transformer,ave30778_tnk,,1000000.0,277.1281292110204,0.07680000000000002,abc
534,535,_391-2076644_ln,_406-2518339_n,0.3414579928450322,0.08421475707186012,0.0809325116975075,0.3438337880247759,0.08421475707186014,0.34145799284503225,0.10028674573526691,0.04180711147698684,0.031873931539115635,0.0937413152505943,0.04180711147698683,0.1002867457352669,line,_389-3607745-1,,1000000.0,277.1281292110204,0.07680000000000002,abc
537,536,_395-2483459_ln,_395-2483460_sn,0.0,0.0,0.0,0.0,0.0,0.00463575508388774,0.0,0.0,0.0,0.0,0.0,0.0023128405223414705,line,_411-2489509-0,,1000000.0,7621.02355330306,58.08,c
367,537,_391-2042005_n,_395-2483459_ln,0.0,0.0,0.0,0.0,0.0,1.7217630853994492e-05,0.0,0.0,0.0,0.0,0.0,1.7217630853994492e-05,switch,_395-2483459-0_c,CLOSED,1000000.0,7621.02355330306,58.08,c
539,538,_500-3418780_n,_395-2483453_sn,0.0,0.0,0.0,0.000983386135017041,0.0,0.0,0.0,0.0,0.0,0.000490624560836107,0.0,0.0,line,_411-2489505-0,,1000000.0,7621.02355330306,58.08,b
364,539,_402-1786262_ln,_500-3418780_n,0.0,0.0,0.0,2.7768713392666585e-05,0.0,0.0,0.0,0.0,0.0,0.00015103295090205388,0.0,0.0,line,_394-2896349-0,,1000000.0,7621.02355330306,58.08,b
541,540,_500-3418778_n,_395-2483452_sn,0.0005652806993304807,0.0,0.0,0.0,0.0,0.0,0.000282070430144744,0.0,0.0,0.0,0.0,0.0,line,_411-2489504-0,,1000000.0,7621.02355330306,58.08,a
364,541,_402-1786262_ln,_500-3418778_n,2.7745080483117674e-05,0.0,0.0,0.0,0.0,0.0,0.00015105729330873105,0.0,0.0,0.0,0.0,0.0,line,_394-2896347-0,,1000000.0,7621.02355330306,58.08,a
96,542,_409-23087_n,_409-23087_n_sec,0.0,0.0,0.0,0.0,0.0,0.0,0.40800038046035486,0.0,0.0,0.40800038046035486,0.0,0.40800038046035486,transformer,sf0151_se2595_ave08046_tnk,,1000000.0,119.99994404998696,0.014399986572000001,abc
542,543,_409-23087_n_sec,_406-92761_n,11.384754064968154,2.8078543129587596,2.6984190174000378,11.463966865362005,2.8078543129587605,11.384754064968154,3.3437200478425364,1.393915773845173,1.0627277125158756,3.1254849563267184,1.3939157738451728,3.343720047842536,line,_389-153730-1,,1000000.0,119.99994404998696,0.014399986572000001,abc
542,544,_409-23087_n_sec,_406-2094166_n,0.8121930201865701,0.20031347727600135,0.19250631844695404,0.8178440938261217,0.2003134772760014,0.8121930201865702,0.23854235838718657,0.09944252249845838,0.0758154304905179,0.22297337753108407,0.09944252249845836,0.23854235838718654,line,_389-2975521-1,,1000000.0,119.99994404998696,0.014399986572000001,abc
89,545,_500-4034322_n,_402-2071494_sn,5.549016096623535e-05,2.000265932376075e-05,2.000265932376075e-05,5.553742678533317e-05,2.002629773127761e-05,5.553742678533317e-05,0.0003021145866174621,0.00016945719849037325,0.00016945719849037325,0.00030206590180410775,0.00017232891639523185,0.00030206590180410775,line,_394-3282412-1,,1000000.0,7621.02355330306,58.08,abc
545,546,_402-2071494_sn,_402-2071494_ln,1.7217630853994492e-05,0.0,0.0,1.7217630853994492e-05,0.0,1.7217630853994492e-05,1.7217630853994492e-05,0.0,0.0,1.7217630853994492e-05,0.0,1.7217630853994492e-05,switch,_402-2071494-0,CLOSED,1000000.0,7621.02355330306,58.08,abc
546,547,_402-2071494_ln,_500-4034326_n,0.0,0.0,0.0,2.7768713392666585e-05,0.0,0.0,0.0,0.0,0.0,0.00015103295090205388,0.0,0.0,line,_394-3282414-0,,1000000.0,7621.02355330306,58.08,b
547,548,_500-4034326_n,_395-2803887_sn,0.0,0.0,0.0,0.002288740174980402,0.0,0.0,0.0,0.0,0.0,0.0011418832371459615,0.0,0.0,line,_411-2816702-0,,1000000.0,7621.02355330306,58.08,b
548,549,_395-2803887_sn,_391-2327239_n,0.0,0.0,0.0,1.7217630853994492e-05,0.0,0.0,0.0,0.0,0.0,1.7217630853994492e-05,0.0,0.0,switch,_395-2803887-0_b,CLOSED,1000000.0,7621.02355330306,58.08,b
552,549,_395-2803886_sn,_391-2327239_n,1.7217630853994492e-05,0.0,0.0,0.0,0.0,0.0,1.7217630853994492e-05,0.0,0.0,0.0,0.0,0.0,switch,_395-2803886-0_a,CLOSED,1000000.0,7621.02355330306,58.08,a
554,549,_395-2803888_sn,_391-2327239_n,0.0,0.0,0.0,0.0,0.0,1.7217630853994492e-05,0.0,0.0,0.0,0.0,0.0,1.7217630853994492e-05,switch,_395-2803888-0_c,CLOSED,1000000.0,7621.02355330306,58.08,c
549,550,_391-2327239_n,_391-2327239_ln,0.0,0.0,0.0,0.0,0.0,0.0,0.0765,0.0,0.0,0.0765,0.0,0.0765,transformer,ave31183_tnk,,1000000.0,277.1281292110204,0.07680000000000002,abc
550,551,_391-2327239_ln,_406-2961635_n,0.247662433082045,0.0610816910860714,0.05870105015096994,0.24938561785747637,0.06108169108607141,0.24766243308204505,0.07273884335736953,0.03032305925028367,0.02311843799904992,0.06799138606138784,0.030323059250283665,0.07273884335736952,line,_389-4131921-1,,1000000.0,277.1281292110204,0.07680000000000002,abc
553,552,_500-4034324_n,_395-2803886_sn,0.0024257535164568314,0.0,0.0,0.0,0.0,0.0,0.0012104310984304089,0.0,0.0,0.0,0.0,0.0,line,_411-2816701-0,,1000000.0,7621.02355330306,58.08,a
546,553,_402-2071494_ln,_500-4034324_n,2.7745080483117674e-05,0.0,0.0,0.0,0.0,0.0,0.00015105729330873105,0.0,0.0,0.0,0.0,0.0,line,_394-3282413-0,,1000000.0,7621.02355330306,58.08,a
555,554,_500-4034328_n,_395-2803888_sn,0.0,0.0,0.0,0.0,0.0,0.0023870787884821064,0.0,0.0,0.0,0.0,0.0,0.0011909456932295724,line,_411-2816703-0,,1000000.0,7621.02355330306,58.08,c
546,555,_402-2071494_ln,_500-4034328_n,0.0,0.0,0.0,0.0,0.0,2.7768713392666585e-05,0.0,0.0,0.0,0.0,0.0,0.00015103295090205388,line,_394-3282415-0,,1000000.0,7621.02355330306,58.08,c
88,556,_500-15176_n,_402-36567_sn,0.00015884236025787008,1.9575773301607327e-05,1.9598907230914983e-05,0.0001587961031605213,1.9575773301607327e-05,0.00015884236025787008,0.00033796494797490144,0.0001658407338884446,0.00016865116513069947,0.0003380125937830928,0.0001658407338884446,0.00033796494797490144,line,_389-150128-0,,1000000.0,7621.02355330306,58.08,abc
556,557,_402-36567_sn,_402-36567_ln,1.7217630853994492e-05,0.0,0.0,1.7217630853994492e-05,0.0,1.7217630853994492e-05,1.7217630853994492e-05,0.0,0.0,1.7217630853994492e-05,0.0,1.7217630853994492e-05,switch,_402-36567-0,CLOSED,1000000.0,7621.02355330306,58.08,abc
557,558,_402-36567_ln,_500-15177_n,0.0013605516184704478,0.00016767473113012254,0.00016787288296386525,0.001360155406977736,0.00016767473113012254,0.0013605516184704478,0.002894811914196235,0.001420495631857565,0.0014445681574045428,0.002895220020581351,0.001420495631857565,0.002894811914196235,line,_389-1735494-68,,1000000.0,7621.02355330306,58.08,abc
558,559,_500-15177_n,_402-36888_sn,0.000581169546165943,2.3692174229515404e-05,2.3720172770126076e-05,0.0005811135621088712,2.3692174229515404e-05,0.000581169546165943,0.0004080778855412913,0.00020071378540704275,0.00020411519518154754,0.00040813555032784065,0.00020071378540704275,0.0004080778855412913,line,_389-150138-1,,1000000.0,7621.02355330306,58.08,abc
559,560,_402-36888_sn,_402-36888_ln,1.7217630853994492e-05,0.0,0.0,1.7217630853994492e-05,0.0,1.7217630853994492e-05,1.7217630853994492e-05,0.0,0.0,1.7217630853994492e-05,0.0,1.7217630853994492e-05,switch,_402-36888-0,CLOSED,1000000.0,7621.02355330306,58.08,abc
560,561,_402-36888_ln,_409-23095_n,0.0015759642648283678,6.424634633409132e-05,6.432227030457611e-05,0.0015758124522051373,6.424634633409132e-05,0.0015759642648283678,0.001106589581512871,0.0005442779225902691,0.0005535015653121243,0.0011067459517899102,0.0005442779225902691,0.001106589581512871,line,_389-761142-6,,1000000.0,7621.02355330306,58.08,abc
561,562,_409-23095_n,_409-23095_n_sec,0.0,0.0,0.0,0.0,0.0,0.0,0.40800038046035486,0.0,0.0,0.40800038046035486,0.0,0.40800038046035486,transformer,ava22958_ava22977_ava23008_tnk,,1000000.0,119.99994404998696,0.014399986572000001,abc
562,563,_409-23095_n_sec,_406-92628_n,5.828679321338916,1.437543778098363,1.3815159323840234,5.869234085105108,1.4375437780983633,5.828679321338917,1.7118922190139276,0.7136463379301132,0.544087207049599,1.6001618858113094,0.7136463379301131,1.7118922190139274,line,_389-153469-1,,1000000.0,119.99994404998696,0.014399986572000001,abc
561,564,_409-23095_n,_409-176291_n,0.002796644701563012,0.00011400905977369124,0.00011414379148970579,0.0027963753008044654,0.00011400905977369124,0.002796644701563012,0.001963710700178749,0.0009658543676151001,0.0009822222841490427,0.001963988188771939,0.0009658543676151001,0.001963710700178749,line,_389-761142-8,,1000000.0,7621.02355330306,58.08,abc
564,565,_409-176291_n,_409-176291_n_sec,0.0,0.0,0.0,0.0,0.0,0.0,0.40800038046035486,0.0,0.0,0.40800038046035486,0.0,0.40800038046035486,transformer,sg0569_sg0564_sg0566_tnk,,1000000.0,119.99994404998696,0.014399986572000001,abc
565,566,_409-176291_n_sec,_406-92627_n,9.546780932781243,2.354549765766701,2.2627818815373804,9.613205490406004,2.3545497657667016,9.546780932781244,2.803904468654924,1.1688797540735751,0.8911592296757416,2.6209016037131234,1.168879754073575,2.803904468654923,line,_389-761141-0,,1000000.0,119.99994404998696,0.014399986572000001,abc
565,567,_409-176291_n_sec,_406-1853781_n,8.324275867794539,2.0530398605242772,1.9730232361241449,8.382194484127933,2.0530398605242777,8.324275867794539,2.4448528219475665,1.019199832665861,0.7770425782453773,2.285284236149035,1.0191998326658607,2.4448528219475665,line,_389-761137-2,,1000000.0,119.99994404998696,0.014399986572000001,abc
565,568,_409-176291_n_sec,_500-344999_n,4.763554218741303,1.1748489411170324,1.1290595493688136,4.7966980589455925,1.1748489411170326,4.763554218741304,1.3990633130321153,0.5832355558300588,0.44466143488383336,1.3077504322324827,0.5832355558300587,1.399063313032115,line,_389-922127-0,,1000000.0,119.99994404998696,0.014399986572000001,abc
564,569,_409-176291_n,_500-204024_n,0.0007359984986194181,3.0003988985641134e-05,3.0039446596916422e-05,0.0007359275998907714,3.0003988985641134e-05,0.0007359984986194181,0.0005167936156661913,0.00025418579773555994,0.00025849337459284784,0.0005168666428862229,0.00025418579773555994,0.0005167936156661913,line,_389-761142-9,,1000000.0,7621.02355330306,58.08,abc
558,570,_500-15177_n,_409-23064_n,0.0006549154635554239,8.071195004572366e-05,8.08073324614205e-05,0.0006547247430933019,8.071195004572366e-05,0.0006549154635554239,0.001393447378955707,0.0006837701286646617,0.0006953576855155164,0.0013936438251461783,0.0006837701286646617,0.001393447378955707,line,_389-1735494-70,,1000000.0,7621.02355330306,58.08,abc
570,571,_409-23064_n,_500-15178_n,0.00104311431596134,0.00012855367638563316,0.00012870559639491835,0.0010428105466117723,0.00012855367638563316,0.00104311431596134,0.002219408443399041,0.0010890724829808135,0.0011075285236620388,0.0022197213323824285,0.0010890724829808135,0.002219408443399041,line,_389-1735494-72,,1000000.0,7621.02355330306,58.08,abc
571,572,_500-15178_n,_500-15179_n,0.0025914562014656252,0.0003193717282882167,0.00031974915005701486,0.0025907015334942374,0.0003193717282882167,0.0025914562014656252,0.0055137770484254165,0.002705632160042942,0.0027514833389080165,0.005514554372716689,0.002705632160042942,0.0055137770484254165,line,_389-1735494-74,,1000000.0,7621.02355330306,58.08,abc
572,573,_500-15179_n,_403-144444_sn,0.00010300230548389495,1.0001329661880376e-05,1.0013148865638806e-05,0.00010297867257434605,1.0001329661880376e-05,0.00010300230548389495,0.00016554122707950514,8.472859924518663e-05,8.616445819761593e-05,0.00016556556948618236,8.472859924518663e-05,0.00016554122707950514,line,_389-456127-0,,1000000.0,7621.02355330306,58.08,abc
573,574,_403-144444_sn,_403-144444_ln,1.7217630853994492e-05,0.0,0.0,1.7217630853994492e-05,0.0,1.7217630853994492e-05,1.7217630853994492e-05,0.0,0.0,1.7217630853994492e-05,0.0,1.7217630853994492e-05,switch,_403-144444-0,CLOSED,1000000.0,7621.02355330306,58.08,abc
574,575,_403-144444_ln,_409-1378451_n,0.0004430983324322433,4.302401266132077e-05,4.30748568579767e-05,0.0004429966676902508,4.302401266132077e-05,0.0004430983324322433,0.0007121300957597005,0.0003644879680943852,0.00037066478816108565,0.0007122348126372052,0.0003644879680943852,0.0007121300957597005,line,_389-456128-4,,1000000.0,7621.02355330306,58.08,abc
575,576,_409-1378451_n,_409-1378451_n_sec,0.0,0.0,0.0,0.0,0.0,0.0,0.0765,0.0,0.0,0.0765,0.0,0.0765,transformer,ave05084_ave05086_ave05093_tnk,,1000000.0,277.1281292110204,0.07680000000000002,abc
576,577,_409-1378451_n_sec,_406-2287571_n,0.9232012399143463,0.2276917506016959,0.21881753162659434,0.9296246861410608,0.22769175060169594,0.9232012399143465,0.27114564587683276,0.11303404214148294,0.08617766675390523,0.2534487412330883,0.11303404214148291,0.2711456458768327,line,_389-3340514-1,,1000000.0,277.1281292110204,0.07680000000000002,abc
575,578,_409-1378451_n,_402-36896_sn,0.0007181898556148407,6.973488090463542e-05,6.981729102352423e-05,0.0007180250737119798,6.973488090463542e-05,0.0007181898556148407,0.0011542462997891107,0.0005907753246150666,0.0006007869387132549,0.0011544160287039606,0.0005907753246150666,0.0011542462997891107,line,_389-456128-5,,1000000.0,7621.02355330306,58.08,abc
578,579,_402-36896_sn,_402-36896_ln,1.7217630853994492e-05,0.0,0.0,1.7217630853994492e-05,0.0,1.7217630853994492e-05,1.7217630853994492e-05,0.0,0.0,1.7217630853994492e-05,0.0,1.7217630853994492e-05,switch,_402-36896-0,CLOSED,1000000.0,7621.02355330306,58.08,abc
579,580,_402-36896_ln,_500-15183_n,0.0012297470374235755,0.00011940611876805962,0.00011954722853000479,0.0012294648835400584,0.00011940611876805962,0.0012297470374235755,0.0019764007476931163,0.0010115768129394845,0.0010287195679934877,0.001976691372280153,0.0010115768129394845,0.0019764007476931163,line,_389-454438-0,,1000000.0,7621.02355330306,58.08,abc
580,581,_500-15183_n,_403-144445_sn,0.00024533283287313934,1.0001329661880376e-05,1.0013148865638806e-05,0.0002453091999635904,1.0001329661880376e-05,0.00024533283287313934,0.00017226453855539704,8.472859924518663e-05,8.616445819761593e-05,0.00017228888096207427,8.472859924518663e-05,0.00017226453855539704,line,_389-456593-0,,1000000.0,7621.02355330306,58.08,abc
581,582,_403-144445_sn,_403-144445_ln,1.7217630853994492e-05,0.0,0.0,1.7217630853994492e-05,0.0,1.7217630853994492e-05,1.7217630853994492e-05,0.0,0.0,1.7217630853994492e-05,0.0,1.7217630853994492e-05,switch,_403-144445-0,CLOSED,1000000.0,7621.02355330306,58.08,abc
582,583,_403-144445_ln,_409-23017_n,0.0008167788216386224,3.32971097279676e-05,3.333645902828529e-05,0.0008167001413421975,3.32971097279676e-05,0.0008167788216386224,0.000573514866166139,0.0002820842389504384,0.00028686459863352617,0.0005735959085688571,0.0002820842389504384,0.000573514866166139,line,_389-456594-3,,1000000.0,7621.02355330306,58.08,abc
583,584,_409-23017_n,_500-15184_n,0.00019596707991695886,7.988866986014204e-06,7.998307935357828e-06,0.00019594820240994115,7.988866986014204e-06,0.00019596707991695886,0.0001376015521387623,6.76795518360942e-05,6.882648795053468e-05,0.00013762099637824228,6.76795518360942e-05,0.0001376015521387623,line,_389-456594-4,,1000000.0,7621.02355330306,58.08,abc
583,585,_409-23017_n,_409-23017_n_sec,0.0,0.0,0.0,0.0,0.0,0.0,0.0765,0.0,0.0,0.0765,0.0,0.0765,transformer,sf5116_sf5115_sf5128_tnk,,1000000.0,277.1281292110204,0.07680000000000002,abc
585,586,_409-23017_n_sec,_406-92632_n,0.9648296063260093,0.23795867314595048,0.22868430388601269,0.9715426942490195,0.23795867314595054,0.9648296063260094,0.28337196210073107,0.11813089678142424,0.09006353186438383,0.26487708059234283,0.11813089678142422,0.283371962100731,line,_389-153489-1,,1000000.0,277.1281292110204,0.07680000000000002,abc
580,587,_500-15183_n,_500-15187_n,0.0014954176180314261,0.00014520223124961693,0.00014537382590906094,0.0014950745085336458,0.00014520223124961693,0.0014954176180314261,0.0024033759858311083,0.0012301146024560326,0.001250960822978802,0.002403729396015855,0.0012301146024560326,0.0024033759858311083,line,_389-454438-1,,1000000.0,7621.02355330306,58.08,abc
587,588,_500-15187_n,_500-3175214_n,0.001635161599556833,0.00015877110838235101,0.00015895873824201608,0.0016347864271177438,0.00015877110838235101,0.001635161599556833,0.0026279669798871448,0.001345066513017338,0.0013678607738871532,0.0026283534155931453,0.001345066513017338,0.0026279669798871448,line,_389-454438-7,,1000000.0,7621.02355330306,58.08,abc
588,589,_500-3175214_n,_500-15191_n,0.002491839311020447,0.00024195289898481948,0.0002422388300269632,0.002491267581943402,0.00024195289898481948,0.002491839311020447,0.0040047854782801024,0.002049760472593158,0.002084496877433178,0.004005374371563588,0.002049760472593158,0.0040047854782801024,line,_389-454438-8,,1000000.0,7621.02355330306,58.08,abc
589,590,_500-15191_n,_403-142228_sn,0.00024533283287313934,1.0001329661880376e-05,1.0013148865638806e-05,0.0002453091999635904,1.0001329661880376e-05,0.00024533283287313934,0.00017226453855539704,8.472859924518663e-05,8.616445819761593e-05,0.00017228888096207427,8.472859924518663e-05,0.00017226453855539704,line,_389-453817-0,,1000000.0,7621.02355330306,58.08,abc
590,591,_403-142228_sn,_403-142228_ln,1.7217630853994492e-05,0.0,0.0,1.7217630853994492e-05,0.0,1.7217630853994492e-05,1.7217630853994492e-05,0.0,0.0,1.7217630853994492e-05,0.0,1.7217630853994492e-05,switch,_403-142228-0,CLOSED,1000000.0,7621.02355330306,58.08,abc
591,592,_403-142228_ln,_409-150372_n,0.003504416283779642,0.0001489222380140968,0.00014909822884079247,0.0035040643839923348,0.0001489222380140968,0.003504416283779642,0.002594289216992322,0.0012616295082728398,0.0012830097982840128,0.0025946516813649184,0.0012616295082728398,0.002594289216992322,line,_389-673181-1,,1000000.0,7621.02355330306,58.08,abc
592,593,_409-150372_n,_409-150372_n_sec,0.0,0.0,0.0,0.0,0.0,0.0,0.40800038046035486,0.0,0.0,0.40800038046035486,0.0,0.40800038046035486,transformer,ave10210_ave09555_ave10211_tnk,,1000000.0,119.99994404998696,0.014399986572000001,abc
593,594,_409-150372_n_sec,_406-398445_n,9.785661232836116,2.4134654943772897,2.319401386962955,9.853747870943097,2.4134654943772906,9.785661232836118,2.8740639858276253,1.1981275548084158,0.9134578857023644,2.686482008869324,1.1981275548084156,2.874063985827625,line,_389-1488772-2,,1000000.0,119.99994404998696,0.014399986572000001,abc
593,595,_409-150372_n_sec,_406-2076023_n,5.660057933064888,1.3959562049614767,1.3415492226718528,5.6994394635495125,1.395956204961477,5.660057933064889,1.6623678539508437,0.6930008315290493,0.5283469792661005,1.5538698351128144,0.6930008315290491,1.6623678539508435,line,_389-3567432-1,,1000000.0,119.99994404998696,0.014399986572000001,abc
592,596,_409-150372_n,_500-142435_n,0.0007060494724076921,3.0003988985641134e-05,3.0039446596916422e-05,0.0007059785736790454,3.0003988985641134e-05,0.0007060494724076921,0.0005226823483866596,0.00025418579773555994,0.00025849337459284784,0.0005227553756066912,0.00025418579773555994,0.0005226823483866596,line,_389-673181-2,,1000000.0,7621.02355330306,58.08,abc
589,597,_500-15191_n,_409-23127_n,0.001976199720762656,0.0001918852669579671,0.0001921120299130031,0.0019757463003364623,0.0001918852669579671,0.001976199720762656,0.0031760699451564814,0.0016256008385669497,0.0016531491934073082,0.003176536977977273,0.0016256008385669497,0.0031760699451564814,line,_389-454438-4,,1000000.0,7621.02355330306,58.08,abc
597,598,_409-23127_n,_500-15197_n,0.0014015222237031197,0.00013608516549076867,0.00013624598593703046,0.0014012006576198366,0.00013608516549076867,0.0014015222237031197,0.0022524710257799743,0.0011528772513148414,0.0011724145638291462,0.002252802245783024,0.0011528772513148414,0.0022524710257799743,line,_389-454438-5,,1000000.0,7621.02355330306,58.08,abc
598,599,_500-15197_n,_403-1490489_sn,0.006673746080146284,0.00028360477800350425,0.0002839399317052028,0.006673075928647155,0.00028360477800350425,0.006673746080146284,0.004940516791000326,0.0024026240901813445,0.002443340322243981,0.004941207061501865,0.0024026240901813445,0.004940516791000326,line,_389-3466579-1,,1000000.0,7621.02355330306,58.08,abc
599,600,_403-1490489_sn,_403-1490489_ln,1.7217630853994492e-05,0.0,0.0,0.0,0.0,1.7217630853994492e-05,1.7217630853994492e-05,0.0,0.0,0.0,0.0,1.7217630853994492e-05,switch,_403-1490489-0,CLOSED,1000000.0,7621.02355330306,58.08,ac
600,601,_403-1490489_ln,_403-1490490_sn,0.0008560132322991632,0.0,3.6419776209472855e-05,0.0,0.0,0.0008560132322991632,0.0006336992292939886,0.0,0.0003133969470419384,0.0,0.0,0.0006336992292939886,line,_389-3466581-4,,1000000.0,7621.02355330306,58.08,ac
601,602,_403-1490490_sn,_403-1490490_ln,1.7217630853994492e-05,0.0,0.0,0.0,0.0,1.7217630853994492e-05,1.7217630853994492e-05,0.0,0.0,0.0,0.0,1.7217630853994492e-05,switch,_403-1490490-0,CLOSED,1000000.0,7621.02355330306,58.08,ac
602,603,_403-1490490_ln,_409-22382_n,0.001943071109024421,0.0,8.266953392728626e-05,0.0,0.0,0.001943071109024421,0.0014384388205600346,0.0,0.0007113821731681219,0.0,0.0,0.0014384388205600346,line,_389-3466578-2,,1000000.0,7621.02355330306,58.08,ac
603,604,_409-22382_n,_500-15196_n,0.00018799284732806435,0.0,7.998307935357828e-06,0.0,0.0,0.00018799284732806435,0.0001391694870704317,0.0,6.882648795053468e-05,0.0,0.0,0.0001391694870704317,line,_389-3466578-1,,1000000.0,7621.02355330306,58.08,ac
603,605,_409-22382_n,_409-22382_n_sec,0.0,0.0,0.0,0.0,0.0,0.0,0.40800038046035486,0.0,0.0,0.40800038046035486,0.0,0.40800038046035486,transformer,ave02954___ava17230_tnk,,1000000.0,119.99994404998696,0.014399986572000001,abc
605,606,_409-22382_n_sec,_406-2099747_n,11.13236652532837,0.0,2.962794436650384,0.0,0.0,11.13236652532837,4.088507821400444,0.0,1.9432151041467858,0.0,0.0,4.088507821400445,line,_389-3283555-0,,1000000.0,119.99994404998696,0.014399986572000001,ac
598,607,_500-15197_n,_403-142231_sn,0.00024533283287313934,1.0001329661880376e-05,1.0013148865638806e-05,0.0002453091999635904,1.0001329661880376e-05,0.00024533283287313934,0.00017226453855539704,8.472859924518663e-05,8.616445819761593e-05,0.00017228888096207427,8.472859924518663e-05,0.00017226453855539704,line,_389-453823-0,,1000000.0,7621.02355330306,58.08,abc
607,608,_403-142231_sn,_403-142231_ln,1.7217630853994492e-05,0.0,0.0,1.7217630853994492e-05,0.0,1.7217630853994492e-05,1.7217630853994492e-05,0.0,0.0,1.7217630853994492e-05,0.0,1.7217630853994492e-05,switch,_403-142231-0,CLOSED,1000000.0,7621.02355330306,58.08,abc
608,609,_403-142231_ln,_409-1446292_n,0.0027465309826529504,0.00011196610523909983,0.00011209842266654176,0.002746266409348488,0.00011196610523909983,0.0027465309826529504,0.0019285225169982257,0.00094854700130587,0.0009646216173830663,0.0019287950332095634,0.00094854700130587,0.0019285225169982257,line,_389-454440-2,,1000000.0,7621.02355330306,58.08,abc
609,610,_409-1446292_n,_500-3340973_n,0.000183251658700973,7.470505387685036e-06,7.47933375634606e-06,0.0001832340060703648,7.470505387685036e-06,0.000183251658700973,0.0001286732071526594,6.328813053375222e-05,6.436064712931677e-05,0.00012869138974301282,6.328813053375222e-05,0.0001286732071526594,line,_389-454440-3,,1000000.0,7621.02355330306,58.08,abc
609,611,_409-1446292_n,_409-1446292_n_sec,0.0,0.0,0.0,0.0,0.0,0.0,0.40800038046035486,0.0,0.0,0.40800038046035486,0.0,0.40800038046035486,transformer,__ava22339_ave07797_tnk,,1000000.0,119.99994404998696,0.014399986572000001,abc
611,612,_409-1446292_n_sec,_406-92641_n,0.0,0.0,0.0,2.65872624591267,0.7330464835047924,2.65872624591267,0.0,0.0,0.0,0.9223354216035619,0.5100967905247502,0.9223354216035619,line,_389-3466582-0,,1000000.0,119.99994404998696,0.014399986572000001,bc
598,613,_500-15197_n,_403-142232_sn,0.0001077127767712682,1.0458707542759052e-05,1.0471067258884484e-05,0.00010768806308841675,1.0458707542759052e-05,0.0001077127767712682,0.0001731117100252142,8.860338274725309e-05,9.010490598104349e-05,0.000173137165651709,8.860338274725309e-05,0.0001731117100252142,line,_389-454438-6,,1000000.0,7621.02355330306,58.08,abc
613,614,_403-142232_sn,_403-142232_ln,1.7217630853994492e-05,0.0,0.0,1.7217630853994492e-05,0.0,1.7217630853994492e-05,1.7217630853994492e-05,0.0,0.0,1.7217630853994492e-05,0.0,1.7217630853994492e-05,switch,_403-142232-0,CLOSED,1000000.0,7621.02355330306,58.08,abc
614,615,_403-142232_ln,_409-23037_n,0.004433181544256541,0.00043045356962428445,0.0004309622638299483,0.004432164392475742,0.00043045356962428445,0.004433181544256541,0.007124833849638336,0.0036466879132448166,0.003708486757243123,0.007125881537915964,0.0036466879132448166,0.007124833849638336,line,_389-454439-7,,1000000.0,7621.02355330306,58.08,abc
615,616,_409-23037_n,_500-15198_n,0.0006481608491425586,6.293519640890579e-05,6.300957091060517e-05,0.0006480121347361288,6.293519640890579e-05,0.0006481608491425586,0.001041698453329569,0.0005331702098843452,0.000542205614999632,0.0010418516323764647,0.0005331702098843452,0.001041698453329569,line,_389-454439-4,,1000000.0,7621.02355330306,58.08,abc
616,617,_500-15198_n,_403-142230_sn,0.0,0.0,0.0,0.0002453091999635904,0.0,0.0,0.0,0.0,0.0,0.00017228888096207427,0.0,0.0,line,_389-453821-0,,1000000.0,7621.02355330306,58.08,b
617,618,_403-142230_sn,_403-142230_ln,0.0,0.0,0.0,1.7217630853994492e-05,0.0,0.0,0.0,0.0,0.0,1.7217630853994492e-05,0.0,0.0,switch,_403-142230-0,CLOSED,1000000.0,7621.02355330306,58.08,b
618,619,_403-142230_ln,_409-23121_n,0.0,0.0,0.0,0.0034620008738764025,0.0,0.0,0.0,0.0,0.0,0.0024314793596751276,0.0,0.0,line,_389-453822-3,,1000000.0,7621.02355330306,58.08,b
619,620,_409-23121_n,_500-15199_n,0.0,0.0,0.0,0.00019594820240994115,0.0,0.0,0.0,0.0,0.0,0.00013762099637824228,0.0,0.0,line,_389-453822-4,,1000000.0,7621.02355330306,58.08,b
619,621,_409-23121_n,_409-23121_n_sec,0.0,0.0,0.0,0.0,0.0,0.0,0.40800038046035486,0.0,0.0,0.40800038046035486,0.0,0.40800038046035486,transformer,__sc8217___tnk,,1000000.0,119.99994404998696,0.014399986572000001,b
621,622,_409-23121_n_sec,_406-92759_n,7.8887201107453935,2.2725124968262373,0.0,7.8887201107453935,0.0,0.0,3.2100946912605224,2.4552718555132276,0.0,3.2100946912605224,0.0,0.0,line,_389-153712-0,,1000000.0,119.99994404998696,0.014399986572000001,ab
621,623,_409-23121_n_sec,_500-4481426_n,3.760735931539034,1.0833594400243445,0.0,3.760735931539034,0.0,0.0,1.5303266283490253,1.1704850671717695,0.0,1.5303266283490253,0.0,0.0,line,_389-4550959-0,,1000000.0,119.99994404998696,0.014399986572000001,ab
623,624,_500-4481426_n,_406-3326696_n,3.56714770796246,1.027592262188118,0.0,3.56714770796246,0.0,0.0,1.4515512985021415,1.110232997097825,0.0,1.4515512985021415,0.0,0.0,line,_389-4550960-1,,1000000.0,119.99994404998696,0.014399986572000001,ab
621,625,_409-23121_n_sec,_406-92635_n,20.212888049906994,5.822749450547197,0.0,20.212888049906994,0.0,0.0,8.225071204601122,6.291024963603,0.0,8.225071204601122,0.0,0.0,line,_389-153492-1,,1000000.0,119.99994404998696,0.014399986572000001,ab
616,626,_500-15198_n,_403-142229_sn,0.0,0.0,0.0,0.00010297867257434605,0.0,0.0,0.0,0.0,0.0,0.00016556556948618236,0.0,0.0,line,_389-453819-0,,1000000.0,7621.02355330306,58.08,b
626,627,_403-142229_sn,_403-142229_ln,0.0,0.0,0.0,1.7217630853994492e-05,0.0,0.0,0.0,0.0,0.0,1.7217630853994492e-05,0.0,0.0,switch,_403-142229-0,CLOSED,1000000.0,7621.02355330306,58.08,b
627,628,_403-142229_ln,_500-3953557_n,0.0,0.0,0.0,0.0024473132704787423,0.0,0.0,0.0,0.0,0.0,0.00393470614068534,0.0,0.0,line,_389-453820-4,,1000000.0,7621.02355330306,58.08,b
628,629,_500-3953557_n,_402-2033094_sn,0.0,0.0,0.0,5.553742678533317e-05,0.0,0.0,0.0,0.0,0.0,0.00030206590180410775,0.0,0.0,line,_394-3237658-1,,1000000.0,7621.02355330306,58.08,b
629,630,_402-2033094_sn,_402-2033094_ln,0.0,0.0,0.0,1.7217630853994492e-05,0.0,0.0,0.0,0.0,0.0,1.7217630853994492e-05,0.0,0.0,switch,_402-2033094-0,CLOSED,1000000.0,7621.02355330306,58.08,b
630,631,_402-2033094_ln,_500-3953559_n,0.0,0.0,0.0,2.7768713392666585e-05,0.0,0.0,0.0,0.0,0.0,0.00015103295090205388,0.0,0.0,line,_394-3237659-0,,1000000.0,7621.02355330306,58.08,b
631,632,_500-3953559_n,_395-2769676_sn,0.0,0.0,0.0,0.005990642647688997,0.0,0.0,0.0,0.0,0.0,0.00298881213949344,0.0,0.0,line,_411-2783136-0,,1000000.0,7621.02355330306,58.08,b
632,633,_395-2769676_sn,_391-33247_n,0.0,0.0,0.0,1.7217630853994492e-05,0.0,0.0,0.0,0.0,0.0,1.7217630853994492e-05,0.0,0.0,switch,_395-2769676-0_b,CLOSED,1000000.0,7621.02355330306,58.08,b
633,634,_391-33247_n,_395-219033_ln,0.0,0.0,0.0,1.7217630853994492e-05,0.0,0.0,0.0,0.0,0.0,1.7217630853994492e-05,0.0,0.0,switch,_395-219033-0_b,CLOSED,1000000.0,7621.02355330306,58.08,b
634,635,_395-219033_ln,_395-219034_sn,0.0,0.0,0.0,0.005929454177065714,0.0,0.0,0.0,0.0,0.0,0.0029582843890414157,0.0,0.0,line,_411-199168-1,,1000000.0,7621.02355330306,58.08,b
635,636,_395-219034_sn,_391-33244_n,0.0,0.0,0.0,1.7217630853994492e-05,0.0,0.0,0.0,0.0,0.0,1.7217630853994492e-05,0.0,0.0,switch,_395-219034-0_b,CLOSED,1000000.0,7621.02355330306,58.08,b
636,637,_391-33244_n,_391-33244_ln,0.0,0.0,0.0,0.0,0.0,0.0,0.40800038046035486,0.0,0.0,0.40800038046035486,0.0,0.40800038046035486,transformer,__ava11504___tnk,,1000000.0,119.99994404998696,0.014399986572000001,b
637,638,_391-33244_ln,_406-92640_n,6.291617266238656,1.8124332796773668,0.0,6.291617266238656,0.0,0.0,2.560198220023729,1.9581922774031875,0.0,2.560198220023729,0.0,0.0,line,_389-153497-0,,1000000.0,119.99994404998696,0.014399986572000001,ab
633,639,_391-33247_n,_391-33247_ln,0.0,0.0,0.0,0.0,0.0,0.0,0.40800038046035486,0.0,0.0,0.40800038046035486,0.0,0.40800038046035486,transformer,__sg3507___tnk,,1000000.0,119.99994404998696,0.014399986572000001,b
628,640,_500-3953557_n,_500-15189_n,0.0,0.0,0.0,8.53969479884821e-05,0.0,0.0,0.0,0.0,0.0,0.00013729827713488294,0.0,0.0,line,_389-453820-5,,1000000.0,7621.02355330306,58.08,b
616,641,_500-15198_n,_402-2389656_sn,5.549016096623535e-05,2.000265932376075e-05,2.000265932376075e-05,5.553742678533317e-05,2.002629773127761e-05,5.553742678533317e-05,0.0003021145866174621,0.00016945719849037325,0.00016945719849037325,0.00030206590180410775,0.00017232891639523185,0.00030206590180410775,line,_394-3636723-1,,1000000.0,7621.02355330306,58.08,abc
641,642,_402-2389656_sn,_402-2389656_ln,1.7217630853994492e-05,0.0,0.0,1.7217630853994492e-05,0.0,1.7217630853994492e-05,1.7217630853994492e-05,0.0,0.0,1.7217630853994492e-05,0.0,1.7217630853994492e-05,switch,_402-2389656-0,CLOSED,1000000.0,7621.02355330306,58.08,abc
642,643,_402-2389656_ln,_500-4573504_n,2.7745080483117674e-05,0.0,0.0,0.0,0.0,0.0,0.00015105729330873105,0.0,0.0,0.0,0.0,0.0,line,_394-3636724-0,,1000000.0,7621.02355330306,58.08,a
643,644,_500-4573504_n,_395-3133231_sn,0.0041740443391284215,0.0,0.0,0.0,0.0,0.0,0.002082813872073947,0.0,0.0,0.0,0.0,0.0,line,_411-3146022-0,,1000000.0,7621.02355330306,58.08,a
644,645,_395-3133231_sn,_391-2625460_n,1.7217630853994492e-05,0.0,0.0,0.0,0.0,0.0,1.7217630853994492e-05,0.0,0.0,0.0,0.0,0.0,switch,_395-3133231-0_a,CLOSED,1000000.0,7621.02355330306,58.08,a
648,645,_395-3133233_sn,_391-2625460_n,0.0,0.0,0.0,0.0,0.0,1.7217630853994492e-05,0.0,0.0,0.0,0.0,0.0,1.7217630853994492e-05,switch,_395-3133233-0_c,CLOSED,1000000.0,7621.02355330306,58.08,c
650,645,_395-3133232_sn,_391-2625460_n,0.0,0.0,0.0,1.7217630853994492e-05,0.0,0.0,0.0,0.0,0.0,1.7217630853994492e-05,0.0,0.0,switch,_395-3133232-0_b,CLOSED,1000000.0,7621.02355330306,58.08,b
645,646,_391-2625460_n,_391-2625460_ln,0.0,0.0,0.0,0.0,0.0,0.0,0.40800038046035486,0.0,0.0,0.40800038046035486,0.0,0.40800038046035486,transformer,ave31199_tnk,,1000000.0,119.99994404998696,0.014399986572000001,abc
646,647,_391-2625460_ln,_406-3508645_n,1.5513167721210617,0.38260567285935215,0.3676937293519676,1.562110518311485,0.3826056728593522,1.551316772121062,0.4556241585803703,0.18993865888978906,0.14481009560818645,0.4258868664261537,0.18993865888978903,0.45562415858037025,line,_389-4754212-1,,1000000.0,119.99994404998696,0.014399986572000001,abc
649,648,_500-4573652_n,_395-3133233_sn,0.0,0.0,0.0,0.0,0.0,0.004527946826122909,0.0,0.0,0.0,0.0,0.0,0.002259053533449808,line,_411-3146024-0,,1000000.0,7621.02355330306,58.08,c
642,649,_402-2389656_ln,_500-4573652_n,0.0,0.0,0.0,0.0,0.0,2.7768713392666585e-05,0.0,0.0,0.0,0.0,0.0,0.00015103295090205388,line,_394-3636726-0,,1000000.0,7621.02355330306,58.08,c
651,650,_500-4573650_n,_395-3133232_sn,0.0,0.0,0.0,0.004232930985617797,0.0,0.0,0.0,0.0,0.0,0.002111866165198976,0.0,0.0,line,_411-3146023-0,,1000000.0,7621.02355330306,58.08,b
642,651,_402-2389656_ln,_500-4573650_n,0.0,0.0,0.0,2.7768713392666585e-05,0.0,0.0,0.0,0.0,0.0,0.00015103295090205388,0.0,0.0,line,_394-3636725-0,,1000000.0,7621.02355330306,58.08,b
615,652,_409-23037_n,_409-23037_n_sec,0.0,0.0,0.0,0.0,0.0,0.0,0.40800038046035486,0.0,0.0,0.40800038046035486,0.0,0.40800038046035486,transformer,sc4977_ava08919_sc4978_tnk,,1000000.0,119.99994404998696,0.014399986572000001,abc
652,653,_409-23037_n_sec,_406-92758_n,10.631578530677492,2.6220964862806686,2.519901047352343,10.70555088908034,2.622096486280669,10.631578530677494,3.122511217227429,1.301699178587087,0.9924213617495821,2.918713796540108,1.3016991785870868,3.1225112172274287,line,_389-153711-0,,1000000.0,119.99994404998696,0.014399986572000001,abc
597,654,_409-23127_n,_409-23127_n_sec,0.0,0.0,0.0,0.0,0.0,0.0,0.40800038046035486,0.0,0.0,0.40800038046035486,0.0,0.40800038046035486,transformer,ave07855_ave08233_ave07832_tnk,,1000000.0,119.99994404998696,0.014399986572000001,abc
654,655,_409-23127_n_sec,_406-92757_n,4.656760672834418,1.1485101447970043,1.1037472998844389,4.689161465293714,1.1485101447970043,4.656760672834419,1.3676978818254955,0.5701600684427182,0.43469262395428426,1.2784321334567692,0.5701600684427182,1.3676978818254952,line,_389-3480337-0,,1000000.0,119.99994404998696,0.014399986572000001,abc
587,656,_500-15187_n,_403-142226_sn,0.0,0.0,0.0,0.00023532619122634843,1.0001329661880376e-05,0.00023534982413589732,0.0,0.0,0.0,0.00017425179186889706,8.472859924518663e-05,0.00017422744946221983,line,_389-453813-0,,1000000.0,7621.02355330306,58.08,bc
656,657,_403-142226_sn,_403-142226_ln,0.0,0.0,0.0,1.7217630853994492e-05,0.0,1.7217630853994492e-05,0.0,0.0,0.0,1.7217630853994492e-05,0.0,1.7217630853994492e-05,switch,_403-142226-0,CLOSED,1000000.0,7621.02355330306,58.08,bc
657,658,_403-142226_ln,_409-1365332_n,0.0,0.0,0.0,0.0008444479483945492,3.588891771961342e-05,0.0008445327530730219,0.0,0.0,0.0,0.0006252876799685727,0.0003040413454621484,0.0006252003293202217,line,_389-453815-1,,1000000.0,7621.02355330306,58.08,bc
658,659,_409-1365332_n,_409-1365332_n_sec,0.0,0.0,0.0,0.0,0.0,0.0,0.40800038046035486,0.0,0.0,0.40800038046035486,0.0,0.40800038046035486,transformer,____ave01842_tnk,,1000000.0,119.99994404998696,0.014399986572000001,c
659,660,_409-1365332_n_sec,_500-3175212_n,5.187025637595851,1.4942323237883088,0.0,5.187025637595851,0.0,0.0,2.1107154556032732,1.6144010540400937,0.0,2.1107154556032732,0.0,0.0,line,_389-3308804-1,,1000000.0,119.99994404998696,0.014399986572000001,ab
660,661,_500-3175212_n,_406-92255_n,13.17253986012953,3.794628409532659,0.0,13.17253986012953,0.0,0.0,5.360197811787238,4.099798944590293,0.0,5.360197811787238,0.0,0.0,line,_389-3308804-2,,1000000.0,119.99994404998696,0.014399986572000001,ab
660,662,_500-3175212_n,_406-92254_n,2.9749954946694097,0.8570103064537775,0.0,2.9749954946694097,0.0,0.0,1.2105914660293198,0.9259325474598783,0.0,1.2105914660293198,0.0,0.0,line,_389-3308805-1,,1000000.0,119.99994404998696,0.014399986572000001,ab
658,663,_409-1365332_n,_403-142227_sn,0.0,0.0,0.0,0.00019873583832225158,8.446244866892879e-06,0.00019875579660257183,0.0,0.0,0.0,0.0001471577632551356,7.155433533816065e-05,0.0001471372057958381,line,_389-453815-2,,1000000.0,7621.02355330306,58.08,bc
663,664,_403-142227_sn,_403-142227_ln,0.0,0.0,0.0,1.7217630853994492e-05,0.0,1.7217630853994492e-05,0.0,0.0,0.0,1.7217630853994492e-05,0.0,1.7217630853994492e-05,switch,_403-142227-0,CLOSED,1000000.0,7621.02355330306,58.08,bc
664,665,_403-142227_ln,_409-23112_n,0.0,0.0,0.0,0.003179055955255945,0.00013510942601156084,0.0031793752156895156,0.0,0.0,0.0,0.002353992956619155,0.001144611046510433,0.002353664111485049,line,_389-453816-3,,1000000.0,7621.02355330306,58.08,bc
665,666,_409-23112_n,_409-23112_n_sec,0.0,0.0,0.0,0.0,0.0,0.0,0.40800038046035486,0.0,0.0,0.40800038046035486,0.0,0.40800038046035486,transformer,__sf7119_sf6516_tnk,,1000000.0,119.99994404998696,0.014399986572000001,abc
666,667,_409-23112_n_sec,_406-92253_n,0.0,0.0,0.0,5.913171507189879,1.6303406890310779,5.913171507189879,0.0,0.0,0.0,2.0513309873412555,1.1344867912884897,2.0513309873412555,line,_389-152726-1,,1000000.0,119.99994404998696,0.014399986572000001,bc
665,668,_409-23112_n,_500-15186_n,0.0,0.0,0.0,0.00018869142772112694,8.01935884473945e-06,0.00018871037727969818,0.0,0.0,0.0,0.0001397201867729266,6.793787073623196e-05,0.0001397006683187921,line,_389-453816-4,,1000000.0,7621.02355330306,58.08,bc
572,669,_500-15179_n,_500-2177604_n,0.0003166950484892114,3.9029579168313665e-05,3.9075702890297786e-05,0.0003166028225007278,3.9029579168313665e-05,0.0003166950484892114,0.0006738241953393674,0.0003306481921763381,0.0003362515441858183,0.0006739191900971321,0.0003306481921763381,0.0006738241953393674,line,_389-1735494-76,,1000000.0,7621.02355330306,58.08,abc
669,670,_500-2177604_n,_500-15180_n,0.001528053608960445,0.00018831771948711346,0.0001885402664456868,0.0015276086185660117,0.00018831771948711346,0.001528053608960445,0.0032512017425124474,0.0015953775272508314,0.0016224137006965735,0.003251660092218662,0.0015953775272508314,0.0032512017425124474,line,_389-1735494-86,,1000000.0,7621.02355330306,58.08,abc
670,671,_500-15180_n,_402-36898_sn,0.0006439986862919907,0.0,2.628451577230187e-05,0.0,0.0,0.0006439986862919907,0.0004521944137079173,0.0,0.00022618170276874177,0.0,0.0,0.0004521944137079173,line,_389-150317-0,,1000000.0,7621.02355330306,58.08,ac
671,672,_402-36898_sn,_402-36898_ln,1.7217630853994492e-05,0.0,0.0,0.0,0.0,1.7217630853994492e-05,1.7217630853994492e-05,0.0,0.0,0.0,0.0,1.7217630853994492e-05,switch,_402-36898-0,CLOSED,1000000.0,7621.02355330306,58.08,ac
672,673,_402-36898_ln,_409-23078_n,0.0039425285429095045,0.0,0.00016091252338653095,0.0,0.0,0.0039425285429095045,0.002768312142455787,0.0,0.0013846733510964441,0.0,0.0,0.002768312142455787,line,_389-150122-29,,1000000.0,7621.02355330306,58.08,ac
673,674,_409-23078_n,_409-23078_n_sec,0.0,0.0,0.0,0.0,0.0,0.0,0.40800038046035486,0.0,0.0,0.40800038046035486,0.0,0.40800038046035486,transformer,ava22434___ave09624_tnk,,1000000.0,119.99994404998696,0.014399986572000001,abc
674,675,_409-23078_n_sec,_406-92663_n,12.27774386861675,0.0,3.2676278800012897,0.0,0.0,12.277743868616751,4.509162694363431,0.0,2.143146946883148,0.0,0.0,4.5091626943634315,line,_389-153504-6,,1000000.0,119.99994404998696,0.014399986572000001,ac
674,676,_409-23078_n_sec,_500-3352178_n,0.8970174601773777,0.0,0.23873435486920414,0.0,0.0,0.8970174601773778,0.3294414438766237,0.0,0.15657927479607958,0.0,0.0,0.3294414438766238,line,_389-3477137-1,,1000000.0,119.99994404998696,0.014399986572000001,ac
676,677,_500-3352178_n,_406-2083082_n,1.1658305101328135,0.0,0.3102768976964575,0.0,0.0,1.1658305101328135,0.4281665671230387,0.0,0.2035020542137972,0.0,0.0,0.42816656712303874,line,_389-3477138-0,,1000000.0,119.99994404998696,0.014399986572000001,ac
676,678,_500-3352178_n,_500-3352179_n,8.566955026840624,0.0,2.280029734451162,0.0,0.0,8.566955026840626,3.146326753896615,0.0,1.4954085788342193,0.0,0.0,3.1463267538966155,line,_389-3477137-3,,1000000.0,119.99994404998696,0.014399986572000001,ac
678,679,_500-3352179_n,_500-3352177_n,7.4361870884411285,0.0,1.9790844727756502,0.0,0.0,7.43618708844113,2.7310373767622393,0.0,1.2980268871531677,0.0,0.0,2.73103737676224,line,_389-3477137-4,,1000000.0,119.99994404998696,0.014399986572000001,ac
679,680,_500-3352177_n,_406-2083087_n,0.3067975026665299,0.0,0.0816518151832783,0.0,0.0,0.30679750266652994,0.11267541240079966,0.0,0.053553172161525595,0.0,0.0,0.11267541240079967,line,_389-3477141-0,,1000000.0,119.99994404998696,0.014399986572000001,ac
679,681,_500-3352177_n,_406-2083084_n,0.5551573857775302,0.0,0.14775090366497975,0.0,0.0,0.5551573857775303,0.2038888414871613,0.0,0.0969057401018082,0.0,0.0,0.2038888414871613,line,_389-3477140-0,,1000000.0,119.99994404998696,0.014399986572000001,ac
678,682,_500-3352179_n,_406-2083083_n,0.7217046015107893,0.0,0.19207617476447372,0.0,0.0,0.7217046015107894,0.2650554939333097,0.0,0.12597746213235067,0.0,0.0,0.2650554939333097,line,_389-3477139-0,,1000000.0,119.99994404998696,0.014399986572000001,ac
673,683,_409-23078_n,_409-23071_n,0.0027944008037013674,0.0,0.00011405220781105664,0.0,0.0,0.0027944008037013674,0.001962135109887084,0.0,0.0009814341945923572,0.0,0.0,0.001962135109887084,line,_389-150122-31,,1000000.0,7621.02355330306,58.08,ac
683,684,_409-23071_n,_409-23071_n_sec,0.0,0.0,0.0,0.0,0.0,0.0,0.40800038046035486,0.0,0.0,0.40800038046035486,0.0,0.40800038046035486,transformer,ave01070___ave01697_tnk,,1000000.0,119.99994404998696,0.014399986572000001,abc
684,685,_409-23071_n_sec,_406-92662_n,12.651744633772136,0.0,3.3671653308913805,0.0,0.0,12.651744633772138,4.646519387575833,0.0,2.2084308138991027,0.0,0.0,4.646519387575834,line,_389-153503-1,,1000000.0,119.99994404998696,0.014399986572000001,ac
683,686,_409-23071_n,_500-15185_n,0.00019596707991695886,0.0,7.998307935357828e-06,0.0,0.0,0.00019596707991695886,0.0001376015521387623,0.0,6.882648795053468e-05,0.0,0.0,0.0001376015521387623,line,_389-150122-32,,1000000.0,7621.02355330306,58.08,ac
686,687,_500-15185_n,_409-1470612_n,0.0006945689931815508,0.0,0.0,0.0,0.0,0.0,0.0005141834484128927,0.0,0.0,0.0,0.0,0.0,line,_389-3534753-1,,1000000.0,7621.02355330306,58.08,a
687,688,_409-1470612_n,_500-3409121_n,0.00018584025747316282,0.0,0.0,0.0,0.0,0.0,0.0001375759433253504,0.0,0.0,0.0,0.0,0.0,line,_389-3534753-2,,1000000.0,7621.02355330306,58.08,a
687,689,_409-1470612_n,_409-1470612_n_sec,0.0,0.0,0.0,0.0,0.0,0.0,0.40800038046035486,0.0,0.0,0.40800038046035486,0.0,0.40800038046035486,transformer,ave06473_____tnk,,1000000.0,119.99994404998696,0.014399986572000001,a
689,690,_409-1470612_n_sec,_406-2457139_n,4.566404567894481,1.3154493124898174,0.0,4.566404567894481,0.0,0.0,1.8581710158000282,1.4212400058618608,0.0,1.8581710158000282,0.0,0.0,line,_389-3534754-1,,1000000.0,119.99994404998696,0.014399986572000001,ab
670,691,_500-15180_n,_409-748548_n,0.00024444899055261,3.0125956420542113e-05,3.01615581684486e-05,0.00024437780361774927,3.0125956420542113e-05,0.00024444899055261,0.0005201080507775741,0.00025521907333611094,0.0002595441606684285,0.000520181374856224,0.00025521907333611094,0.0005201080507775741,line,_389-1735494-82,,1000000.0,7621.02355330306,58.08,abc
691,692,_409-748548_n,_409-748548_n_sec,0.0,0.0,0.0,0.0,0.0,0.0,0.0765,0.0,0.0,0.0765,0.0,0.0765,transformer,ave08888_av07660_av08110_tnk,,1000000.0,277.1281292110204,0.07680000000000002,abc
692,693,_409-748548_n_sec,_406-1358181_n,1.1919413268757146,0.2939718834823266,0.282514415832966,1.2002346119013012,0.29397188348232667,1.1919413268757149,0.35007502909440397,0.1459377872854078,0.11126363139117218,0.3272266282358709,0.14593778728540777,0.35007502909440397,line,_389-2372610-0,,1000000.0,277.1281292110204,0.07680000000000002,abc
691,694,_409-748548_n,_403-666121_sn,0.00012197707726967284,1.5032486351545811e-05,1.5050251191341255e-05,0.00012194155585379595,1.5032486351545811e-05,0.00012197707726967284,0.00025952760023617815,0.0001273512177679177,0.00012950938381531908,0.0002595641880608485,0.0001273512177679177,0.00025952760023617815,line,_389-1735494-83,,1000000.0,7621.02355330306,58.08,abc
694,695,_403-666121_sn,_403-666121_ln,1.7217630853994492e-05,0.0,0.0,1.7217630853994492e-05,0.0,1.7217630853994492e-05,1.7217630853994492e-05,0.0,0.0,1.7217630853994492e-05,0.0,1.7217630853994492e-05,switch,_403-666121-0,CLOSED,1000000.0,7621.02355330306,58.08,abc
695,696,_403-666121_ln,_409-748547_n,0.0001209020963759133,1.1739365609219342e-05,1.175323875997238e-05,0.00012087435652781471,1.1739365609219342e-05,0.0001209020963759133,0.0001943090622731996,9.945277655303918e-05,0.00010113815977464065,0.00019433763491518357,9.945277655303918e-05,0.0001943090622731996,line,_389-1735493-5,,1000000.0,7621.02355330306,58.08,abc
696,697,_409-748547_n,_409-748547_n_sec,0.0,0.0,0.0,0.0,0.0,0.0,0.40800038046035486,0.0,0.0,0.40800038046035486,0.0,0.40800038046035486,transformer,sf7935_sf5170_sf7934_tnk,,1000000.0,119.99994404998696,0.014399986572000001,abc
697,698,_409-748547_n_sec,_406-92661_n,10.041403671718394,2.4765399803015673,2.380017563359747,10.111269713635755,2.4765399803015677,10.041403671718395,2.949175939506636,1.229439906183363,0.9373305645073372,2.7566916190953754,1.2294399061833627,2.9491759395066355,line,_389-2372609-0,,1000000.0,119.99994404998696,0.014399986572000001,abc
697,699,_409-748547_n_sec,_406-92664_n,5.943903936659503,1.4659619530752352,1.4088265173540064,5.985260409834766,1.4659619530752355,5.9439039366595035,1.7457338684737016,0.7277541006375071,0.5548430293683231,1.6317947871219478,0.727754100637507,1.7457338684737014,line,_389-3273378-0,,1000000.0,119.99994404998696,0.014399986572000001,abc
696,700,_409-748547_n,_500-1287167_n,0.005351095382456008,0.0005195812726781758,0.0005201952947270894,0.005349867623984319,0.0005195812726781758,0.005351095382456008,0.008600068626325515,0.004401754058347501,0.0044763486819737065,0.008601333244038256,0.004401754058347501,0.008600068626325515,line,_389-1735493-6,,1000000.0,7621.02355330306,58.08,abc
700,701,_500-1287167_n,_402-922103_sn,0.00011817035803327863,4.259712663916733e-05,4.259712663916733e-05,0.00011827101405352201,4.264746635761406e-05,0.00011827101405352201,0.0006433751181472479,0.0003608715034924564,0.0003608715034924564,0.0006432714402749062,0.0003669870368965533,0.0006432714402749062,line,_394-1851304-1,,1000000.0,7621.02355330306,58.08,abc
701,702,_402-922103_sn,_402-922103_ln,1.7217630853994492e-05,0.0,0.0,1.7217630853994492e-05,0.0,1.7217630853994492e-05,1.7217630853994492e-05,0.0,0.0,1.7217630853994492e-05,0.0,1.7217630853994492e-05,switch,_402-922103-0,CLOSED,1000000.0,7621.02355330306,58.08,abc
702,703,_402-922103_ln,_500-2131167_n,2.7745080483117674e-05,0.0,0.0,0.0,0.0,0.0,0.00015105729330873105,0.0,0.0,0.0,0.0,0.0,line,_394-1851930-0,,1000000.0,7621.02355330306,58.08,a
703,704,_500-2131167_n,_395-1522794_sn,0.0007262691459181564,0.0,0.0,0.0,0.0,0.0,0.0003624023438844197,0.0,0.0,0.0,0.0,0.0,line,_411-1536572-0,,1000000.0,7621.02355330306,58.08,a
704,705,_395-1522794_sn,_391-1172438_n,1.7217630853994492e-05,0.0,0.0,0.0,0.0,0.0,1.7217630853994492e-05,0.0,0.0,0.0,0.0,0.0,switch,_395-1522794-0_a,CLOSED,1000000.0,7621.02355330306,58.08,a
737,705,_395-1522795_sn,_391-1172438_n,0.0,0.0,0.0,1.7217630853994492e-05,0.0,0.0,0.0,0.0,0.0,1.7217630853994492e-05,0.0,0.0,switch,_395-1522795-0_b,CLOSED,1000000.0,7621.02355330306,58.08,b
739,705,_395-1523388_sn,_391-1172438_n,0.0,0.0,0.0,0.0,0.0,1.7217630853994492e-05,0.0,0.0,0.0,0.0,0.0,1.7217630853994492e-05,switch,_395-1523388-0_c,CLOSED,1000000.0,7621.02355330306,58.08,c
705,706,_391-1172438_n,_395-1522791_ln,1.7217630853994492e-05,0.0,0.0,0.0,0.0,0.0,1.7217630853994492e-05,0.0,0.0,0.0,0.0,0.0,switch,_395-1522791-0_a,CLOSED,1000000.0,7621.02355330306,58.08,a
706,707,_395-1522791_ln,_395-1522788_sn,0.002983021216183401,0.0,0.0,0.0,0.0,0.0,0.0014885031075292867,0.0,0.0,0.0,0.0,0.0,line,_411-1536569-1,,1000000.0,7621.02355330306,58.08,a
707,708,_395-1522788_sn,_391-809851_n,1.7217630853994492e-05,0.0,0.0,0.0,0.0,0.0,1.7217630853994492e-05,0.0,0.0,0.0,0.0,0.0,switch,_395-1522788-0_a,CLOSED,1000000.0,7621.02355330306,58.08,a
709,708,_395-1522789_sn,_391-809851_n,0.0,0.0,0.0,1.7217630853994492e-05,0.0,0.0,0.0,0.0,0.0,1.7217630853994492e-05,0.0,0.0,switch,_395-1522789-0_b,CLOSED,1000000.0,7621.02355330306,58.08,b
722,708,_395-1522790_sn,_391-809851_n,0.0,0.0,0.0,0.0,0.0,1.7217630853994492e-05,0.0,0.0,0.0,0.0,0.0,1.7217630853994492e-05,switch,_395-1522790-0_c,CLOSED,1000000.0,7621.02355330306,58.08,c
710,709,_395-1522792_ln,_395-1522789_sn,0.0,0.0,0.0,0.003006247836455799,0.0,0.0,0.0,0.0,0.0,0.00149985745375601,0.0,0.0,line,_411-1536570-1,,1000000.0,7621.02355330306,58.08,b
705,710,_391-1172438_n,_395-1522792_ln,0.0,0.0,0.0,1.7217630853994492e-05,0.0,0.0,0.0,0.0,0.0,1.7217630853994492e-05,0.0,0.0,switch,_395-1522792-0_b,CLOSED,1000000.0,7621.02355330306,58.08,b
708,711,_391-809851_n,_395-1695815_ln,0.0,0.0,0.0,0.0,0.0,1.7217630853994492e-05,0.0,0.0,0.0,0.0,0.0,1.7217630853994492e-05,switch,_395-1695815-0_c,CLOSED,1000000.0,7621.02355330306,58.08,c
711,712,_395-1695815_ln,_411-1709880-0_n,0.0,0.0,0.0,0.0,0.0,0.0014517693089547874,0.0,0.0,0.0,0.0,0.0,0.0007243072220343417,line,_411-1709880-0,,1000000.0,7621.02355330306,58.08,c
708,713,_391-809851_n,_395-1522755_ln,0.0,0.0,0.0,1.7217630853994492e-05,0.0,0.0,0.0,0.0,0.0,1.7217630853994492e-05,0.0,0.0,switch,_395-1522755-0_b,CLOSED,1000000.0,7621.02355330306,58.08,b
713,714,_395-1522755_ln,_395-1522756_sn,0.0,0.0,0.0,0.003285238125131004,0.0,0.0,0.0,0.0,0.0,0.0016390494587932166,0.0,0.0,line,_411-1536534-0,,1000000.0,7621.02355330306,58.08,b
714,715,_395-1522756_sn,_391-987477_n,0.0,0.0,0.0,1.7217630853994492e-05,0.0,0.0,0.0,0.0,0.0,1.7217630853994492e-05,0.0,0.0,switch,_395-1522756-0_b,CLOSED,1000000.0,7621.02355330306,58.08,b
715,716,_391-987477_n,_391-987477_ln,0.0,0.0,0.0,0.0,0.0,0.0,0.40800038046035486,0.0,0.0,0.40800038046035486,0.0,0.40800038046035486,transformer,__av01845___tnk,,1000000.0,119.99994404998696,0.014399986572000001,b
716,717,_391-987477_ln,_406-1221842_n,1.6511936716825433,0.4756612227207569,0.0,1.6511936716825433,0.0,0.0,0.6719072251645986,0.5139147153365831,0.0,0.6719072251645986,0.0,0.0,line,_389-2111835-1,,1000000.0,119.99994404998696,0.014399986572000001,ab
716,718,_391-987477_ln,_500-2131378_n,16.00519107275734,4.6106334381656815,0.0,16.00519107275734,0.0,0.0,6.5128662411644385,4.981428499348742,0.0,6.5128662411644385,0.0,0.0,line,_389-2397571-0,,1000000.0,119.99994404998696,0.014399986572000001,ab
718,719,_500-2131378_n,_500-1287208_n,15.694880537906656,4.5212419325164355,0.0,15.694880537906656,0.0,0.0,6.386594021262813,4.884847975259625,0.0,6.386594021262813,0.0,0.0,line,_389-2397574-0,,1000000.0,119.99994404998696,0.014399986572000001,ab
719,720,_500-1287208_n,_500-2239731_n,7.794772884597938,2.2454490134645386,0.0,7.794772884597938,0.0,0.0,3.171865487070123,2.426031880330284,0.0,3.171865487070123,0.0,0.0,line,_389-1735498-2,,1000000.0,119.99994404998696,0.014399986572000001,ab
719,721,_500-1287208_n,_500-1287209_n,11.686465555615243,3.3665333090839775,0.0,11.686465555615243,0.0,0.0,4.755481309139099,3.6372757007873684,0.0,4.755481309139099,0.0,0.0,line,_389-1735497-0,,1000000.0,119.99994404998696,0.014399986572000001,ab
723,722,_395-1522793_ln,_395-1522790_sn,0.0,0.0,0.0,0.0,0.0,0.0031650464864066987,0.0,0.0,0.0,0.0,0.0,0.0015790842346910259,line,_411-1536571-1,,1000000.0,7621.02355330306,58.08,c
705,723,_391-1172438_n,_395-1522793_ln,0.0,0.0,0.0,0.0,0.0,1.7217630853994492e-05,0.0,0.0,0.0,0.0,0.0,1.7217630853994492e-05,switch,_395-1522793-0_c,CLOSED,1000000.0,7621.02355330306,58.08,c
708,724,_391-809851_n,_395-1695811_ln,1.7217630853994492e-05,0.0,0.0,0.0,0.0,0.0,1.7217630853994492e-05,0.0,0.0,0.0,0.0,0.0,switch,_395-1695811-0_a,CLOSED,1000000.0,7621.02355330306,58.08,a
724,725,_395-1695811_ln,_411-1709878-0_n,0.0014459822012512942,0.0,0.0,0.0,0.0,0.0,0.0007215332523676762,0.0,0.0,0.0,0.0,0.0,line,_411-1709878-0,,1000000.0,7621.02355330306,58.08,a
708,726,_391-809851_n,_395-1695813_ln,0.0,0.0,0.0,1.7217630853994492e-05,0.0,0.0,0.0,0.0,0.0,1.7217630853994492e-05,0.0,0.0,switch,_395-1695813-0_b,CLOSED,1000000.0,7621.02355330306,58.08,b
726,727,_395-1695813_ln,_411-1709879-0_n,0.0,0.0,0.0,0.0013811111940683777,0.0,0.0,0.0,0.0,0.0,0.0006890549387742658,0.0,0.0,line,_411-1709879-0,,1000000.0,7621.02355330306,58.08,b
705,728,_391-1172438_n,_395-1566093_ln,0.0,0.0,0.0,1.7217630853994492e-05,0.0,0.0,0.0,0.0,0.0,1.7217630853994492e-05,0.0,0.0,switch,_395-1566093-0_b,CLOSED,1000000.0,7621.02355330306,58.08,b
728,729,_395-1566093_ln,_395-1566096_sn,0.0,0.0,0.0,0.0014109769952059324,0.0,0.0,0.0,0.0,0.0,0.0007039553883996587,0.0,0.0,line,_411-1579572-0,,1000000.0,7621.02355330306,58.08,b
729,730,_395-1566096_sn,_391-1214037_n,0.0,0.0,0.0,1.7217630853994492e-05,0.0,0.0,0.0,0.0,0.0,1.7217630853994492e-05,0.0,0.0,switch,_395-1566096-0_b,CLOSED,1000000.0,7621.02355330306,58.08,b
731,730,_395-1566095_sn,_391-1214037_n,1.7217630853994492e-05,0.0,0.0,0.0,0.0,0.0,1.7217630853994492e-05,0.0,0.0,0.0,0.0,0.0,switch,_395-1566095-0_a,CLOSED,1000000.0,7621.02355330306,58.08,a
735,730,_395-1566097_sn,_391-1214037_n,0.0,0.0,0.0,0.0,0.0,1.7217630853994492e-05,0.0,0.0,0.0,0.0,0.0,1.7217630853994492e-05,switch,_395-1566097-0_c,CLOSED,1000000.0,7621.02355330306,58.08,c
732,731,_395-1566092_ln,_395-1566095_sn,0.0020353018993935095,0.0,0.0,0.0,0.0,0.0,0.0010155989456500187,0.0,0.0,0.0,0.0,0.0,line,_411-1579571-0,,1000000.0,7621.02355330306,58.08,a
705,732,_391-1172438_n,_395-1566092_ln,1.7217630853994492e-05,0.0,0.0,0.0,0.0,0.0,1.7217630853994492e-05,0.0,0.0,0.0,0.0,0.0,switch,_395-1566092-0_a,CLOSED,1000000.0,7621.02355330306,58.08,a
730,733,_391-1214037_n,_391-1214037_ln,0.0,0.0,0.0,0.0,0.0,0.0,0.40800038046035486,0.0,0.0,0.40800038046035486,0.0,0.40800038046035486,transformer,ava01539_tnk,,1000000.0,119.99994404998696,0.014399986572000001,abc
733,734,_391-1214037_ln,_406-1448211_n,4.668002098719353,1.1512826496727968,1.1064117471985837,4.700481106730755,1.151282649672797,4.668002098719354,1.3709995061630345,0.5715364355361224,0.4357419724731842,1.2815182701700023,0.5715364355361223,1.3709995061630342,line,_389-2447249-1,,1000000.0,119.99994404998696,0.014399986572000001,abc
736,735,_395-1566094_ln,_395-1566097_sn,0.0,0.0,0.0,0.0,0.0,0.0009527918997054,0.0,0.0,0.0,0.0,0.0,0.0004753606856100949,line,_411-1579573-0,,1000000.0,7621.02355330306,58.08,c
705,736,_391-1172438_n,_395-1566094_ln,0.0,0.0,0.0,0.0,0.0,1.7217630853994492e-05,0.0,0.0,0.0,0.0,0.0,1.7217630853994492e-05,switch,_395-1566094-0_c,CLOSED,1000000.0,7621.02355330306,58.08,c
738,737,_500-2131649_n,_395-1522795_sn,0.0,0.0,0.0,0.0006067856670142187,0.0,0.0,0.0,0.0,0.0,0.00030273352531590895,0.0,0.0,line,_411-1536573-0,,1000000.0,7621.02355330306,58.08,b
702,738,_402-922103_ln,_500-2131649_n,0.0,0.0,0.0,2.7768713392666585e-05,0.0,0.0,0.0,0.0,0.0,0.00015103295090205388,0.0,0.0,line,_394-1851932-0,,1000000.0,7621.02355330306,58.08,b
740,739,_500-2131651_n,_395-1523388_sn,0.0,0.0,0.0,0.0,0.0,0.0006927408995564489,0.0,0.0,0.0,0.0,0.0,0.00034561774618899096,line,_411-1536574-0,,1000000.0,7621.02355330306,58.08,c
702,740,_402-922103_ln,_500-2131651_n,0.0,0.0,0.0,0.0,0.0,2.7768713392666585e-05,0.0,0.0,0.0,0.0,0.0,0.00015103295090205388,line,_394-1851934-0,,1000000.0,7621.02355330306,58.08,c
669,741,_500-2177604_n,_402-956022_sn,5.549016096623535e-05,2.000265932376075e-05,2.000265932376075e-05,5.553742678533317e-05,2.002629773127761e-05,5.553742678533317e-05,0.0003021145866174621,0.00016945719849037325,0.00016945719849037325,0.00030206590180410775,0.00017232891639523185,0.00030206590180410775,line,_394-1887354-1,,1000000.0,7621.02355330306,58.08,abc
741,742,_402-956022_sn,_402-956022_ln,1.7217630853994492e-05,0.0,0.0,1.7217630853994492e-05,0.0,1.7217630853994492e-05,1.7217630853994492e-05,0.0,0.0,1.7217630853994492e-05,0.0,1.7217630853994492e-05,switch,_402-956022-0,CLOSED,1000000.0,7621.02355330306,58.08,abc
742,743,_402-956022_ln,_500-2177610_n,0.0,0.0,0.0,0.0,0.0,2.7768713392666585e-05,0.0,0.0,0.0,0.0,0.0,0.00015103295090205388,line,_394-1887357-0,,1000000.0,7621.02355330306,58.08,c
743,744,_500-2177610_n,_395-1556526_sn,0.0,0.0,0.0,0.0,0.0,0.0071677922730131,0.0,0.0,0.0,0.0,0.0,0.003576107910094291,line,_411-1569669-0,,1000000.0,7621.02355330306,58.08,c
744,745,_395-1556526_sn,_391-1204452_n,0.0,0.0,0.0,0.0,0.0,1.7217630853994492e-05,0.0,0.0,0.0,0.0,0.0,1.7217630853994492e-05,switch,_395-1556526-0_c,CLOSED,1000000.0,7621.02355330306,58.08,c
746,745,_395-1556525_sn,_391-1204452_n,0.0,0.0,0.0,1.7217630853994492e-05,0.0,0.0,0.0,0.0,0.0,1.7217630853994492e-05,0.0,0.0,switch,_395-1556525-0_b,CLOSED,1000000.0,7621.02355330306,58.08,b
750,745,_395-1556524_sn,_391-1204452_n,1.7217630853994492e-05,0.0,0.0,0.0,0.0,0.0,1.7217630853994492e-05,0.0,0.0,0.0,0.0,0.0,switch,_395-1556524-0_a,CLOSED,1000000.0,7621.02355330306,58.08,a
747,746,_500-2177608_n,_395-1556525_sn,0.0,0.0,0.0,0.006882974510945201,0.0,0.0,0.0,0.0,0.0,0.0034340085002521298,0.0,0.0,line,_411-1569668-0,,1000000.0,7621.02355330306,58.08,b
742,747,_402-956022_ln,_500-2177608_n,0.0,0.0,0.0,2.7768713392666585e-05,0.0,0.0,0.0,0.0,0.0,0.00015103295090205388,0.0,0.0,line,_394-1887356-0,,1000000.0,7621.02355330306,58.08,b
745,748,_391-1204452_n,_391-1204452_ln,0.0,0.0,0.0,0.0,0.0,0.0,0.40800038046035486,0.0,0.0,0.40800038046035486,0.0,0.40800038046035486,transformer,ava01454_tnk,,1000000.0,119.99994404998696,0.014399986572000001,abc
748,749,_391-1204452_ln,_406-1440515_n,7.897101684166999,1.9476846752441657,1.8717742381866467,7.9520481095204225,1.947684675244166,7.897101684167,2.319391097121088,0.9668978831164987,0.737167334527181,2.168011041046181,0.9668978831164986,2.319391097121088,line,_389-2437537-1,,1000000.0,119.99994404998696,0.014399986572000001,abc
751,750,_500-2177606_n,_395-1556524_sn,0.006834360207627025,0.0,0.0,0.0,0.0,0.0,0.0034102896593015304,0.0,0.0,0.0,0.0,0.0,line,_411-1569667-0,,1000000.0,7621.02355330306,58.08,a
742,751,_402-956022_ln,_500-2177606_n,2.7745080483117674e-05,0.0,0.0,0.0,0.0,0.0,0.00015105729330873105,0.0,0.0,0.0,0.0,0.0,line,_394-1887355-0,,1000000.0,7621.02355330306,58.08,a
571,752,_500-15178_n,_402-36895_sn,0.0004671119985136255,1.9850200030134527e-05,1.9873658266862386e-05,0.00046706509295229524,1.9850200030134527e-05,0.0004671119985136255,0.0003457989926826375,0.00016816560398968443,0.00017101543380075598,0.00034584730642271943,0.00016816560398968443,0.0003457989926826375,line,_389-150137-0,,1000000.0,7621.02355330306,58.08,abc
752,753,_402-36895_sn,_402-36895_ln,1.7217630853994492e-05,0.0,0.0,1.7217630853994492e-05,0.0,1.7217630853994492e-05,1.7217630853994492e-05,0.0,0.0,1.7217630853994492e-05,0.0,1.7217630853994492e-05,switch,_402-36895-0,CLOSED,1000000.0,7621.02355330306,58.08,abc
753,754,_402-36895_ln,_409-23027_n,0.0002848593907986319,1.2105267913922288e-05,1.2119573474568922e-05,0.0002848307863318913,1.2105267913922288e-05,0.0002848593907986319,0.0002108789555990893,0.00010255260335469238,0.0001042905180013827,0.00021090841881692726,0.00010255260335469238,0.0002108789555990893,line,_389-152006-6,,1000000.0,7621.02355330306,58.08,abc
754,755,_409-23027_n,_409-23027_n_sec,0.0,0.0,0.0,0.0,0.0,0.0,0.40800038046035486,0.0,0.0,0.40800038046035486,0.0,0.40800038046035486,transformer,ava08687_ava01040_ava06249_tnk,,1000000.0,119.99994404998696,0.014399986572000001,abc
755,756,_409-23027_n_sec,_406-92756_n,9.05777890678656,2.233945803669732,2.1468784233720863,9.120801087894776,2.2339458036697324,9.057778906786561,2.6602838099719808,1.1090077855104894,0.8455125691035958,2.486654656687488,1.1090077855104894,2.6602838099719808,line,_389-153709-1,,1000000.0,119.99994404998696,0.014399986572000001,abc
754,757,_409-23027_n,_409-23067_n,0.006708905047776341,0.00028509887908104126,0.00028543579845647206,0.006708231365751091,0.00028509887908104126,0.006708905047776341,0.004966544672169986,0.002415281716288095,0.0024562124516698445,0.004967238579189595,0.002415281716288095,0.004966544672169986,line,_389-152006-7,,1000000.0,7621.02355330306,58.08,abc
757,758,_409-23067_n,_409-23067_n_sec,0.0,0.0,0.0,0.0,0.0,0.0,0.40800038046035486,0.0,0.0,0.40800038046035486,0.0,0.40800038046035486,transformer,ave09595_ave01178_ave07794_tnk,,1000000.0,119.99994404998696,0.014399986572000001,abc
758,759,_409-23067_n_sec,_406-92768_n,11.738858980343611,2.8951882165462206,2.782349107795595,11.820535570628754,2.895188216546221,11.738858980343613,3.447721214475012,1.4372713372874075,1.0957821908612224,3.2226982627935574,1.4372713372874073,3.4477212144750116,line,_389-153737-1,,1000000.0,119.99994404998696,0.014399986572000001,abc
758,760,_409-23067_n_sec,_406-92769_n,12.331844195773945,3.04143784874427,2.922898703616728,12.417646656432602,3.0414378487442706,12.331844195773947,3.6218818982801895,1.5098747014644827,1.1511353252331922,3.385491974416598,1.5098747014644824,3.621881898280189,line,_389-153738-1,,1000000.0,119.99994404998696,0.014399986572000001,abc
758,761,_409-23067_n_sec,_500-3369137_n,26.226246589553888,6.4682538752236844,6.216155583899568,26.40872347261373,6.468253875223685,26.22624658955389,7.70268957947829,3.211064428912159,2.4481300945934708,7.199956951972584,3.2110644289121577,7.702689579478288,line,_389-3492811-0,,1000000.0,119.99994404998696,0.014399986572000001,abc
758,762,_409-23067_n_sec,_500-2846049_n,10.718699581285739,2.6435833990680595,2.5405505140369646,10.793278110217399,2.6435833990680604,10.71869958128574,3.148098805843355,1.31236602356097,1.0005538127710563,2.9426313560676634,1.3123660235609698,3.1480988058433548,line,_389-153472-4,,1000000.0,119.99994404998696,0.014399986572000001,abc
762,763,_500-2846049_n,_406-92631_n,2.3297855146528264,0.5746016355079764,0.5522067058564877,2.345995687826488,0.5746016355079765,2.329785514652827,0.6842616439549403,0.28525208010803466,0.21747748054200466,0.6396018338175389,0.2852520801080346,0.6842616439549402,line,_389-153472-5,,1000000.0,119.99994404998696,0.014399986572000001,abc
762,764,_500-2846049_n,_500-2846050_n,14.391835489188328,3.5494993672332287,3.4111586739337434,14.491970949770138,3.5494993672332296,14.39183548918833,4.226904558134197,1.762093971330815,1.3434284413215993,3.9510265271165457,1.7620939713308148,4.226904558134196,line,_389-3022433-0,,1000000.0,119.99994404998696,0.014399986572000001,abc
757,765,_409-23067_n,_500-15174_n,0.00018799284732806435,7.988866986014204e-06,7.998307935357828e-06,0.0001879739698210466,7.988866986014204e-06,0.00018799284732806435,0.0001391694870704317,6.76795518360942e-05,6.882648795053468e-05,0.00013918893130991167,6.76795518360942e-05,0.0001391694870704317,line,_389-152006-5,,1000000.0,7621.02355330306,58.08,abc
570,766,_409-23064_n,_409-23064_n_sec,0.0,0.0,0.0,0.0,0.0,0.0,0.40800038046035486,0.0,0.0,0.40800038046035486,0.0,0.40800038046035486,transformer,se2952___se2969_tnk,,1000000.0,119.99994404998696,0.014399986572000001,abc
766,767,_409-23064_n_sec,_500-2251159_n,14.644467460615692,0.0,3.8975133114151506,0.0,0.0,14.644467460615694,5.378373018598171,0.0,2.556271417843488,0.0,0.0,5.378373018598172,line,_389-581637-2,,1000000.0,119.99994404998696,0.014399986572000001,ac
766,768,_409-23064_n_sec,_406-92629_n,3.10011571742084,0.0,0.8250721515186502,0.0,0.0,3.1001157174208402,1.1385582148309374,0.0,0.5411420539369396,0.0,0.0,1.1385582148309377,line,_389-153470-0,,1000000.0,119.99994404998696,0.014399986572000001,ac
87,769,_500-1391185_n,_402-722742_sn,5.549016096623535e-05,2.000265932376075e-05,2.000265932376075e-05,5.553742678533317e-05,2.002629773127761e-05,5.553742678533317e-05,0.0003021145866174621,0.00016945719849037325,0.00016945719849037325,0.00030206590180410775,0.00017232891639523185,0.00030206590180410775,line,_394-1337674-0,,1000000.0,7621.02355330306,58.08,abc
769,770,_402-722742_sn,_402-722742_ln,1.7217630853994492e-05,0.0,0.0,1.7217630853994492e-05,0.0,1.7217630853994492e-05,1.7217630853994492e-05,0.0,0.0,1.7217630853994492e-05,0.0,1.7217630853994492e-05,switch,_402-722742-0,CLOSED,1000000.0,7621.02355330306,58.08,abc
770,771,_402-722742_ln,_500-1796342_n,0.0,0.0,0.0,2.7768713392666585e-05,0.0,0.0,0.0,0.0,0.0,0.00015103295090205388,0.0,0.0,line,_394-1590847-0,,1000000.0,7621.02355330306,58.08,b
771,772,_500-1796342_n,_395-1135229_sn,0.0,0.0,0.0,0.0006264533897145596,0.0,0.0,0.0,0.0,0.0,0.00031254601653263114,0.0,0.0,line,_411-1130772-0,,1000000.0,7621.02355330306,58.08,b
772,773,_395-1135229_sn,_391-851127_n,0.0,0.0,0.0,1.7217630853994492e-05,0.0,0.0,0.0,0.0,0.0,1.7217630853994492e-05,0.0,0.0,switch,_395-1135229-0_b,CLOSED,1000000.0,7621.02355330306,58.08,b
777,773,_395-1135230_sn,_391-851127_n,0.0,0.0,0.0,0.0,0.0,1.7217630853994492e-05,0.0,0.0,0.0,0.0,0.0,1.7217630853994492e-05,switch,_395-1135230-0_c,CLOSED,1000000.0,7621.02355330306,58.08,c
779,773,_395-1135228_sn,_391-851127_n,1.7217630853994492e-05,0.0,0.0,0.0,0.0,0.0,1.7217630853994492e-05,0.0,0.0,0.0,0.0,0.0,switch,_395-1135228-0_a,CLOSED,1000000.0,7621.02355330306,58.08,a
773,774,_391-851127_n,_391-851127_ln,0.0,0.0,0.0,0.0,0.0,0.0,0.0765,0.0,0.0,0.0765,0.0,0.0765,transformer,av06071_tnk,,1000000.0,277.1281292110204,0.07680000000000002,abc
774,775,_391-851127_ln,_406-1223123_n,0.7698613079422718,0.18987308654627724,0.18247283887354698,0.7752178461484531,0.1898730865462773,0.7698613079422719,0.22610946839386573,0.09425955226524348,0.07186391046087645,0.21135194688444178,0.09425955226524348,0.22610946839386567,line,_389-2114418-0,,1000000.0,277.1281292110204,0.07680000000000002,abc
774,776,_391-851127_ln,_500-1796344_n,0.8878961696664804,0.21898436059580917,0.21044950958379652,0.8940739704039313,0.2189843605958092,0.8878961696664807,0.26077649161099503,0.108711393269634,0.08288205963489173,0.24375635215625216,0.10871139326963399,0.260776491610995,line,_389-2114417-0,,1000000.0,277.1281292110204,0.07680000000000002,abc
778,777,_500-1796340_n,_395-1135230_sn,0.0,0.0,0.0,0.0,0.0,0.0007247920032162636,0.0,0.0,0.0,0.0,0.0,0.0003616084726162418,line,_411-1130773-0,,1000000.0,7621.02355330306,58.08,c
770,778,_402-722742_ln,_500-1796340_n,0.0,0.0,0.0,0.0,0.0,2.7768713392666585e-05,0.0,0.0,0.0,0.0,0.0,0.00015103295090205388,line,_394-1590845-0,,1000000.0,7621.02355330306,58.08,c
780,779,_500-1796338_n,_395-1135228_sn,0.0007641487804093744,0.0,0.0,0.0,0.0,0.0,0.0003813039706466965,0.0,0.0,0.0,0.0,0.0,line,_411-1130771-0,,1000000.0,7621.02355330306,58.08,a
770,780,_402-722742_ln,_500-1796338_n,2.7745080483117674e-05,0.0,0.0,0.0,0.0,0.0,0.00015105729330873105,0.0,0.0,0.0,0.0,0.0,line,_394-1590843-0,,1000000.0,7621.02355330306,58.08,a
36,781,_409-1541093_n,_409-1541093_ln,0.0,0.0,0.0,0.0,0.0,0.0,0.40800038046035486,0.0,0.0,0.40800038046035486,0.0,0.40800038046035486,transformer,ava14074_ava14043_ava14172_tnk,,1000000.0,119.99994404998696,0.014399986572000001,abc
20,782,_500-15144_n,_402-1615687_sn,0.00047069964827179463,2.000265932376075e-05,2.002629773127761e-05,0.00047065238245269685,2.000265932376075e-05,0.00047069964827179463,0.00034845489892443965,0.00016945719849037325,0.00017232891639523185,0.0003485035837377941,0.00016945719849037325,0.00034845489892443965,line,_389-3274597-3,,1000000.0,7621.02355330306,58.08,abc
782,783,_402-1615687_sn,_402-1615687_ln,1.7217630853994492e-05,0.0,0.0,1.7217630853994492e-05,0.0,1.7217630853994492e-05,1.7217630853994492e-05,0.0,0.0,1.7217630853994492e-05,0.0,1.7217630853994492e-05,switch,_402-1615687-0,CLOSED,1000000.0,7621.02355330306,58.08,abc
783,784,_402-1615687_ln,_403-36882_sn,0.007243464861743549,0.0003078153138313488,0.0003081790786543407,0.007242737501310938,0.0003078153138313488,0.007243464861743549,0.005362274702198504,0.002607729296890729,0.0026519213582467467,0.005363023899135719,0.002607729296890729,0.005362274702198504,line,_389-3274596-2,,1000000.0,7621.02355330306,58.08,abc
784,785,_403-36882_sn,_403-36882_ln,0.0,0.0,0.0,1.7217630853994492e-05,0.0,1.7217630853994492e-05,0.0,0.0,0.0,1.7217630853994492e-05,0.0,1.7217630853994492e-05,switch,_403-36882-0,CLOSED,1000000.0,7621.02355330306,58.08,bc
785,786,_403-36882_ln,_403-142218_sn,0.0,0.0,0.0,0.0023057569008772846,9.400640044993049e-05,0.002305979035816734,0.0,0.0,0.0,0.00161941042684779,0.0007963971691247268,0.001619181623067955,line,_389-453476-0,,1000000.0,7621.02355330306,58.08,bc
786,787,_403-142218_sn,_403-142218_ln,0.0,0.0,0.0,1.7217630853994492e-05,0.0,1.7217630853994492e-05,0.0,0.0,0.0,1.7217630853994492e-05,0.0,1.7217630853994492e-05,switch,_403-142218-0,CLOSED,1000000.0,7621.02355330306,58.08,bc
787,788,_403-142218_ln,_409-1194789_n,0.0,0.0,0.0,0.0033408420616992634,0.00013620713292566964,0.00334116391598876,0.0,0.0,0.0,0.002346385461151176,0.0011539105269153921,0.002346053944289508,line,_389-3062977-1,,1000000.0,7621.02355330306,58.08,bc
788,789,_409-1194789_n,_500-2890151_n,0.0,0.0,0.0,0.0004405095084712035,1.7959704789169333e-05,0.00044055194683621665,0.0,0.0,0.0,0.0003093846063617737,0.00015214983218114308,0.0003093408939302709,line,_389-3062977-2,,1000000.0,7621.02355330306,58.08,bc
788,790,_409-1194789_n,_409-1194789_n_sec,0.0,0.0,0.0,0.0,0.0,0.0,0.40800038046035486,0.0,0.0,0.40800038046035486,0.0,0.40800038046035486,transformer,__ave01015_ave00351_tnk,,1000000.0,119.99994404998696,0.014399986572000001,abc
790,791,_409-1194789_n_sec,_406-92331_n,0.0,0.0,0.0,11.538754524203775,3.1813893743276425,11.538754524203775,0.0,0.0,0.0,4.002895008548792,2.2137975500478126,4.002895008548792,line,_389-3062979-1,,1000000.0,119.99994404998696,0.014399986572000001,bc
790,792,_409-1194789_n_sec,_406-463087_n,0.0,0.0,0.0,16.471777503651012,4.541489968998233,16.471777503651012,0.0,0.0,0.0,5.714203886822068,3.1602354141450584,5.714203886822068,line,_389-3062978-0,,1000000.0,119.99994404998696,0.014399986572000001,bc
19,793,_409-23055_n,_409-23055_n_sec,0.0,0.0,0.0,0.0,0.0,0.0,0.40800038046035486,0.0,0.0,0.40800038046035486,0.0,0.40800038046035486,transformer,__be0644_sf7374_tnk,,1000000.0,119.99994404998696,0.014399986572000001,abc
793,794,_409-23055_n_sec,_406-92373_n,0.0,0.0,0.0,5.649059628456832,1.557521501927953,5.649059628456832,0.0,0.0,0.0,1.9597082633409015,1.0838149246800708,1.9597082633409015,line,_389-153102-0,,1000000.0,119.99994404998696,0.014399986572000001,bc
13,795,_500-15137_n,_402-2105415_sn,0.00019323346317974536,2.3814141664416383e-05,2.3842284341658254e-05,0.00019317719091645972,2.3814141664416383e-05,0.00019323346317974536,0.0004111380441875358,0.00020174706100759378,0.0002051659812571282,0.0004111960058327033,0.00020174706100759378,0.0004111380441875358,line,_389-4187492-0,,1000000.0,7621.02355330306,58.08,abc
795,796,_402-2105415_sn,_402-2105415_ln,1.7217630853994492e-05,0.0,0.0,1.7217630853994492e-05,0.0,1.7217630853994492e-05,1.7217630853994492e-05,0.0,0.0,1.7217630853994492e-05,0.0,1.7217630853994492e-05,switch,_402-2105415-0,CLOSED,1000000.0,7621.02355330306,58.08,abc
796,797,_402-2105415_ln,_409-22381_n,0.0015228578308211687,0.0001876773904538833,0.00018789918069514282,0.001522414353509359,0.0001876773904538833,0.0015228578308211687,0.0032401468143076605,0.001589952830347938,0.0016168970737997746,0.003240603605506131,0.001589952830347938,0.0032401468143076605,line,_389-4187491-16,,1000000.0,7621.02355330306,58.08,abc
797,798,_409-22381_n,_409-1450774_n,0.0010549903802796854,0.0001300172856044449,0.0001301709352533045,0.0010546831524555495,0.0001300172856044449,0.0010549903802796854,0.0022446768507242676,0.0011014717901874265,0.0011201379565690072,0.0022449933020110713,0.0011014717901874265,0.0022446768507242676,line,_389-4187491-3,,1000000.0,7621.02355330306,58.08,abc
798,799,_409-1450774_n,_409-1450774_n_sec,0.0,0.0,0.0,0.0,0.0,0.0,0.40800038046035486,0.0,0.0,0.40800038046035486,0.0,0.40800038046035486,transformer,ave04799_ava18787_ava18968_tnk,,1000000.0,119.99994404998696,0.014399986572000001,abc
799,800,_409-1450774_n_sec,_406-92419_n,7.6863249488244625,1.8957002088230581,1.821815851046434,7.739804832575927,1.8957002088230583,7.686324948824465,2.2574856407922335,0.9410910001151687,0.7174920497978079,2.1101459776730622,0.9410910001151686,2.257485640792233,line,_389-3480065-0,,1000000.0,119.99994404998696,0.014399986572000001,abc
798,801,_409-1450774_n,_500-4125309_n,0.0008904574058692749,0.00010974019955215693,0.00010986988648607946,0.0008901980923282183,0.00010974019955215693,0.0008904574058692749,0.0018946041242393617,0.0009296897215958132,0.0009454447715037186,0.0018948712227809205,0.0009296897215958132,0.0018946041242393617,line,_389-4187491-26,,1000000.0,7621.02355330306,58.08,abc
801,802,_500-4125309_n,_409-23049_n,0.0003731063540013522,4.5981722957669546e-05,4.603606246763208e-05,0.0003729977002586699,4.5981722957669546e-05,0.0003731063540013522,0.0007938491301341922,0.0003895449014077483,0.0003961463504939172,0.0007939610458331837,0.0003895449014077483,0.0007938491301341922,line,_389-4187491-27,,1000000.0,7621.02355330306,58.08,abc
802,803,_409-23049_n,_409-23049_n_sec,0.0,0.0,0.0,0.0,0.0,0.0,0.40800038046035486,0.0,0.0,0.40800038046035486,0.0,0.40800038046035486,transformer,sa8497_se8721___tnk,,1000000.0,119.99994404998696,0.014399986572000001,abc
803,804,_409-23049_n_sec,_406-92374_n,11.57396944136818,3.191098599274725,0.0,11.57396944136818,0.0,0.0,4.015111371748839,2.220553798928935,0.0,4.015111371748839,0.0,0.0,line,_389-153103-0,,1000000.0,119.99994404998696,0.014399986572000001,ab
802,805,_409-23049_n,_409-23035_n,0.0008043559395612705,9.912903271577167e-05,9.924617976277977e-05,0.000804121699960833,9.912903271577167e-05,0.0008043559395612705,0.0017114081711314714,0.0008397947443478713,0.0008540263829281995,0.0017116494429732629,0.0008397947443478713,0.0017114081711314714,line,_389-4187491-7,,1000000.0,7621.02355330306,58.08,abc
805,806,_409-23035_n,_409-23035_n_sec,0.0,0.0,0.0,0.0,0.0,0.0,0.40800038046035486,0.0,0.0,0.40800038046035486,0.0,0.40800038046035486,transformer,ava07453_ava08187_ava08183_tnk,,1000000.0,119.99994404998696,0.014399986572000001,abc
806,807,_409-23035_n_sec,_406-2075826_n,0.7756583860605308,0.19130283642967608,0.1838468646759838,0.7810552591557425,0.1913028364296761,0.775658386060531,0.22781207929018515,0.09496932944489453,0.07240504780409322,0.21294343321307685,0.09496932944489452,0.22781207929018513,line,_389-4275487-0,,1000000.0,119.99994404998696,0.014399986572000001,abc
806,808,_409-23035_n_sec,_406-92375_n,2.2117505428610063,0.545490334312156,0.5242300090579683,2.2271394527375703,0.5454903343121562,2.2117505428610067,0.6495945884107815,0.27080022562728984,0.2064593210935557,0.6071973983285922,0.2708002256272898,0.6495945884107814,line,_389-153104-2,,1000000.0,119.99994404998696,0.014399986572000001,abc
805,809,_409-23035_n,_409-2046771_n,0.0007420066018899568,9.14450843170099e-05,9.155315075625237e-05,0.0007417905192810021,9.14450843170099e-05,0.0007420066018899568,0.0015787490326740331,0.0007746983815131546,0.0007878268601666165,0.00157897160242289,0.0007746983815131546,0.0015787490326740331,line,_389-4187491-31,,1000000.0,7621.02355330306,58.08,abc
809,810,_409-2046771_n,_409-23030_n,0.0009330133030100126,0.0001149847992528991,0.00011512068406196324,0.0009327415966017536,0.0001149847992528991,0.0009330133030100126,0.0019851492504880893,0.0009741205724195087,0.0009906285727536881,0.001985429113950223,0.0009741205724195087,0.0019851492504880893,line,_389-4187491-32,,1000000.0,7621.02355330306,58.08,abc
810,811,_409-23030_n,_409-22383_n,0.0009820020683231872,0.00012102218728049761,0.00012116520685280616,0.000981716095707335,0.00012102218728049761,0.0009820020683231872,0.0020893814307046473,0.0010252677146467858,0.001042642483494932,0.002089675988668373,0.0010252677146467858,0.0020893814307046473,line,_389-4187491-11,,1000000.0,7621.02355330306,58.08,abc
811,812,_409-22383_n,_409-22383_n_sec,0.0,0.0,0.0,0.0,0.0,0.0,0.40800038046035486,0.0,0.0,0.40800038046035486,0.0,0.40800038046035486,transformer,se7479_se7480_se7478_tnk,,1000000.0,119.99994404998696,0.014399986572000001,abc
812,813,_409-22383_n_sec,_406-92378_n,6.098473542577361,1.5040838951173805,1.4454626679234959,6.140905479594062,1.5040838951173807,6.098473542577362,1.7911312031148614,0.7466791481718157,0.5692715715031966,1.6742291669289011,0.7466791481718156,1.7911312031148612,line,_389-4053578-0,,1000000.0,119.99994404998696,0.014399986572000001,abc
812,814,_409-22383_n_sec,_406-92377_n,10.738372076584378,2.6484352826006967,2.545213296836718,10.813087482732218,2.648435282600697,10.73837207658438,3.1538766484340486,1.3147746659744275,1.002390172679131,2.9480320953158214,1.3147746659744273,3.1538766484340486,line,_389-153122-1,,1000000.0,119.99994404998696,0.014399986572000001,abc
811,815,_409-22383_n,_500-14012_n,0.00023381001626742554,2.8814806495356577e-05,2.884885877447766e-05,0.00023374192754936548,2.8814806495356577e-05,0.00023381001626742554,0.0004974717692153922,0.00024411136063018712,0.0002482482103559362,0.0004975419020638983,0.00024411136063018712,0.0004974717692153922,line,_389-4187491-13,,1000000.0,7621.02355330306,58.08,abc
815,816,_500-14012_n,_403-37196_sn,0.001365747396609724,0.0001683150601633527,0.0001685139687144092,0.001365349672034389,0.0001683150601633527,0.001365747396609724,0.0029058668424010218,0.001425920328760458,0.0014500847843013415,0.002906276507293882,0.001425920328760458,0.0029058668424010218,line,_389-4187491-14,,1000000.0,7621.02355330306,58.08,abc
816,817,_403-37196_sn,_403-37196_ln,1.7217630853994492e-05,0.0,0.0,1.7217630853994492e-05,0.0,1.7217630853994492e-05,1.7217630853994492e-05,0.0,0.0,1.7217630853994492e-05,0.0,1.7217630853994492e-05,switch,_403-37196-0,CLOSED,1000000.0,7621.02355330306,58.08,abc
817,818,_403-37196_ln,_409-23109_n,5.4932123547093876e-05,7.988866986014204e-06,7.998307935357828e-06,5.491324604007615e-05,7.988866986014204e-06,5.4932123547093876e-05,0.00012983108368080663,6.76795518360942e-05,6.882648795053468e-05,0.0001298505279202866,6.76795518360942e-05,0.00012983108368080663,line,_389-4187193-0,,1000000.0,7621.02355330306,58.08,abc
818,819,_409-23109_n,_409-23109_n_sec,0.0,0.0,0.0,0.0,0.0,0.0,0.40800038046035486,0.0,0.0,0.40800038046035486,0.0,0.40800038046035486,transformer,l6064_____tnk,,1000000.0,119.99994404998696,0.014399986572000001,a
819,820,_409-23109_n_sec,_406-2300055_n,15.925478274814045,4.587670482586058,0.0,15.925478274814045,0.0,0.0,6.480429340639249,4.956618823435941,0.0,6.480429340639249,0.0,0.0,line,_389-4107577-0,,1000000.0,119.99994404998696,0.014399986572000001,ab
818,821,_409-23109_n,_402-2105095_sn,8.2607849914332e-05,1.201379233774655e-05,1.2027989795919787e-05,8.257946160225193e-05,1.201379233774655e-05,8.2607849914332e-05,0.00019524216400854132,0.00010177764665427905,0.00010350242844469719,0.0001952714045824157,0.00010177764665427905,0.00019524216400854132,line,_389-4187193-1,,1000000.0,7621.02355330306,58.08,abc
821,822,_402-2105095_sn,_402-2105095_ln,1.7217630853994492e-05,0.0,0.0,1.7217630853994492e-05,0.0,1.7217630853994492e-05,1.7217630853994492e-05,0.0,0.0,1.7217630853994492e-05,0.0,1.7217630853994492e-05,switch,_402-2105095-0,CLOSED,1000000.0,7621.02355330306,58.08,abc
822,823,_402-2105095_ln,_409-22700_n,0.0011661544701104434,0.00016959571822981298,0.0001697961402154971,0.001165753719369861,0.00016959571822981298,0.0011661544701104434,0.002756185066536819,0.0014367697225662443,0.0014611180380949384,0.0027565978484451682,0.0014367697225662443,0.002756185066536819,line,_389-150125-4,,1000000.0,7621.02355330306,58.08,abc
823,824,_409-22700_n,_409-22700_n_sec,0.0,0.0,0.0,0.0,0.0,0.0,0.40800038046035486,0.0,0.0,0.40800038046035486,0.0,0.40800038046035486,transformer,ava02769_ava00242_ava01057_tnk,,1000000.0,119.99994404998696,0.014399986572000001,abc
824,825,_409-22700_n_sec,_406-92424_n,12.182895302798553,3.0047021591400203,2.8875947767043106,12.267661407391824,3.0047021591400207,12.182895302798556,3.5781353758077987,1.491637837476876,1.1372314573577684,3.3446006629662612,1.4916378374768757,3.5781353758077983,line,_389-153249-2,,1000000.0,119.99994404998696,0.014399986572000001,abc
823,826,_409-22700_n,_500-14010_n,0.0013720451011151997,0.0001995387234980036,0.0001997745310266474,0.0013715735957490777,0.0001995387234980036,0.0013720451011151997,0.0032428038610961777,0.001690438882501528,0.001719086019649996,0.0032432895217952497,0.001690438882501528,0.0032428038610961777,line,_389-150125-2,,1000000.0,7621.02355330306,58.08,abc
826,827,_500-14010_n,_409-23115_n,0.0014078084577371977,0.00017349867614664438,0.00017370371050452686,0.0014073984843977667,0.00017349867614664438,0.0014078084577371977,0.002995359118344531,0.001469834541783878,0.0014947431925135205,0.0029957813997286576,0.001469834541783878,0.002995359118344531,line,_389-150235-0,,1000000.0,7621.02355330306,58.08,abc
827,828,_409-23115_n,_409-23103_n,0.003194413883628288,0.0003936803880016389,0.00039414562501299583,0.0031934836260210132,0.0003936803880016389,0.003194413883628288,0.006796675145333258,0.0033351553196786727,0.003391674755455547,0.006797633330737556,0.0033351553196786727,0.006796675145333258,line,_389-150235-6,,1000000.0,7621.02355330306,58.08,abc
828,829,_409-23103_n,_403-1235114_sn,0.00012593576537578795,1.552035609114973e-05,1.5538697477469978e-05,0.00012589909113505502,1.552035609114973e-05,0.00012593576537578795,0.0002679504026779203,0.00013148432017012193,0.00013371252811764182,0.0002679881779370627,0.00013148432017012193,0.0002679504026779203,line,_389-150235-3,,1000000.0,7621.02355330306,58.08,abc
829,830,_403-1235114_sn,_403-1235114_ln,1.7217630853994492e-05,0.0,0.0,1.7217630853994492e-05,0.0,1.7217630853994492e-05,1.7217630853994492e-05,0.0,0.0,1.7217630853994492e-05,0.0,1.7217630853994492e-05,switch,_403-1235114-0,CLOSED,1000000.0,7621.02355330306,58.08,abc
830,831,_403-1235114_ln,_389-4187489-1_n,0.0011851322517682208,0.0001460560032939238,0.00014622860690978622,0.0011847871248269425,0.0001460560032939238,0.0011851322517682208,0.0025215764809965384,0.0012373475316598901,0.0012583163255078667,0.0025219319691916113,0.0012373475316598901,0.0025215764809965384,line,_389-4187489-1,,1000000.0,7621.02355330306,58.08,abc
831,832,_389-4187489-1_n,_402-2105414_ln,1.7217630853994492e-05,0.0,0.0,1.7217630853994492e-05,0.0,1.7217630853994492e-05,1.7217630853994492e-05,0.0,0.0,1.7217630853994492e-05,0.0,1.7217630853994492e-05,switch,_402-2105414-0,CLOSED,1000000.0,7621.02355330306,58.08,abc
828,833,_409-23103_n,_409-23103_n_sec,0.0,0.0,0.0,0.0,0.0,0.0,0.40800038046035486,0.0,0.0,0.40800038046035486,0.0,0.40800038046035486,transformer,pa1412_____tnk,,1000000.0,119.99994404998696,0.014399986572000001,a
833,834,_409-23103_n_sec,_500-2255251_n,24.443360112183306,7.041426307380032,0.0,24.443360112183306,0.0,0.0,9.946543853902144,7.607709906689488,0.0,9.946543853902144,0.0,0.0,line,_389-153365-1,,1000000.0,119.99994404998696,0.014399986572000001,ab
833,835,_409-23103_n_sec,_406-92506_n,11.982541662261767,3.4518242869511475,0.0,11.982541662261767,0.0,0.0,4.87596122537551,3.729425925606342,0.0,4.87596122537551,0.0,0.0,line,_389-153363-2,,1000000.0,119.99994404998696,0.014399986572000001,ab
827,836,_409-23115_n,_409-23115_n_sec,0.0,0.0,0.0,0.0,0.0,0.0,0.40800038046035486,0.0,0.0,0.40800038046035486,0.0,0.40800038046035486,transformer,__ave11394_ava21400_tnk,,1000000.0,119.99994404998696,0.014399986572000001,abc
836,837,_409-23115_n_sec,_406-92503_n,0.0,0.0,0.0,11.327465021217337,3.123134024645142,11.327465021217337,0.0,0.0,0.0,3.929596829348509,2.173260056761077,3.929596829348509,line,_389-153344-2,,1000000.0,119.99994404998696,0.014399986572000001,bc
836,838,_409-23115_n_sec,_406-92502_n,0.0,0.0,0.0,7.172104795817402,1.9774454808893076,7.172104795817402,0.0,0.0,0.0,2.4880659717429423,1.37602268878862,2.4880659717429423,line,_389-153343-0,,1000000.0,119.99994404998696,0.014399986572000001,bc
836,839,_409-23115_n_sec,_406-92505_n,0.0,0.0,0.0,12.175557609593453,3.3569645254540657,12.175557609593453,0.0,0.0,0.0,4.223807576416311,2.335973050648111,4.223807576416311,line,_389-153362-1,,1000000.0,119.99994404998696,0.014399986572000001,bc
826,840,_500-14010_n,_409-22698_n,0.0006697605439533556,8.254146156923835e-05,8.26390060344032e-05,0.0006695655003980236,8.254146156923835e-05,0.0006697605439533556,0.0014250328881122401,0.0006992692626729275,0.0007111194766492267,0.0014252337871819816,0.0006992692626729275,0.0014250328881122401,line,_389-4738419-1,,1000000.0,7621.02355330306,58.08,abc
840,841,_409-22698_n,_500-4529805_n,0.002174309442283742,0.0002679624544774535,0.0002682791226562007,0.0021736762532315592,0.0002679624544774535,0.002174309442283742,0.004626224241126843,0.0022701064944106713,0.002308577008050759,0.004626876439510623,0.0022701064944106713,0.004626224241126843,line,_389-4738419-3,,1000000.0,7621.02355330306,58.08,abc
841,842,_500-4529805_n,_409-2041987_n,0.0004084871289497562,5.034205875537958e-05,5.0401551149907526e-05,0.00040836817183492307,5.034205875537958e-05,0.0004084871289497562,0.000869127926957262,0.00042648450412744853,0.0004337119526959265,0.0008692504553518477,0.00042648450412744853,0.000869127926957262,line,_389-4738419-5,,1000000.0,7621.02355330306,58.08,abc
842,843,_409-2041987_n,_402-2457158_sn,0.00020832596158430937,2.567414504665634e-05,2.5704485807524014e-05,0.00020826529417626005,2.567414504665634e-05,0.00020832596158430937,0.0004432499784966776,0.00021750451391599744,0.0002211904689097336,0.0004433124672357697,0.00021750451391599744,0.0004432499784966776,line,_389-4738419-7,,1000000.0,7621.02355330306,58.08,abc
843,844,_402-2457158_sn,_402-2457158_ln,1.7217630853994492e-05,0.0,0.0,1.7217630853994492e-05,0.0,1.7217630853994492e-05,1.7217630853994492e-05,0.0,0.0,1.7217630853994492e-05,0.0,1.7217630853994492e-05,switch,_402-2457158-0,CLOSED,1000000.0,7621.02355330306,58.08,abc
844,845,_402-2457158_ln,_403-37199_sn,0.0010393227024555515,2.719873798291859e-05,2.723088045167627e-05,0.001039258432469827,2.719873798291859e-05,0.0010393227024555515,0.0005542733704150571,0.00023042045892288565,0.00023432529485449213,0.0005543395698868744,0.00023042045892288565,0.0005542733704150571,line,_389-4738420-0,,1000000.0,7621.02355330306,58.08,abc
845,846,_403-37199_sn,_403-37199_ln,1.7217630853994492e-05,0.0,0.0,1.7217630853994492e-05,0.0,1.7217630853994492e-05,1.7217630853994492e-05,0.0,0.0,1.7217630853994492e-05,0.0,1.7217630853994492e-05,switch,_403-37199-0,CLOSED,1000000.0,7621.02355330306,58.08,abc
846,847,_403-37199_ln,_409-23125_n,0.0032865624013554097,0.00013398122723872675,0.00013413956132810035,0.0032862458068293183,0.00013398122723872675,0.0032865624013554097,0.002307714580525655,0.0011350532472053356,0.0011542885040253794,0.0023080406797175443,0.0011350532472053356,0.002307714580525655,line,_389-150208-28,,1000000.0,7621.02355330306,58.08,abc
847,848,_409-23125_n,_409-1678771_n,0.0034900091408111835,0.0001422750128119934,0.00014244314819228865,0.0034896729482625398,0.0001422750128119934,0.0034900091408111835,0.0024505681003033014,0.0012053159880428075,0.0012257419571648658,0.002450914385881216,0.0012053159880428075,0.0024505681003033014,line,_389-150208-25,,1000000.0,7621.02355330306,58.08,abc
848,849,_409-1678771_n,_500-4036473_n,0.00015931674817676428,6.494765908477197e-06,6.502441184088616e-06,0.00015930140119586818,6.494765908477197e-06,0.00015931674817676428,0.00011186691070823043,5.502192572934377e-05,5.5954358524671336e-05,0.00011188271842963975,5.502192572934377e-05,0.00011186691070823043,line,_389-150208-22,,1000000.0,7621.02355330306,58.08,abc
848,850,_409-1678771_n,_409-1678771_n_sec,0.0,0.0,0.0,0.0,0.0,0.0,0.40800038046035486,0.0,0.0,0.40800038046035486,0.0,0.40800038046035486,transformer,avc15754___avc14950_tnk,,1000000.0,119.99994404998696,0.014399986572000001,abc
850,851,_409-1678771_n_sec,_500-4010886_n,1.0781740807995193,0.0,0.2869478076440923,0.0,0.0,1.0781740807995195,0.3959735921513816,0.0,0.1882011478819328,0.0,0.0,0.3959735921513817,line,_389-3987877-2,,1000000.0,119.99994404998696,0.014399986572000001,ac
851,852,_500-4010886_n,_406-2938509_n,9.86427018097338,0.0,2.625300267226167,0.0,0.0,9.864270180973383,3.62278278347714,0.0,1.7218619925458136,0.0,0.0,3.6227827834771413,line,_389-4108778-1,,1000000.0,119.99994404998696,0.014399986572000001,ac
851,853,_500-4010886_n,_406-2839940_n,15.44506284852645,0.0,4.110585667226753,0.0,0.0,15.445062848526451,5.672402190005973,0.0,2.696019695674517,0.0,0.0,5.672402190005974,line,_389-3987877-3,,1000000.0,119.99994404998696,0.014399986572000001,ac
850,854,_409-1678771_n_sec,_500-1860430_n,10.436958852617568,0.0,2.7777169889016196,0.0,0.0,10.43695885261757,3.833110219958632,0.0,1.8218279139139943,0.0,0.0,3.8331102199586327,line,_389-3987873-1,,1000000.0,119.99994404998696,0.014399986572000001,ac
854,855,_500-1860430_n,_406-92478_n,7.8744692351076,0.0,2.095729923037476,0.0,0.0,7.874469235107601,2.892002251620525,0.0,1.3745314188124902,0.0,0.0,2.8920022516205255,line,_389-3987874-2,,1000000.0,119.99994404998696,0.014399986572000001,ac
850,856,_409-1678771_n_sec,_406-2526307_n,3.60560112657617,0.0,0.9596032374872897,0.0,0.0,3.6056011265761705,1.3242043705008266,0.0,0.6293772804506913,0.0,0.0,1.3242043705008268,line,_389-3987876-0,,1000000.0,119.99994404998696,0.014399986572000001,ac
847,857,_409-23125_n,_409-23125_n_sec,0.0,0.0,0.0,0.0,0.0,0.0,0.40800038046035486,0.0,0.0,0.40800038046035486,0.0,0.40800038046035486,transformer,sf0146_sf0660_sf0662_tnk,,1000000.0,119.99994404998696,0.014399986572000001,abc
857,858,_409-23125_n_sec,_406-92475_n,18.47247308541981,4.555918637145872,4.378353048968266,18.60100079141556,4.555918637145872,18.472473085419814,5.425394192660821,2.2617152262365643,1.7243419536822635,5.071294154020123,2.261715226236564,5.425394192660821,line,_389-153332-2,,1000000.0,119.99994404998696,0.014399986572000001,abc
857,859,_409-23125_n_sec,_500-4051506_n,17.289313011030384,4.264112498968721,4.097919969154538,17.409608530167134,4.264112498968722,17.289313011030384,5.077898231134852,2.1168525896557653,1.613898022068049,4.7464782649523505,2.116852589655765,5.07789823113485,line,_389-153331-2,,1000000.0,119.99994404998696,0.014399986572000001,abc
857,860,_409-23125_n_sec,_406-2094178_n,12.966984758272785,3.1980843742265406,3.073439976865903,13.057206397625345,3.198084374226541,12.966984758272787,3.8084236733511383,1.5876394422418236,1.2104235165510364,3.5598586987142626,1.5876394422418234,3.808423673351138,line,_389-3987879-0,,1000000.0,119.99994404998696,0.014399986572000001,abc
842,861,_409-2041987_n,_409-2041987_n_sec,0.0,0.0,0.0,0.0,0.0,0.0,0.40800038046035486,0.0,0.0,0.40800038046035486,0.0,0.40800038046035486,transformer,__avc10743_avc21223_tnk,,1000000.0,119.99994404998696,0.014399986572000001,abc
861,862,_409-2041987_n_sec,_500-4539601_n,0.0,0.0,0.0,4.982910778763482,1.373855330012293,4.982910778763482,0.0,0.0,0.0,1.728615392806676,0.9560092166788369,1.728615392806676,line,_389-4603009-0,,1000000.0,119.99994404998696,0.014399986572000001,bc
841,863,_500-4529805_n,_396-274612_sn,5.549016096623535e-05,2.000265932376075e-05,2.000265932376075e-05,5.553742678533317e-05,2.002629773127761e-05,5.553742678533317e-05,0.0003021145866174621,0.00016945719849037325,0.00016945719849037325,0.00030206590180410775,0.00017232891639523185,0.00030206590180410775,line,_394-3604347-1,,1000000.0,7621.02355330306,58.08,abc
863,864,_396-274612_sn,_396-274612_ln,1.7217630853994492e-05,0.0,0.0,1.7217630853994492e-05,0.0,1.7217630853994492e-05,1.7217630853994492e-05,0.0,0.0,1.7217630853994492e-05,0.0,1.7217630853994492e-05,switch,_396-274612-0_a,CLOSED,1000000.0,7621.02355330306,58.08,acb
864,865,_396-274612_ln,_500-4529807_n,2.7745080483117674e-05,0.0,0.0,0.0,0.0,0.0,0.00015105729330873105,0.0,0.0,0.0,0.0,0.0,line,_394-3604348-0,,1000000.0,7621.02355330306,58.08,a
865,866,_500-4529807_n,_500-4529808_n,0.0013662212173624658,0.0,0.0,0.0,0.0,0.0,0.0003723131437918979,0.0,0.0,0.0,0.0,0.0,line,_411-3118448-0,,1000000.0,7621.02355330306,58.08,a
866,867,_500-4529808_n,_396-274611_sn,2.7745080483117674e-05,0.0,0.0,0.0,0.0,0.0,0.00015105729330873105,0.0,0.0,0.0,0.0,0.0,line,_394-3604349-0,,1000000.0,7621.02355330306,58.08,a
868,867,_500-4529844_n,_396-274611_sn,0.0,0.0,0.0,0.0,0.0,2.7768713392666585e-05,0.0,0.0,0.0,0.0,0.0,0.00015103295090205388,line,_394-3604353-0,,1000000.0,7621.02355330306,58.08,c
870,867,_500-4529842_n,_396-274611_sn,0.0,0.0,0.0,2.7768713392666585e-05,0.0,0.0,0.0,0.0,0.0,0.00015103295090205388,0.0,0.0,line,_394-3604351-0,,1000000.0,7621.02355330306,58.08,b
869,868,_500-4529843_n,_500-4529844_n,0.0,0.0,0.0,0.0,0.0,0.0011883285167391437,0.0,0.0,0.0,0.0,0.0,0.00032384588273454666,line,_411-3118450-0,,1000000.0,7621.02355330306,58.08,c
864,869,_396-274612_ln,_500-4529843_n,0.0,0.0,0.0,0.0,0.0,2.7768713392666585e-05,0.0,0.0,0.0,0.0,0.0,0.00015103295090205388,line,_394-3604352-0,,1000000.0,7621.02355330306,58.08,c
871,870,_500-4529841_n,_500-4529842_n,0.0,0.0,0.0,0.0012409357765012343,0.0,0.0,0.0,0.0,0.0,0.00033818252806108436,0.0,0.0,line,_411-3118449-0,,1000000.0,7621.02355330306,58.08,b
864,871,_396-274612_ln,_500-4529841_n,0.0,0.0,0.0,2.7768713392666585e-05,0.0,0.0,0.0,0.0,0.0,0.00015103295090205388,0.0,0.0,line,_394-3604350-0,,1000000.0,7621.02355330306,58.08,b
867,872,_396-274611_sn,_396-274611_ln,1.7217630853994492e-05,0.0,0.0,1.7217630853994492e-05,0.0,1.7217630853994492e-05,1.7217630853994492e-05,0.0,0.0,1.7217630853994492e-05,0.0,1.7217630853994492e-05,switch,_396-274611-0_c,CLOSED,1000000.0,7621.02355330306,58.08,cba
872,873,_396-274611_ln,_500-4529803_n,5.549016096623535e-05,2.000265932376075e-05,2.000265932376075e-05,5.553742678533317e-05,2.002629773127761e-05,5.553742678533317e-05,0.0003021145866174621,0.00016945719849037325,0.00016945719849037325,0.00030206590180410775,0.00017232891639523185,0.00030206590180410775,line,_394-3604346-1,,1000000.0,7621.02355330306,58.08,abc
873,874,_500-4529803_n,_409-23074_n,0.000548030884690315,6.753946707641778e-05,6.761928273594499e-05,0.0005478712904993063,6.753946707641778e-05,0.000548030884690315,0.0011660317130286705,0.0005721763638051476,0.0005818727893528027,0.0011661960984883962,0.0005721763638051476,0.0011660317130286705,line,_389-1494219-19,,1000000.0,7621.02355330306,58.08,abc
874,875,_409-23074_n,_500-4529793_n,5.5421633485611986e-05,6.830176354454891e-06,6.838248005802112e-06,5.540549393762736e-05,6.830176354454891e-06,5.5421633485611986e-05,0.00011791923418438927,5.786343363085917e-05,5.88440202325182e-05,0.00011793585826699811,5.786343363085917e-05,0.00011791923418438927,line,_389-1494219-17,,1000000.0,7621.02355330306,58.08,abc
874,876,_409-23074_n,_409-23074_n_sec,0.0,0.0,0.0,0.0,0.0,0.0,0.40800038046035486,0.0,0.0,0.40800038046035486,0.0,0.40800038046035486,transformer,ava08069___ava09637_tnk,,1000000.0,119.99994404998696,0.014399986572000001,abc
876,877,_409-23074_n_sec,_406-92441_n,15.164562274659904,0.0,4.0359325790591845,0.0,0.0,15.164562274659907,5.569384670096669,0.0,2.6470567954125506,0.0,0.0,5.56938467009667,line,_389-153282-4,,1000000.0,119.99994404998696,0.014399986572000001,ac
876,878,_409-23074_n_sec,_500-3569786_n,15.82490737563739,0.0,4.211678390787003,0.0,0.0,15.824907375637393,5.81190508154982,0.0,2.7623236231125965,0.0,0.0,5.8119050815498206,line,_389-153288-4,,1000000.0,119.99994404998696,0.014399986572000001,ac
876,879,_409-23074_n_sec,_406-92443_n,10.206130255373228,0.0,2.7162837184303914,0.0,0.0,10.20613025537323,3.748335385866602,0.0,1.7815355272400846,0.0,0.0,3.7483353858666035,line,_389-153284-4,,1000000.0,119.99994404998696,0.014399986572000001,ac
876,880,_409-23074_n_sec,_406-92440_n,9.595457131017943,0.0,2.5537577243989134,0.0,0.0,9.595457131017943,3.5240576602307243,0.0,1.6749392131280951,0.0,0.0,3.5240576602307243,line,_389-153281-4,,1000000.0,119.99994404998696,0.014399986572000001,ac
876,881,_409-23074_n_sec,_406-92442_n,9.016924697418203,0.0,2.399785730053303,0.0,0.0,9.016924697418204,3.311584025417788,0.0,1.57395323133779,0.0,0.0,3.311584025417789,line,_389-153283-4,,1000000.0,119.99994404998696,0.014399986572000001,ac
876,882,_409-23074_n_sec,_406-92445_n,12.122884176794592,0.0,3.2264131542421106,0.0,0.0,12.122884176794594,4.452288438580169,0.0,2.1161153456968536,0.0,0.0,4.45228843858017,line,_389-153286-4,,1000000.0,119.99994404998696,0.014399986572000001,ac
876,883,_409-23074_n_sec,_406-92330_n,8.415017215996249,0.0,2.2395926450270616,0.0,0.0,8.415017215996249,3.090525597279077,0.0,1.4688870078589877,0.0,0.0,3.090525597279077,line,_389-153011-4,,1000000.0,119.99994404998696,0.014399986572000001,ac
873,884,_500-4529803_n,_500-4437020_n,0.0008335512643438696,0.00010272707204535058,0.00010284847112297908,0.0008333085226601187,0.00010272707204535058,0.0008335512643438696,0.0017735263391393192,0.0008702763745641273,0.0008850245721578295,0.0017737763683103422,0.0008702763745641273,0.0017735263391393192,line,_389-1494219-20,,1000000.0,7621.02355330306,58.08,abc
884,885,_500-4437020_n,_409-2127443_n,0.0010881443931683996,0.00013410319467362772,0.00013426167289963255,0.0010878275104360944,0.00013410319467362772,0.0010881443931683996,0.0023152178211738573,0.0011360865228058866,0.00115533929010096,0.002315544217224365,0.0011360865228058866,0.0023152178211738573,line,_389-1494219-25,,1000000.0,7621.02355330306,58.08,abc
885,886,_409-2127443_n,_409-23079_n,0.001858356647814427,0.0002290243508853156,0.000229295003444552,0.0018578154685960676,0.0002290243508853156,0.001858356647814427,0.003953979321245303,0.0019402332589347467,0.0019731135534216257,0.00395453674751528,0.0019402332589347467,0.003953979321245303,line,_389-1494219-24,,1000000.0,7621.02355330306,58.08,abc
886,887,_409-23079_n,_403-801451_sn,0.00012197707726967284,1.5032486351545811e-05,1.5050251191341255e-05,0.00012194155585379595,1.5032486351545811e-05,0.00012197707726967284,0.00025952760023617815,0.0001273512177679177,0.00012950938381531908,0.0002595641880608485,0.0001273512177679177,0.00025952760023617815,line,_389-1494219-4,,1000000.0,7621.02355330306,58.08,abc
887,888,_403-801451_sn,_403-801451_ln,1.7217630853994492e-05,0.0,0.0,1.7217630853994492e-05,0.0,1.7217630853994492e-05,1.7217630853994492e-05,0.0,0.0,1.7217630853994492e-05,0.0,1.7217630853994492e-05,switch,_403-801451-0,CLOSED,1000000.0,7621.02355330306,58.08,abc
888,889,_403-801451_ln,_409-719428_n,0.0015067756603900759,0.00018569541963674236,0.00018591486765774488,0.001506336866429244,0.00018569541963674236,0.0015067756603900759,0.0032059291793880835,0.0015731621018389833,0.0015998218000715884,0.0032063811466340113,0.0015731621018389833,0.0032059291793880835,line,_389-2266702-3,,1000000.0,7621.02355330306,58.08,abc
889,890,_409-719428_n,_409-719428_n_sec,0.0,0.0,0.0,0.0,0.0,0.0,0.40800038046035486,0.0,0.0,0.40800038046035486,0.0,0.40800038046035486,transformer,av04592_av04594_av04583_tnk,,1000000.0,119.99994404998696,0.014399986572000001,abc
890,891,_409-719428_n_sec,_500-1962678_n,7.635738532342253,1.8832239368819923,1.8098258381327823,7.688866446109248,1.8832239368819925,7.6357385323422555,2.2426283312733077,0.9348973481948493,0.7127699814627583,2.0962583624635136,0.9348973481948493,2.2426283312733077,line,_389-2266704-0,,1000000.0,119.99994404998696,0.014399986572000001,abc
890,892,_409-719428_n_sec,_406-1325510_n,7.790308138260112,1.9213458789241378,1.8464619887022722,7.844511515868545,1.921345878924138,7.790308138260114,2.2880256659144678,0.9538223957291581,0.7271985235976318,2.1386927422704676,0.953822395729158,2.2880256659144678,line,_389-2266703-2,,1000000.0,119.99994404998696,0.014399986572000001,abc
889,893,_409-719428_n,_500-1962676_n,8.337986823505021e-05,1.0275756390407584e-05,1.0287899901586215e-05,8.335558686151975e-05,1.0275756390407584e-05,8.337986823505021e-05,0.00017740527642919282,8.705346934642653e-05,8.852872686767249e-05,0.00017743028676776057,8.705346934642653e-05,0.00017740527642919282,line,_389-2266702-4,,1000000.0,7621.02355330306,58.08,abc
886,894,_409-23079_n,_409-23079_n_sec,0.0,0.0,0.0,0.0,0.0,0.0,0.40800038046035486,0.0,0.0,0.40800038046035486,0.0,0.40800038046035486,transformer,__ave03335_ave03473_tnk,,1000000.0,119.99994404998696,0.014399986572000001,abc
894,895,_409-23079_n_sec,_406-92470_n,0.0,0.0,0.0,3.4833422228458497,0.9604041676823273,3.4833422228458497,0.0,0.0,0.0,1.2084019265380002,0.668305618491036,1.2084019265380002,line,_389-153295-0,,1000000.0,119.99994404998696,0.014399986572000001,bc
894,896,_409-23079_n_sec,_406-92819_n,0.0,0.0,0.0,10.162438178361564,2.8019204993124682,10.162438178361564,0.0,0.0,0.0,3.525438813480281,1.949740822943941,3.525438813480281,line,_389-153740-1,,1000000.0,119.99994404998696,0.014399986572000001,bc
894,897,_409-23079_n_sec,_500-3323074_n,0.0,0.0,0.0,14.97220894773338,4.128038806668268,14.97220894773338,0.0,0.0,0.0,5.1939904205533916,2.8725318159572577,5.1939904205533916,line,_389-153296-1,,1000000.0,119.99994404998696,0.014399986572000001,bc
897,898,_500-3323074_n,_406-92471_n,0.0,0.0,0.0,1.8957363740172017,0.5226799429846533,1.8957363740172017,0.0,0.0,0.0,0.6576475522692063,0.3637113981004289,0.6576475522692063,line,_389-3449954-0,,1000000.0,119.99994404998696,0.014399986572000001,bc
894,899,_409-23079_n_sec,_406-92467_n,0.0,0.0,0.0,16.64198293661231,4.588417889575804,16.64198293661231,0.0,0.0,0.0,5.773249642288962,3.1928906170704847,5.773249642288962,line,_389-153292-2,,1000000.0,119.99994404998696,0.014399986572000001,bc
894,900,_409-23079_n_sec,_406-92472_n,0.0,0.0,0.0,10.315036152740658,2.843993807416496,10.315036152740658,0.0,0.0,0.0,3.5783763873471526,1.9790179014288047,3.5783763873471526,line,_389-153329-1,,1000000.0,119.99994404998696,0.014399986572000001,bc
894,901,_409-23079_n_sec,_406-92473_n,0.0,0.0,0.0,3.6770242672500837,1.0138049048912858,3.6770242672500837,0.0,0.0,0.0,1.2755919241382596,0.7054649873372097,1.2755919241382596,line,_389-153330-0,,1000000.0,119.99994404998696,0.014399986572000001,bc
894,902,_409-23079_n_sec,_406-92469_n,0.0,0.0,0.0,4.363715151956004,1.2031347913594108,4.363715151956004,0.0,0.0,0.0,1.5138110065391794,0.8372118405190988,1.5138110065391794,line,_389-153294-0,,1000000.0,119.99994404998696,0.014399986572000001,bc
894,903,_409-23079_n_sec,_406-1855046_n,0.0,0.0,0.0,8.833075055405228,2.435397257560072,8.833075055405228,0.0,0.0,0.0,3.0642711026785006,1.6946924276815654,3.0642711026785006,line,_389-153293-2,,1000000.0,119.99994404998696,0.014399986572000001,bc
885,904,_409-2127443_n,_409-2127443_n_sec,0.0,0.0,0.0,0.0,0.0,0.0,0.40800038046035486,0.0,0.0,0.40800038046035486,0.0,0.40800038046035486,transformer,__avv00890___tnk,,1000000.0,119.99994404998696,0.014399986572000001,b
904,905,_409-2127443_n_sec,_406-2380054_n,8.76556088812164,2.525105008202087,0.0,8.76556088812164,0.0,0.0,3.5669005970375847,2.7281782905540335,0.0,3.5669005970375847,0.0,0.0,line,_389-4738421-0,,1000000.0,119.99994404998696,0.014399986572000001,ab
884,906,_500-4437020_n,_402-2305846_sn,5.549016096623535e-05,2.000265932376075e-05,2.000265932376075e-05,5.553742678533317e-05,2.002629773127761e-05,5.553742678533317e-05,0.0003021145866174621,0.00016945719849037325,0.00016945719849037325,0.00030206590180410775,0.00017232891639523185,0.00030206590180410775,line,_394-3543713-1,,1000000.0,7621.02355330306,58.08,abc
906,907,_402-2305846_sn,_402-2305846_ln,1.7217630853994492e-05,0.0,0.0,1.7217630853994492e-05,0.0,1.7217630853994492e-05,1.7217630853994492e-05,0.0,0.0,1.7217630853994492e-05,0.0,1.7217630853994492e-05,switch,_402-2305846-0,CLOSED,1000000.0,7621.02355330306,58.08,abc
907,908,_402-2305846_ln,_500-4437024_n,0.0,0.0,0.0,2.7768713392666585e-05,0.0,0.0,0.0,0.0,0.0,0.00015103295090205388,0.0,0.0,line,_394-3543715-0,,1000000.0,7621.02355330306,58.08,b
908,909,_500-4437024_n,_395-3045325_sn,0.0,0.0,0.0,0.0034571485902154648,0.0,0.0,0.0,0.0,0.0,0.0017248179005393807,0.0,0.0,line,_411-3058423-0,,1000000.0,7621.02355330306,58.08,b
909,910,_395-3045325_sn,_391-2545844_n,0.0,0.0,0.0,1.7217630853994492e-05,0.0,0.0,0.0,0.0,0.0,1.7217630853994492e-05,0.0,0.0,switch,_395-3045325-0_b,CLOSED,1000000.0,7621.02355330306,58.08,b
911,910,_395-3045326_sn,_391-2545844_n,0.0,0.0,0.0,0.0,0.0,1.7217630853994492e-05,0.0,0.0,0.0,0.0,0.0,1.7217630853994492e-05,switch,_395-3045326-0_c,CLOSED,1000000.0,7621.02355330306,58.08,c
915,910,_395-3045324_sn,_391-2545844_n,1.7217630853994492e-05,0.0,0.0,0.0,0.0,0.0,1.7217630853994492e-05,0.0,0.0,0.0,0.0,0.0,switch,_395-3045324-0_a,CLOSED,1000000.0,7621.02355330306,58.08,a
912,911,_500-4437026_n,_395-3045326_sn,0.0,0.0,0.0,0.0,0.0,0.0038002410862102995,0.0,0.0,0.0,0.0,0.0,0.0018959913584310894,line,_411-3058424-0,,1000000.0,7621.02355330306,58.08,c
907,912,_402-2305846_ln,_500-4437026_n,0.0,0.0,0.0,0.0,0.0,2.7768713392666585e-05,0.0,0.0,0.0,0.0,0.0,0.00015103295090205388,line,_394-3543716-0,,1000000.0,7621.02355330306,58.08,c
910,913,_391-2545844_n,_391-2545844_ln,0.0,0.0,0.0,0.0,0.0,0.0,0.40800038046035486,0.0,0.0,0.40800038046035486,0.0,0.40800038046035486,transformer,ave31154_tnk,,1000000.0,119.99994404998696,0.014399986572000001,abc
913,914,_391-2545844_ln,_406-3294196_n,1.7564727945211294,0.4332038868425635,0.41631989283510823,1.7686939745374604,0.4332038868425636,1.7564727945211296,0.5158788027404555,0.21505735834441697,0.16396070607810967,0.4822088614426559,0.21505735834441694,0.5158788027404554,line,_389-4512130-1,,1000000.0,119.99994404998696,0.014399986572000001,abc
916,915,_500-4437022_n,_395-3045324_sn,0.0033494338344349883,0.0,0.0,0.0,0.0,0.0,0.001671339997172078,0.0,0.0,0.0,0.0,0.0,line,_411-3058422-0,,1000000.0,7621.02355330306,58.08,a
907,916,_402-2305846_ln,_500-4437022_n,2.7745080483117674e-05,0.0,0.0,0.0,0.0,0.0,0.00015105729330873105,0.0,0.0,0.0,0.0,0.0,line,_394-3543714-0,,1000000.0,7621.02355330306,58.08,a
840,917,_409-22698_n,_409-22698_n_sec,0.0,0.0,0.0,0.0,0.0,0.0,0.40800038046035486,0.0,0.0,0.40800038046035486,0.0,0.40800038046035486,transformer,ave03123_ave00949_ave00583_tnk,,1000000.0,119.99994404998696,0.014399986572000001,abc
917,918,_409-22698_n_sec,_406-92438_n,3.878291930302654,0.9565141821483802,0.9192343233799191,3.905276295778713,0.9565141821483805,3.8782919303026544,1.1390603964509258,0.4748466472244727,0.3620252390204661,1.0647171660653842,0.4748466472244726,1.1390603964509256,line,_389-153263-2,,1000000.0,119.99994404998696,0.014399986572000001,abc
917,919,_409-22698_n_sec,_406-92439_n,9.569263784551113,2.360094775518286,2.2681107761656696,9.635844773280084,2.3600947755182866,9.569263784551115,2.8105077173300015,1.1716324882603835,0.8932579267135414,2.6270738771395896,1.1716324882603835,2.8105077173300015,line,_389-153264-4,,1000000.0,119.99994404998696,0.014399986572000001,abc
815,920,_500-14012_n,_402-126828_sn,5.549016096623535e-05,2.000265932376075e-05,2.000265932376075e-05,5.553742678533317e-05,2.002629773127761e-05,5.553742678533317e-05,0.0003021145866174621,0.00016945719849037325,0.00016945719849037325,0.00030206590180410775,0.00017232891639523185,0.00030206590180410775,line,_394-247582-0,,1000000.0,7621.02355330306,58.08,abc
920,921,_402-126828_sn,_402-126828_ln,1.7217630853994492e-05,0.0,0.0,1.7217630853994492e-05,0.0,1.7217630853994492e-05,1.7217630853994492e-05,0.0,0.0,1.7217630853994492e-05,0.0,1.7217630853994492e-05,switch,_402-126828-0,CLOSED,1000000.0,7621.02355330306,58.08,abc
921,922,_402-126828_ln,_500-14008_n,0.0,0.0,0.0,2.7768713392666585e-05,0.0,0.0,0.0,0.0,0.0,0.00015103295090205388,0.0,0.0,line,_394-247585-0,,1000000.0,7621.02355330306,58.08,b
922,923,_500-14008_n,_395-219603_sn,0.0,0.0,0.0,0.0023360883962960377,0.0,0.0,0.0,0.0,0.0,0.0011655059011862186,0.0,0.0,line,_411-198922-0,,1000000.0,7621.02355330306,58.08,b
923,924,_395-219603_sn,_391-146420_n,0.0,0.0,0.0,1.7217630853994492e-05,0.0,0.0,0.0,0.0,0.0,1.7217630853994492e-05,0.0,0.0,switch,_395-219603-0_b,CLOSED,1000000.0,7621.02355330306,58.08,b
927,924,_395-219604_sn,_391-146420_n,0.0,0.0,0.0,0.0,0.0,1.7217630853994492e-05,0.0,0.0,0.0,0.0,0.0,1.7217630853994492e-05,switch,_395-219604-0_c,CLOSED,1000000.0,7621.02355330306,58.08,c
929,924,_395-219602_sn,_391-146420_n,1.7217630853994492e-05,0.0,0.0,0.0,0.0,0.0,1.7217630853994492e-05,0.0,0.0,0.0,0.0,0.0,switch,_395-219602-0_a,CLOSED,1000000.0,7621.02355330306,58.08,a
924,925,_391-146420_n,_391-146420_ln,0.0,0.0,0.0,0.0,0.0,0.0,0.40800038046035486,0.0,0.0,0.40800038046035486,0.0,0.40800038046035486,transformer,sc9008_tnk,,1000000.0,119.99994404998696,0.014399986572000001,abc
925,926,_391-146420_ln,_406-92379_n,8.220292678358886,2.027394190423198,1.9483770984683066,8.277487800835315,2.027394190423198,8.220292678358886,2.414312796825332,1.0064684370518715,0.7673361044455532,2.25673747155163,1.0064684370518713,2.4143127968253317,line,_389-459538-0,,1000000.0,119.99994404998696,0.014399986572000001,abc
928,927,_500-14009_n,_395-219604_sn,0.0,0.0,0.0,0.0,0.0,0.0024336985756236553,0.0,0.0,0.0,0.0,0.0,0.00121420493166921,line,_411-198923-0,,1000000.0,7621.02355330306,58.08,c
921,928,_402-126828_ln,_500-14009_n,0.0,0.0,0.0,0.0,0.0,2.7768713392666585e-05,0.0,0.0,0.0,0.0,0.0,0.00015103295090205388,line,_394-247587-0,,1000000.0,7621.02355330306,58.08,c
930,929,_500-14011_n,_395-219602_sn,0.0024752884230991932,0.0,0.0,0.0,0.0,0.0,0.0012351486103503093,0.0,0.0,0.0,0.0,0.0,line,_411-198921-0,,1000000.0,7621.02355330306,58.08,a
921,930,_402-126828_ln,_500-14011_n,2.7745080483117674e-05,0.0,0.0,0.0,0.0,0.0,0.00015105729330873105,0.0,0.0,0.0,0.0,0.0,line,_394-247583-0,,1000000.0,7621.02355330306,58.08,a
810,931,_409-23030_n,_409-23030_n_sec,0.0,0.0,0.0,0.0,0.0,0.0,0.40800038046035486,0.0,0.0,0.40800038046035486,0.0,0.40800038046035486,transformer,__ave04971___tnk,,1000000.0,119.99994404998696,0.014399986572000001,b
931,932,_409-23030_n_sec,_500-2251093_n,12.549071904787331,3.6150252926777524,0.0,12.549071904787331,0.0,0.0,5.10649491125095,3.9057518365580317,0.0,5.10649491125095,0.0,0.0,line,_389-153213-4,,1000000.0,119.99994404998696,0.014399986572000001,ab
931,933,_409-23030_n_sec,_406-92421_n,12.611703388885632,3.6330676149188843,0.0,12.611703388885632,0.0,0.0,5.131981047377883,3.925245153346661,0.0,5.131981047377883,0.0,0.0,line,_389-153214-0,,1000000.0,119.99994404998696,0.014399986572000001,ab
809,934,_409-2046771_n,_409-2046771_n_sec,0.0,0.0,0.0,0.0,0.0,0.0,0.0765,0.0,0.0,0.0765,0.0,0.0765,transformer,avc21683_avc21682_avc21672_tnk,,1000000.0,277.1281292110204,0.07680000000000002,abc
934,935,_409-2046771_n_sec,_406-3369574_n,0.6750118654853183,0.16648009847076053,0.15999158562423935,0.6797084605860153,0.16648009847076056,0.6750118654853184,0.1982520390229582,0.08264646574385826,0.06301004058889988,0.18531269264816558,0.08264646574385823,0.19825203902295818,line,_389-4602006-1,,1000000.0,277.1281292110204,0.07680000000000002,abc
801,936,_500-4125309_n,_729-35525_n,0.00011653388112376449,1.4361665459590422e-05,1.437863754791426e-05,0.00011649994484206468,1.4361665459590422e-05,0.00011653388112376449,0.00024794624687878274,0.00012166820196488693,0.0001237300603996253,0.0002479812019810541,0.00012166820196488693,0.00024794624687878274,line,_389-4215234-3,,1000000.0,7621.02355330306,58.08,abc
936,937,_729-35525_n,_500-4125890_n,7.323572996313014e-05,9.025590182672535e-06,9.036256293381362e-06,7.32144027032933e-05,9.025590182672535e-06,7.323572996313014e-05,0.0001558218451722287,7.646239444077819e-05,7.775816959297048e-05,0.0001558438127099618,7.646239444077819e-05,0.0001558218451722287,line,_389-4215234-4,,1000000.0,7621.02355330306,58.08,abc
937,938,_500-4125890_n,_396-225971_sn,5.887370736661555e-05,2.1222333672770554e-05,2.1222333672770554e-05,5.8923855247853486e-05,2.124741344659942e-05,5.8923855247853486e-05,0.00032053620775267325,0.00017978995449588383,0.00017978995449588383,0.0003204845543531387,0.00018283677715103867,0.0003204845543531387,line,_394-3341008-5,,1000000.0,7621.02355330306,58.08,abc
938,939,_396-225971_sn,_396-225971_ln,1.7217630853994492e-05,0.0,0.0,1.7217630853994492e-05,0.0,1.7217630853994492e-05,1.7217630853994492e-05,0.0,0.0,1.7217630853994492e-05,0.0,1.7217630853994492e-05,switch,_396-225971-0_c,CLOSED,1000000.0,7621.02355330306,58.08,cba
939,940,_396-225971_ln,_500-4125810_n,0.0,0.0,0.0,2.7768713392666585e-05,0.0,0.0,0.0,0.0,0.0,0.00015103295090205388,0.0,0.0,line,_394-3341011-0,,1000000.0,7621.02355330306,58.08,b
940,941,_500-4125810_n,_395-2858643_sn,0.0,0.0,0.0,0.0031596118731072854,0.0,0.0,0.0,0.0,0.0,0.0008610643283666964,0.0,0.0,line,_411-2870452-0,,1000000.0,7621.02355330306,58.08,b
941,942,_395-2858643_sn,_391-2377503_n,0.0,0.0,0.0,1.7217630853994492e-05,0.0,0.0,0.0,0.0,0.0,1.7217630853994492e-05,0.0,0.0,switch,_395-2858643-0_b,CLOSED,1000000.0,7621.02355330306,58.08,b
995,942,_395-2858644_sn,_391-2377503_n,0.0,0.0,0.0,0.0,0.0,1.7217630853994492e-05,0.0,0.0,0.0,0.0,0.0,1.7217630853994492e-05,switch,_395-2858644-0_c,CLOSED,1000000.0,7621.02355330306,58.08,c
997,942,_395-2858642_sn,_391-2377503_n,1.7217630853994492e-05,0.0,0.0,0.0,0.0,0.0,1.7217630853994492e-05,0.0,0.0,0.0,0.0,0.0,switch,_395-2858642-0_a,CLOSED,1000000.0,7621.02355330306,58.08,a
942,943,_391-2377503_n,_395-2858638_ln,0.0,0.0,0.0,1.7217630853994492e-05,0.0,0.0,0.0,0.0,0.0,1.7217630853994492e-05,0.0,0.0,switch,_395-2858638-0_b,CLOSED,1000000.0,7621.02355330306,58.08,b
943,944,_395-2858638_ln,_411-2870449-0_n,0.0,0.0,0.0,0.0015391763499575956,0.0,0.0,0.0,0.0,0.0,0.0005974918338649383,0.0,0.0,line,_411-2870449-0,,1000000.0,7621.02355330306,58.08,b
944,945,_411-2870449-0_n,_391-2374908_n,0.0,0.0,0.0,1.7217630853994492e-05,0.0,0.0,0.0,0.0,0.0,1.7217630853994492e-05,0.0,0.0,switch,_395-2858639-0_b,CLOSED,1000000.0,7621.02355330306,58.08,b
964,945,_395-2855480_sn,_391-2374908_n,1.7217630853994492e-05,0.0,0.0,0.0,0.0,0.0,1.7217630853994492e-05,0.0,0.0,0.0,0.0,0.0,switch,_395-2855480-0_a,CLOSED,1000000.0,7621.02355330306,58.08,a
988,945,_395-2855481_sn,_391-2374908_n,0.0,0.0,0.0,1.7217630853994492e-05,0.0,0.0,0.0,0.0,0.0,1.7217630853994492e-05,0.0,0.0,switch,_395-2855481-0_b,CLOSED,1000000.0,7621.02355330306,58.08,b
990,945,_395-2855482_sn,_391-2374908_n,0.0,0.0,0.0,0.0,0.0,1.7217630853994492e-05,0.0,0.0,0.0,0.0,0.0,1.7217630853994492e-05,switch,_395-2855482-0_c,CLOSED,1000000.0,7621.02355330306,58.08,c
991,945,_411-2870448-0_n,_391-2374908_n,1.7217630853994492e-05,0.0,0.0,0.0,0.0,0.0,1.7217630853994492e-05,0.0,0.0,0.0,0.0,0.0,switch,_395-2858637-0_a,CLOSED,1000000.0,7621.02355330306,58.08,a
993,945,_411-2870450-0_n,_391-2374908_n,0.0,0.0,0.0,0.0,0.0,1.7217630853994492e-05,0.0,0.0,0.0,0.0,0.0,1.7217630853994492e-05,switch,_395-2858641-0_c,CLOSED,1000000.0,7621.02355330306,58.08,c
945,946,_391-2374908_n,_395-2864397_ln,0.0,0.0,0.0,1.7217630853994492e-05,0.0,0.0,0.0,0.0,0.0,1.7217630853994492e-05,0.0,0.0,switch,_395-2864397-0_b,CLOSED,1000000.0,7621.02355330306,58.08,b
946,947,_395-2864397_ln,_395-2864403_sn,0.0,0.0,0.0,0.0009221976643937586,0.0,0.0,0.0,0.0,0.0,0.00046009681038408255,0.0,0.0,line,_411-2876215-0,,1000000.0,7621.02355330306,58.08,b
947,948,_395-2864403_sn,_391-2383188_n,0.0,0.0,0.0,1.7217630853994492e-05,0.0,0.0,0.0,0.0,0.0,1.7217630853994492e-05,0.0,0.0,switch,_395-2864403-0_b,CLOSED,1000000.0,7621.02355330306,58.08,b
951,948,_395-2864404_sn,_391-2383188_n,0.0,0.0,0.0,0.0,0.0,1.7217630853994492e-05,0.0,0.0,0.0,0.0,0.0,1.7217630853994492e-05,switch,_395-2864404-0_c,CLOSED,1000000.0,7621.02355330306,58.08,c
953,948,_395-2864402_sn,_391-2383188_n,1.7217630853994492e-05,0.0,0.0,0.0,0.0,0.0,1.7217630853994492e-05,0.0,0.0,0.0,0.0,0.0,switch,_395-2864402-0_a,CLOSED,1000000.0,7621.02355330306,58.08,a
948,949,_391-2383188_n,_391-2383188_ln,0.0,0.0,0.0,0.0,0.0,0.0,0.0765,0.0,0.0,0.0765,0.0,0.0765,transformer,ave31285_tnk,,1000000.0,277.1281292110204,0.07680000000000002,abc
949,950,_391-2383188_ln,_500-4424881_n,0.39151742080842433,0.09656105633393841,0.09279761757908653,0.39424151929384027,0.09656105633393841,0.3915174208084244,0.11498927790324587,0.04793624047438461,0.03654680730488104,0.10748425498640674,0.0479362404743846,0.11498927790324585,line,_389-4494051-2,,1000000.0,277.1281292110204,0.07680000000000002,abc
952,951,_395-2864398_ln,_395-2864404_sn,0.0,0.0,0.0,0.0,0.0,0.0012368812275992118,0.0,0.0,0.0,0.0,0.0,0.0006170966698516369,line,_411-2876216-0,,1000000.0,7621.02355330306,58.08,c
945,952,_391-2374908_n,_395-2864398_ln,0.0,0.0,0.0,0.0,0.0,1.7217630853994492e-05,0.0,0.0,0.0,0.0,0.0,1.7217630853994492e-05,switch,_395-2864398-0_c,CLOSED,1000000.0,7621.02355330306,58.08,c
954,953,_395-2864396_ln,_395-2864402_sn,0.0007736186890321785,0.0,0.0,0.0,0.0,0.0,0.0003860293773372655,0.0,0.0,0.0,0.0,0.0,line,_411-2876214-0,,1000000.0,7621.02355330306,58.08,a
945,954,_391-2374908_n,_395-2864396_ln,1.7217630853994492e-05,0.0,0.0,0.0,0.0,0.0,1.7217630853994492e-05,0.0,0.0,0.0,0.0,0.0,switch,_395-2864396-0_a,CLOSED,1000000.0,7621.02355330306,58.08,a
945,955,_391-2374908_n,_395-2864401_ln,0.0,0.0,0.0,0.0,0.0,1.7217630853994492e-05,0.0,0.0,0.0,0.0,0.0,1.7217630853994492e-05,switch,_395-2864401-0_c,CLOSED,1000000.0,7621.02355330306,58.08,c
955,956,_395-2864401_ln,_395-2864407_sn,0.0,0.0,0.0,0.0,0.0,0.0026150786849712428,0.0,0.0,0.0,0.0,0.0,0.0013046979062234256,line,_411-2876219-0,,1000000.0,7621.02355330306,58.08,c
956,957,_395-2864407_sn,_391-2383192_n,0.0,0.0,0.0,0.0,0.0,1.7217630853994492e-05,0.0,0.0,0.0,0.0,0.0,1.7217630853994492e-05,switch,_395-2864407-0_c,CLOSED,1000000.0,7621.02355330306,58.08,c
958,957,_395-2864405_sn,_391-2383192_n,1.7217630853994492e-05,0.0,0.0,0.0,0.0,0.0,1.7217630853994492e-05,0.0,0.0,0.0,0.0,0.0,switch,_395-2864405-0_a,CLOSED,1000000.0,7621.02355330306,58.08,a
960,957,_395-2864406_sn,_391-2383192_n,0.0,0.0,0.0,1.7217630853994492e-05,0.0,0.0,0.0,0.0,0.0,1.7217630853994492e-05,0.0,0.0,switch,_395-2864406-0_b,CLOSED,1000000.0,7621.02355330306,58.08,b
959,958,_395-2864399_ln,_395-2864405_sn,0.0017854420026533614,0.0,0.0,0.0,0.0,0.0,0.0008909209075834632,0.0,0.0,0.0,0.0,0.0,line,_411-2876217-0,,1000000.0,7621.02355330306,58.08,a
945,959,_391-2374908_n,_395-2864399_ln,1.7217630853994492e-05,0.0,0.0,0.0,0.0,0.0,1.7217630853994492e-05,0.0,0.0,0.0,0.0,0.0,switch,_395-2864399-0_a,CLOSED,1000000.0,7621.02355330306,58.08,a
961,960,_395-2864400_ln,_395-2864406_sn,0.0,0.0,0.0,0.0021175581440700288,0.0,0.0,0.0,0.0,0.0,0.0010564782210004172,0.0,0.0,line,_411-2876218-0,,1000000.0,7621.02355330306,58.08,b
945,961,_391-2374908_n,_395-2864400_ln,0.0,0.0,0.0,1.7217630853994492e-05,0.0,0.0,0.0,0.0,0.0,1.7217630853994492e-05,0.0,0.0,switch,_395-2864400-0_b,CLOSED,1000000.0,7621.02355330306,58.08,b
957,962,_391-2383192_n,_391-2383192_ln,0.0,0.0,0.0,0.0,0.0,0.0,0.0765,0.0,0.0,0.0765,0.0,0.0765,transformer,ave31344_tnk,,1000000.0,277.1281292110204,0.07680000000000002,abc
962,963,_391-2383192_ln,_406-3279267_n,0.42893025644422267,0.10578829051928111,0.10166522302742455,0.4319146658212464,0.10578829051928114,0.4289302564442228,0.12597748615510382,0.05251695793559767,0.04003916708771626,0.11775529415738237,0.05251695793559767,0.12597748615510382,line,_389-4494050-1,,1000000.0,277.1281292110204,0.07680000000000002,abc
965,964,_395-2855474_ln,_395-2855480_sn,0.0007144225518955591,0.0,0.0,0.0,0.0,0.0,0.00027734405784807085,0.0,0.0,0.0,0.0,0.0,line,_411-2867295-0,,1000000.0,7621.02355330306,58.08,a
966,965,_720-64324_n,_395-2855474_ln,1.7217630853994492e-05,0.0,0.0,0.0,0.0,0.0,1.7217630853994492e-05,0.0,0.0,0.0,0.0,0.0,switch,_395-2855474-0_a,CLOSED,1000000.0,7621.02355330306,58.08,a
967,966,_391-2374901_n,_720-64324_n,1.7217630853994492e-05,0.0,0.0,1.7217630853994492e-05,0.0,1.7217630853994492e-05,1.7217630853994492e-05,0.0,0.0,1.7217630853994492e-05,0.0,1.7217630853994492e-05,switch,_720:64324,CLOSED,1000000.0,7621.02355330306,58.08,abc
968,967,_720-64961_n,_391-2374901_n,1.7217630853994492e-05,0.0,0.0,1.7217630853994492e-05,0.0,1.7217630853994492e-05,1.7217630853994492e-05,0.0,0.0,1.7217630853994492e-05,0.0,1.7217630853994492e-05,switch,_720:64961,CLOSED,1000000.0,7621.02355330306,58.08,abc
972,967,_720-64642_n,_391-2374901_n,1.7217630853994492e-05,0.0,0.0,1.7217630853994492e-05,0.0,1.7217630853994492e-05,1.7217630853994492e-05,0.0,0.0,1.7217630853994492e-05,0.0,1.7217630853994492e-05,switch,_720:64642,CLOSED,1000000.0,7621.02355330306,58.08,abc
969,968,_394-3529528-1_n,_720-64961_n,0.0,0.0,0.0,1.7217630853994492e-05,0.0,0.0,0.0,0.0,0.0,1.7217630853994492e-05,0.0,0.0,switch,_395-2858646-0_b,CLOSED,1000000.0,7621.02355330306,58.08,b
970,968,_394-3529560-1_n,_720-64961_n,1.7217630853994492e-05,0.0,0.0,0.0,0.0,0.0,1.7217630853994492e-05,0.0,0.0,0.0,0.0,0.0,switch,_395-2858645-0_a,CLOSED,1000000.0,7621.02355330306,58.08,a
971,968,_394-3529526-1_n,_720-64961_n,0.0,0.0,0.0,0.0,0.0,1.7217630853994492e-05,0.0,0.0,0.0,0.0,0.0,1.7217630853994492e-05,switch,_395-2858647-0_c,CLOSED,1000000.0,7621.02355330306,58.08,c
973,972,_395-2857728_sn,_720-64642_n,1.7217630853994492e-05,0.0,0.0,0.0,0.0,0.0,1.7217630853994492e-05,0.0,0.0,0.0,0.0,0.0,switch,_395-2857728-0_a,CLOSED,1000000.0,7621.02355330306,58.08,a
975,972,_395-2857730_sn,_720-64642_n,0.0,0.0,0.0,0.0,0.0,1.7217630853994492e-05,0.0,0.0,0.0,0.0,0.0,1.7217630853994492e-05,switch,_395-2857730-0_c,CLOSED,1000000.0,7621.02355330306,58.08,c
977,972,_395-2857729_sn,_720-64642_n,0.0,0.0,0.0,1.7217630853994492e-05,0.0,0.0,0.0,0.0,0.0,1.7217630853994492e-05,0.0,0.0,switch,_395-2857729-0_b,CLOSED,1000000.0,7621.02355330306,58.08,b
974,973,_395-2857736_ln,_395-2857728_sn,0.0002761426494262118,0.0,0.0,0.0,0.0,0.0,7.525248227470649e-05,0.0,0.0,0.0,0.0,0.0,line,_411-2869871-0,,1000000.0,7621.02355330306,58.08,a
942,974,_391-2377503_n,_395-2857736_ln,1.7217630853994492e-05,0.0,0.0,0.0,0.0,0.0,1.7217630853994492e-05,0.0,0.0,0.0,0.0,0.0,switch,_395-2857736-0_a,CLOSED,1000000.0,7621.02355330306,58.08,a
976,975,_395-2857737_ln,_395-2857730_sn,0.0,0.0,0.0,0.0,0.0,0.0004319750839332404,0.0,0.0,0.0,0.0,0.0,0.00011772279332281552,line,_411-2870145-0,,1000000.0,7621.02355330306,58.08,c
942,976,_391-2377503_n,_395-2857737_ln,0.0,0.0,0.0,0.0,0.0,1.7217630853994492e-05,0.0,0.0,0.0,0.0,0.0,1.7217630853994492e-05,switch,_395-2857737-0_c,CLOSED,1000000.0,7621.02355330306,58.08,c
978,977,_395-2857734_ln,_395-2857729_sn,0.0,0.0,0.0,0.0003339072110182492,0.0,0.0,0.0,0.0,0.0,9.099712241221307e-05,0.0,0.0,line,_411-2869868-0,,1000000.0,7621.02355330306,58.08,b
942,978,_391-2377503_n,_395-2857734_ln,0.0,0.0,0.0,1.7217630853994492e-05,0.0,0.0,0.0,0.0,0.0,1.7217630853994492e-05,0.0,0.0,switch,_395-2857734-0_b,CLOSED,1000000.0,7621.02355330306,58.08,b
967,979,_391-2374901_n,_720-64323_n,1.7217630853994492e-05,0.0,0.0,1.7217630853994492e-05,0.0,1.7217630853994492e-05,1.7217630853994492e-05,0.0,0.0,1.7217630853994492e-05,0.0,1.7217630853994492e-05,switch,_720:64323,CLOSED,1000000.0,7621.02355330306,58.08,abc
979,980,_720-64323_n,_395-2855471_ln,1.7217630853994492e-05,0.0,0.0,0.0,0.0,0.0,1.7217630853994492e-05,0.0,0.0,0.0,0.0,0.0,switch,_395-2855471-0_a,CLOSED,1000000.0,7621.02355330306,58.08,a
980,981,_395-2855471_ln,_395-2855477_sn,0.0004700867594722119,0.0,0.0,0.0,0.0,0.0,0.00018249111687019203,0.0,0.0,0.0,0.0,0.0,line,_411-2867292-0,,1000000.0,7621.02355330306,58.08,a
981,982,_395-2855477_sn,_391-2374904_n,1.7217630853994492e-05,0.0,0.0,0.0,0.0,0.0,1.7217630853994492e-05,0.0,0.0,0.0,0.0,0.0,switch,_395-2855477-0_a,CLOSED,1000000.0,7621.02355330306,58.08,a
983,982,_395-2855478_sn,_391-2374904_n,0.0,0.0,0.0,1.7217630853994492e-05,0.0,0.0,0.0,0.0,0.0,1.7217630853994492e-05,0.0,0.0,switch,_395-2855478-0_b,CLOSED,1000000.0,7621.02355330306,58.08,b
985,982,_395-2855479_sn,_391-2374904_n,0.0,0.0,0.0,0.0,0.0,1.7217630853994492e-05,0.0,0.0,0.0,0.0,0.0,1.7217630853994492e-05,switch,_395-2855479-0_c,CLOSED,1000000.0,7621.02355330306,58.08,c
984,983,_395-2855472_ln,_395-2855478_sn,0.0,0.0,0.0,0.00041157663051067804,0.0,0.0,0.0,0.0,0.0,0.00015976965585948102,0.0,0.0,line,_411-2867293-0,,1000000.0,7621.02355330306,58.08,b
979,984,_720-64323_n,_395-2855472_ln,0.0,0.0,0.0,1.7217630853994492e-05,0.0,0.0,0.0,0.0,0.0,1.7217630853994492e-05,0.0,0.0,switch,_395-2855472-0_b,CLOSED,1000000.0,7621.02355330306,58.08,b
986,985,_395-2855473_ln,_395-2855479_sn,0.0,0.0,0.0,0.0,0.0,0.00045475664885110783,0.0,0.0,0.0,0.0,0.0,0.00017653167818736812,line,_411-2867294-0,,1000000.0,7621.02355330306,58.08,c
979,986,_720-64323_n,_395-2855473_ln,0.0,0.0,0.0,0.0,0.0,1.7217630853994492e-05,0.0,0.0,0.0,0.0,0.0,1.7217630853994492e-05,switch,_395-2855473-0_c,CLOSED,1000000.0,7621.02355330306,58.08,c
966,987,_720-64324_n,_395-2855475_ln,0.0,0.0,0.0,1.7217630853994492e-05,0.0,0.0,0.0,0.0,0.0,1.7217630853994492e-05,0.0,0.0,switch,_395-2855475-0_b,CLOSED,1000000.0,7621.02355330306,58.08,b
987,988,_395-2855475_ln,_395-2855481_sn,0.0,0.0,0.0,0.0005668060635319696,0.0,0.0,0.0,0.0,0.0,0.00022002806524074612,0.0,0.0,line,_411-2867296-0,,1000000.0,7621.02355330306,58.08,b
966,989,_720-64324_n,_395-2855476_ln,0.0,0.0,0.0,0.0,0.0,1.7217630853994492e-05,0.0,0.0,0.0,0.0,0.0,1.7217630853994492e-05,switch,_395-2855476-0_c,CLOSED,1000000.0,7621.02355330306,58.08,c
989,990,_395-2855476_ln,_395-2855482_sn,0.0,0.0,0.0,0.0,0.0,0.0005208931326383481,0.0,0.0,0.0,0.0,0.0,0.00020220515542375222,line,_411-2867297-0,,1000000.0,7621.02355330306,58.08,c
992,991,_395-2858636_ln,_411-2870448-0_n,0.0020514367538362922,0.0,0.0,0.0,0.0,0.0,0.0007963827460625939,0.0,0.0,0.0,0.0,0.0,line,_411-2870448-0,,1000000.0,7621.02355330306,58.08,a
942,992,_391-2377503_n,_395-2858636_ln,1.7217630853994492e-05,0.0,0.0,0.0,0.0,0.0,1.7217630853994492e-05,0.0,0.0,0.0,0.0,0.0,switch,_395-2858636-0_a,CLOSED,1000000.0,7621.02355330306,58.08,a
994,993,_395-2858640_ln,_411-2870450-0_n,0.0,0.0,0.0,0.0,0.0,0.0011620344176171335,0.0,0.0,0.0,0.0,0.0,0.00045108936036820273,line,_411-2870450-0,,1000000.0,7621.02355330306,58.08,c
942,994,_391-2377503_n,_395-2858640_ln,0.0,0.0,0.0,0.0,0.0,1.7217630853994492e-05,0.0,0.0,0.0,0.0,0.0,1.7217630853994492e-05,switch,_395-2858640-0_c,CLOSED,1000000.0,7621.02355330306,58.08,c
996,995,_500-4125812_n,_395-2858644_sn,0.0,0.0,0.0,0.0,0.0,0.0031762873818620614,0.0,0.0,0.0,0.0,0.0,0.0008656087744324669,line,_411-2870453-0,,1000000.0,7621.02355330306,58.08,c
939,996,_396-225971_ln,_500-4125812_n,0.0,0.0,0.0,0.0,0.0,2.7768713392666585e-05,0.0,0.0,0.0,0.0,0.0,0.00015103295090205388,line,_394-3341013-0,,1000000.0,7621.02355330306,58.08,c
998,997,_500-4125312_n,_395-2858642_sn,0.0031989666807002,0.0,0.0,0.0,0.0,0.0,0.0008717602439788786,0.0,0.0,0.0,0.0,0.0,line,_411-2870451-0,,1000000.0,7621.02355330306,58.08,a
939,998,_396-225971_ln,_500-4125312_n,2.7745080483117674e-05,0.0,0.0,0.0,0.0,0.0,0.00015105729330873105,0.0,0.0,0.0,0.0,0.0,line,_394-3341009-0,,1000000.0,7621.02355330306,58.08,a
797,999,_409-22381_n,_409-22381_n_sec,0.0,0.0,0.0,0.0,0.0,0.0,0.40800038046035486,0.0,0.0,0.40800038046035486,0.0,0.40800038046035486,transformer,ave03374_ave02814_ave03060_tnk,,1000000.0,119.99994404998696,0.014399986572000001,abc
999,1000,_409-22381_n_sec,_406-92418_n,9.03529605501669,2.2284007939181465,2.1415495287437967,9.098161805020696,2.228400793918147,9.035296055016692,2.653680561296903,1.1062550513236808,0.843413872065796,2.480482383261022,1.1062550513236806,2.6536805612969028,line,_389-153211-0,,1000000.0,119.99994404998696,0.014399986572000001,abc
999,1001,_409-22381_n_sec,_406-92371_n,12.43863774168083,3.067776645064298,2.9482109531011025,12.525183250084481,3.0677766450642983,12.438637741680832,3.6532473294868093,1.522950188851823,1.1611041361627412,3.414810273192312,1.5229501888518229,3.653247329486809,line,_389-153100-0,,1000000.0,119.99994404998696,0.014399986572000001,abc
12,1002,_500-15132_n,_500-15130_n,0.00010430199664562572,3.7565969949501905e-05,3.761036403191162e-05,0.0001042132291317103,3.7565969949501905e-05,0.00010430199664562572,0.0005672944985101536,0.0003182488849697254,0.00032364211127885014,0.000567385930964502,0.0003182488849697254,0.0005672944985101536,line,_401-298935-1,,1000000.0,7621.02355330306,58.08,abc
1002,1003,_500-15130_n,_409-23069_n,0.00030113815102961904,0.00010845954148569665,0.00010858771498499158,0.0003008818636538097,0.00010845954148569665,0.00030113815102961904,0.0016378786779225783,0.0009188403277900271,0.0009344115177101216,0.0016381426594486476,0.0009188403277900271,0.0016378786779225783,line,_389-150166-0,,1000000.0,7621.02355330306,58.08,abc
1003,1004,_409-23069_n,_409-23069_n_sec,0.0,0.0,0.0,0.0,0.0,0.0,0.40800038046035486,0.0,0.0,0.40800038046035486,0.0,0.40800038046035486,transformer,ave01687_ave01464_ave01761_tnk,,1000000.0,119.99994404998696,0.014399986572000001,abc
1004,1005,_409-23069_n_sec,_406-92422_n,11.994601419225889,2.958262702470498,2.842965284192387,12.07805741332141,2.9582627024704986,11.99460141922589,3.522833168154022,1.4685836886623544,1.119654869666195,3.292907873019608,1.4685836886623542,3.5228331681540217,line,_389-153215-1,,1000000.0,119.99994404998696,0.014399986572000001,abc
1004,1006,_409-23069_n_sec,_406-92369_n,6.4863027356076275,1.5997353133322187,1.5373861002614877,6.531433109171934,1.599735313332219,6.486302735607628,1.905037242759954,0.794163812894263,0.6054740954052433,1.7807008835354396,0.7941638128942629,1.9050372427599538,line,_389-153098-0,,1000000.0,119.99994404998696,0.014399986572000001,abc
1004,1007,_409-23069_n_sec,_406-92423_n,8.82732967614539,2.1771094537159876,2.09225725343212,8.888748438435462,2.1771094537159876,8.827329676145391,2.5926005110524333,1.0807922600957018,0.8240009244661479,2.4233888540662116,1.0807922600957018,2.592600511052433,line,_389-153216-0,,1000000.0,119.99994404998696,0.014399986572000001,abc
1004,1008,_409-23069_n_sec,_406-92370_n,3.6590841255464164,0.9024503370704282,0.8672776007540974,3.684543287756437,0.9024503370704284,3.659084125546417,1.0746787218689167,0.44800748890308933,0.34156294290191797,1.0045375001573407,0.4480074889030893,1.0746787218689167,line,_389-153099-0,,1000000.0,119.99994404998696,0.014399986572000001,abc
1003,1009,_409-23069_n,_409-23050_n,0.0003808038806104095,0.00013715238054615224,0.00013731446218793705,0.00038047979272275395,0.00013715238054615224,0.0003808038806104095,0.002071177479138532,0.001161918412819663,0.001181608941990477,0.002071511296654489,0.001161918412819663,0.002071177479138532,line,_389-150166-1,,1000000.0,7621.02355330306,58.08,abc
1009,1010,_409-23050_n,_409-23050_n_sec,0.0,0.0,0.0,0.0,0.0,0.0,0.40800038046035486,0.0,0.0,0.40800038046035486,0.0,0.40800038046035486,transformer,ava14379_____tnk,,1000000.0,119.99994404998696,0.014399986572000001,a
1010,1011,_409-23050_n_sec,_406-92353_n,12.298545968394116,3.542856003713224,0.0,12.298545968394116,0.0,0.0,5.004550366743217,3.827778569403516,0.0,5.004550366743217,0.0,0.0,line,_389-153050-0,,1000000.0,119.99994404998696,0.014399986572000001,ab
1010,1012,_409-23050_n_sec,_406-92352_n,12.46366533556237,3.5904221259852998,0.0,12.46366533556237,0.0,0.0,5.071741089259677,3.879170040937174,0.0,5.071741089259677,0.0,0.0,line,_389-153049-0,,1000000.0,119.99994404998696,0.014399986572000001,ab
1010,1013,_409-23050_n_sec,_406-92351_n,11.43878650486286,3.2951841256758643,0.0,11.43878650486286,0.0,0.0,4.654695225364409,3.5601884934868813,0.0,4.654695225364409,0.0,0.0,line,_389-153048-0,,1000000.0,119.99994404998696,0.014399986572000001,ab
1009,1014,_409-23050_n,_500-15131_n,2.2181106429508066e-05,7.988866986014204e-06,7.998307935357828e-06,2.2162228922490338e-05,7.988866986014204e-06,2.2181106429508066e-05,0.00012064217419615278,6.76795518360942e-05,6.882648795053468e-05,0.00012066161843563276,6.76795518360942e-05,0.00012064217419615278,line,_389-150166-2,,1000000.0,7621.02355330306,58.08,abc
1002,1015,_500-15130_n,_389-150320-5_n,0.00017575563720480437,6.330109871360873e-05,6.33759056252017e-05,0.0001756060581797326,6.330109871360873e-05,0.00017575563720480437,0.0009559280672947068,0.0005362700366859984,0.0005453579732263741,0.0009560821369174562,0.0005362700366859984,0.0009559280672947068,line,_389-150320-5,,1000000.0,7621.02355330306,58.08,abc
1015,1016,_389-150320-5_n,_390-188538_ln,1.7217630853994492e-05,0.0,0.0,1.7217630853994492e-05,0.0,1.7217630853994492e-05,1.7217630853994492e-05,0.0,0.0,1.7217630853994492e-05,0.0,1.7217630853994492e-05,switch,_390-188538-0,CLOSED,1000000.0,7621.02355330306,58.08,abc
11,1017,_409-1200484_n,_409-1200484_ln,0.0,0.0,0.0,0.0,0.0,0.0,0.40800038046035486,0.0,0.0,0.40800038046035486,0.0,0.40800038046035486,transformer,__zf102___tnk,,1000000.0,119.99994404998696,0.014399986572000001,b
9,1018,_500-2944322_n,_389-3110002-0_n,4.6224748513402305e-05,1.66485548639838e-05,1.6668229514142646e-05,4.618540836518979e-05,1.66485548639838e-05,4.6224748513402305e-05,0.00025141460729427264,0.0001410421194752192,0.00014343229931676308,0.00025145512849563154,0.0001410421194752192,0.00025141460729427264,line,_389-3110002-0,,1000000.0,7621.02355330306,58.08,abc
1018,1019,_389-3110002-0_n,_390-197500_ln,1.7217630853994492e-05,0.0,0.0,1.7217630853994492e-05,0.0,1.7217630853994492e-05,1.7217630853994492e-05,0.0,0.0,1.7217630853994492e-05,0.0,1.7217630853994492e-05,switch,_390-197500-0,CLOSED,1000000.0,7621.02355330306,58.08,abc
8,1020,_500-15126_n,_402-36901_sn,5.6045391054711226e-05,2.0185610476112225e-05,2.0209465088575886e-05,5.599769292629239e-05,2.0185610476112225e-05,5.6045391054711226e-05,0.0003048286996864624,0.00017100711189119988,0.00017390509550860292,0.00030487782978774384,0.00017100711189119988,0.0003048286996864624,line,_401-10912-0,,1000000.0,7621.02355330306,58.08,abc
1020,1021,_402-36901_sn,_402-36901_ln,1.7217630853994492e-05,0.0,0.0,1.7217630853994492e-05,0.0,1.7217630853994492e-05,1.7217630853994492e-05,0.0,0.0,1.7217630853994492e-05,0.0,1.7217630853994492e-05,switch,_402-36901-0,CLOSED,1000000.0,7621.02355330306,58.08,abc
1021,1022,_402-36901_ln,_500-15124_n,5.062710551467871e-05,1.823413151769654e-05,1.8255679944060993e-05,5.0584018685684045e-05,1.823413151769654e-05,5.062710551467871e-05,0.0002753588556080128,0.00015447470228238292,0.00015709251829931195,0.000275403235971406,0.00015447470228238292,0.0002753588556080128,line,_401-10910-0,,1000000.0,7621.02355330306,58.08,abc
1022,1023,_500-15124_n,_409-22705_n,0.0019043213185823559,7.76322723144739e-05,7.772401528023293e-05,0.0019041378753271378,7.76322723144739e-05,0.0019043213185823559,0.0013371509608598809,0.0006576799197507474,0.0006688253371071041,0.0013373399113702474,0.0006576799197507474,0.0013371509608598809,line,_389-451524-0,,1000000.0,7621.02355330306,58.08,abc
1023,1024,_409-22705_n,_409-23013_n,0.006282914012604789,0.00025613161329205846,0.0002564343002175792,0.006282308779555366,0.00025613161329205846,0.006282914012604789,0.0044116528166626085,0.002169878761157219,0.002206650758719433,0.0044122762197604404,0.002169878761157219,0.0044116528166626085,line,_389-451524-6,,1000000.0,7621.02355330306,58.08,abc
1024,1025,_409-23013_n,_409-23011_n,0.004071178686977126,0.00016596718704150882,0.0001661633209624147,0.004070786510371411,0.00016596718704150882,0.004071178686977126,0.002858645985844592,0.0014060297734498502,0.0014298571523464134,0.002859049936209056,0.0014060297734498502,0.002858645985844592,line,_389-451524-2,,1000000.0,7621.02355330306,58.08,abc
1025,1026,_409-23011_n,_409-23011_n_sec,0.0,0.0,0.0,0.0,0.0,0.0,0.40800038046035486,0.0,0.0,0.40800038046035486,0.0,0.40800038046035486,transformer,__sc3418_sc6717_tnk,,1000000.0,119.99994404998696,0.014399986572000001,abc
1026,1027,_409-23011_n_sec,_500-2790009_n,0.0,0.0,0.0,1.4467461801710224,0.39888732490934065,1.4467461801710224,0.0,0.0,0.0,0.5018889214686049,0.27756922486611685,0.5018889214686049,line,_389-153154-3,,1000000.0,119.99994404998696,0.014399986572000001,bc
1026,1028,_409-23011_n_sec,_406-92394_n,0.0,0.0,0.0,11.970137259467752,3.300327379929413,11.970137259467752,0.0,0.0,0.0,4.152545457749369,2.2965615988415635,4.152545457749369,line,_389-153155-1,,1000000.0,119.99994404998696,0.014399986572000001,bc
1025,1029,_409-23011_n,_403-141578_sn,0.00020120284159412953,8.202309997090921e-06,8.212003185539144e-06,0.0002011834597262373,8.202309997090921e-06,0.00020120284159412953,0.00014127792948598117,6.948778413705856e-05,7.066536358280087e-05,0.00014129789322804266,6.948778413705856e-05,0.00014127792948598117,line,_389-451524-3,,1000000.0,7621.02355330306,58.08,abc
1029,1030,_403-141578_sn,_403-141578_ln,1.7217630853994492e-05,0.0,0.0,1.7217630853994492e-05,0.0,1.7217630853994492e-05,1.7217630853994492e-05,0.0,0.0,1.7217630853994492e-05,0.0,1.7217630853994492e-05,switch,_403-141578-0,CLOSED,1000000.0,7621.02355330306,58.08,abc
1030,1031,_403-141578_ln,_409-23043_n,0.002350856993049625,9.58359119734452e-05,9.594916733141087e-05,0.0023506305350169654,9.58359119734452e-05,0.002350856993049625,0.0016506934289012593,0.0008118963031329928,0.0008256551588875211,0.0016509266855603646,0.0008118963031329928,0.0016506934289012593,line,_389-451525-9,,1000000.0,7621.02355330306,58.08,abc
1031,1032,_409-23043_n,_409-23092_n,0.0010015264122473586,4.082859883310314e-05,4.0876848570397454e-05,0.0010014299352172184,4.082859883310314e-05,0.0010015264122473586,0.0007032384668465754,0.0003458890072844662,0.0003517506388006334,0.0007033378402689558,0.0003458890072844662,0.0007032384668465754,line,_389-451525-11,,1000000.0,7621.02355330306,58.08,abc
1032,1033,_409-23092_n,_409-23092_n_sec,0.0,0.0,0.0,0.0,0.0,0.0,0.40800038046035486,0.0,0.0,0.40800038046035486,0.0,0.40800038046035486,transformer,ava07446_ava07302_ava07410_tnk,,1000000.0,119.99994404998696,0.014399986572000001,abc
1033,1034,_409-23092_n_sec,_406-92397_n,9.215158869175653,2.272760871930825,2.1841806857701114,9.279276068013331,2.2727608719308257,9.215158869175655,2.706506550697525,1.128276924818149,0.8602034483681944,2.5298605706727493,1.1282769248181488,2.7065065506975245,line,_389-153158-3,,1000000.0,119.99994404998696,0.014399986572000001,abc
1033,1035,_409-23092_n_sec,_406-1833573_n,6.25304314849522,1.542205837159526,1.4820988184929853,6.296550549353359,1.5422058371595262,6.253043148495221,1.8365285377560214,0.7656041957061244,0.5837001136380703,1.7166635467358549,0.7656041957061241,1.836528537756021,line,_389-2891265-4,,1000000.0,119.99994404998696,0.014399986572000001,abc
1032,1036,_409-23092_n,_500-15123_n,0.0018242889615170332,7.436964343087269e-05,7.44575307417471e-05,0.00182411322777804,7.436964343087269e-05,0.0018242889615170332,0.0012809549071238218,0.0006300397974360066,0.0006407168095853209,0.001281135916666156,0.0006300397974360066,0.0012809549071238218,line,_389-451525-12,,1000000.0,7621.02355330306,58.08,abc
1036,1037,_500-15123_n,_409-1392532_n,0.005404801982747881,0.00022033417114862078,0.0002205945539728842,0.00540428133822227,0.00022033417114862078,0.005404801982747881,0.00379507181585762,0.0018666123723954837,0.0018982450455365025,0.0037956080909510646,0.0018666123723954837,0.00379507181585762,line,_389-150148-0,,1000000.0,7621.02355330306,58.08,abc
1037,1038,_409-1392532_n,_409-23081_n,0.00275625454005341,0.00011236249940252803,0.00011249528527402135,0.0027559890300787528,0.00011236249940252803,0.00275625454005341,0.001935350074928775,0.0009519051470076609,0.0009680366721287034,0.0019356235559306219,0.0009519051470076609,0.001935350074928775,line,_389-150148-1,,1000000.0,7621.02355330306,58.08,abc
1038,1039,_409-23081_n,_409-23081_n_sec,0.0,0.0,0.0,0.0,0.0,0.0,0.40800038046035486,0.0,0.0,0.40800038046035486,0.0,0.40800038046035486,transformer,sc3117_sc3067_sc3066_tnk,,1000000.0,119.99994404998696,0.014399986572000001,abc
1039,1040,_409-23081_n_sec,_500-2741537_n,9.392211326863382,2.3164278237245557,2.226145730967891,9.457560420646708,2.316427823724556,9.392211326863384,2.758507134013763,1.1499547065392663,0.8767306875408679,2.5784672239061694,1.1499547065392661,2.758507134013763,line,_389-2933281-0,,1000000.0,119.99994404998696,0.014399986572000001,abc
1040,1041,_500-2741537_n,_406-92408_n,3.9991372585657077,0.9863186095631485,0.9478771320069744,4.02696244122689,0.9863186095631489,3.999137258565708,1.174552858079469,0.48964259347856853,0.3733057355986401,1.097893135732639,0.4896425934785685,1.1745528580794689,line,_389-2933282-0,,1000000.0,119.99994404998696,0.014399986572000001,abc
1039,1042,_409-23081_n_sec,_406-92398_n,13.07377830417967,3.2244231705465687,3.0987522263502774,13.164742991277224,3.224423170546569,13.073778304179672,3.839789104557758,1.6007149296291643,1.2203923274805857,3.589176997489976,1.600714929629164,3.8397891045577577,line,_389-153159-0,,1000000.0,119.99994404998696,0.014399986572000001,abc
1039,1043,_409-23081_n_sec,_406-1855460_n,2.571476171178934,0.6342104903375131,0.6094923231105985,2.5893679787228425,0.6342104903375132,2.5714761711789342,0.7552465672120269,0.3148439726162265,0.24003847369835257,0.7059537731520483,0.31484397261622643,0.7552465672120268,line,_389-4625081-0,,1000000.0,119.99994404998696,0.014399986572000001,abc
1039,1044,_409-23081_n_sec,_500-3255554_n,18.50057665013215,4.562849899335353,4.385014167253628,18.62929989500816,4.562849899335354,18.50057665013215,5.433648253504669,2.2651561439700747,1.7269653249795132,5.079009495803206,2.2651561439700747,5.433648253504669,line,_389-3385938-0,,1000000.0,119.99994404998696,0.014399986572000001,abc
1044,1045,_500-3255554_n,_500-3255553_n,0.5423987989481248,0.1337733602569836,0.12855958290748143,0.5461726993371678,0.13377336025698364,0.5423987989481248,0.15930337428625266,0.06640971225675596,0.05063106603692026,0.14890609641349214,0.06640971225675595,0.15930337428625263,line,_389-3385938-1,,1000000.0,119.99994404998696,0.014399986572000001,abc
1045,1046,_500-3255553_n,_406-2075832_n,10.794579206009054,2.662297806979659,2.5585355334074413,10.869685689917416,2.6622978069796592,10.794579206009056,3.1703847701217436,1.321656501441449,1.0076369152736306,2.9634627788819863,1.3216565014414488,3.170384770121743,line,_389-3385940-0,,1000000.0,119.99994404998696,0.014399986572000001,abc
1044,1047,_500-3255554_n,_406-2095731_n,0.4637088177535782,0.11436582612643678,0.10990845170846858,0.46693520927788956,0.1143658261264368,0.4637088177535783,0.13619200392348027,0.05677514260292608,0.04328562640462095,0.12730313942086116,0.05677514260292607,0.13619200392348021,line,_389-3385939-0,,1000000.0,119.99994404998696,0.014399986572000001,abc
1039,1048,_409-23081_n_sec,_406-1855459_n,1.9138527569102224,0.47201895510365716,0.45362215523313393,1.9271689546560167,0.47201895510365727,1.9138527569102228,0.5621015434660003,0.2343264976520767,0.17865158534270825,0.5254147754279178,0.23432649765207667,0.5621015434660002,line,_389-153161-0,,1000000.0,119.99994404998696,0.014399986572000001,abc
1038,1049,_409-23081_n,_403-40075_sn,0.00019671504587084036,8.01935884473945e-06,8.028835828240872e-06,0.00019669609631226917,8.01935884473945e-06,0.00019671504587084036,0.0001381267489026507,6.793787073623196e-05,6.908918446942985e-05,0.0001381462673567852,6.793787073623196e-05,0.0001381267489026507,line,_389-150148-2,,1000000.0,7621.02355330306,58.08,abc
1049,1050,_403-40075_sn,_403-40075_ln,1.7217630853994492e-05,0.0,0.0,0.0,0.0,0.0,1.7217630853994492e-05,0.0,0.0,0.0,0.0,0.0,switch,_403-40075-0,CLOSED,1000000.0,7621.02355330306,58.08,a
1050,1051,_403-40075_ln,_409-425303_n,0.0034608384686098037,0.0,0.0,0.0,0.0,0.0,0.0024300854265116535,0.0,0.0,0.0,0.0,0.0,line,_389-1341433-0,,1000000.0,7621.02355330306,58.08,a
1051,1052,_409-425303_n,_500-805235_n,0.00033434078138504047,0.0,0.0,0.0,0.0,0.0,0.00023476295345811738,0.0,0.0,0.0,0.0,0.0,line,_389-1341433-1,,1000000.0,7621.02355330306,58.08,a
1051,1053,_409-425303_n,_409-425303_n_sec,0.0,0.0,0.0,0.0,0.0,0.0,0.40800038046035486,0.0,0.0,0.40800038046035486,0.0,0.40800038046035486,transformer,sf9664_____tnk,,1000000.0,119.99994404998696,0.014399986572000001,a
1053,1054,_409-425303_n_sec,_406-92334_n,19.461310240727354,5.606241583653611,0.0,19.461310240727354,0.0,0.0,7.919237571077925,6.057105162139453,0.0,7.919237571077925,0.0,0.0,line,_389-1341553-0,,1000000.0,119.99994404998696,0.014399986572000001,ab
1053,1055,_409-425303_n_sec,_406-92409_n,10.430988988008343,3.004866758704919,0.0,10.430988988008343,0.0,0.0,4.244600125867395,3.2465233051607596,0.0,4.244600125867395,0.0,0.0,line,_389-1341554-0,,1000000.0,119.99994404998696,0.014399986572000001,ab
1053,1056,_409-425303_n_sec,_406-92333_n,10.462304730057495,3.0138879198254855,0.0,10.462304730057495,0.0,0.0,4.257343193930862,3.256269963555074,0.0,4.257343193930862,0.0,0.0,line,_389-1341440-0,,1000000.0,119.99994404998696,0.014399986572000001,ab
1053,1057,_409-425303_n_sec,_406-793986_n,1.4576054481059693,0.41989404488453025,0.0,1.4576054481059693,0.0,0.0,0.5931318953177146,0.45366264526263894,0.0,0.5931318953177146,0.0,0.0,line,_389-1341432-0,,1000000.0,119.99994404998696,0.014399986572000001,ab
1037,1058,_409-1392532_n,_409-1392532_n_sec,0.0,0.0,0.0,0.0,0.0,0.0,0.40800038046035486,0.0,0.0,0.40800038046035486,0.0,0.40800038046035486,transformer,ave01310_ave07138_ava11747_tnk,,1000000.0,119.99994404998696,0.014399986572000001,abc
1058,1059,_409-1392532_n_sec,_406-92399_n,1.71993816039509,0.42419324599623826,0.407660439064138,1.7319051398670815,0.4241932459962383,1.7199381603950905,0.5051485236434541,0.2105841652908531,0.16055032339168496,0.4721789171246487,0.21058416529085305,0.505148523643454,line,_389-3374211-0,,1000000.0,119.99994404998696,0.014399986572000001,abc
1036,1060,_500-15123_n,_409-23045_n,0.0023074749677244964,9.406738416738099e-05,9.417854954419425e-05,0.0023072526886819406,9.406738416738099e-05,0.0023074749677244964,0.0016202320165957318,0.0007969138069250024,0.0008104187607916011,0.0016204609688048757,0.0007969138069250024,0.0016202320165957318,line,_389-150201-9,,1000000.0,7621.02355330306,58.08,abc
1060,1061,_409-23045_n,_500-15127_n,0.00019596707991695886,7.988866986014204e-06,7.998307935357828e-06,0.00019594820240994115,7.988866986014204e-06,0.00019596707991695886,0.0001376015521387623,6.76795518360942e-05,6.882648795053468e-05,0.00013762099637824228,6.76795518360942e-05,0.0001376015521387623,line,_389-150201-10,,1000000.0,7621.02355330306,58.08,abc
1060,1062,_409-23045_n,_409-23045_n_sec,0.0,0.0,0.0,0.0,0.0,0.0,0.40800038046035486,0.0,0.0,0.40800038046035486,0.0,0.40800038046035486,transformer,avc16240_avc16403_avv00169_tnk,,1000000.0,119.99994404998696,0.014399986572000001,abc
1062,1063,_409-23045_n_sec,_500-3269002_n,6.373888476758275,1.5720102645742946,1.5107416271200407,6.418236694801536,1.5720102645742948,6.3738884767582755,1.872020999384565,0.7804001419602203,0.5949806102162444,1.7498395164031098,0.7804001419602202,1.8720209993845647,line,_389-3400663-0,,1000000.0,119.99994404998696,0.014399986572000001,abc
1062,1064,_409-23045_n_sec,_406-92410_n,16.912725243885053,4.171233585629676,4.008660984130691,17.0304005420263,4.171233585629676,16.912725243885056,4.967293815827298,2.0707442920267223,1.5787448466849021,4.643092685059045,2.0707442920267214,4.967293815827297,line,_389-153203-3,,1000000.0,119.99994404998696,0.014399986572000001,abc
1036,1065,_500-15123_n,_409-23012_n,0.008768404877353086,0.00035745605983604777,0.0003578784882679382,0.008767560216991373,0.00035745605983604777,0.008768404877353086,0.00615688166306378,0.003028272466315009,0.0030795912910080844,0.006157751681458528,0.003028272466315009,0.00615688166306378,line,_389-159681-12,,1000000.0,7621.02355330306,58.08,abc
1065,1066,_409-23012_n,_409-23012_n_sec,0.0,0.0,0.0,0.0,0.0,0.0,0.40800038046035486,0.0,0.0,0.40800038046035486,0.0,0.40800038046035486,transformer,__sc961_sc5503_tnk,,1000000.0,119.99994404998696,0.014399986572000001,abc
1066,1067,_409-23012_n_sec,_406-92411_n,0.0,0.0,0.0,15.324358119377445,4.2251310561391024,15.324358119377445,0.0,0.0,0.0,5.316154052553864,2.940094304768484,5.316154052553864,line,_389-153204-1,,1000000.0,119.99994404998696,0.014399986572000001,bc
1066,1068,_409-23012_n_sec,_406-92412_n,0.0,0.0,0.0,8.38408486155905,2.3116046394847594,8.38408486155905,0.0,0.0,0.0,2.9085124718778994,1.6085502544472532,2.9085124718778994,line,_389-153205-1,,1000000.0,119.99994404998696,0.014399986572000001,bc
1065,1069,_409-23012_n,_389-159681-13_n,0.00016230861199229035,6.6167333433781765e-06,6.624552755620795e-06,0.00016229297680518028,6.6167333433781765e-06,0.00016230861199229035,0.00011396769776378404,5.6055201329894824e-05,5.7005144600252013e-05,0.00011398380234381135,5.6055201329894824e-05,0.00011396769776378404,line,_389-159681-13,,1000000.0,7621.02355330306,58.08,abc
1069,1070,_389-159681-13_n,_402-39768_ln,1.7217630853994492e-05,0.0,0.0,1.7217630853994492e-05,0.0,1.7217630853994492e-05,1.7217630853994492e-05,0.0,0.0,1.7217630853994492e-05,0.0,1.7217630853994492e-05,switch,_402-39768-0,CLOSED,1000000.0,7621.02355330306,58.08,abc
1031,1071,_409-23043_n,_409-23043_n_sec,0.0,0.0,0.0,0.0,0.0,0.0,0.40800038046035486,0.0,0.0,0.40800038046035486,0.0,0.40800038046035486,transformer,ava14412_ava14386_ava13094_tnk,,1000000.0,119.99994404998696,0.014399986572000001,abc
1071,1072,_409-23043_n_sec,_406-92396_n,10.474198568288399,2.583281418019575,2.482598784954318,10.547075908961785,2.5832814180195753,10.474198568288402,3.076288476501884,1.2824300392794272,0.9777304824849834,2.8755078825548455,1.282430039279427,3.0762884765018836,line,_389-153157-3,,1000000.0,119.99994404998696,0.014399986572000001,abc
1071,1073,_409-23043_n_sec,_406-2950467_n,4.670812455190587,1.1519757758917448,1.1070778590271197,4.703311017090015,1.151975775891745,4.670812455190588,1.371824912247419,0.5718805273094736,0.4360043096029092,1.2822898043483104,0.5718805273094735,1.3718249122474189,line,_389-4120984-1,,1000000.0,119.99994404998696,0.014399986572000001,abc
1024,1074,_409-23013_n,_409-23013_n_sec,0.0,0.0,0.0,0.0,0.0,0.0,0.40800038046035486,0.0,0.0,0.40800038046035486,0.0,0.40800038046035486,transformer,__se4122_se4207_tnk,,1000000.0,119.99994404998696,0.014399986572000001,abc
1074,1075,_409-23013_n_sec,_406-92390_n,0.0,0.0,0.0,12.392716265440624,3.4168380792944126,12.392716265440624,0.0,0.0,0.0,4.299141816149936,2.377636585415033,4.299141816149936,line,_389-153135-0,,1000000.0,119.99994404998696,0.014399986572000001,bc
1074,1076,_409-23013_n_sec,_406-92391_n,0.0,0.0,0.0,9.733990019527955,2.6837915957896206,9.733990019527955,0.0,0.0,0.0,3.376806394546374,1.867539794890283,3.376806394546374,line,_389-153136-0,,1000000.0,119.99994404998696,0.014399986572000001,bc
1074,1077,_409-23013_n_sec,_406-92392_n,0.0,0.0,0.0,7.905748903409197,2.1797210006202103,7.905748903409197,0.0,0.0,0.0,2.742573538410591,1.5167778738120057,2.742573538410591,line,_389-153153-0,,1000000.0,119.99994404998696,0.014399986572000001,bc
1023,1078,_409-22705_n,_409-22705_n_sec,0.0,0.0,0.0,0.0,0.0,0.0,0.40800038046035486,0.0,0.0,0.40800038046035486,0.0,0.40800038046035486,transformer,__ava20761_sf6498_tnk,,1000000.0,119.99994404998696,0.014399986572000001,abc
1078,1079,_409-22705_n_sec,_500-328384_n,0.0,0.0,0.0,12.087520316682436,3.3326914630863573,12.087520316682436,0.0,0.0,0.0,4.193266668416194,2.319082428445305,4.193266668416194,line,_389-153133-2,,1000000.0,119.99994404998696,0.014399986572000001,bc
1078,1080,_409-22705_n_sec,_406-92386_n,0.0,0.0,0.0,8.38408486155905,2.3116046394847594,8.38408486155905,0.0,0.0,0.0,2.9085124718778994,1.6085502544472532,2.9085124718778994,line,_389-153131-1,,1000000.0,119.99994404998696,0.014399986572000001,bc
1078,1081,_409-22705_n_sec,_406-92387_n,0.0,0.0,0.0,9.170551344897456,2.528443996636287,9.170551344897456,0.0,0.0,0.0,3.181344583345619,1.759439812792323,3.181344583345619,line,_389-153132-0,,1000000.0,119.99994404998696,0.014399986572000001,bc
1078,1082,_409-22705_n_sec,_406-92389_n,0.0,0.0,0.0,11.157259588256041,3.0762061040675728,11.157259588256041,0.0,0.0,0.0,3.870551073881615,2.1406048538356517,3.870551073881615,line,_389-153134-1,,1000000.0,119.99994404998696,0.014399986572000001,bc
1022,1083,_500-15124_n,_409-23080_n,0.0019245163993371573,7.845555250005553e-05,7.854826838807516e-05,0.0019243310106899947,7.845555250005553e-05,0.0019245163993371573,0.001351331273484868,0.0006646545300544671,0.0006759181431172739,0.0013515222277909061,0.0006646545300544671,0.001351331273484868,line,_389-150135-0,,1000000.0,7621.02355330306,58.08,abc
1083,1084,_409-23080_n,_409-23080_n_sec,0.0,0.0,0.0,0.0,0.0,0.0,0.40800038046035486,0.0,0.0,0.40800038046035486,0.0,0.40800038046035486,transformer,se3025_se3024_se3023_tnk,,1000000.0,119.99994404998696,0.014399986572000001,abc
1084,1085,_409-23080_n_sec,_406-92385_n,6.517216656791199,1.6073597017406478,1.5447133303753857,6.562562123123793,1.607359701740648,6.5172166567911995,1.914116709688186,0.7979488224011246,0.6083598038322181,1.7891877594968304,0.7979488224011245,1.9141167096881857,line,_389-153130-0,,1000000.0,119.99994404998696,0.014399986572000001,abc
1084,1086,_409-23080_n_sec,_500-2944324_n,4.128413656242462,1.0182024156347615,0.9785182761196385,4.157138317752847,1.0182024156347615,4.128413656242463,1.2125215379611667,0.5054708150527176,0.38537324356598895,1.1333837079348184,0.5054708150527175,1.2125215379611665,line,_389-1466369-4,,1000000.0,119.99994404998696,0.014399986572000001,abc
1086,1087,_500-2944324_n,_500-2944325_n,12.140739955730044,2.994305265855799,2.877603099276268,12.225212752002927,2.9943052658557994,12.140739955730046,3.565754284542028,1.48647646087661,1.1332964004118937,3.333027650291637,1.4864764608766097,3.5657542845420274,line,_389-3110003-0,,1000000.0,119.99994404998696,0.014399986572000001,abc
1086,1088,_500-2944324_n,_500-940329_n,13.95904059261832,3.4427579295152206,3.308577452339172,14.056164754444104,3.4427579295152215,13.959040592618322,4.099792021138948,1.7091038382347505,1.303028523343953,3.8322102636570747,1.7091038382347503,4.0997920211389465,line,_389-1466369-5,,1000000.0,119.99994404998696,0.014399986572000001,abc
1088,1089,_500-940329_n,_406-898949_n,1.7171278039238562,0.42350011977729013,0.4069943272356018,1.729075229507821,0.4235001197772902,1.7171278039238564,0.5043231175590692,0.21024007351750204,0.16028798626196,0.47140738294634044,0.210240073517502,0.5043231175590692,line,_389-1466370-1,,1000000.0,119.99994404998696,0.014399986572000001,abc
1083,1090,_409-23080_n,_409-23096_n,0.0007232830774034321,2.948562738731197e-05,2.9520472417904656e-05,0.000723213403551195,2.948562738731197e-05,0.0007232830774034321,0.0005078652706800883,0.0002497943764332179,0.0002540275337716299,0.0005079370362509935,0.0002497943764332179,0.0005078652706800883,line,_389-150135-1,,1000000.0,7621.02355330306,58.08,abc
1090,1091,_409-23096_n,_500-15125_n,0.007304635505606948,0.0002977834923107432,0.00029813540189581886,0.00730393185013544,0.0002977834923107432,0.007304635505606948,0.0051290715961341705,0.002522742378745405,0.002565494203530236,0.005129796376450054,0.002522742378745405,0.0051290715961341705,line,_389-150135-2,,1000000.0,7621.02355330306,58.08,abc
1090,1092,_409-23096_n,_409-23096_n_sec,0.0,0.0,0.0,0.0,0.0,0.0,0.40800038046035486,0.0,0.0,0.40800038046035486,0.0,0.40800038046035486,transformer,ave01512_ava14455_ava14489_tnk,,1000000.0,119.99994404998696,0.014399986572000001,abc
1092,1093,_409-23096_n_sec,_406-92383_n,12.798363369998755,3.156496801089655,3.0334732671537323,12.887411776069749,3.1564968010896552,12.798363369998757,3.7588993082880546,1.5669939358407594,1.1946832887675378,3.5135666480157677,1.5669939358407592,3.758899308288054,line,_389-153128-0,,1000000.0,119.99994404998696,0.014399986572000001,abc
1092,1094,_409-23096_n_sec,_500-4154619_n,14.982010348147426,3.6950558732123304,3.55104215792634,15.086252125214724,3.695055873212331,14.98201034814743,4.40023983585499,1.8343532437345391,1.398519238563844,4.113048704561278,1.834353243734539,4.400239835854989,line,_389-153129-2,,1000000.0,119.99994404998696,0.014399986572000001,abc
1094,1095,_500-4154619_n,_406-92384_n,7.860567050040959,1.9386740343978404,1.8631147844156764,7.915259274850042,1.9386740343978406,7.8605670500409595,2.3086608180240864,0.9624246900629349,0.7337569518407564,2.157981096728174,0.9624246900629346,2.308660818024086,line,_389-153129-3,,1000000.0,119.99994404998696,0.014399986572000001,abc
1094,1096,_500-4154619_n,_500-4154620_n,4.072206526817786,1.0043398912557993,0.9651960395489149,4.100540110567648,1.0043398912557995,4.072206526817787,1.196013416273472,0.4985889795856963,0.3801265009714894,1.1179530243686535,0.4985889795856962,1.1960134162734717,line,_389-4242137-1,,1000000.0,119.99994404998696,0.014399986572000001,abc
1096,1097,_500-4154620_n,_500-4154621_n,9.577694853964815,2.3621741541751304,2.2701091116512786,9.644334504357865,2.362174154175131,9.577694853964816,2.8129839355831554,1.172664763580437,0.8940449381027163,2.629388479674514,1.1726647635804368,2.8129839355831554,line,_389-4242138-1,,1000000.0,119.99994404998696,0.014399986572000001,abc
1097,1098,_500-4154621_n,_406-2101998_n,0.44965703539740914,0.11090019503169626,0.10657789256578772,0.45278565748158983,0.11090019503169628,0.4496570353974092,0.1320649735015566,0.05505468373617074,0.04197394075599607,0.12344546852931991,0.055054683736170736,0.13206497350155658,line,_389-4242139-0,,1000000.0,119.99994404998696,0.014399986572000001,abc
1097,1099,_500-4154621_n,_500-4154622_n,14.810578603402163,3.652775173856496,3.510409336385633,14.913627593299866,3.6527751738564964,14.810578603402165,4.3498900647075205,1.8133636455601239,1.3825166736506205,4.065985119684474,1.8133636455601236,4.34989006470752,line,_389-4242138-3,,1000000.0,119.99994404998696,0.014399986572000001,abc
1099,1100,_500-4154622_n,_406-2102000_n,15.018544982273465,3.7040665140586553,3.5597016116973097,15.1230409598851,3.7040665140586557,15.018544982273466,4.410970114951991,1.8388264367881026,1.4019296212502688,4.123078648879285,1.8388264367881024,4.41097011495199,line,_389-4242138-4,,1000000.0,119.99994404998696,0.014399986572000001,abc
1099,1101,_500-4154622_n,_406-2101999_n,0.508674521293319,0.1254558456296064,0.12056624096504735,0.5122137750260486,0.12545584562960643,0.5086745212933192,0.1493985012736359,0.06228061097654315,0.04748302048022056,0.13964768627379315,0.062280610976543145,0.14939850127363588,line,_389-4242140-0,,1000000.0,119.99994404998696,0.014399986572000001,abc
1096,1102,_500-4154620_n,_406-2094678_n,7.247909339311988,1.787572518667154,1.7179024057947905,7.298338816531376,1.7875725186671543,7.247909339311989,2.128722291628215,0.8874126834724021,0.6765674575607116,1.989786645856975,0.8874126834724019,2.128722291628215,line,_389-4242137-2,,1000000.0,119.99994404998696,0.014399986572000001,abc
