id,pl_a,ql_a,pl_b,ql_b,pl_c,ql_c,name,bus_type,v_a,v_b,v_c,v_ln_base,s_base,v_min,v_max,cvr_p,cvr_q,phases,has_gen,has_load,has_cap,latitude,longitude
1,0.0,0.0,0.0,0.0,0.0,0.0,_392-5165_sn,SWING,1.0,1.0,1.0,7621.02355330306,1000000.0,0.95,1.05,0,0,abc,False,False,False,47.6525352407742,-117.401344582167
2,0.0,0.0,0.0,0.0,0.0,0.0,_392-5165_ln,PQ,1.0,1.0,1.0,7621.02355330306,1000000.0,0.95,1.05,0,0,abc,False,False,False,47.6525352407742,-117.401344582167
3,0.0,0.0,0.0,0.0,0.0,0.0,_416-4523_sn,PQ,1.0,1.0,1.0,7621.02355330306,1000000.0,0.95,1.05,0,0,abc,False,False,False,47.6526037108495,-117.401340060018
4,0.0,0.0,0.0,0.0,0.0,0.0,_416-4523_ln,PQ,1.0,1.0,1.0,7621.02355330306,1000000.0,0.95,1.05,0,0,abc,False,False,False,47.6529853523964,-117.400859510646
5,0.0,0.0,0.0,0.0,0.0,0.0,_500-15112_n,PQ,1.0,1.0,1.0,7621.02355330306,1000000.0,0.95,1.05,0,0,abc,False,False,False,47.6542545844208,-117.398958825984
6,0.0,0.0,0.0,0.0,0.0,0.0,_396-7712_sn,PQ,1.0,1.0,1.0,7621.02355330306,1000000.0,0.95,1.05,0,0,abc,False,False,False,47.6548692861609,-117.398943513385
7,0.0,0.0,0.0,0.0,0.0,0.0,_396-7712_ln,PQ,1.0,1.0,1.0,7621.02355330306,1000000.0,0.95,1.05,0,0,abc,False,False,False,47.6548692861609,-117.398943513385
8,0.0,0.0,0.0,0.0,0.0,0.0,_500-15126_n,PQ,1.0,1.0,1.0,7621.02355330306,1000000.0,0.95,1.05,0,0,abc,False,False,False,47.6551801405556,-117.398949892288
9,0.0,0.0,0.0,0.0,0.0,0.0,_500-2944322_n,PQ,1.0,1.0,1.0,7621.02355330306,1000000.0,0.95,1.05,0,0,abc,False,False,False,47.6555339119026,-117.398959905125
10,0.0,0.0,0.0,0.0,0.0,0.0,_393-71378_n,PQ,1.0,1.0,1.0,7621.02355330306,1000000.0,0.95,1.05,0,0,abc,False,False,False,47.6561119757112,-117.398980930243
11,0.0,0.0,0.0,0.0,0.0,0.0,_409-1200484_n,PQ,1.0,1.0,1.0,7621.02355330306,1000000.0,0.95,1.05,0,0,abc,False,False,False,47.6562093553908,-117.398987186786
12,0.0,0.0,0.0,0.0,0.0,0.0,_500-15132_n,PQ,1.0,1.0,1.0,7621.02355330306,1000000.0,0.95,1.05,0,0,abc,False,False,False,47.6562632536201,-117.398978211704
13,0.0,0.0,0.0,0.0,0.0,0.0,_500-15137_n,PQ,1.0,1.0,1.0,7621.02355330306,1000000.0,0.95,1.05,0,0,abc,False,False,False,47.6567717682533,-117.398942491097
14,0.0,0.0,0.0,0.0,0.0,0.0,_403-1278617_sn,PQ,1.0,1.0,1.0,7621.02355330306,1000000.0,0.95,1.05,0,0,abc,False,False,False,47.6568063129041,-117.398946229376
15,0.0,0.0,0.0,0.0,0.0,0.0,_403-1278617_ln,PQ,1.0,1.0,1.0,7621.02355330306,1000000.0,0.95,1.05,0,0,abc,False,False,False,47.6568063129041,-117.398946229376
16,0.0,0.0,0.0,0.0,0.0,0.0,_409-23073_n,PQ,1.0,1.0,1.0,7621.02355330306,1000000.0,0.95,1.05,0,0,abc,False,False,False,47.6573997502143,-117.398925206061
17,0.0,0.0,0.0,0.0,0.0,0.0,_409-23073_n_sec,PQ,1.0,1.0,1.0,119.99994404998696,1000000.0,0.95,1.05,0,0,abc,False,False,False,47.6573997502143,-117.398925206061
18,0.004553330930477384,0.0009199985292205041,0.004553330944108442,0.0009199988379284199,0.004553330410301575,0.0009199979498868285,_406-92372_n,PQ,1.0,1.0,1.0,119.99994404998696,1000000.0,0.95,1.05,0,0,abc,False,True,False,47.6574603414326,-117.398794862911
19,0.0,0.0,0.0,0.0,0.0,0.0,_409-23055_n,PQ,1.0,1.0,1.0,7621.02355330306,1000000.0,0.95,1.05,0,0,abc,False,False,False,47.6579756205305,-117.398931108746
20,0.0,0.0,0.0,0.0,0.0,0.0,_500-15144_n,PQ,1.0,1.0,1.0,7621.02355330306,1000000.0,0.95,1.05,0,0,abc,False,False,False,47.658420662552,-117.398954207083
21,0.0,0.0,0.0,0.0,0.0,0.0,_396-174451_sn,PQ,1.0,1.0,1.0,7621.02355330306,1000000.0,0.95,1.05,0,0,abc,False,False,False,47.6584624245729,-117.398953684571
22,0.0,0.0,0.0,0.0,0.0,0.0,_396-174451_ln,PQ,1.0,1.0,1.0,7621.02355330306,1000000.0,0.95,1.05,0,0,abc,False,False,False,47.6584624245729,-117.398953684571
23,0.0,0.0,0.0,0.0,0.0,0.0,_403-36888_sn,PQ,1.0,1.0,1.0,7621.02355330306,1000000.0,0.95,1.05,0,0,abc,False,False,False,47.6588752138301,-117.398948475851
24,0.0,0.0,0.0,0.0,0.0,0.0,_403-36888_ln,PQ,1.0,1.0,1.0,7621.02355330306,1000000.0,0.95,1.05,0,0,abc,False,False,False,47.6588752138301,-117.398948475851
25,0.0,0.0,0.0,0.0,0.0,0.0,_500-15145_n,PQ,1.0,1.0,1.0,7621.02355330306,1000000.0,0.95,1.05,0,0,abc,False,False,False,47.6592901870207,-117.399038381025
26,0.0,0.0,0.0,0.0,0.0,0.0,_403-1425849_sn,PQ,1.0,1.0,1.0,7621.02355330306,1000000.0,0.95,1.05,0,0,abc,False,False,False,47.6594609894621,-117.399468119592
27,0.0,0.0,0.0,0.0,0.0,0.0,_403-1425849_ln,PQ,1.0,1.0,1.0,7621.02355330306,1000000.0,0.95,1.05,0,0,abc,False,False,False,47.6594609894621,-117.399468119592
28,0.0,0.0,0.0,0.0,0.0,0.0,_500-15147_n,PQ,1.0,1.0,1.0,7621.02355330306,1000000.0,0.95,1.05,0,0,abc,False,False,False,47.6597757442868,-117.39999822987
29,0.0,0.0,0.0,0.0,0.0,0.0,_409-1472851_n,PQ,1.0,1.0,1.0,7621.02355330306,1000000.0,0.95,1.05,0,0,abc,False,False,False,47.6597874419007,-117.400016316685
30,0.0,0.0,0.0,0.0,0.0,0.0,_389-3326461-12_n,PQ,1.0,1.0,1.0,7621.02355330306,1000000.0,0.95,1.05,0,0,abc,False,False,False,47.6599981221527,-117.400369730659
31,0.0,0.0,0.0,0.0,0.0,0.0,_390-190458_ln,PQ,1.0,1.0,1.0,7621.02355330306,1000000.0,0.95,1.05,0,0,abc,False,False,False,47.6599981221527,-117.400369730659
32,0.0,0.0,0.0,0.0,0.0,0.0,_409-1472851_n_sec,PQ,1.0,1.0,1.0,119.99994404998696,1000000.0,0.95,1.05,0,0,ab,False,False,False,47.6597874419007,-117.400016316685
33,0.0,0.0,0.0,0.0,0.0,0.0,_406-2841587_n,PQ,1.0,1.0,1.0,119.99994404998696,1000000.0,0.95,1.05,0,0,ab,False,True,False,47.6597827621518,-117.400055905166
34,0.0,0.0,0.0,0.0,0.0,0.0,_403-1425850_sn,PQ,1.0,1.0,1.0,7621.02355330306,1000000.0,0.95,1.05,0,0,abc,False,False,False,47.659333589385,-117.399022684935
35,0.0,0.0,0.0,0.0,0.0,0.0,_403-1425850_ln,PQ,1.0,1.0,1.0,7621.02355330306,1000000.0,0.95,1.05,0,0,abc,False,False,False,47.659333589385,-117.399022684935
36,0.0,0.0,0.0,0.0,0.0,0.0,_409-1541093_n,PQ,1.0,1.0,1.0,7621.02355330306,1000000.0,0.95,1.05,0,0,abc,False,False,False,47.6604825133663,-117.398617591256
37,0.0,0.0,0.0,0.0,0.0,0.0,_392-100534_sn,PQ,1.0,1.0,1.0,7621.02355330306,1000000.0,0.95,1.05,0,0,abc,False,False,False,47.6606265029484,-117.398532927377
38,0.0,0.0,0.0,0.0,0.0,0.0,_392-100534_ln,PQ,1.0,1.0,1.0,7621.02355330306,1000000.0,0.95,1.05,0,0,abc,False,False,False,47.6606265029484,-117.398532927377
39,0.0,0.0,0.0,0.0,0.0,0.0,_500-15165_n,PQ,1.0,1.0,1.0,7621.02355330306,1000000.0,0.95,1.05,0,0,abc,False,False,False,47.6612768303318,-117.39818257281
40,0.0,0.0,0.0,0.0,0.0,0.0,_403-1269049_sn,PQ,1.0,1.0,1.0,7621.02355330306,1000000.0,0.95,1.05,0,0,abc,False,False,False,47.6612673773184,-117.398158259616
41,0.0,0.0,0.0,0.0,0.0,0.0,_403-1269049_ln,PQ,1.0,1.0,1.0,7621.02355330306,1000000.0,0.95,1.05,0,0,abc,False,False,False,47.6612673773184,-117.398158259616
42,0.0,0.0,0.0,0.0,0.0,0.0,_409-1333350_n,PQ,1.0,1.0,1.0,7621.02355330306,1000000.0,0.95,1.05,0,0,abc,False,False,False,47.6612722488259,-117.398133734462
43,0.0,0.0,0.0,0.0,0.0,0.0,_409-1333350_n_sec,PQ,1.0,1.0,1.0,119.99994404998696,1000000.0,0.95,1.05,0,0,ab,False,False,False,47.6612722488259,-117.398133734462
44,0.0004749999478722387,9.49998349471236e-05,0.0004749999478722386,9.499983494712365e-05,0.0,0.0,_406-2022164_n,PQ,1.0,1.0,1.0,119.99994404998696,1000000.0,0.95,1.05,0,0,ab,False,True,False,47.6612507056568,-117.398102069899
45,0.0,0.0,0.0,0.0,0.0,0.0,_500-3105238_n,PQ,1.0,1.0,1.0,119.99994404998696,1000000.0,0.95,1.05,0,0,ab,False,False,False,47.6612725119933,-117.398209748513
46,0.0,0.0,0.0,0.0,0.0,0.0,_500-4536981_n,PQ,1.0,1.0,1.0,7621.02355330306,1000000.0,0.95,1.05,0,0,abc,False,False,False,47.6612898578301,-117.398045081339
47,0.0,0.0,0.0,0.0,0.0,0.0,_402-2365640_sn,PQ,1.0,1.0,1.0,7621.02355330306,1000000.0,0.95,1.05,0,0,abc,False,False,False,47.6612351621719,-117.398039402799
48,0.0,0.0,0.0,0.0,0.0,0.0,_402-2365640_ln,PQ,1.0,1.0,1.0,7621.02355330306,1000000.0,0.95,1.05,0,0,abc,False,False,False,47.6612351621719,-117.398039402799
49,0.0,0.0,0.0,0.0,0.0,0.0,_500-4537015_n,PQ,1.0,1.0,1.0,7621.02355330306,1000000.0,0.95,1.05,0,0,a,False,False,False,47.661219915133,-117.398005678164
50,0.0,0.0,0.0,0.0,0.0,0.0,_395-3109850_sn,PQ,1.0,1.0,1.0,7621.02355330306,1000000.0,0.95,1.05,0,0,a,False,False,False,47.6611672690604,-117.396937486911
51,0.0,0.0,0.0,0.0,0.0,0.0,_391-2602718_n,PQ,1.0,1.0,1.0,7621.02355330306,1000000.0,0.95,1.05,0,0,abc,False,False,False,47.6611394996632,-117.396798977047
52,0.0,0.0,0.0,0.0,0.0,0.0,_395-3109884_sn,PQ,1.0,1.0,1.0,7621.02355330306,1000000.0,0.95,1.05,0,0,c,False,False,False,47.6611288976239,-117.396939612582
53,0.0,0.0,0.0,0.0,0.0,0.0,_500-4537019_n,PQ,1.0,1.0,1.0,7621.02355330306,1000000.0,0.95,1.05,0,0,c,False,False,False,47.6612351621719,-117.398039402799
54,0.0,0.0,0.0,0.0,0.0,0.0,_395-3109896_ln,PQ,1.0,1.0,1.0,7621.02355330306,1000000.0,0.95,1.05,0,0,c,False,False,False,47.6611394996632,-117.396798977047
55,0.0,0.0,0.0,0.0,0.0,0.0,_395-3109899_sn,PQ,1.0,1.0,1.0,7621.02355330306,1000000.0,0.95,1.05,0,0,c,False,False,False,47.6611905540091,-117.396706580067
56,0.0,0.0,0.0,0.0,0.0,0.0,_391-2602721_n,PQ,1.0,1.0,1.0,7621.02355330306,1000000.0,0.95,1.05,0,0,abc,False,False,False,47.6611866675751,-117.396735271214
57,0.0,0.0,0.0,0.0,0.0,0.0,_395-3109897_sn,PQ,1.0,1.0,1.0,7621.02355330306,1000000.0,0.95,1.05,0,0,a,False,False,False,47.6611940209745,-117.396763219952
58,0.0,0.0,0.0,0.0,0.0,0.0,_395-3109894_ln,PQ,1.0,1.0,1.0,7621.02355330306,1000000.0,0.95,1.05,0,0,a,False,False,False,47.6611766102108,-117.396813570643
59,0.0,0.0,0.0,0.0,0.0,0.0,_395-3109898_sn,PQ,1.0,1.0,1.0,7621.02355330306,1000000.0,0.95,1.05,0,0,b,False,False,False,47.6611866675751,-117.396735271214
60,0.0,0.0,0.0,0.0,0.0,0.0,_395-3109895_ln,PQ,1.0,1.0,1.0,7621.02355330306,1000000.0,0.95,1.05,0,0,b,False,False,False,47.6611589397317,-117.396800667543
61,0.0,0.0,0.0,0.0,0.0,0.0,_391-2602721_ln,PQ,1.0,1.0,1.0,277.1281292110204,1000000.0,0.95,1.05,0,0,abc,False,False,False,47.6612228686165,-117.396730845824
62,0.014269997562798705,0.002896661395225604,0.0142699947315857,0.0028966618791432773,0.014269993853731913,0.0028966572431023945,_406-2057957_n,PQ,1.0,1.0,1.0,277.1281292110204,1000000.0,0.95,1.05,0,0,abc,False,True,False,47.6612524098209,-117.396832559149
63,0.0,0.0,0.0,0.0,0.0,0.0,_395-3109889_ln,PQ,1.0,1.0,1.0,7621.02355330306,1000000.0,0.95,1.05,0,0,c,False,False,False,47.6611009804979,-117.396842692991
64,0.0,0.0,0.0,0.0,0.0,0.0,_395-3109890_sn,PQ,1.0,1.0,1.0,7621.02355330306,1000000.0,0.95,1.05,0,0,c,False,False,False,47.6607565796673,-117.396554170647
65,0.0,0.0,0.0,0.0,0.0,0.0,_391-1713300_n,PQ,1.0,1.0,1.0,7621.02355330306,1000000.0,0.95,1.05,0,0,abc,False,False,False,47.6607659317193,-117.396528388973
66,0.0,0.0,0.0,0.0,0.0,0.0,_395-3109888_sn,PQ,1.0,1.0,1.0,7621.02355330306,1000000.0,0.95,1.05,0,0,b,False,False,False,47.6607659317193,-117.396528388973
67,0.0,0.0,0.0,0.0,0.0,0.0,_395-3109887_ln,PQ,1.0,1.0,1.0,7621.02355330306,1000000.0,0.95,1.05,0,0,b,False,False,False,47.661111994754,-117.396818920453
68,0.0,0.0,0.0,0.0,0.0,0.0,_395-3109886_sn,PQ,1.0,1.0,1.0,7621.02355330306,1000000.0,0.95,1.05,0,0,a,False,False,False,47.6607643816006,-117.396498484315
69,0.0,0.0,0.0,0.0,0.0,0.0,_395-3109885_ln,PQ,1.0,1.0,1.0,7621.02355330306,1000000.0,0.95,1.05,0,0,a,False,False,False,47.6611285831661,-117.396803181322
70,0.0,0.0,0.0,0.0,0.0,0.0,_391-1713300_ln,PQ,1.0,1.0,1.0,277.1281292110204,1000000.0,0.95,1.05,0,0,abc,False,False,False,47.6607307187429,-117.39651644982
71,0.006409999124777121,0.0012999977423288841,0.006409997798691644,0.0012999978701731506,0.006409997582890531,0.0012999958778496727,_406-1943459_n,PQ,1.0,1.0,1.0,277.1281292110204,1000000.0,0.95,1.05,0,0,abc,False,True,False,47.6607305818012,-117.396656061868
72,0.0,0.0,0.0,0.0,0.0,0.0,_395-3109851_sn,PQ,1.0,1.0,1.0,7621.02355330306,1000000.0,0.95,1.05,0,0,b,False,False,False,47.661148111483,-117.396944307054
73,0.0,0.0,0.0,0.0,0.0,0.0,_500-4537017_n,PQ,1.0,1.0,1.0,7621.02355330306,1000000.0,0.95,1.05,0,0,b,False,False,False,47.6612351621719,-117.398039402799
74,0.0,0.0,0.0,0.0,0.0,0.0,_396-269492_sn,PQ,1.0,1.0,1.0,7621.02355330306,1000000.0,0.95,1.05,0,0,abc,False,False,False,47.6613297189902,-117.398161168406
75,0.0,0.0,0.0,0.0,0.0,0.0,_396-269492_ln,PQ,1.0,1.0,1.0,7621.02355330306,1000000.0,0.95,1.05,0,0,abc,False,False,False,47.6613297189902,-117.398161168406
76,0.0,0.0,0.0,0.0,0.0,0.0,_500-15167_n,PQ,1.0,1.0,1.0,7621.02355330306,1000000.0,0.95,1.05,0,0,abc,False,False,False,47.6616668463097,-117.398024689596
77,0.0,0.0,0.0,0.0,0.0,0.0,_396-164547_sn,PQ,1.0,1.0,1.0,7621.02355330306,1000000.0,0.95,1.05,0,0,abc,False,False,False,47.6617006176689,-117.398088622479
78,0.0,0.0,0.0,0.0,0.0,0.0,_396-164547_ln,PQ,1.0,1.0,1.0,7621.02355330306,1000000.0,0.95,1.05,0,0,abc,False,False,False,47.6617006176689,-117.398088622479
79,0.0,0.0,0.0,0.0,0.0,0.0,_500-3093431_n,PQ,1.0,1.0,1.0,7621.02355330306,1000000.0,0.95,1.05,0,0,b,False,False,False,47.6617163975761,-117.398121806336
80,0.0,0.0,0.0,0.0,0.0,0.0,_411-2255921-0_n,PQ,1.0,1.0,1.0,7621.02355330306,1000000.0,0.95,1.05,0,0,b,False,False,False,47.6617386662266,-117.398163950959
81,0.0,0.0,0.0,0.0,0.0,0.0,_500-3093429_n,PQ,1.0,1.0,1.0,7621.02355330306,1000000.0,0.95,1.05,0,0,a,False,False,False,47.6617006176689,-117.398088622479
82,0.0,0.0,0.0,0.0,0.0,0.0,_411-2255920-0_n,PQ,1.0,1.0,1.0,7621.02355330306,1000000.0,0.95,1.05,0,0,a,False,False,False,47.6617198386686,-117.398174434132
83,0.0,0.0,0.0,0.0,0.0,0.0,_500-3093433_n,PQ,1.0,1.0,1.0,7621.02355330306,1000000.0,0.95,1.05,0,0,c,False,False,False,47.6617006176689,-117.398088622479
84,0.0,0.0,0.0,0.0,0.0,0.0,_411-2255922-0_n,PQ,1.0,1.0,1.0,7621.02355330306,1000000.0,0.95,1.05,0,0,c,False,False,False,47.6617574824381,-117.398153468529
85,0.0,0.0,0.0,0.0,0.0,0.0,_389-160652-0_n,PQ,1.0,1.0,1.0,7621.02355330306,1000000.0,0.95,1.05,0,0,b,False,False,False,47.6616662814477,-117.397984122118
86,0.0,0.0,0.0,0.0,0.0,0.0,_403-40080_ln,PQ,1.0,1.0,1.0,7621.02355330306,1000000.0,0.95,1.05,0,0,b,False,False,False,47.6616662814477,-117.397984122118
87,0.0,0.0,0.0,0.0,0.0,0.0,_500-1391185_n,PQ,1.0,1.0,1.0,7621.02355330306,1000000.0,0.95,1.05,0,0,abc,False,False,False,47.6625826268605,-117.397994543947
88,0.0,0.0,0.0,0.0,0.0,0.0,_500-15176_n,PQ,1.0,1.0,1.0,7621.02355330306,1000000.0,0.95,1.05,0,0,abc,False,False,False,47.6630962497884,-117.397971199838
89,0.0,0.0,0.0,0.0,0.0,0.0,_500-4034322_n,PQ,1.0,1.0,1.0,7621.02355330306,1000000.0,0.95,1.05,0,0,abc,False,False,False,47.6633178671016,-117.397971444699
90,0.0,0.0,0.0,0.0,0.0,0.0,_409-234868_n,PQ,1.0,1.0,1.0,7621.02355330306,1000000.0,0.95,1.05,0,0,abc,False,False,False,47.663409883653,-117.397971546589
91,0.0,0.0,0.0,0.0,0.0,0.0,_409-234868_n_sec,PQ,1.0,1.0,1.0,277.1281292110204,1000000.0,0.95,1.05,0,0,abc,False,False,False,47.6634247226918,-117.3979719032
92,0.003029999287709617,0.0006166652514260176,0.0030299986376079334,0.000616665441142626,0.0030299983132956393,0.0006166642620992277,_406-689012_n,PQ,1.0,1.0,1.0,277.1281292110204,1000000.0,0.95,1.05,0,0,abc,False,True,False,47.6636768410816,-117.397738013776
93,0.0,0.0,0.0,0.0,0.0,0.0,_409-2046499_n,PQ,1.0,1.0,1.0,7621.02355330306,1000000.0,0.95,1.05,0,0,abc,False,False,False,47.6638155499971,-117.397977091029
94,0.0,0.0,0.0,0.0,0.0,0.0,_409-2046499_n_sec,PQ,1.0,1.0,1.0,119.99994404998696,1000000.0,0.95,1.05,0,0,ab,False,False,False,47.6638155499971,-117.397977091029
95,1.999999286244359e-05,4.999991378497801e-06,1.9999992862443587e-05,4.999991378497807e-06,0.0,0.0,_406-3392071_n,PQ,1.0,1.0,1.0,119.99994404998696,1000000.0,0.95,1.05,0,0,ab,False,True,False,47.6638829371938,-117.398071010882
96,0.0,0.0,0.0,0.0,0.0,0.0,_409-23087_n,PQ,1.0,1.0,1.0,7621.02355330306,1000000.0,0.95,1.05,0,0,abc,False,False,False,47.6641588763314,-117.397981877579
97,0.0,0.0,0.0,0.0,0.0,0.0,_403-37193_sn,PQ,1.0,1.0,1.0,7621.02355330306,1000000.0,0.95,1.05,0,0,abc,False,False,False,47.6641806896505,-117.397982185317
98,0.0,0.0,0.0,0.0,0.0,0.0,_403-37193_ln,PQ,1.0,1.0,1.0,7621.02355330306,1000000.0,0.95,1.05,0,0,abc,False,False,False,47.6641806896505,-117.397982185317
99,0.0,0.0,0.0,0.0,0.0,0.0,_500-3376242_n,PQ,1.0,1.0,1.0,7621.02355330306,1000000.0,0.95,1.05,0,0,abc,False,False,False,47.6645224792278,-117.397976025674
100,0.0,0.0,0.0,0.0,0.0,0.0,_402-1760651_sn,PQ,1.0,1.0,1.0,7621.02355330306,1000000.0,0.95,1.05,0,0,abc,False,False,False,47.6645556594041,-117.398040642715
101,0.0,0.0,0.0,0.0,0.0,0.0,_402-1760651_ln,PQ,1.0,1.0,1.0,7621.02355330306,1000000.0,0.95,1.05,0,0,abc,False,False,False,47.6645556594041,-117.398040642715
102,0.0,0.0,0.0,0.0,0.0,0.0,_500-3376246_n,PQ,1.0,1.0,1.0,7621.02355330306,1000000.0,0.95,1.05,0,0,b,False,False,False,47.6645711374833,-117.398074138631
103,0.0,0.0,0.0,0.0,0.0,0.0,_395-2453703_sn,PQ,1.0,1.0,1.0,7621.02355330306,1000000.0,0.95,1.05,0,0,b,False,False,False,47.6649314389102,-117.40131407719
104,0.0,0.0,0.0,0.0,0.0,0.0,_391-2013548_n,PQ,1.0,1.0,1.0,7621.02355330306,1000000.0,0.95,1.05,0,0,abc,False,False,False,47.6649378247618,-117.401342542596
105,0.0,0.0,0.0,0.0,0.0,0.0,_391-2013548_ln,PQ,1.0,1.0,1.0,277.1281292110204,1000000.0,0.95,1.05,0,0,abc,False,False,False,47.6649677447366,-117.401312323501
106,0.0004699999373619037,9.666644549524584e-05,0.00046999982465027913,9.666646905547827e-05,0.00046999981037045485,9.666629821605385e-05,_406-2517323_n,PQ,1.0,1.0,1.0,277.1281292110204,1000000.0,0.95,1.05,0,0,abc,False,True,False,47.6650305148187,-117.401322167645
107,0.0,0.0,0.0,0.0,0.0,0.0,_395-2453702_sn,PQ,1.0,1.0,1.0,7621.02355330306,1000000.0,0.95,1.05,0,0,a,False,False,False,47.6649378247618,-117.401342542596
108,0.0,0.0,0.0,0.0,0.0,0.0,_500-3376244_n,PQ,1.0,1.0,1.0,7621.02355330306,1000000.0,0.95,1.05,0,0,a,False,False,False,47.6645502636939,-117.398080431745
109,0.0,0.0,0.0,0.0,0.0,0.0,_395-2453704_sn,PQ,1.0,1.0,1.0,7621.02355330306,1000000.0,0.95,1.05,0,0,c,False,False,False,47.6649363040852,-117.401285712052
110,0.0,0.0,0.0,0.0,0.0,0.0,_500-3376248_n,PQ,1.0,1.0,1.0,7621.02355330306,1000000.0,0.95,1.05,0,0,c,False,False,False,47.6645824531748,-117.398049232069
111,0.0,0.0,0.0,0.0,0.0,0.0,_500-15194_n,PQ,1.0,1.0,1.0,7621.02355330306,1000000.0,0.95,1.05,0,0,abc,False,False,False,47.6649015255383,-117.397963952439
112,0.0,0.0,0.0,0.0,0.0,0.0,_403-37197_sn,PQ,1.0,1.0,1.0,7621.02355330306,1000000.0,0.95,1.05,0,0,abc,False,False,False,47.6661961618,-117.397970799119
113,0.0,0.0,0.0,0.0,0.0,0.0,_403-37197_ln,PQ,1.0,1.0,1.0,7621.02355330306,1000000.0,0.95,1.05,0,0,abc,False,False,False,47.6661961618,-117.397970799119
114,0.0,0.0,0.0,0.0,0.0,0.0,_390-8029_sn,PQ,1.0,1.0,1.0,7621.02355330306,1000000.0,0.95,1.05,0,0,abc,False,False,False,47.6662646854162,-117.397972948906
115,0.0,0.0,0.0,0.0,0.0,0.0,_390-8029_ln,PQ,1.0,1.0,1.0,7621.02355330306,1000000.0,0.95,1.05,0,0,abc,False,False,False,47.6662646854162,-117.397972948906
116,0.0,0.0,0.0,0.0,0.0,0.0,_500-15200_n,PQ,1.0,1.0,1.0,7621.02355330306,1000000.0,0.95,1.05,0,0,abc,False,False,False,47.6667539350298,-117.39798840719
117,0.0,0.0,0.0,0.0,0.0,0.0,_394-1034905-1_n,PQ,1.0,1.0,1.0,7621.02355330306,1000000.0,0.95,1.05,0,0,abc,False,False,False,47.6667532577658,-117.398069568602
118,0.0,0.0,0.0,0.0,0.0,0.0,_402-606216_ln,PQ,1.0,1.0,1.0,7621.02355330306,1000000.0,0.95,1.05,0,0,abc,False,False,False,47.6667532577658,-117.398069568602
119,0.0,0.0,0.0,0.0,0.0,0.0,_500-15201_n,PQ,1.0,1.0,1.0,7621.02355330306,1000000.0,0.95,1.05,0,0,abc,False,False,False,47.6667687615649,-117.397989244287
120,0.0,0.0,0.0,0.0,0.0,0.0,_500-15202_n,PQ,1.0,1.0,1.0,7621.02355330306,1000000.0,0.95,1.05,0,0,abc,False,False,False,47.6673006282413,-117.397993335351
121,0.0,0.0,0.0,0.0,0.0,0.0,_500-15213_n,PQ,1.0,1.0,1.0,7621.02355330306,1000000.0,0.95,1.05,0,0,abc,False,False,False,47.6679190273707,-117.398023747606
122,0.0,0.0,0.0,0.0,0.0,0.0,_500-3137441_n,PQ,1.0,1.0,1.0,7621.02355330306,1000000.0,0.95,1.05,0,0,abc,False,False,False,47.6683371142516,-117.397994803773
123,0.0,0.0,0.0,0.0,0.0,0.0,_500-15223_n,PQ,1.0,1.0,1.0,7621.02355330306,1000000.0,0.95,1.05,0,0,abc,False,False,False,47.6689977441023,-117.397998407642
124,0.0,0.0,0.0,0.0,0.0,0.0,_402-36571_sn,PQ,1.0,1.0,1.0,7621.02355330306,1000000.0,0.95,1.05,0,0,ab,False,False,False,47.6689986644459,-117.398140811899
125,0.0,0.0,0.0,0.0,0.0,0.0,_402-36571_ln,PQ,1.0,1.0,1.0,7621.02355330306,1000000.0,0.95,1.05,0,0,ab,False,False,False,47.6689986644459,-117.398140811899
126,0.0,0.0,0.0,0.0,0.0,0.0,_409-22385_n,PQ,1.0,1.0,1.0,7621.02355330306,1000000.0,0.95,1.05,0,0,ab,False,False,False,47.6690051110019,-117.399139829117
127,0.0,0.0,0.0,0.0,0.0,0.0,_409-22385_n_sec,PQ,1.0,1.0,1.0,119.99994404998696,1000000.0,0.95,1.05,0,0,ab,False,False,False,47.6690051110019,-117.399139829117
128,0.0003399998609445724,6.99998398014975e-05,0.0003399998609445693,6.999983980149556e-05,0.0,0.0,_406-92279_n,PQ,1.0,1.0,1.0,119.99994404998696,1000000.0,0.95,1.05,0,0,ab,False,True,False,47.6692742651043,-117.39868090483
129,0.0001199999536830883,2.4999943677600115e-05,0.00011999995368308816,2.4999943677599905e-05,0.0,0.0,_406-92268_n,PQ,1.0,1.0,1.0,119.99994404998696,1000000.0,0.95,1.05,0,0,ab,False,True,False,47.6686714697845,-117.39846605805
130,0.0001699999348313204,3.4999920476630296e-05,0.0001699999348313203,3.499992047663004e-05,0.0,0.0,_406-92280_n,PQ,1.0,1.0,1.0,119.99994404998696,1000000.0,0.95,1.05,0,0,ab,False,True,False,47.6692852303825,-117.398908360797
131,0.0001449999443760626,2.999993209294336e-05,0.00014499994437606247,2.999993209294316e-05,0.0,0.0,_406-92270_n,PQ,1.0,1.0,1.0,119.99994404998696,1000000.0,0.95,1.05,0,0,ab,False,True,False,47.6686762704709,-117.398821522422
132,0.00014499994382487783,2.999993201951535e-05,0.0001449999438248776,2.999993201951511e-05,0.0,0.0,_406-92273_n,PQ,1.0,1.0,1.0,119.99994404998696,1000000.0,0.95,1.05,0,0,ab,False,True,False,47.6692274234862,-117.39849345298
133,0.00012999994922780603,2.499993994016191e-05,0.00012999994922780595,2.4999939940161697e-05,0.0,0.0,_406-92272_n,PQ,1.0,1.0,1.0,119.99994404998696,1000000.0,0.95,1.05,0,0,ab,False,True,False,47.6688531003313,-117.398460107058
134,0.0,0.0,0.0,0.0,0.0,0.0,_500-3249506_n,PQ,1.0,1.0,1.0,119.99994404998696,1000000.0,0.95,1.05,0,0,ab,False,False,False,47.6690165739826,-117.398801199519
135,0.0,0.0,0.0,0.0,0.0,0.0,_500-3249507_n,PQ,1.0,1.0,1.0,119.99994404998696,1000000.0,0.95,1.05,0,0,ab,False,False,False,47.6694404164173,-117.398779524796
136,4.999997325575994e-05,-1.9260256536313138e-11,4.9999973255756925e-05,-1.9260258202535852e-11,0.0,0.0,_406-2102752_n,PQ,1.0,1.0,1.0,119.99994404998696,1000000.0,0.95,1.05,0,0,ab,False,True,False,47.6694278987614,-117.398789230262
137,0.0,0.0,0.0,0.0,0.0,0.0,_500-3249508_n,PQ,1.0,1.0,1.0,119.99994404998696,1000000.0,0.95,1.05,0,0,ab,False,False,False,47.6694519854123,-117.399256436384
138,4.9999971356131685e-05,-1.9504989509755434e-11,4.999997135612729e-05,-1.9504991904284453e-11,0.0,0.0,_406-2102302_n,PQ,1.0,1.0,1.0,119.99994404998696,1000000.0,0.95,1.05,0,0,ab,False,True,False,47.6694382294069,-117.399259855535
139,0.0,0.0,0.0,0.0,0.0,0.0,_500-3249510_n,PQ,1.0,1.0,1.0,119.99994404998696,1000000.0,0.95,1.05,0,0,ab,False,False,False,47.6696476315288,-117.399653333475
140,4.999996972256758e-05,-1.971564056191255e-11,4.999996972256194e-05,-1.9715643588824606e-11,0.0,0.0,_406-2102721_n,PQ,1.0,1.0,1.0,119.99994404998696,1000000.0,0.95,1.05,0,0,ab,False,True,False,47.6696336590885,-117.399651885061
141,0.0,0.0,0.0,0.0,0.0,0.0,_500-3249509_n,PQ,1.0,1.0,1.0,119.99994404998696,1000000.0,0.95,1.05,0,0,ab,False,False,False,47.6694312376932,-117.400059991184
142,4.99999683868846e-05,-1.9887996032252885e-11,4.999996838687793e-05,-1.9887999631151842e-11,0.0,0.0,_406-2102272_n,PQ,1.0,1.0,1.0,119.99994404998696,1000000.0,0.95,1.05,0,0,ab,False,True,False,47.6694222828229,-117.40004626594
143,0.0,0.0,0.0,0.0,0.0,0.0,_500-3249512_n,PQ,1.0,1.0,1.0,119.99994404998696,1000000.0,0.95,1.05,0,0,ab,False,False,False,47.6696554841691,-117.400601782449
144,0.0,0.0,0.0,0.0,0.0,0.0,_500-3249511_n,PQ,1.0,1.0,1.0,119.99994404998696,1000000.0,0.95,1.05,0,0,ab,False,False,False,47.6694267901666,-117.401137521848
145,4.999996668684296e-05,-2.0107524587587022e-11,4.9999966686834964e-05,-2.010752888281786e-11,0.0,0.0,_406-2102300_n,PQ,1.0,1.0,1.0,119.99994404998696,1000000.0,0.95,1.05,0,0,ab,False,True,False,47.669414905127,-117.401122376452
146,4.999996725753242e-05,-2.0033806748642745e-11,4.999996725752489e-05,-2.0033810820052623e-11,0.0,0.0,_406-2102301_n,PQ,1.0,1.0,1.0,119.99994404998696,1000000.0,0.95,1.05,0,0,ab,False,True,False,47.6696396329507,-117.400601363602
147,0.0012199992652947263,0.0002449993973130969,0.0012199992652944746,0.00024499939731295964,0.0,0.0,_406-92358_n,PQ,1.0,1.0,1.0,119.99994404998696,1000000.0,0.95,1.05,0,0,ab,False,True,False,47.6693437233956,-117.399153846939
148,0.00010499995811999535,1.999995146999864e-05,0.0001049999581199951,1.9999951469998407e-05,0.0,0.0,_406-92274_n,PQ,1.0,1.0,1.0,119.99994404998696,1000000.0,0.95,1.05,0,0,ab,False,True,False,47.6692294844155,-117.397912177659
149,0.00011999995407265816,2.4999943729534927e-05,0.000119999954072658,2.4999943729534755e-05,0.0,0.0,_406-92269_n,PQ,1.0,1.0,1.0,119.99994404998696,1000000.0,0.95,1.05,0,0,ab,False,True,False,47.6686743272114,-117.398659125615
150,0.0,0.0,0.0,0.0,0.0,0.0,_389-150307-1_n,PQ,1.0,1.0,1.0,7621.02355330306,1000000.0,0.95,1.05,0,0,ab,False,False,False,47.6690053172984,-117.399172297173
151,0.0,0.0,0.0,0.0,0.0,0.0,_403-36885_ln,PQ,1.0,1.0,1.0,7621.02355330306,1000000.0,0.95,1.05,0,0,b,False,False,False,47.6690053172984,-117.399172297173
152,0.0,0.0,0.0,0.0,0.0,0.0,_409-23102_n,PQ,1.0,1.0,1.0,7621.02355330306,1000000.0,0.95,1.05,0,0,abc,False,False,False,47.6700625528855,-117.398014732424
153,0.0,0.0,0.0,0.0,0.0,0.0,_409-23102_n_sec,PQ,1.0,1.0,1.0,119.99994404998696,1000000.0,0.95,1.05,0,0,ab,False,False,False,47.6700625528855,-117.398014732424
154,0.00048499991069956243,9.999968468108004e-05,0.00048499991069956075,9.999968468107895e-05,0.0,0.0,_406-92303_n,PQ,1.0,1.0,1.0,119.99994404998696,1000000.0,0.95,1.05,0,0,ab,False,True,False,47.6698812235319,-117.39786284115
155,0.002159999284502179,0.0004349985592556225,0.002159999284501951,0.0004349985592554991,0.0,0.0,_406-92311_n,PQ,1.0,1.0,1.0,119.99994404998696,1000000.0,0.95,1.05,0,0,ab,False,True,False,47.6701607624299,-117.397842943231
156,0.0,0.0,0.0,0.0,0.0,0.0,_500-2816451_n,PQ,1.0,1.0,1.0,119.99994404998696,1000000.0,0.95,1.05,0,0,ab,False,False,False,47.6700994179495,-117.398034645044
157,0.0,0.0,0.0,0.0,0.0,0.0,_500-4570469_n,PQ,1.0,1.0,1.0,119.99994404998696,1000000.0,0.95,1.05,0,0,ab,False,False,False,47.6698016455629,-117.39798944002
158,6.49999908869918e-05,1.499995755820197e-05,6.499999088699177e-05,1.4999957558201888e-05,0.0,0.0,_406-3397838_n,PQ,1.0,1.0,1.0,119.99994404998696,1000000.0,0.95,1.05,0,0,ab,False,True,False,47.6697815459489,-117.398033071848
159,0.0,0.0,0.0,0.0,0.0,0.0,_500-15227_n,PQ,1.0,1.0,1.0,7621.02355330306,1000000.0,0.95,1.05,0,0,abc,False,False,False,47.6700844755999,-117.398014898334
160,0.0,0.0,0.0,0.0,0.0,0.0,_389-150151-0_n,PQ,1.0,1.0,1.0,7621.02355330306,1000000.0,0.95,1.05,0,0,abc,False,False,False,47.6706374628384,-117.398013671666
161,0.0,0.0,0.0,0.0,0.0,0.0,_390-8027_ln,PQ,1.0,1.0,1.0,7621.02355330306,1000000.0,0.95,1.05,0,0,abc,False,False,False,47.6706374628384,-117.398013671666
162,0.0,0.0,0.0,0.0,0.0,0.0,_402-1807095_sn,PQ,1.0,1.0,1.0,7621.02355330306,1000000.0,0.95,1.05,0,0,abc,False,False,False,47.6700826411723,-117.398096026812
163,0.0,0.0,0.0,0.0,0.0,0.0,_402-1807095_ln,PQ,1.0,1.0,1.0,7621.02355330306,1000000.0,0.95,1.05,0,0,abc,False,False,False,47.6700826411723,-117.398096026812
164,0.0,0.0,0.0,0.0,0.0,0.0,_409-23048_n,PQ,1.0,1.0,1.0,7621.02355330306,1000000.0,0.95,1.05,0,0,abc,False,False,False,47.6700735419072,-117.398498413898
165,0.0,0.0,0.0,0.0,0.0,0.0,_409-23123_n,PQ,1.0,1.0,1.0,7621.02355330306,1000000.0,0.95,1.05,0,0,abc,False,False,False,47.6700717600052,-117.398925481329
166,0.0,0.0,0.0,0.0,0.0,0.0,_409-23123_n_sec,PQ,1.0,1.0,1.0,119.99994404998696,1000000.0,0.95,1.05,0,0,ab,False,False,False,47.6700717600052,-117.398925481329
167,0.00028499994022444574,5.9999796952414434e-05,0.000284999940224443,5.999979695241219e-05,0.0,0.0,_406-92317_n,PQ,1.0,1.0,1.0,119.99994404998696,1000000.0,0.95,1.05,0,0,ab,False,True,False,47.6703767329282,-117.399509342043
168,0.00011499998065893522,2.4999918382749432e-05,0.00011499998065893513,2.499991838274903e-05,0.0,0.0,_406-92315_n,PQ,1.0,1.0,1.0,119.99994404998696,1000000.0,0.95,1.05,0,0,ab,False,True,False,47.670080156109,-117.398982603469
169,0.0013399997458706495,0.0002699990531997157,0.0013399997458706462,0.0002699990531997099,0.0,0.0,_406-92299_n,PQ,1.0,1.0,1.0,119.99994404998696,1000000.0,0.95,1.05,0,0,ab,False,True,False,47.6700111421389,-117.398900267572
170,0.0,0.0,0.0,0.0,0.0,0.0,_406-2306745_n,PQ,1.0,1.0,1.0,119.99994404998696,1000000.0,0.95,1.05,0,0,ab,False,True,False,47.6700579722181,-117.398957949594
171,0.0003299999291535417,6.499976634112872e-05,0.000329999929153539,6.49997663411263e-05,0.0,0.0,_406-92316_n,PQ,1.0,1.0,1.0,119.99994404998696,1000000.0,0.95,1.05,0,0,ab,False,True,False,47.6700814874953,-117.398962672589
172,0.0004249999064587504,8.499969831192606e-05,0.00042499990645874564,8.49996983119224e-05,0.0,0.0,_406-92302_n,PQ,1.0,1.0,1.0,119.99994404998696,1000000.0,0.95,1.05,0,0,ab,False,True,False,47.6704036096373,-117.399101600648
173,0.0011999993428358892,0.00023499910044120869,0.001199999342835542,0.00023499910044101957,0.0,0.0,_406-92301_n,PQ,1.0,1.0,1.0,119.99994404998696,1000000.0,0.95,1.05,0,0,ab,False,True,False,47.6704561147885,-117.398922067005
174,0.0,0.0,0.0,0.0,0.0,0.0,_409-23018_n,PQ,1.0,1.0,1.0,7621.02355330306,1000000.0,0.95,1.05,0,0,abc,False,False,False,47.6700716708738,-117.398957952756
175,0.0,0.0,0.0,0.0,0.0,0.0,_409-23018_n_sec,PQ,1.0,1.0,1.0,119.99994404998696,1000000.0,0.95,1.05,0,0,ab,False,False,False,47.6700718653833,-117.399119678502
176,0.0012049996915050396,0.00024999920496407066,0.0012049996915049963,0.0002499992049640475,0.0,0.0,_406-92314_n,PQ,1.0,1.0,1.0,119.99994404998696,1000000.0,0.95,1.05,0,0,ab,False,True,False,47.6698830523722,-117.399133238158
177,0.0,0.0,0.0,0.0,0.0,0.0,_500-15226_n,PQ,1.0,1.0,1.0,7621.02355330306,1000000.0,0.95,1.05,0,0,abc,False,False,False,47.6700719123423,-117.399152140928
178,0.0,0.0,0.0,0.0,0.0,0.0,_409-23048_n_sec,PQ,1.0,1.0,1.0,119.99994404998696,1000000.0,0.95,1.05,0,0,ab,False,False,False,47.6700735419072,-117.398498413898
179,0.0,0.0,0.0,0.0,0.0,0.0,_406-2901811_n,PQ,1.0,1.0,1.0,119.99994404998696,1000000.0,0.95,1.05,0,0,ab,False,True,False,47.6700530518886,-117.398542041054
180,0.0032249668461489765,0.0006599906313839027,0.0032249668461291027,0.0006599906313734454,0.0,0.0,_406-92300_n,PQ,1.0,1.0,1.0,119.99994404998696,1000000.0,0.95,1.05,0,0,ab,False,True,False,47.6704571665222,-117.398668633124
181,0.0002549999501766678,4.999960471783484e-05,0.0002549999501766669,4.999960471781953e-05,0.0,0.0,_406-92297_n,PQ,1.0,1.0,1.0,119.99994404998696,1000000.0,0.95,1.05,0,0,ab,False,True,False,47.6698677411694,-117.398426591961
182,0.0001649999729114454,3.499974318837167e-05,0.0001649999729114451,3.4999743188361744e-05,0.0,0.0,_406-92298_n,PQ,1.0,1.0,1.0,119.99994404998696,1000000.0,0.95,1.05,0,0,ab,False,True,False,47.6698645181522,-117.398635585537
183,0.0,0.0,0.0,0.0,0.0,0.0,_402-37852_sn,PQ,1.0,1.0,1.0,7621.02355330306,1000000.0,0.95,1.05,0,0,abc,False,False,False,47.6700832496558,-117.397941111424
184,0.0,0.0,0.0,0.0,0.0,0.0,_402-37852_ln,PQ,1.0,1.0,1.0,7621.02355330306,1000000.0,0.95,1.05,0,0,abc,False,False,False,47.6700832496558,-117.397941111424
185,0.0,0.0,0.0,0.0,0.0,0.0,_409-23044_n,PQ,1.0,1.0,1.0,7621.02355330306,1000000.0,0.95,1.05,0,0,abc,False,False,False,47.6700735117503,-117.397357324854
186,0.0,0.0,0.0,0.0,0.0,0.0,_403-1545214_sn,PQ,1.0,1.0,1.0,7621.02355330306,1000000.0,0.95,1.05,0,0,abc,False,False,False,47.6700742189076,-117.396831731132
187,0.0,0.0,0.0,0.0,0.0,0.0,_403-1545214_ln,PQ,1.0,1.0,1.0,7621.02355330306,1000000.0,0.95,1.05,0,0,abc,False,False,False,47.6700742189076,-117.396831731132
188,0.0,0.0,0.0,0.0,0.0,0.0,_409-1487587_n,PQ,1.0,1.0,1.0,7621.02355330306,1000000.0,0.95,1.05,0,0,abc,False,False,False,47.6700705918066,-117.396733759143
189,0.0,0.0,0.0,0.0,0.0,0.0,_403-1545213_sn,PQ,1.0,1.0,1.0,7621.02355330306,1000000.0,0.95,1.05,0,0,abc,False,False,False,47.6700745755211,-117.396691408364
190,0.0,0.0,0.0,0.0,0.0,0.0,_403-1545213_ln,PQ,1.0,1.0,1.0,7621.02355330306,1000000.0,0.95,1.05,0,0,c,False,False,False,47.6700745755211,-117.396691408364
191,0.0,0.0,0.0,0.0,0.0,0.0,_409-23083_n,PQ,1.0,1.0,1.0,7621.02355330306,1000000.0,0.95,1.05,0,0,c,False,False,False,47.6700755702603,-117.396282037847
192,0.0,0.0,0.0,0.0,0.0,0.0,_403-1545212_sn,PQ,1.0,1.0,1.0,7621.02355330306,1000000.0,0.95,1.05,0,0,c,False,False,False,47.670075644051,-117.396249836662
193,0.0,0.0,0.0,0.0,0.0,0.0,_403-1545212_ln,PQ,1.0,1.0,1.0,7621.02355330306,1000000.0,0.95,1.05,0,0,c,False,False,False,47.670075644051,-117.396249836662
194,0.0,0.0,0.0,0.0,0.0,0.0,_409-1033379_n,PQ,1.0,1.0,1.0,7621.02355330306,1000000.0,0.95,1.05,0,0,c,False,False,False,47.6700757291292,-117.395755980396
195,0.0,0.0,0.0,0.0,0.0,0.0,_409-1033379_n_sec,PQ,1.0,1.0,1.0,119.99994404998696,1000000.0,0.95,1.05,0,0,ab,False,False,False,47.6700757291292,-117.395755980396
196,0.0003899997858171683,7.99996525778973e-05,0.0003899997858171675,7.999965257789682e-05,0.0,0.0,_406-92179_n,PQ,1.0,1.0,1.0,119.99994404998696,1000000.0,0.95,1.05,0,0,ab,False,True,False,47.6702995360488,-117.395820457532
197,0.0003199998262850811,6.499971568467379e-05,0.00031999982628508057,6.499971568467359e-05,0.0,0.0,_406-1797411_n,PQ,1.0,1.0,1.0,119.99994404998696,1000000.0,0.95,1.05,0,0,ab,False,True,False,47.6698385206282,-117.395728828058
198,0.0002599998640873829,5.499976803932798e-05,0.0002599998640873827,5.499976803932793e-05,0.0,0.0,_406-1797412_n,PQ,1.0,1.0,1.0,119.99994404998696,1000000.0,0.95,1.05,0,0,ab,False,True,False,47.6698836263953,-117.395667358159
199,0.0,0.0,0.0,0.0,0.0,0.0,_409-1374934_n,PQ,1.0,1.0,1.0,7621.02355330306,1000000.0,0.95,1.05,0,0,c,False,False,False,47.6700781530694,-117.395423607179
200,0.0,0.0,0.0,0.0,0.0,0.0,_409-23023_n,PQ,1.0,1.0,1.0,7621.02355330306,1000000.0,0.95,1.05,0,0,c,False,False,False,47.6700782857308,-117.39523674865
201,0.0,0.0,0.0,0.0,0.0,0.0,_500-15228_n,PQ,1.0,1.0,1.0,7621.02355330306,1000000.0,0.95,1.05,0,0,c,False,False,False,47.6700845749336,-117.393330167353
202,0.0,0.0,0.0,0.0,0.0,0.0,_402-126809_sn,PQ,1.0,1.0,1.0,7621.02355330306,1000000.0,0.95,1.05,0,0,c,False,False,False,47.6701301257852,-117.393284974097
203,0.0,0.0,0.0,0.0,0.0,0.0,_402-126809_ln,PQ,1.0,1.0,1.0,7621.02355330306,1000000.0,0.95,1.05,0,0,c,False,False,False,47.6701301257852,-117.393284974097
204,0.0,0.0,0.0,0.0,0.0,0.0,_500-15229_n,PQ,1.0,1.0,1.0,7621.02355330306,1000000.0,0.95,1.05,0,0,c,False,False,False,47.6701301257852,-117.393284974097
205,0.0,0.0,0.0,0.0,0.0,0.0,_395-219035_sn,PQ,1.0,1.0,1.0,7621.02355330306,1000000.0,0.95,1.05,0,0,c,False,False,False,47.6706097033972,-117.391749091606
206,0.0,0.0,0.0,0.0,0.0,0.0,_391-33215_n,PQ,1.0,1.0,1.0,7621.02355330306,1000000.0,0.95,1.05,0,0,c,False,False,False,47.6706097033972,-117.391749091606
207,0.0,0.0,0.0,0.0,0.0,0.0,_391-33215_ln,PQ,1.0,1.0,1.0,119.99994404998696,1000000.0,0.95,1.05,0,0,ab,False,False,False,47.6706326634736,-117.391708355371
208,1.9999990511995425e-05,4.999981715548424e-06,1.9999990511995422e-05,4.9999817155484244e-06,0.0,0.0,_406-2739476_n,PQ,1.0,1.0,1.0,119.99994404998696,1000000.0,0.95,1.05,0,0,ab,False,True,False,47.670565856068,-117.391812497978
209,0.0002449998723249286,4.999978299121714e-05,0.00024499987232492874,4.9999782991217165e-05,0.0,0.0,_406-92234_n,PQ,1.0,1.0,1.0,119.99994404998696,1000000.0,0.95,1.05,0,0,ab,False,True,False,47.6706456545157,-117.391501422036
210,0.0,0.0,0.0,0.0,0.0,0.0,_409-23023_n_sec,PQ,1.0,1.0,1.0,119.99994404998696,1000000.0,0.95,1.05,0,0,ab,False,False,False,47.670082162304,-117.394336728221
211,0.0003399998058268828,6.999967851590085e-05,0.000339999805826881,6.999967851589942e-05,0.0,0.0,_406-92185_n,PQ,1.0,1.0,1.0,119.99994404998696,1000000.0,0.95,1.05,0,0,ab,False,True,False,47.6704047150194,-117.394161123576
212,0.0002699998541969152,5.4999746257015045e-05,0.00026999985419691485,5.499974625701448e-05,0.0,0.0,_406-1855059_n,PQ,1.0,1.0,1.0,119.99994404998696,1000000.0,0.95,1.05,0,0,ab,False,True,False,47.6702348047371,-117.394616845146
213,0.00031999980235257296,6.499969616922381e-05,0.0003199998023525673,6.499969616922037e-05,0.0,0.0,_406-92187_n,PQ,1.0,1.0,1.0,119.99994404998696,1000000.0,0.95,1.05,0,0,ab,False,True,False,47.6704259691208,-117.393694709164
214,0.000284999844797726,5.9999730490011273e-05,0.0002849998447977254,5.999973049001056e-05,0.0,0.0,_406-92194_n,PQ,1.0,1.0,1.0,119.99994404998696,1000000.0,0.95,1.05,0,0,ab,False,True,False,47.6698783622054,-117.394635458936
215,0.0002499998596069406,4.9999765059138925e-05,0.0002499998596069398,4.9999765059138125e-05,0.0,0.0,_406-92191_n,PQ,1.0,1.0,1.0,119.99994404998696,1000000.0,0.95,1.05,0,0,ab,False,True,False,47.6697893159889,-117.393972689879
216,0.00013499992739574138,2.499987509661058e-05,0.00013499992739574127,2.4999875096610324e-05,0.0,0.0,_406-92184_n,PQ,1.0,1.0,1.0,119.99994404998696,1000000.0,0.95,1.05,0,0,ab,False,True,False,47.6702708860583,-117.394326236915
217,0.0,0.0,0.0,0.0,0.0,0.0,_500-2970209_n,PQ,1.0,1.0,1.0,119.99994404998696,1000000.0,0.95,1.05,0,0,ab,False,False,False,47.6700696827282,-117.394295791105
218,0.0006899992781063659,0.00013999930700480106,0.0006899992781061481,0.00013999930700468375,0.0,0.0,_406-92189_n,PQ,1.0,1.0,1.0,119.99994404998696,1000000.0,0.95,1.05,0,0,ab,False,True,False,47.6699084757348,-117.393690702034
219,0.00013999986028828486,2.999985826591113e-05,0.0001399998602882441,2.9999858265888584e-05,0.0,0.0,_406-92190_n,PQ,1.0,1.0,1.0,119.99994404998696,1000000.0,0.95,1.05,0,0,ab,False,True,False,47.6698467335203,-117.393728646391
220,2.4999987311301626e-05,4.999976684359606e-06,2.499998731130162e-05,4.999976684359559e-06,0.0,0.0,_406-769000_n,PQ,1.0,1.0,1.0,119.99994404998696,1000000.0,0.95,1.05,0,0,ab,False,True,False,47.6701719289184,-117.394429444718
221,0.0004099997454292362,8.499960921970863e-05,0.0004099997454292278,8.499960921970366e-05,0.0,0.0,_406-92188_n,PQ,1.0,1.0,1.0,119.99994404998696,1000000.0,0.95,1.05,0,0,ab,False,True,False,47.6702213760293,-117.393701456944
222,0.0001499999190036609,2.999985946088531e-05,0.00014999991900366069,2.999985946088501e-05,0.0,0.0,_406-92186_n,PQ,1.0,1.0,1.0,119.99994404998696,1000000.0,0.95,1.05,0,0,ab,False,True,False,47.6704266534607,-117.394022183539
223,0.0010999992256611932,0.00021999894593404103,0.0010999992256611293,0.0002199989459340052,0.0,0.0,_406-92192_n,PQ,1.0,1.0,1.0,119.99994404998696,1000000.0,0.95,1.05,0,0,ab,False,True,False,47.6698582099834,-117.394196716465
224,0.0002799998437975295,5.4999737773011134e-05,0.00027999984379752893,5.4999737773010436e-05,0.0,0.0,_406-92193_n,PQ,1.0,1.0,1.0,119.99994404998696,1000000.0,0.95,1.05,0,0,ab,False,True,False,47.6697820144839,-117.394416682565
225,0.0,0.0,0.0,0.0,0.0,0.0,_409-1374934_n_sec,PQ,1.0,1.0,1.0,119.99994404998696,1000000.0,0.95,1.05,0,0,ab,False,False,False,47.6700781530694,-117.395423607179
226,0.00011499994151495213,2.4999892636102833e-05,0.00011499994151495208,2.4999892636102647e-05,0.0,0.0,_406-92182_n,PQ,1.0,1.0,1.0,119.99994404998696,1000000.0,0.95,1.05,0,0,ab,False,True,False,47.6703407447105,-117.395227439299
227,0.00019499989843577178,3.9999819462188435e-05,0.00019499989843577175,3.999981946218806e-05,0.0,0.0,_406-92200_n,PQ,1.0,1.0,1.0,119.99994404998696,1000000.0,0.95,1.05,0,0,ab,False,True,False,47.669892078662,-117.395322301114
228,0.001279999025685303,0.00024999878449919735,0.0012799990256851814,0.0002499987844991306,0.0,0.0,_406-92180_n,PQ,1.0,1.0,1.0,119.99994404998696,1000000.0,0.95,1.05,0,0,ab,False,True,False,47.6702344971701,-117.395707437259
229,0.0001949998961804876,3.999981916393135e-05,0.00019499989618048755,3.999981916393103e-05,0.0,0.0,_406-92181_n,PQ,1.0,1.0,1.0,119.99994404998696,1000000.0,0.95,1.05,0,0,ab,False,True,False,47.670379434989,-117.395429384433
230,0.0,0.0,0.0,0.0,0.0,0.0,_409-23083_n_sec,PQ,1.0,1.0,1.0,119.99994404998696,1000000.0,0.95,1.05,0,0,ab,False,False,False,47.6700755702603,-117.396282037847
231,0.0019049987306790906,0.00038499805530618905,0.0019049987306790155,0.0003849980553061365,0.0,0.0,_406-92381_n,PQ,1.0,1.0,1.0,119.99994404998696,1000000.0,0.95,1.05,0,0,ab,False,True,False,47.6701918331264,-117.396335927332
232,0.0,0.0,0.0,0.0,0.0,0.0,_500-2984550_n,PQ,1.0,1.0,1.0,119.99994404998696,1000000.0,0.95,1.05,0,0,ab,False,False,False,47.6700606756963,-117.395965267954
233,0.0,0.0,0.0,0.0,0.0,0.0,_500-2984552_n,PQ,1.0,1.0,1.0,119.99994404998696,1000000.0,0.95,1.05,0,0,ab,False,False,False,47.670281024615,-117.395968678695
234,0.0007349984485208166,0.00014999910818431242,0.0007349984485199839,0.00014999910818386443,0.0,0.0,_406-2259716_n,PQ,1.0,1.0,1.0,119.99994404998696,1000000.0,0.95,1.05,0,0,ab,False,True,False,47.6702499094417,-117.396051876646
235,0.0007849983233217802,0.0001599990454009907,0.0007849983233208765,0.00015999904540050489,0.0,0.0,_406-91618_n,PQ,1.0,1.0,1.0,119.99994404998696,1000000.0,0.95,1.05,0,0,ab,False,True,False,47.6702977905923,-117.396074425105
236,0.0,0.0,0.0,0.0,0.0,0.0,_500-2984511_n,PQ,1.0,1.0,1.0,119.99994404998696,1000000.0,0.95,1.05,0,0,ab,False,False,False,47.6700607089554,-117.395907251824
237,6.999991208020533e-05,1.4999921855012493e-05,6.999991208016804e-05,1.4999921854991658e-05,0.0,0.0,_406-1965846_n,PQ,1.0,1.0,1.0,119.99994404998696,1000000.0,0.95,1.05,0,0,ab,False,True,False,47.6701372527252,-117.395920127802
238,1.999997565453921e-05,4.999976685008641e-06,1.999997565452879e-05,4.999976685002343e-06,0.0,0.0,_406-92360_n,PQ,1.0,1.0,1.0,119.99994404998696,1000000.0,0.95,1.05,0,0,ab,False,True,False,47.6700190263492,-117.39594316567
239,0.0022699980880458706,0.00045999763013338283,0.00226999808804552,0.00045999763013318,0.0,0.0,_406-92247_n,PQ,1.0,1.0,1.0,119.99994404998696,1000000.0,0.95,1.05,0,0,ab,False,True,False,47.6699396360375,-117.396147789932
240,0.0,0.0,0.0,0.0,0.0,0.0,_409-1487587_n_sec,PQ,1.0,1.0,1.0,119.99994404998696,1000000.0,0.95,1.05,0,0,abc,False,False,False,47.6700705918066,-117.396733759143
241,0.0002466666261179012,4.9999842091117127e-05,0.0002466665732209612,4.99998903619107e-05,0.00024666653645865423,4.9999781706636e-05,_406-92309_n,PQ,1.0,1.0,1.0,119.99994404998696,1000000.0,0.95,1.05,0,0,abc,False,True,False,47.6698831875977,-117.396806657515
242,0.001936663979270072,0.0003933313031520637,0.0019366644710916753,0.00039333230023648447,0.0019366629612378517,0.00039333109575075684,_406-92694_n,PQ,1.0,1.0,1.0,119.99994404998696,1000000.0,0.95,1.05,0,0,abc,False,True,False,47.6704021917651,-117.396841074455
243,0.0008133330899446183,0.00016666609457075777,0.0008133329545989098,0.00016666631222353657,0.0008133327056170585,0.00016666590225351501,_406-92307_n,PQ,1.0,1.0,1.0,119.99994404998696,1000000.0,0.95,1.05,0,0,abc,False,True,False,47.6697564168068,-117.397000091623
244,7.666665552902875e-05,1.6666617716525452e-05,7.66666385780772e-05,1.666663198573383e-05,7.66666287701583e-05,1.666659848308245e-05,_406-2711374_n,PQ,1.0,1.0,1.0,119.99994404998696,1000000.0,0.95,1.05,0,0,abc,False,True,False,47.6698991686054,-117.396701938841
245,0.0,0.0,0.0,0.0,0.0,0.0,_500-3458842_n,PQ,1.0,1.0,1.0,119.99994404998696,1000000.0,0.95,1.05,0,0,abc,False,False,False,47.6697487049298,-117.396771983033
246,6.999998843524846e-05,1.3333288980152854e-05,6.999997347448709e-05,1.3333302540605304e-05,6.999996333900208e-05,1.3333272151639342e-05,_406-2030483_n,PQ,1.0,1.0,1.0,119.99994404998696,1000000.0,0.95,1.05,0,0,abc,False,True,False,47.6696700701491,-117.39673360984
247,0.0014699994828229772,0.00029999893645509006,0.00146999926845566,0.00029999935950294083,0.001469998755615826,0.00029999859699371065,_406-92310_n,PQ,1.0,1.0,1.0,119.99994404998696,1000000.0,0.95,1.05,0,0,abc,False,True,False,47.6698442613243,-117.396809232685
248,0.0,0.0,0.0,0.0,0.0,0.0,_409-23044_n_sec,PQ,1.0,1.0,1.0,119.99994404998696,1000000.0,0.95,1.05,0,0,ab,False,False,False,47.6700735117503,-117.397357324854
249,0.0,0.0,0.0,0.0,0.0,0.0,_500-3458844_n,PQ,1.0,1.0,1.0,119.99994404998696,1000000.0,0.95,1.05,0,0,ab,False,False,False,47.6700584875404,-117.39756409895
250,0.0008849997573645767,0.00018499940477958155,0.0008849997573645262,0.0001849994047795534,0.0,0.0,_406-92304_n,PQ,1.0,1.0,1.0,119.99994404998696,1000000.0,0.95,1.05,0,0,ab,False,True,False,47.6699102868779,-117.39762511848
251,0.0,0.0,0.0,0.0,0.0,0.0,_500-3243138_n,PQ,1.0,1.0,1.0,119.99994404998696,1000000.0,0.95,1.05,0,0,ab,False,False,False,47.670067412636,-117.39733942748
252,0.0,0.0,0.0,0.0,0.0,0.0,_500-3458843_n,PQ,1.0,1.0,1.0,119.99994404998696,1000000.0,0.95,1.05,0,0,ab,False,False,False,47.670055240549,-117.397077594411
253,0.0010999993416945322,0.00021999921794097917,0.0010999993416941345,0.00021999921794076433,0.0,0.0,_406-92306_n,PQ,1.0,1.0,1.0,119.99994404998696,1000000.0,0.95,1.05,0,0,ab,False,True,False,47.6698523914229,-117.397242459287
254,0.0002299999051174654,4.499984247061966e-05,0.0002299999051174194,4.499984247059491e-05,0.0,0.0,_406-92313_n,PQ,1.0,1.0,1.0,119.99994404998696,1000000.0,0.95,1.05,0,0,ab,False,True,False,47.6703112822668,-117.397225719611
255,0.0,0.0,0.0,0.0,0.0,0.0,_500-3458845_n,PQ,1.0,1.0,1.0,119.99994404998696,1000000.0,0.95,1.05,0,0,ab,False,False,False,47.6700210526564,-117.397358376448
256,0.001184999747347017,0.00023999921474405196,0.0011849997473470009,0.00023999921474404196,0.0,0.0,_406-2525652_n,PQ,1.0,1.0,1.0,119.99994404998696,1000000.0,0.95,1.05,0,0,ab,False,True,False,47.6699999755844,-117.397477184596
257,0.0001499999748319119,2.9999901603103613e-05,0.00014999997483191183,2.9999901603103318e-05,0.0,0.0,_406-92312_n,PQ,1.0,1.0,1.0,119.99994404998696,1000000.0,0.95,1.05,0,0,ab,False,True,False,47.6703717884693,-117.397501236829
258,0.0,0.0,0.0,0.0,0.0,0.0,_402-36570_sn,PQ,1.0,1.0,1.0,7621.02355330306,1000000.0,0.95,1.05,0,0,abc,False,False,False,47.6689964172827,-117.397926177296
259,0.0,0.0,0.0,0.0,0.0,0.0,_402-36570_ln,PQ,1.0,1.0,1.0,7621.02355330306,1000000.0,0.95,1.05,0,0,abc,False,False,False,47.6689964172827,-117.397926177296
260,0.0,0.0,0.0,0.0,0.0,0.0,_409-23060_n,PQ,1.0,1.0,1.0,7621.02355330306,1000000.0,0.95,1.05,0,0,abc,False,False,False,47.6689894644126,-117.397546197167
261,0.0,0.0,0.0,0.0,0.0,0.0,_409-22703_n,PQ,1.0,1.0,1.0,7621.02355330306,1000000.0,0.95,1.05,0,0,abc,False,False,False,47.6689795207437,-117.397128794792
262,0.0,0.0,0.0,0.0,0.0,0.0,_409-22703_n_sec,PQ,1.0,1.0,1.0,119.99994404998696,1000000.0,0.95,1.05,0,0,abc,False,False,False,47.6689795207437,-117.397128794792
263,0.0,0.0,0.0,0.0,0.0,0.0,_500-3492705_n,PQ,1.0,1.0,1.0,119.99994404998696,1000000.0,0.95,1.05,0,0,abc,False,False,False,47.6689894334392,-117.397046413054
264,0.0005733332349658527,0.00011666630971187237,0.0005733331109499854,0.00011666640915863183,0.0005733330360029729,0.00011666616509203299,_406-92666_n,PQ,1.0,1.0,1.0,119.99994404998696,1000000.0,0.95,1.05,0,0,abc,False,True,False,47.6690068277265,-117.39700864159
265,6.666665527872889e-05,1.3333291983007331e-05,6.666664085084342e-05,1.3333303478333618e-05,6.66666322850557e-05,1.3333275246389555e-05,_406-92667_n,PQ,1.0,1.0,1.0,119.99994404998696,1000000.0,0.95,1.05,0,0,abc,False,True,False,47.6690072958578,-117.396844961781
266,0.0007566663861229742,0.0001533327996736998,0.0007566662773849218,0.00015333299724088316,0.0007566660363365862,0.0001533326214859756,_406-92670_n,PQ,1.0,1.0,1.0,119.99994404998696,1000000.0,0.95,1.05,0,0,abc,False,True,False,47.6693686393395,-117.396768462662
267,0.0,0.0,0.0,0.0,0.0,0.0,_409-1262899_n,PQ,1.0,1.0,1.0,7621.02355330306,1000000.0,0.95,1.05,0,0,abc,False,False,False,47.6689786800496,-117.397094112427
268,0.0,0.0,0.0,0.0,0.0,0.0,_409-1262899_n_sec,PQ,1.0,1.0,1.0,119.99994404998696,1000000.0,0.95,1.05,0,0,abc,False,False,False,47.6689782891685,-117.396996130381
269,0.0,0.0,0.0,0.0,0.0,0.0,_500-2987474_n,PQ,1.0,1.0,1.0,119.99994404998696,1000000.0,0.95,1.05,0,0,abc,False,False,False,47.6689731775817,-117.396981363675
270,0.003046652969427641,0.0006166609767113643,0.0030466571818658548,0.0006166635585960534,0.0030466533745044117,0.0006166618043192239,_406-2050947_n,PQ,1.0,1.0,1.0,119.99994404998696,1000000.0,0.95,1.05,0,0,abc,False,True,False,47.6687910852126,-117.396871381194
271,0.0,0.0,0.0,0.0,0.0,0.0,_403-39761_sn,PQ,1.0,1.0,1.0,7621.02355330306,1000000.0,0.95,1.05,0,0,abc,False,False,False,47.6689791192115,-117.396665920019
272,0.0,0.0,0.0,0.0,0.0,0.0,_403-39761_ln,PQ,1.0,1.0,1.0,7621.02355330306,1000000.0,0.95,1.05,0,0,abc,False,False,False,47.6689791192115,-117.396665920019
273,0.0,0.0,0.0,0.0,0.0,0.0,_409-23029_n,PQ,1.0,1.0,1.0,7621.02355330306,1000000.0,0.95,1.05,0,0,abc,False,False,False,47.6689913393254,-117.396085203158
274,0.0,0.0,0.0,0.0,0.0,0.0,_409-23066_n,PQ,1.0,1.0,1.0,7621.02355330306,1000000.0,0.95,1.05,0,0,abc,False,False,False,47.6689909819025,-117.39577853517
275,0.0,0.0,0.0,0.0,0.0,0.0,_409-23100_n,PQ,1.0,1.0,1.0,7621.02355330306,1000000.0,0.95,1.05,0,0,abc,False,False,False,47.6689890519347,-117.393912711681
276,0.0,0.0,0.0,0.0,0.0,0.0,_500-15224_n,PQ,1.0,1.0,1.0,7621.02355330306,1000000.0,0.95,1.05,0,0,abc,False,False,False,47.6689893103173,-117.39388024645
277,0.0,0.0,0.0,0.0,0.0,0.0,_409-23100_n_sec,PQ,1.0,1.0,1.0,119.99994404998696,1000000.0,0.95,1.05,0,0,abc,False,False,False,47.6689890519347,-117.393912711681
278,0.0,0.0,0.0,0.0,0.0,0.0,_406-2306747_n,PQ,1.0,1.0,1.0,119.99994404998696,1000000.0,0.95,1.05,0,0,abc,False,True,False,47.6690030215164,-117.393879910844
279,0.0015133325880579958,0.0003066655315244586,0.001513332427770086,0.00030666598736924406,0.0015133318167071797,0.00030666518302378994,_406-92765_n,PQ,1.0,1.0,1.0,119.99994404998696,1000000.0,0.95,1.05,0,0,abc,False,True,False,47.6687209139861,-117.394021918349
280,0.0,0.0,0.0,0.0,0.0,0.0,_409-23066_n_sec,PQ,1.0,1.0,1.0,119.99994404998696,1000000.0,0.95,1.05,0,0,ab,False,False,False,47.6689844491565,-117.394556694115
281,0.0007849989609436909,0.00015999917030740395,0.0007849989609432557,0.00015999917030716808,0.0,0.0,_406-92212_n,PQ,1.0,1.0,1.0,119.99994404998696,1000000.0,0.95,1.05,0,0,ab,False,True,False,47.6686203047951,-117.393619985007
282,0.0,0.0,0.0,0.0,0.0,0.0,_500-3983517_n,PQ,1.0,1.0,1.0,119.99994404998696,1000000.0,0.95,1.05,0,0,ab,False,False,False,47.6690050043543,-117.395109799851
283,0.0009849986953687038,0.00018999896936276931,0.0009849986953681666,0.00018999896936248037,0.0,0.0,_406-2891192_n,PQ,1.0,1.0,1.0,119.99994404998696,1000000.0,0.95,1.05,0,0,ab,False,True,False,47.6690185130745,-117.395145110104
284,0.00018499977250034015,3.9999802756389676e-05,0.0001849997725002499,3.999980275633886e-05,0.0,0.0,_406-92196_n,PQ,1.0,1.0,1.0,119.99994404998696,1000000.0,0.95,1.05,0,0,ab,False,True,False,47.6690073218044,-117.395421411493
285,9.999994870565485e-05,1.9999905231599823e-05,9.999994870565482e-05,1.9999905231599426e-05,0.0,0.0,_406-92201_n,PQ,1.0,1.0,1.0,119.99994404998696,1000000.0,0.95,1.05,0,0,ab,False,True,False,47.6692741522562,-117.394429400351
286,0.00025499985466383737,4.999975719826888e-05,0.00025499985466383607,4.9999757198267215e-05,0.0,0.0,_406-92203_n,PQ,1.0,1.0,1.0,119.99994404998696,1000000.0,0.95,1.05,0,0,ab,False,True,False,47.6692802821567,-117.394023020551
287,0.00031999982623210824,6.499969470558424e-05,0.0003199998262321076,6.499969470558263e-05,0.0,0.0,_406-92230_n,PQ,1.0,1.0,1.0,119.99994404998696,1000000.0,0.95,1.05,0,0,ab,False,True,False,47.668730749021,-117.394426546882
288,0.0,0.0,0.0,0.0,0.0,0.0,_406-2306746_n,PQ,1.0,1.0,1.0,119.99994404998696,1000000.0,0.95,1.05,0,0,ab,False,True,False,47.6689951942805,-117.39452402277
289,0.0,0.0,0.0,0.0,0.0,0.0,_500-3220070_n,PQ,1.0,1.0,1.0,119.99994404998696,1000000.0,0.95,1.05,0,0,ab,False,False,False,47.669179042894,-117.393885086361
290,0.00019999987370585974,3.999980729366679e-05,0.00019999987370585457,3.999980729366329e-05,0.0,0.0,_406-92204_n,PQ,1.0,1.0,1.0,119.99994404998696,1000000.0,0.95,1.05,0,0,ab,False,True,False,47.6691748222267,-117.393745373869
291,0.00010499993357684094,1.9999899698854777e-05,0.00010499993357683834,1.9999899698853056e-05,0.0,0.0,_406-92233_n,PQ,1.0,1.0,1.0,119.99994404998696,1000000.0,0.95,1.05,0,0,ab,False,True,False,47.6692246687169,-117.393775009714
292,0.0,0.0,0.0,0.0,0.0,0.0,_500-3087972_n,PQ,1.0,1.0,1.0,119.99994404998696,1000000.0,0.95,1.05,0,0,ab,False,False,False,47.6694351138759,-117.394701540427
293,4.999996512828053e-05,-4.093162345242263e-11,4.999996512828041e-05,-4.093162365848002e-11,0.0,0.0,_406-2102383_n,PQ,1.0,1.0,1.0,119.99994404998696,1000000.0,0.95,1.05,0,0,ab,False,True,False,47.6694467674104,-117.394718895016
294,4.9999965480716344e-05,-4.088499088794606e-11,4.9999965480716256e-05,-4.088499108689803e-11,0.0,0.0,_406-2101886_n,PQ,1.0,1.0,1.0,119.99994404998696,1000000.0,0.95,1.05,0,0,ab,False,True,False,47.6694359493879,-117.394740497237
295,0.0002499998656694708,4.999976227455217e-05,0.0002499998656694704,4.9999762274551044e-05,0.0,0.0,_406-92231_n,PQ,1.0,1.0,1.0,119.99994404998696,1000000.0,0.95,1.05,0,0,ab,False,True,False,47.668698525046,-117.394629948141
296,0.0002449998769663275,4.999976740027994e-05,0.0002449998769663274,4.9999767400278916e-05,0.0,0.0,_406-2360853_n,PQ,1.0,1.0,1.0,119.99994404998696,1000000.0,0.95,1.05,0,0,ab,False,True,False,47.6690513198848,-117.39454704385
297,0.0001699999118922874,3.4999838006282674e-05,0.00016999991189228734,3.4999838006281976e-05,0.0,0.0,_406-92232_n,PQ,1.0,1.0,1.0,119.99994404998696,1000000.0,0.95,1.05,0,0,ab,False,True,False,47.6692655277083,-117.394609816923
298,0.0003299997981783212,6.499968377753648e-05,0.0003299997981783155,6.499968377753221e-05,0.0,0.0,_406-92205_n,PQ,1.0,1.0,1.0,119.99994404998696,1000000.0,0.95,1.05,0,0,ab,False,True,False,47.6686778355633,-117.395208530331
299,0.0002499998627854858,4.999976189640185e-05,0.00024999986278548514,4.9999761896400645e-05,0.0,0.0,_406-92202_n,PQ,1.0,1.0,1.0,119.99994404998696,1000000.0,0.95,1.05,0,0,ab,False,True,False,47.6692725764058,-117.394224801052
300,0.0,0.0,0.0,0.0,0.0,0.0,_409-23029_n_sec,PQ,1.0,1.0,1.0,119.99994404998696,1000000.0,0.95,1.05,0,0,abc,False,False,False,47.6689913393254,-117.396085203158
301,0.0,0.0,0.0,0.0,0.0,0.0,_500-3235504_n,PQ,1.0,1.0,1.0,119.99994404998696,1000000.0,0.95,1.05,0,0,abc,False,False,False,47.6688624967272,-117.396332729446
302,0.0,0.0,0.0,0.0,0.0,0.0,_500-2251096_n,PQ,1.0,1.0,1.0,119.99994404998696,1000000.0,0.95,1.05,0,0,abc,False,False,False,47.6693878123719,-117.396138625794
303,8.666665178821883e-05,1.6666612157966515e-05,8.666663295435527e-05,1.6666627274989217e-05,8.666662198285266e-05,1.6666590496372576e-05,_406-92672_n,PQ,1.0,1.0,1.0,119.99994404998696,1000000.0,0.95,1.05,0,0,abc,False,True,False,47.6686929756338,-117.396227297937
304,0.001109999727982944,0.0002266659232477309,0.0011099995121112835,0.00022666616300770132,0.001109999270760078,0.00022666564532154246,_406-92671_n,PQ,1.0,1.0,1.0,119.99994404998696,1000000.0,0.95,1.05,0,0,abc,False,True,False,47.6689000582392,-117.396331641145
305,5.333332600375855e-05,1.3333298981075321e-05,5.3333313766283184e-05,1.3333307688625717e-05,5.333330828034412e-05,1.3333284510084145e-05,_406-92674_n,PQ,1.0,1.0,1.0,119.99994404998696,1000000.0,0.95,1.05,0,0,abc,False,True,False,47.6693920469542,-117.396294713573
306,0.0,0.0,0.0,0.0,0.0,0.0,_500-3347060_n,PQ,1.0,1.0,1.0,119.99994404998696,1000000.0,0.95,1.05,0,0,abc,False,False,False,47.6689723866203,-117.395740204869
307,0.00042333321107981077,8.66663751866478e-05,0.0004233331353216502,8.66664751590975e-05,0.00042333302481285595,8.66662705346253e-05,_406-92195_n,PQ,1.0,1.0,1.0,119.99994404998696,1000000.0,0.95,1.05,0,0,abc,False,True,False,47.6692544419839,-117.395602831537
308,0.0002066666164447652,4.333319465439883e-05,0.00020666657627249667,4.333323881696402e-05,0.00020666653248456175,4.3333142596859125e-05,_406-92229_n,PQ,1.0,1.0,1.0,119.99994404998696,1000000.0,0.95,1.05,0,0,abc,False,True,False,47.6687580896805,-117.395731261592
309,3.3333324207717815e-06,-1.907773826546888e-12,3.3333318192068004e-06,-1.2267795066467358e-12,3.333331186701622e-06,-2.504963251492853e-12,_406-92692_n,PQ,1.0,1.0,1.0,119.99994404998696,1000000.0,0.95,1.05,0,0,abc,False,True,False,47.6692733116749,-117.396305413868
310,0.0025399908304529098,0.0005166625114938641,0.0025399934974235285,0.0005166644401990299,0.0025399905932405216,0.0005166629000545192,_406-92691_n,PQ,1.0,1.0,1.0,119.99994404998696,1000000.0,0.95,1.05,0,0,abc,False,True,False,47.6692996521382,-117.396317858781
311,0.0,0.0,0.0,0.0,0.0,0.0,_409-23060_n_sec,PQ,1.0,1.0,1.0,119.99994404998696,1000000.0,0.95,1.05,0,0,ab,False,False,False,47.6689894644126,-117.397546197167
312,0.0012449991006790932,0.00024499928337478526,0.0012449991006786936,0.00024499928337456,0.0,0.0,_406-92276_n,PQ,1.0,1.0,1.0,119.99994404998696,1000000.0,0.95,1.05,0,0,ab,False,True,False,47.6693740083275,-117.397507602275
313,0.0005149997727609983,9.999972320025229e-05,0.000514999772760987,9.999972320024234e-05,0.0,0.0,_406-92275_n,PQ,1.0,1.0,1.0,119.99994404998696,1000000.0,0.95,1.05,0,0,ab,False,True,False,47.6693464831277,-117.397708673412
314,0.0021499949156294313,0.0004349982795169982,0.002149994915625622,0.0004349982795149602,0.0,0.0,_406-92277_n,PQ,1.0,1.0,1.0,119.99994404998696,1000000.0,0.95,1.05,0,0,ab,False,True,False,47.6693296789131,-117.397244872462
315,0.0,0.0,0.0,0.0,0.0,0.0,_402-1616327_sn,PQ,1.0,1.0,1.0,7621.02355330306,1000000.0,0.95,1.05,0,0,abc,False,False,False,47.6683208828113,-117.39791726571
316,0.0,0.0,0.0,0.0,0.0,0.0,_402-1616327_ln,PQ,1.0,1.0,1.0,7621.02355330306,1000000.0,0.95,1.05,0,0,abc,False,False,False,47.6683208828113,-117.39791726571
317,0.0,0.0,0.0,0.0,0.0,0.0,_500-3137447_n,PQ,1.0,1.0,1.0,7621.02355330306,1000000.0,0.95,1.05,0,0,c,False,False,False,47.6683208828113,-117.39791726571
318,0.0,0.0,0.0,0.0,0.0,0.0,_395-2277694_sn,PQ,1.0,1.0,1.0,7621.02355330306,1000000.0,0.95,1.05,0,0,c,False,False,False,47.6682593783048,-117.39718936037
319,0.0,0.0,0.0,0.0,0.0,0.0,_391-1850027_n,PQ,1.0,1.0,1.0,7621.02355330306,1000000.0,0.95,1.05,0,0,abc,False,False,False,47.6682786988039,-117.397195588439
320,0.0,0.0,0.0,0.0,0.0,0.0,_391-1850027_ln,PQ,1.0,1.0,1.0,119.99994404998696,1000000.0,0.95,1.05,0,0,abc,False,False,False,47.6682759703828,-117.397142099073
321,0.002746666066850339,0.0005566649203753828,0.002746665516852438,0.0005566654457326717,0.002746665012284445,0.0005566642220115061,_406-2232195_n,PQ,1.0,1.0,1.0,119.99994404998696,1000000.0,0.95,1.05,0,0,abc,False,True,False,47.6682113564024,-117.397144437651
322,0.0,0.0,0.0,0.0,0.0,0.0,_395-2277693_sn,PQ,1.0,1.0,1.0,7621.02355330306,1000000.0,0.95,1.05,0,0,b,False,False,False,47.6682786988039,-117.397195588439
323,0.0,0.0,0.0,0.0,0.0,0.0,_500-3137445_n,PQ,1.0,1.0,1.0,7621.02355330306,1000000.0,0.95,1.05,0,0,b,False,False,False,47.6683140805537,-117.397877947016
324,0.0,0.0,0.0,0.0,0.0,0.0,_395-2277692_sn,PQ,1.0,1.0,1.0,7621.02355330306,1000000.0,0.95,1.05,0,0,a,False,False,False,47.6682976881451,-117.39718519386
325,0.0,0.0,0.0,0.0,0.0,0.0,_500-3137443_n,PQ,1.0,1.0,1.0,7621.02355330306,1000000.0,0.95,1.05,0,0,a,False,False,False,47.6683208828113,-117.39791726571
326,0.0,0.0,0.0,0.0,0.0,0.0,_402-36889_sn,PQ,1.0,1.0,1.0,7621.02355330306,1000000.0,0.95,1.05,0,0,b,False,False,False,47.6679219464609,-117.398169096544
327,0.0,0.0,0.0,0.0,0.0,0.0,_402-36889_ln,PQ,1.0,1.0,1.0,7621.02355330306,1000000.0,0.95,1.05,0,0,b,False,False,False,47.6679219464609,-117.398169096544
328,0.0,0.0,0.0,0.0,0.0,0.0,_409-23014_n,PQ,1.0,1.0,1.0,7621.02355330306,1000000.0,0.95,1.05,0,0,b,False,False,False,47.667929373837,-117.398539242643
329,0.0,0.0,0.0,0.0,0.0,0.0,_409-23014_n_sec,PQ,1.0,1.0,1.0,119.99994404998696,1000000.0,0.95,1.05,0,0,ab,False,False,False,47.667929373837,-117.398539242643
330,0.0,0.0,0.0,0.0,0.0,0.0,_500-3097377_n,PQ,1.0,1.0,1.0,119.99994404998696,1000000.0,0.95,1.05,0,0,ab,False,False,False,47.6677319350694,-117.398560425731
331,0.00028499988380571283,5.9999866921525885e-05,0.0002849998838057106,5.9999866921524645e-05,0.0,0.0,_406-92266_n,PQ,1.0,1.0,1.0,119.99994404998696,1000000.0,0.95,1.05,0,0,ab,False,True,False,47.6677896582067,-117.398489072349
332,0.000264999889626028,5.499987636760737e-05,0.00026499988962602533,5.499987636760592e-05,0.0,0.0,_406-92260_n,PQ,1.0,1.0,1.0,119.99994404998696,1000000.0,0.95,1.05,0,0,ab,False,True,False,47.6675664329457,-117.398455497804
333,0.00024999990213676735,4.9999885120599915e-05,0.0002499999021367671,4.99998851205997e-05,0.0,0.0,_406-92271_n,PQ,1.0,1.0,1.0,119.99994404998696,1000000.0,0.95,1.05,0,0,ab,False,True,False,47.6681914697846,-117.398502457918
334,0.0,0.0,0.0,0.0,0.0,0.0,_500-4530134_n,PQ,1.0,1.0,1.0,119.99994404998696,1000000.0,0.95,1.05,0,0,ab,False,False,False,47.6679148062502,-117.398529702099
335,3.499998600164072e-05,4.999984873467044e-06,3.499998600164071e-05,4.999984873467019e-06,0.0,0.0,_406-3408325_n,PQ,1.0,1.0,1.0,119.99994404998696,1000000.0,0.95,1.05,0,0,ab,False,True,False,47.6678333182691,-117.397998388132
336,0.00011499995630374145,2.499994633591121e-05,0.00011499995630374142,2.4999946335911132e-05,0.0,0.0,_406-92262_n,PQ,1.0,1.0,1.0,119.99994404998696,1000000.0,0.95,1.05,0,0,ab,False,True,False,47.6676187687565,-117.398913248393
337,0.0001399999466288807,2.999993486286094e-05,0.00013999994662888067,2.9999934862860876e-05,0.0,0.0,_406-92261_n,PQ,1.0,1.0,1.0,119.99994404998696,1000000.0,0.95,1.05,0,0,ab,False,True,False,47.6676118921095,-117.39868529378
338,0.0,0.0,0.0,0.0,0.0,0.0,_500-3441489_n,PQ,1.0,1.0,1.0,119.99994404998696,1000000.0,0.95,1.05,0,0,ab,False,False,False,47.6678641868911,-117.398944692962
339,0.0,0.0,0.0,0.0,0.0,0.0,_406-2292992_n,PQ,1.0,1.0,1.0,119.99994404998696,1000000.0,0.95,1.05,0,0,ab,False,True,False,47.6678094033254,-117.399001128923
340,4.9999977489320796e-05,-1.838760219996516e-11,4.9999977489320796e-05,-1.8387602196412446e-11,0.0,0.0,_406-3360933_n,PQ,1.0,1.0,1.0,119.99994404998696,1000000.0,0.95,1.05,0,0,ab,False,True,False,47.6678596704045,-117.398389511967
341,9.499996456097562e-05,1.999995608271385e-05,9.499996456097562e-05,1.9999956082713866e-05,0.0,0.0,_406-92267_n,PQ,1.0,1.0,1.0,119.99994404998696,1000000.0,0.95,1.05,0,0,ab,False,True,False,47.6679953359055,-117.398497183034
342,0.0,0.0,0.0,0.0,0.0,0.0,_500-15212_n,PQ,1.0,1.0,1.0,7621.02355330306,1000000.0,0.95,1.05,0,0,b,False,False,False,47.6679300232848,-117.398571697565
343,0.0,0.0,0.0,0.0,0.0,0.0,_402-708672_sn,PQ,1.0,1.0,1.0,7621.02355330306,1000000.0,0.95,1.05,0,0,b,False,False,False,47.6679021193479,-117.39864156754
344,0.0,0.0,0.0,0.0,0.0,0.0,_402-708672_ln,PQ,1.0,1.0,1.0,7621.02355330306,1000000.0,0.95,1.05,0,0,b,False,False,False,47.6679021193479,-117.39864156754
345,0.0,0.0,0.0,0.0,0.0,0.0,_500-1328763_n,PQ,1.0,1.0,1.0,7621.02355330306,1000000.0,0.95,1.05,0,0,b,False,False,False,47.6679021193479,-117.39864156754
346,0.0,0.0,0.0,0.0,0.0,0.0,_395-1100672_sn,PQ,1.0,1.0,1.0,7621.02355330306,1000000.0,0.95,1.05,0,0,b,False,False,False,47.6679048125135,-117.399809140523
347,0.0,0.0,0.0,0.0,0.0,0.0,_391-828099_n,PQ,1.0,1.0,1.0,7621.02355330306,1000000.0,0.95,1.05,0,0,b,False,False,False,47.6679048125135,-117.399809140523
348,0.0,0.0,0.0,0.0,0.0,0.0,_391-828099_ln,PQ,1.0,1.0,1.0,119.99994404998696,1000000.0,0.95,1.05,0,0,ab,False,False,False,47.6679240183735,-117.399854169173
349,0.0,0.0,0.0,0.0,0.0,0.0,_500-3172147_n,PQ,1.0,1.0,1.0,119.99994404998696,1000000.0,0.95,1.05,0,0,ab,False,False,False,47.6680098162512,-117.399925510536
350,0.0017399991598581227,0.00035499908001507296,0.0017399991598580156,0.00035499908001500807,0.0,0.0,_406-1073029_n,PQ,1.0,1.0,1.0,119.99994404998696,1000000.0,0.95,1.05,0,0,ab,False,True,False,47.6680602943651,-117.399967479532
351,0.0,0.0,0.0,0.0,0.0,0.0,_402-36899_sn,PQ,1.0,1.0,1.0,7621.02355330306,1000000.0,0.95,1.05,0,0,abc,False,False,False,47.6673044822269,-117.397926210102
352,0.0,0.0,0.0,0.0,0.0,0.0,_402-36899_ln,PQ,1.0,1.0,1.0,7621.02355330306,1000000.0,0.95,1.05,0,0,abc,False,False,False,47.6673044822269,-117.397926210102
353,0.0,0.0,0.0,0.0,0.0,0.0,_500-15205_n,PQ,1.0,1.0,1.0,7621.02355330306,1000000.0,0.95,1.05,0,0,abc,False,False,False,47.6673196867357,-117.397331253292
354,0.0,0.0,0.0,0.0,0.0,0.0,_409-1258403_n,PQ,1.0,1.0,1.0,7621.02355330306,1000000.0,0.95,1.05,0,0,abc,False,False,False,47.6673190326158,-117.39728881503
355,0.0,0.0,0.0,0.0,0.0,0.0,_409-1258403_n_sec,PQ,1.0,1.0,1.0,119.99994404998696,1000000.0,0.95,1.05,0,0,ab,False,False,False,47.6673190326158,-117.39728881503
356,0.0,0.0,0.0,0.0,0.0,0.0,_500-3139959_n,PQ,1.0,1.0,1.0,119.99994404998696,1000000.0,0.95,1.05,0,0,ab,False,False,False,47.6675114029077,-117.397162648153
357,4.999996790943828e-05,-3.755539493610628e-11,4.999996790943826e-05,-3.7555394939658985e-11,0.0,0.0,_406-3142761_n,PQ,1.0,1.0,1.0,119.99994404998696,1000000.0,0.95,1.05,0,0,ab,False,True,False,47.6674659475925,-117.396701836075
358,0.0,0.0,0.0,0.0,0.0,0.0,_500-4530673_n,PQ,1.0,1.0,1.0,119.99994404998696,1000000.0,0.95,1.05,0,0,ab,False,False,False,47.6672878215018,-117.397985946384
359,4.9999967190960446e-05,-3.76506547716815e-11,4.999996719096038e-05,-3.765065477878694e-11,0.0,0.0,_406-2254611_n,PQ,1.0,1.0,1.0,119.99994404998696,1000000.0,0.95,1.05,0,0,ab,False,True,False,47.6672965765446,-117.398007874575
360,4.99999668735138e-05,-3.769292382571621e-11,4.999996687351372e-05,-3.7692923854137914e-11,0.0,0.0,_406-3360932_n,PQ,1.0,1.0,1.0,119.99994404998696,1000000.0,0.95,1.05,0,0,ab,False,True,False,47.6674861840218,-117.398265592202
361,0.00010499994638160808,1.9999908333880106e-05,0.00010499994638160801,1.9999908333880076e-05,0.0,0.0,_406-3175501_n,PQ,1.0,1.0,1.0,119.99994404998696,1000000.0,0.95,1.05,0,0,ab,False,True,False,47.6673031610336,-117.397269313012
362,0.0,0.0,0.0,0.0,0.0,0.0,_500-3418776_n,PQ,1.0,1.0,1.0,7621.02355330306,1000000.0,0.95,1.05,0,0,abc,False,False,False,47.6673174198171,-117.39690681934
363,0.0,0.0,0.0,0.0,0.0,0.0,_402-1786262_sn,PQ,1.0,1.0,1.0,7621.02355330306,1000000.0,0.95,1.05,0,0,abc,False,False,False,47.6672627865456,-117.396899961257
364,0.0,0.0,0.0,0.0,0.0,0.0,_402-1786262_ln,PQ,1.0,1.0,1.0,7621.02355330306,1000000.0,0.95,1.05,0,0,abc,False,False,False,47.6672627865456,-117.396899961257
365,0.0,0.0,0.0,0.0,0.0,0.0,_500-3418782_n,PQ,1.0,1.0,1.0,7621.02355330306,1000000.0,0.95,1.05,0,0,c,False,False,False,47.6672627865456,-117.396899961257
366,0.0,0.0,0.0,0.0,0.0,0.0,_395-2483454_sn,PQ,1.0,1.0,1.0,7621.02355330306,1000000.0,0.95,1.05,0,0,c,False,False,False,47.6672150798573,-117.396767894383
367,0.0,0.0,0.0,0.0,0.0,0.0,_391-2042005_n,PQ,1.0,1.0,1.0,7621.02355330306,1000000.0,0.95,1.05,0,0,abc,False,False,False,47.6672634816524,-117.396721097095
368,0.0,0.0,0.0,0.0,0.0,0.0,_395-2483455_ln,PQ,1.0,1.0,1.0,7621.02355330306,1000000.0,0.95,1.05,0,0,a,False,False,False,47.667282581171,-117.396728265106
369,0.0,0.0,0.0,0.0,0.0,0.0,_395-2483456_sn,PQ,1.0,1.0,1.0,7621.02355330306,1000000.0,0.95,1.05,0,0,a,False,False,False,47.6672929805805,-117.395937718174
370,0.0,0.0,0.0,0.0,0.0,0.0,_391-2042008_n,PQ,1.0,1.0,1.0,7621.02355330306,1000000.0,0.95,1.05,0,0,abc,False,False,False,47.6672240098469,-117.395874333367
371,0.0,0.0,0.0,0.0,0.0,0.0,_395-2483462_ln,PQ,1.0,1.0,1.0,7621.02355330306,1000000.0,0.95,1.05,0,0,b,False,False,False,47.667278447825,-117.395798075687
372,0.0,0.0,0.0,0.0,0.0,0.0,_500-3419402_n,PQ,1.0,1.0,1.0,7621.02355330306,1000000.0,0.95,1.05,0,0,b,False,False,False,47.6672817602764,-117.395743978327
373,0.0,0.0,0.0,0.0,0.0,0.0,_402-1786263_sn,PQ,1.0,1.0,1.0,7621.02355330306,1000000.0,0.95,1.05,0,0,abc,False,False,False,47.6672953509601,-117.395708731301
374,0.0,0.0,0.0,0.0,0.0,0.0,_500-3419404_n,PQ,1.0,1.0,1.0,7621.02355330306,1000000.0,0.95,1.05,0,0,c,False,False,False,47.6672624268232,-117.395736006774
375,0.0,0.0,0.0,0.0,0.0,0.0,_395-2483463_ln,PQ,1.0,1.0,1.0,7621.02355330306,1000000.0,0.95,1.05,0,0,c,False,False,False,47.6672590602311,-117.395800782772
376,0.0,0.0,0.0,0.0,0.0,0.0,_402-1786263_ln,PQ,1.0,1.0,1.0,7621.02355330306,1000000.0,0.95,1.05,0,0,abc,False,False,False,47.6672953509601,-117.395708731301
377,0.0,0.0,0.0,0.0,0.0,0.0,_500-3419396_n,PQ,1.0,1.0,1.0,7621.02355330306,1000000.0,0.95,1.05,0,0,abc,False,False,False,47.6672953509601,-117.395708731301
378,0.0,0.0,0.0,0.0,0.0,0.0,_500-15208_n,PQ,1.0,1.0,1.0,7621.02355330306,1000000.0,0.95,1.05,0,0,abc,False,False,False,47.6673248529512,-117.395618946513
379,0.0,0.0,0.0,0.0,0.0,0.0,_403-1527929_sn,PQ,1.0,1.0,1.0,7621.02355330306,1000000.0,0.95,1.05,0,0,abc,False,False,False,47.6673453783645,-117.395645851107
380,0.0,0.0,0.0,0.0,0.0,0.0,_403-1527929_ln,PQ,1.0,1.0,1.0,7621.02355330306,1000000.0,0.95,1.05,0,0,abc,False,False,False,47.6673453783645,-117.395645851107
381,0.0,0.0,0.0,0.0,0.0,0.0,_409-22702_n,PQ,1.0,1.0,1.0,7621.02355330306,1000000.0,0.95,1.05,0,0,abc,False,False,False,47.6674211628101,-117.395745185853
382,0.0,0.0,0.0,0.0,0.0,0.0,_409-22702_n_sec,PQ,1.0,1.0,1.0,119.99994404998696,1000000.0,0.95,1.05,0,0,ab,False,False,False,47.6674211628101,-117.395745185853
383,0.00023499992462260288,4.999983581265376e-05,0.00023499992462259564,4.999983581264961e-05,0.0,0.0,_406-92206_n,PQ,1.0,1.0,1.0,119.99994404998696,1000000.0,0.95,1.05,0,0,ab,False,True,False,47.667500304151,-117.395700265053
384,0.0003249999143707124,6.499977704683857e-05,0.0003249999143707112,6.499977704683759e-05,0.0,0.0,_406-92228_n,PQ,1.0,1.0,1.0,119.99994404998696,1000000.0,0.95,1.05,0,0,ab,False,True,False,47.6674401294034,-117.396010407804
385,0.00035499991176211003,6.999975757391623e-05,0.00035499991176210965,6.999975757391557e-05,0.0,0.0,_406-92227_n,PQ,1.0,1.0,1.0,119.99994404998696,1000000.0,0.95,1.05,0,0,ab,False,True,False,47.667572255535,-117.395625425893
386,0.0,0.0,0.0,0.0,0.0,0.0,_500-3452354_n,PQ,1.0,1.0,1.0,119.99994404998696,1000000.0,0.95,1.05,0,0,ab,False,False,False,47.6672474819339,-117.395701978027
387,0.0,0.0,0.0,0.0,0.0,0.0,_500-3954607_n,PQ,1.0,1.0,1.0,119.99994404998696,1000000.0,0.95,1.05,0,0,ab,False,False,False,47.6671171389831,-117.39574615933
388,0.00019999995148620284,3.999986333796838e-05,0.00019999995148620267,3.999986333796803e-05,0.0,0.0,_406-92215_n,PQ,1.0,1.0,1.0,119.99994404998696,1000000.0,0.95,1.05,0,0,ab,False,True,False,47.6671731652012,-117.395683490387
389,0.0003849998807025848,7.999973235189829e-05,0.00038499988070257604,7.999973235189318e-05,0.0,0.0,_406-92249_n,PQ,1.0,1.0,1.0,119.99994404998696,1000000.0,0.95,1.05,0,0,ab,False,True,False,47.6674117763072,-117.395900945742
390,0.0,0.0,0.0,0.0,0.0,0.0,_500-1383160_n,PQ,1.0,1.0,1.0,119.99994404998696,1000000.0,0.95,1.05,0,0,ab,False,False,False,47.6678721488628,-117.395763677252
391,0.0003399997873848227,6.999974986860874e-05,0.0003399997873847245,6.999974986855538e-05,0.0,0.0,_406-92252_n,PQ,1.0,1.0,1.0,119.99994404998696,1000000.0,0.95,1.05,0,0,ab,False,True,False,47.6678199320117,-117.396252698475
392,0.0003999997303560718,7.999970494177451e-05,0.0003999997303559417,7.999970494170452e-05,0.0,0.0,_406-92251_n,PQ,1.0,1.0,1.0,119.99994404998696,1000000.0,0.95,1.05,0,0,ab,False,True,False,47.6676673463899,-117.396248842344
393,0.00010999997066857918,1.9999925343349528e-05,0.00010999997066857896,1.999992534334926e-05,0.0,0.0,_406-92248_n,PQ,1.0,1.0,1.0,119.99994404998696,1000000.0,0.95,1.05,0,0,ab,False,True,False,47.6675116454532,-117.395720837465
394,0.0,0.0,0.0,0.0,0.0,0.0,_409-23090_n,PQ,1.0,1.0,1.0,7621.02355330306,1000000.0,0.95,1.05,0,0,abc,False,False,False,47.667445612842,-117.39574546966
395,0.0,0.0,0.0,0.0,0.0,0.0,_403-36881_sn,PQ,1.0,1.0,1.0,7621.02355330306,1000000.0,0.95,1.05,0,0,abc,False,False,False,47.6678858574733,-117.395718828124
396,0.0,0.0,0.0,0.0,0.0,0.0,_403-36881_ln,PQ,1.0,1.0,1.0,7621.02355330306,1000000.0,0.95,1.05,0,0,c,False,False,False,47.6678858574733,-117.395718828124
397,0.0,0.0,0.0,0.0,0.0,0.0,_409-23086_n,PQ,1.0,1.0,1.0,7621.02355330306,1000000.0,0.95,1.05,0,0,c,False,False,False,47.667889634044,-117.394320091216
398,0.0,0.0,0.0,0.0,0.0,0.0,_409-23086_n_sec,PQ,1.0,1.0,1.0,119.99994404998696,1000000.0,0.95,1.05,0,0,ab,False,False,False,47.667889634044,-117.394320091216
399,0.00021499987711716645,4.4999795387464483e-05,0.00021499987711716637,4.499979538746441e-05,0.0,0.0,_406-92246_n,PQ,1.0,1.0,1.0,119.99994404998696,1000000.0,0.95,1.05,0,0,ab,False,True,False,47.6678110910769,-117.394602725966
400,0.00028999980118652103,5.999972025893966e-05,0.00028999980118651366,5.9999720258935826e-05,0.0,0.0,_406-92225_n,PQ,1.0,1.0,1.0,119.99994404998696,1000000.0,0.95,1.05,0,0,ab,False,True,False,47.6675780587601,-117.395231064024
401,0.00020499987799125027,3.9999806647485245e-05,0.00020499987799124991,3.999980664748509e-05,0.0,0.0,_406-92245_n,PQ,1.0,1.0,1.0,119.99994404998696,1000000.0,0.95,1.05,0,0,ab,False,True,False,47.6676584833894,-117.394642935771
402,0.00035999978096940173,7.49996559320533e-05,0.0003599997809694005,7.499965593205267e-05,0.0,0.0,_406-92243_n,PQ,1.0,1.0,1.0,119.99994404998696,1000000.0,0.95,1.05,0,0,ab,False,True,False,47.6676140822925,-117.394226770085
403,0.00013999992060365394,2.999986627411627e-05,0.00013999992060365388,2.999986627411625e-05,0.0,0.0,_406-92209_n,PQ,1.0,1.0,1.0,119.99994404998696,1000000.0,0.95,1.05,0,0,ab,False,True,False,47.6681743217243,-117.394134782357
404,0.00035499977770825396,6.999966312682861e-05,0.00035499977770825223,6.999966312682768e-05,0.0,0.0,_406-92208_n,PQ,1.0,1.0,1.0,119.99994404998696,1000000.0,0.95,1.05,0,0,ab,False,True,False,47.6682116669662,-117.394377181843
405,0.00029999981788753034,5.9999715378065657e-05,0.00029999981788752963,5.999971537806525e-05,0.0,0.0,_406-92244_n,PQ,1.0,1.0,1.0,119.99994404998696,1000000.0,0.95,1.05,0,0,ab,False,True,False,47.6675974372103,-117.394419391559
406,0.0002199998697272305,4.499979088864791e-05,0.00021999986972723022,4.499979088864772e-05,0.0,0.0,_406-92207_n,PQ,1.0,1.0,1.0,119.99994404998696,1000000.0,0.95,1.05,0,0,ab,False,True,False,47.6681690580353,-117.394574738637
407,0.0,0.0,0.0,0.0,0.0,0.0,_409-23085_n,PQ,1.0,1.0,1.0,7621.02355330306,1000000.0,0.95,1.05,0,0,c,False,False,False,47.6678782660007,-117.39390086167
408,0.0,0.0,0.0,0.0,0.0,0.0,_500-15214_n,PQ,1.0,1.0,1.0,7621.02355330306,1000000.0,0.95,1.05,0,0,c,False,False,False,47.667877264021,-117.393868446921
409,0.0,0.0,0.0,0.0,0.0,0.0,_409-23085_n_sec,PQ,1.0,1.0,1.0,119.99994404998696,1000000.0,0.95,1.05,0,0,ab,False,False,False,47.6678782660007,-117.39390086167
410,0.00019999988256791534,3.9999811177399815e-05,0.00019999988256791517,3.9999811177399754e-05,0.0,0.0,_406-92242_n,PQ,1.0,1.0,1.0,119.99994404998696,1000000.0,0.95,1.05,0,0,ab,False,True,False,47.6675937325859,-117.393986647813
411,0.00023499986429391544,4.99997759769566e-05,0.0002349998642939153,4.999977597695648e-05,0.0,0.0,_406-92236_n,PQ,1.0,1.0,1.0,119.99994404998696,1000000.0,0.95,1.05,0,0,ab,False,True,False,47.6679633451609,-117.393553924218
412,0.0004149997402301574,8.499960444374038e-05,0.0004149997402301549,8.499960444373912e-05,0.0,0.0,_406-92241_n,PQ,1.0,1.0,1.0,119.99994404998696,1000000.0,0.95,1.05,0,0,ab,False,True,False,47.6675883769626,-117.393809367164
413,0.000354999770457723,6.999966289386231e-05,0.00035499977045771975,6.999966289386056e-05,0.0,0.0,_406-92211_n,PQ,1.0,1.0,1.0,119.99994404998696,1000000.0,0.95,1.05,0,0,ab,False,True,False,47.6682094893468,-117.393559234941
414,0.0001349999197278061,2.4999874050004356e-05,0.00013499991972780603,2.499987405000431e-05,0.0,0.0,_406-92238_n,PQ,1.0,1.0,1.0,119.99994404998696,1000000.0,0.95,1.05,0,0,ab,False,True,False,47.6675843565017,-117.393548355574
415,0.00015999990519898353,2.999985046701066e-05,0.0001599999051989835,2.999985046701056e-05,0.0,0.0,_406-92210_n,PQ,1.0,1.0,1.0,119.99994404998696,1000000.0,0.95,1.05,0,0,ab,False,True,False,47.6681941652756,-117.393921986855
416,0.0002749998330352191,5.499973964595632e-05,0.00027499983303521834,5.4999739645956e-05,0.0,0.0,_406-92235_n,PQ,1.0,1.0,1.0,119.99994404998696,1000000.0,0.95,1.05,0,0,ab,False,True,False,47.6681162214228,-117.393568894457
417,0.0002099998798155935,4.49997996910493e-05,0.00020999987981559334,4.499979969104926e-05,0.0,0.0,_406-92237_n,PQ,1.0,1.0,1.0,119.99994404998696,1000000.0,0.95,1.05,0,0,ab,False,True,False,47.6677985921336,-117.393553725855
418,0.0,0.0,0.0,0.0,0.0,0.0,_409-23090_n_sec,PQ,1.0,1.0,1.0,119.99994404998696,1000000.0,0.95,1.05,0,0,abc,False,False,False,47.6678502380084,-117.395720983233
419,0.0,0.0,0.0,0.0,0.0,0.0,_500-3173285_n,PQ,1.0,1.0,1.0,119.99994404998696,1000000.0,0.95,1.05,0,0,abc,False,False,False,47.6679624601282,-117.395772056746
420,0.007722042571416496,0.001568908654791566,0.00780320251056567,0.0015853991053740935,0.0078065947809226495,0.0015860842327724972,_406-92762_n,PQ,1.0,1.0,1.0,119.99994404998696,1000000.0,0.95,1.05,0,0,abc,False,True,False,47.667949388685,-117.396188191668
421,0.0,0.0,0.0,0.0,0.0,0.0,_409-23063_n,PQ,1.0,1.0,1.0,7621.02355330306,1000000.0,0.95,1.05,0,0,abc,False,False,False,47.667324279991,-117.395136684726
422,0.0,0.0,0.0,0.0,0.0,0.0,_409-23063_n_sec,PQ,1.0,1.0,1.0,119.99994404998696,1000000.0,0.95,1.05,0,0,ab,False,False,False,47.667324279991,-117.395136684726
423,9.999995578848447e-05,1.9999949682752132e-05,9.999995578848447e-05,1.9999949682752166e-05,0.0,0.0,_406-92218_n,PQ,1.0,1.0,1.0,119.99994404998696,1000000.0,0.95,1.05,0,0,ab,False,True,False,47.6671855061626,-117.394912984841
424,0.0,0.0,0.0,0.0,0.0,0.0,_500-2797249_n,PQ,1.0,1.0,1.0,119.99994404998696,1000000.0,0.95,1.05,0,0,ab,False,False,False,47.6674365540896,-117.395055456928
425,0.0002899998661129606,5.999985218392113e-05,0.0002899998661129598,5.999985218392069e-05,0.0,0.0,_406-92226_n,PQ,1.0,1.0,1.0,119.99994404998696,1000000.0,0.95,1.05,0,0,ab,False,True,False,47.6675750254524,-117.395423878034
426,0.00033499984810116823,6.999982922071228e-05,0.0003349998481011678,6.999982922071212e-05,0.0,0.0,_406-92216_n,PQ,1.0,1.0,1.0,119.99994404998696,1000000.0,0.95,1.05,0,0,ab,False,True,False,47.6671251083222,-117.395045895092
427,0.0,0.0,0.0,0.0,0.0,0.0,_409-23019_n,PQ,1.0,1.0,1.0,7621.02355330306,1000000.0,0.95,1.05,0,0,abc,False,False,False,47.6673242382953,-117.395104812623
428,0.0,0.0,0.0,0.0,0.0,0.0,_409-23061_n,PQ,1.0,1.0,1.0,7621.02355330306,1000000.0,0.95,1.05,0,0,abc,False,False,False,47.6673305390497,-117.393774839563
429,0.0,0.0,0.0,0.0,0.0,0.0,_500-15210_n,PQ,1.0,1.0,1.0,7621.02355330306,1000000.0,0.95,1.05,0,0,abc,False,False,False,47.6673308414345,-117.393741951715
430,0.0,0.0,0.0,0.0,0.0,0.0,_403-39755_sn,PQ,1.0,1.0,1.0,7621.02355330306,1000000.0,0.95,1.05,0,0,abc,False,False,False,47.6673624581992,-117.393153555097
431,0.0,0.0,0.0,0.0,0.0,0.0,_403-39755_ln,PQ,1.0,1.0,1.0,7621.02355330306,1000000.0,0.95,1.05,0,0,abc,False,False,False,47.6673624581992,-117.393153555097
432,0.0,0.0,0.0,0.0,0.0,0.0,_500-3423255_n,PQ,1.0,1.0,1.0,7621.02355330306,1000000.0,0.95,1.05,0,0,abc,False,False,False,47.6679209361276,-117.393110088454
433,0.0,0.0,0.0,0.0,0.0,0.0,_402-1788186_sn,PQ,1.0,1.0,1.0,7621.02355330306,1000000.0,0.95,1.05,0,0,abc,False,False,False,47.6679737280226,-117.393088162884
434,0.0,0.0,0.0,0.0,0.0,0.0,_402-1788186_ln,PQ,1.0,1.0,1.0,7621.02355330306,1000000.0,0.95,1.05,0,0,abc,False,False,False,47.6679737280226,-117.393088162884
435,0.0,0.0,0.0,0.0,0.0,0.0,_500-3423261_n,PQ,1.0,1.0,1.0,7621.02355330306,1000000.0,0.95,1.05,0,0,c,False,False,False,47.6679737280226,-117.393088162884
436,0.0,0.0,0.0,0.0,0.0,0.0,_395-2485390_sn,PQ,1.0,1.0,1.0,7621.02355330306,1000000.0,0.95,1.05,0,0,c,False,False,False,47.6680390374351,-117.393033640248
437,0.0,0.0,0.0,0.0,0.0,0.0,_391-2042966_n,PQ,1.0,1.0,1.0,7621.02355330306,1000000.0,0.95,1.05,0,0,abc,False,False,False,47.6680410337103,-117.393062318285
438,0.0,0.0,0.0,0.0,0.0,0.0,_395-2485388_sn,PQ,1.0,1.0,1.0,7621.02355330306,1000000.0,0.95,1.05,0,0,a,False,False,False,47.6680505199148,-117.393087884351
439,0.0,0.0,0.0,0.0,0.0,0.0,_500-3423257_n,PQ,1.0,1.0,1.0,7621.02355330306,1000000.0,0.95,1.05,0,0,a,False,False,False,47.6679737280226,-117.393088162884
440,0.0,0.0,0.0,0.0,0.0,0.0,_395-2485393_ln,PQ,1.0,1.0,1.0,7621.02355330306,1000000.0,0.95,1.05,0,0,b,False,False,False,47.6680885135671,-117.392967586941
441,0.0,0.0,0.0,0.0,0.0,0.0,_395-2485394_sn,PQ,1.0,1.0,1.0,7621.02355330306,1000000.0,0.95,1.05,0,0,b,False,False,False,47.6680833734036,-117.392597689624
442,0.0,0.0,0.0,0.0,0.0,0.0,_391-33198_n,PQ,1.0,1.0,1.0,7621.02355330306,1000000.0,0.95,1.05,0,0,abc,False,False,False,47.6680640894356,-117.392591246273
443,0.0,0.0,0.0,0.0,0.0,0.0,_395-57699_ln,PQ,1.0,1.0,1.0,7621.02355330306,1000000.0,0.95,1.05,0,0,c,False,False,False,47.6680518480996,-117.392515262325
444,0.0,0.0,0.0,0.0,0.0,0.0,_395-57700_sn,PQ,1.0,1.0,1.0,7621.02355330306,1000000.0,0.95,1.05,0,0,c,False,False,False,47.6678135474693,-117.391780278822
445,0.0,0.0,0.0,0.0,0.0,0.0,_391-33240_n,PQ,1.0,1.0,1.0,7621.02355330306,1000000.0,0.95,1.05,0,0,abc,False,False,False,47.6678477429944,-117.391754334155
446,0.0,0.0,0.0,0.0,0.0,0.0,_395-57443_sn,PQ,1.0,1.0,1.0,7621.02355330306,1000000.0,0.95,1.05,0,0,b,False,False,False,47.6678329831045,-117.391774884805
447,0.0,0.0,0.0,0.0,0.0,0.0,_395-57444_ln,PQ,1.0,1.0,1.0,7621.02355330306,1000000.0,0.95,1.05,0,0,b,False,False,False,47.6680670862788,-117.392496615538
448,0.0,0.0,0.0,0.0,0.0,0.0,_395-57696_sn,PQ,1.0,1.0,1.0,7621.02355330306,1000000.0,0.95,1.05,0,0,a,False,False,False,47.6678477429944,-117.391754334155
449,0.0,0.0,0.0,0.0,0.0,0.0,_395-57697_ln,PQ,1.0,1.0,1.0,7621.02355330306,1000000.0,0.95,1.05,0,0,a,False,False,False,47.6680872007683,-117.392492994403
450,0.0,0.0,0.0,0.0,0.0,0.0,_391-33240_ln,PQ,1.0,1.0,1.0,119.99994404998696,1000000.0,0.95,1.05,0,0,abc,False,False,False,47.667817631359,-117.391727718758
451,0.009233213054529166,0.0018732944231993997,0.00923325312926474,0.0018733100093881413,0.009233232642238449,0.0018733062836115652,_406-92240_n,PQ,1.0,1.0,1.0,119.99994404998696,1000000.0,0.95,1.05,0,0,abc,False,True,False,47.6677826267295,-117.391917569716
452,0.0,0.0,0.0,0.0,0.0,0.0,_395-2485392_sn,PQ,1.0,1.0,1.0,7621.02355330306,1000000.0,0.95,1.05,0,0,a,False,False,False,47.6681024255355,-117.392587480655
453,0.0,0.0,0.0,0.0,0.0,0.0,_395-2485391_ln,PQ,1.0,1.0,1.0,7621.02355330306,1000000.0,0.95,1.05,0,0,a,False,False,False,47.6681077913975,-117.392973616409
454,0.0,0.0,0.0,0.0,0.0,0.0,_391-33198_ln,PQ,1.0,1.0,1.0,119.99994404998696,1000000.0,0.95,1.05,0,0,abc,False,False,False,47.6680819508405,-117.392544975532
455,0.004489991985133959,0.0009133279167131878,0.00448999367578369,0.0009133303507054581,0.004489990026347241,0.0009133275835606264,_406-92763_n,PQ,1.0,1.0,1.0,119.99994404998696,1000000.0,0.95,1.05,0,0,abc,False,True,False,47.6679330851113,-117.39255212605
456,0.0,0.0,0.0,0.0,0.0,0.0,_395-2485396_sn,PQ,1.0,1.0,1.0,7621.02355330306,1000000.0,0.95,1.05,0,0,c,False,False,False,47.6680640894356,-117.392591246273
457,0.0,0.0,0.0,0.0,0.0,0.0,_395-2485395_ln,PQ,1.0,1.0,1.0,7621.02355330306,1000000.0,0.95,1.05,0,0,c,False,False,False,47.6680693953648,-117.392973071009
458,0.0,0.0,0.0,0.0,0.0,0.0,_395-2485389_sn,PQ,1.0,1.0,1.0,7621.02355330306,1000000.0,0.95,1.05,0,0,b,False,False,False,47.6680410337103,-117.393062318285
459,0.0,0.0,0.0,0.0,0.0,0.0,_500-3423259_n,PQ,1.0,1.0,1.0,7621.02355330306,1000000.0,0.95,1.05,0,0,b,False,False,False,47.6680004612529,-117.393079168375
460,0.0,0.0,0.0,0.0,0.0,0.0,_403-264122_sn,PQ,1.0,1.0,1.0,7621.02355330306,1000000.0,0.95,1.05,0,0,abc,False,False,False,47.6683617501084,-117.393166293084
461,0.0,0.0,0.0,0.0,0.0,0.0,_403-264122_ln,PQ,1.0,1.0,1.0,7621.02355330306,1000000.0,0.95,1.05,0,0,abc,False,False,False,47.6683617501084,-117.393166293084
462,0.0,0.0,0.0,0.0,0.0,0.0,_402-36575_sn,PQ,1.0,1.0,1.0,7621.02355330306,1000000.0,0.95,1.05,0,0,abc,False,False,False,47.6683647011603,-117.393064934058
463,0.0,0.0,0.0,0.0,0.0,0.0,_402-36575_ln,PQ,1.0,1.0,1.0,7621.02355330306,1000000.0,0.95,1.05,0,0,abc,False,False,False,47.6683647011603,-117.393064934058
464,0.0,0.0,0.0,0.0,0.0,0.0,_409-704709_n,PQ,1.0,1.0,1.0,7621.02355330306,1000000.0,0.95,1.05,0,0,abc,False,False,False,47.6683750784383,-117.392708987612
465,0.0,0.0,0.0,0.0,0.0,0.0,_409-704709_n_sec,PQ,1.0,1.0,1.0,119.99994404998696,1000000.0,0.95,1.05,0,0,ab,False,False,False,47.6683750784383,-117.392708987612
466,0.0,0.0,0.0,0.0,0.0,0.0,_500-1907647_n,PQ,1.0,1.0,1.0,119.99994404998696,1000000.0,0.95,1.05,0,0,ab,False,False,False,47.6683749966726,-117.392157947927
467,0.0,0.0,0.0,0.0,0.0,0.0,_406-2901826_n,PQ,1.0,1.0,1.0,119.99994404998696,1000000.0,0.95,1.05,0,0,ab,False,True,False,47.6683953481225,-117.392136825869
468,1.4999993683794844e-05,4.999991112765513e-06,1.4999993683794846e-05,4.99999111276551e-06,0.0,0.0,_406-1346311_n,PQ,1.0,1.0,1.0,119.99994404998696,1000000.0,0.95,1.05,0,0,ab,False,True,False,47.6683264546212,-117.392201105722
469,0.0,0.0,0.0,0.0,0.0,0.0,_500-15219_n,PQ,1.0,1.0,1.0,7621.02355330306,1000000.0,0.95,1.05,0,0,abc,False,False,False,47.6683916013782,-117.392142295499
470,0.0,0.0,0.0,0.0,0.0,0.0,_402-1648646_sn,PQ,1.0,1.0,1.0,7621.02355330306,1000000.0,0.95,1.05,0,0,abc,False,False,False,47.66833851304,-117.392122014971
471,0.0,0.0,0.0,0.0,0.0,0.0,_402-1648646_ln,PQ,1.0,1.0,1.0,7621.02355330306,1000000.0,0.95,1.05,0,0,abc,False,False,False,47.66833851304,-117.392122014971
472,0.0,0.0,0.0,0.0,0.0,0.0,_500-3189672_n,PQ,1.0,1.0,1.0,7621.02355330306,1000000.0,0.95,1.05,0,0,b,False,False,False,47.6683123416144,-117.39210991461
473,0.0,0.0,0.0,0.0,0.0,0.0,_395-2314493_sn,PQ,1.0,1.0,1.0,7621.02355330306,1000000.0,0.95,1.05,0,0,b,False,False,False,47.6682591960355,-117.392089621108
474,0.0,0.0,0.0,0.0,0.0,0.0,_391-1885211_n,PQ,1.0,1.0,1.0,7621.02355330306,1000000.0,0.95,1.05,0,0,abc,False,False,False,47.6682512027476,-117.392115900084
475,0.0,0.0,0.0,0.0,0.0,0.0,_395-2314497_ln,PQ,1.0,1.0,1.0,7621.02355330306,1000000.0,0.95,1.05,0,0,b,False,False,False,47.6682078448792,-117.392000442602
476,0.0,0.0,0.0,0.0,0.0,0.0,_395-2314498_sn,PQ,1.0,1.0,1.0,7621.02355330306,1000000.0,0.95,1.05,0,0,b,False,False,False,47.6681885045255,-117.391695709372
477,0.0,0.0,0.0,0.0,0.0,0.0,_391-1885212_n,PQ,1.0,1.0,1.0,7621.02355330306,1000000.0,0.95,1.05,0,0,abc,False,False,False,47.6681689564477,-117.391691366512
478,0.0,0.0,0.0,0.0,0.0,0.0,_395-2314496_sn,PQ,1.0,1.0,1.0,7621.02355330306,1000000.0,0.95,1.05,0,0,a,False,False,False,47.6682070058808,-117.391683477001
479,0.0,0.0,0.0,0.0,0.0,0.0,_395-2314495_ln,PQ,1.0,1.0,1.0,7621.02355330306,1000000.0,0.95,1.05,0,0,a,False,False,False,47.6682273689078,-117.392004366431
480,0.0,0.0,0.0,0.0,0.0,0.0,_391-1885212_ln,PQ,1.0,1.0,1.0,277.1281292110204,1000000.0,0.95,1.05,0,0,abc,False,False,False,47.6681844894399,-117.391643365732
481,0.004509998622556218,0.0009166634038898358,0.004509997781797125,0.0009166643169007147,0.004509997008793879,0.0009166622913864926,_406-2272517_n,PQ,1.0,1.0,1.0,277.1281292110204,1000000.0,0.95,1.05,0,0,abc,False,True,False,47.6682493185175,-117.391588345858
482,0.0,0.0,0.0,0.0,0.0,0.0,_395-2314500_sn,PQ,1.0,1.0,1.0,7621.02355330306,1000000.0,0.95,1.05,0,0,c,False,False,False,47.6681689564477,-117.391691366512
483,0.0,0.0,0.0,0.0,0.0,0.0,_395-2314499_ln,PQ,1.0,1.0,1.0,7621.02355330306,1000000.0,0.95,1.05,0,0,c,False,False,False,47.6681890425035,-117.392007982484
484,0.0,0.0,0.0,0.0,0.0,0.0,_395-2314501_ln,PQ,1.0,1.0,1.0,7621.02355330306,1000000.0,0.95,1.05,0,0,a,False,False,False,47.6682593585438,-117.392058138764
485,0.0,0.0,0.0,0.0,0.0,0.0,_395-2314502_sn,PQ,1.0,1.0,1.0,7621.02355330306,1000000.0,0.95,1.05,0,0,a,False,False,False,47.6689629833451,-117.392042123665
486,0.0,0.0,0.0,0.0,0.0,0.0,_391-33189_n,PQ,1.0,1.0,1.0,7621.02355330306,1000000.0,0.95,1.05,0,0,abc,False,False,False,47.6689629833451,-117.392042123665
487,0.0,0.0,0.0,0.0,0.0,0.0,_395-2314506_sn,PQ,1.0,1.0,1.0,7621.02355330306,1000000.0,0.95,1.05,0,0,c,False,False,False,47.6689630718198,-117.391985249404
488,0.0,0.0,0.0,0.0,0.0,0.0,_395-2314505_ln,PQ,1.0,1.0,1.0,7621.02355330306,1000000.0,0.95,1.05,0,0,c,False,False,False,47.6682373960844,-117.392011527992
489,0.0,0.0,0.0,0.0,0.0,0.0,_391-33189_ln,PQ,1.0,1.0,1.0,119.99994404998696,1000000.0,0.95,1.05,0,0,abc,False,False,False,47.6689937286149,-117.392013731204
490,0.0018199951552360337,0.00037333068954704626,0.001819996421432186,0.00037333189489035883,0.0018199945904091102,0.00037333074785467473,_406-92770_n,PQ,1.0,1.0,1.0,119.99994404998696,1000000.0,0.95,1.05,0,0,abc,False,True,False,47.669377414079,-117.391753819677
491,0.007380959084431934,0.0014834527971944772,0.007455840662203778,0.0014985038539580275,0.0074576075018279765,0.0014988552225989236,_406-92764_n,PQ,1.0,1.0,1.0,119.99994404998696,1000000.0,0.95,1.05,0,0,abc,False,True,False,47.6693726760769,-117.392256763986
492,0.0002433332624566145,4.9999821721351716e-05,0.00024333321593860864,4.999986944719757e-05,0.00024333317849630455,4.9999761850696916e-05,_406-92766_n,PQ,1.0,1.0,1.0,119.99994404998696,1000000.0,0.95,1.05,0,0,abc,False,True,False,47.6690049189348,-117.392173716026
493,0.0,0.0,0.0,0.0,0.0,0.0,_395-2314504_sn,PQ,1.0,1.0,1.0,7621.02355330306,1000000.0,0.95,1.05,0,0,b,False,False,False,47.6689574050098,-117.392013276417
494,0.0,0.0,0.0,0.0,0.0,0.0,_395-2314503_ln,PQ,1.0,1.0,1.0,7621.02355330306,1000000.0,0.95,1.05,0,0,b,False,False,False,47.6682515019445,-117.392031395076
495,0.0,0.0,0.0,0.0,0.0,0.0,_395-2314494_sn,PQ,1.0,1.0,1.0,7621.02355330306,1000000.0,0.95,1.05,0,0,c,False,False,False,47.6682512027476,-117.392115900084
496,0.0,0.0,0.0,0.0,0.0,0.0,_500-3189674_n,PQ,1.0,1.0,1.0,7621.02355330306,1000000.0,0.95,1.05,0,0,c,False,False,False,47.66833851304,-117.392122014971
497,0.0,0.0,0.0,0.0,0.0,0.0,_395-2314492_sn,PQ,1.0,1.0,1.0,7621.02355330306,1000000.0,0.95,1.05,0,0,a,False,False,False,47.6682596673643,-117.392060457638
498,0.0,0.0,0.0,0.0,0.0,0.0,_500-3189670_n,PQ,1.0,1.0,1.0,7621.02355330306,1000000.0,0.95,1.05,0,0,a,False,False,False,47.66833851304,-117.392122014971
499,0.0,0.0,0.0,0.0,0.0,0.0,_500-15209_n,PQ,1.0,1.0,1.0,7621.02355330306,1000000.0,0.95,1.05,0,0,abc,False,False,False,47.6672756557677,-117.393154086232
500,0.0,0.0,0.0,0.0,0.0,0.0,_402-36574_sn,PQ,1.0,1.0,1.0,7621.02355330306,1000000.0,0.95,1.05,0,0,abc,False,False,False,47.6672021005689,-117.393142312966
501,0.0,0.0,0.0,0.0,0.0,0.0,_402-36574_ln,PQ,1.0,1.0,1.0,7621.02355330306,1000000.0,0.95,1.05,0,0,abc,False,False,False,47.6672021005689,-117.393142312966
502,0.0,0.0,0.0,0.0,0.0,0.0,_500-15206_n,PQ,1.0,1.0,1.0,7621.02355330306,1000000.0,0.95,1.05,0,0,b,False,False,False,47.6672021005689,-117.393142312966
503,0.0,0.0,0.0,0.0,0.0,0.0,_395-57775_sn,PQ,1.0,1.0,1.0,7621.02355330306,1000000.0,0.95,1.05,0,0,b,False,False,False,47.6672348706507,-117.392254782652
504,0.0,0.0,0.0,0.0,0.0,0.0,_391-33252_n,PQ,1.0,1.0,1.0,7621.02355330306,1000000.0,0.95,1.05,0,0,abc,False,False,False,47.6672550928826,-117.392256607068
505,0.0,0.0,0.0,0.0,0.0,0.0,_395-57413_sn,PQ,1.0,1.0,1.0,7621.02355330306,1000000.0,0.95,1.05,0,0,c,False,False,False,47.6672188998919,-117.392237530178
506,0.0,0.0,0.0,0.0,0.0,0.0,_500-15204_n,PQ,1.0,1.0,1.0,7621.02355330306,1000000.0,0.95,1.05,0,0,c,False,False,False,47.6671843745119,-117.393111359572
507,0.0,0.0,0.0,0.0,0.0,0.0,_391-33252_ln,PQ,1.0,1.0,1.0,119.99994404998696,1000000.0,0.95,1.05,0,0,abc,False,False,False,47.6672477401132,-117.392205158607
508,0.014746533545145171,0.0029932856962230857,0.014746577401364444,0.002993305653351499,0.014746549911964517,0.0029932977721978493,_406-92239_n,PQ,1.0,1.0,1.0,119.99994404998696,1000000.0,0.95,1.05,0,0,abc,False,True,False,47.6673062496317,-117.392275416462
509,0.0,0.0,0.0,0.0,0.0,0.0,_395-57414_sn,PQ,1.0,1.0,1.0,7621.02355330306,1000000.0,0.95,1.05,0,0,a,False,False,False,47.6672550928826,-117.392256607068
510,0.0,0.0,0.0,0.0,0.0,0.0,_500-15207_n,PQ,1.0,1.0,1.0,7621.02355330306,1000000.0,0.95,1.05,0,0,a,False,False,False,47.6672227450909,-117.393115600798
511,0.0,0.0,0.0,0.0,0.0,0.0,_409-23061_n_sec,PQ,1.0,1.0,1.0,119.99994404998696,1000000.0,0.95,1.05,0,0,ab,False,False,False,47.6673305390497,-117.393774839563
512,0.0,0.0,0.0,0.0,0.0,0.0,_500-3243137_n,PQ,1.0,1.0,1.0,119.99994404998696,1000000.0,0.95,1.05,0,0,ab,False,False,False,47.6673238397243,-117.393321018598
513,4.999998065598209e-05,-3.282203430909902e-11,4.9999980655982106e-05,-3.282203434473719e-11,0.0,0.0,_406-2099290_n,PQ,1.0,1.0,1.0,119.99994404998696,1000000.0,0.95,1.05,0,0,ab,False,True,False,47.6673210563464,-117.393132516869
514,0.0,0.0,0.0,0.0,0.0,0.0,_406-2315083_n,PQ,1.0,1.0,1.0,119.99994404998696,1000000.0,0.95,1.05,0,0,ab,False,True,False,47.6676047804382,-117.393086177914
515,0.0,0.0,0.0,0.0,0.0,0.0,_406-2315082_n,PQ,1.0,1.0,1.0,119.99994404998696,1000000.0,0.95,1.05,0,0,ab,False,True,False,47.6673171479947,-117.3937428752
516,0.0015849994815492156,0.00031999882358645104,0.0015849994815491917,0.0003199988235864378,0.0,0.0,_406-92224_n,PQ,1.0,1.0,1.0,119.99994404998696,1000000.0,0.95,1.05,0,0,ab,False,True,False,47.6672262727458,-117.393806145637
517,0.00022499993882554802,4.499983478017454e-05,0.00022499993882554777,4.499983478017426e-05,0.0,0.0,_406-92223_n,PQ,1.0,1.0,1.0,119.99994404998696,1000000.0,0.95,1.05,0,0,ab,False,True,False,47.6671401232695,-117.39404579421
518,0.0,0.0,0.0,0.0,0.0,0.0,_409-23019_n_sec,PQ,1.0,1.0,1.0,119.99994404998696,1000000.0,0.95,1.05,0,0,ab,False,False,False,47.6673246054913,-117.39444171027
519,0.0001749999555752281,3.499987933567367e-05,0.00017499995557522803,3.499987933567369e-05,0.0,0.0,_406-92221_n,PQ,1.0,1.0,1.0,119.99994404998696,1000000.0,0.95,1.05,0,0,ab,False,True,False,47.6671580823674,-117.394211670134
520,0.00010499997359154114,1.9999928076779286e-05,0.00010499997359154113,1.9999928076779293e-05,0.0,0.0,_406-92222_n,PQ,1.0,1.0,1.0,119.99994404998696,1000000.0,0.95,1.05,0,0,ab,False,True,False,47.6671586908175,-117.394340576281
521,0.0003199999130220877,6.499977816834961e-05,0.00031999991302208704,6.499977816834936e-05,0.0,0.0,_406-92219_n,PQ,1.0,1.0,1.0,119.99994404998696,1000000.0,0.95,1.05,0,0,ab,False,True,False,47.6671549048183,-117.394752691335
522,0.0002749999286157796,5.499981017872554e-05,0.0002749999286157793,5.4999810178725445e-05,0.0,0.0,_406-92220_n,PQ,1.0,1.0,1.0,119.99994404998696,1000000.0,0.95,1.05,0,0,ab,False,True,False,47.6671422830041,-117.394548208909
523,0.0,0.0,0.0,0.0,0.0,0.0,_500-3419400_n,PQ,1.0,1.0,1.0,7621.02355330306,1000000.0,0.95,1.05,0,0,a,False,False,False,47.6672999555576,-117.395754587473
524,0.0,0.0,0.0,0.0,0.0,0.0,_395-2483461_ln,PQ,1.0,1.0,1.0,7621.02355330306,1000000.0,0.95,1.05,0,0,a,False,False,False,47.6672972385567,-117.395806851017
525,0.0,0.0,0.0,0.0,0.0,0.0,_395-2483458_sn,PQ,1.0,1.0,1.0,7621.02355330306,1000000.0,0.95,1.05,0,0,b,False,False,False,47.6672737063311,-117.395943779373
526,0.0,0.0,0.0,0.0,0.0,0.0,_395-2483457_ln,PQ,1.0,1.0,1.0,7621.02355330306,1000000.0,0.95,1.05,0,0,b,False,False,False,47.6672634816524,-117.396721097095
527,0.0,0.0,0.0,0.0,0.0,0.0,_395-2525468_ln,PQ,1.0,1.0,1.0,7621.02355330306,1000000.0,0.95,1.05,0,0,a,False,False,False,47.6672269859503,-117.395845499196
528,0.0,0.0,0.0,0.0,0.0,0.0,_395-2525469_sn,PQ,1.0,1.0,1.0,7621.02355330306,1000000.0,0.95,1.05,0,0,a,False,False,False,47.6671146796188,-117.395858349556
529,0.0,0.0,0.0,0.0,0.0,0.0,_391-2076644_n,PQ,1.0,1.0,1.0,7621.02355330306,1000000.0,0.95,1.05,0,0,abc,False,False,False,47.6671146796188,-117.395858349556
530,0.0,0.0,0.0,0.0,0.0,0.0,_395-2525473_sn,PQ,1.0,1.0,1.0,7621.02355330306,1000000.0,0.95,1.05,0,0,c,False,False,False,47.667119386587,-117.395914799168
531,0.0,0.0,0.0,0.0,0.0,0.0,_395-2525472_ln,PQ,1.0,1.0,1.0,7621.02355330306,1000000.0,0.95,1.05,0,0,c,False,False,False,47.6672287891581,-117.395902280963
532,0.0,0.0,0.0,0.0,0.0,0.0,_395-2525471_sn,PQ,1.0,1.0,1.0,7621.02355330306,1000000.0,0.95,1.05,0,0,b,False,False,False,47.6671226416703,-117.395885932925
533,0.0,0.0,0.0,0.0,0.0,0.0,_395-2525470_ln,PQ,1.0,1.0,1.0,7621.02355330306,1000000.0,0.95,1.05,0,0,b,False,False,False,47.6672240098469,-117.395874333367
534,0.0,0.0,0.0,0.0,0.0,0.0,_391-2076644_ln,PQ,1.0,1.0,1.0,277.1281292110204,1000000.0,0.95,1.05,0,0,abc,False,False,False,47.6670879253409,-117.395891973548
535,0.010926663821909214,0.0022199927322419286,0.010926661656422318,0.002219994692595014,0.010926659873936604,0.002219989845480409,_406-2518339_n,PQ,1.0,1.0,1.0,277.1281292110204,1000000.0,0.95,1.05,0,0,abc,False,True,False,47.6670488940228,-117.395947453835
536,0.0,0.0,0.0,0.0,0.0,0.0,_395-2483460_sn,PQ,1.0,1.0,1.0,7621.02355330306,1000000.0,0.95,1.05,0,0,c,False,False,False,47.6672545839378,-117.395938326601
537,0.0,0.0,0.0,0.0,0.0,0.0,_395-2483459_ln,PQ,1.0,1.0,1.0,7621.02355330306,1000000.0,0.95,1.05,0,0,c,False,False,False,47.6672442302302,-117.396725444102
538,0.0,0.0,0.0,0.0,0.0,0.0,_395-2483453_sn,PQ,1.0,1.0,1.0,7621.02355330306,1000000.0,0.95,1.05,0,0,b,False,False,False,47.6672119389183,-117.396799466787
539,0.0,0.0,0.0,0.0,0.0,0.0,_500-3418780_n,PQ,1.0,1.0,1.0,7621.02355330306,1000000.0,0.95,1.05,0,0,b,False,False,False,47.6672356200231,-117.396894514341
540,0.0,0.0,0.0,0.0,0.0,0.0,_395-2483452_sn,PQ,1.0,1.0,1.0,7621.02355330306,1000000.0,0.95,1.05,0,0,a,False,False,False,47.6672172981332,-117.396827567519
541,0.0,0.0,0.0,0.0,0.0,0.0,_500-3418778_n,PQ,1.0,1.0,1.0,7621.02355330306,1000000.0,0.95,1.05,0,0,a,False,False,False,47.6672627865456,-117.396899961257
542,0.0,0.0,0.0,0.0,0.0,0.0,_409-23087_n_sec,PQ,1.0,1.0,1.0,119.99994404998696,1000000.0,0.95,1.05,0,0,abc,False,False,False,47.6641588763314,-117.397981877579
543,0.003896604803518756,0.0007899823750039314,0.0038966251539534354,0.000789988242318731,0.0038966186452058845,0.000789988467195776,_406-92761_n,PQ,1.0,1.0,1.0,119.99994404998696,1000000.0,0.95,1.05,0,0,abc,False,True,False,47.6641702894452,-117.397481109719
544,3.3333325856610576e-05,-1.5461164005470262e-11,3.333331844319202e-05,-1.2252806079970924e-11,3.333331540584578e-05,-2.3656613784339696e-11,_406-2094166_n,PQ,1.0,1.0,1.0,119.99994404998696,1000000.0,0.95,1.05,0,0,abc,False,True,False,47.6641793083293,-117.398000995033
545,0.0,0.0,0.0,0.0,0.0,0.0,_402-2071494_sn,PQ,1.0,1.0,1.0,7621.02355330306,1000000.0,0.95,1.05,0,0,abc,False,False,False,47.6633346182245,-117.398048727447
546,0.0,0.0,0.0,0.0,0.0,0.0,_402-2071494_ln,PQ,1.0,1.0,1.0,7621.02355330306,1000000.0,0.95,1.05,0,0,abc,False,False,False,47.6633346182245,-117.398048727447
547,0.0,0.0,0.0,0.0,0.0,0.0,_500-4034326_n,PQ,1.0,1.0,1.0,7621.02355330306,1000000.0,0.95,1.05,0,0,b,False,False,False,47.6633416780957,-117.398087940167
548,0.0,0.0,0.0,0.0,0.0,0.0,_395-2803887_sn,PQ,1.0,1.0,1.0,7621.02355330306,1000000.0,0.95,1.05,0,0,b,False,False,False,47.6634218853837,-117.398457993647
549,0.0,0.0,0.0,0.0,0.0,0.0,_391-2327239_n,PQ,1.0,1.0,1.0,7621.02355330306,1000000.0,0.95,1.05,0,0,abc,False,False,False,47.6634218853837,-117.398457993647
550,0.0,0.0,0.0,0.0,0.0,0.0,_391-2327239_ln,PQ,1.0,1.0,1.0,277.1281292110204,1000000.0,0.95,1.05,0,0,abc,False,False,False,47.6634347550853,-117.398507526088
551,0.00025999996849777657,5.333322571793903e-05,0.0002599999040447391,5.333322822744236e-05,0.0002599999037303139,5.333313871308296e-05,_406-2961635_n,PQ,1.0,1.0,1.0,277.1281292110204,1000000.0,0.95,1.05,0,0,abc,False,True,False,47.6634736156166,-117.398515535427
552,0.0,0.0,0.0,0.0,0.0,0.0,_395-2803886_sn,PQ,1.0,1.0,1.0,7621.02355330306,1000000.0,0.95,1.05,0,0,a,False,False,False,47.6634055990053,-117.398475838559
553,0.0,0.0,0.0,0.0,0.0,0.0,_500-4034324_n,PQ,1.0,1.0,1.0,7621.02355330306,1000000.0,0.95,1.05,0,0,a,False,False,False,47.6633205796301,-117.398083585301
554,0.0,0.0,0.0,0.0,0.0,0.0,_395-2803888_sn,PQ,1.0,1.0,1.0,7621.02355330306,1000000.0,0.95,1.05,0,0,c,False,False,False,47.6634416081127,-117.39845600814
555,0.0,0.0,0.0,0.0,0.0,0.0,_500-4034328_n,PQ,1.0,1.0,1.0,7621.02355330306,1000000.0,0.95,1.05,0,0,c,False,False,False,47.66335795049,-117.398070034023
556,0.0,0.0,0.0,0.0,0.0,0.0,_402-36567_sn,PQ,1.0,1.0,1.0,7621.02355330306,1000000.0,0.95,1.05,0,0,abc,False,False,False,47.6631015391652,-117.397892196039
557,0.0,0.0,0.0,0.0,0.0,0.0,_402-36567_ln,PQ,1.0,1.0,1.0,7621.02355330306,1000000.0,0.95,1.05,0,0,abc,False,False,False,47.6631015391652,-117.397892196039
558,0.0,0.0,0.0,0.0,0.0,0.0,_500-15177_n,PQ,1.0,1.0,1.0,7621.02355330306,1000000.0,0.95,1.05,0,0,abc,False,False,False,47.6631246420363,-117.39721352624
559,0.0,0.0,0.0,0.0,0.0,0.0,_402-36888_sn,PQ,1.0,1.0,1.0,7621.02355330306,1000000.0,0.95,1.05,0,0,abc,False,False,False,47.6630596842759,-117.397213514488
560,0.0,0.0,0.0,0.0,0.0,0.0,_402-36888_ln,PQ,1.0,1.0,1.0,7621.02355330306,1000000.0,0.95,1.05,0,0,abc,False,False,False,47.6630596842759,-117.397213514488
561,0.0,0.0,0.0,0.0,0.0,0.0,_409-23095_n,PQ,1.0,1.0,1.0,7621.02355330306,1000000.0,0.95,1.05,0,0,abc,False,False,False,47.6628836592871,-117.397213477903
562,0.0,0.0,0.0,0.0,0.0,0.0,_409-23095_n_sec,PQ,1.0,1.0,1.0,119.99994404998696,1000000.0,0.95,1.05,0,0,abc,False,False,False,47.6628836592871,-117.397213477903
563,0.0011833331038915804,0.00023999949184733463,0.0011833328100073744,0.0002399995111442617,0.0011833327448568787,0.0002399990656829554,_406-92628_n,PQ,1.0,1.0,1.0,119.99994404998696,1000000.0,0.95,1.05,0,0,abc,False,True,False,47.6628999364527,-117.396958063915
564,0.0,0.0,0.0,0.0,0.0,0.0,_409-176291_n,PQ,1.0,1.0,1.0,7621.02355330306,1000000.0,0.95,1.05,0,0,abc,False,False,False,47.6628594107449,-117.39721346618
565,0.0,0.0,0.0,0.0,0.0,0.0,_409-176291_n_sec,PQ,1.0,1.0,1.0,119.99994404998696,1000000.0,0.95,1.05,0,0,abc,False,False,False,47.6625720222994,-117.397196058035
566,0.0002466666322958095,4.999989978242192e-05,0.000246666567402221,4.999989777600965e-05,0.00024666656661153806,4.999981032624741e-05,_406-92627_n,PQ,1.0,1.0,1.0,119.99994404998696,1000000.0,0.95,1.05,0,0,abc,False,True,False,47.6627005826256,-117.397183196837
567,0.0009033331484918988,0.00018333294157550536,0.000903332927270198,0.0001833329600732709,0.0009033328696039767,0.0001833326169348997,_406-1853781_n,PQ,1.0,1.0,1.0,119.99994404998696,1000000.0,0.95,1.05,0,0,abc,False,True,False,47.6623254235903,-117.397226889918
568,0.0,0.0,0.0,0.0,0.0,0.0,_500-344999_n,PQ,1.0,1.0,1.0,119.99994404998696,1000000.0,0.95,1.05,0,0,abc,False,False,False,47.6624305653643,-117.397207618166
569,0.0,0.0,0.0,0.0,0.0,0.0,_500-204024_n,PQ,1.0,1.0,1.0,7621.02355330306,1000000.0,0.95,1.05,0,0,abc,False,False,False,47.6624902309633,-117.397183327192
570,0.0,0.0,0.0,0.0,0.0,0.0,_409-23064_n,PQ,1.0,1.0,1.0,7621.02355330306,1000000.0,0.95,1.05,0,0,abc,False,False,False,47.6631176748919,-117.396886295237
571,0.0,0.0,0.0,0.0,0.0,0.0,_500-15178_n,PQ,1.0,1.0,1.0,7621.02355330306,1000000.0,0.95,1.05,0,0,abc,False,False,False,47.6631140531831,-117.39636490011
572,0.0,0.0,0.0,0.0,0.0,0.0,_500-15179_n,PQ,1.0,1.0,1.0,7621.02355330306,1000000.0,0.95,1.05,0,0,abc,False,False,False,47.6631280065888,-117.395069615869
573,0.0,0.0,0.0,0.0,0.0,0.0,_403-144444_sn,PQ,1.0,1.0,1.0,7621.02355330306,1000000.0,0.95,1.05,0,0,abc,False,False,False,47.6631554014538,-117.395071420905
574,0.0,0.0,0.0,0.0,0.0,0.0,_403-144444_ln,PQ,1.0,1.0,1.0,7621.02355330306,1000000.0,0.95,1.05,0,0,abc,False,False,False,47.6631554014538,-117.395071420905
575,0.0,0.0,0.0,0.0,0.0,0.0,_409-1378451_n,PQ,1.0,1.0,1.0,7621.02355330306,1000000.0,0.95,1.05,0,0,abc,False,False,False,47.6632722847594,-117.395094632389
576,0.0,0.0,0.0,0.0,0.0,0.0,_409-1378451_n_sec,PQ,1.0,1.0,1.0,277.1281292110204,1000000.0,0.95,1.05,0,0,abc,False,False,False,47.6632722847594,-117.395094632389
577,0.00024333330260955225,4.999990280737704e-05,0.00024333323248616043,4.999989324365997e-05,0.00024333323999372166,4.999980717181499e-05,_406-2287571_n,PQ,1.0,1.0,1.0,277.1281292110204,1000000.0,0.95,1.05,0,0,abc,False,True,False,47.6632840633212,-117.394878621718
578,0.0,0.0,0.0,0.0,0.0,0.0,_402-36896_sn,PQ,1.0,1.0,1.0,7621.02355330306,1000000.0,0.95,1.05,0,0,abc,False,False,False,47.6634629169443,-117.395089740484
579,0.0,0.0,0.0,0.0,0.0,0.0,_402-36896_ln,PQ,1.0,1.0,1.0,7621.02355330306,1000000.0,0.95,1.05,0,0,abc,False,False,False,47.6634629169443,-117.395089740484
580,0.0,0.0,0.0,0.0,0.0,0.0,_500-15183_n,PQ,1.0,1.0,1.0,7621.02355330306,1000000.0,0.95,1.05,0,0,abc,False,False,False,47.6637900344002,-117.39510139481
581,0.0,0.0,0.0,0.0,0.0,0.0,_403-144445_sn,PQ,1.0,1.0,1.0,7621.02355330306,1000000.0,0.95,1.05,0,0,abc,False,False,False,47.6638061789247,-117.395134201628
582,0.0,0.0,0.0,0.0,0.0,0.0,_403-144445_ln,PQ,1.0,1.0,1.0,7621.02355330306,1000000.0,0.95,1.05,0,0,abc,False,False,False,47.6638061789247,-117.395134201628
583,0.0,0.0,0.0,0.0,0.0,0.0,_409-23017_n,PQ,1.0,1.0,1.0,7621.02355330306,1000000.0,0.95,1.05,0,0,abc,False,False,False,47.6638073345135,-117.395269205509
584,0.0,0.0,0.0,0.0,0.0,0.0,_500-15184_n,PQ,1.0,1.0,1.0,7621.02355330306,1000000.0,0.95,1.05,0,0,abc,False,False,False,47.6638076099858,-117.395301665799
585,0.0,0.0,0.0,0.0,0.0,0.0,_409-23017_n_sec,PQ,1.0,1.0,1.0,277.1281292110204,1000000.0,0.95,1.05,0,0,abc,False,False,False,47.6638073345135,-117.395269205509
586,0.005233332393955102,0.0010633311061334636,0.005233330938839398,0.0010633310257892683,0.005233330842399787,0.0010633290503833243,_406-92632_n,PQ,1.0,1.0,1.0,277.1281292110204,1000000.0,0.95,1.05,0,0,abc,False,True,False,47.6637504073465,-117.395479404661
587,0.0,0.0,0.0,0.0,0.0,0.0,_500-15187_n,PQ,1.0,1.0,1.0,7621.02355330306,1000000.0,0.95,1.05,0,0,abc,False,False,False,47.6641875357893,-117.39512710439
588,0.0,0.0,0.0,0.0,0.0,0.0,_500-3175214_n,PQ,1.0,1.0,1.0,7621.02355330306,1000000.0,0.95,1.05,0,0,abc,False,False,False,47.6646226485262,-117.395128532308
589,0.0,0.0,0.0,0.0,0.0,0.0,_500-15191_n,PQ,1.0,1.0,1.0,7621.02355330306,1000000.0,0.95,1.05,0,0,abc,False,False,False,47.6652855109817,-117.39510852616
590,0.0,0.0,0.0,0.0,0.0,0.0,_403-142228_sn,PQ,1.0,1.0,1.0,7621.02355330306,1000000.0,0.95,1.05,0,0,abc,False,False,False,47.665284655643,-117.395149089517
591,0.0,0.0,0.0,0.0,0.0,0.0,_403-142228_ln,PQ,1.0,1.0,1.0,7621.02355330306,1000000.0,0.95,1.05,0,0,abc,False,False,False,47.665284655643,-117.395149089517
592,0.0,0.0,0.0,0.0,0.0,0.0,_409-150372_n,PQ,1.0,1.0,1.0,7621.02355330306,1000000.0,0.95,1.05,0,0,abc,False,False,False,47.6652740669959,-117.395753048421
593,0.0,0.0,0.0,0.0,0.0,0.0,_409-150372_n_sec,PQ,1.0,1.0,1.0,119.99994404998696,1000000.0,0.95,1.05,0,0,abc,False,False,False,47.6652740669959,-117.395753048421
594,0.0043766049745128386,0.0008866486317840205,0.004376626079186788,0.0008866550456485119,0.004376617760479385,0.0008866546371307499,_406-398445_n,PQ,1.0,1.0,1.0,119.99994404998696,1000000.0,0.95,1.05,0,0,abc,False,True,False,47.6652242059278,-117.396177340783
595,0.0,0.0,0.0,0.0,0.0,0.0,_406-2076023_n,PQ,1.0,1.0,1.0,119.99994404998696,1000000.0,0.95,1.05,0,0,abc,False,True,False,47.6654173606972,-117.395883620955
596,0.0,0.0,0.0,0.0,0.0,0.0,_500-142435_n,PQ,1.0,1.0,1.0,7621.02355330306,1000000.0,0.95,1.05,0,0,abc,False,False,False,47.6652719328651,-117.395874759238
597,0.0,0.0,0.0,0.0,0.0,0.0,_409-23127_n,PQ,1.0,1.0,1.0,7621.02355330306,1000000.0,0.95,1.05,0,0,abc,False,False,False,47.6658110875423,-117.39513392226
598,0.0,0.0,0.0,0.0,0.0,0.0,_500-15197_n,PQ,1.0,1.0,1.0,7621.02355330306,1000000.0,0.95,1.05,0,0,abc,False,False,False,47.6661837967308,-117.39515366717
599,0.0,0.0,0.0,0.0,0.0,0.0,_403-1490489_sn,PQ,1.0,1.0,1.0,7621.02355330306,1000000.0,0.95,1.05,0,0,abc,False,False,False,47.6661955307647,-117.396304025869
600,0.0,0.0,0.0,0.0,0.0,0.0,_403-1490489_ln,PQ,1.0,1.0,1.0,7621.02355330306,1000000.0,0.95,1.05,0,0,ac,False,False,False,47.6661955307647,-117.396304025869
601,0.0,0.0,0.0,0.0,0.0,0.0,_403-1490490_sn,PQ,1.0,1.0,1.0,7621.02355330306,1000000.0,0.95,1.05,0,0,ac,False,False,False,47.6661375446296,-117.396424072735
602,0.0,0.0,0.0,0.0,0.0,0.0,_403-1490490_ln,PQ,1.0,1.0,1.0,7621.02355330306,1000000.0,0.95,1.05,0,0,ac,False,False,False,47.6661375446296,-117.396424072735
603,0.0,0.0,0.0,0.0,0.0,0.0,_409-22382_n,PQ,1.0,1.0,1.0,7621.02355330306,1000000.0,0.95,1.05,0,0,ac,False,False,False,47.6659112766048,-117.396418005893
604,0.0,0.0,0.0,0.0,0.0,0.0,_500-15196_n,PQ,1.0,1.0,1.0,7621.02355330306,1000000.0,0.95,1.05,0,0,ac,False,False,False,47.6658893460774,-117.396417417308
605,0.0,0.0,0.0,0.0,0.0,0.0,_409-22382_n_sec,PQ,1.0,1.0,1.0,119.99994404998696,1000000.0,0.95,1.05,0,0,ac,False,False,False,47.6659112766048,-117.396418005893
606,4.9999989202095406e-05,-1.85506375920963e-11,0.0,0.0,4.9999972653160786e-05,-3.470389581750055e-11,_406-2099747_n,PQ,1.0,1.0,1.0,119.99994404998696,1000000.0,0.95,1.05,0,0,ac,False,True,False,47.6661760243093,-117.396679798559
607,0.0,0.0,0.0,0.0,0.0,0.0,_403-142231_sn,PQ,1.0,1.0,1.0,7621.02355330306,1000000.0,0.95,1.05,0,0,abc,False,False,False,47.6662111987452,-117.395154579944
608,0.0,0.0,0.0,0.0,0.0,0.0,_403-142231_ln,PQ,1.0,1.0,1.0,7621.02355330306,1000000.0,0.95,1.05,0,0,abc,False,False,False,47.6662111987452,-117.395154579944
609,0.0,0.0,0.0,0.0,0.0,0.0,_409-1446292_n,PQ,1.0,1.0,1.0,7621.02355330306,1000000.0,0.95,1.05,0,0,abc,False,False,False,47.6665177770908,-117.395173985481
610,0.0,0.0,0.0,0.0,0.0,0.0,_500-3340973_n,PQ,1.0,1.0,1.0,7621.02355330306,1000000.0,0.95,1.05,0,0,abc,False,False,False,47.6665381953994,-117.395175999977
611,0.0,0.0,0.0,0.0,0.0,0.0,_409-1446292_n_sec,PQ,1.0,1.0,1.0,119.99994404998696,1000000.0,0.95,1.05,0,0,bc,False,False,False,47.6665177770908,-117.395173985481
612,0.0,0.0,0.0005899997390140638,0.00011999973862134921,0.0005899997519832023,0.00011999951952533413,_406-92641_n,PQ,1.0,1.0,1.0,119.99994404998696,1000000.0,0.95,1.05,0,0,bc,False,True,False,47.6664517367543,-117.395119189246
613,0.0,0.0,0.0,0.0,0.0,0.0,_403-142232_sn,PQ,1.0,1.0,1.0,7621.02355330306,1000000.0,0.95,1.05,0,0,abc,False,False,False,47.6662059738683,-117.395126871752
614,0.0,0.0,0.0,0.0,0.0,0.0,_403-142232_ln,PQ,1.0,1.0,1.0,7621.02355330306,1000000.0,0.95,1.05,0,0,abc,False,False,False,47.6662059738683,-117.395126871752
615,0.0,0.0,0.0,0.0,0.0,0.0,_409-23037_n,PQ,1.0,1.0,1.0,7621.02355330306,1000000.0,0.95,1.05,0,0,abc,False,False,False,47.6661834166903,-117.394216315709
616,0.0,0.0,0.0,0.0,0.0,0.0,_500-15198_n,PQ,1.0,1.0,1.0,7621.02355330306,1000000.0,0.95,1.05,0,0,abc,False,False,False,47.6661359299759,-117.393133718413
617,0.0,0.0,0.0,0.0,0.0,0.0,_403-142230_sn,PQ,1.0,1.0,1.0,7621.02355330306,1000000.0,0.95,1.05,0,0,b,False,False,False,47.6661616392913,-117.393147835203
618,0.0,0.0,0.0,0.0,0.0,0.0,_403-142230_ln,PQ,1.0,1.0,1.0,7621.02355330306,1000000.0,0.95,1.05,0,0,b,False,False,False,47.6661616392913,-117.393147835203
619,0.0,0.0,0.0,0.0,0.0,0.0,_409-23121_n,PQ,1.0,1.0,1.0,7621.02355330306,1000000.0,0.95,1.05,0,0,b,False,False,False,47.6665369933267,-117.393285935433
620,0.0,0.0,0.0,0.0,0.0,0.0,_500-15199_n,PQ,1.0,1.0,1.0,7621.02355330306,1000000.0,0.95,1.05,0,0,b,False,False,False,47.6665582723457,-117.393293765572
621,0.0,0.0,0.0,0.0,0.0,0.0,_409-23121_n_sec,PQ,1.0,1.0,1.0,119.99994404998696,1000000.0,0.95,1.05,0,0,ab,False,False,False,47.6665369933267,-117.393285935433
622,0.0011149994179458183,0.0002249994745373904,0.0011149994179457613,0.00022499947453735888,0.0,0.0,_406-92759_n,PQ,1.0,1.0,1.0,119.99994404998696,1000000.0,0.95,1.05,0,0,ab,False,True,False,47.6667539377795,-117.393405669038
623,0.0,0.0,0.0,0.0,0.0,0.0,_500-4481426_n,PQ,1.0,1.0,1.0,119.99994404998696,1000000.0,0.95,1.05,0,0,ab,False,False,False,47.6665339664228,-117.393122556518
624,0.0,0.0,0.0,0.0,0.0,0.0,_406-3326696_n,PQ,1.0,1.0,1.0,119.99994404998696,1000000.0,0.95,1.05,0,0,ab,False,True,False,47.6665301222429,-117.392967690483
625,7.999996449430596e-05,1.4999963747130498e-05,7.999996449430593e-05,1.499996374713041e-05,0.0,0.0,_406-92635_n,PQ,1.0,1.0,1.0,119.99994404998696,1000000.0,0.95,1.05,0,0,ab,False,True,False,47.6671180395081,-117.393463076376
626,0.0,0.0,0.0,0.0,0.0,0.0,_403-142229_sn,PQ,1.0,1.0,1.0,7621.02355330306,1000000.0,0.95,1.05,0,0,b,False,False,False,47.666108525522,-117.39313460757
627,0.0,0.0,0.0,0.0,0.0,0.0,_403-142229_ln,PQ,1.0,1.0,1.0,7621.02355330306,1000000.0,0.95,1.05,0,0,b,False,False,False,47.666108525522,-117.39313460757
628,0.0,0.0,0.0,0.0,0.0,0.0,_500-3953557_n,PQ,1.0,1.0,1.0,7621.02355330306,1000000.0,0.95,1.05,0,0,b,False,False,False,47.6654572855351,-117.393149123868
629,0.0,0.0,0.0,0.0,0.0,0.0,_402-2033094_sn,PQ,1.0,1.0,1.0,7621.02355330306,1000000.0,0.95,1.05,0,0,b,False,False,False,47.6654599250433,-117.393068050912
630,0.0,0.0,0.0,0.0,0.0,0.0,_402-2033094_ln,PQ,1.0,1.0,1.0,7621.02355330306,1000000.0,0.95,1.05,0,0,b,False,False,False,47.6654599250433,-117.393068050912
631,0.0,0.0,0.0,0.0,0.0,0.0,_500-3953559_n,PQ,1.0,1.0,1.0,7621.02355330306,1000000.0,0.95,1.05,0,0,b,False,False,False,47.6654599250433,-117.393068050912
632,0.0,0.0,0.0,0.0,0.0,0.0,_395-2769676_sn,PQ,1.0,1.0,1.0,7621.02355330306,1000000.0,0.95,1.05,0,0,b,False,False,False,47.6660033950229,-117.392497410614
633,0.0,0.0,0.0,0.0,0.0,0.0,_391-33247_n,PQ,1.0,1.0,1.0,7621.02355330306,1000000.0,0.95,1.05,0,0,b,False,False,False,47.6660033950229,-117.392497410614
634,0.0,0.0,0.0,0.0,0.0,0.0,_395-219033_ln,PQ,1.0,1.0,1.0,7621.02355330306,1000000.0,0.95,1.05,0,0,b,False,False,False,47.6660662470866,-117.392447704214
635,0.0,0.0,0.0,0.0,0.0,0.0,_395-219034_sn,PQ,1.0,1.0,1.0,7621.02355330306,1000000.0,0.95,1.05,0,0,b,False,False,False,47.6666597990674,-117.391956071825
636,0.0,0.0,0.0,0.0,0.0,0.0,_391-33244_n,PQ,1.0,1.0,1.0,7621.02355330306,1000000.0,0.95,1.05,0,0,b,False,False,False,47.6666597990674,-117.391956071825
637,0.0,0.0,0.0,0.0,0.0,0.0,_391-33244_ln,PQ,1.0,1.0,1.0,119.99994404998696,1000000.0,0.95,1.05,0,0,ab,False,False,False,47.6666898931942,-117.391929457114
638,0.0003749998330220267,7.499983057276793e-05,0.00037499983302202624,7.499983057276771e-05,0.0,0.0,_406-92640_n,PQ,1.0,1.0,1.0,119.99994404998696,1000000.0,0.95,1.05,0,0,ab,False,True,False,47.6668742770494,-117.391944393434
639,0.0,0.0,0.0,0.0,0.0,0.0,_391-33247_ln,PQ,1.0,1.0,1.0,119.99994404998696,1000000.0,0.95,1.05,0,0,ab,False,False,False,0.0,0.0
640,0.0,0.0,0.0,0.0,0.0,0.0,_500-15189_n,PQ,1.0,1.0,1.0,7621.02355330306,1000000.0,0.95,1.05,0,0,b,False,False,False,47.6654346643077,-117.39314632419
641,0.0,0.0,0.0,0.0,0.0,0.0,_402-2389656_sn,PQ,1.0,1.0,1.0,7621.02355330306,1000000.0,0.95,1.05,0,0,abc,False,False,False,47.6661594025267,-117.393060364024
642,0.0,0.0,0.0,0.0,0.0,0.0,_402-2389656_ln,PQ,1.0,1.0,1.0,7621.02355330306,1000000.0,0.95,1.05,0,0,abc,False,False,False,47.6661594025267,-117.393060364024
643,0.0,0.0,0.0,0.0,0.0,0.0,_500-4573504_n,PQ,1.0,1.0,1.0,7621.02355330306,1000000.0,0.95,1.05,0,0,a,False,False,False,47.6661594025267,-117.393060364024
644,0.0,0.0,0.0,0.0,0.0,0.0,_395-3133231_sn,PQ,1.0,1.0,1.0,7621.02355330306,1000000.0,0.95,1.05,0,0,a,False,False,False,47.6666386823184,-117.392954759188
645,0.0,0.0,0.0,0.0,0.0,0.0,_391-2625460_n,PQ,1.0,1.0,1.0,7621.02355330306,1000000.0,0.95,1.05,0,0,abc,False,False,False,47.6666371936212,-117.392897924636
646,0.0,0.0,0.0,0.0,0.0,0.0,_391-2625460_ln,PQ,1.0,1.0,1.0,119.99994404998696,1000000.0,0.95,1.05,0,0,abc,False,False,False,47.6666686190304,-117.392924574042
647,0.003489999316907592,0.0007099984731494347,0.0034899983569097594,0.0007099984387579081,0.0034899982636714313,0.0007099971082136433,_406-3508645_n,PQ,1.0,1.0,1.0,119.99994404998696,1000000.0,0.95,1.05,0,0,abc,False,True,False,47.6667114792161,-117.392899257021
648,0.0,0.0,0.0,0.0,0.0,0.0,_395-3133233_sn,PQ,1.0,1.0,1.0,7621.02355330306,1000000.0,0.95,1.05,0,0,c,False,False,False,47.6666371936212,-117.392897924636
649,0.0,0.0,0.0,0.0,0.0,0.0,_500-4573652_n,PQ,1.0,1.0,1.0,7621.02355330306,1000000.0,0.95,1.05,0,0,c,False,False,False,47.6661594025267,-117.393060364024
650,0.0,0.0,0.0,0.0,0.0,0.0,_395-3133232_sn,PQ,1.0,1.0,1.0,7621.02355330306,1000000.0,0.95,1.05,0,0,b,False,False,False,47.6666323125539,-117.392926284263
651,0.0,0.0,0.0,0.0,0.0,0.0,_500-4573650_n,PQ,1.0,1.0,1.0,7621.02355330306,1000000.0,0.95,1.05,0,0,b,False,False,False,47.6661594025267,-117.393060364024
652,0.0,0.0,0.0,0.0,0.0,0.0,_409-23037_n_sec,PQ,1.0,1.0,1.0,119.99994404998696,1000000.0,0.95,1.05,0,0,abc,False,False,False,47.6661755154516,-117.393381327938
653,0.00183999818563788,0.00037333204993427794,0.0018399982907661328,0.00037333239062817725,0.0018399975565159764,0.00037333152846328634,_406-92758_n,PQ,1.0,1.0,1.0,119.99994404998696,1000000.0,0.95,1.05,0,0,abc,False,True,False,47.665861753143,-117.393438084277
654,0.0,0.0,0.0,0.0,0.0,0.0,_409-23127_n_sec,PQ,1.0,1.0,1.0,119.99994404998696,1000000.0,0.95,1.05,0,0,abc,False,False,False,47.6658110875423,-117.39513392226
655,0.0011033331227574782,0.00022333285504475152,0.0011033328180517416,0.00022333284224182386,0.0011033327927582799,0.00022333242472865263,_406-92757_n,PQ,1.0,1.0,1.0,119.99994404998696,1000000.0,0.95,1.05,0,0,abc,False,True,False,47.6659206043649,-117.395008450919
656,0.0,0.0,0.0,0.0,0.0,0.0,_403-142226_sn,PQ,1.0,1.0,1.0,7621.02355330306,1000000.0,0.95,1.05,0,0,bc,False,False,False,47.6641891119212,-117.395167623775
657,0.0,0.0,0.0,0.0,0.0,0.0,_403-142226_ln,PQ,1.0,1.0,1.0,7621.02355330306,1000000.0,0.95,1.05,0,0,bc,False,False,False,47.6641891119212,-117.395167623775
658,0.0,0.0,0.0,0.0,0.0,0.0,_409-1365332_n,PQ,1.0,1.0,1.0,7621.02355330306,1000000.0,0.95,1.05,0,0,bc,False,False,False,47.6641826548767,-117.395312926539
659,0.0,0.0,0.0,0.0,0.0,0.0,_409-1365332_n_sec,PQ,1.0,1.0,1.0,119.99994404998696,1000000.0,0.95,1.05,0,0,ab,False,False,False,47.6641826548767,-117.395312926539
660,0.0,0.0,0.0,0.0,0.0,0.0,_500-3175212_n,PQ,1.0,1.0,1.0,119.99994404998696,1000000.0,0.95,1.05,0,0,ab,False,False,False,47.6641479971108,-117.395139515172
661,0.0008049993462779731,0.00016499927487385286,0.0008049993462777572,0.00016499927487373427,0.0,0.0,_406-92255_n,PQ,1.0,1.0,1.0,119.99994404998696,1000000.0,0.95,1.05,0,0,ab,False,True,False,47.6640850734425,-117.39513496237
662,0.00017999990366266184,3.4999845805297174e-05,0.00017999990366264707,3.4999845805288805e-05,0.0,0.0,_406-92254_n,PQ,1.0,1.0,1.0,119.99994404998696,1000000.0,0.95,1.05,0,0,ab,False,True,False,47.6640835541098,-117.395052284316
663,0.0,0.0,0.0,0.0,0.0,0.0,_403-142227_sn,PQ,1.0,1.0,1.0,7621.02355330306,1000000.0,0.95,1.05,0,0,bc,False,False,False,47.6641803748316,-117.39534696976
664,0.0,0.0,0.0,0.0,0.0,0.0,_403-142227_ln,PQ,1.0,1.0,1.0,7621.02355330306,1000000.0,0.95,1.05,0,0,bc,False,False,False,47.6641803748316,-117.39534696976
665,0.0,0.0,0.0,0.0,0.0,0.0,_409-23112_n,PQ,1.0,1.0,1.0,7621.02355330306,1000000.0,0.95,1.05,0,0,bc,False,False,False,47.6641781108299,-117.395895051155
666,0.0,0.0,0.0,0.0,0.0,0.0,_409-23112_n_sec,PQ,1.0,1.0,1.0,119.99994404998696,1000000.0,0.95,1.05,0,0,bc,False,False,False,47.6641781108299,-117.395895051155
667,0.0,0.0,0.0037549892006865783,0.0007599968948122166,0.0037549959670696077,0.0007599940100208417,_406-92253_n,PQ,1.0,1.0,1.0,119.99994404998696,1000000.0,0.95,1.05,0,0,bc,False,True,False,47.6640374856332,-117.396032048916
668,0.0,0.0,0.0,0.0,0.0,0.0,_500-15186_n,PQ,1.0,1.0,1.0,7621.02355330306,1000000.0,0.95,1.05,0,0,bc,False,False,False,47.6641779658348,-117.39592752266
669,0.0,0.0,0.0,0.0,0.0,0.0,_500-2177604_n,PQ,1.0,1.0,1.0,7621.02355330306,1000000.0,0.95,1.05,0,0,abc,False,False,False,47.6631260125832,-117.394911379234
670,0.0,0.0,0.0,0.0,0.0,0.0,_500-15180_n,PQ,1.0,1.0,1.0,7621.02355330306,1000000.0,0.95,1.05,0,0,abc,False,False,False,47.6631272537614,-117.394147472545
671,0.0,0.0,0.0,0.0,0.0,0.0,_402-36898_sn,PQ,1.0,1.0,1.0,7621.02355330306,1000000.0,0.95,1.05,0,0,ac,False,False,False,47.6631937946421,-117.394106937837
672,0.0,0.0,0.0,0.0,0.0,0.0,_402-36898_ln,PQ,1.0,1.0,1.0,7621.02355330306,1000000.0,0.95,1.05,0,0,ac,False,False,False,47.6631937946421,-117.394106937837
673,0.0,0.0,0.0,0.0,0.0,0.0,_409-23078_n,PQ,1.0,1.0,1.0,7621.02355330306,1000000.0,0.95,1.05,0,0,ac,False,False,False,47.6635807817336,-117.393871152401
674,0.0,0.0,0.0,0.0,0.0,0.0,_409-23078_n_sec,PQ,1.0,1.0,1.0,119.99994404998696,1000000.0,0.95,1.05,0,0,ac,False,False,False,47.6636011659795,-117.393859150641
675,0.000499999912775001,9.999977453673387e-05,0.0,0.0,0.0004999997332812269,9.999959293742898e-05,_406-92663_n,PQ,1.0,1.0,1.0,119.99994404998696,1000000.0,0.95,1.05,0,0,ac,False,True,False,47.6634264546006,-117.394186963106
676,0.0,0.0,0.0,0.0,0.0,0.0,_500-3352178_n,PQ,1.0,1.0,1.0,119.99994404998696,1000000.0,0.95,1.05,0,0,ac,False,False,False,47.6636019069323,-117.393821190817
677,0.0,0.0,0.0,0.0,0.0,0.0,_406-2083082_n,PQ,1.0,1.0,1.0,119.99994404998696,1000000.0,0.95,1.05,0,0,ac,False,True,False,47.6635759338511,-117.393852171417
678,0.0,0.0,0.0,0.0,0.0,0.0,_500-3352179_n,PQ,1.0,1.0,1.0,119.99994404998696,1000000.0,0.95,1.05,0,0,ac,False,False,False,47.6636093042502,-117.393459129312
679,0.0,0.0,0.0,0.0,0.0,0.0,_500-3352177_n,PQ,1.0,1.0,1.0,119.99994404998696,1000000.0,0.95,1.05,0,0,ac,False,False,False,47.6638177604318,-117.393396582899
680,0.0,0.0,0.0,0.0,0.0,0.0,_406-2083087_n,PQ,1.0,1.0,1.0,119.99994404998696,1000000.0,0.95,1.05,0,0,ac,False,True,False,47.6638187786459,-117.393409517423
681,0.0,0.0,0.0,0.0,0.0,0.0,_406-2083084_n,PQ,1.0,1.0,1.0,119.99994404998696,1000000.0,0.95,1.05,0,0,ac,False,True,False,47.663812340173,-117.3933745339
682,0.0,0.0,0.0,0.0,0.0,0.0,_406-2083083_n,PQ,1.0,1.0,1.0,119.99994404998696,1000000.0,0.95,1.05,0,0,ac,False,True,False,47.6636158088929,-117.393430110665
683,0.0,0.0,0.0,0.0,0.0,0.0,_409-23071_n,PQ,1.0,1.0,1.0,7621.02355330306,1000000.0,0.95,1.05,0,0,ac,False,False,False,47.6638912110601,-117.393688275036
684,0.0,0.0,0.0,0.0,0.0,0.0,_409-23071_n_sec,PQ,1.0,1.0,1.0,119.99994404998696,1000000.0,0.95,1.05,0,0,ac,False,False,False,47.6638912110601,-117.393688275036
685,0.0017549990608286927,0.00035499786498497456,0.0,0.0,0.0017549942388786614,0.00035499744189712665,_406-92662_n,PQ,1.0,1.0,1.0,119.99994404998696,1000000.0,0.95,1.05,0,0,ac,False,True,False,47.6640744459244,-117.394150080235
686,0.0,0.0,0.0,0.0,0.0,0.0,_500-15185_n,PQ,1.0,1.0,1.0,7621.02355330306,1000000.0,0.95,1.05,0,0,ac,False,False,False,47.6639115725956,-117.393676274635
687,0.0,0.0,0.0,0.0,0.0,0.0,_409-1470612_n,PQ,1.0,1.0,1.0,7621.02355330306,1000000.0,0.95,1.05,0,0,a,False,False,False,47.663988533801,-117.39363938944
688,0.0,0.0,0.0,0.0,0.0,0.0,_500-3409121_n,PQ,1.0,1.0,1.0,7621.02355330306,1000000.0,0.95,1.05,0,0,a,False,False,False,47.6640088564796,-117.393628337112
689,0.0,0.0,0.0,0.0,0.0,0.0,_409-1470612_n_sec,PQ,1.0,1.0,1.0,119.99994404998696,1000000.0,0.95,1.05,0,0,ab,False,False,False,47.663988533801,-117.39363938944
690,0.0010249998237384012,0.00020499957309550097,0.0010249998237383928,0.00020499957309549677,0.0,0.0,_406-2457139_n,PQ,1.0,1.0,1.0,119.99994404998696,1000000.0,0.95,1.05,0,0,ab,False,True,False,47.664095700239,-117.393520157263
691,0.0,0.0,0.0,0.0,0.0,0.0,_409-748548_n,PQ,1.0,1.0,1.0,7621.02355330306,1000000.0,0.95,1.05,0,0,abc,False,False,False,47.6631259636088,-117.394025369555
692,0.0,0.0,0.0,0.0,0.0,0.0,_409-748548_n_sec,PQ,1.0,1.0,1.0,277.1281292110204,1000000.0,0.95,1.05,0,0,abc,False,False,False,47.6631259636088,-117.394025369555
693,0.0,0.0,0.0,0.0,0.0,0.0,_406-1358181_n,PQ,1.0,1.0,1.0,277.1281292110204,1000000.0,0.95,1.05,0,0,abc,False,True,False,47.6629443514043,-117.394103055039
694,0.0,0.0,0.0,0.0,0.0,0.0,_403-666121_sn,PQ,1.0,1.0,1.0,7621.02355330306,1000000.0,0.95,1.05,0,0,abc,False,False,False,47.6631241228074,-117.393964439287
695,0.0,0.0,0.0,0.0,0.0,0.0,_403-666121_ln,PQ,1.0,1.0,1.0,7621.02355330306,1000000.0,0.95,1.05,0,0,abc,False,False,False,47.6631241228074,-117.393964439287
696,0.0,0.0,0.0,0.0,0.0,0.0,_409-748547_n,PQ,1.0,1.0,1.0,7621.02355330306,1000000.0,0.95,1.05,0,0,abc,False,False,False,47.6631238534297,-117.393916766453
697,0.0,0.0,0.0,0.0,0.0,0.0,_409-748547_n_sec,PQ,1.0,1.0,1.0,119.99994404998696,1000000.0,0.95,1.05,0,0,abc,False,False,False,47.6631238534297,-117.393916766453
698,0.007779256685514248,0.0015795579702407197,0.007844910389048792,0.001592888524811921,0.007839626653545343,0.0015918127161816651,_406-92661_n,PQ,1.0,1.0,1.0,119.99994404998696,1000000.0,0.95,1.05,0,0,abc,False,True,False,47.6628417692281,-117.394061414964
699,0.00060333323881923,0.00012333308082548752,0.0006033330687576501,0.0001233330670287653,0.0006033330676112188,0.00012333284445812184,_406-92664_n,PQ,1.0,1.0,1.0,119.99994404998696,1000000.0,0.95,1.05,0,0,abc,False,True,False,47.6632771559583,-117.393786683658
700,0.0,0.0,0.0,0.0,0.0,0.0,_500-1287167_n,PQ,1.0,1.0,1.0,7621.02355330306,1000000.0,0.95,1.05,0,0,abc,False,False,False,47.6631209725566,-117.393410180683
701,0.0,0.0,0.0,0.0,0.0,0.0,_402-922103_sn,PQ,1.0,1.0,1.0,7621.02355330306,1000000.0,0.95,1.05,0,0,abc,False,False,False,47.6631066941126,-117.3916367598
702,0.0,0.0,0.0,0.0,0.0,0.0,_402-922103_ln,PQ,1.0,1.0,1.0,7621.02355330306,1000000.0,0.95,1.05,0,0,abc,False,False,False,47.6631066941126,-117.3916367598
703,0.0,0.0,0.0,0.0,0.0,0.0,_500-2131167_n,PQ,1.0,1.0,1.0,7621.02355330306,1000000.0,0.95,1.05,0,0,a,False,False,False,47.6630793147756,-117.39163471995
704,0.0,0.0,0.0,0.0,0.0,0.0,_395-1522794_sn,PQ,1.0,1.0,1.0,7621.02355330306,1000000.0,0.95,1.05,0,0,a,False,False,False,47.663027390674,-117.391538268517
705,0.0,0.0,0.0,0.0,0.0,0.0,_391-1172438_n,PQ,1.0,1.0,1.0,7621.02355330306,1000000.0,0.95,1.05,0,0,abc,False,False,False,47.6630451892822,-117.39152573047
706,0.0,0.0,0.0,0.0,0.0,0.0,_395-1522791_ln,PQ,1.0,1.0,1.0,7621.02355330306,1000000.0,0.95,1.05,0,0,a,False,False,False,47.6630549308987,-117.391423426903
707,0.0,0.0,0.0,0.0,0.0,0.0,_395-1522788_sn,PQ,1.0,1.0,1.0,7621.02355330306,1000000.0,0.95,1.05,0,0,a,False,False,False,47.6633647838482,-117.391389672056
708,0.0,0.0,0.0,0.0,0.0,0.0,_391-809851_n,PQ,1.0,1.0,1.0,7621.02355330306,1000000.0,0.95,1.05,0,0,abc,False,False,False,47.6634225251567,-117.391295378419
709,0.0,0.0,0.0,0.0,0.0,0.0,_395-1522789_sn,PQ,1.0,1.0,1.0,7621.02355330306,1000000.0,0.95,1.05,0,0,b,False,False,False,47.6633746086266,-117.391414953326
710,0.0,0.0,0.0,0.0,0.0,0.0,_395-1522792_ln,PQ,1.0,1.0,1.0,7621.02355330306,1000000.0,0.95,1.05,0,0,b,False,False,False,47.6630634118154,-117.391449756257
711,0.0,0.0,0.0,0.0,0.0,0.0,_395-1695815_ln,PQ,1.0,1.0,1.0,7621.02355330306,1000000.0,0.95,1.05,0,0,c,False,False,False,47.6634402865066,-117.391307176193
712,0.0,0.0,0.0,0.0,0.0,0.0,_411-1709880-0_n,PQ,1.0,1.0,1.0,7621.02355330306,1000000.0,0.95,1.05,0,0,c,False,False,False,47.6634631144609,-117.391175228577
713,0.0,0.0,0.0,0.0,0.0,0.0,_395-1522755_ln,PQ,1.0,1.0,1.0,7621.02355330306,1000000.0,0.95,1.05,0,0,b,False,False,False,47.6634534519966,-117.391327894487
714,0.0,0.0,0.0,0.0,0.0,0.0,_395-1522756_sn,PQ,1.0,1.0,1.0,7621.02355330306,1000000.0,0.95,1.05,0,0,b,False,False,False,47.6636567786961,-117.390942384792
715,0.0,0.0,0.0,0.0,0.0,0.0,_391-987477_n,PQ,1.0,1.0,1.0,7621.02355330306,1000000.0,0.95,1.05,0,0,b,False,False,False,47.6636567786961,-117.390942384792
716,0.0,0.0,0.0,0.0,0.0,0.0,_391-987477_ln,PQ,1.0,1.0,1.0,119.99994404998696,1000000.0,0.95,1.05,0,0,ab,False,False,False,47.6636720711056,-117.390945090557
717,0.00017999992466384497,3.4999921378967813e-05,0.00017999992466384503,3.4999921378967935e-05,0.0,0.0,_406-1221842_n,PQ,1.0,1.0,1.0,119.99994404998696,1000000.0,0.95,1.05,0,0,ab,False,True,False,47.6637204790889,-117.390948176804
718,0.0,0.0,0.0,0.0,0.0,0.0,_500-2131378_n,PQ,1.0,1.0,1.0,119.99994404998696,1000000.0,0.95,1.05,0,0,ab,False,False,False,47.6637102405082,-117.391086291603
719,0.0,0.0,0.0,0.0,0.0,0.0,_500-1287208_n,PQ,1.0,1.0,1.0,119.99994404998696,1000000.0,0.95,1.05,0,0,ab,False,False,False,47.6631126842852,-117.391801059183
720,0.0,0.0,0.0,0.0,0.0,0.0,_500-2239731_n,PQ,1.0,1.0,1.0,119.99994404998696,1000000.0,0.95,1.05,0,0,ab,False,False,False,47.6629033598907,-117.391937853853
721,0.0,0.0,0.0,0.0,0.0,0.0,_500-1287209_n,PQ,1.0,1.0,1.0,119.99994404998696,1000000.0,0.95,1.05,0,0,ab,False,False,False,47.6634237401982,-117.391587115075
722,0.0,0.0,0.0,0.0,0.0,0.0,_395-1522790_sn,PQ,1.0,1.0,1.0,7621.02355330306,1000000.0,0.95,1.05,0,0,c,False,False,False,47.6633901184119,-117.391432369445
723,0.0,0.0,0.0,0.0,0.0,0.0,_395-1522793_ln,PQ,1.0,1.0,1.0,7621.02355330306,1000000.0,0.95,1.05,0,0,c,False,False,False,47.6630642821168,-117.39147854187
724,0.0,0.0,0.0,0.0,0.0,0.0,_395-1695811_ln,PQ,1.0,1.0,1.0,7621.02355330306,1000000.0,0.95,1.05,0,0,a,False,False,False,47.6634028159749,-117.391294732147
725,0.0,0.0,0.0,0.0,0.0,0.0,_411-1709878-0_n,PQ,1.0,1.0,1.0,7621.02355330306,1000000.0,0.95,1.05,0,0,a,False,False,False,47.6634255580557,-117.391163328811
726,0.0,0.0,0.0,0.0,0.0,0.0,_395-1695813_ln,PQ,1.0,1.0,1.0,7621.02355330306,1000000.0,0.95,1.05,0,0,b,False,False,False,47.6634225251567,-117.391295378419
727,0.0,0.0,0.0,0.0,0.0,0.0,_411-1709879-0_n,PQ,1.0,1.0,1.0,7621.02355330306,1000000.0,0.95,1.05,0,0,b,False,False,False,47.6634443360046,-117.391169270294
728,0.0,0.0,0.0,0.0,0.0,0.0,_395-1566093_ln,PQ,1.0,1.0,1.0,7621.02355330306,1000000.0,0.95,1.05,0,0,b,False,False,False,47.6629943874917,-117.391401354472
729,0.0,0.0,0.0,0.0,0.0,0.0,_395-1566096_sn,PQ,1.0,1.0,1.0,7621.02355330306,1000000.0,0.95,1.05,0,0,b,False,False,False,47.6629111347105,-117.391445221004
730,0.0,0.0,0.0,0.0,0.0,0.0,_391-1214037_n,PQ,1.0,1.0,1.0,7621.02355330306,1000000.0,0.95,1.05,0,0,abc,False,False,False,47.6628938884338,-117.391460987085
731,0.0,0.0,0.0,0.0,0.0,0.0,_395-1566095_sn,PQ,1.0,1.0,1.0,7621.02355330306,1000000.0,0.95,1.05,0,0,a,False,False,False,47.6628938884338,-117.391460987085
732,0.0,0.0,0.0,0.0,0.0,0.0,_395-1566092_ln,PQ,1.0,1.0,1.0,7621.02355330306,1000000.0,0.95,1.05,0,0,a,False,False,False,47.6630135139295,-117.391394382633
733,0.0,0.0,0.0,0.0,0.0,0.0,_391-1214037_ln,PQ,1.0,1.0,1.0,119.99994404998696,1000000.0,0.95,1.05,0,0,abc,False,False,False,47.662920158474,-117.391497025572
734,0.002073332790112261,0.0004233323871655576,0.002073332275288338,0.0004233324269437191,0.0020733320890048202,0.0004233315886335139,_406-1448211_n,PQ,1.0,1.0,1.0,119.99994404998696,1000000.0,0.95,1.05,0,0,abc,False,True,False,47.6628356899956,-117.391660114451
735,0.0,0.0,0.0,0.0,0.0,0.0,_395-1566097_sn,PQ,1.0,1.0,1.0,7621.02355330306,1000000.0,0.95,1.05,0,0,c,False,False,False,47.6629308950335,-117.391445678832
736,0.0,0.0,0.0,0.0,0.0,0.0,_395-1566094_ln,PQ,1.0,1.0,1.0,7621.02355330306,1000000.0,0.95,1.05,0,0,c,False,False,False,47.6629787773111,-117.391418594035
737,0.0,0.0,0.0,0.0,0.0,0.0,_395-1522795_sn,PQ,1.0,1.0,1.0,7621.02355330306,1000000.0,0.95,1.05,0,0,b,False,False,False,47.6630451892822,-117.39152573047
738,0.0,0.0,0.0,0.0,0.0,0.0,_500-2131649_n,PQ,1.0,1.0,1.0,7621.02355330306,1000000.0,0.95,1.05,0,0,b,False,False,False,47.6630885625874,-117.391606324205
739,0.0,0.0,0.0,0.0,0.0,0.0,_395-1523388_sn,PQ,1.0,1.0,1.0,7621.02355330306,1000000.0,0.95,1.05,0,0,c,False,False,False,47.6630581343858,-117.391504191216
740,0.0,0.0,0.0,0.0,0.0,0.0,_500-2131651_n,PQ,1.0,1.0,1.0,7621.02355330306,1000000.0,0.95,1.05,0,0,c,False,False,False,47.6631066941126,-117.3916367598
741,0.0,0.0,0.0,0.0,0.0,0.0,_402-956022_sn,PQ,1.0,1.0,1.0,7621.02355330306,1000000.0,0.95,1.05,0,0,abc,False,False,False,47.6630896855477,-117.394972159865
742,0.0,0.0,0.0,0.0,0.0,0.0,_402-956022_ln,PQ,1.0,1.0,1.0,7621.02355330306,1000000.0,0.95,1.05,0,0,abc,False,False,False,47.6630896855477,-117.394972159865
743,0.0,0.0,0.0,0.0,0.0,0.0,_500-2177610_n,PQ,1.0,1.0,1.0,7621.02355330306,1000000.0,0.95,1.05,0,0,c,False,False,False,47.6630896855477,-117.394972159865
744,0.0,0.0,0.0,0.0,0.0,0.0,_395-1556526_sn,PQ,1.0,1.0,1.0,7621.02355330306,1000000.0,0.95,1.05,0,0,c,False,False,False,47.6622891465946,-117.395095396047
745,0.0,0.0,0.0,0.0,0.0,0.0,_391-1204452_n,PQ,1.0,1.0,1.0,7621.02355330306,1000000.0,0.95,1.05,0,0,abc,False,False,False,47.6622979383038,-117.395069185544
746,0.0,0.0,0.0,0.0,0.0,0.0,_395-1556525_sn,PQ,1.0,1.0,1.0,7621.02355330306,1000000.0,0.95,1.05,0,0,b,False,False,False,47.6622979383038,-117.395069185544
747,0.0,0.0,0.0,0.0,0.0,0.0,_500-2177608_n,PQ,1.0,1.0,1.0,7621.02355330306,1000000.0,0.95,1.05,0,0,b,False,False,False,47.6630705199582,-117.395001177671
748,0.0,0.0,0.0,0.0,0.0,0.0,_391-1204452_ln,PQ,1.0,1.0,1.0,119.99994404998696,1000000.0,0.95,1.05,0,0,abc,False,False,False,47.6622635587401,-117.395059698147
749,0.0027033300283789844,0.0005466646370959748,0.0027033303751882775,0.0005466651959322959,0.002703329223812471,0.0005466639317010356,_406-1440515_n,PQ,1.0,1.0,1.0,119.99994404998696,1000000.0,0.95,1.05,0,0,abc,False,True,False,47.662318412128,-117.394721784338
750,0.0,0.0,0.0,0.0,0.0,0.0,_395-1556524_sn,PQ,1.0,1.0,1.0,7621.02355330306,1000000.0,0.95,1.05,0,0,a,False,False,False,47.662295752889,-117.395039359929
751,0.0,0.0,0.0,0.0,0.0,0.0,_500-2177606_n,PQ,1.0,1.0,1.0,7621.02355330306,1000000.0,0.95,1.05,0,0,a,False,False,False,47.6630896855477,-117.394972159865
752,0.0,0.0,0.0,0.0,0.0,0.0,_402-36895_sn,PQ,1.0,1.0,1.0,7621.02355330306,1000000.0,0.95,1.05,0,0,abc,False,False,False,47.6630633036359,-117.396393819169
753,0.0,0.0,0.0,0.0,0.0,0.0,_402-36895_ln,PQ,1.0,1.0,1.0,7621.02355330306,1000000.0,0.95,1.05,0,0,abc,False,False,False,47.6630633036359,-117.396393819169
754,0.0,0.0,0.0,0.0,0.0,0.0,_409-23027_n,PQ,1.0,1.0,1.0,7621.02355330306,1000000.0,0.95,1.05,0,0,abc,False,False,False,47.6630323240388,-117.396411468147
755,0.0,0.0,0.0,0.0,0.0,0.0,_409-23027_n_sec,PQ,1.0,1.0,1.0,119.99994404998696,1000000.0,0.95,1.05,0,0,abc,False,False,False,47.6630323240388,-117.396411468147
756,0.006586025909774188,0.001338535447096703,0.006593013405981929,0.0013400014064043754,0.0065930738209204675,0.0013398473324110218,_406-92756_n,PQ,1.0,1.0,1.0,119.99994404998696,1000000.0,0.95,1.05,0,0,abc,False,True,False,47.6628298366383,-117.396148700409
757,0.0,0.0,0.0,0.0,0.0,0.0,_409-23067_n,PQ,1.0,1.0,1.0,7621.02355330306,1000000.0,0.95,1.05,0,0,abc,False,False,False,47.6630192372606,-117.396418930458
758,0.0,0.0,0.0,0.0,0.0,0.0,_409-23067_n_sec,PQ,1.0,1.0,1.0,119.99994404998696,1000000.0,0.95,1.05,0,0,abc,False,False,False,47.6623632164884,-117.396216710048
759,0.0005799998865472693,0.00011666642185171714,0.000579999727598534,0.0001166664162853543,0.0005799997057514809,0.00011666619477937092,_406-92768_n,PQ,1.0,1.0,1.0,119.99994404998696,1000000.0,0.95,1.05,0,0,abc,False,True,False,47.6622974203083,-117.395709280456
760,0.0010999995513272592,0.00022333278667113573,0.001099999336672959,0.00022333284476509506,0.0010999991572312661,0.00022333238044550615,_406-92769_n,PQ,1.0,1.0,1.0,119.99994404998696,1000000.0,0.95,1.05,0,0,abc,False,True,False,47.6622371693166,-117.395707023964
761,0.0,0.0,0.0,0.0,0.0,0.0,_500-3369137_n,PQ,1.0,1.0,1.0,119.99994404998696,1000000.0,0.95,1.05,0,0,abc,False,False,False,47.6623386355496,-117.396367126276
762,0.0,0.0,0.0,0.0,0.0,0.0,_500-2846049_n,PQ,1.0,1.0,1.0,119.99994404998696,1000000.0,0.95,1.05,0,0,abc,False,False,False,47.662348363108,-117.396687927762
763,1.3333331940518747e-05,3.3333280029694454e-06,1.3333328027400459e-05,3.3333272376295593e-06,1.3333328697004098e-05,3.333322530672913e-06,_406-92631_n,PQ,1.0,1.0,1.0,119.99994404998696,1000000.0,0.95,1.05,0,0,abc,False,True,False,47.6623049876005,-117.39676793535
764,0.0,0.0,0.0,0.0,0.0,0.0,_500-2846050_n,PQ,1.0,1.0,1.0,119.99994404998696,1000000.0,0.95,1.05,0,0,abc,False,False,False,47.6627762855033,-117.396687673523
765,0.0,0.0,0.0,0.0,0.0,0.0,_500-15174_n,PQ,1.0,1.0,1.0,7621.02355330306,1000000.0,0.95,1.05,0,0,abc,False,False,False,47.6623617159672,-117.396184331718
766,0.0,0.0,0.0,0.0,0.0,0.0,_409-23064_n_sec,PQ,1.0,1.0,1.0,119.99994404998696,1000000.0,0.95,1.05,0,0,ac,False,False,False,47.6631176748919,-117.396886295237
767,0.0,0.0,0.0,0.0,0.0,0.0,_500-2251159_n,PQ,1.0,1.0,1.0,119.99994404998696,1000000.0,0.95,1.05,0,0,ac,False,False,False,47.6633110559576,-117.396336435998
768,0.00024999996852414683,4.999990025141055e-05,0.0,0.0,0.00024999990334140265,4.999980785650451e-05,_406-92629_n,PQ,1.0,1.0,1.0,119.99994404998696,1000000.0,0.95,1.05,0,0,ac,False,True,False,47.6630371550719,-117.396941297414
769,0.0,0.0,0.0,0.0,0.0,0.0,_402-722742_sn,PQ,1.0,1.0,1.0,7621.02355330306,1000000.0,0.95,1.05,0,0,abc,False,False,False,47.6626007961858,-117.398071120773
770,0.0,0.0,0.0,0.0,0.0,0.0,_402-722742_ln,PQ,1.0,1.0,1.0,7621.02355330306,1000000.0,0.95,1.05,0,0,abc,False,False,False,47.6626007961858,-117.398071120773
771,0.0,0.0,0.0,0.0,0.0,0.0,_500-1796342_n,PQ,1.0,1.0,1.0,7621.02355330306,1000000.0,0.95,1.05,0,0,b,False,False,False,47.6626007961858,-117.398071120773
772,0.0,0.0,0.0,0.0,0.0,0.0,_395-1135229_sn,PQ,1.0,1.0,1.0,7621.02355330306,1000000.0,0.95,1.05,0,0,b,False,False,False,47.6626248778428,-117.39821365889
773,0.0,0.0,0.0,0.0,0.0,0.0,_391-851127_n,PQ,1.0,1.0,1.0,7621.02355330306,1000000.0,0.95,1.05,0,0,abc,False,False,False,47.6626248778428,-117.39821365889
774,0.0,0.0,0.0,0.0,0.0,0.0,_391-851127_ln,PQ,1.0,1.0,1.0,277.1281292110204,1000000.0,0.95,1.05,0,0,abc,False,False,False,47.6626360043092,-117.398264046201
775,0.0007033332495372545,0.00014333306143340577,0.0007033330819100625,0.00014333306513037884,0.0007033330803044671,0.00014333283290744598,_406-1223123_n,PQ,1.0,1.0,1.0,277.1281292110204,1000000.0,0.95,1.05,0,0,abc,False,True,False,47.6627514944422,-117.398322493309
776,0.0,0.0,0.0,0.0,0.0,0.0,_500-1796344_n,PQ,1.0,1.0,1.0,277.1281292110204,1000000.0,0.95,1.05,0,0,abc,False,False,False,47.6626785358987,-117.39846271399
777,0.0,0.0,0.0,0.0,0.0,0.0,_395-1135230_sn,PQ,1.0,1.0,1.0,7621.02355330306,1000000.0,0.95,1.05,0,0,c,False,False,False,47.6626446437963,-117.398213176554
778,0.0,0.0,0.0,0.0,0.0,0.0,_500-1796340_n,PQ,1.0,1.0,1.0,7621.02355330306,1000000.0,0.95,1.05,0,0,c,False,False,False,47.6626446437963,-117.398213176554
779,0.0,0.0,0.0,0.0,0.0,0.0,_395-1135228_sn,PQ,1.0,1.0,1.0,7621.02355330306,1000000.0,0.95,1.05,0,0,a,False,False,False,47.6626079958248,-117.398230223057
780,0.0,0.0,0.0,0.0,0.0,0.0,_500-1796338_n,PQ,1.0,1.0,1.0,7621.02355330306,1000000.0,0.95,1.05,0,0,a,False,False,False,47.6626079958248,-117.398230223057
781,0.0,0.0,0.0,0.0,0.0,0.0,_409-1541093_ln,PQ,1.0,1.0,1.0,119.99994404998696,1000000.0,0.95,1.05,0,0,abc,False,False,False,0.0,0.0
782,0.0,0.0,0.0,0.0,0.0,0.0,_402-1615687_sn,PQ,1.0,1.0,1.0,7621.02355330306,1000000.0,0.95,1.05,0,0,abc,False,False,False,47.6584045890752,-117.39887662263
783,0.0,0.0,0.0,0.0,0.0,0.0,_402-1615687_ln,PQ,1.0,1.0,1.0,7621.02355330306,1000000.0,0.95,1.05,0,0,abc,False,False,False,47.6584045890752,-117.39887662263
784,0.0,0.0,0.0,0.0,0.0,0.0,_403-36882_sn,PQ,1.0,1.0,1.0,7621.02355330306,1000000.0,0.95,1.05,0,0,abc,False,False,False,47.6581573369912,-117.397682946665
785,0.0,0.0,0.0,0.0,0.0,0.0,_403-36882_ln,PQ,1.0,1.0,1.0,7621.02355330306,1000000.0,0.95,1.05,0,0,bc,False,False,False,47.6581573369912,-117.397682946665
786,0.0,0.0,0.0,0.0,0.0,0.0,_403-142218_sn,PQ,1.0,1.0,1.0,7621.02355330306,1000000.0,0.95,1.05,0,0,bc,False,False,False,47.6579046040807,-117.397608846487
787,0.0,0.0,0.0,0.0,0.0,0.0,_403-142218_ln,PQ,1.0,1.0,1.0,7621.02355330306,1000000.0,0.95,1.05,0,0,bc,False,False,False,47.6579046040807,-117.397608846487
788,0.0,0.0,0.0,0.0,0.0,0.0,_409-1194789_n,PQ,1.0,1.0,1.0,7621.02355330306,1000000.0,0.95,1.05,0,0,bc,False,False,False,47.6575313400659,-117.397602332392
789,0.0,0.0,0.0,0.0,0.0,0.0,_500-2890151_n,PQ,1.0,1.0,1.0,7621.02355330306,1000000.0,0.95,1.05,0,0,bc,False,False,False,47.6574821645431,-117.397600923221
790,0.0,0.0,0.0,0.0,0.0,0.0,_409-1194789_n_sec,PQ,1.0,1.0,1.0,119.99994404998696,1000000.0,0.95,1.05,0,0,bc,False,False,False,47.6575313400659,-117.397602332392
791,0.0,0.0,0.004482407228197579,0.0009103866661919081,0.004529824960678657,0.0009199407102767996,_406-92331_n,PQ,1.0,1.0,1.0,119.99994404998696,1000000.0,0.95,1.05,0,0,bc,False,True,False,47.6575057003812,-117.397117481719
792,0.0,0.0,0.0007549995362869238,0.00014999981354947575,0.0007549996360092077,0.00014999949592516313,_406-463087_n,PQ,1.0,1.0,1.0,119.99994404998696,1000000.0,0.95,1.05,0,0,bc,False,True,False,47.6576061740291,-117.397576267158
793,0.0,0.0,0.0,0.0,0.0,0.0,_409-23055_n_sec,PQ,1.0,1.0,1.0,119.99994404998696,1000000.0,0.95,1.05,0,0,bc,False,False,False,47.6579977335032,-117.398932305661
794,0.0,0.0,0.0033399946775875514,0.0006749984628288394,0.003339998242830975,0.0006749972652505865,_406-92373_n,PQ,1.0,1.0,1.0,119.99994404998696,1000000.0,0.95,1.05,0,0,bc,False,True,False,47.6579811200124,-117.399169157449
795,0.0,0.0,0.0,0.0,0.0,0.0,_402-2105415_sn,PQ,1.0,1.0,1.0,7621.02355330306,1000000.0,0.95,1.05,0,0,abc,False,False,False,47.6567629848613,-117.399038190754
796,0.0,0.0,0.0,0.0,0.0,0.0,_402-2105415_ln,PQ,1.0,1.0,1.0,7621.02355330306,1000000.0,0.95,1.05,0,0,abc,False,False,False,47.6567629848613,-117.399038190754
797,0.0,0.0,0.0,0.0,0.0,0.0,_409-22381_n,PQ,1.0,1.0,1.0,7621.02355330306,1000000.0,0.95,1.05,0,0,abc,False,False,False,47.6567374939879,-117.399798446943
798,0.0,0.0,0.0,0.0,0.0,0.0,_409-1450774_n,PQ,1.0,1.0,1.0,7621.02355330306,1000000.0,0.95,1.05,0,0,abc,False,False,False,47.6567364145113,-117.399830874511
799,0.0,0.0,0.0,0.0,0.0,0.0,_409-1450774_n_sec,PQ,1.0,1.0,1.0,119.99994404998696,1000000.0,0.95,1.05,0,0,abc,False,False,False,47.6567349721264,-117.400325700032
800,0.0006799998971586406,0.0001366665310314442,0.0006799998409385125,0.0001366665459614176,0.000679999803345671,0.00013666644236981886,_406-92419_n,PQ,1.0,1.0,1.0,119.99994404998696,1000000.0,0.95,1.05,0,0,abc,False,True,False,47.656953957705,-117.400228988184
801,0.0,0.0,0.0,0.0,0.0,0.0,_500-4125309_n,PQ,1.0,1.0,1.0,7621.02355330306,1000000.0,0.95,1.05,0,0,abc,False,False,False,47.6567403827265,-117.400770651823
802,0.0,0.0,0.0,0.0,0.0,0.0,_409-23049_n,PQ,1.0,1.0,1.0,7621.02355330306,1000000.0,0.95,1.05,0,0,abc,False,False,False,47.6567437331925,-117.400957087642
803,0.0,0.0,0.0,0.0,0.0,0.0,_409-23049_n_sec,PQ,1.0,1.0,1.0,119.99994404998696,1000000.0,0.95,1.05,0,0,abc,False,False,False,47.6567437331925,-117.400957087642
804,0.001304998971100425,0.00026499957120800443,0.0013049996328731595,0.0002649995278161235,0.0,0.0,_406-92374_n,PQ,1.0,1.0,1.0,119.99994404998696,1000000.0,0.95,1.05,0,0,ab,False,True,False,47.6564155752604,-117.400911630135
805,0.0,0.0,0.0,0.0,0.0,0.0,_409-23035_n,PQ,1.0,1.0,1.0,7621.02355330306,1000000.0,0.95,1.05,0,0,abc,False,False,False,47.6567541314709,-117.401358876476
806,0.0,0.0,0.0,0.0,0.0,0.0,_409-23035_n_sec,PQ,1.0,1.0,1.0,119.99994404998696,1000000.0,0.95,1.05,0,0,abc,False,False,False,47.6567541314709,-117.401358876476
807,0.0,0.0,0.0,0.0,0.0,0.0,_406-2075826_n,PQ,1.0,1.0,1.0,119.99994404998696,1000000.0,0.95,1.05,0,0,abc,False,True,False,47.6567508443309,-117.401392610797
808,0.0032599994224123347,0.0006633326446425172,0.0032599991742387766,0.0006633327369134251,0.0032599989615516105,0.0006633322252228356,_406-92375_n,PQ,1.0,1.0,1.0,119.99994404998696,1000000.0,0.95,1.05,0,0,abc,False,True,False,47.656812629381,-117.401314357005
809,0.0,0.0,0.0,0.0,0.0,0.0,_409-2046771_n,PQ,1.0,1.0,1.0,7621.02355330306,1000000.0,0.95,1.05,0,0,abc,False,False,False,47.6567451750863,-117.401729468577
810,0.0,0.0,0.0,0.0,0.0,0.0,_409-23030_n,PQ,1.0,1.0,1.0,7621.02355330306,1000000.0,0.95,1.05,0,0,abc,False,False,False,47.6567435491695,-117.401752791493
811,0.0,0.0,0.0,0.0,0.0,0.0,_409-22383_n,PQ,1.0,1.0,1.0,7621.02355330306,1000000.0,0.95,1.05,0,0,abc,False,False,False,47.6567424338784,-117.402685580202
812,0.0,0.0,0.0,0.0,0.0,0.0,_409-22383_n_sec,PQ,1.0,1.0,1.0,119.99994404998696,1000000.0,0.95,1.05,0,0,abc,False,False,False,47.6567424338784,-117.402685580202
813,0.0019466660970221285,0.00039333285510740544,0.0019466660119448567,0.00039333294449432285,0.0019466658327707434,0.0003933326254593737,_406-92378_n,PQ,1.0,1.0,1.0,119.99994404998696,1000000.0,0.95,1.05,0,0,abc,False,True,False,47.6568539819561,-117.402897126809
814,0.0006533332177606485,0.0001333331936090869,0.0006533331680808341,0.00013333321280354775,0.0006533331251219788,0.00013333310999307595,_406-92377_n,PQ,1.0,1.0,1.0,119.99994404998696,1000000.0,0.95,1.05,0,0,abc,False,True,False,47.6570064299076,-117.402951347728
815,0.0,0.0,0.0,0.0,0.0,0.0,_500-14012_n,PQ,1.0,1.0,1.0,7621.02355330306,1000000.0,0.95,1.05,0,0,abc,False,False,False,47.6567438518325,-117.402802409688
816,0.0,0.0,0.0,0.0,0.0,0.0,_403-37196_sn,PQ,1.0,1.0,1.0,7621.02355330306,1000000.0,0.95,1.05,0,0,abc,False,False,False,47.656733418334,-117.403484916938
817,0.0,0.0,0.0,0.0,0.0,0.0,_403-37196_ln,PQ,1.0,1.0,1.0,7621.02355330306,1000000.0,0.95,1.05,0,0,abc,False,False,False,47.656733418334,-117.403484916938
818,0.0,0.0,0.0,0.0,0.0,0.0,_409-23109_n,PQ,1.0,1.0,1.0,7621.02355330306,1000000.0,0.95,1.05,0,0,abc,False,False,False,47.656733213942,-117.403517370724
819,0.0,0.0,0.0,0.0,0.0,0.0,_409-23109_n_sec,PQ,1.0,1.0,1.0,119.99994404998696,1000000.0,0.95,1.05,0,0,ab,False,False,False,47.656733213942,-117.403517370724
820,0.0005149999026947231,0.00010499988791821632,0.0005149999026947015,0.0001049998879182043,0.0,0.0,_406-2300055_n,PQ,1.0,1.0,1.0,119.99994404998696,1000000.0,0.95,1.05,0,0,ab,False,True,False,47.6567776958889,-117.40354833448
821,0.0,0.0,0.0,0.0,0.0,0.0,_402-2105095_sn,PQ,1.0,1.0,1.0,7621.02355330306,1000000.0,0.95,1.05,0,0,abc,False,False,False,47.6567329149019,-117.403566066678
822,0.0,0.0,0.0,0.0,0.0,0.0,_402-2105095_ln,PQ,1.0,1.0,1.0,7621.02355330306,1000000.0,0.95,1.05,0,0,abc,False,False,False,47.6567329149019,-117.403566066678
823,0.0,0.0,0.0,0.0,0.0,0.0,_409-22700_n,PQ,1.0,1.0,1.0,7621.02355330306,1000000.0,0.95,1.05,0,0,abc,False,False,False,47.6567286894311,-117.404253902304
824,0.0,0.0,0.0,0.0,0.0,0.0,_409-22700_n_sec,PQ,1.0,1.0,1.0,119.99994404998696,1000000.0,0.95,1.05,0,0,abc,False,False,False,47.6567286894311,-117.404253902304
825,0.0003033332893663682,5.999993828347275e-05,0.00030333326406281857,5.9999945391817185e-05,0.00030333324787560777,5.999989945533868e-05,_406-92424_n,PQ,1.0,1.0,1.0,119.99994404998696,1000000.0,0.95,1.05,0,0,abc,False,True,False,47.6570873055108,-117.404178394475
826,0.0,0.0,0.0,0.0,0.0,0.0,_500-14010_n,PQ,1.0,1.0,1.0,7621.02355330306,1000000.0,0.95,1.05,0,0,abc,False,False,False,47.656731250643,-117.405063175252
827,0.0,0.0,0.0,0.0,0.0,0.0,_409-23115_n,PQ,1.0,1.0,1.0,7621.02355330306,1000000.0,0.95,1.05,0,0,abc,False,False,False,47.6567261126798,-117.40576687717
828,0.0,0.0,0.0,0.0,0.0,0.0,_409-23103_n,PQ,1.0,1.0,1.0,7621.02355330306,1000000.0,0.95,1.05,0,0,abc,False,False,False,47.6567256950393,-117.405799774026
829,0.0,0.0,0.0,0.0,0.0,0.0,_403-1235114_sn,PQ,1.0,1.0,1.0,7621.02355330306,1000000.0,0.95,1.05,0,0,abc,False,False,False,47.6567192528187,-117.407425928848
830,0.0,0.0,0.0,0.0,0.0,0.0,_403-1235114_ln,PQ,1.0,1.0,1.0,7621.02355330306,1000000.0,0.95,1.05,0,0,abc,False,False,False,47.6567192528187,-117.407425928848
831,0.0,0.0,0.0,0.0,0.0,0.0,_389-4187489-1_n,PQ,1.0,1.0,1.0,7621.02355330306,1000000.0,0.95,1.05,0,0,abc,False,False,False,47.6567401649686,-117.408017496836
832,0.0,0.0,0.0,0.0,0.0,0.0,_402-2105414_ln,PQ,1.0,1.0,1.0,7621.02355330306,1000000.0,0.95,1.05,0,0,abc,False,False,False,47.6567401649686,-117.408017496836
833,0.0,0.0,0.0,0.0,0.0,0.0,_409-23103_n_sec,PQ,1.0,1.0,1.0,119.99994404998696,1000000.0,0.95,1.05,0,0,ab,False,False,False,47.6567170300194,-117.407363029
834,0.0,0.0,0.0,0.0,0.0,0.0,_500-2255251_n,PQ,1.0,1.0,1.0,119.99994404998696,1000000.0,0.95,1.05,0,0,ab,False,False,False,47.6565139873745,-117.408381537271
835,0.0017149986871097158,0.00034999942590965957,0.0017149986871086145,0.0003499994259090597,0.0,0.0,_406-92506_n,PQ,1.0,1.0,1.0,119.99994404998696,1000000.0,0.95,1.05,0,0,ab,False,True,False,47.657068720236,-117.407369723077
836,0.0,0.0,0.0,0.0,0.0,0.0,_409-23115_n_sec,PQ,1.0,1.0,1.0,119.99994404998696,1000000.0,0.95,1.05,0,0,bc,False,False,False,47.6567261126798,-117.40576687717
837,0.0,0.0,0.0009599995710208148,0.00019499980702477156,0.000959999650646596,0.00019499959451341908,_406-92503_n,PQ,1.0,1.0,1.0,119.99994404998696,1000000.0,0.95,1.05,0,0,bc,False,True,False,47.6570224073648,-117.405955354154
838,0.0,0.0,0.00041999990228384,8.49999247705011e-05,0.00041999988485379527,8.499985676920017e-05,_406-92502_n,PQ,1.0,1.0,1.0,119.99994404998696,1000000.0,0.95,1.05,0,0,bc,False,True,False,47.6567588166459,-117.405468554085
839,0.0,0.0,0.0009749994989234837,0.0001999997923854359,0.0009749996312846539,0.00019999956729704167,_406-92505_n,PQ,1.0,1.0,1.0,119.99994404998696,1000000.0,0.95,1.05,0,0,bc,False,True,False,47.6567593584949,-117.406277685709
840,0.0,0.0,0.0,0.0,0.0,0.0,_409-22698_n,PQ,1.0,1.0,1.0,7621.02355330306,1000000.0,0.95,1.05,0,0,abc,False,False,False,47.6569570530299,-117.405082753264
841,0.0,0.0,0.0,0.0,0.0,0.0,_500-4529805_n,PQ,1.0,1.0,1.0,7621.02355330306,1000000.0,0.95,1.05,0,0,abc,False,False,False,47.6576906991599,-117.405129448778
842,0.0,0.0,0.0,0.0,0.0,0.0,_409-2041987_n,PQ,1.0,1.0,1.0,7621.02355330306,1000000.0,0.95,1.05,0,0,abc,False,False,False,47.6578286505271,-117.405130153368
843,0.0,0.0,0.0,0.0,0.0,0.0,_402-2457158_sn,PQ,1.0,1.0,1.0,7621.02355330306,1000000.0,0.95,1.05,0,0,abc,False,False,False,47.6578989945021,-117.405127835187
844,0.0,0.0,0.0,0.0,0.0,0.0,_402-2457158_ln,PQ,1.0,1.0,1.0,7621.02355330306,1000000.0,0.95,1.05,0,0,abc,False,False,False,47.6578989945021,-117.405127835187
845,0.0,0.0,0.0,0.0,0.0,0.0,_403-37199_sn,PQ,1.0,1.0,1.0,7621.02355330306,1000000.0,0.95,1.05,0,0,abc,False,False,False,47.6579735304905,-117.405124904938
846,0.0,0.0,0.0,0.0,0.0,0.0,_403-37199_ln,PQ,1.0,1.0,1.0,7621.02355330306,1000000.0,0.95,1.05,0,0,abc,False,False,False,47.6579735304905,-117.405124904938
847,0.0,0.0,0.0,0.0,0.0,0.0,_409-23125_n,PQ,1.0,1.0,1.0,7621.02355330306,1000000.0,0.95,1.05,0,0,abc,False,False,False,47.6579772894201,-117.404581454511
848,0.0,0.0,0.0,0.0,0.0,0.0,_409-1678771_n,PQ,1.0,1.0,1.0,7621.02355330306,1000000.0,0.95,1.05,0,0,abc,False,False,False,47.6579826731388,-117.404004383909
849,0.0,0.0,0.0,0.0,0.0,0.0,_500-4036473_n,PQ,1.0,1.0,1.0,7621.02355330306,1000000.0,0.95,1.05,0,0,abc,False,False,False,47.6579828853487,-117.403978009434
850,0.0,0.0,0.0,0.0,0.0,0.0,_409-1678771_n_sec,PQ,1.0,1.0,1.0,119.99994404998696,1000000.0,0.95,1.05,0,0,ac,False,False,False,47.6579826731388,-117.404004383909
851,0.0,0.0,0.0,0.0,0.0,0.0,_500-4010886_n,PQ,1.0,1.0,1.0,119.99994404998696,1000000.0,0.95,1.05,0,0,ac,False,False,False,47.6579976054585,-117.403965152216
852,0.0,0.0,0.0,0.0,0.0,0.0,_406-2938509_n,PQ,1.0,1.0,1.0,119.99994404998696,1000000.0,0.95,1.05,0,0,ac,False,True,False,47.6579658698705,-117.403858997098
853,0.0003749999398512519,7.49999117789859e-05,0.0,0.0,0.00037499987124960853,7.499987211545466e-05,_406-2839940_n,PQ,1.0,1.0,1.0,119.99994404998696,1000000.0,0.95,1.05,0,0,ac,False,True,False,47.6579978980262,-117.403821737209
854,0.0,0.0,0.0,0.0,0.0,0.0,_500-1860430_n,PQ,1.0,1.0,1.0,119.99994404998696,1000000.0,0.95,1.05,0,0,ac,False,False,False,47.657684649694,-117.403979920734
855,0.00016999997643843697,3.499996338955296e-05,0.0,0.0,0.00016999995139382028,3.499994315677248e-05,_406-92478_n,PQ,1.0,1.0,1.0,119.99994404998696,1000000.0,0.95,1.05,0,0,ac,False,True,False,47.6574678286503,-117.403889716802
856,0.0020499996521567126,0.000414999493670659,0.0,0.0,0.002049999229546159,0.00041499928724865866,_406-2526307_n,PQ,1.0,1.0,1.0,119.99994404998696,1000000.0,0.95,1.05,0,0,ac,False,True,False,47.657952668138,-117.404020407898
857,0.0,0.0,0.0,0.0,0.0,0.0,_409-23125_n_sec,PQ,1.0,1.0,1.0,119.99994404998696,1000000.0,0.95,1.05,0,0,abc,False,False,False,47.6579772894201,-117.404581454511
858,3.333332913299231e-05,6.666660002241475e-06,3.3333326213495616e-05,6.666660630871148e-06,3.3333324780882385e-05,6.666655707521777e-06,_406-92475_n,PQ,1.0,1.0,1.0,119.99994404998696,1000000.0,0.95,1.05,0,0,abc,False,True,False,47.6574571323489,-117.404842258697
859,0.0,0.0,0.0,0.0,0.0,0.0,_500-4051506_n,PQ,1.0,1.0,1.0,119.99994404998696,1000000.0,0.95,1.05,0,0,abc,False,False,False,47.657468790651,-117.404692999059
860,3.333332805524984e-05,-5.6106373561848336e-12,3.333332535501465e-05,-4.450326954952289e-12,3.333332305698397e-05,-8.9132654803592e-12,_406-2094178_n,PQ,1.0,1.0,1.0,119.99994404998696,1000000.0,0.95,1.05,0,0,abc,False,True,False,47.6579551908641,-117.404614863767
861,0.0,0.0,0.0,0.0,0.0,0.0,_409-2041987_n_sec,PQ,1.0,1.0,1.0,119.99994404998696,1000000.0,0.95,1.05,0,0,bc,False,False,False,47.6578286505271,-117.405130153368
862,0.0,0.0,0.0,0.0,0.0,0.0,_500-4539601_n,PQ,1.0,1.0,1.0,119.99994404998696,1000000.0,0.95,1.05,0,0,bc,False,False,False,47.6578230644744,-117.405108729879
863,0.0,0.0,0.0,0.0,0.0,0.0,_396-274612_sn,PQ,1.0,1.0,1.0,7621.02355330306,1000000.0,0.95,1.05,0,0,abc,False,False,False,47.6577121268009,-117.405204149273
864,0.0,0.0,0.0,0.0,0.0,0.0,_396-274612_ln,PQ,1.0,1.0,1.0,7621.02355330306,1000000.0,0.95,1.05,0,0,abc,False,False,False,47.6577121268009,-117.405204149273
865,0.0,0.0,0.0,0.0,0.0,0.0,_500-4529807_n,PQ,1.0,1.0,1.0,7621.02355330306,1000000.0,0.95,1.05,0,0,a,False,False,False,47.6577002878898,-117.405240748046
866,0.0,0.0,0.0,0.0,0.0,0.0,_500-4529808_n,PQ,1.0,1.0,1.0,7621.02355330306,1000000.0,0.95,1.05,0,0,a,False,False,False,47.6577012762209,-117.4052441932
867,0.0,0.0,0.0,0.0,0.0,0.0,_396-274611_sn,PQ,1.0,1.0,1.0,7621.02355330306,1000000.0,0.95,1.05,0,0,abc,False,False,False,47.6576100780256,-117.405930798172
868,0.0,0.0,0.0,0.0,0.0,0.0,_500-4529844_n,PQ,1.0,1.0,1.0,7621.02355330306,1000000.0,0.95,1.05,0,0,c,False,False,False,47.6577398181313,-117.405233196212
869,0.0,0.0,0.0,0.0,0.0,0.0,_500-4529843_n,PQ,1.0,1.0,1.0,7621.02355330306,1000000.0,0.95,1.05,0,0,c,False,False,False,47.6577121268009,-117.405204149273
870,0.0,0.0,0.0,0.0,0.0,0.0,_500-4529842_n,PQ,1.0,1.0,1.0,7621.02355330306,1000000.0,0.95,1.05,0,0,b,False,False,False,47.6577145576696,-117.405667797213
871,0.0,0.0,0.0,0.0,0.0,0.0,_500-4529841_n,PQ,1.0,1.0,1.0,7621.02355330306,1000000.0,0.95,1.05,0,0,b,False,False,False,47.6577121268009,-117.405204149273
872,0.0,0.0,0.0,0.0,0.0,0.0,_396-274611_ln,PQ,1.0,1.0,1.0,7621.02355330306,1000000.0,0.95,1.05,0,0,abc,False,False,False,47.6576100780256,-117.405930798172
873,0.0,0.0,0.0,0.0,0.0,0.0,_500-4529803_n,PQ,1.0,1.0,1.0,7621.02355330306,1000000.0,0.95,1.05,0,0,abc,False,False,False,47.657661612521,-117.405958509277
874,0.0,0.0,0.0,0.0,0.0,0.0,_409-23074_n,PQ,1.0,1.0,1.0,7621.02355330306,1000000.0,0.95,1.05,0,0,abc,False,False,False,47.657661612521,-117.405958509277
875,0.0,0.0,0.0,0.0,0.0,0.0,_500-4529793_n,PQ,1.0,1.0,1.0,7621.02355330306,1000000.0,0.95,1.05,0,0,abc,False,False,False,47.6576647965827,-117.405684541869
876,0.0,0.0,0.0,0.0,0.0,0.0,_409-23074_n_sec,PQ,1.0,1.0,1.0,119.99994404998696,1000000.0,0.95,1.05,0,0,ac,False,False,False,47.6576647965827,-117.405684541869
877,5.999999199504215e-05,9.999988105694956e-06,0.0,0.0,5.99999837860649e-05,9.999980850408935e-06,_406-92441_n,PQ,1.0,1.0,1.0,119.99994404998696,1000000.0,0.95,1.05,0,0,ac,False,True,False,47.6576535767093,-117.405042820388
878,0.0,0.0,0.0,0.0,0.0,0.0,_500-3569786_n,PQ,1.0,1.0,1.0,119.99994404998696,1000000.0,0.95,1.05,0,0,ac,False,False,False,47.6576452139107,-117.405812108719
879,0.00023999996759413724,4.999994906906327e-05,0.0,0.0,0.00023999993352815323,4.999991985031194e-05,_406-92443_n,PQ,1.0,1.0,1.0,119.99994404998696,1000000.0,0.95,1.05,0,0,ac,False,True,False,47.6574521446905,-117.405980502805
880,0.00038999994406067905,7.999991466452297e-05,0.0,0.0,0.0003899998847296691,7.999986925418064e-05,_406-92440_n,PQ,1.0,1.0,1.0,119.99994404998696,1000000.0,0.95,1.05,0,0,ac,False,True,False,47.6574205059019,-117.405499479387
881,4.4999994529864746e-05,9.999990783313654e-06,0.0,0.0,4.499998873519904e-05,9.999984898896612e-06,_406-92442_n,PQ,1.0,1.0,1.0,119.99994404998696,1000000.0,0.95,1.05,0,0,ac,False,True,False,47.6574309170569,-117.405845224776
882,0.0005399999116925072,0.0001099998709292007,0.0,0.0,0.0005399998100849984,0.00010999981447866637,_406-92445_n,PQ,1.0,1.0,1.0,119.99994404998696,1000000.0,0.95,1.05,0,0,ac,False,True,False,47.6574511144705,-117.406088627888
883,0.00025999996542316607,5.4999945035344853e-05,0.0,0.0,0.00025999992904415136,5.4999913016344616e-05,_406-92330_n,PQ,1.0,1.0,1.0,119.99994404998696,1000000.0,0.95,1.05,0,0,ac,False,True,False,47.6574241993551,-117.40569310584
884,0.0,0.0,0.0,0.0,0.0,0.0,_500-4437020_n,PQ,1.0,1.0,1.0,7621.02355330306,1000000.0,0.95,1.05,0,0,abc,False,False,False,47.6576522533937,-117.406374967058
885,0.0,0.0,0.0,0.0,0.0,0.0,_409-2127443_n,PQ,1.0,1.0,1.0,7621.02355330306,1000000.0,0.95,1.05,0,0,abc,False,False,False,47.6576527659399,-117.406892354061
886,0.0,0.0,0.0,0.0,0.0,0.0,_409-23079_n,PQ,1.0,1.0,1.0,7621.02355330306,1000000.0,0.95,1.05,0,0,abc,False,False,False,47.6576458430662,-117.407399597058
887,0.0,0.0,0.0,0.0,0.0,0.0,_403-801451_sn,PQ,1.0,1.0,1.0,7621.02355330306,1000000.0,0.95,1.05,0,0,abc,False,False,False,47.6576541357569,-117.407908596161
888,0.0,0.0,0.0,0.0,0.0,0.0,_403-801451_ln,PQ,1.0,1.0,1.0,7621.02355330306,1000000.0,0.95,1.05,0,0,abc,False,False,False,47.6576541357569,-117.407908596161
889,0.0,0.0,0.0,0.0,0.0,0.0,_409-719428_n,PQ,1.0,1.0,1.0,7621.02355330306,1000000.0,0.95,1.05,0,0,abc,False,False,False,47.6576288301647,-117.408660810441
890,0.0,0.0,0.0,0.0,0.0,0.0,_409-719428_n_sec,PQ,1.0,1.0,1.0,119.99994404998696,1000000.0,0.95,1.05,0,0,abc,False,False,False,47.6576288301647,-117.408660810441
891,0.0,0.0,0.0,0.0,0.0,0.0,_500-1962678_n,PQ,1.0,1.0,1.0,119.99994404998696,1000000.0,0.95,1.05,0,0,abc,False,False,False,47.6576431843381,-117.408712832977
892,0.003519990578307775,0.0007133303804214113,0.00351999283994323,0.0007133310653169937,0.0035199922740956455,0.0007133307994543764,_406-1325510_n,PQ,1.0,1.0,1.0,119.99994404998696,1000000.0,0.95,1.05,0,0,abc,False,True,False,47.6576273227334,-117.409003691435
893,0.0,0.0,0.0,0.0,0.0,0.0,_500-1962676_n,PQ,1.0,1.0,1.0,7621.02355330306,1000000.0,0.95,1.05,0,0,abc,False,False,False,47.6576274216907,-117.408702413307
894,0.0,0.0,0.0,0.0,0.0,0.0,_409-23079_n_sec,PQ,1.0,1.0,1.0,119.99994404998696,1000000.0,0.95,1.05,0,0,bc,False,False,False,47.657653142456,-117.407847633258
895,0.0,0.0,0.0006099998600215021,0.00011999988847153639,0.0006099998341580326,0.0001199997929300155,_406-92470_n,PQ,1.0,1.0,1.0,119.99994404998696,1000000.0,0.95,1.05,0,0,bc,False,True,False,47.6575540305334,-117.407841413185
896,0.0,0.0,0.00038499990525221517,7.999992906908304e-05,0.00038499989004791885,7.999986413932266e-05,_406-92819_n,PQ,1.0,1.0,1.0,119.99994404998696,1000000.0,0.95,1.05,0,0,bc,False,True,False,47.6578461857361,-117.407528518256
897,0.0,0.0,0.0,0.0,0.0,0.0,_500-3323074_n,PQ,1.0,1.0,1.0,119.99994404998696,1000000.0,0.95,1.05,0,0,bc,False,False,False,47.6576258390384,-117.408475103171
898,0.0,0.0,0.0008749992833801798,0.00017999975983436103,0.0008749996228563392,0.00017999953135142455,_406-92471_n,PQ,1.0,1.0,1.0,119.99994404998696,1000000.0,0.95,1.05,0,0,bc,False,True,False,47.6576221807919,-117.408554807746
899,0.0,0.0,0.0007749995274529769,0.00015999981871563242,0.0007749996899444561,0.00015999963058177112,_406-92467_n,PQ,1.0,1.0,1.0,119.99994404998696,1000000.0,0.95,1.05,0,0,bc,False,True,False,47.65739040233,-117.407263978676
900,0.0,0.0,0.00010499997670165583,1.999998086141562e-05,0.00010499997220253242,1.999996508748801e-05,_406-92472_n,PQ,1.0,1.0,1.0,119.99994404998696,1000000.0,0.95,1.05,0,0,bc,False,True,False,47.6574490722396,-117.408160355305
901,0.0,0.0,0.0003199999293120002,6.499994072953281e-05,0.0003199999161134894,6.499989220858851e-05,_406-92473_n,PQ,1.0,1.0,1.0,119.99994404998696,1000000.0,0.95,1.05,0,0,bc,False,True,False,47.6575556873076,-117.407904401843
902,0.0,0.0,0.00010499997717882194,1.9999980799928144e-05,0.00010499997272572454,1.9999965381540674e-05,_406-92469_n,PQ,1.0,1.0,1.0,119.99994404998696,1000000.0,0.95,1.05,0,0,bc,False,True,False,47.6575494313354,-117.407746379707
903,0.0,0.0,0.0003199999247791404,6.499994118531434e-05,0.00031999991152605766,6.499988955645063e-05,_406-1855046_n,PQ,1.0,1.0,1.0,119.99994404998696,1000000.0,0.95,1.05,0,0,bc,False,True,False,47.6574375863127,-117.407655893073
904,0.0,0.0,0.0,0.0,0.0,0.0,_409-2127443_n_sec,PQ,1.0,1.0,1.0,119.99994404998696,1000000.0,0.95,1.05,0,0,ab,False,False,False,47.6576534838801,-117.406918919366
905,0.0,0.0,0.0,0.0,0.0,0.0,_406-2380054_n,PQ,1.0,1.0,1.0,119.99994404998696,1000000.0,0.95,1.05,0,0,ab,False,True,False,47.6575821771431,-117.40655298741
906,0.0,0.0,0.0,0.0,0.0,0.0,_402-2305846_sn,PQ,1.0,1.0,1.0,7621.02355330306,1000000.0,0.95,1.05,0,0,abc,False,False,False,47.6576927699281,-117.406320288273
907,0.0,0.0,0.0,0.0,0.0,0.0,_402-2305846_ln,PQ,1.0,1.0,1.0,7621.02355330306,1000000.0,0.95,1.05,0,0,abc,False,False,False,47.6576927699281,-117.406320288273
908,0.0,0.0,0.0,0.0,0.0,0.0,_500-4437024_n,PQ,1.0,1.0,1.0,7621.02355330306,1000000.0,0.95,1.05,0,0,b,False,False,False,47.6576957910223,-117.406279957562
909,0.0,0.0,0.0,0.0,0.0,0.0,_395-3045325_sn,PQ,1.0,1.0,1.0,7621.02355330306,1000000.0,0.95,1.05,0,0,b,False,False,False,47.6577913642371,-117.405781942939
910,0.0,0.0,0.0,0.0,0.0,0.0,_391-2545844_n,PQ,1.0,1.0,1.0,7621.02355330306,1000000.0,0.95,1.05,0,0,abc,False,False,False,47.6577912768099,-117.405752682688
911,0.0,0.0,0.0,0.0,0.0,0.0,_395-3045326_sn,PQ,1.0,1.0,1.0,7621.02355330306,1000000.0,0.95,1.05,0,0,c,False,False,False,47.6577912768099,-117.405752682688
912,0.0,0.0,0.0,0.0,0.0,0.0,_500-4437026_n,PQ,1.0,1.0,1.0,7621.02355330306,1000000.0,0.95,1.05,0,0,c,False,False,False,47.6576762402745,-117.406287916538
913,0.0,0.0,0.0,0.0,0.0,0.0,_391-2545844_ln,PQ,1.0,1.0,1.0,119.99994404998696,1000000.0,0.95,1.05,0,0,abc,False,False,False,47.6578262461021,-117.40576704327
914,0.00699333110291372,0.0013866648463258758,0.006993330830214636,0.0013866652102875285,0.006993330138462781,0.0013866640380096333,_406-3294196_n,PQ,1.0,1.0,1.0,119.99994404998696,1000000.0,0.95,1.05,0,0,abc,False,True,False,47.6578784253231,-117.405763663205
915,0.0,0.0,0.0,0.0,0.0,0.0,_395-3045324_sn,PQ,1.0,1.0,1.0,7621.02355330306,1000000.0,0.95,1.05,0,0,a,False,False,False,47.6578023610609,-117.405807131969
916,0.0,0.0,0.0,0.0,0.0,0.0,_500-4437022_n,PQ,1.0,1.0,1.0,7621.02355330306,1000000.0,0.95,1.05,0,0,a,False,False,False,47.6577143881741,-117.406295335224
917,0.0,0.0,0.0,0.0,0.0,0.0,_409-22698_n_sec,PQ,1.0,1.0,1.0,119.99994404998696,1000000.0,0.95,1.05,0,0,abc,False,False,False,47.6569570530299,-117.405082753264
918,0.0009099998686558341,0.00018333314603836994,0.0009099997926279181,0.00018333316762456835,0.0009099997444199771,0.0001833330292882935,_406-92438_n,PQ,1.0,1.0,1.0,119.99994404998696,1000000.0,0.95,1.05,0,0,abc,False,True,False,47.657062279714,-117.405012864531
919,0.0004833332589512364,9.666656581140966e-05,0.000483333219577067,9.666657846736189e-05,0.0004833331916870866,9.666650410247545e-05,_406-92439_n,PQ,1.0,1.0,1.0,119.99994404998696,1000000.0,0.95,1.05,0,0,abc,False,True,False,47.6570954754519,-117.40545069464
920,0.0,0.0,0.0,0.0,0.0,0.0,_402-126828_sn,PQ,1.0,1.0,1.0,7621.02355330306,1000000.0,0.95,1.05,0,0,abc,False,False,False,47.656689033525,-117.402800476405
921,0.0,0.0,0.0,0.0,0.0,0.0,_402-126828_ln,PQ,1.0,1.0,1.0,7621.02355330306,1000000.0,0.95,1.05,0,0,abc,False,False,False,47.656689033525,-117.402800476405
922,0.0,0.0,0.0,0.0,0.0,0.0,_500-14008_n,PQ,1.0,1.0,1.0,7621.02355330306,1000000.0,0.95,1.05,0,0,b,False,False,False,47.656689033525,-117.402800476405
923,0.0,0.0,0.0,0.0,0.0,0.0,_395-219603_sn,PQ,1.0,1.0,1.0,7621.02355330306,1000000.0,0.95,1.05,0,0,b,False,False,False,47.6563937881929,-117.402787865629
924,0.0,0.0,0.0,0.0,0.0,0.0,_391-146420_n,PQ,1.0,1.0,1.0,7621.02355330306,1000000.0,0.95,1.05,0,0,abc,False,False,False,47.6563876843981,-117.402759227331
925,0.0,0.0,0.0,0.0,0.0,0.0,_391-146420_ln,PQ,1.0,1.0,1.0,119.99994404998696,1000000.0,0.95,1.05,0,0,abc,False,False,False,47.6563588340436,-117.402788709551
926,0.0015233328481089104,0.0003099996152015284,0.001523332793146732,0.0003099996895086997,0.0015233326469375377,0.0003099994390963142,_406-92379_n,PQ,1.0,1.0,1.0,119.99994404998696,1000000.0,0.95,1.05,0,0,abc,False,True,False,47.656368284176,-117.403150192935
927,0.0,0.0,0.0,0.0,0.0,0.0,_395-219604_sn,PQ,1.0,1.0,1.0,7621.02355330306,1000000.0,0.95,1.05,0,0,c,False,False,False,47.6563886363557,-117.402816086074
928,0.0,0.0,0.0,0.0,0.0,0.0,_500-14009_n,PQ,1.0,1.0,1.0,7621.02355330306,1000000.0,0.95,1.05,0,0,c,False,False,False,47.656689033525,-117.402800476405
929,0.0,0.0,0.0,0.0,0.0,0.0,_395-219602_sn,PQ,1.0,1.0,1.0,7621.02355330306,1000000.0,0.95,1.05,0,0,a,False,False,False,47.6563876843981,-117.402759227331
930,0.0,0.0,0.0,0.0,0.0,0.0,_500-14011_n,PQ,1.0,1.0,1.0,7621.02355330306,1000000.0,0.95,1.05,0,0,a,False,False,False,47.656689033525,-117.402800476405
931,0.0,0.0,0.0,0.0,0.0,0.0,_409-23030_n_sec,PQ,1.0,1.0,1.0,119.99994404998696,1000000.0,0.95,1.05,0,0,ab,False,False,False,47.6567296780698,-117.402195241084
932,0.0,0.0,0.0,0.0,0.0,0.0,_500-2251093_n,PQ,1.0,1.0,1.0,119.99994404998696,1000000.0,0.95,1.05,0,0,ab,False,False,False,47.6570460329508,-117.401915920181
933,0.00041999990030294575,8.499992280935212e-05,0.00041999990030294136,8.49999228093496e-05,0.0,0.0,_406-92421_n,PQ,1.0,1.0,1.0,119.99994404998696,1000000.0,0.95,1.05,0,0,ab,False,True,False,47.6568074849041,-117.402730938461
934,0.0,0.0,0.0,0.0,0.0,0.0,_409-2046771_n_sec,PQ,1.0,1.0,1.0,277.1281292110204,1000000.0,0.95,1.05,0,0,abc,False,False,False,47.6567451750863,-117.401729468577
935,6.99999916493004e-05,1.3333320092549754e-05,6.999998541160627e-05,1.3333321137512215e-05,6.99999826629089e-05,1.33333110480342e-05,_406-3369574_n,PQ,1.0,1.0,1.0,277.1281292110204,1000000.0,0.95,1.05,0,0,abc,False,True,False,47.6568463789639,-117.401678026674
936,0.0,0.0,0.0,0.0,0.0,0.0,_729-35525_n,PQ,1.0,1.0,1.0,7621.02355330306,1000000.0,0.95,1.05,0,0,abc,False,False,False,47.6567797053601,-117.400770853503
937,0.0,0.0,0.0,0.0,0.0,0.0,_500-4125890_n,PQ,1.0,1.0,1.0,7621.02355330306,1000000.0,0.95,1.05,0,0,abc,False,False,False,47.6568044731714,-117.400770980859
938,0.0,0.0,0.0,0.0,0.0,0.0,_396-225971_sn,PQ,1.0,1.0,1.0,7621.02355330306,1000000.0,0.95,1.05,0,0,abc,False,False,False,47.6568512623149,-117.40072867175
939,0.0,0.0,0.0,0.0,0.0,0.0,_396-225971_ln,PQ,1.0,1.0,1.0,7621.02355330306,1000000.0,0.95,1.05,0,0,abc,False,False,False,47.6568512623149,-117.40072867175
940,0.0,0.0,0.0,0.0,0.0,0.0,_500-4125810_n,PQ,1.0,1.0,1.0,7621.02355330306,1000000.0,0.95,1.05,0,0,b,False,False,False,47.6568786491888,-117.400730500054
941,0.0,0.0,0.0,0.0,0.0,0.0,_395-2858643_sn,PQ,1.0,1.0,1.0,7621.02355330306,1000000.0,0.95,1.05,0,0,b,False,False,False,47.657790474962,-117.40136717266
942,0.0,0.0,0.0,0.0,0.0,0.0,_391-2377503_n,PQ,1.0,1.0,1.0,7621.02355330306,1000000.0,0.95,1.05,0,0,abc,False,False,False,47.6578890119008,-117.40136044852
943,0.0,0.0,0.0,0.0,0.0,0.0,_395-2858638_ln,PQ,1.0,1.0,1.0,7621.02355330306,1000000.0,0.95,1.05,0,0,b,False,False,False,47.65781524634,-117.401429515124
944,0.0,0.0,0.0,0.0,0.0,0.0,_411-2870449-0_n,PQ,1.0,1.0,1.0,7621.02355330306,1000000.0,0.95,1.05,0,0,b,False,False,False,47.6578406744824,-117.401550525281
945,0.0,0.0,0.0,0.0,0.0,0.0,_391-2374908_n,PQ,1.0,1.0,1.0,7621.02355330306,1000000.0,0.95,1.05,0,0,abc,False,False,False,47.657887431356,-117.401585920851
946,0.0,0.0,0.0,0.0,0.0,0.0,_395-2864397_ln,PQ,1.0,1.0,1.0,7621.02355330306,1000000.0,0.95,1.05,0,0,b,False,False,False,47.6578675266706,-117.401582484192
947,0.0,0.0,0.0,0.0,0.0,0.0,_395-2864403_sn,PQ,1.0,1.0,1.0,7621.02355330306,1000000.0,0.95,1.05,0,0,b,False,False,False,47.6578096963039,-117.401678916459
948,0.0,0.0,0.0,0.0,0.0,0.0,_391-2383188_n,PQ,1.0,1.0,1.0,7621.02355330306,1000000.0,0.95,1.05,0,0,abc,False,False,False,47.6578096963039,-117.401678916459
949,0.0,0.0,0.0,0.0,0.0,0.0,_391-2383188_ln,PQ,1.0,1.0,1.0,277.1281292110204,1000000.0,0.95,1.05,0,0,abc,False,False,False,47.6577747948433,-117.401681744218
950,0.0,0.0,0.0,0.0,0.0,0.0,_500-4424881_n,PQ,1.0,1.0,1.0,277.1281292110204,1000000.0,0.95,1.05,0,0,abc,False,False,False,47.6577127414333,-117.401684784626
951,0.0,0.0,0.0,0.0,0.0,0.0,_395-2864404_sn,PQ,1.0,1.0,1.0,7621.02355330306,1000000.0,0.95,1.05,0,0,c,False,False,False,47.6578052562236,-117.401707429421
952,0.0,0.0,0.0,0.0,0.0,0.0,_395-2864398_ln,PQ,1.0,1.0,1.0,7621.02355330306,1000000.0,0.95,1.05,0,0,c,False,False,False,47.6578868558122,-117.401585990413
953,0.0,0.0,0.0,0.0,0.0,0.0,_395-2864402_sn,PQ,1.0,1.0,1.0,7621.02355330306,1000000.0,0.95,1.05,0,0,a,False,False,False,47.6578028871651,-117.401650670069
954,0.0,0.0,0.0,0.0,0.0,0.0,_395-2864396_ln,PQ,1.0,1.0,1.0,7621.02355330306,1000000.0,0.95,1.05,0,0,a,False,False,False,47.6578504428482,-117.401567952551
955,0.0,0.0,0.0,0.0,0.0,0.0,_395-2864401_ln,PQ,1.0,1.0,1.0,7621.02355330306,1000000.0,0.95,1.05,0,0,c,False,False,False,47.6579213482847,-117.401559274192
956,0.0,0.0,0.0,0.0,0.0,0.0,_395-2864407_sn,PQ,1.0,1.0,1.0,7621.02355330306,1000000.0,0.95,1.05,0,0,c,False,False,False,47.657812878571,-117.40181294712
957,0.0,0.0,0.0,0.0,0.0,0.0,_391-2383192_n,PQ,1.0,1.0,1.0,7621.02355330306,1000000.0,0.95,1.05,0,0,abc,False,False,False,47.6578116326428,-117.401756109375
958,0.0,0.0,0.0,0.0,0.0,0.0,_395-2864405_sn,PQ,1.0,1.0,1.0,7621.02355330306,1000000.0,0.95,1.05,0,0,a,False,False,False,47.6578116326428,-117.401756109375
959,0.0,0.0,0.0,0.0,0.0,0.0,_395-2864399_ln,PQ,1.0,1.0,1.0,7621.02355330306,1000000.0,0.95,1.05,0,0,a,False,False,False,47.657887431356,-117.401585920851
960,0.0,0.0,0.0,0.0,0.0,0.0,_395-2864406_sn,PQ,1.0,1.0,1.0,7621.02355330306,1000000.0,0.95,1.05,0,0,b,False,False,False,47.6578178804661,-117.401784638938
961,0.0,0.0,0.0,0.0,0.0,0.0,_395-2864400_ln,PQ,1.0,1.0,1.0,7621.02355330306,1000000.0,0.95,1.05,0,0,b,False,False,False,47.6579063165178,-117.401577599131
962,0.0,0.0,0.0,0.0,0.0,0.0,_391-2383192_ln,PQ,1.0,1.0,1.0,277.1281292110204,1000000.0,0.95,1.05,0,0,abc,False,False,False,47.6577829374875,-117.401785924509
963,0.025286659938696415,0.005136660408103917,0.0252866585966739,0.005136661469959455,0.025286656458080058,0.005136657292817843,_406-3279267_n,PQ,1.0,1.0,1.0,277.1281292110204,1000000.0,0.95,1.05,0,0,abc,False,True,False,47.6577320974312,-117.401852747512
964,0.0,0.0,0.0,0.0,0.0,0.0,_395-2855480_sn,PQ,1.0,1.0,1.0,7621.02355330306,1000000.0,0.95,1.05,0,0,a,False,False,False,47.6578974767958,-117.401443304608
965,0.0,0.0,0.0,0.0,0.0,0.0,_395-2855474_ln,PQ,1.0,1.0,1.0,7621.02355330306,1000000.0,0.95,1.05,0,0,a,False,False,False,47.6579810000442,-117.401351954774
966,0.0,0.0,0.0,0.0,0.0,0.0,_720-64324_n,PQ,1.0,1.0,1.0,7621.02355330306,1000000.0,0.95,1.05,0,0,abc,False,False,False,47.6579796698165,-117.401381053288
967,0.0,0.0,0.0,0.0,0.0,0.0,_391-2374901_n,PQ,1.0,1.0,1.0,7621.02355330306,1000000.0,0.95,1.05,0,0,abc,False,False,False,47.6580090350437,-117.401397919157
968,0.0,0.0,0.0,0.0,0.0,0.0,_720-64961_n,PQ,1.0,1.0,1.0,7621.02355330306,1000000.0,0.95,1.05,0,0,abc,False,False,False,47.6580701847776,-117.401332063344
969,0.0,0.0,0.0,0.0,0.0,0.0,_394-3529528-1_n,PQ,1.0,1.0,1.0,7621.02355330306,1000000.0,0.95,1.05,0,0,b,False,False,False,47.6580701847776,-117.401332063344
970,0.0,0.0,0.0,0.0,0.0,0.0,_394-3529560-1_n,PQ,1.0,1.0,1.0,7621.02355330306,1000000.0,0.95,1.05,0,0,a,False,False,False,47.6580564872489,-117.401311100188
971,0.0,0.0,0.0,0.0,0.0,0.0,_394-3529526-1_n,PQ,1.0,1.0,1.0,7621.02355330306,1000000.0,0.95,1.05,0,0,c,False,False,False,47.6580772094106,-117.4013589474
972,0.0,0.0,0.0,0.0,0.0,0.0,_720-64642_n,PQ,1.0,1.0,1.0,7621.02355330306,1000000.0,0.95,1.05,0,0,abc,False,False,False,47.6580100516988,-117.401303638337
973,0.0,0.0,0.0,0.0,0.0,0.0,_395-2857728_sn,PQ,1.0,1.0,1.0,7621.02355330306,1000000.0,0.95,1.05,0,0,a,False,False,False,47.6579936328474,-117.401319764523
974,0.0,0.0,0.0,0.0,0.0,0.0,_395-2857736_ln,PQ,1.0,1.0,1.0,7621.02355330306,1000000.0,0.95,1.05,0,0,a,False,False,False,47.6578890119008,-117.40136044852
975,0.0,0.0,0.0,0.0,0.0,0.0,_395-2857730_sn,PQ,1.0,1.0,1.0,7621.02355330306,1000000.0,0.95,1.05,0,0,c,False,False,False,47.6580320203908,-117.401298472821
976,0.0,0.0,0.0,0.0,0.0,0.0,_395-2857737_ln,PQ,1.0,1.0,1.0,7621.02355330306,1000000.0,0.95,1.05,0,0,c,False,False,False,47.6578713456362,-117.401309986112
977,0.0,0.0,0.0,0.0,0.0,0.0,_395-2857729_sn,PQ,1.0,1.0,1.0,7621.02355330306,1000000.0,0.95,1.05,0,0,b,False,False,False,47.6580100516988,-117.401303638337
978,0.0,0.0,0.0,0.0,0.0,0.0,_395-2857734_ln,PQ,1.0,1.0,1.0,7621.02355330306,1000000.0,0.95,1.05,0,0,b,False,False,False,47.6578835768331,-117.401332415286
979,0.0,0.0,0.0,0.0,0.0,0.0,_720-64323_n,PQ,1.0,1.0,1.0,7621.02355330306,1000000.0,0.95,1.05,0,0,abc,False,False,False,47.658020708841,-117.401443440447
980,0.0,0.0,0.0,0.0,0.0,0.0,_395-2855471_ln,PQ,1.0,1.0,1.0,7621.02355330306,1000000.0,0.95,1.05,0,0,a,False,False,False,47.6579881708008,-117.401413261013
981,0.0,0.0,0.0,0.0,0.0,0.0,_395-2855477_sn,PQ,1.0,1.0,1.0,7621.02355330306,1000000.0,0.95,1.05,0,0,a,False,False,False,47.6579518773401,-117.401505024782
982,0.0,0.0,0.0,0.0,0.0,0.0,_391-2374904_n,PQ,1.0,1.0,1.0,7621.02355330306,1000000.0,0.95,1.05,0,0,abc,False,False,False,47.6579855852016,-117.401532246532
983,0.0,0.0,0.0,0.0,0.0,0.0,_395-2855478_sn,PQ,1.0,1.0,1.0,7621.02355330306,1000000.0,0.95,1.05,0,0,b,False,False,False,47.6579706963017,-117.401513667252
984,0.0,0.0,0.0,0.0,0.0,0.0,_395-2855472_ln,PQ,1.0,1.0,1.0,7621.02355330306,1000000.0,0.95,1.05,0,0,b,False,False,False,47.6580024748113,-117.401433319657
985,0.0,0.0,0.0,0.0,0.0,0.0,_395-2855479_sn,PQ,1.0,1.0,1.0,7621.02355330306,1000000.0,0.95,1.05,0,0,c,False,False,False,47.6579855852016,-117.401532246532
986,0.0,0.0,0.0,0.0,0.0,0.0,_395-2855473_ln,PQ,1.0,1.0,1.0,7621.02355330306,1000000.0,0.95,1.05,0,0,c,False,False,False,47.658020708841,-117.401443440447
987,0.0,0.0,0.0,0.0,0.0,0.0,_395-2855475_ln,PQ,1.0,1.0,1.0,7621.02355330306,1000000.0,0.95,1.05,0,0,b,False,False,False,47.6579796698165,-117.401381053288
988,0.0,0.0,0.0,0.0,0.0,0.0,_395-2855481_sn,PQ,1.0,1.0,1.0,7621.02355330306,1000000.0,0.95,1.05,0,0,b,False,False,False,47.6579147954909,-117.401457212859
989,0.0,0.0,0.0,0.0,0.0,0.0,_395-2855476_ln,PQ,1.0,1.0,1.0,7621.02355330306,1000000.0,0.95,1.05,0,0,c,False,False,False,47.6579860183959,-117.401408302708
990,0.0,0.0,0.0,0.0,0.0,0.0,_395-2855482_sn,PQ,1.0,1.0,1.0,7621.02355330306,1000000.0,0.95,1.05,0,0,c,False,False,False,47.6579269505125,-117.4014797323
991,0.0,0.0,0.0,0.0,0.0,0.0,_411-2870448-0_n,PQ,1.0,1.0,1.0,7621.02355330306,1000000.0,0.95,1.05,0,0,a,False,False,False,47.6578599479818,-117.401577685527
992,0.0,0.0,0.0,0.0,0.0,0.0,_395-2858636_ln,PQ,1.0,1.0,1.0,7621.02355330306,1000000.0,0.95,1.05,0,0,a,False,False,False,47.6578004613707,-117.401410236037
993,0.0,0.0,0.0,0.0,0.0,0.0,_411-2870450-0_n,PQ,1.0,1.0,1.0,7621.02355330306,1000000.0,0.95,1.05,0,0,c,False,False,False,47.6578341370368,-117.401522524906
994,0.0,0.0,0.0,0.0,0.0,0.0,_395-2858640_ln,PQ,1.0,1.0,1.0,7621.02355330306,1000000.0,0.95,1.05,0,0,c,False,False,False,47.6578337157502,-117.401438652819
995,0.0,0.0,0.0,0.0,0.0,0.0,_395-2858644_sn,PQ,1.0,1.0,1.0,7621.02355330306,1000000.0,0.95,1.05,0,0,c,False,False,False,47.6577940557245,-117.401338840525
996,0.0,0.0,0.0,0.0,0.0,0.0,_500-4125812_n,PQ,1.0,1.0,1.0,7621.02355330306,1000000.0,0.95,1.05,0,0,c,False,False,False,47.656872007731,-117.400702144348
997,0.0,0.0,0.0,0.0,0.0,0.0,_395-2858642_sn,PQ,1.0,1.0,1.0,7621.02355330306,1000000.0,0.95,1.05,0,0,a,False,False,False,47.657794672731,-117.401395667214
998,0.0,0.0,0.0,0.0,0.0,0.0,_500-4125312_n,PQ,1.0,1.0,1.0,7621.02355330306,1000000.0,0.95,1.05,0,0,a,False,False,False,47.6568512623149,-117.40072867175
999,0.0,0.0,0.0,0.0,0.0,0.0,_409-22381_n_sec,PQ,1.0,1.0,1.0,119.99994404998696,1000000.0,0.95,1.05,0,0,abc,False,False,False,47.6567374939879,-117.399798446943
1000,0.0005266665901745791,0.0001066665624235123,0.0005266665458834576,0.00010666657304259791,0.0005266665183109574,0.00010666649334993787,_406-92418_n,PQ,1.0,1.0,1.0,119.99994404998696,1000000.0,0.95,1.05,0,0,abc,False,True,False,47.6569960382708,-117.399906597989
1001,0.001359999207022787,0.00027666624075074937,0.001359999265656598,0.0002766663323484145,0.0013599991093928981,0.0002766661179850691,_406-92371_n,PQ,1.0,1.0,1.0,119.99994404998696,1000000.0,0.95,1.05,0,0,abc,False,True,False,47.6569882932964,-117.399396221966
1002,0.0,0.0,0.0,0.0,0.0,0.0,_500-15130_n,PQ,1.0,1.0,1.0,7621.02355330306,1000000.0,0.95,1.05,0,0,abc,False,False,False,47.6561803266699,-117.398887874418
1003,0.0,0.0,0.0,0.0,0.0,0.0,_409-23069_n,PQ,1.0,1.0,1.0,7621.02355330306,1000000.0,0.95,1.05,0,0,abc,False,False,False,47.6561815011657,-117.398447954925
1004,0.0,0.0,0.0,0.0,0.0,0.0,_409-23069_n_sec,PQ,1.0,1.0,1.0,119.99994404998696,1000000.0,0.95,1.05,0,0,abc,False,False,False,47.6561815011657,-117.398447954925
1005,0.0007699998400713385,0.00015333318517899122,0.0007699998019958655,0.00015333320582310613,0.0007699997476529443,0.00015333310591890485,_406-92422_n,PQ,1.0,1.0,1.0,119.99994404998696,1000000.0,0.95,1.05,0,0,abc,False,True,False,47.6564487935688,-117.398797374431
1006,0.0003399999562408255,6.666660941546801e-05,0.00033999993268387155,6.666661370769126e-05,0.00033999991718338415,6.666657275131842e-05,_406-92369_n,PQ,1.0,1.0,1.0,119.99994404998696,1000000.0,0.95,1.05,0,0,abc,False,True,False,47.6563374780622,-117.398280154389
1007,0.0003566666190737342,7.333327207610325e-05,0.00035666659473748176,7.33332768890962e-05,0.000356666577800687,7.333323326967029e-05,_406-92423_n,PQ,1.0,1.0,1.0,119.99994404998696,1000000.0,0.95,1.05,0,0,abc,False,True,False,47.6560605453746,-117.398792700543
1008,0.0005599999289101515,0.00011333323869908103,0.0005599998899266526,0.00011333324540139797,0.0005599998650204691,0.00011333317784149586,_406-92370_n,PQ,1.0,1.0,1.0,119.99994404998696,1000000.0,0.95,1.05,0,0,abc,False,True,False,47.6561334099812,-117.398303538694
1009,0.0,0.0,0.0,0.0,0.0,0.0,_409-23050_n,PQ,1.0,1.0,1.0,7621.02355330306,1000000.0,0.95,1.05,0,0,abc,False,False,False,47.6561680459739,-117.397892114049
1010,0.0,0.0,0.0,0.0,0.0,0.0,_409-23050_n_sec,PQ,1.0,1.0,1.0,119.99994404998696,1000000.0,0.95,1.05,0,0,ab,False,False,False,47.6561680459739,-117.397892114049
1011,0.0005299999146407325,0.00010499989990968308,0.0005299999146407212,0.00010499989990967656,0.0,0.0,_406-92353_n,PQ,1.0,1.0,1.0,119.99994404998696,1000000.0,0.95,1.05,0,0,ab,False,True,False,47.6559286387021,-117.397492298145
1012,0.0002149999721676274,4.499995987925837e-05,0.00021499997216762711,4.499995987925809e-05,0.0,0.0,_406-92352_n,PQ,1.0,1.0,1.0,119.99994404998696,1000000.0,0.95,1.05,0,0,ab,False,True,False,47.6562971168119,-117.397385452634
1013,0.00022999996982897314,4.499995755349157e-05,0.00022999996982897284,4.499995755349125e-05,0.0,0.0,_406-92351_n,PQ,1.0,1.0,1.0,119.99994404998696,1000000.0,0.95,1.05,0,0,ab,False,True,False,47.6558329455846,-117.397861521249
1014,0.0,0.0,0.0,0.0,0.0,0.0,_500-15131_n,PQ,1.0,1.0,1.0,7621.02355330306,1000000.0,0.95,1.05,0,0,abc,False,False,False,47.6561671694228,-117.39785968148
1015,0.0,0.0,0.0,0.0,0.0,0.0,_389-150320-5_n,PQ,1.0,1.0,1.0,7621.02355330306,1000000.0,0.95,1.05,0,0,abc,False,False,False,47.6561800368515,-117.39914465442
1016,0.0,0.0,0.0,0.0,0.0,0.0,_390-188538_ln,PQ,1.0,1.0,1.0,7621.02355330306,1000000.0,0.95,1.05,0,0,abc,False,False,False,47.6561800368515,-117.39914465442
1017,0.0,0.0,0.0,0.0,0.0,0.0,_409-1200484_ln,PQ,1.0,1.0,1.0,119.99994404998696,1000000.0,0.95,1.05,0,0,ab,False,False,False,0.0,0.0
1018,0.0,0.0,0.0,0.0,0.0,0.0,_389-3110002-0_n,PQ,1.0,1.0,1.0,7621.02355330306,1000000.0,0.95,1.05,0,0,abc,False,False,False,47.6555338627465,-117.399027484979
1019,0.0,0.0,0.0,0.0,0.0,0.0,_390-197500_ln,PQ,1.0,1.0,1.0,7621.02355330306,1000000.0,0.95,1.05,0,0,abc,False,False,False,47.6555338627465,-117.399027484979
1020,0.0,0.0,0.0,0.0,0.0,0.0,_402-36901_sn,PQ,1.0,1.0,1.0,7621.02355330306,1000000.0,0.95,1.05,0,0,abc,False,False,False,47.6552230227383,-117.39901762596
1021,0.0,0.0,0.0,0.0,0.0,0.0,_402-36901_ln,PQ,1.0,1.0,1.0,7621.02355330306,1000000.0,0.95,1.05,0,0,abc,False,False,False,47.6552230227383,-117.39901762596
1022,0.0,0.0,0.0,0.0,0.0,0.0,_500-15124_n,PQ,1.0,1.0,1.0,7621.02355330306,1000000.0,0.95,1.05,0,0,abc,False,False,False,47.6551874249053,-117.399069479146
1023,0.0,0.0,0.0,0.0,0.0,0.0,_409-22705_n,PQ,1.0,1.0,1.0,7621.02355330306,1000000.0,0.95,1.05,0,0,abc,False,False,False,47.6551769743346,-117.399383997527
1024,0.0,0.0,0.0,0.0,0.0,0.0,_409-23013_n,PQ,1.0,1.0,1.0,7621.02355330306,1000000.0,0.95,1.05,0,0,abc,False,False,False,47.6551758596201,-117.399416005832
1025,0.0,0.0,0.0,0.0,0.0,0.0,_409-23011_n,PQ,1.0,1.0,1.0,7621.02355330306,1000000.0,0.95,1.05,0,0,abc,False,False,False,47.6551402989377,-117.40045350486
1026,0.0,0.0,0.0,0.0,0.0,0.0,_409-23011_n_sec,PQ,1.0,1.0,1.0,119.99994404998696,1000000.0,0.95,1.05,0,0,bc,False,False,False,47.6551302507584,-117.401094391489
1027,0.0,0.0,0.0,0.0,0.0,0.0,_500-2790009_n,PQ,1.0,1.0,1.0,119.99994404998696,1000000.0,0.95,1.05,0,0,bc,False,False,False,47.6550911786945,-117.401075166659
1028,0.0,0.0,0.0009599995746601028,0.0001949998421439118,0.0009599997063131198,0.0001949997213717296,_406-92394_n,PQ,1.0,1.0,1.0,119.99994404998696,1000000.0,0.95,1.05,0,0,bc,False,True,False,47.6554265540605,-117.400845000217
1029,0.0,0.0,0.0,0.0,0.0,0.0,_403-141578_sn,PQ,1.0,1.0,1.0,7621.02355330306,1000000.0,0.95,1.05,0,0,abc,False,False,False,47.6551297201475,-117.40112769032
1030,0.0,0.0,0.0,0.0,0.0,0.0,_403-141578_ln,PQ,1.0,1.0,1.0,7621.02355330306,1000000.0,0.95,1.05,0,0,abc,False,False,False,47.6551297201475,-117.40112769032
1031,0.0,0.0,0.0,0.0,0.0,0.0,_409-23043_n,PQ,1.0,1.0,1.0,7621.02355330306,1000000.0,0.95,1.05,0,0,abc,False,False,False,47.6551302760876,-117.401516370382
1032,0.0,0.0,0.0,0.0,0.0,0.0,_409-23092_n,PQ,1.0,1.0,1.0,7621.02355330306,1000000.0,0.95,1.05,0,0,abc,False,False,False,47.6551279560128,-117.4016818666
1033,0.0,0.0,0.0,0.0,0.0,0.0,_409-23092_n_sec,PQ,1.0,1.0,1.0,119.99994404998696,1000000.0,0.95,1.05,0,0,abc,False,False,False,47.6551279560128,-117.4016818666
1034,0.0006499998799069504,0.00013333323625367696,0.0006499998662942067,0.0001333332452127686,0.0006499998292704774,0.0001333331998629695,_406-92397_n,PQ,1.0,1.0,1.0,119.99994404998696,1000000.0,0.95,1.05,0,0,abc,False,True,False,47.6548562427691,-117.40173450483
1035,0.0009166664998989232,0.00018666653073558882,0.0009166664799959163,0.00018666654303462068,0.0009166664282910287,0.00018666647931946145,_406-1833573_n,PQ,1.0,1.0,1.0,119.99994404998696,1000000.0,0.95,1.05,0,0,abc,False,True,False,47.6551177382721,-117.401661576988
1036,0.0,0.0,0.0,0.0,0.0,0.0,_500-15123_n,PQ,1.0,1.0,1.0,7621.02355330306,1000000.0,0.95,1.05,0,0,abc,False,False,False,47.6551255878833,-117.401983415935
1037,0.0,0.0,0.0,0.0,0.0,0.0,_409-1392532_n,PQ,1.0,1.0,1.0,7621.02355330306,1000000.0,0.95,1.05,0,0,abc,False,False,False,47.6551299356481,-117.40244141832
1038,0.0,0.0,0.0,0.0,0.0,0.0,_409-23081_n,PQ,1.0,1.0,1.0,7621.02355330306,1000000.0,0.95,1.05,0,0,abc,False,False,False,47.6550878837847,-117.403330199028
1039,0.0,0.0,0.0,0.0,0.0,0.0,_409-23081_n_sec,PQ,1.0,1.0,1.0,119.99994404998696,1000000.0,0.95,1.05,0,0,abc,False,False,False,47.6550878837847,-117.403330199028
1040,0.0,0.0,0.0,0.0,0.0,0.0,_500-2741537_n,PQ,1.0,1.0,1.0,119.99994404998696,1000000.0,0.95,1.05,0,0,abc,False,False,False,47.6550856911147,-117.403728500842
1041,0.0006166665253367345,0.0001266665650237664,0.0006166665235868852,0.00012666657877352934,0.0006166664821323554,0.000126666535326438,_406-92408_n,PQ,1.0,1.0,1.0,119.99994404998696,1000000.0,0.95,1.05,0,0,abc,False,True,False,47.6550045672579,-117.403857117508
1042,0.001146666096557164,0.00023333306747516262,0.0011466661896433218,0.0002333331183916374,0.0011466660881158822,0.00023333304553357632,_406-92398_n,PQ,1.0,1.0,1.0,119.99994404998696,1000000.0,0.95,1.05,0,0,abc,False,True,False,47.6549029453915,-117.402824122719
1043,0.0007499998821374696,0.00015333322504934994,0.0007499998637901652,0.00015333323388785908,0.0007499998258475947,0.000153333183925539,_406-1855460_n,PQ,1.0,1.0,1.0,119.99994404998696,1000000.0,0.95,1.05,0,0,abc,False,True,False,47.655163733247,-117.403315800445
1044,0.0,0.0,0.0,0.0,0.0,0.0,_500-3255554_n,PQ,1.0,1.0,1.0,119.99994404998696,1000000.0,0.95,1.05,0,0,abc,False,False,False,47.6555303352522,-117.403513083941
1045,0.0,0.0,0.0,0.0,0.0,0.0,_500-3255553_n,PQ,1.0,1.0,1.0,119.99994404998696,1000000.0,0.95,1.05,0,0,abc,False,False,False,47.6555355246704,-117.403513174657
1046,0.0,0.0,0.0,0.0,0.0,0.0,_406-2075832_n,PQ,1.0,1.0,1.0,119.99994404998696,1000000.0,0.95,1.05,0,0,abc,False,True,False,47.6555599610907,-117.404002532812
1047,3.3333327649744177e-05,-3.5898032617887044e-12,3.333332685416845e-05,-3.08018509720398e-12,3.333332489514995e-05,-4.878727887458467e-12,_406-2095731_n,PQ,1.0,1.0,1.0,119.99994404998696,1000000.0,0.95,1.05,0,0,abc,False,True,False,47.655544136997,-117.403513797633
1048,0.0008866665285764357,0.00017999987261322302,0.0008866665065126011,0.00017999988283843077,0.000886666462032806,0.00017999982398737174,_406-1855459_n,PQ,1.0,1.0,1.0,119.99994404998696,1000000.0,0.95,1.05,0,0,abc,False,True,False,47.6550438008565,-117.403276948101
1049,0.0,0.0,0.0,0.0,0.0,0.0,_403-40075_sn,PQ,1.0,1.0,1.0,7621.02355330306,1000000.0,0.95,1.05,0,0,abc,False,False,False,47.6550859181165,-117.403362534601
1050,0.0,0.0,0.0,0.0,0.0,0.0,_403-40075_ln,PQ,1.0,1.0,1.0,7621.02355330306,1000000.0,0.95,1.05,0,0,a,False,False,False,47.6550859181165,-117.403362534601
1051,0.0,0.0,0.0,0.0,0.0,0.0,_409-425303_n,PQ,1.0,1.0,1.0,7621.02355330306,1000000.0,0.95,1.05,0,0,a,False,False,False,47.6551062039247,-117.403933913652
1052,0.0,0.0,0.0,0.0,0.0,0.0,_500-805235_n,PQ,1.0,1.0,1.0,7621.02355330306,1000000.0,0.95,1.05,0,0,a,False,False,False,47.6551081752302,-117.403989155769
1053,0.0,0.0,0.0,0.0,0.0,0.0,_409-425303_n_sec,PQ,1.0,1.0,1.0,119.99994404998696,1000000.0,0.95,1.05,0,0,ab,False,False,False,47.6551062039247,-117.403933913652
1054,0.0003649999254252784,7.499992708993999e-05,0.0003649999254252681,7.499992708993262e-05,0.0,0.0,_406-92334_n,PQ,1.0,1.0,1.0,119.99994404998696,1000000.0,0.95,1.05,0,0,ab,False,True,False,47.6553954533988,-117.4046629991
1055,0.00033999994249210905,6.999993361680876e-05,0.0003399999424921075,6.999993361680636e-05,0.0,0.0,_406-92409_n,PQ,1.0,1.0,1.0,119.99994404998696,1000000.0,0.95,1.05,0,0,ab,False,True,False,47.6548342788204,-117.404142170823
1056,0.002279997226199714,0.00045999923517033015,0.002279997226197434,0.0004599992351691014,0.0,0.0,_406-92333_n,PQ,1.0,1.0,1.0,119.99994404998696,1000000.0,0.95,1.05,0,0,ab,False,True,False,47.6552147828209,-117.404359019981
1057,0.0006449999019007329,0.0001299998760640926,0.0006449999019007326,0.00012999987606408927,0.0,0.0,_406-793986_n,PQ,1.0,1.0,1.0,119.99994404998696,1000000.0,0.95,1.05,0,0,ab,False,True,False,47.6551439021173,-117.403903948745
1058,0.0,0.0,0.0,0.0,0.0,0.0,_409-1392532_n_sec,PQ,1.0,1.0,1.0,119.99994404998696,1000000.0,0.95,1.05,0,0,abc,False,False,False,47.6551136308961,-117.402876086588
1059,0.009553327519704497,0.0019399974479380878,0.009553328582726433,0.0019399979397005114,0.009553327729336215,0.0019399973723202124,_406-92399_n,PQ,1.0,1.0,1.0,119.99994404998696,1000000.0,0.95,1.05,0,0,abc,False,True,False,47.6551623740321,-117.402899107771
1060,0.0,0.0,0.0,0.0,0.0,0.0,_409-23045_n,PQ,1.0,1.0,1.0,7621.02355330306,1000000.0,0.95,1.05,0,0,abc,False,False,False,47.6553833537704,-117.401989433195
1061,0.0,0.0,0.0,0.0,0.0,0.0,_500-15127_n,PQ,1.0,1.0,1.0,7621.02355330306,1000000.0,0.95,1.05,0,0,abc,False,False,False,47.6554052840319,-117.401989945158
1062,0.0,0.0,0.0,0.0,0.0,0.0,_409-23045_n_sec,PQ,1.0,1.0,1.0,119.99994404998696,1000000.0,0.95,1.05,0,0,abc,False,False,False,47.6553833537704,-117.401989433195
1063,0.0,0.0,0.0,0.0,0.0,0.0,_500-3269002_n,PQ,1.0,1.0,1.0,119.99994404998696,1000000.0,0.95,1.05,0,0,abc,False,False,False,47.6555023816759,-117.402207752822
1064,0.0017233274519870912,0.0003499984272434727,0.0017233290472335931,0.0003499987091114861,0.0017233289989535083,0.0003499989065233084,_406-92410_n,PQ,1.0,1.0,1.0,119.99994404998696,1000000.0,0.95,1.05,0,0,abc,False,True,False,47.655774434814,-117.401521560241
1065,0.0,0.0,0.0,0.0,0.0,0.0,_409-23012_n,PQ,1.0,1.0,1.0,7621.02355330306,1000000.0,0.95,1.05,0,0,abc,False,False,False,47.6545008139964,-117.401986968128
1066,0.0,0.0,0.0,0.0,0.0,0.0,_409-23012_n_sec,PQ,1.0,1.0,1.0,119.99994404998696,1000000.0,0.95,1.05,0,0,bc,False,False,False,47.6541460720873,-117.401981286238
1067,0.0,0.0,0.0007099997069728638,0.00014499988540033946,0.0007099997828153278,0.00014499979916338422,_406-92411_n,PQ,1.0,1.0,1.0,119.99994404998696,1000000.0,0.95,1.05,0,0,bc,False,True,False,47.6537868804928,-117.402348032247
1068,0.0,0.0,0.0017999985097513994,0.0003649995579101886,0.0017999993588523084,0.00036499928606040797,_406-92412_n,PQ,1.0,1.0,1.0,119.99994404998696,1000000.0,0.95,1.05,0,0,bc,False,True,False,47.6543388433779,-117.401772846683
1069,0.0,0.0,0.0,0.0,0.0,0.0,_389-159681-13_n,PQ,1.0,1.0,1.0,7621.02355330306,1000000.0,0.95,1.05,0,0,abc,False,False,False,47.6541281138626,-117.4019776265
1070,0.0,0.0,0.0,0.0,0.0,0.0,_402-39768_ln,PQ,1.0,1.0,1.0,7621.02355330306,1000000.0,0.95,1.05,0,0,abc,False,False,False,47.6541281138626,-117.4019776265
1071,0.0,0.0,0.0,0.0,0.0,0.0,_409-23043_n_sec,PQ,1.0,1.0,1.0,119.99994404998696,1000000.0,0.95,1.05,0,0,abc,False,False,False,47.6551302760876,-117.401516370382
1072,0.00015333331063052677,2.9999979089984267e-05,0.0001533333059437417,2.999998029863193e-05,0.00015333329863982803,2.999997018805825e-05,_406-92396_n,PQ,1.0,1.0,1.0,119.99994404998696,1000000.0,0.95,1.05,0,0,abc,False,True,False,47.6554002786867,-117.401745973122
1073,3.3333328031243694e-06,-3.41750844528102e-13,3.3333327017866012e-06,-3.0130302586250933e-13,3.3333325177172608e-06,-4.813587199947733e-13,_406-2950467_n,PQ,1.0,1.0,1.0,119.99994404998696,1000000.0,0.95,1.05,0,0,abc,False,True,False,47.6552608108041,-117.401446378399
1074,0.0,0.0,0.0,0.0,0.0,0.0,_409-23013_n_sec,PQ,1.0,1.0,1.0,119.99994404998696,1000000.0,0.95,1.05,0,0,bc,False,False,False,47.6551412298836,-117.400421424632
1075,0.0,0.0,0.0004549998993804203,8.99999328519414e-05,0.00045499988677536466,8.999989938543503e-05,_406-92390_n,PQ,1.0,1.0,1.0,119.99994404998696,1000000.0,0.95,1.05,0,0,bc,False,True,False,47.655410452931,-117.400083835931
1076,0.0,0.0,0.00021999996000545305,4.4999967487726314e-05,0.0002199999508462124,4.4999954863259514e-05,_406-92391_n,PQ,1.0,1.0,1.0,119.99994404998696,1000000.0,0.95,1.05,0,0,bc,False,True,False,47.6554115700166,-117.400330810691
1077,0.0,0.0,0.0033499831540667524,0.0006799958929347403,0.0033499981773410853,0.0006799952381753769,_406-92392_n,PQ,1.0,1.0,1.0,119.99994404998696,1000000.0,0.95,1.05,0,0,bc,False,True,False,47.6549161298318,-117.400422920044
1078,0.0,0.0,0.0,0.0,0.0,0.0,_409-22705_n_sec,PQ,1.0,1.0,1.0,119.99994404998696,1000000.0,0.95,1.05,0,0,bc,False,False,False,47.6551769743346,-117.399383997527
1079,0.0,0.0,0.0,0.0,0.0,0.0,_500-328384_n,PQ,1.0,1.0,1.0,119.99994404998696,1000000.0,0.95,1.05,0,0,bc,False,False,False,47.6548617214189,-117.399588479703
1080,0.0,0.0,0.00031999994318522367,6.499996057693756e-05,0.0003199999289735047,6.499993553772644e-05,_406-92386_n,PQ,1.0,1.0,1.0,119.99994404998696,1000000.0,0.95,1.05,0,0,bc,False,True,False,47.6554085364084,-117.399470084691
1081,0.0,0.0,0.00036999993213507375,7.499995449484139e-05,0.0003699999161590994,7.499992440482228e-05,_406-92387_n,PQ,1.0,1.0,1.0,119.99994404998696,1000000.0,0.95,1.05,0,0,bc,False,True,False,47.6554280595378,-117.399278043843
1082,0.0,0.0,0.0003649999307682921,7.499995492247072e-05,0.0003649999157556937,7.499992404422778e-05,_406-92389_n,PQ,1.0,1.0,1.0,119.99994404998696,1000000.0,0.95,1.05,0,0,bc,False,True,False,47.6554072737647,-117.399707844974
1083,0.0,0.0,0.0,0.0,0.0,0.0,_409-23080_n,PQ,1.0,1.0,1.0,7621.02355330306,1000000.0,0.95,1.05,0,0,abc,False,False,False,47.6551890606839,-117.398947740051
1084,0.0,0.0,0.0,0.0,0.0,0.0,_409-23080_n_sec,PQ,1.0,1.0,1.0,119.99994404998696,1000000.0,0.95,1.05,0,0,abc,False,False,False,47.655156744404,-117.398757208182
1085,0.0018699994414750599,0.0003799996680949578,0.0018699994667765961,0.0003799997191293303,0.0018699993251879389,0.0003799995801461583,_406-92385_n,PQ,1.0,1.0,1.0,119.99994404998696,1000000.0,0.95,1.05,0,0,abc,False,True,False,47.6549638769994,-117.398785217022
1086,0.0,0.0,0.0,0.0,0.0,0.0,_500-2944324_n,PQ,1.0,1.0,1.0,119.99994404998696,1000000.0,0.95,1.05,0,0,abc,False,False,False,47.6551708072162,-117.398937690311
1087,0.0,0.0,0.0,0.0,0.0,0.0,_500-2944325_n,PQ,1.0,1.0,1.0,119.99994404998696,1000000.0,0.95,1.05,0,0,abc,False,False,False,47.6554646539805,-117.398932923339
1088,0.0,0.0,0.0,0.0,0.0,0.0,_500-940329_n,PQ,1.0,1.0,1.0,119.99994404998696,1000000.0,0.95,1.05,0,0,abc,False,False,False,47.654757304621,-117.398928678049
1089,0.0,0.0,0.0,0.0,0.0,0.0,_406-898949_n,PQ,1.0,1.0,1.0,119.99994404998696,1000000.0,0.95,1.05,0,0,abc,False,False,False,47.6547320759474,-117.398863027606
1090,0.0,0.0,0.0,0.0,0.0,0.0,_409-23096_n,PQ,1.0,1.0,1.0,7621.02355330306,1000000.0,0.95,1.05,0,0,abc,False,False,False,47.6551566442354,-117.398638982609
1091,0.0,0.0,0.0,0.0,0.0,0.0,_500-15125_n,PQ,1.0,1.0,1.0,7621.02355330306,1000000.0,0.95,1.05,0,0,abc,False,False,False,47.6551507157331,-117.398005561025
1092,0.0,0.0,0.0,0.0,0.0,0.0,_409-23096_n_sec,PQ,1.0,1.0,1.0,119.99994404998696,1000000.0,0.95,1.05,0,0,abc,False,False,False,47.6551566442354,-117.398638982609
1093,0.00022333330235164628,4.6666636452682e-05,0.0002233332954720967,4.666663856234362e-05,0.00022333328384061427,4.6666622698170476e-05,_406-92383_n,PQ,1.0,1.0,1.0,119.99994404998696,1000000.0,0.95,1.05,0,0,abc,False,True,False,47.6555086389164,-117.398853106634
1094,0.0,0.0,0.0,0.0,0.0,0.0,_500-4154619_n,PQ,1.0,1.0,1.0,119.99994404998696,1000000.0,0.95,1.05,0,0,abc,False,False,False,47.6551590544221,-117.397986027495
1095,0.00021999996143086457,4.333330105787359e-05,0.0002199999566119975,4.333330462507675e-05,0.00021999994300206385,4.333328828783007e-05,_406-92384_n,PQ,1.0,1.0,1.0,119.99994404998696,1000000.0,0.95,1.05,0,0,abc,False,True,False,47.6553507638472,-117.398183842811
1096,0.0,0.0,0.0,0.0,0.0,0.0,_500-4154620_n,PQ,1.0,1.0,1.0,119.99994404998696,1000000.0,0.95,1.05,0,0,abc,False,False,False,47.6551574633262,-117.397806849388
1097,0.0,0.0,0.0,0.0,0.0,0.0,_500-4154621_n,PQ,1.0,1.0,1.0,119.99994404998696,1000000.0,0.95,1.05,0,0,abc,False,False,False,47.6553947892055,-117.397573931329
1098,3.33333268465544e-05,-3.667632559739564e-12,3.33333262213272e-05,-2.996654915321528e-12,3.333332378993792e-05,-5.0070347530351e-12,_406-2101998_n,PQ,1.0,1.0,1.0,119.99994404998696,1000000.0,0.95,1.05,0,0,abc,False,True,False,47.6553946325909,-117.397554195904
1099,0.0,0.0,0.0,0.0,0.0,0.0,_500-4154622_n,PQ,1.0,1.0,1.0,119.99994404998696,1000000.0,0.95,1.05,0,0,abc,False,False,False,47.6557466794137,-117.397182154085
1100,3.3333326473533084e-05,-3.7759818267701924e-12,3.333332594234726e-05,-3.042821797194506e-12,3.333332340582372e-05,-5.0897348504719275e-12,_406-2102000_n,PQ,1.0,1.0,1.0,119.99994404998696,1000000.0,0.95,1.05,0,0,abc,False,True,False,47.6557518105384,-117.397176429513
1101,3.333332659714307e-05,-3.740110658206897e-12,3.333332603480121e-05,-3.0274691571463564e-12,3.3333323532903614e-05,-5.062362479435478e-12,_406-2101999_n,PQ,1.0,1.0,1.0,119.99994404998696,1000000.0,0.95,1.05,0,0,abc,False,True,False,47.6557432665567,-117.397160397104
1102,3.333332703131769e-05,-3.6140400675732654e-12,3.33333263595015e-05,-2.973849921872329e-12,3.3333323980239217e-05,-4.966161135655511e-12,_406-2094678_n,PQ,1.0,1.0,1.0,119.99994404998696,1000000.0,0.95,1.05,0,0,abc,False,True,False,47.6549561215658,-117.397811003207
